INFO-FLOW: Workspace /home/pulp1/HLS_corrected/Compute_block2in/solution1 opened at Mon Sep 14 02:48:35 EEST 2026
Execute       send_msg_by_id INFO @200-1505@%s%s  vivado 
INFO: [HLS 200-1505] Using flow_target 'vivado'
Execute       send_msg_by_id INFO @200-435@%s%s 'open_solution -flow_target vivado' config_interface -m_axi_latency=0 
INFO: [HLS 200-435] Setting 'open_solution -flow_target vivado' configuration: config_interface -m_axi_latency=0
Execute       config_interface -m_axi_latency=0 
Execute     set_part xczu7ev-ffvc1156-2-e 
INFO: [HLS 200-1510] Running: set_part xczu7ev-ffvc1156-2-e 
Execute       create_platform xczu7ev-ffvc1156-2-e -board  
DBG:HLSDevice: Trying to load device library: /tools/Xilinx/Vitis_HLS/2022.2/lib/lnx64.o/libxv_hlsvwrap.so
DBG:HLSDevice: first parts/arch.xml in RDI_DATADIR: /tools/Xilinx/Vivado/2022.2/data/parts/arch.xml
DBG:HLSDevice: init success
INFO: [HLS 200-1611] Setting target device to 'xczu7ev-ffvc1156-2-e'
Command       create_platform done; 1.82 sec.
Execute       source /tools/Xilinx/Vitis_HLS/2022.2/common/technology/xilinx/common/xilinx.gen 
Execute         source /tools/Xilinx/Vitis_HLS/2022.2/common/technology/xilinx/interface/plb46.gen 
Execute         source /tools/Xilinx/Vitis_HLS/2022.2/common/technology/xilinx/interface/axi4.gen 
Execute         source /tools/Xilinx/Vitis_HLS/2022.2/common/technology/xilinx/interface/nativeAXI4.gen 
Execute           source /tools/Xilinx/Vitis_HLS/2022.2/common/technology/xilinx/interface/saxilite.gen 
Execute         source /tools/Xilinx/Vitis_HLS/2022.2/common/technology/xilinx/scripts/xilinxcoregen.gen 
Execute         source /tools/Xilinx/Vitis_HLS/2022.2/common/technology/xilinx/interface/XilEDKCoreGen.gen 
Execute         source /tools/Xilinx/Vitis_HLS/2022.2/common/technology/xilinx/ip/dds_compiler.gen 
Execute         source /tools/Xilinx/Vitis_HLS/2022.2/common/technology/xilinx/ip/util.gen 
Execute         source /tools/Xilinx/Vitis_HLS/2022.2/common/technology/xilinx/ip/xfft.gen 
Execute         source /tools/Xilinx/Vitis_HLS/2022.2/common/technology/xilinx/ip/xfir.gen 
Execute         source /tools/Xilinx/Vitis_HLS/2022.2/common/technology/xilinx/DSP48/dsp48.gen 
Execute       ap_part_info -name xczu7ev-ffvc1156-2-e -data info 
Execute       config_compile -quiet -complex-mul-dsp=0 
Command     set_part done; 1.94 sec.
Execute     create_clock -period 10 -name default 
INFO: [HLS 200-1510] Running: create_clock -period 10 -name default 
Execute       ap_set_clock -name default -period 10 -default=false 
INFO: [SYN 201-201] Setting up clock 'default' with a period of 10ns.
Execute     csim_design 
INFO: [HLS 200-1510] Running: csim_design 
INFO: [SIM 211-2] *************** CSIM start ***************
INFO: [SIM 211-4] CSIM will launch GCC as the compiler.
Execute       ap_part_info -name xczu7ev-ffvc1156-2-e -data info 
Execute       source run_sim.tcl 
INFO: [SIM 211-1] CSim done with 0 errors.
INFO: [SIM 211-3] *************** CSIM finish ***************
Command     csim_design done; 3.59 sec.
INFO: [HLS 200-111] Finished Command csim_design CPU user time: 2.99 seconds. CPU system time: 0.6 seconds. Elapsed time: 3.59 seconds; current allocated memory: 0.000 MB.
Execute     csynth_design 
INFO: [HLS 200-1510] Running: csynth_design 
Execute       elaborate -effort=medium -skip_syncheck=0 -keep_printf=0 -skip_cdt=0 -skip_transform=0 -ng=0 -g=0 -opt_fp=0 -from_csynth_design=1 
INFO: [HLS 200-111] Finished File checks and directory preparation: CPU user time: 0.01 seconds. CPU system time: 0 seconds. Elapsed time: 0.01 seconds; current allocated memory: 742.438 MB.
INFO: [HLS 200-10] Analyzing design file 'Compute_block2in/Compute2in.cpp' ... 
INFO-FLOW: Compiling one TU...
INFO-FLOW: Handling Compute_block2in/Compute2in.cpp as C++
Execute         ap_part_info -name xczu7ev-ffvc1156-2-e -data info 
INFO-FLOW: Running: GCC PP 39
INFO-FLOW: Source preprocessing
Execute         ap_eval exec -ignorestderr /tools/Xilinx/Vitis_HLS/2022.2/lnx64/tools/clang-3.9-csynth/bin/clang Compute_block2in/Compute2in.cpp -foptimization-record-file=/home/pulp1/HLS_corrected/Compute_block2in/solution1/.autopilot/db/Compute2in.cpp.clang.diag.yml -mllvm -pass-remarks-missed=reflow|pasta|unroll -mllvm -pass-remarks=reflow|pasta|unroll|inline -fno-limit-debug-info -gcc-toolchain /tools/Xilinx/Vitis_HLS/2022.2/tps/lnx64/gcc-8.3.0 -fhls -fno-exceptions -E -fno-math-errno -c -emit-llvm -mllvm -disable-llvm-optzns -Werror=implicit-function-declaration -Werror=implicit-hls-streams -Werror=return-type -Wpragmas -Wunused-parameter -Wdump-hls-pragmas -Wno-error=dump-hls-pragmas -fno-threadsafe-statics -fno-use-cxa-atexit -std=gnu++14 -target fpga64-xilinx-linux-gnu -fno-threadsafe-statics -fno-use-cxa-atexit -D__VITIS_HLS__ -DAESL_SYN -D__SYNTHESIS__ -D__HLS_SYN__ -I /tools/Xilinx/Vitis_HLS/2022.2/common/technology/autopilot -I /tools/Xilinx/Vitis_HLS/2022.2/common/technology/autopilot/ap_sysc -include etc/autopilot_ssdm_op.h -D__DSP48E2__ -I /usr/include/x86_64-linux-gnu -o /home/pulp1/HLS_corrected/Compute_block2in/solution1/.autopilot/db/Compute2in.pp.0.cpp -hls-platform-db-name=/tools/Xilinx/Vitis_HLS/2022.2/common/technology/xilinx/common/platform.db -hls-platform-name=zynquplus_medium -device-resource-info=BRAM_624.000000_DSP_1728.000000_FF_460800.000000_LUT_230400.000000_SLICE_28800.000000_URAM_96.000000 -device-name-info=xczu7ev-ffvc1156-2-e > /home/pulp1/HLS_corrected/Compute_block2in/solution1/.autopilot/db/Compute2in.cpp.clang.out.log 2> /home/pulp1/HLS_corrected/Compute_block2in/solution1/.autopilot/db/Compute2in.cpp.clang.err.log 
Command         ap_eval done; 0.22 sec.
INFO-FLOW: Done: GCC PP 39 time: 0.2 seconds per iteration
Execute         set_directive_top compute2in -name=compute2in 
Execute         source /tools/Xilinx/Vitis_HLS/2022.2/tps/tcl/tcllib1.11.1/yaml/huddle.tcl 
Execute         source /tools/Xilinx/Vitis_HLS/2022.2/tps/tcl/tcllib1.11.1/yaml/json2huddle.tcl 
INFO-FLOW: Source syntax check for synthesis
Execute         ap_eval exec -ignorestderr /tools/Xilinx/Vitis_HLS/2022.2/lnx64/tools/clang-3.9-csynth/bin/clang -foptimization-record-file=/home/pulp1/HLS_corrected/Compute_block2in/solution1/.autopilot/db/clang.diag.yml -mllvm -pass-remarks-missed=reflow|pasta|unroll -mllvm -pass-remarks=reflow|pasta|unroll|inline -fsyntax-only -fhls -target fpga64-xilinx-linux-gnu /home/pulp1/HLS_corrected/Compute_block2in/solution1/.autopilot/db/Compute2in.pp.0.cpp -hls-platform-db-name=/tools/Xilinx/Vitis_HLS/2022.2/common/technology/xilinx/common/platform.db -hls-platform-name=zynquplus_medium -device-resource-info=BRAM_624.000000_DSP_1728.000000_FF_460800.000000_LUT_230400.000000_SLICE_28800.000000_URAM_96.000000 -device-name-info=xczu7ev-ffvc1156-2-e > /home/pulp1/HLS_corrected/Compute_block2in/solution1/.autopilot/db/clang.out.log 2> /home/pulp1/HLS_corrected/Compute_block2in/solution1/.autopilot/db/clang.err.log 
Command         ap_eval done; 0.7 sec.
Execute         clang_tidy xilinx-systemc-detector -desc systemc-detector /home/pulp1/HLS_corrected/Compute_block2in/solution1/.autopilot/db/Compute2in.pp.0.cpp std=gnu++14 -target fpga  -directive=/home/pulp1/HLS_corrected/Compute_block2in/solution1/.autopilot/db/.systemc_flag 
INFO-FLOW: exec /tools/Xilinx/Vitis_HLS/2022.2/lnx64/tools/clang-3.9-csynth/bin/clang-tidy -header-filter=.* --checks=-*,xilinx-systemc-detector -import-directive=/home/pulp1/HLS_corrected/Compute_block2in/solution1/.autopilot/db/.systemc_flag -fix-errors /home/pulp1/HLS_corrected/Compute_block2in/solution1/.autopilot/db/Compute2in.pp.0.cpp -- -std=gnu++14 -target fpga -fhls -ferror-limit=0
Command         clang_tidy done; 0.62 sec.
INFO-FLOW: Running: clang-tidy CDT preprocess 39
Execute         clang_tidy xilinx-directive2pragma -desc directive2pragma /home/pulp1/HLS_corrected/Compute_block2in/solution1/.autopilot/db/Compute2in.pp.0.cpp std=gnu++14 -target fpga  -directive=/home/pulp1/HLS_corrected/Compute_block2in/solution1/.autopilot/db/all.directive.json 
INFO-FLOW: exec /tools/Xilinx/Vitis_HLS/2022.2/lnx64/tools/clang-3.9-csynth/bin/clang-tidy -header-filter=.* --checks=-*,xilinx-directive2pragma -import-directive=/home/pulp1/HLS_corrected/Compute_block2in/solution1/.autopilot/db/all.directive.json -fix-errors /home/pulp1/HLS_corrected/Compute_block2in/solution1/.autopilot/db/Compute2in.pp.0.cpp -- -std=gnu++14 -target fpga -fhls -ferror-limit=0
Command         clang_tidy done; 1.03 sec.
Execute         clang_tidy xilinx-remove-assert -desc remove-assert /home/pulp1/HLS_corrected/Compute_block2in/solution1/.autopilot/db/Compute2in.pp.0.cpp std=gnu++14 -target fpga  
INFO-FLOW: exec /tools/Xilinx/Vitis_HLS/2022.2/lnx64/tools/clang-3.9-csynth/bin/clang-tidy -header-filter=.* --checks=-*,xilinx-remove-assert -fix-errors /home/pulp1/HLS_corrected/Compute_block2in/solution1/.autopilot/db/Compute2in.pp.0.cpp -- -std=gnu++14 -target fpga -fhls -ferror-limit=0
Command         clang_tidy done; 0.58 sec.
INFO-FLOW: Done: clang-tidy CDT preprocess 39 time: 1.6 seconds per iteration
INFO-FLOW: Calling xilinx-label-all-loops ... 
INFO-FLOW: Calling xilinx-aggregate-on-hls-vector ... 
Execute         clang_tidy -errorcheck -desc loop-label xilinx-label-all-loops,xilinx-aggregate-on-hls-vector,,xilinx-warn-mayneed-no-ctor-attribute /home/pulp1/HLS_corrected/Compute_block2in/solution1/.autopilot/db/Compute2in.pp.0.cpp std=gnu++14 -target fpga  
Execute           ap_eval exec -ignorestderr /tools/Xilinx/Vitis_HLS/2022.2/lnx64/tools/clang-3.9-csynth/bin/clang-tidy -export-fixes=/home/pulp1/HLS_corrected/Compute_block2in/solution1/.autopilot/db/Compute2in.pp.0.cpp.clang-tidy.loop-label.diag.yml -header-filter=.* --checks=-*,xilinx-label-all-loops,xilinx-aggregate-on-hls-vector,,xilinx-warn-mayneed-no-ctor-attribute -fix-errors /home/pulp1/HLS_corrected/Compute_block2in/solution1/.autopilot/db/Compute2in.pp.0.cpp -- -std=gnu++14 -target fpga -fhls -ferror-limit=0 > /home/pulp1/HLS_corrected/Compute_block2in/solution1/.autopilot/db/Compute2in.pp.0.cpp.clang-tidy.loop-label.out.log 2> /home/pulp1/HLS_corrected/Compute_block2in/solution1/.autopilot/db/Compute2in.pp.0.cpp.clang-tidy.loop-label.err.log 
Command           ap_eval done; 1.18 sec.
Execute           source /tools/Xilinx/Vitis_HLS/2022.2/tps/tcl/tcllib1.11.1/yaml/yaml.tcl 
Command         clang_tidy done; 1.23 sec.
Execute         ap_eval exec -ignorestderr /tools/Xilinx/Vitis_HLS/2022.2/lnx64/tools/clang-3.9-csynth/bin/xilinx-dataflow-lawyer -export-fixes=/home/pulp1/HLS_corrected/Compute_block2in/solution1/.autopilot/db/Compute2in.pp.0.cpp.xilinx-dataflow-lawyer.diag.yml /home/pulp1/HLS_corrected/Compute_block2in/solution1/.autopilot/db/Compute2in.pp.0.cpp -- -std=gnu++14 -target fpga -fhls -ferror-limit=0 -fstrict-dataflow > /home/pulp1/HLS_corrected/Compute_block2in/solution1/.autopilot/db/Compute2in.pp.0.cpp.xilinx-dataflow-lawyer.out.log 2> /home/pulp1/HLS_corrected/Compute_block2in/solution1/.autopilot/db/Compute2in.pp.0.cpp.xilinx-dataflow-lawyer.err.log 
Command         ap_eval done; 0.59 sec.
Execute         ap_part_info -name xczu7ev-ffvc1156-2-e -data info 
INFO-FLOW: compiling source code to llvm bc
Execute         ap_eval exec -ignorestderr /tools/Xilinx/Vitis_HLS/2022.2/lnx64/tools/clang-3.9-csynth/bin/clang -foptimization-record-file=/home/pulp1/HLS_corrected/Compute_block2in/solution1/.autopilot/db/Compute2in.pp.0.cpp.clang.diag.yml -mllvm -pass-remarks-missed=reflow|pasta|unroll -mllvm -pass-remarks=reflow|pasta|unroll|inline -fno-limit-debug-info -fhls -flto -fno-exceptions -Wno-error=c++11-narrowing /home/pulp1/HLS_corrected/Compute_block2in/solution1/.autopilot/db/Compute2in.pp.0.cpp -fno-math-errno -c -emit-llvm -mllvm -disable-llvm-optzns -Werror=implicit-function-declaration -Werror=implicit-hls-streams -Werror=return-type -Wpragmas -Wunused-parameter -Wdump-hls-pragmas -Wno-error=dump-hls-pragmas -fno-threadsafe-statics -fno-use-cxa-atexit -std=gnu++14 -target fpga64-xilinx-linux-gnu -D__VITIS_HLS__ -DAESL_SYN -D__SYNTHESIS__ -D__HLS_SYN__ -I /tools/Xilinx/Vitis_HLS/2022.2/common/technology/autopilot -I /tools/Xilinx/Vitis_HLS/2022.2/common/technology/autopilot/ap_sysc -include etc/autopilot_ssdm_op.h -D__DSP48E2__ -g -o /home/pulp1/HLS_corrected/Compute_block2in/solution1/.autopilot/db/Compute2in.bc -hls-platform-db-name=/tools/Xilinx/Vitis_HLS/2022.2/common/technology/xilinx/common/platform.db -hls-platform-name=zynquplus_medium -device-resource-info=BRAM_624.000000_DSP_1728.000000_FF_460800.000000_LUT_230400.000000_SLICE_28800.000000_URAM_96.000000 -device-name-info=xczu7ev-ffvc1156-2-e > /home/pulp1/HLS_corrected/Compute_block2in/solution1/.autopilot/db/Compute2in.pp.0.cpp.clang.out.log 2> /home/pulp1/HLS_corrected/Compute_block2in/solution1/.autopilot/db/Compute2in.pp.0.cpp.clang.err.log 
Command         ap_eval done; 0.7 sec.
INFO: [HLS 200-111] Finished Source Code Analysis and Preprocessing: CPU user time: 4.9 seconds. CPU system time: 0.83 seconds. Elapsed time: 5.75 seconds; current allocated memory: 744.445 MB.
INFO-FLOW: Linking Debug ...
INFO-FLOW: Linking dut bc code.
Execute         run_link_or_opt -out /home/pulp1/HLS_corrected/Compute_block2in/solution1/.autopilot/db/a.g.ld.0.bc -args  "/home/pulp1/HLS_corrected/Compute_block2in/solution1/.autopilot/db/Compute2in.g.bc"  
Execute           ap_eval exec -ignorestderr /tools/Xilinx/Vitis_HLS/2022.2/lnx64/tools/clang-3.9-csynth/bin/llvm-link /home/pulp1/HLS_corrected/Compute_block2in/solution1/.autopilot/db/Compute2in.g.bc -o /home/pulp1/HLS_corrected/Compute_block2in/solution1/.autopilot/db/a.g.ld.0.bc > /home/pulp1/HLS_corrected/Compute_block2in/solution1/.autopilot/db/a.g.ld.0.bc.llvm-link.out.log 2> /home/pulp1/HLS_corrected/Compute_block2in/solution1/.autopilot/db/a.g.ld.0.bc.llvm-link.err.log 
INFO-FLOW: 
Execute         run_link_or_opt -opt -out /home/pulp1/HLS_corrected/Compute_block2in/solution1/.autopilot/db/a.g.ld.1.lower.bc -args /home/pulp1/HLS_corrected/Compute_block2in/solution1/.autopilot/db/a.g.ld.0.bc -reflow-lower-math-intrinsics 
Execute           ap_eval exec -ignorestderr /tools/Xilinx/Vitis_HLS/2022.2/lnx64/tools/clang-3.9-csynth/bin/opt -pass-remarks-missed=reflow|pasta|unroll -pass-remarks=reflow|pasta|unroll|inline -pass-remarks-output=/home/pulp1/HLS_corrected/Compute_block2in/solution1/.autopilot/db/a.g.ld.1.lower.bc.opt.diag.yml /home/pulp1/HLS_corrected/Compute_block2in/solution1/.autopilot/db/a.g.ld.0.bc -reflow-lower-math-intrinsics -o /home/pulp1/HLS_corrected/Compute_block2in/solution1/.autopilot/db/a.g.ld.1.lower.bc > /home/pulp1/HLS_corrected/Compute_block2in/solution1/.autopilot/db/a.g.ld.1.lower.bc.opt.out.log 2> /home/pulp1/HLS_corrected/Compute_block2in/solution1/.autopilot/db/a.g.ld.1.lower.bc.opt.err.log 
INFO-FLOW: 
INFO-FLOW: Linking math bc lib
Execute         run_link_or_opt -out /home/pulp1/HLS_corrected/Compute_block2in/solution1/.autopilot/db/a.g.ld.2.m1.bc -args /home/pulp1/HLS_corrected/Compute_block2in/solution1/.autopilot/db/a.g.ld.1.lower.bc -only-needed /tools/Xilinx/Vitis_HLS/2022.2/lnx64/lib/libhlsm_39.bc /tools/Xilinx/Vitis_HLS/2022.2/lnx64/lib/libhlsmc++_39.bc 
Execute           ap_eval exec -ignorestderr /tools/Xilinx/Vitis_HLS/2022.2/lnx64/tools/clang-3.9-csynth/bin/llvm-link /home/pulp1/HLS_corrected/Compute_block2in/solution1/.autopilot/db/a.g.ld.1.lower.bc -only-needed /tools/Xilinx/Vitis_HLS/2022.2/lnx64/lib/libhlsm_39.bc /tools/Xilinx/Vitis_HLS/2022.2/lnx64/lib/libhlsmc++_39.bc -o /home/pulp1/HLS_corrected/Compute_block2in/solution1/.autopilot/db/a.g.ld.2.m1.bc > /home/pulp1/HLS_corrected/Compute_block2in/solution1/.autopilot/db/a.g.ld.2.m1.bc.llvm-link.out.log 2> /home/pulp1/HLS_corrected/Compute_block2in/solution1/.autopilot/db/a.g.ld.2.m1.bc.llvm-link.err.log 
Command           ap_eval done; 2.51 sec.
INFO-FLOW: 
Command         run_link_or_opt done; 2.51 sec.
Execute         run_link_or_opt -opt -out /home/pulp1/HLS_corrected/Compute_block2in/solution1/.autopilot/db/a.g.ld.3.fpc.bc -args /home/pulp1/HLS_corrected/Compute_block2in/solution1/.autopilot/db/a.g.ld.2.m1.bc -reflow-globaldce -hls-top-function-name=compute2in -reflow-float-conversion 
Execute           ap_eval exec -ignorestderr /tools/Xilinx/Vitis_HLS/2022.2/lnx64/tools/clang-3.9-csynth/bin/opt -pass-remarks-missed=reflow|pasta|unroll -pass-remarks=reflow|pasta|unroll|inline -pass-remarks-output=/home/pulp1/HLS_corrected/Compute_block2in/solution1/.autopilot/db/a.g.ld.3.fpc.bc.opt.diag.yml /home/pulp1/HLS_corrected/Compute_block2in/solution1/.autopilot/db/a.g.ld.2.m1.bc -reflow-globaldce -hls-top-function-name=compute2in -reflow-float-conversion -o /home/pulp1/HLS_corrected/Compute_block2in/solution1/.autopilot/db/a.g.ld.3.fpc.bc > /home/pulp1/HLS_corrected/Compute_block2in/solution1/.autopilot/db/a.g.ld.3.fpc.bc.opt.out.log 2> /home/pulp1/HLS_corrected/Compute_block2in/solution1/.autopilot/db/a.g.ld.3.fpc.bc.opt.err.log 
Command           ap_eval done; 0.94 sec.
INFO-FLOW: 
Command         run_link_or_opt done; 0.94 sec.
Execute         run_link_or_opt -out /home/pulp1/HLS_corrected/Compute_block2in/solution1/.autopilot/db/a.g.ld.4.m2.bc -args /home/pulp1/HLS_corrected/Compute_block2in/solution1/.autopilot/db/a.g.ld.3.fpc.bc -only-needed /tools/Xilinx/Vitis_HLS/2022.2/lnx64/lib/libfloatconversion_39.bc 
Execute           ap_eval exec -ignorestderr /tools/Xilinx/Vitis_HLS/2022.2/lnx64/tools/clang-3.9-csynth/bin/llvm-link /home/pulp1/HLS_corrected/Compute_block2in/solution1/.autopilot/db/a.g.ld.3.fpc.bc -only-needed /tools/Xilinx/Vitis_HLS/2022.2/lnx64/lib/libfloatconversion_39.bc -o /home/pulp1/HLS_corrected/Compute_block2in/solution1/.autopilot/db/a.g.ld.4.m2.bc > /home/pulp1/HLS_corrected/Compute_block2in/solution1/.autopilot/db/a.g.ld.4.m2.bc.llvm-link.out.log 2> /home/pulp1/HLS_corrected/Compute_block2in/solution1/.autopilot/db/a.g.ld.4.m2.bc.llvm-link.err.log 
INFO-FLOW: 
Execute         run_link_or_opt -opt -out /home/pulp1/HLS_corrected/Compute_block2in/solution1/.autopilot/db/a.g.ld.5.gdce.bc -args /home/pulp1/HLS_corrected/Compute_block2in/solution1/.autopilot/db/a.g.ld.4.m2.bc -reflow-globaldce -hls-top-function-name=compute2in 
Execute           ap_eval exec -ignorestderr /tools/Xilinx/Vitis_HLS/2022.2/lnx64/tools/clang-3.9-csynth/bin/opt -pass-remarks-missed=reflow|pasta|unroll -pass-remarks=reflow|pasta|unroll|inline -pass-remarks-output=/home/pulp1/HLS_corrected/Compute_block2in/solution1/.autopilot/db/a.g.ld.5.gdce.bc.opt.diag.yml /home/pulp1/HLS_corrected/Compute_block2in/solution1/.autopilot/db/a.g.ld.4.m2.bc -reflow-globaldce -hls-top-function-name=compute2in -o /home/pulp1/HLS_corrected/Compute_block2in/solution1/.autopilot/db/a.g.ld.5.gdce.bc > /home/pulp1/HLS_corrected/Compute_block2in/solution1/.autopilot/db/a.g.ld.5.gdce.bc.opt.out.log 2> /home/pulp1/HLS_corrected/Compute_block2in/solution1/.autopilot/db/a.g.ld.5.gdce.bc.opt.err.log 
INFO-FLOW: 
Execute         send_msg_by_id INFO @200-777@%s Vivado 
INFO: [HLS 200-777] Using interface defaults for 'Vivado' flow target.
Execute         is_m_axi_addr64 
INFO-FLOW: Doing LTO.
Execute         ap_eval exec -ignorestderr /tools/Xilinx/Vitis_HLS/2022.2/lnx64/tools/clang-3.9-csynth/bin/clang -foptimization-record-file=/home/pulp1/HLS_corrected/Compute_block2in/solution1/.autopilot/db/a.g.ld.0.bc.clang.diag.yml -mllvm -pass-remarks-missed=reflow|pasta|unroll -mllvm -pass-remarks=reflow|pasta|unroll|inline -fhls -mllvm -hls-top-function-name=compute2in -mllvm -hls-db-dir -mllvm /home/pulp1/HLS_corrected/Compute_block2in/solution1/.autopilot/db -emit-llvm -c -target fpga64-xilinx-none -mllvm -xcl-xmlinfo=/home/pulp1/HLS_corrected/Compute_block2in/solution1/.autopilot/db/kernel.internal.xml -mllvm -top-io-mapping-info=/home/pulp1/HLS_corrected/Compute_block2in/solution1/.autopilot/db/top-io-fe.xml -mllvm -hls-bitcode-version=3.1 -mllvm -reflow-enable-slave-interface-default-setting=true -mllvm -gen-kernel-xml=false -mllvm -default-maxi-offset=slave -mllvm -maxi-latency=0 -mllvm -hls-maxi-data-size-in-bits=8 -mllvm -hls-maxi-max-data-size-in-bits=1024 -mllvm -hls-max-widen-size-in-bits=0 -mllvm -xcl-kernel-max-mem-ports=0 -mllvm -maxi-read-trans=16 -mllvm -maxi-write-trans=16 -mllvm -maxi-read-burst-len=16 -mllvm -maxi-write-burst-len=16 -mllvm -reflow-enable-saxi-64bits=0 -mllvm -reflow-basic-block-instr-threshold=200000 -mllvm -reflow-auto-pipeline-threshold=64 -mllvm -reflow-enable-maxi-auto-id-channel=0 -mllvm -assume-maxi-align=1 -mllvm -reflow-pipeline-style-llvm-setting=2 -mllvm -reflow-enable-dataflow-strict-mode-checking=1 -mllvm -reflow-auto-array-partition-mode=default -mllvm -reflow-enable-auto-array-partition=true -mllvm -reflow-enable-auto-parallel-performance-driven=true -mllvm -reflow-enable-partition-for-automation=true -mllvm -reflow-aggregate-bitwidth-threshold=4096 -mllvm -reflow-assume-no-address-wrap=true -mllvm -hls -mllvm -disable-inlined-alloca-merging=true -mllvm -default-clock-period=10 -x ir /home/pulp1/HLS_corrected/Compute_block2in/solution1/.autopilot/db/a.g.ld.5.gdce.bc -o /home/pulp1/HLS_corrected/Compute_block2in/solution1/.autopilot/db/a.g.lto.bc -hls-platform-db-name=/tools/Xilinx/Vitis_HLS/2022.2/common/technology/xilinx/common/platform.db -hls-platform-name=zynquplus_medium -device-resource-info=BRAM_624.000000_DSP_1728.000000_FF_460800.000000_LUT_230400.000000_SLICE_28800.000000_URAM_96.000000 -device-name-info=xczu7ev-ffvc1156-2-e > /home/pulp1/HLS_corrected/Compute_block2in/solution1/.autopilot/db/a.g.ld.0.bc.clang.out.log 2> /home/pulp1/HLS_corrected/Compute_block2in/solution1/.autopilot/db/a.g.ld.0.bc.clang.err.log 
Command         ap_eval done; 0.39 sec.
INFO: [HLS 214-291] Loop 'VITIS_LOOP_66_2' is marked as complete unroll implied by the pipeline pragma (Compute_block2in/Compute2in.cpp:66:30)
INFO: [HLS 214-291] Loop 'VITIS_LOOP_87_3' is marked as complete unroll implied by the pipeline pragma (Compute_block2in/Compute2in.cpp:87:30)
INFO: [HLS 214-291] Loop 'VITIS_LOOP_91_4' is marked as complete unroll implied by the pipeline pragma (Compute_block2in/Compute2in.cpp:91:34)
INFO: [HLS 214-186] Unrolling loop 'VITIS_LOOP_66_2' (Compute_block2in/Compute2in.cpp:66:30) in function 'compute2in' completely with a factor of 2 (Compute_block2in/Compute2in.cpp:38:0)
INFO: [HLS 214-186] Unrolling loop 'VITIS_LOOP_91_4' (Compute_block2in/Compute2in.cpp:91:34) in function 'compute2in' completely with a factor of 4 (Compute_block2in/Compute2in.cpp:38:0)
INFO: [HLS 214-248] Applying array_partition to '_ZZ10compute2inP6ap_intILi32EES1_S1_bE4REG1': Complete partitioning on dimension 1. (Compute_block2in/Compute2in.cpp:52:0)
INFO: [HLS 214-248] Applying array_partition to 'REG': Complete partitioning on dimension 1. Complete partitioning on dimension 2. (Compute_block2in/Compute2in.cpp:50:13)
INFO-FLOW: DBG:PUTS: copy_raw_kernel_xml ap_link_39: kernel.xml not generated: /home/pulp1/HLS_corrected/Compute_block2in/solution1/.autopilot/db/kernel.internal.xml
INFO: [HLS 200-111] Finished Compiling Optimization and Transform: CPU user time: 3.62 seconds. CPU system time: 0.53 seconds. Elapsed time: 4.17 seconds; current allocated memory: 745.062 MB.
INFO: [HLS 200-111] Finished Checking Pragmas: CPU user time: 0 seconds. CPU system time: 0.01 seconds. Elapsed time: 0 seconds; current allocated memory: 745.062 MB.
Execute         opt_and_import_c a -opt_level=2 -skip_syncheck=0 -ng=0 -keep_printf=0 
Execute           cleanup_all_models 
INFO: [HLS 200-10] Starting code transformations ...
INFO-FLOW: Running Standard Transforms...
Execute           transform -hls -share-std-xform -demangle-name -inline-byval-memcpy -always-inline -promote-dbg-pointer -interface-preproc -mem2reg -scalarrepl -mem2reg -keep-read-access -instcombine -dce -promote-dbg-pointer -bitop-raise -loop-simplify -indvarspre -indvars -loop-simplify -xunroll -constprop -instcombine -simplifycfg -indvars -simplifycfg -dce -globaldce -basicaa -simplifycfg -mem2reg -globalopt -global-constprop -deadargelim -instcombine -simplifycfg -scalarrepl -instcombine -reassociate -licm -simplifycfg -loop-simplify -indvars -instcombine -simplifycfg -mem2reg -loop-simplify -indvars -instcombine -gvn -gvn -instcombine -adce -break-crit-edges -simplifycfg -loop-delete -global-array-opt -dce -dse -adce -find-syn-modules -top compute2in -deadargelim -mem2reg -instcombine -dce -presyn-prepare -auto-rom-infer -interface-preproc -syn-check -check-rec-only -find-region -simplifycfg -func-extr -function-inline -globaldce -mem2reg -instcombine -dce -gvn -globaldce -adce -adse -constprop -instcombine -bit-constprop -instcombine -dce -simplifycfg -bitop-raise -simplifycfg -dce -loop-delete -reassociate -globalopt -global-privatize -mem2reg -dce -global-constprop -pointer-simplify -constprop -dce -auto-shift-reg-idiom -promote-dbg-pointer -norm-name /home/pulp1/HLS_corrected/Compute_block2in/solution1/.autopilot/db/a.g.0.bc -o /home/pulp1/HLS_corrected/Compute_block2in/solution1/.autopilot/db/a.g.1.bc -f -phase std-opt 
INFO: [HLS 200-111] Finished Standard Transforms: CPU user time: 0.04 seconds. CPU system time: 0 seconds. Elapsed time: 0.06 seconds; current allocated memory: 750.836 MB.
INFO: [HLS 200-10] Checking synthesizability ...
INFO-FLOW: Checking Synthesizability 1/2..
Execute           transform -hls -syn-check -check-rec-only -scalarrepl -norm-name -dce -mem2reg -instcombine -directive-preproc -mem2reg -dse -dce -auto-rom-infer -dce -pag -array-normalize -instcombine -dce -array-seg-normalize -instcombine -dce -data-pack -instcombine -dce -inst-simplify -array-flatten -instcombine -dce -array-burst -dce -deadargelim -promote-global-argument -simplifycfg -mem2reg -globaldce -dce -deadargelim -dce -instcombine -function-inline -globaldce -dce -doublePtrSimplify -doublePtrElim -dce -doublePtrSimplify -promote-dbg-pointer -dce -scalarrepl -dse -adse -instcombine -ptrLegalization -simplifycfg -dce -instcombine -pointer-simplify -ptrArgReplace -dce -instcombine -resolve-double-ptr -scalarrepl -norm-name -dce -mem2reg -instcombine -ptrLegalization -simplifycfg -deadargelim -instcombine -dce -inst-simplify -directive-preproc -mem2reg -dse -dce -globaldce /home/pulp1/HLS_corrected/Compute_block2in/solution1/.autopilot/db/a.g.1.bc -o /home/pulp1/HLS_corrected/Compute_block2in/solution1/.autopilot/db/a.g.2.prechk.bc -f 
INFO-FLOW: Checking Synthesizability 2/2..
Execute           transform -syn-check /home/pulp1/HLS_corrected/Compute_block2in/solution1/.autopilot/db/a.g.2.prechk.bc -o /home/pulp1/HLS_corrected/Compute_block2in/solution1/.autopilot/db/a.g.2.bc -f -phase syn-check 
WARNING: [SYNCHK 200-24] /tools/Xilinx/Vitis_HLS/2022.2/common/technology/autopilot/ap_int_ref.h:628: Index for bit vector operation is out of bound.
INFO: [SYNCHK 200-10] 0 error(s), 1 warning(s).
INFO: [HLS 200-111] Finished Checking Synthesizability: CPU user time: 0.06 seconds. CPU system time: 0.01 seconds. Elapsed time: 0.07 seconds; current allocated memory: 756.758 MB.
INFO-FLOW: Compiler optimizing ...
INFO-FLOW: Share syncheck's 1.bc for syn flow: copy /home/pulp1/HLS_corrected/Compute_block2in/solution1/.autopilot/db/a.g.1.bc to /home/pulp1/HLS_corrected/Compute_block2in/solution1/.autopilot/db/a.o.1.bc
INFO-FLOW: Presyn 1...
Execute           transform -hls -tmp /home/pulp1/HLS_corrected/Compute_block2in/solution1/.autopilot/db -interface-port-rename -directive-preproc -mem2reg -dse -dce -scalarrepl -norm-name -deadargelim -mem2reg -instcombine -dce -simplifycfg -auto-rom-infer -dce -resource-proc -clib-intrinsic-prepare -dce -func-buffer -dce -pag -array-normalize -func-legal -instcombine -gvn -constprop -dce -simplifycfg -mem2reg -globaldce -resolve-double-ptr -dce -deadargelim -dce -instcombine -ptrArgReplace -mem2reg -dce -array-seg-normalize -deadargelim -instcombine -dce -directive-preproc -mem2reg -dse -dce -pointer-simplify -dce -port-alignment -dce -interface-preproc -data-pack -instcombine -dce -basicaa -aggr-aa -aggrmodref-aa -aggr-aa -gvn -gvn -basicaa -aggr-aa -aggrmodref-aa -aggr-aa -dse -adse -adce -loop-simplify -indvars -instcombine -gvn -loop-simplify -mem2reg -dce -find-region -instcombine -auto-loop-pipeline -inst-simplify -interface-preproc -cfgopt -instcombine -indvars -auto-loop-unroll -loop-simplify -loop-bound -xunroll -constprop -instcombine -simplifycfg -indvars -simplifycfg -dce -globaldce -clean-region -attach-range -gvn -inst-simplify -constprop -simplifycfg -dce -pointer-simplify -dce -globalopt -constprop -dce -array-promote -scalar-auto-dep-elim -constprop -dce -ptrArgReplace -mem2reg -simplifycfg -dce -instcombine -dce -array-transform-check -array-reshape -instcombine -simplifycfg -dce -ptrArgReplace -deadargelim -mem2reg -instcombine -simplifycfg -dce -indvars -loop-simplify -loop-bound -xunroll -constprop -instcombine -simplifycfg -indvars -simplifycfg -dce -globaldce -basicaa -aggr-aa -aggrmodref-aa -aggr-aa -dse -duplicate-dataflow-processes -globaldce -instcombine -array-partition -prepare-dynamic-array-partition -instcombine -simplifycfg -dce -ptrArgReplace -global-constprop -deadargelim -mem2reg -func-legal -dce -global-constprop -deadargelim -mem2reg -simplifycfg -dce -merge-param -deadargelim -globalopt -constprop -dce -array-promote -scalar-auto-dep-elim -constprop -dce -ptrArgReplace -mem2reg -simplifycfg -dce -mem-intrinsic-preproc -dce -global-internalize -global-privatize -mem2reg -globaldce -promote-global-argument -ptrArgReplace -mem2reg -dce -globalopt -mergereturn -simplify-global-access -mem2reg -dce -pointer-simplify -dce -functionattrs -basicaa -aggr-aa -aggrmodref-aa -aggr-aa -gvn -gvn -basicaa -aggr-aa -aggrmodref-aa -aggr-aa -dse -adse -adce -dce -norm-name -basicaa -aggr-aa -aggrmodref-aa -aggr-aa -accesses-merge -function-inline -complex-op-raise -inst-simplify -globaldce -func-legal -dce -loop-bound -arraycheck -bitwidthmin2 -bitwidthmin2 -on-by-dataflow -loop-delete -instcombine -simplifycfg -globaldce -dce -gvn -deadargelim -dce -loop-simplify -clean-region -simplifycfg -propagate-stable-arguments -loop-stream -instcombine -simplifycfg -dce -globaldce -duplicate-dataflow-processes -stream-intrinsic-preproc -dce -check-ap-stream -loop-simplify -eliminate-keepreads -extract-dataflow-in-loop -loop-simplify -dce -gvn -deadargelim -dse -duplicate-dataflow-processes -check-dataflow-syntax -legalize-stream-variable -globaldce -legalize-global -extract-subproc -dce -dead-channel-elimination -canonicalize-gep -globaldce -dce -gvn -hls-dead-arg-elim -deadargelim -directive-preproc -canonicalize-dataflow -dce -globaldce -scalar-preprocessing -scalar-propagation2 -deadargelim -globaldce -mem2reg -check-dataflow-channels -function-stream -dce -globaldce -prop-fifo-spec -internal-stream-gen -canonicalize-gep -globaldce -dce -gvn -deadargelim -mergereturn -indvars -loop-simplify -instcombine -array-stream -array-seg-normalize -array-partition -func-legal -instcombine -simplifycfg -dce -bundle-memfifo-ops -deadargelim -directive-preproc -mem2reg -dse -dce -group-axi-access -licm -simplifycfg -dce -loop-delete -hls-display -norm-name /home/pulp1/HLS_corrected/Compute_block2in/solution1/.autopilot/db/a.o.1.bc -o /home/pulp1/HLS_corrected/Compute_block2in/solution1/.autopilot/db/a.o.1.tmp.bc -f 
INFO: [XFORM 203-502] Unrolling all sub-loops inside loop 'VITIS_LOOP_63_1' (Compute_block2in/Compute2in.cpp:65) in function 'compute2in' for pipelining.
WARNING: [HLS 200-936] Cannot unroll loop 'VITIS_LOOP_87_3' (Compute_block2in/Compute2in.cpp:87) in function 'compute2in': cannot completely unroll a loop with a variable trip count.
Command           transform done; 0.12 sec.
INFO-FLOW: Presyn 2...
Execute           transform -hls -keep-callgraph -scalarrepl -mem2reg -port-alignment -attach-range -dce -pipe-mux-gen -indvars -loop-bound -inst-simplify -instcombine -dce -merge-array-access -mem2reg -dce -clean-region -mergereturn -if-conv -instcombine -dce -constprop -basicaa -aggr-aa -aggrmodref-aa -aggr-aa -gvn -gvn -basicaa -aggr-aa -aggrmodref-aa -aggr-aa -dse -adse -adce -scalarrepl -mem2reg -global-constprop -deadargelim -deadargelim -instcombine -dce -simplifycfg -ptrArgReplace -mem2reg -function-inline -globaldce -mem2reg -instcombine -dce -expr-balance -instcombine -dce -bitwidthmin2 -bitwidthmin2 -interface-preproc -directive-preproc -inst-rectify -instcombine -dce -functionattrs -constprop -instcombine -bit-constprop -simplify-global-access -globalopt -globaldce -inst-simplify -instcombine -elimdeaddata -dce -loop-delete -simplifycfg -loop-simplify -barrier -norm-name /home/pulp1/HLS_corrected/Compute_block2in/solution1/.autopilot/db/a.o.1.tmp.bc -o /home/pulp1/HLS_corrected/Compute_block2in/solution1/.autopilot/db/a.o.2.bc -f -phase presyn 
INFO: [XFORM 203-401] Performing if-conversion on hyperblock from (Compute_block2in/Compute2in.cpp:64:9) to (Compute_block2in/Compute2in.cpp:82:16) in function 'compute2in'... converting 5 basic blocks.
INFO: [HLS 200-111] Finished Loop, function and other optimizations: CPU user time: 0.17 seconds. CPU system time: 0.01 seconds. Elapsed time: 0.18 seconds; current allocated memory: 785.750 MB.
INFO-FLOW: Building ssdm...
Execute           transform -hls -auto-function-inline -globaldce -ptrArgReplace -mem2reg -dce -reset-lda -loop-simplify -indvars -aggr-aa -licm -loop-dep -loop-bound -licm -loop-simplify -loop-sink-hoist -flattenloopnest -array-flatten -gvn -instcombine -dce -array-map -dce -func-legal -gvn -adce -instcombine -cfgopt -simplifycfg -loop-simplify -array-burst -promote-global-argument -dce -array-seg-normalize -basicaa -aggrmodref-aa -globalsmodref-aa -aggr-aa -gvn -gvn -basicaa -aggrmodref-aa -globalsmodref-aa -aggr-aa -dse -adse -adce -licm -inst-simplify -dce -globaldce -instcombine -array-stream -eliminate-keepreads -instcombine -dce -deadargelim -doublePtrSimplify -doublePtrElim -dce -doublePtrSimplify -promote-dbg-pointer -dce -scalarrepl -mem2reg -norm-name -mem2reg -instcombine -dse -adse -adce -ptrLegalization -dce -auto-rom-infer -array-flatten -dce -instcombine -check-doubleptr -loop-rot -constprop -cfgopt -simplifycfg -loop-simplify -indvars -pointer-simplify -dce -loop-bound -loop-simplify -loop-preproc -constprop -global-constprop -gvn -mem2reg -instcombine -dce -loop-bound -loop-merge -dce -deadargelim -dce -canonicalize-dataflow -dce -deadargelim -globaldce -mem2reg -bram-byte-enable -load-elim -read-loop-dep -loop-simplify -loop-extract-inner -directive-preproc -bitwidthmin2 -bitwidthmin2 -read-loop-dep -interface-preproc -directive-preproc -interface-gen -bram-byte-enable-spec-prop -deadargelim -inst-simplify -dce -gvn -mem2reg -instcombine -dce -adse -loop-bound -instcombine -cfgopt -simplifycfg -loop-simplify -clean-region -io-protocol -find-region -mem2reg -bitop-raise -complex-op-raise -inst-simplify -inst-rectify -instcombine -adce -deadargelim -float-op-raise -loop-simplify -phi-opt -bitop-raise -cfgopt -simplifycfg -strip-dead-prototypes -interface-lower -bitop-lower -intrinsic-lower -auto-function-inline -basicaa -aggrmodref-aa -globalsmodref-aa -aggr-aa -inst-simplify -simplifycfg -loop-simplify -mergereturn -inst-simplify -inst-rectify -dce -load-elim -bitop-lower -float-op-raise -fma-raise -loop-rewind -pointer-simplify -dce -cfgopt -dce -loop-bound -loop-dep -read-loop-dep -dce -dyn-mem-reuse -dce -recurrence-min -dce -share-scalar-alloca -deadargelim -dce -check-stream -norm-name -legalize -validate-dataflow -inst-clarity -bitwidth -dump-loop-dep-to-ir -check-all-ssdm -cdfg-build /home/pulp1/HLS_corrected/Compute_block2in/solution1/.autopilot/db/a.o.2.bc -o /home/pulp1/HLS_corrected/Compute_block2in/solution1/.autopilot/db/a.o.3.bc -f -phase build-ssdm 
WARNING: [HLS 200-960] Cannot flatten loop 'VITIS_LOOP_63_1' (Compute_block2in/Compute2in.cpp:65:8) in function 'compute2in' the outer loop is not a perfect loop because there is nontrivial logic before entering the inner loop.
INFO: [HLS 200-111] Finished Architecture Synthesis: CPU user time: 0.1 seconds. CPU system time: 0 seconds. Elapsed time: 0.1 seconds; current allocated memory: 783.750 MB.
INFO-FLOW: Finish building internal data model.
Command         opt_and_import_c done; 0.42 sec.
Command       elaborate done; 10.34 sec.
Execute       ap_eval exec zip -j /home/pulp1/HLS_corrected/Compute_block2in/solution1/.autopilot/db/dut.hcp $dbDir/a.o.3.bc $dbDir/${topname}.rtl_wrap.cfg.tcl $dbDir/apatb_${topname}.cpp $dbDir/apatb_${topname}_util.cpp $dbDir/apatb_${topname}_ir.ll $dbDir/mapper_${topname}.cpp $dbDir/top-io-fe.xml $dbDir/kernel.internal.xml $workdir/../hls.app 
Execute       autosyn -from_csynth_design=1 
INFO: [HLS 200-10] Starting hardware synthesis ...
INFO-FLOW: Synthesizing C/C++ design ...
INFO: [HLS 200-10] Synthesizing 'compute2in' ...
Execute         ap_set_top_model compute2in 
Execute         get_model_list compute2in -filter all-wo-channel -topdown 
Execute         preproc_iomode -model compute2in 
Execute         get_model_list compute2in -filter all-wo-channel 
INFO-FLOW: Model list for configure: compute2in
INFO-FLOW: Configuring Module : compute2in ...
Execute         set_default_model compute2in 
Execute         apply_spec_resource_limit compute2in 
INFO-FLOW: Model list for preprocess: compute2in
INFO-FLOW: Preprocessing Module: compute2in ...
Execute         set_default_model compute2in 
Execute         cdfg_preprocess -model compute2in 
Execute         rtl_gen_preprocess compute2in 
INFO-FLOW: Model list for synthesis: compute2in
INFO: [HLS 200-10] ----------------------------------------------------------------
INFO: [HLS 200-42] -- Implementing module 'compute2in' 
INFO: [HLS 200-10] ----------------------------------------------------------------
Execute         set_default_model compute2in 
Execute         schedule -model compute2in 
INFO: [SCHED 204-11] Starting scheduling ...
INFO: [HLS 200-486] Changing DSP latency (root=add_ln840_4) to 3 in order to utilize available DSP registers.
INFO: [HLS 200-486] Changing DSP latency (root=ret_V_1) to 3 in order to utilize available DSP registers.
INFO: [HLS 200-486] Changing DSP latency (root=ret_V_2) to 3 in order to utilize available DSP registers.
INFO: [HLS 200-486] Changing DSP latency (root=ret_V_4) to 3 in order to utilize available DSP registers.
INFO: [HLS 200-486] Changing DSP latency (root=ret_V) to 3 in order to utilize available DSP registers.
WARNING: [SCHED 204-65] Unable to satisfy pipeline directive for loop 'VITIS_LOOP_63_1': contains subloop(s) that are not unrolled or flattened.
INFO: [SCHED 204-11] Finished scheduling.
Command         schedule done; 0.2 sec.
INFO: [HLS 200-111] Finished Scheduling: CPU user time: 0.21 seconds. CPU system time: 0.04 seconds. Elapsed time: 0.25 seconds; current allocated memory: 783.750 MB.
Execute         syn_report -verbosereport -o /home/pulp1/HLS_corrected/Compute_block2in/solution1/.autopilot/db/compute2in.verbose.sched.rpt 
Execute           AP::get_flow_target_display_name
Execute         db_write -o /home/pulp1/HLS_corrected/Compute_block2in/solution1/.autopilot/db/compute2in.sched.adb -f 
INFO-FLOW: Finish scheduling compute2in.
Execute         set_default_model compute2in 
Execute         bind -model compute2in 
INFO: [BIND 205-100] Starting micro-architecture generation ...
INFO: [BIND 205-101] Performing variable lifetime analysis.
INFO: [BIND 205-101] Exploring resource sharing.
INFO: [BIND 205-101] Binding ...
INFO: [BIND 205-100] Finished micro-architecture generation.
INFO: [HLS 200-111] Finished Binding: CPU user time: 0.14 seconds. CPU system time: 0.01 seconds. Elapsed time: 0.15 seconds; current allocated memory: 783.750 MB.
Execute         syn_report -verbosereport -o /home/pulp1/HLS_corrected/Compute_block2in/solution1/.autopilot/db/compute2in.verbose.bind.rpt 
Execute           AP::get_flow_target_display_name
Command         syn_report done; 0.15 sec.
Execute         db_write -o /home/pulp1/HLS_corrected/Compute_block2in/solution1/.autopilot/db/compute2in.bind.adb -f 
INFO-FLOW: Finish binding compute2in.
Execute         get_model_list compute2in -filter all-wo-channel 
INFO-FLOW: Preprocessing for RTLGen ...
Execute         rtl_gen_preprocess compute2in 
INFO-FLOW: Model list for RTL generation: compute2in
INFO: [HLS 200-10] ----------------------------------------------------------------
INFO: [HLS 200-10] -- Generating RTL for module 'compute2in' 
INFO: [HLS 200-10] ----------------------------------------------------------------
Execute         create_rtl_model compute2in -top_prefix  -sub_prefix compute2in_ -mg_file /home/pulp1/HLS_corrected/Compute_block2in/solution1/.autopilot/db/compute2in.compgen.tcl 
INFO: [RTGEN 206-500] Setting interface mode on port 'compute2in/buffer_a' to 'ap_memory'.
INFO: [RTGEN 206-500] Setting interface mode on port 'compute2in/buffer_b' to 'ap_memory'.
INFO: [RTGEN 206-500] Setting interface mode on port 'compute2in/buffer_2' to 'ap_memory'.
INFO: [RTGEN 206-500] Setting interface mode on port 'compute2in/phase' to 'ap_none'.
INFO: [RTGEN 206-500] Setting interface mode on function 'compute2in' to 'ap_ctrl_hs'.
WARNING: [RTGEN 206-101] Register 'compute2in_ap_int_32_ap_int_32_ap_int_32_bool_REG1' is power-on initialization.
WARNING: [RTGEN 206-101] Register 'compute2in_ap_int_32_ap_int_32_ap_int_32_bool_REG1_5' is power-on initialization.
WARNING: [RTGEN 206-101] Register 'p_ZZ10compute2inP6ap_intILi32EES1_S1_bE4REG1_10' is power-on initialization.
WARNING: [RTGEN 206-101] Register 'p_ZZ10compute2inP6ap_intILi32EES1_S1_bE4REG1_15' is power-on initialization.
WARNING: [RTGEN 206-101] Register 'compute2in_ap_int_32_ap_int_32_ap_int_32_bool_REG1_1' is power-on initialization.
WARNING: [RTGEN 206-101] Register 'compute2in_ap_int_32_ap_int_32_ap_int_32_bool_REG1_2' is power-on initialization.
WARNING: [RTGEN 206-101] Register 'compute2in_ap_int_32_ap_int_32_ap_int_32_bool_REG1_3' is power-on initialization.
WARNING: [RTGEN 206-101] Register 'compute2in_ap_int_32_ap_int_32_ap_int_32_bool_REG1_4' is power-on initialization.
WARNING: [RTGEN 206-101] Register 'compute2in_ap_int_32_ap_int_32_ap_int_32_bool_REG1_6' is power-on initialization.
WARNING: [RTGEN 206-101] Register 'compute2in_ap_int_32_ap_int_32_ap_int_32_bool_REG1_7' is power-on initialization.
WARNING: [RTGEN 206-101] Register 'compute2in_ap_int_32_ap_int_32_ap_int_32_bool_REG1_8' is power-on initialization.
WARNING: [RTGEN 206-101] Register 'compute2in_ap_int_32_ap_int_32_ap_int_32_bool_REG1_9' is power-on initialization.
WARNING: [RTGEN 206-101] Register 'p_ZZ10compute2inP6ap_intILi32EES1_S1_bE4REG1_11' is power-on initialization.
WARNING: [RTGEN 206-101] Register 'p_ZZ10compute2inP6ap_intILi32EES1_S1_bE4REG1_12' is power-on initialization.
WARNING: [RTGEN 206-101] Register 'p_ZZ10compute2inP6ap_intILi32EES1_S1_bE4REG1_13' is power-on initialization.
WARNING: [RTGEN 206-101] Register 'p_ZZ10compute2inP6ap_intILi32EES1_S1_bE4REG1_14' is power-on initialization.
INFO: [RTGEN 206-100] Generating core module 'ama_addmuladd_16ns_16ns_1ns_17s_32_4_1': 1 instance(s).
INFO: [RTGEN 206-100] Generating core module 'mac_muladd_16ns_16ns_32ns_32_4_1': 2 instance(s).
INFO: [RTGEN 206-100] Generating core module 'mul_16ns_1ns_32_1_1': 2 instance(s).
INFO: [RTGEN 206-100] Generating core module 'mul_17ns_1ns_32_1_1': 2 instance(s).
INFO: [RTGEN 206-100] Generating core module 'mul_mul_16ns_16ns_32_4_1': 2 instance(s).
INFO: [RTGEN 206-100] Generating core module 'mux_124_32_1_1': 1 instance(s).
INFO: [RTGEN 206-100] Generating core module 'mux_154_32_1_1': 1 instance(s).
INFO: [RTGEN 206-100] Generating core module 'mux_32_16_1_1': 8 instance(s).
INFO: [RTGEN 206-100] Generating core module 'mux_42_32_1_1': 1 instance(s).
INFO: [RTGEN 206-100] Finished creating RTL model for 'compute2in'.
INFO: [HLS 200-111] Finished Creating RTL model: CPU user time: 0.22 seconds. CPU system time: 0.01 seconds. Elapsed time: 0.23 seconds; current allocated memory: 783.750 MB.
Execute         source /home/pulp1/HLS_corrected/Compute_block2in/solution1/.autopilot/db/compute2in.rtl_wrap.cfg.tcl 
Execute         gen_rtl compute2in -istop -style xilinx -f -lang vhdl -o /home/pulp1/HLS_corrected/Compute_block2in/solution1/syn/vhdl/compute2in 
Execute         gen_rtl compute2in -istop -style xilinx -f -lang vlog -o /home/pulp1/HLS_corrected/Compute_block2in/solution1/syn/verilog/compute2in 
Execute         syn_report -csynth -model compute2in -o /home/pulp1/HLS_corrected/Compute_block2in/solution1/syn/report/compute2in_csynth.rpt 
Execute           AP::get_flow_target_display_name
Execute         syn_report -rtlxml -model compute2in -o /home/pulp1/HLS_corrected/Compute_block2in/solution1/syn/report/compute2in_csynth.xml 
Execute         syn_report -verbosereport -model compute2in -o /home/pulp1/HLS_corrected/Compute_block2in/solution1/.autopilot/db/compute2in.verbose.rpt 
Execute           AP::get_flow_target_display_name
Command         syn_report done; 0.2 sec.
Execute         db_write -model compute2in -f -o /home/pulp1/HLS_corrected/Compute_block2in/solution1/.autopilot/db/compute2in.adb 
Execute         db_write -model compute2in -bindview -o /home/pulp1/HLS_corrected/Compute_block2in/solution1/.autopilot/db/design.bindinfo.xml 
Execute         gen_tb_info compute2in -p /home/pulp1/HLS_corrected/Compute_block2in/solution1/.autopilot/db -o /home/pulp1/HLS_corrected/Compute_block2in/solution1/.autopilot/db/compute2in 
Execute         export_constraint_db -f -tool general -o /home/pulp1/HLS_corrected/Compute_block2in/solution1/.autopilot/db/compute2in.constraint.tcl 
Execute         syn_report -designview -model compute2in -o /home/pulp1/HLS_corrected/Compute_block2in/solution1/.autopilot/db/compute2in.design.xml 
Execute         syn_report -csynthDesign -model compute2in -o /home/pulp1/HLS_corrected/Compute_block2in/solution1/syn/report/csynth.rpt 
Execute           AP::get_flow_target_display_name
Execute         syn_report -wcfg -model compute2in -o /home/pulp1/HLS_corrected/Compute_block2in/solution1/.autopilot/db/compute2in_dataflow_ana.wcfg 
Execute         syn_report -protoinst -model compute2in -o /home/pulp1/HLS_corrected/Compute_block2in/solution1/.autopilot/db/compute2in.protoinst 
Execute         sc_get_clocks compute2in 
Execute         sc_get_portdomain compute2in 
INFO-FLOW: Model list for RTL component generation: compute2in
INFO-FLOW: Handling components in module [compute2in] ... 
Execute         source /home/pulp1/HLS_corrected/Compute_block2in/solution1/.autopilot/db/compute2in.compgen.tcl 
INFO-FLOW: Found component compute2in_mul_17ns_1ns_32_1_1.
INFO-FLOW: Append model compute2in_mul_17ns_1ns_32_1_1
INFO-FLOW: Found component compute2in_mux_42_32_1_1.
INFO-FLOW: Append model compute2in_mux_42_32_1_1
INFO-FLOW: Found component compute2in_mux_32_16_1_1.
INFO-FLOW: Append model compute2in_mux_32_16_1_1
INFO-FLOW: Found component compute2in_mul_16ns_1ns_32_1_1.
INFO-FLOW: Append model compute2in_mul_16ns_1ns_32_1_1
INFO-FLOW: Found component compute2in_mux_154_32_1_1.
INFO-FLOW: Append model compute2in_mux_154_32_1_1
INFO-FLOW: Found component compute2in_mux_124_32_1_1.
INFO-FLOW: Append model compute2in_mux_124_32_1_1
INFO-FLOW: Found component compute2in_mul_mul_16ns_16ns_32_4_1.
INFO-FLOW: Append model compute2in_mul_mul_16ns_16ns_32_4_1
INFO-FLOW: Found component compute2in_ama_addmuladd_16ns_16ns_1ns_17s_32_4_1.
INFO-FLOW: Append model compute2in_ama_addmuladd_16ns_16ns_1ns_17s_32_4_1
INFO-FLOW: Found component compute2in_mac_muladd_16ns_16ns_32ns_32_4_1.
INFO-FLOW: Append model compute2in_mac_muladd_16ns_16ns_32ns_32_4_1
INFO-FLOW: Append model compute2in
INFO-FLOW: Generating RTL model list ...
INFO-FLOW: All models in this session: compute2in_mul_17ns_1ns_32_1_1 compute2in_mux_42_32_1_1 compute2in_mux_32_16_1_1 compute2in_mul_16ns_1ns_32_1_1 compute2in_mux_154_32_1_1 compute2in_mux_124_32_1_1 compute2in_mul_mul_16ns_16ns_32_4_1 compute2in_ama_addmuladd_16ns_16ns_1ns_17s_32_4_1 compute2in_mac_muladd_16ns_16ns_32ns_32_4_1 compute2in
INFO-FLOW: Generating /home/pulp1/HLS_corrected/Compute_block2in/solution1/.autopilot/db/autopilot.rtl.models.txt file...
INFO-FLOW: To file: write model compute2in_mul_17ns_1ns_32_1_1
INFO-FLOW: To file: write model compute2in_mux_42_32_1_1
INFO-FLOW: To file: write model compute2in_mux_32_16_1_1
INFO-FLOW: To file: write model compute2in_mul_16ns_1ns_32_1_1
INFO-FLOW: To file: write model compute2in_mux_154_32_1_1
INFO-FLOW: To file: write model compute2in_mux_124_32_1_1
INFO-FLOW: To file: write model compute2in_mul_mul_16ns_16ns_32_4_1
INFO-FLOW: To file: write model compute2in_ama_addmuladd_16ns_16ns_1ns_17s_32_4_1
INFO-FLOW: To file: write model compute2in_mac_muladd_16ns_16ns_32ns_32_4_1
INFO-FLOW: To file: write model compute2in
INFO-FLOW: Generating /home/pulp1/HLS_corrected/Compute_block2in/solution1/.autopilot/db/autopilot.rtl.models.tcl file...
INFO-FLOW: Finished generating RTL model list.


INFO-FLOW: RTL Generation done.
INFO-FLOW: CAS Generation done.
INFO-FLOW: CBC Generation done.
INFO-FLOW: DBG:PROC: ::AESL_AUTOMG::auto_generate_csynth_design
INFO-FLOW: DBG:PUTS: read_platform_lib /home/pulp1/HLS_corrected/Compute_block2in/solution1/.autopilot/db/global.setting.tcl
Execute         source /tools/Xilinx/Vitis_HLS/2022.2/common/technology/generic/autopilot/common.gen 
Execute           source /tools/Xilinx/Vitis_HLS/2022.2/common/technology/generic/autopilot/APCoreGen.gen 
Execute         source /tools/Xilinx/Vitis_HLS/2022.2/common/technology/generic/autopilot/op.gen 
Execute         source /tools/Xilinx/Vitis_HLS/2022.2/common/technology/generic/autopilot/op_simcore.gen 
Execute         source /tools/Xilinx/Vitis_HLS/2022.2/common/technology/generic/autopilot/interface.gen 
Execute         source /home/pulp1/HLS_corrected/Compute_block2in/solution1/.autopilot/db/global.setting.tcl 
Execute         source /tools/Xilinx/Vitis_HLS/2022.2/common/technology/xilinx/common/xilinx.gen 
Execute           source /tools/Xilinx/Vitis_HLS/2022.2/common/technology/xilinx/interface/plb46.gen 
Execute           source /tools/Xilinx/Vitis_HLS/2022.2/common/technology/xilinx/interface/axi4.gen 
Execute           source /tools/Xilinx/Vitis_HLS/2022.2/common/technology/xilinx/interface/nativeAXI4.gen 
Execute             source /tools/Xilinx/Vitis_HLS/2022.2/common/technology/xilinx/interface/saxilite.gen 
Execute           source /tools/Xilinx/Vitis_HLS/2022.2/common/technology/xilinx/scripts/xilinxcoregen.gen 
Execute           source /tools/Xilinx/Vitis_HLS/2022.2/common/technology/xilinx/interface/XilEDKCoreGen.gen 
Execute           source /tools/Xilinx/Vitis_HLS/2022.2/common/technology/xilinx/ip/dds_compiler.gen 
Execute           source /tools/Xilinx/Vitis_HLS/2022.2/common/technology/xilinx/ip/util.gen 
Execute           source /tools/Xilinx/Vitis_HLS/2022.2/common/technology/xilinx/ip/xfft.gen 
Execute           source /tools/Xilinx/Vitis_HLS/2022.2/common/technology/xilinx/ip/xfir.gen 
Execute           source /tools/Xilinx/Vitis_HLS/2022.2/common/technology/xilinx/DSP48/dsp48.gen 
INFO-FLOW: DBG:PUTS:   using AESL_AUTOCG::g_clock_period=10.000 (was NA)
INFO-FLOW: DBG:PROC: ::AESL_AUTOMG::generate_ip_cores gen_sim_model='1' gen_fp_models='0' gen_for_export='0' dstSCDir='' dstVhdlDir='/home/pulp1/HLS_corrected/Compute_block2in/solution1/.autopilot/db/vhdl' dstVlogDir='/home/pulp1/HLS_corrected/Compute_block2in/solution1/.autopilot/db/vlog' tclDir='/home/pulp1/HLS_corrected/Compute_block2in/solution1/.autopilot/db' modelList='compute2in_mul_17ns_1ns_32_1_1
compute2in_mux_42_32_1_1
compute2in_mux_32_16_1_1
compute2in_mul_16ns_1ns_32_1_1
compute2in_mux_154_32_1_1
compute2in_mux_124_32_1_1
compute2in_mul_mul_16ns_16ns_32_4_1
compute2in_ama_addmuladd_16ns_16ns_1ns_17s_32_4_1
compute2in_mac_muladd_16ns_16ns_32ns_32_4_1
compute2in
' expOnly='0'
Execute         source /home/pulp1/HLS_corrected/Compute_block2in/solution1/.autopilot/db/global.setting.tcl 
Execute         ap_part_info -name xczu7ev-ffvc1156-2-e -data names -quiet 
Execute         ap_part_info -name xczu7ev-ffvc1156-2-e -data info -quiet 
Execute         source /home/pulp1/HLS_corrected/Compute_block2in/solution1/.autopilot/db/global.setting.tcl 
Execute         source /home/pulp1/HLS_corrected/Compute_block2in/solution1/.autopilot/db/global.setting.tcl 
Execute         source /home/pulp1/HLS_corrected/Compute_block2in/solution1/.autopilot/db/compute2in.compgen.tcl 
Execute           ap_part_info -name xczu7ev-ffvc1156-2-e -data names -quiet 
Execute           ap_part_info -name xczu7ev-ffvc1156-2-e -data info -quiet 
Execute           ap_part_info -name xczu7ev-ffvc1156-2-e -data names -quiet 
Execute           ap_part_info -name xczu7ev-ffvc1156-2-e -data info -quiet 
Execute           ap_part_info -name xczu7ev-ffvc1156-2-e -data names -quiet 
Execute           ap_part_info -name xczu7ev-ffvc1156-2-e -data info -quiet 
Execute           ap_part_info -name xczu7ev-ffvc1156-2-e -data names -quiet 
Execute           ap_part_info -name xczu7ev-ffvc1156-2-e -data info -quiet 
Execute           ap_part_info -name xczu7ev-ffvc1156-2-e -data names -quiet 
Execute           ap_part_info -name xczu7ev-ffvc1156-2-e -data info -quiet 
Execute           ap_part_info -name xczu7ev-ffvc1156-2-e -data names -quiet 
Execute           ap_part_info -name xczu7ev-ffvc1156-2-e -data info -quiet 
Execute           ap_part_info -name xczu7ev-ffvc1156-2-e -data info 
Execute           ap_part_info -name xczu7ev-ffvc1156-2-e -data names -quiet 
Execute           ap_part_info -name xczu7ev-ffvc1156-2-e -data info -quiet 
Execute           ap_part_info -name xczu7ev-ffvc1156-2-e -data info 
Command         ap_source done; 0.15 sec.
INFO: [HLS 200-111] Finished Generating all RTL models: CPU user time: 0.89 seconds. CPU system time: 0.03 seconds. Elapsed time: 0.92 seconds; current allocated memory: 790.750 MB.
INFO-FLOW: DBG:PROC: ::HLSREPORTS::create_csynth_xml bind_info_var='bind_info' RtlSubPrefix='compute2in_' outfile=''
INFO-FLOW: Running: create_csynth_xml read xml data
INFO-FLOW: Done: create_csynth_xml read xml data time: 0 seconds per iteration
INFO-FLOW: Running: create_csynth_xml bind info
INFO-FLOW: Done: create_csynth_xml bind info time: 0 seconds per iteration
INFO-FLOW: Running: create_csynth_xml config info
INFO-FLOW: Done: create_csynth_xml config info time: 0 seconds per iteration
INFO-FLOW: Running: create_csynth_xml write xml
INFO-FLOW: Done: create_csynth_xml write xml time: 0 seconds per iteration
INFO-FLOW: DBG:PUTS:      create_csynth_xml wrote csynth_xml=/home/pulp1/HLS_corrected/Compute_block2in/solution1/syn/report/csynth.xml
INFO-FLOW: DBG:PROC: ::AP::DESIGN_DATA::generate_json generate_bd_files='0' generate_xo_files='0' modelList='compute2in_mul_17ns_1ns_32_1_1
compute2in_mux_42_32_1_1
compute2in_mux_32_16_1_1
compute2in_mul_16ns_1ns_32_1_1
compute2in_mux_154_32_1_1
compute2in_mux_124_32_1_1
compute2in_mul_mul_16ns_16ns_32_4_1
compute2in_ama_addmuladd_16ns_16ns_1ns_17s_32_4_1
compute2in_mac_muladd_16ns_16ns_32ns_32_4_1
compute2in
' rtl_lang='both' bootstrap_tcl='false' outdir='' outfilename=''
Execute         source /home/pulp1/HLS_corrected/Compute_block2in/solution1/.autopilot/db/global.setting.tcl 
Execute         source /home/pulp1/HLS_corrected/Compute_block2in/solution1/.autopilot/db/global.setting.tcl 
Execute         source /home/pulp1/HLS_corrected/Compute_block2in/solution1/.autopilot/db/top-io-be.tcl 
Execute         source /home/pulp1/HLS_corrected/Compute_block2in/solution1/.autopilot/db/compute2in.tbgen.tcl 
Execute         source /home/pulp1/HLS_corrected/Compute_block2in/solution1/.autopilot/db/compute2in.rtl_wrap.cfg.tcl 
Execute         source /home/pulp1/HLS_corrected/Compute_block2in/solution1/.autopilot/db/compute2in.compgen.dataonly.tcl 
Execute         source /home/pulp1/HLS_corrected/Compute_block2in/solution1/.autopilot/db/compute2in.tbgen.tcl 
Execute         source /home/pulp1/HLS_corrected/Compute_block2in/solution1/.autopilot/db/global.setting.tcl 
Execute         ap_part_info -name xczu7ev-ffvc1156-2-e -data names -quiet 
Execute         ap_part_info -name xczu7ev-ffvc1156-2-e -data info -quiet 
Execute         source /home/pulp1/HLS_corrected/Compute_block2in/solution1/.autopilot/db/compute2in.constraint.tcl 
Execute         sc_get_clocks compute2in 
Execute         source /home/pulp1/HLS_corrected/Compute_block2in/solution1/.autopilot/db/global.setting.tcl 
INFO-FLOW: DBG:PROC: ::HLSREPORTS::add_csynth_report_sections bind_info_dict='adapter_nodes {} report_dict {TOPINST compute2in MODULE2INSTS {compute2in compute2in} INST2MODULE {compute2in compute2in} INSTDATA {compute2in {DEPTH 1 CHILDREN {}}} MODULEDATA {compute2in {BINDINFO {{BINDTYPE op ID {} IMPL fabric LATENCY 0 OPTYPE add PRAGMA {} RTLNAME add_ln63_fu_382_p2 SOURCE Compute_block2in/Compute2in.cpp:63 VARIABLE add_ln63 LOOP VITIS_LOOP_63_1 BUNDLEDNAME {} DSP 0 BRAM 0 URAM 0 DISPNAME {bind_op add}} {BINDTYPE op ID {} IMPL fabric LATENCY 0 OPTYPE add PRAGMA {} RTLNAME add_ln840_fu_792_p2 SOURCE /tools/Xilinx/Vitis_HLS/2022.2/common/technology/autopilot/ap_int_base.h:840 VARIABLE add_ln840 LOOP VITIS_LOOP_63_1 BUNDLEDNAME {} DSP 0 BRAM 0 URAM 0 DISPNAME {bind_op add}} {BINDTYPE op ID {} IMPL auto LATENCY 0 OPTYPE mul PRAGMA {} RTLNAME mul_17ns_1ns_32_1_1_U1 SOURCE /tools/Xilinx/Vitis_HLS/2022.2/common/technology/autopilot/ap_int_base.h:840 VARIABLE mul_ln840 LOOP VITIS_LOOP_63_1 BUNDLEDNAME {} DSP 0 BRAM 0 URAM 0 DISPNAME {bind_op mul}} {BINDTYPE op ID {} IMPL fabric LATENCY 0 OPTYPE add PRAGMA {} RTLNAME add_ln840_1_fu_808_p2 SOURCE /tools/Xilinx/Vitis_HLS/2022.2/common/technology/autopilot/ap_int_base.h:840 VARIABLE add_ln840_1 LOOP VITIS_LOOP_63_1 BUNDLEDNAME {} DSP 0 BRAM 0 URAM 0 DISPNAME {bind_op add}} {BINDTYPE op ID {} IMPL auto LATENCY 0 OPTYPE mul PRAGMA {} RTLNAME mul_17ns_1ns_32_1_1_U2 SOURCE /tools/Xilinx/Vitis_HLS/2022.2/common/technology/autopilot/ap_int_base.h:840 VARIABLE mul_ln840_1 LOOP VITIS_LOOP_63_1 BUNDLEDNAME {} DSP 0 BRAM 0 URAM 0 DISPNAME {bind_op mul}} {BINDTYPE op ID {} IMPL fabric LATENCY 0 OPTYPE add PRAGMA {} RTLNAME add_ln186_fu_824_p2 SOURCE /tools/Xilinx/Vitis_HLS/2022.2/common/technology/autopilot/ap_int_base.h:186 VARIABLE add_ln186 LOOP VITIS_LOOP_63_1 BUNDLEDNAME {} DSP 0 BRAM 0 URAM 0 DISPNAME {bind_op add}} {BINDTYPE op ID {} IMPL fabric LATENCY 0 OPTYPE add PRAGMA {} RTLNAME add_ln87_fu_907_p2 SOURCE Compute_block2in/Compute2in.cpp:87 VARIABLE add_ln87 LOOP VITIS_LOOP_87_3 BUNDLEDNAME {} DSP 0 BRAM 0 URAM 0 DISPNAME {bind_op add}} {BINDTYPE op ID {} IMPL dsp48 LATENCY 3 OPTYPE mul PRAGMA {} RTLNAME mul_mul_16ns_16ns_32_4_1_U16 SOURCE /tools/Xilinx/Vitis_HLS/2022.2/common/technology/autopilot/ap_int_base.h:1494 VARIABLE ret_V LOOP VITIS_LOOP_87_3 BUNDLEDNAME {} DSP 1 BRAM 0 URAM 0 DISPNAME {bind_op mul}} {BINDTYPE op ID {} IMPL dsp48 LATENCY 3 OPTYPE mul PRAGMA {} RTLNAME mac_muladd_16ns_16ns_32ns_32_4_1_U20 SOURCE /tools/Xilinx/Vitis_HLS/2022.2/common/technology/autopilot/ap_int_base.h:1494 VARIABLE ret_V_1 LOOP VITIS_LOOP_87_3 BUNDLEDNAME {} DSP 1 BRAM 0 URAM 0 DISPNAME {bind_op mul}} {BINDTYPE op ID {} IMPL dsp48 LATENCY 3 OPTYPE mul PRAGMA {} RTLNAME mac_muladd_16ns_16ns_32ns_32_4_1_U19 SOURCE /tools/Xilinx/Vitis_HLS/2022.2/common/technology/autopilot/ap_int_base.h:1494 VARIABLE ret_V_2 LOOP VITIS_LOOP_87_3 BUNDLEDNAME {} DSP 1 BRAM 0 URAM 0 DISPNAME {bind_op mul}} {BINDTYPE op ID {} IMPL auto LATENCY 0 OPTYPE mul PRAGMA {} RTLNAME mul_16ns_1ns_32_1_1_U10 SOURCE /tools/Xilinx/Vitis_HLS/2022.2/common/technology/autopilot/ap_int_base.h:1494 VARIABLE ret_V_3 LOOP VITIS_LOOP_87_3 BUNDLEDNAME {} DSP 0 BRAM 0 URAM 0 DISPNAME {bind_op mul}} {BINDTYPE op ID {} IMPL dsp48 LATENCY 3 OPTYPE mul PRAGMA {} RTLNAME mul_mul_16ns_16ns_32_4_1_U17 SOURCE /tools/Xilinx/Vitis_HLS/2022.2/common/technology/autopilot/ap_int_base.h:1494 VARIABLE ret_V_4 LOOP VITIS_LOOP_87_3 BUNDLEDNAME {} DSP 1 BRAM 0 URAM 0 DISPNAME {bind_op mul}} {BINDTYPE op ID {} IMPL dsp48 LATENCY 3 OPTYPE add PRAGMA {} RTLNAME mac_muladd_16ns_16ns_32ns_32_4_1_U19 SOURCE /tools/Xilinx/Vitis_HLS/2022.2/common/technology/autopilot/ap_int_base.h:840 VARIABLE add_ln840_2 LOOP VITIS_LOOP_87_3 BUNDLEDNAME {} DSP 1 BRAM 0 URAM 0 DISPNAME {bind_op add}} {BINDTYPE op ID {} IMPL dsp48 LATENCY 3 OPTYPE add PRAGMA {} RTLNAME mac_muladd_16ns_16ns_32ns_32_4_1_U20 SOURCE /tools/Xilinx/Vitis_HLS/2022.2/common/technology/autopilot/ap_int_base.h:840 VARIABLE add_ln840_3 LOOP VITIS_LOOP_87_3 BUNDLEDNAME {} DSP 1 BRAM 0 URAM 0 DISPNAME {bind_op add}} {BINDTYPE op ID {} IMPL auto LATENCY 0 OPTYPE mul PRAGMA {} RTLNAME mul_16ns_1ns_32_1_1_U13 SOURCE /tools/Xilinx/Vitis_HLS/2022.2/common/technology/autopilot/ap_int_base.h:1494 VARIABLE ret_V_5 LOOP VITIS_LOOP_87_3 BUNDLEDNAME {} DSP 0 BRAM 0 URAM 0 DISPNAME {bind_op mul}} {BINDTYPE op ID {} IMPL dsp48 LATENCY 3 OPTYPE add PRAGMA {} RTLNAME ama_addmuladd_16ns_16ns_1ns_17s_32_4_1_U18 SOURCE /tools/Xilinx/Vitis_HLS/2022.2/common/technology/autopilot/ap_int_base.h:840 VARIABLE add_ln840_4 LOOP VITIS_LOOP_87_3 BUNDLEDNAME {} DSP 1 BRAM 0 URAM 0 DISPNAME {bind_op add}} {BINDTYPE op ID {} IMPL dsp48 LATENCY 3 OPTYPE mul PRAGMA {} RTLNAME ama_addmuladd_16ns_16ns_1ns_17s_32_4_1_U18 SOURCE /tools/Xilinx/Vitis_HLS/2022.2/common/technology/autopilot/ap_int_base.h:840 VARIABLE mul_ln840_2 LOOP VITIS_LOOP_87_3 BUNDLEDNAME {} DSP 1 BRAM 0 URAM 0 DISPNAME {bind_op mul}} {BINDTYPE op ID {} IMPL dsp48 LATENCY 3 OPTYPE add PRAGMA {} RTLNAME ama_addmuladd_16ns_16ns_1ns_17s_32_4_1_U18 SOURCE /tools/Xilinx/Vitis_HLS/2022.2/common/technology/autopilot/ap_int_base.h:840 VARIABLE add_ln840_5 LOOP VITIS_LOOP_87_3 BUNDLEDNAME {} DSP 1 BRAM 0 URAM 0 DISPNAME {bind_op add}} {BINDTYPE op ID {} IMPL fabric LATENCY 0 OPTYPE add PRAGMA {} RTLNAME add_ln100_fu_1145_p2 SOURCE Compute_block2in/Compute2in.cpp:100 VARIABLE add_ln100 LOOP VITIS_LOOP_87_3 BUNDLEDNAME {} DSP 0 BRAM 0 URAM 0 DISPNAME {bind_op add}} {BINDTYPE op ID {} IMPL fabric LATENCY 0 OPTYPE add PRAGMA {} RTLNAME add_ln186_1_fu_1161_p2 SOURCE /tools/Xilinx/Vitis_HLS/2022.2/common/technology/autopilot/ap_int_base.h:186 VARIABLE add_ln186_1 LOOP VITIS_LOOP_87_3 BUNDLEDNAME {} DSP 0 BRAM 0 URAM 0 DISPNAME {bind_op add}} {BINDTYPE op ID {} IMPL fabric LATENCY 0 OPTYPE add PRAGMA {} RTLNAME add_ln186_2_fu_1380_p2 SOURCE /tools/Xilinx/Vitis_HLS/2022.2/common/technology/autopilot/ap_int_base.h:186 VARIABLE add_ln186_2 LOOP VITIS_LOOP_87_3 BUNDLEDNAME {} DSP 0 BRAM 0 URAM 0 DISPNAME {bind_op add}}} AREA {DSP 5 BRAM 0 URAM 0}}}}'
INFO-FLOW: DBG:PUTS:      update_csynth_reports json2rpt_hw_sw_interfaces
INFO-FLOW: Running: gen_csynth_sec_pragma
INFO-FLOW: Done: gen_csynth_sec_pragma time: 0 seconds per iteration
INFO-FLOW: DBG:PUTS:      update_csynth_reports wrote xml
INFO-FLOW: DBG:PUTS:      update_csynth_reports appended to csynth rpt file
INFO: [HLS 200-111] Finished Updating report files: CPU user time: 0.27 seconds. CPU system time: 0.01 seconds. Elapsed time: 0.29 seconds; current allocated memory: 793.949 MB.
INFO: [VHDL 208-304] Generating VHDL RTL for compute2in.
INFO: [VLOG 209-307] Generating Verilog RTL for compute2in.
Execute         syn_report -model compute2in -printsummary 
INFO: [HLS 200-790] **** Loop Constraint Status: All loop constraints were satisfied.
INFO: [HLS 200-789] **** Estimated Fmax: 186.74 MHz
Command       autosyn done; 1.81 sec.
Command     csynth_design done; 12.2 sec.
INFO: [HLS 200-111] Finished Command csynth_design CPU user time: 10.65 seconds. CPU system time: 1.5 seconds. Elapsed time: 12.2 seconds; current allocated memory: 51.590 MB.
Execute     cleanup_all 
INFO-FLOW: Workspace /home/pulp1/HLS_corrected/Compute_block2in/solution1 opened at Mon Sep 14 02:49:38 EEST 2026
Execute     ap_set_clock -name default -period 10 -default=false 
INFO: [SYN 201-201] Setting up clock 'default' with a period of 10ns.
Execute     set_part xczu7ev-ffvc1156-2-e 
Execute       create_platform xczu7ev-ffvc1156-2-e -board  
DBG:HLSDevice: Trying to load device library: /tools/Xilinx/Vitis_HLS/2022.2/lib/lnx64.o/libxv_hlsvwrap.so
DBG:HLSDevice: first parts/arch.xml in RDI_DATADIR: /tools/Xilinx/Vivado/2022.2/data/parts/arch.xml
DBG:HLSDevice: init success
INFO: [HLS 200-1611] Setting target device to 'xczu7ev-ffvc1156-2-e'
Command       create_platform done; 1.88 sec.
Execute       source /tools/Xilinx/Vitis_HLS/2022.2/common/technology/xilinx/common/xilinx.gen 
Execute         source /tools/Xilinx/Vitis_HLS/2022.2/common/technology/xilinx/interface/plb46.gen 
Execute         source /tools/Xilinx/Vitis_HLS/2022.2/common/technology/xilinx/interface/axi4.gen 
Execute         source /tools/Xilinx/Vitis_HLS/2022.2/common/technology/xilinx/interface/nativeAXI4.gen 
Execute           source /tools/Xilinx/Vitis_HLS/2022.2/common/technology/xilinx/interface/saxilite.gen 
Execute         source /tools/Xilinx/Vitis_HLS/2022.2/common/technology/xilinx/scripts/xilinxcoregen.gen 
Execute         source /tools/Xilinx/Vitis_HLS/2022.2/common/technology/xilinx/interface/XilEDKCoreGen.gen 
Execute         source /tools/Xilinx/Vitis_HLS/2022.2/common/technology/xilinx/ip/dds_compiler.gen 
Execute         source /tools/Xilinx/Vitis_HLS/2022.2/common/technology/xilinx/ip/util.gen 
Execute         source /tools/Xilinx/Vitis_HLS/2022.2/common/technology/xilinx/ip/xfft.gen 
Execute         source /tools/Xilinx/Vitis_HLS/2022.2/common/technology/xilinx/ip/xfir.gen 
Execute         source /tools/Xilinx/Vitis_HLS/2022.2/common/technology/xilinx/DSP48/dsp48.gen 
Execute       ap_part_info -name xczu7ev-ffvc1156-2-e -data info 
Execute       config_compile -quiet -complex-mul-dsp=0 
Command     set_part done; 2 sec.
Execute     send_msg_by_id INFO @200-1505@%s%s  vivado 
INFO: [HLS 200-1505] Using flow_target 'vivado'
Execute     send_msg_by_id INFO @200-1464@%s config_interface -m_axi_latency=0 
INFO: [HLS 200-1464] Running solution command: config_interface -m_axi_latency=0
Execute     config_interface -m_axi_latency=0 
Command   open_solution done; 2.09 sec.
Execute   csim_design 
INFO: [HLS 200-1510] Running: csim_design 
Execute     source /home/pulp1/HLS_corrected/Compute_block2in/solution1/.autopilot/db/global.setting.tcl 
INFO: [SIM 211-2] *************** CSIM start ***************
INFO: [SIM 211-4] CSIM will launch GCC as the compiler.
Execute     source csim/.lst_opt.tcl 
Execute     ap_part_info -name xczu7ev-ffvc1156-2-e -data info 
Execute     source run_sim.tcl 
INFO: [SIM 211-1] CSim done with 0 errors.
INFO: [SIM 211-3] *************** CSIM finish ***************
Command   csim_design done; 2.05 sec.
INFO: [HLS 200-111] Finished Command csim_design CPU user time: 1.57 seconds. CPU system time: 0.48 seconds. Elapsed time: 2.05 seconds; current allocated memory: 0.000 MB.
Execute   csynth_design 
INFO: [HLS 200-1510] Running: csynth_design 
Execute     elaborate -effort=medium -skip_syncheck=0 -keep_printf=0 -skip_cdt=0 -skip_transform=0 -ng=0 -g=0 -opt_fp=0 -from_csynth_design=1 
INFO: [HLS 200-111] Finished File checks and directory preparation: CPU user time: 0 seconds. CPU system time: 0.01 seconds. Elapsed time: 0.01 seconds; current allocated memory: 742.664 MB.
INFO: [HLS 200-10] Analyzing design file 'Compute_block2in/Compute2in.cpp' ... 
INFO-FLOW: Compiling one TU...
INFO-FLOW: Handling Compute_block2in/Compute2in.cpp as C++
Execute       ap_part_info -name xczu7ev-ffvc1156-2-e -data info 
INFO-FLOW: Running: GCC PP 39
INFO-FLOW: Source preprocessing
Execute       ap_eval exec -ignorestderr /tools/Xilinx/Vitis_HLS/2022.2/lnx64/tools/clang-3.9-csynth/bin/clang Compute_block2in/Compute2in.cpp -foptimization-record-file=/home/pulp1/HLS_corrected/Compute_block2in/solution1/.autopilot/db/Compute2in.cpp.clang.diag.yml -mllvm -pass-remarks-missed=reflow|pasta|unroll -mllvm -pass-remarks=reflow|pasta|unroll|inline -fno-limit-debug-info -gcc-toolchain /tools/Xilinx/Vitis_HLS/2022.2/tps/lnx64/gcc-8.3.0 -fhls -fno-exceptions -E -fno-math-errno -c -emit-llvm -mllvm -disable-llvm-optzns -Werror=implicit-function-declaration -Werror=implicit-hls-streams -Werror=return-type -Wpragmas -Wunused-parameter -Wdump-hls-pragmas -Wno-error=dump-hls-pragmas -fno-threadsafe-statics -fno-use-cxa-atexit -std=gnu++14 -target fpga64-xilinx-linux-gnu -fno-threadsafe-statics -fno-use-cxa-atexit -D__VITIS_HLS__ -DAESL_SYN -D__SYNTHESIS__ -D__HLS_SYN__ -I /tools/Xilinx/Vitis_HLS/2022.2/common/technology/autopilot -I /tools/Xilinx/Vitis_HLS/2022.2/common/technology/autopilot/ap_sysc -include etc/autopilot_ssdm_op.h -D__DSP48E2__ -I /usr/include/x86_64-linux-gnu -o /home/pulp1/HLS_corrected/Compute_block2in/solution1/.autopilot/db/Compute2in.pp.0.cpp -hls-platform-db-name=/tools/Xilinx/Vitis_HLS/2022.2/common/technology/xilinx/common/platform.db -hls-platform-name=zynquplus_medium -device-resource-info=BRAM_624.000000_DSP_1728.000000_FF_460800.000000_LUT_230400.000000_SLICE_28800.000000_URAM_96.000000 -device-name-info=xczu7ev-ffvc1156-2-e > /home/pulp1/HLS_corrected/Compute_block2in/solution1/.autopilot/db/Compute2in.cpp.clang.out.log 2> /home/pulp1/HLS_corrected/Compute_block2in/solution1/.autopilot/db/Compute2in.cpp.clang.err.log 
Command       ap_eval done; 0.23 sec.
INFO-FLOW: Done: GCC PP 39 time: 0.2 seconds per iteration
Execute       set_directive_top compute2in -name=compute2in 
Execute       source /tools/Xilinx/Vitis_HLS/2022.2/tps/tcl/tcllib1.11.1/yaml/huddle.tcl 
Execute       source /tools/Xilinx/Vitis_HLS/2022.2/tps/tcl/tcllib1.11.1/yaml/json2huddle.tcl 
INFO-FLOW: Source syntax check for synthesis
Execute       ap_eval exec -ignorestderr /tools/Xilinx/Vitis_HLS/2022.2/lnx64/tools/clang-3.9-csynth/bin/clang -foptimization-record-file=/home/pulp1/HLS_corrected/Compute_block2in/solution1/.autopilot/db/clang.diag.yml -mllvm -pass-remarks-missed=reflow|pasta|unroll -mllvm -pass-remarks=reflow|pasta|unroll|inline -fsyntax-only -fhls -target fpga64-xilinx-linux-gnu /home/pulp1/HLS_corrected/Compute_block2in/solution1/.autopilot/db/Compute2in.pp.0.cpp -hls-platform-db-name=/tools/Xilinx/Vitis_HLS/2022.2/common/technology/xilinx/common/platform.db -hls-platform-name=zynquplus_medium -device-resource-info=BRAM_624.000000_DSP_1728.000000_FF_460800.000000_LUT_230400.000000_SLICE_28800.000000_URAM_96.000000 -device-name-info=xczu7ev-ffvc1156-2-e > /home/pulp1/HLS_corrected/Compute_block2in/solution1/.autopilot/db/clang.out.log 2> /home/pulp1/HLS_corrected/Compute_block2in/solution1/.autopilot/db/clang.err.log 
Command       ap_eval done; 0.72 sec.
Execute       clang_tidy xilinx-systemc-detector -desc systemc-detector /home/pulp1/HLS_corrected/Compute_block2in/solution1/.autopilot/db/Compute2in.pp.0.cpp std=gnu++14 -target fpga  -directive=/home/pulp1/HLS_corrected/Compute_block2in/solution1/.autopilot/db/.systemc_flag 
INFO-FLOW: exec /tools/Xilinx/Vitis_HLS/2022.2/lnx64/tools/clang-3.9-csynth/bin/clang-tidy -header-filter=.* --checks=-*,xilinx-systemc-detector -import-directive=/home/pulp1/HLS_corrected/Compute_block2in/solution1/.autopilot/db/.systemc_flag -fix-errors /home/pulp1/HLS_corrected/Compute_block2in/solution1/.autopilot/db/Compute2in.pp.0.cpp -- -std=gnu++14 -target fpga -fhls -ferror-limit=0
Command       clang_tidy done; 0.61 sec.
INFO-FLOW: Running: clang-tidy CDT preprocess 39
Execute       clang_tidy xilinx-directive2pragma -desc directive2pragma /home/pulp1/HLS_corrected/Compute_block2in/solution1/.autopilot/db/Compute2in.pp.0.cpp std=gnu++14 -target fpga  -directive=/home/pulp1/HLS_corrected/Compute_block2in/solution1/.autopilot/db/all.directive.json 
INFO-FLOW: exec /tools/Xilinx/Vitis_HLS/2022.2/lnx64/tools/clang-3.9-csynth/bin/clang-tidy -header-filter=.* --checks=-*,xilinx-directive2pragma -import-directive=/home/pulp1/HLS_corrected/Compute_block2in/solution1/.autopilot/db/all.directive.json -fix-errors /home/pulp1/HLS_corrected/Compute_block2in/solution1/.autopilot/db/Compute2in.pp.0.cpp -- -std=gnu++14 -target fpga -fhls -ferror-limit=0
Command       clang_tidy done; 1.02 sec.
Execute       clang_tidy xilinx-remove-assert -desc remove-assert /home/pulp1/HLS_corrected/Compute_block2in/solution1/.autopilot/db/Compute2in.pp.0.cpp std=gnu++14 -target fpga  
INFO-FLOW: exec /tools/Xilinx/Vitis_HLS/2022.2/lnx64/tools/clang-3.9-csynth/bin/clang-tidy -header-filter=.* --checks=-*,xilinx-remove-assert -fix-errors /home/pulp1/HLS_corrected/Compute_block2in/solution1/.autopilot/db/Compute2in.pp.0.cpp -- -std=gnu++14 -target fpga -fhls -ferror-limit=0
Command       clang_tidy done; 0.6 sec.
INFO-FLOW: Done: clang-tidy CDT preprocess 39 time: 1.6 seconds per iteration
INFO-FLOW: Calling xilinx-label-all-loops ... 
INFO-FLOW: Calling xilinx-aggregate-on-hls-vector ... 
Execute       clang_tidy -errorcheck -desc loop-label xilinx-label-all-loops,xilinx-aggregate-on-hls-vector,,xilinx-warn-mayneed-no-ctor-attribute /home/pulp1/HLS_corrected/Compute_block2in/solution1/.autopilot/db/Compute2in.pp.0.cpp std=gnu++14 -target fpga  
Execute         ap_eval exec -ignorestderr /tools/Xilinx/Vitis_HLS/2022.2/lnx64/tools/clang-3.9-csynth/bin/clang-tidy -export-fixes=/home/pulp1/HLS_corrected/Compute_block2in/solution1/.autopilot/db/Compute2in.pp.0.cpp.clang-tidy.loop-label.diag.yml -header-filter=.* --checks=-*,xilinx-label-all-loops,xilinx-aggregate-on-hls-vector,,xilinx-warn-mayneed-no-ctor-attribute -fix-errors /home/pulp1/HLS_corrected/Compute_block2in/solution1/.autopilot/db/Compute2in.pp.0.cpp -- -std=gnu++14 -target fpga -fhls -ferror-limit=0 > /home/pulp1/HLS_corrected/Compute_block2in/solution1/.autopilot/db/Compute2in.pp.0.cpp.clang-tidy.loop-label.out.log 2> /home/pulp1/HLS_corrected/Compute_block2in/solution1/.autopilot/db/Compute2in.pp.0.cpp.clang-tidy.loop-label.err.log 
Command         ap_eval done; 1.21 sec.
Execute         source /tools/Xilinx/Vitis_HLS/2022.2/tps/tcl/tcllib1.11.1/yaml/yaml.tcl 
Command       clang_tidy done; 1.28 sec.
Execute       ap_eval exec -ignorestderr /tools/Xilinx/Vitis_HLS/2022.2/lnx64/tools/clang-3.9-csynth/bin/xilinx-dataflow-lawyer -export-fixes=/home/pulp1/HLS_corrected/Compute_block2in/solution1/.autopilot/db/Compute2in.pp.0.cpp.xilinx-dataflow-lawyer.diag.yml /home/pulp1/HLS_corrected/Compute_block2in/solution1/.autopilot/db/Compute2in.pp.0.cpp -- -std=gnu++14 -target fpga -fhls -ferror-limit=0 -fstrict-dataflow > /home/pulp1/HLS_corrected/Compute_block2in/solution1/.autopilot/db/Compute2in.pp.0.cpp.xilinx-dataflow-lawyer.out.log 2> /home/pulp1/HLS_corrected/Compute_block2in/solution1/.autopilot/db/Compute2in.pp.0.cpp.xilinx-dataflow-lawyer.err.log 
Command       ap_eval done; 0.61 sec.
Execute       ap_part_info -name xczu7ev-ffvc1156-2-e -data info 
INFO-FLOW: compiling source code to llvm bc
Execute       ap_eval exec -ignorestderr /tools/Xilinx/Vitis_HLS/2022.2/lnx64/tools/clang-3.9-csynth/bin/clang -foptimization-record-file=/home/pulp1/HLS_corrected/Compute_block2in/solution1/.autopilot/db/Compute2in.pp.0.cpp.clang.diag.yml -mllvm -pass-remarks-missed=reflow|pasta|unroll -mllvm -pass-remarks=reflow|pasta|unroll|inline -fno-limit-debug-info -fhls -flto -fno-exceptions -Wno-error=c++11-narrowing /home/pulp1/HLS_corrected/Compute_block2in/solution1/.autopilot/db/Compute2in.pp.0.cpp -fno-math-errno -c -emit-llvm -mllvm -disable-llvm-optzns -Werror=implicit-function-declaration -Werror=implicit-hls-streams -Werror=return-type -Wpragmas -Wunused-parameter -Wdump-hls-pragmas -Wno-error=dump-hls-pragmas -fno-threadsafe-statics -fno-use-cxa-atexit -std=gnu++14 -target fpga64-xilinx-linux-gnu -D__VITIS_HLS__ -DAESL_SYN -D__SYNTHESIS__ -D__HLS_SYN__ -I /tools/Xilinx/Vitis_HLS/2022.2/common/technology/autopilot -I /tools/Xilinx/Vitis_HLS/2022.2/common/technology/autopilot/ap_sysc -include etc/autopilot_ssdm_op.h -D__DSP48E2__ -g -o /home/pulp1/HLS_corrected/Compute_block2in/solution1/.autopilot/db/Compute2in.bc -hls-platform-db-name=/tools/Xilinx/Vitis_HLS/2022.2/common/technology/xilinx/common/platform.db -hls-platform-name=zynquplus_medium -device-resource-info=BRAM_624.000000_DSP_1728.000000_FF_460800.000000_LUT_230400.000000_SLICE_28800.000000_URAM_96.000000 -device-name-info=xczu7ev-ffvc1156-2-e > /home/pulp1/HLS_corrected/Compute_block2in/solution1/.autopilot/db/Compute2in.pp.0.cpp.clang.out.log 2> /home/pulp1/HLS_corrected/Compute_block2in/solution1/.autopilot/db/Compute2in.pp.0.cpp.clang.err.log 
Command       ap_eval done; 0.73 sec.
INFO: [HLS 200-111] Finished Source Code Analysis and Preprocessing: CPU user time: 4.96 seconds. CPU system time: 0.9 seconds. Elapsed time: 5.89 seconds; current allocated memory: 745.004 MB.
INFO-FLOW: Linking Debug ...
INFO-FLOW: Linking dut bc code.
Execute       run_link_or_opt -out /home/pulp1/HLS_corrected/Compute_block2in/solution1/.autopilot/db/a.g.ld.0.bc -args  "/home/pulp1/HLS_corrected/Compute_block2in/solution1/.autopilot/db/Compute2in.g.bc"  
Execute         ap_eval exec -ignorestderr /tools/Xilinx/Vitis_HLS/2022.2/lnx64/tools/clang-3.9-csynth/bin/llvm-link /home/pulp1/HLS_corrected/Compute_block2in/solution1/.autopilot/db/Compute2in.g.bc -o /home/pulp1/HLS_corrected/Compute_block2in/solution1/.autopilot/db/a.g.ld.0.bc > /home/pulp1/HLS_corrected/Compute_block2in/solution1/.autopilot/db/a.g.ld.0.bc.llvm-link.out.log 2> /home/pulp1/HLS_corrected/Compute_block2in/solution1/.autopilot/db/a.g.ld.0.bc.llvm-link.err.log 
INFO-FLOW: 
Execute       run_link_or_opt -opt -out /home/pulp1/HLS_corrected/Compute_block2in/solution1/.autopilot/db/a.g.ld.1.lower.bc -args /home/pulp1/HLS_corrected/Compute_block2in/solution1/.autopilot/db/a.g.ld.0.bc -reflow-lower-math-intrinsics 
Execute         ap_eval exec -ignorestderr /tools/Xilinx/Vitis_HLS/2022.2/lnx64/tools/clang-3.9-csynth/bin/opt -pass-remarks-missed=reflow|pasta|unroll -pass-remarks=reflow|pasta|unroll|inline -pass-remarks-output=/home/pulp1/HLS_corrected/Compute_block2in/solution1/.autopilot/db/a.g.ld.1.lower.bc.opt.diag.yml /home/pulp1/HLS_corrected/Compute_block2in/solution1/.autopilot/db/a.g.ld.0.bc -reflow-lower-math-intrinsics -o /home/pulp1/HLS_corrected/Compute_block2in/solution1/.autopilot/db/a.g.ld.1.lower.bc > /home/pulp1/HLS_corrected/Compute_block2in/solution1/.autopilot/db/a.g.ld.1.lower.bc.opt.out.log 2> /home/pulp1/HLS_corrected/Compute_block2in/solution1/.autopilot/db/a.g.ld.1.lower.bc.opt.err.log 
INFO-FLOW: 
INFO-FLOW: Linking math bc lib
Execute       run_link_or_opt -out /home/pulp1/HLS_corrected/Compute_block2in/solution1/.autopilot/db/a.g.ld.2.m1.bc -args /home/pulp1/HLS_corrected/Compute_block2in/solution1/.autopilot/db/a.g.ld.1.lower.bc -only-needed /tools/Xilinx/Vitis_HLS/2022.2/lnx64/lib/libhlsm_39.bc /tools/Xilinx/Vitis_HLS/2022.2/lnx64/lib/libhlsmc++_39.bc 
Execute         ap_eval exec -ignorestderr /tools/Xilinx/Vitis_HLS/2022.2/lnx64/tools/clang-3.9-csynth/bin/llvm-link /home/pulp1/HLS_corrected/Compute_block2in/solution1/.autopilot/db/a.g.ld.1.lower.bc -only-needed /tools/Xilinx/Vitis_HLS/2022.2/lnx64/lib/libhlsm_39.bc /tools/Xilinx/Vitis_HLS/2022.2/lnx64/lib/libhlsmc++_39.bc -o /home/pulp1/HLS_corrected/Compute_block2in/solution1/.autopilot/db/a.g.ld.2.m1.bc > /home/pulp1/HLS_corrected/Compute_block2in/solution1/.autopilot/db/a.g.ld.2.m1.bc.llvm-link.out.log 2> /home/pulp1/HLS_corrected/Compute_block2in/solution1/.autopilot/db/a.g.ld.2.m1.bc.llvm-link.err.log 
Command         ap_eval done; 2.77 sec.
INFO-FLOW: 
Command       run_link_or_opt done; 2.78 sec.
Execute       run_link_or_opt -opt -out /home/pulp1/HLS_corrected/Compute_block2in/solution1/.autopilot/db/a.g.ld.3.fpc.bc -args /home/pulp1/HLS_corrected/Compute_block2in/solution1/.autopilot/db/a.g.ld.2.m1.bc -reflow-globaldce -hls-top-function-name=compute2in -reflow-float-conversion 
Execute         ap_eval exec -ignorestderr /tools/Xilinx/Vitis_HLS/2022.2/lnx64/tools/clang-3.9-csynth/bin/opt -pass-remarks-missed=reflow|pasta|unroll -pass-remarks=reflow|pasta|unroll|inline -pass-remarks-output=/home/pulp1/HLS_corrected/Compute_block2in/solution1/.autopilot/db/a.g.ld.3.fpc.bc.opt.diag.yml /home/pulp1/HLS_corrected/Compute_block2in/solution1/.autopilot/db/a.g.ld.2.m1.bc -reflow-globaldce -hls-top-function-name=compute2in -reflow-float-conversion -o /home/pulp1/HLS_corrected/Compute_block2in/solution1/.autopilot/db/a.g.ld.3.fpc.bc > /home/pulp1/HLS_corrected/Compute_block2in/solution1/.autopilot/db/a.g.ld.3.fpc.bc.opt.out.log 2> /home/pulp1/HLS_corrected/Compute_block2in/solution1/.autopilot/db/a.g.ld.3.fpc.bc.opt.err.log 
Command         ap_eval done; 0.99 sec.
INFO-FLOW: 
Command       run_link_or_opt done; 1 sec.
Execute       run_link_or_opt -out /home/pulp1/HLS_corrected/Compute_block2in/solution1/.autopilot/db/a.g.ld.4.m2.bc -args /home/pulp1/HLS_corrected/Compute_block2in/solution1/.autopilot/db/a.g.ld.3.fpc.bc -only-needed /tools/Xilinx/Vitis_HLS/2022.2/lnx64/lib/libfloatconversion_39.bc 
Execute         ap_eval exec -ignorestderr /tools/Xilinx/Vitis_HLS/2022.2/lnx64/tools/clang-3.9-csynth/bin/llvm-link /home/pulp1/HLS_corrected/Compute_block2in/solution1/.autopilot/db/a.g.ld.3.fpc.bc -only-needed /tools/Xilinx/Vitis_HLS/2022.2/lnx64/lib/libfloatconversion_39.bc -o /home/pulp1/HLS_corrected/Compute_block2in/solution1/.autopilot/db/a.g.ld.4.m2.bc > /home/pulp1/HLS_corrected/Compute_block2in/solution1/.autopilot/db/a.g.ld.4.m2.bc.llvm-link.out.log 2> /home/pulp1/HLS_corrected/Compute_block2in/solution1/.autopilot/db/a.g.ld.4.m2.bc.llvm-link.err.log 
INFO-FLOW: 
Execute       run_link_or_opt -opt -out /home/pulp1/HLS_corrected/Compute_block2in/solution1/.autopilot/db/a.g.ld.5.gdce.bc -args /home/pulp1/HLS_corrected/Compute_block2in/solution1/.autopilot/db/a.g.ld.4.m2.bc -reflow-globaldce -hls-top-function-name=compute2in 
Execute         ap_eval exec -ignorestderr /tools/Xilinx/Vitis_HLS/2022.2/lnx64/tools/clang-3.9-csynth/bin/opt -pass-remarks-missed=reflow|pasta|unroll -pass-remarks=reflow|pasta|unroll|inline -pass-remarks-output=/home/pulp1/HLS_corrected/Compute_block2in/solution1/.autopilot/db/a.g.ld.5.gdce.bc.opt.diag.yml /home/pulp1/HLS_corrected/Compute_block2in/solution1/.autopilot/db/a.g.ld.4.m2.bc -reflow-globaldce -hls-top-function-name=compute2in -o /home/pulp1/HLS_corrected/Compute_block2in/solution1/.autopilot/db/a.g.ld.5.gdce.bc > /home/pulp1/HLS_corrected/Compute_block2in/solution1/.autopilot/db/a.g.ld.5.gdce.bc.opt.out.log 2> /home/pulp1/HLS_corrected/Compute_block2in/solution1/.autopilot/db/a.g.ld.5.gdce.bc.opt.err.log 
INFO-FLOW: 
Execute       send_msg_by_id INFO @200-777@%s Vivado 
INFO: [HLS 200-777] Using interface defaults for 'Vivado' flow target.
Execute       is_m_axi_addr64 
INFO-FLOW: Doing LTO.
Execute       ap_eval exec -ignorestderr /tools/Xilinx/Vitis_HLS/2022.2/lnx64/tools/clang-3.9-csynth/bin/clang -foptimization-record-file=/home/pulp1/HLS_corrected/Compute_block2in/solution1/.autopilot/db/a.g.ld.0.bc.clang.diag.yml -mllvm -pass-remarks-missed=reflow|pasta|unroll -mllvm -pass-remarks=reflow|pasta|unroll|inline -fhls -mllvm -hls-top-function-name=compute2in -mllvm -hls-db-dir -mllvm /home/pulp1/HLS_corrected/Compute_block2in/solution1/.autopilot/db -emit-llvm -c -target fpga64-xilinx-none -mllvm -xcl-xmlinfo=/home/pulp1/HLS_corrected/Compute_block2in/solution1/.autopilot/db/kernel.internal.xml -mllvm -top-io-mapping-info=/home/pulp1/HLS_corrected/Compute_block2in/solution1/.autopilot/db/top-io-fe.xml -mllvm -hls-bitcode-version=3.1 -mllvm -reflow-enable-slave-interface-default-setting=true -mllvm -gen-kernel-xml=false -mllvm -default-maxi-offset=slave -mllvm -maxi-latency=0 -mllvm -hls-maxi-data-size-in-bits=8 -mllvm -hls-maxi-max-data-size-in-bits=1024 -mllvm -hls-max-widen-size-in-bits=0 -mllvm -xcl-kernel-max-mem-ports=0 -mllvm -maxi-read-trans=16 -mllvm -maxi-write-trans=16 -mllvm -maxi-read-burst-len=16 -mllvm -maxi-write-burst-len=16 -mllvm -reflow-enable-saxi-64bits=0 -mllvm -reflow-basic-block-instr-threshold=200000 -mllvm -reflow-auto-pipeline-threshold=64 -mllvm -reflow-enable-maxi-auto-id-channel=0 -mllvm -assume-maxi-align=1 -mllvm -reflow-pipeline-style-llvm-setting=2 -mllvm -reflow-enable-dataflow-strict-mode-checking=1 -mllvm -reflow-auto-array-partition-mode=default -mllvm -reflow-enable-auto-array-partition=true -mllvm -reflow-enable-auto-parallel-performance-driven=true -mllvm -reflow-enable-partition-for-automation=true -mllvm -reflow-aggregate-bitwidth-threshold=4096 -mllvm -reflow-assume-no-address-wrap=true -mllvm -hls -mllvm -disable-inlined-alloca-merging=true -mllvm -default-clock-period=10 -x ir /home/pulp1/HLS_corrected/Compute_block2in/solution1/.autopilot/db/a.g.ld.5.gdce.bc -o /home/pulp1/HLS_corrected/Compute_block2in/solution1/.autopilot/db/a.g.lto.bc -hls-platform-db-name=/tools/Xilinx/Vitis_HLS/2022.2/common/technology/xilinx/common/platform.db -hls-platform-name=zynquplus_medium -device-resource-info=BRAM_624.000000_DSP_1728.000000_FF_460800.000000_LUT_230400.000000_SLICE_28800.000000_URAM_96.000000 -device-name-info=xczu7ev-ffvc1156-2-e > /home/pulp1/HLS_corrected/Compute_block2in/solution1/.autopilot/db/a.g.ld.0.bc.clang.out.log 2> /home/pulp1/HLS_corrected/Compute_block2in/solution1/.autopilot/db/a.g.ld.0.bc.clang.err.log 
Command       ap_eval done; 0.38 sec.
INFO: [HLS 214-291] Loop 'VITIS_LOOP_66_2' is marked as complete unroll implied by the pipeline pragma (Compute_block2in/Compute2in.cpp:66:30)
INFO: [HLS 214-291] Loop 'VITIS_LOOP_87_3' is marked as complete unroll implied by the pipeline pragma (Compute_block2in/Compute2in.cpp:87:30)
INFO: [HLS 214-291] Loop 'VITIS_LOOP_91_4' is marked as complete unroll implied by the pipeline pragma (Compute_block2in/Compute2in.cpp:91:34)
INFO: [HLS 214-186] Unrolling loop 'VITIS_LOOP_66_2' (Compute_block2in/Compute2in.cpp:66:30) in function 'compute2in' completely with a factor of 2 (Compute_block2in/Compute2in.cpp:38:0)
INFO: [HLS 214-186] Unrolling loop 'VITIS_LOOP_91_4' (Compute_block2in/Compute2in.cpp:91:34) in function 'compute2in' completely with a factor of 4 (Compute_block2in/Compute2in.cpp:38:0)
INFO: [HLS 214-248] Applying array_partition to '_ZZ10compute2inP6ap_intILi32EES1_S1_bE4REG1': Complete partitioning on dimension 1. (Compute_block2in/Compute2in.cpp:52:0)
INFO: [HLS 214-248] Applying array_partition to 'REG': Complete partitioning on dimension 1. Complete partitioning on dimension 2. (Compute_block2in/Compute2in.cpp:50:13)
INFO-FLOW: DBG:PUTS: copy_raw_kernel_xml ap_link_39: kernel.xml not generated: /home/pulp1/HLS_corrected/Compute_block2in/solution1/.autopilot/db/kernel.internal.xml
INFO: [HLS 200-111] Finished Compiling Optimization and Transform: CPU user time: 3.85 seconds. CPU system time: 0.59 seconds. Elapsed time: 4.56 seconds; current allocated memory: 745.645 MB.
INFO: [HLS 200-111] Finished Checking Pragmas: CPU user time: 0 seconds. CPU system time: 0 seconds. Elapsed time: 0.01 seconds; current allocated memory: 745.645 MB.
Execute       opt_and_import_c a -opt_level=2 -skip_syncheck=0 -ng=0 -keep_printf=0 
Execute         cleanup_all_models 
INFO: [HLS 200-10] Starting code transformations ...
INFO-FLOW: Running Standard Transforms...
Execute         transform -hls -share-std-xform -demangle-name -inline-byval-memcpy -always-inline -promote-dbg-pointer -interface-preproc -mem2reg -scalarrepl -mem2reg -keep-read-access -instcombine -dce -promote-dbg-pointer -bitop-raise -loop-simplify -indvarspre -indvars -loop-simplify -xunroll -constprop -instcombine -simplifycfg -indvars -simplifycfg -dce -globaldce -basicaa -simplifycfg -mem2reg -globalopt -global-constprop -deadargelim -instcombine -simplifycfg -scalarrepl -instcombine -reassociate -licm -simplifycfg -loop-simplify -indvars -instcombine -simplifycfg -mem2reg -loop-simplify -indvars -instcombine -gvn -gvn -instcombine -adce -break-crit-edges -simplifycfg -loop-delete -global-array-opt -dce -dse -adce -find-syn-modules -top compute2in -deadargelim -mem2reg -instcombine -dce -presyn-prepare -auto-rom-infer -interface-preproc -syn-check -check-rec-only -find-region -simplifycfg -func-extr -function-inline -globaldce -mem2reg -instcombine -dce -gvn -globaldce -adce -adse -constprop -instcombine -bit-constprop -instcombine -dce -simplifycfg -bitop-raise -simplifycfg -dce -loop-delete -reassociate -globalopt -global-privatize -mem2reg -dce -global-constprop -pointer-simplify -constprop -dce -auto-shift-reg-idiom -promote-dbg-pointer -norm-name /home/pulp1/HLS_corrected/Compute_block2in/solution1/.autopilot/db/a.g.0.bc -o /home/pulp1/HLS_corrected/Compute_block2in/solution1/.autopilot/db/a.g.1.bc -f -phase std-opt 
INFO: [HLS 200-111] Finished Standard Transforms: CPU user time: 0.06 seconds. CPU system time: 0.01 seconds. Elapsed time: 0.06 seconds; current allocated memory: 751.438 MB.
INFO: [HLS 200-10] Checking synthesizability ...
INFO-FLOW: Checking Synthesizability 1/2..
Execute         transform -hls -syn-check -check-rec-only -scalarrepl -norm-name -dce -mem2reg -instcombine -directive-preproc -mem2reg -dse -dce -auto-rom-infer -dce -pag -array-normalize -instcombine -dce -array-seg-normalize -instcombine -dce -data-pack -instcombine -dce -inst-simplify -array-flatten -instcombine -dce -array-burst -dce -deadargelim -promote-global-argument -simplifycfg -mem2reg -globaldce -dce -deadargelim -dce -instcombine -function-inline -globaldce -dce -doublePtrSimplify -doublePtrElim -dce -doublePtrSimplify -promote-dbg-pointer -dce -scalarrepl -dse -adse -instcombine -ptrLegalization -simplifycfg -dce -instcombine -pointer-simplify -ptrArgReplace -dce -instcombine -resolve-double-ptr -scalarrepl -norm-name -dce -mem2reg -instcombine -ptrLegalization -simplifycfg -deadargelim -instcombine -dce -inst-simplify -directive-preproc -mem2reg -dse -dce -globaldce /home/pulp1/HLS_corrected/Compute_block2in/solution1/.autopilot/db/a.g.1.bc -o /home/pulp1/HLS_corrected/Compute_block2in/solution1/.autopilot/db/a.g.2.prechk.bc -f 
INFO-FLOW: Checking Synthesizability 2/2..
Execute         transform -syn-check /home/pulp1/HLS_corrected/Compute_block2in/solution1/.autopilot/db/a.g.2.prechk.bc -o /home/pulp1/HLS_corrected/Compute_block2in/solution1/.autopilot/db/a.g.2.bc -f -phase syn-check 
WARNING: [SYNCHK 200-24] /tools/Xilinx/Vitis_HLS/2022.2/common/technology/autopilot/ap_int_ref.h:628: Index for bit vector operation is out of bound.
INFO: [SYNCHK 200-10] 0 error(s), 1 warning(s).
INFO: [HLS 200-111] Finished Checking Synthesizability: CPU user time: 0.07 seconds. CPU system time: 0 seconds. Elapsed time: 0.07 seconds; current allocated memory: 757.344 MB.
INFO-FLOW: Compiler optimizing ...
INFO-FLOW: Share syncheck's 1.bc for syn flow: copy /home/pulp1/HLS_corrected/Compute_block2in/solution1/.autopilot/db/a.g.1.bc to /home/pulp1/HLS_corrected/Compute_block2in/solution1/.autopilot/db/a.o.1.bc
INFO-FLOW: Presyn 1...
Execute         transform -hls -tmp /home/pulp1/HLS_corrected/Compute_block2in/solution1/.autopilot/db -interface-port-rename -directive-preproc -mem2reg -dse -dce -scalarrepl -norm-name -deadargelim -mem2reg -instcombine -dce -simplifycfg -auto-rom-infer -dce -resource-proc -clib-intrinsic-prepare -dce -func-buffer -dce -pag -array-normalize -func-legal -instcombine -gvn -constprop -dce -simplifycfg -mem2reg -globaldce -resolve-double-ptr -dce -deadargelim -dce -instcombine -ptrArgReplace -mem2reg -dce -array-seg-normalize -deadargelim -instcombine -dce -directive-preproc -mem2reg -dse -dce -pointer-simplify -dce -port-alignment -dce -interface-preproc -data-pack -instcombine -dce -basicaa -aggr-aa -aggrmodref-aa -aggr-aa -gvn -gvn -basicaa -aggr-aa -aggrmodref-aa -aggr-aa -dse -adse -adce -loop-simplify -indvars -instcombine -gvn -loop-simplify -mem2reg -dce -find-region -instcombine -auto-loop-pipeline -inst-simplify -interface-preproc -cfgopt -instcombine -indvars -auto-loop-unroll -loop-simplify -loop-bound -xunroll -constprop -instcombine -simplifycfg -indvars -simplifycfg -dce -globaldce -clean-region -attach-range -gvn -inst-simplify -constprop -simplifycfg -dce -pointer-simplify -dce -globalopt -constprop -dce -array-promote -scalar-auto-dep-elim -constprop -dce -ptrArgReplace -mem2reg -simplifycfg -dce -instcombine -dce -array-transform-check -array-reshape -instcombine -simplifycfg -dce -ptrArgReplace -deadargelim -mem2reg -instcombine -simplifycfg -dce -indvars -loop-simplify -loop-bound -xunroll -constprop -instcombine -simplifycfg -indvars -simplifycfg -dce -globaldce -basicaa -aggr-aa -aggrmodref-aa -aggr-aa -dse -duplicate-dataflow-processes -globaldce -instcombine -array-partition -prepare-dynamic-array-partition -instcombine -simplifycfg -dce -ptrArgReplace -global-constprop -deadargelim -mem2reg -func-legal -dce -global-constprop -deadargelim -mem2reg -simplifycfg -dce -merge-param -deadargelim -globalopt -constprop -dce -array-promote -scalar-auto-dep-elim -constprop -dce -ptrArgReplace -mem2reg -simplifycfg -dce -mem-intrinsic-preproc -dce -global-internalize -global-privatize -mem2reg -globaldce -promote-global-argument -ptrArgReplace -mem2reg -dce -globalopt -mergereturn -simplify-global-access -mem2reg -dce -pointer-simplify -dce -functionattrs -basicaa -aggr-aa -aggrmodref-aa -aggr-aa -gvn -gvn -basicaa -aggr-aa -aggrmodref-aa -aggr-aa -dse -adse -adce -dce -norm-name -basicaa -aggr-aa -aggrmodref-aa -aggr-aa -accesses-merge -function-inline -complex-op-raise -inst-simplify -globaldce -func-legal -dce -loop-bound -arraycheck -bitwidthmin2 -bitwidthmin2 -on-by-dataflow -loop-delete -instcombine -simplifycfg -globaldce -dce -gvn -deadargelim -dce -loop-simplify -clean-region -simplifycfg -propagate-stable-arguments -loop-stream -instcombine -simplifycfg -dce -globaldce -duplicate-dataflow-processes -stream-intrinsic-preproc -dce -check-ap-stream -loop-simplify -eliminate-keepreads -extract-dataflow-in-loop -loop-simplify -dce -gvn -deadargelim -dse -duplicate-dataflow-processes -check-dataflow-syntax -legalize-stream-variable -globaldce -legalize-global -extract-subproc -dce -dead-channel-elimination -canonicalize-gep -globaldce -dce -gvn -hls-dead-arg-elim -deadargelim -directive-preproc -canonicalize-dataflow -dce -globaldce -scalar-preprocessing -scalar-propagation2 -deadargelim -globaldce -mem2reg -check-dataflow-channels -function-stream -dce -globaldce -prop-fifo-spec -internal-stream-gen -canonicalize-gep -globaldce -dce -gvn -deadargelim -mergereturn -indvars -loop-simplify -instcombine -array-stream -array-seg-normalize -array-partition -func-legal -instcombine -simplifycfg -dce -bundle-memfifo-ops -deadargelim -directive-preproc -mem2reg -dse -dce -group-axi-access -licm -simplifycfg -dce -loop-delete -hls-display -norm-name /home/pulp1/HLS_corrected/Compute_block2in/solution1/.autopilot/db/a.o.1.bc -o /home/pulp1/HLS_corrected/Compute_block2in/solution1/.autopilot/db/a.o.1.tmp.bc -f 
INFO: [XFORM 203-502] Unrolling all sub-loops inside loop 'VITIS_LOOP_63_1' (Compute_block2in/Compute2in.cpp:65) in function 'compute2in' for pipelining.
WARNING: [HLS 200-936] Cannot unroll loop 'VITIS_LOOP_87_3' (Compute_block2in/Compute2in.cpp:87) in function 'compute2in': cannot completely unroll a loop with a variable trip count.
Command         transform done; 0.12 sec.
INFO-FLOW: Presyn 2...
Execute         transform -hls -keep-callgraph -scalarrepl -mem2reg -port-alignment -attach-range -dce -pipe-mux-gen -indvars -loop-bound -inst-simplify -instcombine -dce -merge-array-access -mem2reg -dce -clean-region -mergereturn -if-conv -instcombine -dce -constprop -basicaa -aggr-aa -aggrmodref-aa -aggr-aa -gvn -gvn -basicaa -aggr-aa -aggrmodref-aa -aggr-aa -dse -adse -adce -scalarrepl -mem2reg -global-constprop -deadargelim -deadargelim -instcombine -dce -simplifycfg -ptrArgReplace -mem2reg -function-inline -globaldce -mem2reg -instcombine -dce -expr-balance -instcombine -dce -bitwidthmin2 -bitwidthmin2 -interface-preproc -directive-preproc -inst-rectify -instcombine -dce -functionattrs -constprop -instcombine -bit-constprop -simplify-global-access -globalopt -globaldce -inst-simplify -instcombine -elimdeaddata -dce -loop-delete -simplifycfg -loop-simplify -barrier -norm-name /home/pulp1/HLS_corrected/Compute_block2in/solution1/.autopilot/db/a.o.1.tmp.bc -o /home/pulp1/HLS_corrected/Compute_block2in/solution1/.autopilot/db/a.o.2.bc -f -phase presyn 
INFO: [XFORM 203-401] Performing if-conversion on hyperblock from (Compute_block2in/Compute2in.cpp:64:9) to (Compute_block2in/Compute2in.cpp:82:16) in function 'compute2in'... converting 5 basic blocks.
INFO: [HLS 200-111] Finished Loop, function and other optimizations: CPU user time: 0.18 seconds. CPU system time: 0.02 seconds. Elapsed time: 0.2 seconds; current allocated memory: 786.324 MB.
INFO-FLOW: Building ssdm...
Execute         transform -hls -auto-function-inline -globaldce -ptrArgReplace -mem2reg -dce -reset-lda -loop-simplify -indvars -aggr-aa -licm -loop-dep -loop-bound -licm -loop-simplify -loop-sink-hoist -flattenloopnest -array-flatten -gvn -instcombine -dce -array-map -dce -func-legal -gvn -adce -instcombine -cfgopt -simplifycfg -loop-simplify -array-burst -promote-global-argument -dce -array-seg-normalize -basicaa -aggrmodref-aa -globalsmodref-aa -aggr-aa -gvn -gvn -basicaa -aggrmodref-aa -globalsmodref-aa -aggr-aa -dse -adse -adce -licm -inst-simplify -dce -globaldce -instcombine -array-stream -eliminate-keepreads -instcombine -dce -deadargelim -doublePtrSimplify -doublePtrElim -dce -doublePtrSimplify -promote-dbg-pointer -dce -scalarrepl -mem2reg -norm-name -mem2reg -instcombine -dse -adse -adce -ptrLegalization -dce -auto-rom-infer -array-flatten -dce -instcombine -check-doubleptr -loop-rot -constprop -cfgopt -simplifycfg -loop-simplify -indvars -pointer-simplify -dce -loop-bound -loop-simplify -loop-preproc -constprop -global-constprop -gvn -mem2reg -instcombine -dce -loop-bound -loop-merge -dce -deadargelim -dce -canonicalize-dataflow -dce -deadargelim -globaldce -mem2reg -bram-byte-enable -load-elim -read-loop-dep -loop-simplify -loop-extract-inner -directive-preproc -bitwidthmin2 -bitwidthmin2 -read-loop-dep -interface-preproc -directive-preproc -interface-gen -bram-byte-enable-spec-prop -deadargelim -inst-simplify -dce -gvn -mem2reg -instcombine -dce -adse -loop-bound -instcombine -cfgopt -simplifycfg -loop-simplify -clean-region -io-protocol -find-region -mem2reg -bitop-raise -complex-op-raise -inst-simplify -inst-rectify -instcombine -adce -deadargelim -float-op-raise -loop-simplify -phi-opt -bitop-raise -cfgopt -simplifycfg -strip-dead-prototypes -interface-lower -bitop-lower -intrinsic-lower -auto-function-inline -basicaa -aggrmodref-aa -globalsmodref-aa -aggr-aa -inst-simplify -simplifycfg -loop-simplify -mergereturn -inst-simplify -inst-rectify -dce -load-elim -bitop-lower -float-op-raise -fma-raise -loop-rewind -pointer-simplify -dce -cfgopt -dce -loop-bound -loop-dep -read-loop-dep -dce -dyn-mem-reuse -dce -recurrence-min -dce -share-scalar-alloca -deadargelim -dce -check-stream -norm-name -legalize -validate-dataflow -inst-clarity -bitwidth -dump-loop-dep-to-ir -check-all-ssdm -cdfg-build /home/pulp1/HLS_corrected/Compute_block2in/solution1/.autopilot/db/a.o.2.bc -o /home/pulp1/HLS_corrected/Compute_block2in/solution1/.autopilot/db/a.o.3.bc -f -phase build-ssdm 
WARNING: [HLS 200-960] Cannot flatten loop 'VITIS_LOOP_63_1' (Compute_block2in/Compute2in.cpp:65:8) in function 'compute2in' the outer loop is not a perfect loop because there is nontrivial logic before entering the inner loop.
INFO: [HLS 200-111] Finished Architecture Synthesis: CPU user time: 0.1 seconds. CPU system time: 0 seconds. Elapsed time: 0.1 seconds; current allocated memory: 778.594 MB.
INFO-FLOW: Finish building internal data model.
Command       opt_and_import_c done; 0.43 sec.
Command     elaborate done; 10.89 sec.
Execute     ap_eval exec zip -j /home/pulp1/HLS_corrected/Compute_block2in/solution1/.autopilot/db/dut.hcp $dbDir/a.o.3.bc $dbDir/${topname}.rtl_wrap.cfg.tcl $dbDir/apatb_${topname}.cpp $dbDir/apatb_${topname}_util.cpp $dbDir/apatb_${topname}_ir.ll $dbDir/mapper_${topname}.cpp $dbDir/top-io-fe.xml $dbDir/kernel.internal.xml $workdir/../hls.app 
Execute     autosyn -from_csynth_design=1 
INFO: [HLS 200-10] Starting hardware synthesis ...
INFO-FLOW: Synthesizing C/C++ design ...
INFO: [HLS 200-10] Synthesizing 'compute2in' ...
Execute       ap_set_top_model compute2in 
Execute       get_model_list compute2in -filter all-wo-channel -topdown 
Execute       preproc_iomode -model compute2in 
Execute       get_model_list compute2in -filter all-wo-channel 
INFO-FLOW: Model list for configure: compute2in
INFO-FLOW: Configuring Module : compute2in ...
Execute       set_default_model compute2in 
Execute       apply_spec_resource_limit compute2in 
INFO-FLOW: Model list for preprocess: compute2in
INFO-FLOW: Preprocessing Module: compute2in ...
Execute       set_default_model compute2in 
Execute       cdfg_preprocess -model compute2in 
Execute       rtl_gen_preprocess compute2in 
INFO-FLOW: Model list for synthesis: compute2in
INFO: [HLS 200-10] ----------------------------------------------------------------
INFO: [HLS 200-42] -- Implementing module 'compute2in' 
INFO: [HLS 200-10] ----------------------------------------------------------------
Execute       set_default_model compute2in 
Execute       schedule -model compute2in 
INFO: [SCHED 204-11] Starting scheduling ...
INFO: [HLS 200-486] Changing DSP latency (root=add_ln840_4) to 3 in order to utilize available DSP registers.
INFO: [HLS 200-486] Changing DSP latency (root=ret_V_1) to 3 in order to utilize available DSP registers.
INFO: [HLS 200-486] Changing DSP latency (root=ret_V_2) to 3 in order to utilize available DSP registers.
INFO: [HLS 200-486] Changing DSP latency (root=ret_V_4) to 3 in order to utilize available DSP registers.
INFO: [HLS 200-486] Changing DSP latency (root=ret_V) to 3 in order to utilize available DSP registers.
WARNING: [SCHED 204-65] Unable to satisfy pipeline directive for loop 'VITIS_LOOP_63_1': contains subloop(s) that are not unrolled or flattened.
INFO: [SCHED 204-11] Finished scheduling.
Command       schedule done; 0.18 sec.
INFO: [HLS 200-111] Finished Scheduling: CPU user time: 0.19 seconds. CPU system time: 0.05 seconds. Elapsed time: 0.24 seconds; current allocated memory: 783.379 MB.
Execute       syn_report -verbosereport -o /home/pulp1/HLS_corrected/Compute_block2in/solution1/.autopilot/db/compute2in.verbose.sched.rpt 
Execute         AP::get_flow_target_display_name
Execute       db_write -o /home/pulp1/HLS_corrected/Compute_block2in/solution1/.autopilot/db/compute2in.sched.adb -f 
INFO-FLOW: Finish scheduling compute2in.
Execute       set_default_model compute2in 
Execute       bind -model compute2in 
INFO: [BIND 205-100] Starting micro-architecture generation ...
INFO: [BIND 205-101] Performing variable lifetime analysis.
INFO: [BIND 205-101] Exploring resource sharing.
INFO: [BIND 205-101] Binding ...
INFO: [BIND 205-100] Finished micro-architecture generation.
INFO: [HLS 200-111] Finished Binding: CPU user time: 0.13 seconds. CPU system time: 0.01 seconds. Elapsed time: 0.14 seconds; current allocated memory: 783.379 MB.
Execute       syn_report -verbosereport -o /home/pulp1/HLS_corrected/Compute_block2in/solution1/.autopilot/db/compute2in.verbose.bind.rpt 
Execute         AP::get_flow_target_display_name
Command       syn_report done; 0.16 sec.
Execute       db_write -o /home/pulp1/HLS_corrected/Compute_block2in/solution1/.autopilot/db/compute2in.bind.adb -f 
INFO-FLOW: Finish binding compute2in.
Execute       get_model_list compute2in -filter all-wo-channel 
INFO-FLOW: Preprocessing for RTLGen ...
Execute       rtl_gen_preprocess compute2in 
INFO-FLOW: Model list for RTL generation: compute2in
INFO: [HLS 200-10] ----------------------------------------------------------------
INFO: [HLS 200-10] -- Generating RTL for module 'compute2in' 
INFO: [HLS 200-10] ----------------------------------------------------------------
Execute       create_rtl_model compute2in -top_prefix  -sub_prefix compute2in_ -mg_file /home/pulp1/HLS_corrected/Compute_block2in/solution1/.autopilot/db/compute2in.compgen.tcl 
INFO: [RTGEN 206-500] Setting interface mode on port 'compute2in/buffer_a' to 'ap_memory'.
INFO: [RTGEN 206-500] Setting interface mode on port 'compute2in/buffer_b' to 'ap_memory'.
INFO: [RTGEN 206-500] Setting interface mode on port 'compute2in/buffer_2' to 'ap_memory'.
INFO: [RTGEN 206-500] Setting interface mode on port 'compute2in/phase' to 'ap_none'.
INFO: [RTGEN 206-500] Setting interface mode on function 'compute2in' to 'ap_ctrl_hs'.
WARNING: [RTGEN 206-101] Register 'compute2in_ap_int_32_ap_int_32_ap_int_32_bool_REG1' is power-on initialization.
WARNING: [RTGEN 206-101] Register 'compute2in_ap_int_32_ap_int_32_ap_int_32_bool_REG1_5' is power-on initialization.
WARNING: [RTGEN 206-101] Register 'p_ZZ10compute2inP6ap_intILi32EES1_S1_bE4REG1_10' is power-on initialization.
WARNING: [RTGEN 206-101] Register 'p_ZZ10compute2inP6ap_intILi32EES1_S1_bE4REG1_15' is power-on initialization.
WARNING: [RTGEN 206-101] Register 'compute2in_ap_int_32_ap_int_32_ap_int_32_bool_REG1_1' is power-on initialization.
WARNING: [RTGEN 206-101] Register 'compute2in_ap_int_32_ap_int_32_ap_int_32_bool_REG1_2' is power-on initialization.
WARNING: [RTGEN 206-101] Register 'compute2in_ap_int_32_ap_int_32_ap_int_32_bool_REG1_3' is power-on initialization.
WARNING: [RTGEN 206-101] Register 'compute2in_ap_int_32_ap_int_32_ap_int_32_bool_REG1_4' is power-on initialization.
WARNING: [RTGEN 206-101] Register 'compute2in_ap_int_32_ap_int_32_ap_int_32_bool_REG1_6' is power-on initialization.
WARNING: [RTGEN 206-101] Register 'compute2in_ap_int_32_ap_int_32_ap_int_32_bool_REG1_7' is power-on initialization.
WARNING: [RTGEN 206-101] Register 'compute2in_ap_int_32_ap_int_32_ap_int_32_bool_REG1_8' is power-on initialization.
WARNING: [RTGEN 206-101] Register 'compute2in_ap_int_32_ap_int_32_ap_int_32_bool_REG1_9' is power-on initialization.
WARNING: [RTGEN 206-101] Register 'p_ZZ10compute2inP6ap_intILi32EES1_S1_bE4REG1_11' is power-on initialization.
WARNING: [RTGEN 206-101] Register 'p_ZZ10compute2inP6ap_intILi32EES1_S1_bE4REG1_12' is power-on initialization.
WARNING: [RTGEN 206-101] Register 'p_ZZ10compute2inP6ap_intILi32EES1_S1_bE4REG1_13' is power-on initialization.
WARNING: [RTGEN 206-101] Register 'p_ZZ10compute2inP6ap_intILi32EES1_S1_bE4REG1_14' is power-on initialization.
WARNING: [RTGEN 206-101] Port 'compute2in/buffer_b_address0' has no fanin or fanout and is left dangling.
               Please use C simulation to confirm this function argument can be read from or written to.
WARNING: [RTGEN 206-101] Setting dangling out port 'compute2in/buffer_b_address0' to 0.
WARNING: [RTGEN 206-101] Port 'compute2in/buffer_b_ce0' has no fanin or fanout and is left dangling.
               Please use C simulation to confirm this function argument can be read from or written to.
WARNING: [RTGEN 206-101] Setting dangling out port 'compute2in/buffer_b_ce0' to 0.
WARNING: [RTGEN 206-101] Port 'compute2in/buffer_b_we0' has no fanin or fanout and is left dangling.
               Please use C simulation to confirm this function argument can be read from or written to.
WARNING: [RTGEN 206-101] Setting dangling out port 'compute2in/buffer_b_we0' to 0.
WARNING: [RTGEN 206-101] Port 'compute2in/buffer_b_d0' has no fanin or fanout and is left dangling.
               Please use C simulation to confirm this function argument can be read from or written to.
WARNING: [RTGEN 206-101] Setting dangling out port 'compute2in/buffer_b_d0' to 0.
WARNING: [RTGEN 206-101] Port 'compute2in/buffer_b_q0' has no fanin or fanout and is left dangling.
               Please use C simulation to confirm this function argument can be read from or written to.
WARNING: [RTGEN 206-101] Port 'compute2in/buffer_b_address1' has no fanin or fanout and is left dangling.
               Please use C simulation to confirm this function argument can be read from or written to.
WARNING: [RTGEN 206-101] Setting dangling out port 'compute2in/buffer_b_address1' to 0.
WARNING: [RTGEN 206-101] Port 'compute2in/buffer_b_ce1' has no fanin or fanout and is left dangling.
               Please use C simulation to confirm this function argument can be read from or written to.
WARNING: [RTGEN 206-101] Setting dangling out port 'compute2in/buffer_b_ce1' to 0.
WARNING: [RTGEN 206-101] Port 'compute2in/buffer_b_we1' has no fanin or fanout and is left dangling.
               Please use C simulation to confirm this function argument can be read from or written to.
WARNING: [RTGEN 206-101] Setting dangling out port 'compute2in/buffer_b_we1' to 0.
WARNING: [RTGEN 206-101] Port 'compute2in/buffer_b_d1' has no fanin or fanout and is left dangling.
               Please use C simulation to confirm this function argument can be read from or written to.
WARNING: [RTGEN 206-101] Setting dangling out port 'compute2in/buffer_b_d1' to 0.
WARNING: [RTGEN 206-101] Port 'compute2in/buffer_b_q1' has no fanin or fanout and is left dangling.
               Please use C simulation to confirm this function argument can be read from or written to.
INFO: [RTGEN 206-100] Generating core module 'ama_addmuladd_16ns_16ns_1ns_17s_32_4_1': 1 instance(s).
INFO: [RTGEN 206-100] Generating core module 'mac_muladd_16ns_16ns_32ns_32_4_1': 2 instance(s).
INFO: [RTGEN 206-100] Generating core module 'mul_16ns_1ns_32_1_1': 2 instance(s).
INFO: [RTGEN 206-100] Generating core module 'mul_17ns_1ns_32_1_1': 2 instance(s).
INFO: [RTGEN 206-100] Generating core module 'mul_mul_16ns_16ns_32_4_1': 2 instance(s).
INFO: [RTGEN 206-100] Generating core module 'mux_124_32_1_1': 1 instance(s).
INFO: [RTGEN 206-100] Generating core module 'mux_154_32_1_1': 1 instance(s).
INFO: [RTGEN 206-100] Generating core module 'mux_32_16_1_1': 8 instance(s).
INFO: [RTGEN 206-100] Generating core module 'mux_42_32_1_1': 1 instance(s).
INFO: [RTGEN 206-100] Finished creating RTL model for 'compute2in'.
INFO: [HLS 200-111] Finished Creating RTL model: CPU user time: 0.24 seconds. CPU system time: 0.01 seconds. Elapsed time: 0.26 seconds; current allocated memory: 783.379 MB.
Execute       source /home/pulp1/HLS_corrected/Compute_block2in/solution1/.autopilot/db/compute2in.rtl_wrap.cfg.tcl 
Execute       gen_rtl compute2in -istop -style xilinx -f -lang vhdl -o /home/pulp1/HLS_corrected/Compute_block2in/solution1/syn/vhdl/compute2in 
Execute       gen_rtl compute2in -istop -style xilinx -f -lang vlog -o /home/pulp1/HLS_corrected/Compute_block2in/solution1/syn/verilog/compute2in 
Execute       syn_report -csynth -model compute2in -o /home/pulp1/HLS_corrected/Compute_block2in/solution1/syn/report/compute2in_csynth.rpt 
Execute         AP::get_flow_target_display_name
Execute       syn_report -rtlxml -model compute2in -o /home/pulp1/HLS_corrected/Compute_block2in/solution1/syn/report/compute2in_csynth.xml 
Execute       syn_report -verbosereport -model compute2in -o /home/pulp1/HLS_corrected/Compute_block2in/solution1/.autopilot/db/compute2in.verbose.rpt 
Execute         AP::get_flow_target_display_name
Command       syn_report done; 0.21 sec.
Execute       db_write -model compute2in -f -o /home/pulp1/HLS_corrected/Compute_block2in/solution1/.autopilot/db/compute2in.adb 
Execute       db_write -model compute2in -bindview -o /home/pulp1/HLS_corrected/Compute_block2in/solution1/.autopilot/db/design.bindinfo.xml 
Execute       gen_tb_info compute2in -p /home/pulp1/HLS_corrected/Compute_block2in/solution1/.autopilot/db -o /home/pulp1/HLS_corrected/Compute_block2in/solution1/.autopilot/db/compute2in 
Execute       export_constraint_db -f -tool general -o /home/pulp1/HLS_corrected/Compute_block2in/solution1/.autopilot/db/compute2in.constraint.tcl 
Execute       syn_report -designview -model compute2in -o /home/pulp1/HLS_corrected/Compute_block2in/solution1/.autopilot/db/compute2in.design.xml 
Execute       syn_report -csynthDesign -model compute2in -o /home/pulp1/HLS_corrected/Compute_block2in/solution1/syn/report/csynth.rpt 
Execute         AP::get_flow_target_display_name
Execute       syn_report -wcfg -model compute2in -o /home/pulp1/HLS_corrected/Compute_block2in/solution1/.autopilot/db/compute2in_dataflow_ana.wcfg 
Execute       syn_report -protoinst -model compute2in -o /home/pulp1/HLS_corrected/Compute_block2in/solution1/.autopilot/db/compute2in.protoinst 
Execute       sc_get_clocks compute2in 
Execute       sc_get_portdomain compute2in 
INFO-FLOW: Model list for RTL component generation: compute2in
INFO-FLOW: Handling components in module [compute2in] ... 
Execute       source /home/pulp1/HLS_corrected/Compute_block2in/solution1/.autopilot/db/compute2in.compgen.tcl 
INFO-FLOW: Found component compute2in_mul_17ns_1ns_32_1_1.
INFO-FLOW: Append model compute2in_mul_17ns_1ns_32_1_1
INFO-FLOW: Found component compute2in_mux_42_32_1_1.
INFO-FLOW: Append model compute2in_mux_42_32_1_1
INFO-FLOW: Found component compute2in_mux_32_16_1_1.
INFO-FLOW: Append model compute2in_mux_32_16_1_1
INFO-FLOW: Found component compute2in_mul_16ns_1ns_32_1_1.
INFO-FLOW: Append model compute2in_mul_16ns_1ns_32_1_1
INFO-FLOW: Found component compute2in_mux_154_32_1_1.
INFO-FLOW: Append model compute2in_mux_154_32_1_1
INFO-FLOW: Found component compute2in_mux_124_32_1_1.
INFO-FLOW: Append model compute2in_mux_124_32_1_1
INFO-FLOW: Found component compute2in_mul_mul_16ns_16ns_32_4_1.
INFO-FLOW: Append model compute2in_mul_mul_16ns_16ns_32_4_1
INFO-FLOW: Found component compute2in_ama_addmuladd_16ns_16ns_1ns_17s_32_4_1.
INFO-FLOW: Append model compute2in_ama_addmuladd_16ns_16ns_1ns_17s_32_4_1
INFO-FLOW: Found component compute2in_mac_muladd_16ns_16ns_32ns_32_4_1.
INFO-FLOW: Append model compute2in_mac_muladd_16ns_16ns_32ns_32_4_1
INFO-FLOW: Append model compute2in
INFO-FLOW: Generating RTL model list ...
INFO-FLOW: All models in this session: compute2in_mul_17ns_1ns_32_1_1 compute2in_mux_42_32_1_1 compute2in_mux_32_16_1_1 compute2in_mul_16ns_1ns_32_1_1 compute2in_mux_154_32_1_1 compute2in_mux_124_32_1_1 compute2in_mul_mul_16ns_16ns_32_4_1 compute2in_ama_addmuladd_16ns_16ns_1ns_17s_32_4_1 compute2in_mac_muladd_16ns_16ns_32ns_32_4_1 compute2in
INFO-FLOW: Generating /home/pulp1/HLS_corrected/Compute_block2in/solution1/.autopilot/db/autopilot.rtl.models.txt file...
INFO-FLOW: To file: write model compute2in_mul_17ns_1ns_32_1_1
INFO-FLOW: To file: write model compute2in_mux_42_32_1_1
INFO-FLOW: To file: write model compute2in_mux_32_16_1_1
INFO-FLOW: To file: write model compute2in_mul_16ns_1ns_32_1_1
INFO-FLOW: To file: write model compute2in_mux_154_32_1_1
INFO-FLOW: To file: write model compute2in_mux_124_32_1_1
INFO-FLOW: To file: write model compute2in_mul_mul_16ns_16ns_32_4_1
INFO-FLOW: To file: write model compute2in_ama_addmuladd_16ns_16ns_1ns_17s_32_4_1
INFO-FLOW: To file: write model compute2in_mac_muladd_16ns_16ns_32ns_32_4_1
INFO-FLOW: To file: write model compute2in
INFO-FLOW: Generating /home/pulp1/HLS_corrected/Compute_block2in/solution1/.autopilot/db/autopilot.rtl.models.tcl file...
INFO-FLOW: Finished generating RTL model list.


INFO-FLOW: RTL Generation done.
INFO-FLOW: CAS Generation done.
INFO-FLOW: CBC Generation done.
INFO-FLOW: DBG:PROC: ::AESL_AUTOMG::auto_generate_csynth_design
INFO-FLOW: DBG:PUTS: read_platform_lib /home/pulp1/HLS_corrected/Compute_block2in/solution1/.autopilot/db/global.setting.tcl
Execute       source /tools/Xilinx/Vitis_HLS/2022.2/common/technology/generic/autopilot/common.gen 
Execute         source /tools/Xilinx/Vitis_HLS/2022.2/common/technology/generic/autopilot/APCoreGen.gen 
Execute       source /tools/Xilinx/Vitis_HLS/2022.2/common/technology/generic/autopilot/op.gen 
Execute       source /tools/Xilinx/Vitis_HLS/2022.2/common/technology/generic/autopilot/op_simcore.gen 
Execute       source /tools/Xilinx/Vitis_HLS/2022.2/common/technology/generic/autopilot/interface.gen 
Execute       source /home/pulp1/HLS_corrected/Compute_block2in/solution1/.autopilot/db/global.setting.tcl 
Execute       source /tools/Xilinx/Vitis_HLS/2022.2/common/technology/xilinx/common/xilinx.gen 
Execute         source /tools/Xilinx/Vitis_HLS/2022.2/common/technology/xilinx/interface/plb46.gen 
Execute         source /tools/Xilinx/Vitis_HLS/2022.2/common/technology/xilinx/interface/axi4.gen 
Execute         source /tools/Xilinx/Vitis_HLS/2022.2/common/technology/xilinx/interface/nativeAXI4.gen 
Execute           source /tools/Xilinx/Vitis_HLS/2022.2/common/technology/xilinx/interface/saxilite.gen 
Execute         source /tools/Xilinx/Vitis_HLS/2022.2/common/technology/xilinx/scripts/xilinxcoregen.gen 
Execute         source /tools/Xilinx/Vitis_HLS/2022.2/common/technology/xilinx/interface/XilEDKCoreGen.gen 
Execute         source /tools/Xilinx/Vitis_HLS/2022.2/common/technology/xilinx/ip/dds_compiler.gen 
Execute         source /tools/Xilinx/Vitis_HLS/2022.2/common/technology/xilinx/ip/util.gen 
Execute         source /tools/Xilinx/Vitis_HLS/2022.2/common/technology/xilinx/ip/xfft.gen 
Execute         source /tools/Xilinx/Vitis_HLS/2022.2/common/technology/xilinx/ip/xfir.gen 
Execute         source /tools/Xilinx/Vitis_HLS/2022.2/common/technology/xilinx/DSP48/dsp48.gen 
INFO-FLOW: DBG:PUTS:   using AESL_AUTOCG::g_clock_period=10.000 (was NA)
INFO-FLOW: DBG:PROC: ::AESL_AUTOMG::generate_ip_cores gen_sim_model='1' gen_fp_models='0' gen_for_export='0' dstSCDir='' dstVhdlDir='/home/pulp1/HLS_corrected/Compute_block2in/solution1/.autopilot/db/vhdl' dstVlogDir='/home/pulp1/HLS_corrected/Compute_block2in/solution1/.autopilot/db/vlog' tclDir='/home/pulp1/HLS_corrected/Compute_block2in/solution1/.autopilot/db' modelList='compute2in_mul_17ns_1ns_32_1_1
compute2in_mux_42_32_1_1
compute2in_mux_32_16_1_1
compute2in_mul_16ns_1ns_32_1_1
compute2in_mux_154_32_1_1
compute2in_mux_124_32_1_1
compute2in_mul_mul_16ns_16ns_32_4_1
compute2in_ama_addmuladd_16ns_16ns_1ns_17s_32_4_1
compute2in_mac_muladd_16ns_16ns_32ns_32_4_1
compute2in
' expOnly='0'
Execute       source /home/pulp1/HLS_corrected/Compute_block2in/solution1/.autopilot/db/global.setting.tcl 
Execute       ap_part_info -name xczu7ev-ffvc1156-2-e -data names -quiet 
Execute       ap_part_info -name xczu7ev-ffvc1156-2-e -data info -quiet 
Execute       source /home/pulp1/HLS_corrected/Compute_block2in/solution1/.autopilot/db/global.setting.tcl 
Execute       source /home/pulp1/HLS_corrected/Compute_block2in/solution1/.autopilot/db/global.setting.tcl 
Execute       source /home/pulp1/HLS_corrected/Compute_block2in/solution1/.autopilot/db/compute2in.compgen.tcl 
Execute         ap_part_info -name xczu7ev-ffvc1156-2-e -data names -quiet 
Execute         ap_part_info -name xczu7ev-ffvc1156-2-e -data info -quiet 
Execute         ap_part_info -name xczu7ev-ffvc1156-2-e -data names -quiet 
Execute         ap_part_info -name xczu7ev-ffvc1156-2-e -data info -quiet 
Execute         ap_part_info -name xczu7ev-ffvc1156-2-e -data names -quiet 
Execute         ap_part_info -name xczu7ev-ffvc1156-2-e -data info -quiet 
Execute         ap_part_info -name xczu7ev-ffvc1156-2-e -data names -quiet 
Execute         ap_part_info -name xczu7ev-ffvc1156-2-e -data info -quiet 
Execute         ap_part_info -name xczu7ev-ffvc1156-2-e -data names -quiet 
Execute         ap_part_info -name xczu7ev-ffvc1156-2-e -data info -quiet 
Execute         ap_part_info -name xczu7ev-ffvc1156-2-e -data names -quiet 
Execute         ap_part_info -name xczu7ev-ffvc1156-2-e -data info -quiet 
Execute         ap_part_info -name xczu7ev-ffvc1156-2-e -data info 
Execute         ap_part_info -name xczu7ev-ffvc1156-2-e -data names -quiet 
Execute         ap_part_info -name xczu7ev-ffvc1156-2-e -data info -quiet 
Execute         ap_part_info -name xczu7ev-ffvc1156-2-e -data info 
Command       ap_source done; 0.16 sec.
INFO: [HLS 200-111] Finished Generating all RTL models: CPU user time: 0.92 seconds. CPU system time: 0.04 seconds. Elapsed time: 0.97 seconds; current allocated memory: 791.199 MB.
INFO-FLOW: DBG:PROC: ::HLSREPORTS::create_csynth_xml bind_info_var='bind_info' RtlSubPrefix='compute2in_' outfile=''
INFO-FLOW: Running: create_csynth_xml read xml data
INFO-FLOW: Done: create_csynth_xml read xml data time: 0 seconds per iteration
INFO-FLOW: Running: create_csynth_xml bind info
INFO-FLOW: Done: create_csynth_xml bind info time: 0 seconds per iteration
INFO-FLOW: Running: create_csynth_xml config info
INFO-FLOW: Done: create_csynth_xml config info time: 0 seconds per iteration
INFO-FLOW: Running: create_csynth_xml write xml
INFO-FLOW: Done: create_csynth_xml write xml time: 0 seconds per iteration
INFO-FLOW: DBG:PUTS:      create_csynth_xml wrote csynth_xml=/home/pulp1/HLS_corrected/Compute_block2in/solution1/syn/report/csynth.xml
INFO-FLOW: DBG:PROC: ::AP::DESIGN_DATA::generate_json generate_bd_files='0' generate_xo_files='0' modelList='compute2in_mul_17ns_1ns_32_1_1
compute2in_mux_42_32_1_1
compute2in_mux_32_16_1_1
compute2in_mul_16ns_1ns_32_1_1
compute2in_mux_154_32_1_1
compute2in_mux_124_32_1_1
compute2in_mul_mul_16ns_16ns_32_4_1
compute2in_ama_addmuladd_16ns_16ns_1ns_17s_32_4_1
compute2in_mac_muladd_16ns_16ns_32ns_32_4_1
compute2in
' rtl_lang='both' bootstrap_tcl='false' outdir='' outfilename=''
Execute       source /home/pulp1/HLS_corrected/Compute_block2in/solution1/.autopilot/db/global.setting.tcl 
Execute       source /home/pulp1/HLS_corrected/Compute_block2in/solution1/.autopilot/db/global.setting.tcl 
Execute       source /home/pulp1/HLS_corrected/Compute_block2in/solution1/.autopilot/db/top-io-be.tcl 
Execute       source /home/pulp1/HLS_corrected/Compute_block2in/solution1/.autopilot/db/compute2in.tbgen.tcl 
Execute       source /home/pulp1/HLS_corrected/Compute_block2in/solution1/.autopilot/db/compute2in.rtl_wrap.cfg.tcl 
Execute       source /home/pulp1/HLS_corrected/Compute_block2in/solution1/.autopilot/db/compute2in.compgen.dataonly.tcl 
Execute       source /home/pulp1/HLS_corrected/Compute_block2in/solution1/.autopilot/db/compute2in.tbgen.tcl 
Execute       source /home/pulp1/HLS_corrected/Compute_block2in/solution1/.autopilot/db/global.setting.tcl 
Execute       ap_part_info -name xczu7ev-ffvc1156-2-e -data names -quiet 
Execute       ap_part_info -name xczu7ev-ffvc1156-2-e -data info -quiet 
Execute       source /home/pulp1/HLS_corrected/Compute_block2in/solution1/.autopilot/db/compute2in.constraint.tcl 
Execute       sc_get_clocks compute2in 
Execute       source /home/pulp1/HLS_corrected/Compute_block2in/solution1/.autopilot/db/global.setting.tcl 
INFO-FLOW: DBG:PROC: ::HLSREPORTS::add_csynth_report_sections bind_info_dict='adapter_nodes {} report_dict {TOPINST compute2in MODULE2INSTS {compute2in compute2in} INST2MODULE {compute2in compute2in} INSTDATA {compute2in {DEPTH 1 CHILDREN {}}} MODULEDATA {compute2in {BINDINFO {{BINDTYPE op ID {} IMPL fabric LATENCY 0 OPTYPE add PRAGMA {} RTLNAME add_ln63_fu_357_p2 SOURCE Compute_block2in/Compute2in.cpp:63 VARIABLE add_ln63 LOOP VITIS_LOOP_63_1 BUNDLEDNAME {} DSP 0 BRAM 0 URAM 0 DISPNAME {bind_op add}} {BINDTYPE op ID {} IMPL fabric LATENCY 0 OPTYPE add PRAGMA {} RTLNAME add_ln840_fu_765_p2 SOURCE /tools/Xilinx/Vitis_HLS/2022.2/common/technology/autopilot/ap_int_base.h:840 VARIABLE add_ln840 LOOP VITIS_LOOP_63_1 BUNDLEDNAME {} DSP 0 BRAM 0 URAM 0 DISPNAME {bind_op add}} {BINDTYPE op ID {} IMPL auto LATENCY 0 OPTYPE mul PRAGMA {} RTLNAME mul_17ns_1ns_32_1_1_U1 SOURCE /tools/Xilinx/Vitis_HLS/2022.2/common/technology/autopilot/ap_int_base.h:840 VARIABLE mul_ln840 LOOP VITIS_LOOP_63_1 BUNDLEDNAME {} DSP 0 BRAM 0 URAM 0 DISPNAME {bind_op mul}} {BINDTYPE op ID {} IMPL fabric LATENCY 0 OPTYPE add PRAGMA {} RTLNAME add_ln840_1_fu_781_p2 SOURCE /tools/Xilinx/Vitis_HLS/2022.2/common/technology/autopilot/ap_int_base.h:840 VARIABLE add_ln840_1 LOOP VITIS_LOOP_63_1 BUNDLEDNAME {} DSP 0 BRAM 0 URAM 0 DISPNAME {bind_op add}} {BINDTYPE op ID {} IMPL auto LATENCY 0 OPTYPE mul PRAGMA {} RTLNAME mul_17ns_1ns_32_1_1_U2 SOURCE /tools/Xilinx/Vitis_HLS/2022.2/common/technology/autopilot/ap_int_base.h:840 VARIABLE mul_ln840_1 LOOP VITIS_LOOP_63_1 BUNDLEDNAME {} DSP 0 BRAM 0 URAM 0 DISPNAME {bind_op mul}} {BINDTYPE op ID {} IMPL fabric LATENCY 0 OPTYPE add PRAGMA {} RTLNAME add_ln186_fu_797_p2 SOURCE /tools/Xilinx/Vitis_HLS/2022.2/common/technology/autopilot/ap_int_base.h:186 VARIABLE add_ln186 LOOP VITIS_LOOP_63_1 BUNDLEDNAME {} DSP 0 BRAM 0 URAM 0 DISPNAME {bind_op add}} {BINDTYPE op ID {} IMPL fabric LATENCY 0 OPTYPE add PRAGMA {} RTLNAME add_ln87_fu_880_p2 SOURCE Compute_block2in/Compute2in.cpp:87 VARIABLE add_ln87 LOOP VITIS_LOOP_87_3 BUNDLEDNAME {} DSP 0 BRAM 0 URAM 0 DISPNAME {bind_op add}} {BINDTYPE op ID {} IMPL dsp48 LATENCY 3 OPTYPE mul PRAGMA {} RTLNAME mul_mul_16ns_16ns_32_4_1_U16 SOURCE /tools/Xilinx/Vitis_HLS/2022.2/common/technology/autopilot/ap_int_base.h:1494 VARIABLE ret_V LOOP VITIS_LOOP_87_3 BUNDLEDNAME {} DSP 1 BRAM 0 URAM 0 DISPNAME {bind_op mul}} {BINDTYPE op ID {} IMPL dsp48 LATENCY 3 OPTYPE mul PRAGMA {} RTLNAME mac_muladd_16ns_16ns_32ns_32_4_1_U20 SOURCE /tools/Xilinx/Vitis_HLS/2022.2/common/technology/autopilot/ap_int_base.h:1494 VARIABLE ret_V_1 LOOP VITIS_LOOP_87_3 BUNDLEDNAME {} DSP 1 BRAM 0 URAM 0 DISPNAME {bind_op mul}} {BINDTYPE op ID {} IMPL dsp48 LATENCY 3 OPTYPE mul PRAGMA {} RTLNAME mac_muladd_16ns_16ns_32ns_32_4_1_U19 SOURCE /tools/Xilinx/Vitis_HLS/2022.2/common/technology/autopilot/ap_int_base.h:1494 VARIABLE ret_V_2 LOOP VITIS_LOOP_87_3 BUNDLEDNAME {} DSP 1 BRAM 0 URAM 0 DISPNAME {bind_op mul}} {BINDTYPE op ID {} IMPL auto LATENCY 0 OPTYPE mul PRAGMA {} RTLNAME mul_16ns_1ns_32_1_1_U10 SOURCE /tools/Xilinx/Vitis_HLS/2022.2/common/technology/autopilot/ap_int_base.h:1494 VARIABLE ret_V_3 LOOP VITIS_LOOP_87_3 BUNDLEDNAME {} DSP 0 BRAM 0 URAM 0 DISPNAME {bind_op mul}} {BINDTYPE op ID {} IMPL dsp48 LATENCY 3 OPTYPE mul PRAGMA {} RTLNAME mul_mul_16ns_16ns_32_4_1_U17 SOURCE /tools/Xilinx/Vitis_HLS/2022.2/common/technology/autopilot/ap_int_base.h:1494 VARIABLE ret_V_4 LOOP VITIS_LOOP_87_3 BUNDLEDNAME {} DSP 1 BRAM 0 URAM 0 DISPNAME {bind_op mul}} {BINDTYPE op ID {} IMPL dsp48 LATENCY 3 OPTYPE add PRAGMA {} RTLNAME mac_muladd_16ns_16ns_32ns_32_4_1_U19 SOURCE /tools/Xilinx/Vitis_HLS/2022.2/common/technology/autopilot/ap_int_base.h:840 VARIABLE add_ln840_2 LOOP VITIS_LOOP_87_3 BUNDLEDNAME {} DSP 1 BRAM 0 URAM 0 DISPNAME {bind_op add}} {BINDTYPE op ID {} IMPL dsp48 LATENCY 3 OPTYPE add PRAGMA {} RTLNAME mac_muladd_16ns_16ns_32ns_32_4_1_U20 SOURCE /tools/Xilinx/Vitis_HLS/2022.2/common/technology/autopilot/ap_int_base.h:840 VARIABLE add_ln840_3 LOOP VITIS_LOOP_87_3 BUNDLEDNAME {} DSP 1 BRAM 0 URAM 0 DISPNAME {bind_op add}} {BINDTYPE op ID {} IMPL auto LATENCY 0 OPTYPE mul PRAGMA {} RTLNAME mul_16ns_1ns_32_1_1_U13 SOURCE /tools/Xilinx/Vitis_HLS/2022.2/common/technology/autopilot/ap_int_base.h:1494 VARIABLE ret_V_5 LOOP VITIS_LOOP_87_3 BUNDLEDNAME {} DSP 0 BRAM 0 URAM 0 DISPNAME {bind_op mul}} {BINDTYPE op ID {} IMPL dsp48 LATENCY 3 OPTYPE add PRAGMA {} RTLNAME ama_addmuladd_16ns_16ns_1ns_17s_32_4_1_U18 SOURCE /tools/Xilinx/Vitis_HLS/2022.2/common/technology/autopilot/ap_int_base.h:840 VARIABLE add_ln840_4 LOOP VITIS_LOOP_87_3 BUNDLEDNAME {} DSP 1 BRAM 0 URAM 0 DISPNAME {bind_op add}} {BINDTYPE op ID {} IMPL dsp48 LATENCY 3 OPTYPE mul PRAGMA {} RTLNAME ama_addmuladd_16ns_16ns_1ns_17s_32_4_1_U18 SOURCE /tools/Xilinx/Vitis_HLS/2022.2/common/technology/autopilot/ap_int_base.h:840 VARIABLE mul_ln840_2 LOOP VITIS_LOOP_87_3 BUNDLEDNAME {} DSP 1 BRAM 0 URAM 0 DISPNAME {bind_op mul}} {BINDTYPE op ID {} IMPL dsp48 LATENCY 3 OPTYPE add PRAGMA {} RTLNAME ama_addmuladd_16ns_16ns_1ns_17s_32_4_1_U18 SOURCE /tools/Xilinx/Vitis_HLS/2022.2/common/technology/autopilot/ap_int_base.h:840 VARIABLE add_ln840_5 LOOP VITIS_LOOP_87_3 BUNDLEDNAME {} DSP 1 BRAM 0 URAM 0 DISPNAME {bind_op add}} {BINDTYPE op ID {} IMPL fabric LATENCY 0 OPTYPE add PRAGMA {} RTLNAME add_ln100_fu_1118_p2 SOURCE Compute_block2in/Compute2in.cpp:100 VARIABLE add_ln100 LOOP VITIS_LOOP_87_3 BUNDLEDNAME {} DSP 0 BRAM 0 URAM 0 DISPNAME {bind_op add}} {BINDTYPE op ID {} IMPL fabric LATENCY 0 OPTYPE add PRAGMA {} RTLNAME add_ln186_1_fu_1134_p2 SOURCE /tools/Xilinx/Vitis_HLS/2022.2/common/technology/autopilot/ap_int_base.h:186 VARIABLE add_ln186_1 LOOP VITIS_LOOP_87_3 BUNDLEDNAME {} DSP 0 BRAM 0 URAM 0 DISPNAME {bind_op add}} {BINDTYPE op ID {} IMPL fabric LATENCY 0 OPTYPE add PRAGMA {} RTLNAME add_ln186_2_fu_1353_p2 SOURCE /tools/Xilinx/Vitis_HLS/2022.2/common/technology/autopilot/ap_int_base.h:186 VARIABLE add_ln186_2 LOOP VITIS_LOOP_87_3 BUNDLEDNAME {} DSP 0 BRAM 0 URAM 0 DISPNAME {bind_op add}}} AREA {DSP 5 BRAM 0 URAM 0}}}}'
INFO-FLOW: DBG:PUTS:      update_csynth_reports json2rpt_hw_sw_interfaces
INFO-FLOW: Running: gen_csynth_sec_pragma
INFO-FLOW: Done: gen_csynth_sec_pragma time: 0 seconds per iteration
INFO-FLOW: DBG:PUTS:      update_csynth_reports wrote xml
INFO-FLOW: DBG:PUTS:      update_csynth_reports appended to csynth rpt file
INFO: [HLS 200-111] Finished Updating report files: CPU user time: 0.35 seconds. CPU system time: 0.01 seconds. Elapsed time: 0.37 seconds; current allocated memory: 794.367 MB.
INFO: [VHDL 208-304] Generating VHDL RTL for compute2in.
INFO: [VLOG 209-307] Generating Verilog RTL for compute2in.
Execute       syn_report -model compute2in -printsummary 
INFO: [HLS 200-790] **** Loop Constraint Status: All loop constraints were satisfied.
INFO: [HLS 200-789] **** Estimated Fmax: 186.74 MHz
Command     autosyn done; 1.94 sec.
Command   csynth_design done; 12.89 sec.
INFO: [HLS 200-111] Finished Command csynth_design CPU user time: 11.07 seconds. CPU system time: 1.66 seconds. Elapsed time: 12.89 seconds; current allocated memory: 51.906 MB.
Execute   csim_design 
INFO: [HLS 200-1510] Running: csim_design 
Execute     source /home/pulp1/HLS_corrected/Compute_block2in/solution1/.autopilot/db/global.setting.tcl 
INFO: [SIM 211-2] *************** CSIM start ***************
INFO: [SIM 211-4] CSIM will launch GCC as the compiler.
Execute     source csim/.lst_opt.tcl 
Execute     ap_part_info -name xczu7ev-ffvc1156-2-e -data info 
Execute     source run_sim.tcl 
INFO: [SIM 211-1] CSim done with 0 errors.
INFO: [SIM 211-3] *************** CSIM finish ***************
Command   csim_design done; 3.66 sec.
INFO: [HLS 200-111] Finished Command csim_design CPU user time: 2.95 seconds. CPU system time: 0.7 seconds. Elapsed time: 3.66 seconds; current allocated memory: 0.000 MB.
Execute   csynth_design 
INFO: [HLS 200-1510] Running: csynth_design 
Execute     elaborate -effort=medium -skip_syncheck=0 -keep_printf=0 -skip_cdt=0 -skip_transform=0 -ng=0 -g=0 -opt_fp=0 -from_csynth_design=1 
INFO: [HLS 200-111] Finished File checks and directory preparation: CPU user time: 0.01 seconds. CPU system time: 0 seconds. Elapsed time: 0.01 seconds; current allocated memory: 794.539 MB.
INFO: [HLS 200-10] Analyzing design file 'Compute_block2in/Compute2in.cpp' ... 
INFO-FLOW: Compiling one TU...
INFO-FLOW: Handling Compute_block2in/Compute2in.cpp as C++
Execute       ap_part_info -name xczu7ev-ffvc1156-2-e -data info 
INFO-FLOW: Running: GCC PP 39
INFO-FLOW: Source preprocessing
Execute       ap_eval exec -ignorestderr /tools/Xilinx/Vitis_HLS/2022.2/lnx64/tools/clang-3.9-csynth/bin/clang Compute_block2in/Compute2in.cpp -foptimization-record-file=/home/pulp1/HLS_corrected/Compute_block2in/solution1/.autopilot/db/Compute2in.cpp.clang.diag.yml -mllvm -pass-remarks-missed=reflow|pasta|unroll -mllvm -pass-remarks=reflow|pasta|unroll|inline -fno-limit-debug-info -gcc-toolchain /tools/Xilinx/Vitis_HLS/2022.2/tps/lnx64/gcc-8.3.0 -fhls -fno-exceptions -E -fno-math-errno -c -emit-llvm -mllvm -disable-llvm-optzns -Werror=implicit-function-declaration -Werror=implicit-hls-streams -Werror=return-type -Wpragmas -Wunused-parameter -Wdump-hls-pragmas -Wno-error=dump-hls-pragmas -fno-threadsafe-statics -fno-use-cxa-atexit -std=gnu++14 -target fpga64-xilinx-linux-gnu -fno-threadsafe-statics -fno-use-cxa-atexit -D__VITIS_HLS__ -DAESL_SYN -D__SYNTHESIS__ -D__HLS_SYN__ -I /tools/Xilinx/Vitis_HLS/2022.2/common/technology/autopilot -I /tools/Xilinx/Vitis_HLS/2022.2/common/technology/autopilot/ap_sysc -include etc/autopilot_ssdm_op.h -D__DSP48E2__ -I /usr/include/x86_64-linux-gnu -o /home/pulp1/HLS_corrected/Compute_block2in/solution1/.autopilot/db/Compute2in.pp.0.cpp -hls-platform-db-name=/tools/Xilinx/Vitis_HLS/2022.2/common/technology/xilinx/common/platform.db -hls-platform-name=zynquplus_medium -device-resource-info=BRAM_624.000000_DSP_1728.000000_FF_460800.000000_LUT_230400.000000_SLICE_28800.000000_URAM_96.000000 -device-name-info=xczu7ev-ffvc1156-2-e > /home/pulp1/HLS_corrected/Compute_block2in/solution1/.autopilot/db/Compute2in.cpp.clang.out.log 2> /home/pulp1/HLS_corrected/Compute_block2in/solution1/.autopilot/db/Compute2in.cpp.clang.err.log 
Command       ap_eval done; 0.22 sec.
INFO-FLOW: Done: GCC PP 39 time: 0.2 seconds per iteration
Execute       set_directive_top compute2in -name=compute2in 
INFO-FLOW: Source syntax check for synthesis
Execute       ap_eval exec -ignorestderr /tools/Xilinx/Vitis_HLS/2022.2/lnx64/tools/clang-3.9-csynth/bin/clang -foptimization-record-file=/home/pulp1/HLS_corrected/Compute_block2in/solution1/.autopilot/db/clang.diag.yml -mllvm -pass-remarks-missed=reflow|pasta|unroll -mllvm -pass-remarks=reflow|pasta|unroll|inline -fsyntax-only -fhls -target fpga64-xilinx-linux-gnu /home/pulp1/HLS_corrected/Compute_block2in/solution1/.autopilot/db/Compute2in.pp.0.cpp -hls-platform-db-name=/tools/Xilinx/Vitis_HLS/2022.2/common/technology/xilinx/common/platform.db -hls-platform-name=zynquplus_medium -device-resource-info=BRAM_624.000000_DSP_1728.000000_FF_460800.000000_LUT_230400.000000_SLICE_28800.000000_URAM_96.000000 -device-name-info=xczu7ev-ffvc1156-2-e > /home/pulp1/HLS_corrected/Compute_block2in/solution1/.autopilot/db/clang.out.log 2> /home/pulp1/HLS_corrected/Compute_block2in/solution1/.autopilot/db/clang.err.log 
Command       ap_eval done; 0.72 sec.
Execute       clang_tidy xilinx-systemc-detector -desc systemc-detector /home/pulp1/HLS_corrected/Compute_block2in/solution1/.autopilot/db/Compute2in.pp.0.cpp std=gnu++14 -target fpga  -directive=/home/pulp1/HLS_corrected/Compute_block2in/solution1/.autopilot/db/.systemc_flag 
INFO-FLOW: exec /tools/Xilinx/Vitis_HLS/2022.2/lnx64/tools/clang-3.9-csynth/bin/clang-tidy -header-filter=.* --checks=-*,xilinx-systemc-detector -import-directive=/home/pulp1/HLS_corrected/Compute_block2in/solution1/.autopilot/db/.systemc_flag -fix-errors /home/pulp1/HLS_corrected/Compute_block2in/solution1/.autopilot/db/Compute2in.pp.0.cpp -- -std=gnu++14 -target fpga -fhls -ferror-limit=0
Command       clang_tidy done; 0.61 sec.
INFO-FLOW: Running: clang-tidy CDT preprocess 39
Execute       clang_tidy xilinx-directive2pragma -desc directive2pragma /home/pulp1/HLS_corrected/Compute_block2in/solution1/.autopilot/db/Compute2in.pp.0.cpp std=gnu++14 -target fpga  -directive=/home/pulp1/HLS_corrected/Compute_block2in/solution1/.autopilot/db/all.directive.json 
INFO-FLOW: exec /tools/Xilinx/Vitis_HLS/2022.2/lnx64/tools/clang-3.9-csynth/bin/clang-tidy -header-filter=.* --checks=-*,xilinx-directive2pragma -import-directive=/home/pulp1/HLS_corrected/Compute_block2in/solution1/.autopilot/db/all.directive.json -fix-errors /home/pulp1/HLS_corrected/Compute_block2in/solution1/.autopilot/db/Compute2in.pp.0.cpp -- -std=gnu++14 -target fpga -fhls -ferror-limit=0
Command       clang_tidy done; 1.02 sec.
Execute       clang_tidy xilinx-remove-assert -desc remove-assert /home/pulp1/HLS_corrected/Compute_block2in/solution1/.autopilot/db/Compute2in.pp.0.cpp std=gnu++14 -target fpga  
INFO-FLOW: exec /tools/Xilinx/Vitis_HLS/2022.2/lnx64/tools/clang-3.9-csynth/bin/clang-tidy -header-filter=.* --checks=-*,xilinx-remove-assert -fix-errors /home/pulp1/HLS_corrected/Compute_block2in/solution1/.autopilot/db/Compute2in.pp.0.cpp -- -std=gnu++14 -target fpga -fhls -ferror-limit=0
Command       clang_tidy done; 0.62 sec.
INFO-FLOW: Done: clang-tidy CDT preprocess 39 time: 1.6 seconds per iteration
INFO-FLOW: Calling xilinx-label-all-loops ... 
INFO-FLOW: Calling xilinx-aggregate-on-hls-vector ... 
Execute       clang_tidy -errorcheck -desc loop-label xilinx-label-all-loops,xilinx-aggregate-on-hls-vector,,xilinx-warn-mayneed-no-ctor-attribute /home/pulp1/HLS_corrected/Compute_block2in/solution1/.autopilot/db/Compute2in.pp.0.cpp std=gnu++14 -target fpga  
Execute         ap_eval exec -ignorestderr /tools/Xilinx/Vitis_HLS/2022.2/lnx64/tools/clang-3.9-csynth/bin/clang-tidy -export-fixes=/home/pulp1/HLS_corrected/Compute_block2in/solution1/.autopilot/db/Compute2in.pp.0.cpp.clang-tidy.loop-label.diag.yml -header-filter=.* --checks=-*,xilinx-label-all-loops,xilinx-aggregate-on-hls-vector,,xilinx-warn-mayneed-no-ctor-attribute -fix-errors /home/pulp1/HLS_corrected/Compute_block2in/solution1/.autopilot/db/Compute2in.pp.0.cpp -- -std=gnu++14 -target fpga -fhls -ferror-limit=0 > /home/pulp1/HLS_corrected/Compute_block2in/solution1/.autopilot/db/Compute2in.pp.0.cpp.clang-tidy.loop-label.out.log 2> /home/pulp1/HLS_corrected/Compute_block2in/solution1/.autopilot/db/Compute2in.pp.0.cpp.clang-tidy.loop-label.err.log 
Command         ap_eval done; 1.17 sec.
Command       clang_tidy done; 1.21 sec.
Execute       ap_eval exec -ignorestderr /tools/Xilinx/Vitis_HLS/2022.2/lnx64/tools/clang-3.9-csynth/bin/xilinx-dataflow-lawyer -export-fixes=/home/pulp1/HLS_corrected/Compute_block2in/solution1/.autopilot/db/Compute2in.pp.0.cpp.xilinx-dataflow-lawyer.diag.yml /home/pulp1/HLS_corrected/Compute_block2in/solution1/.autopilot/db/Compute2in.pp.0.cpp -- -std=gnu++14 -target fpga -fhls -ferror-limit=0 -fstrict-dataflow > /home/pulp1/HLS_corrected/Compute_block2in/solution1/.autopilot/db/Compute2in.pp.0.cpp.xilinx-dataflow-lawyer.out.log 2> /home/pulp1/HLS_corrected/Compute_block2in/solution1/.autopilot/db/Compute2in.pp.0.cpp.xilinx-dataflow-lawyer.err.log 
Command       ap_eval done; 0.58 sec.
Execute       ap_part_info -name xczu7ev-ffvc1156-2-e -data info 
INFO-FLOW: compiling source code to llvm bc
Execute       ap_eval exec -ignorestderr /tools/Xilinx/Vitis_HLS/2022.2/lnx64/tools/clang-3.9-csynth/bin/clang -foptimization-record-file=/home/pulp1/HLS_corrected/Compute_block2in/solution1/.autopilot/db/Compute2in.pp.0.cpp.clang.diag.yml -mllvm -pass-remarks-missed=reflow|pasta|unroll -mllvm -pass-remarks=reflow|pasta|unroll|inline -fno-limit-debug-info -fhls -flto -fno-exceptions -Wno-error=c++11-narrowing /home/pulp1/HLS_corrected/Compute_block2in/solution1/.autopilot/db/Compute2in.pp.0.cpp -fno-math-errno -c -emit-llvm -mllvm -disable-llvm-optzns -Werror=implicit-function-declaration -Werror=implicit-hls-streams -Werror=return-type -Wpragmas -Wunused-parameter -Wdump-hls-pragmas -Wno-error=dump-hls-pragmas -fno-threadsafe-statics -fno-use-cxa-atexit -std=gnu++14 -target fpga64-xilinx-linux-gnu -D__VITIS_HLS__ -DAESL_SYN -D__SYNTHESIS__ -D__HLS_SYN__ -I /tools/Xilinx/Vitis_HLS/2022.2/common/technology/autopilot -I /tools/Xilinx/Vitis_HLS/2022.2/common/technology/autopilot/ap_sysc -include etc/autopilot_ssdm_op.h -D__DSP48E2__ -g -o /home/pulp1/HLS_corrected/Compute_block2in/solution1/.autopilot/db/Compute2in.bc -hls-platform-db-name=/tools/Xilinx/Vitis_HLS/2022.2/common/technology/xilinx/common/platform.db -hls-platform-name=zynquplus_medium -device-resource-info=BRAM_624.000000_DSP_1728.000000_FF_460800.000000_LUT_230400.000000_SLICE_28800.000000_URAM_96.000000 -device-name-info=xczu7ev-ffvc1156-2-e > /home/pulp1/HLS_corrected/Compute_block2in/solution1/.autopilot/db/Compute2in.pp.0.cpp.clang.out.log 2> /home/pulp1/HLS_corrected/Compute_block2in/solution1/.autopilot/db/Compute2in.pp.0.cpp.clang.err.log 
Command       ap_eval done; 0.73 sec.
INFO: [HLS 200-111] Finished Source Code Analysis and Preprocessing: CPU user time: 4.95 seconds. CPU system time: 0.81 seconds. Elapsed time: 5.79 seconds; current allocated memory: 794.594 MB.
INFO-FLOW: Linking Debug ...
INFO-FLOW: Linking dut bc code.
Execute       run_link_or_opt -out /home/pulp1/HLS_corrected/Compute_block2in/solution1/.autopilot/db/a.g.ld.0.bc -args  "/home/pulp1/HLS_corrected/Compute_block2in/solution1/.autopilot/db/Compute2in.g.bc"  
Execute         ap_eval exec -ignorestderr /tools/Xilinx/Vitis_HLS/2022.2/lnx64/tools/clang-3.9-csynth/bin/llvm-link /home/pulp1/HLS_corrected/Compute_block2in/solution1/.autopilot/db/Compute2in.g.bc -o /home/pulp1/HLS_corrected/Compute_block2in/solution1/.autopilot/db/a.g.ld.0.bc > /home/pulp1/HLS_corrected/Compute_block2in/solution1/.autopilot/db/a.g.ld.0.bc.llvm-link.out.log 2> /home/pulp1/HLS_corrected/Compute_block2in/solution1/.autopilot/db/a.g.ld.0.bc.llvm-link.err.log 
INFO-FLOW: 
Execute       run_link_or_opt -opt -out /home/pulp1/HLS_corrected/Compute_block2in/solution1/.autopilot/db/a.g.ld.1.lower.bc -args /home/pulp1/HLS_corrected/Compute_block2in/solution1/.autopilot/db/a.g.ld.0.bc -reflow-lower-math-intrinsics 
Execute         ap_eval exec -ignorestderr /tools/Xilinx/Vitis_HLS/2022.2/lnx64/tools/clang-3.9-csynth/bin/opt -pass-remarks-missed=reflow|pasta|unroll -pass-remarks=reflow|pasta|unroll|inline -pass-remarks-output=/home/pulp1/HLS_corrected/Compute_block2in/solution1/.autopilot/db/a.g.ld.1.lower.bc.opt.diag.yml /home/pulp1/HLS_corrected/Compute_block2in/solution1/.autopilot/db/a.g.ld.0.bc -reflow-lower-math-intrinsics -o /home/pulp1/HLS_corrected/Compute_block2in/solution1/.autopilot/db/a.g.ld.1.lower.bc > /home/pulp1/HLS_corrected/Compute_block2in/solution1/.autopilot/db/a.g.ld.1.lower.bc.opt.out.log 2> /home/pulp1/HLS_corrected/Compute_block2in/solution1/.autopilot/db/a.g.ld.1.lower.bc.opt.err.log 
INFO-FLOW: 
INFO-FLOW: Linking math bc lib
Execute       run_link_or_opt -out /home/pulp1/HLS_corrected/Compute_block2in/solution1/.autopilot/db/a.g.ld.2.m1.bc -args /home/pulp1/HLS_corrected/Compute_block2in/solution1/.autopilot/db/a.g.ld.1.lower.bc -only-needed /tools/Xilinx/Vitis_HLS/2022.2/lnx64/lib/libhlsm_39.bc /tools/Xilinx/Vitis_HLS/2022.2/lnx64/lib/libhlsmc++_39.bc 
Execute         ap_eval exec -ignorestderr /tools/Xilinx/Vitis_HLS/2022.2/lnx64/tools/clang-3.9-csynth/bin/llvm-link /home/pulp1/HLS_corrected/Compute_block2in/solution1/.autopilot/db/a.g.ld.1.lower.bc -only-needed /tools/Xilinx/Vitis_HLS/2022.2/lnx64/lib/libhlsm_39.bc /tools/Xilinx/Vitis_HLS/2022.2/lnx64/lib/libhlsmc++_39.bc -o /home/pulp1/HLS_corrected/Compute_block2in/solution1/.autopilot/db/a.g.ld.2.m1.bc > /home/pulp1/HLS_corrected/Compute_block2in/solution1/.autopilot/db/a.g.ld.2.m1.bc.llvm-link.out.log 2> /home/pulp1/HLS_corrected/Compute_block2in/solution1/.autopilot/db/a.g.ld.2.m1.bc.llvm-link.err.log 
Command         ap_eval done; 2.8 sec.
INFO-FLOW: 
Command       run_link_or_opt done; 2.81 sec.
Execute       run_link_or_opt -opt -out /home/pulp1/HLS_corrected/Compute_block2in/solution1/.autopilot/db/a.g.ld.3.fpc.bc -args /home/pulp1/HLS_corrected/Compute_block2in/solution1/.autopilot/db/a.g.ld.2.m1.bc -reflow-globaldce -hls-top-function-name=compute2in -reflow-float-conversion 
Execute         ap_eval exec -ignorestderr /tools/Xilinx/Vitis_HLS/2022.2/lnx64/tools/clang-3.9-csynth/bin/opt -pass-remarks-missed=reflow|pasta|unroll -pass-remarks=reflow|pasta|unroll|inline -pass-remarks-output=/home/pulp1/HLS_corrected/Compute_block2in/solution1/.autopilot/db/a.g.ld.3.fpc.bc.opt.diag.yml /home/pulp1/HLS_corrected/Compute_block2in/solution1/.autopilot/db/a.g.ld.2.m1.bc -reflow-globaldce -hls-top-function-name=compute2in -reflow-float-conversion -o /home/pulp1/HLS_corrected/Compute_block2in/solution1/.autopilot/db/a.g.ld.3.fpc.bc > /home/pulp1/HLS_corrected/Compute_block2in/solution1/.autopilot/db/a.g.ld.3.fpc.bc.opt.out.log 2> /home/pulp1/HLS_corrected/Compute_block2in/solution1/.autopilot/db/a.g.ld.3.fpc.bc.opt.err.log 
Command         ap_eval done; 0.96 sec.
INFO-FLOW: 
Command       run_link_or_opt done; 0.96 sec.
Execute       run_link_or_opt -out /home/pulp1/HLS_corrected/Compute_block2in/solution1/.autopilot/db/a.g.ld.4.m2.bc -args /home/pulp1/HLS_corrected/Compute_block2in/solution1/.autopilot/db/a.g.ld.3.fpc.bc -only-needed /tools/Xilinx/Vitis_HLS/2022.2/lnx64/lib/libfloatconversion_39.bc 
Execute         ap_eval exec -ignorestderr /tools/Xilinx/Vitis_HLS/2022.2/lnx64/tools/clang-3.9-csynth/bin/llvm-link /home/pulp1/HLS_corrected/Compute_block2in/solution1/.autopilot/db/a.g.ld.3.fpc.bc -only-needed /tools/Xilinx/Vitis_HLS/2022.2/lnx64/lib/libfloatconversion_39.bc -o /home/pulp1/HLS_corrected/Compute_block2in/solution1/.autopilot/db/a.g.ld.4.m2.bc > /home/pulp1/HLS_corrected/Compute_block2in/solution1/.autopilot/db/a.g.ld.4.m2.bc.llvm-link.out.log 2> /home/pulp1/HLS_corrected/Compute_block2in/solution1/.autopilot/db/a.g.ld.4.m2.bc.llvm-link.err.log 
INFO-FLOW: 
Execute       run_link_or_opt -opt -out /home/pulp1/HLS_corrected/Compute_block2in/solution1/.autopilot/db/a.g.ld.5.gdce.bc -args /home/pulp1/HLS_corrected/Compute_block2in/solution1/.autopilot/db/a.g.ld.4.m2.bc -reflow-globaldce -hls-top-function-name=compute2in 
Execute         ap_eval exec -ignorestderr /tools/Xilinx/Vitis_HLS/2022.2/lnx64/tools/clang-3.9-csynth/bin/opt -pass-remarks-missed=reflow|pasta|unroll -pass-remarks=reflow|pasta|unroll|inline -pass-remarks-output=/home/pulp1/HLS_corrected/Compute_block2in/solution1/.autopilot/db/a.g.ld.5.gdce.bc.opt.diag.yml /home/pulp1/HLS_corrected/Compute_block2in/solution1/.autopilot/db/a.g.ld.4.m2.bc -reflow-globaldce -hls-top-function-name=compute2in -o /home/pulp1/HLS_corrected/Compute_block2in/solution1/.autopilot/db/a.g.ld.5.gdce.bc > /home/pulp1/HLS_corrected/Compute_block2in/solution1/.autopilot/db/a.g.ld.5.gdce.bc.opt.out.log 2> /home/pulp1/HLS_corrected/Compute_block2in/solution1/.autopilot/db/a.g.ld.5.gdce.bc.opt.err.log 
INFO-FLOW: 
Execute       send_msg_by_id INFO @200-777@%s Vivado 
INFO: [HLS 200-777] Using interface defaults for 'Vivado' flow target.
Execute       is_m_axi_addr64 
INFO-FLOW: Doing LTO.
Execute       ap_eval exec -ignorestderr /tools/Xilinx/Vitis_HLS/2022.2/lnx64/tools/clang-3.9-csynth/bin/clang -foptimization-record-file=/home/pulp1/HLS_corrected/Compute_block2in/solution1/.autopilot/db/a.g.ld.0.bc.clang.diag.yml -mllvm -pass-remarks-missed=reflow|pasta|unroll -mllvm -pass-remarks=reflow|pasta|unroll|inline -fhls -mllvm -hls-top-function-name=compute2in -mllvm -hls-db-dir -mllvm /home/pulp1/HLS_corrected/Compute_block2in/solution1/.autopilot/db -emit-llvm -c -target fpga64-xilinx-none -mllvm -xcl-xmlinfo=/home/pulp1/HLS_corrected/Compute_block2in/solution1/.autopilot/db/kernel.internal.xml -mllvm -top-io-mapping-info=/home/pulp1/HLS_corrected/Compute_block2in/solution1/.autopilot/db/top-io-fe.xml -mllvm -hls-bitcode-version=3.1 -mllvm -reflow-enable-slave-interface-default-setting=true -mllvm -gen-kernel-xml=false -mllvm -default-maxi-offset=slave -mllvm -maxi-latency=0 -mllvm -hls-maxi-data-size-in-bits=8 -mllvm -hls-maxi-max-data-size-in-bits=1024 -mllvm -hls-max-widen-size-in-bits=0 -mllvm -xcl-kernel-max-mem-ports=0 -mllvm -maxi-read-trans=16 -mllvm -maxi-write-trans=16 -mllvm -maxi-read-burst-len=16 -mllvm -maxi-write-burst-len=16 -mllvm -reflow-enable-saxi-64bits=0 -mllvm -reflow-basic-block-instr-threshold=200000 -mllvm -reflow-auto-pipeline-threshold=64 -mllvm -reflow-enable-maxi-auto-id-channel=0 -mllvm -assume-maxi-align=1 -mllvm -reflow-pipeline-style-llvm-setting=2 -mllvm -reflow-enable-dataflow-strict-mode-checking=1 -mllvm -reflow-auto-array-partition-mode=default -mllvm -reflow-enable-auto-array-partition=true -mllvm -reflow-enable-auto-parallel-performance-driven=true -mllvm -reflow-enable-partition-for-automation=true -mllvm -reflow-aggregate-bitwidth-threshold=4096 -mllvm -reflow-assume-no-address-wrap=true -mllvm -hls -mllvm -disable-inlined-alloca-merging=true -mllvm -default-clock-period=10 -x ir /home/pulp1/HLS_corrected/Compute_block2in/solution1/.autopilot/db/a.g.ld.5.gdce.bc -o /home/pulp1/HLS_corrected/Compute_block2in/solution1/.autopilot/db/a.g.lto.bc -hls-platform-db-name=/tools/Xilinx/Vitis_HLS/2022.2/common/technology/xilinx/common/platform.db -hls-platform-name=zynquplus_medium -device-resource-info=BRAM_624.000000_DSP_1728.000000_FF_460800.000000_LUT_230400.000000_SLICE_28800.000000_URAM_96.000000 -device-name-info=xczu7ev-ffvc1156-2-e > /home/pulp1/HLS_corrected/Compute_block2in/solution1/.autopilot/db/a.g.ld.0.bc.clang.out.log 2> /home/pulp1/HLS_corrected/Compute_block2in/solution1/.autopilot/db/a.g.ld.0.bc.clang.err.log 
Command       ap_eval done; 0.39 sec.
INFO: [HLS 214-291] Loop 'VITIS_LOOP_66_2' is marked as complete unroll implied by the pipeline pragma (Compute_block2in/Compute2in.cpp:66:30)
INFO: [HLS 214-291] Loop 'VITIS_LOOP_87_3' is marked as complete unroll implied by the pipeline pragma (Compute_block2in/Compute2in.cpp:87:30)
INFO: [HLS 214-291] Loop 'VITIS_LOOP_91_4' is marked as complete unroll implied by the pipeline pragma (Compute_block2in/Compute2in.cpp:91:34)
INFO: [HLS 214-186] Unrolling loop 'VITIS_LOOP_66_2' (Compute_block2in/Compute2in.cpp:66:30) in function 'compute2in' completely with a factor of 2 (Compute_block2in/Compute2in.cpp:38:0)
INFO: [HLS 214-186] Unrolling loop 'VITIS_LOOP_91_4' (Compute_block2in/Compute2in.cpp:91:34) in function 'compute2in' completely with a factor of 4 (Compute_block2in/Compute2in.cpp:38:0)
INFO: [HLS 214-248] Applying array_partition to '_ZZ10compute2inP6ap_intILi32EES1_S1_bE4REG1': Complete partitioning on dimension 1. (Compute_block2in/Compute2in.cpp:52:0)
INFO: [HLS 214-248] Applying array_partition to 'REG': Complete partitioning on dimension 1. Complete partitioning on dimension 2. (Compute_block2in/Compute2in.cpp:50:13)
INFO-FLOW: DBG:PUTS: copy_raw_kernel_xml ap_link_39: kernel.xml not generated: /home/pulp1/HLS_corrected/Compute_block2in/solution1/.autopilot/db/kernel.internal.xml
INFO: [HLS 200-111] Finished Compiling Optimization and Transform: CPU user time: 3.9 seconds. CPU system time: 0.53 seconds. Elapsed time: 4.54 seconds; current allocated memory: 794.855 MB.
INFO: [HLS 200-111] Finished Checking Pragmas: CPU user time: 0 seconds. CPU system time: 0 seconds. Elapsed time: 0 seconds; current allocated memory: 794.867 MB.
Execute       opt_and_import_c a -opt_level=2 -skip_syncheck=0 -ng=0 -keep_printf=0 
Execute         cleanup_all_models 
INFO: [HLS 200-10] Starting code transformations ...
INFO-FLOW: Running Standard Transforms...
Execute         transform -hls -share-std-xform -demangle-name -inline-byval-memcpy -always-inline -promote-dbg-pointer -interface-preproc -mem2reg -scalarrepl -mem2reg -keep-read-access -instcombine -dce -promote-dbg-pointer -bitop-raise -loop-simplify -indvarspre -indvars -loop-simplify -xunroll -constprop -instcombine -simplifycfg -indvars -simplifycfg -dce -globaldce -basicaa -simplifycfg -mem2reg -globalopt -global-constprop -deadargelim -instcombine -simplifycfg -scalarrepl -instcombine -reassociate -licm -simplifycfg -loop-simplify -indvars -instcombine -simplifycfg -mem2reg -loop-simplify -indvars -instcombine -gvn -gvn -instcombine -adce -break-crit-edges -simplifycfg -loop-delete -global-array-opt -dce -dse -adce -find-syn-modules -top compute2in -deadargelim -mem2reg -instcombine -dce -presyn-prepare -auto-rom-infer -interface-preproc -syn-check -check-rec-only -find-region -simplifycfg -func-extr -function-inline -globaldce -mem2reg -instcombine -dce -gvn -globaldce -adce -adse -constprop -instcombine -bit-constprop -instcombine -dce -simplifycfg -bitop-raise -simplifycfg -dce -loop-delete -reassociate -globalopt -global-privatize -mem2reg -dce -global-constprop -pointer-simplify -constprop -dce -auto-shift-reg-idiom -promote-dbg-pointer -norm-name /home/pulp1/HLS_corrected/Compute_block2in/solution1/.autopilot/db/a.g.0.bc -o /home/pulp1/HLS_corrected/Compute_block2in/solution1/.autopilot/db/a.g.1.bc -f -phase std-opt 
INFO: [HLS 200-111] Finished Standard Transforms: CPU user time: 0.06 seconds. CPU system time: 0.01 seconds. Elapsed time: 0.07 seconds; current allocated memory: 794.871 MB.
INFO: [HLS 200-10] Checking synthesizability ...
INFO-FLOW: Checking Synthesizability 1/2..
Execute         transform -hls -syn-check -check-rec-only -scalarrepl -norm-name -dce -mem2reg -instcombine -directive-preproc -mem2reg -dse -dce -auto-rom-infer -dce -pag -array-normalize -instcombine -dce -array-seg-normalize -instcombine -dce -data-pack -instcombine -dce -inst-simplify -array-flatten -instcombine -dce -array-burst -dce -deadargelim -promote-global-argument -simplifycfg -mem2reg -globaldce -dce -deadargelim -dce -instcombine -function-inline -globaldce -dce -doublePtrSimplify -doublePtrElim -dce -doublePtrSimplify -promote-dbg-pointer -dce -scalarrepl -dse -adse -instcombine -ptrLegalization -simplifycfg -dce -instcombine -pointer-simplify -ptrArgReplace -dce -instcombine -resolve-double-ptr -scalarrepl -norm-name -dce -mem2reg -instcombine -ptrLegalization -simplifycfg -deadargelim -instcombine -dce -inst-simplify -directive-preproc -mem2reg -dse -dce -globaldce /home/pulp1/HLS_corrected/Compute_block2in/solution1/.autopilot/db/a.g.1.bc -o /home/pulp1/HLS_corrected/Compute_block2in/solution1/.autopilot/db/a.g.2.prechk.bc -f 
INFO-FLOW: Checking Synthesizability 2/2..
Execute         transform -syn-check /home/pulp1/HLS_corrected/Compute_block2in/solution1/.autopilot/db/a.g.2.prechk.bc -o /home/pulp1/HLS_corrected/Compute_block2in/solution1/.autopilot/db/a.g.2.bc -f -phase syn-check 
WARNING: [SYNCHK 200-24] /tools/Xilinx/Vitis_HLS/2022.2/common/technology/autopilot/ap_int_ref.h:628: Index for bit vector operation is out of bound.
INFO: [SYNCHK 200-10] 0 error(s), 1 warning(s).
INFO: [HLS 200-111] Finished Checking Synthesizability: CPU user time: 0.08 seconds. CPU system time: 0 seconds. Elapsed time: 0.08 seconds; current allocated memory: 794.871 MB.
INFO-FLOW: Compiler optimizing ...
INFO-FLOW: Share syncheck's 1.bc for syn flow: copy /home/pulp1/HLS_corrected/Compute_block2in/solution1/.autopilot/db/a.g.1.bc to /home/pulp1/HLS_corrected/Compute_block2in/solution1/.autopilot/db/a.o.1.bc
INFO-FLOW: Presyn 1...
Execute         transform -hls -tmp /home/pulp1/HLS_corrected/Compute_block2in/solution1/.autopilot/db -interface-port-rename -directive-preproc -mem2reg -dse -dce -scalarrepl -norm-name -deadargelim -mem2reg -instcombine -dce -simplifycfg -auto-rom-infer -dce -resource-proc -clib-intrinsic-prepare -dce -func-buffer -dce -pag -array-normalize -func-legal -instcombine -gvn -constprop -dce -simplifycfg -mem2reg -globaldce -resolve-double-ptr -dce -deadargelim -dce -instcombine -ptrArgReplace -mem2reg -dce -array-seg-normalize -deadargelim -instcombine -dce -directive-preproc -mem2reg -dse -dce -pointer-simplify -dce -port-alignment -dce -interface-preproc -data-pack -instcombine -dce -basicaa -aggr-aa -aggrmodref-aa -aggr-aa -gvn -gvn -basicaa -aggr-aa -aggrmodref-aa -aggr-aa -dse -adse -adce -loop-simplify -indvars -instcombine -gvn -loop-simplify -mem2reg -dce -find-region -instcombine -auto-loop-pipeline -inst-simplify -interface-preproc -cfgopt -instcombine -indvars -auto-loop-unroll -loop-simplify -loop-bound -xunroll -constprop -instcombine -simplifycfg -indvars -simplifycfg -dce -globaldce -clean-region -attach-range -gvn -inst-simplify -constprop -simplifycfg -dce -pointer-simplify -dce -globalopt -constprop -dce -array-promote -scalar-auto-dep-elim -constprop -dce -ptrArgReplace -mem2reg -simplifycfg -dce -instcombine -dce -array-transform-check -array-reshape -instcombine -simplifycfg -dce -ptrArgReplace -deadargelim -mem2reg -instcombine -simplifycfg -dce -indvars -loop-simplify -loop-bound -xunroll -constprop -instcombine -simplifycfg -indvars -simplifycfg -dce -globaldce -basicaa -aggr-aa -aggrmodref-aa -aggr-aa -dse -duplicate-dataflow-processes -globaldce -instcombine -array-partition -prepare-dynamic-array-partition -instcombine -simplifycfg -dce -ptrArgReplace -global-constprop -deadargelim -mem2reg -func-legal -dce -global-constprop -deadargelim -mem2reg -simplifycfg -dce -merge-param -deadargelim -globalopt -constprop -dce -array-promote -scalar-auto-dep-elim -constprop -dce -ptrArgReplace -mem2reg -simplifycfg -dce -mem-intrinsic-preproc -dce -global-internalize -global-privatize -mem2reg -globaldce -promote-global-argument -ptrArgReplace -mem2reg -dce -globalopt -mergereturn -simplify-global-access -mem2reg -dce -pointer-simplify -dce -functionattrs -basicaa -aggr-aa -aggrmodref-aa -aggr-aa -gvn -gvn -basicaa -aggr-aa -aggrmodref-aa -aggr-aa -dse -adse -adce -dce -norm-name -basicaa -aggr-aa -aggrmodref-aa -aggr-aa -accesses-merge -function-inline -complex-op-raise -inst-simplify -globaldce -func-legal -dce -loop-bound -arraycheck -bitwidthmin2 -bitwidthmin2 -on-by-dataflow -loop-delete -instcombine -simplifycfg -globaldce -dce -gvn -deadargelim -dce -loop-simplify -clean-region -simplifycfg -propagate-stable-arguments -loop-stream -instcombine -simplifycfg -dce -globaldce -duplicate-dataflow-processes -stream-intrinsic-preproc -dce -check-ap-stream -loop-simplify -eliminate-keepreads -extract-dataflow-in-loop -loop-simplify -dce -gvn -deadargelim -dse -duplicate-dataflow-processes -check-dataflow-syntax -legalize-stream-variable -globaldce -legalize-global -extract-subproc -dce -dead-channel-elimination -canonicalize-gep -globaldce -dce -gvn -hls-dead-arg-elim -deadargelim -directive-preproc -canonicalize-dataflow -dce -globaldce -scalar-preprocessing -scalar-propagation2 -deadargelim -globaldce -mem2reg -check-dataflow-channels -function-stream -dce -globaldce -prop-fifo-spec -internal-stream-gen -canonicalize-gep -globaldce -dce -gvn -deadargelim -mergereturn -indvars -loop-simplify -instcombine -array-stream -array-seg-normalize -array-partition -func-legal -instcombine -simplifycfg -dce -bundle-memfifo-ops -deadargelim -directive-preproc -mem2reg -dse -dce -group-axi-access -licm -simplifycfg -dce -loop-delete -hls-display -norm-name /home/pulp1/HLS_corrected/Compute_block2in/solution1/.autopilot/db/a.o.1.bc -o /home/pulp1/HLS_corrected/Compute_block2in/solution1/.autopilot/db/a.o.1.tmp.bc -f 
INFO: [XFORM 203-502] Unrolling all sub-loops inside loop 'VITIS_LOOP_63_1' (Compute_block2in/Compute2in.cpp:65) in function 'compute2in' for pipelining.
WARNING: [HLS 200-936] Cannot unroll loop 'VITIS_LOOP_87_3' (Compute_block2in/Compute2in.cpp:87) in function 'compute2in': cannot completely unroll a loop with a variable trip count.
Command         transform done; 0.13 sec.
INFO-FLOW: Presyn 2...
Execute         transform -hls -keep-callgraph -scalarrepl -mem2reg -port-alignment -attach-range -dce -pipe-mux-gen -indvars -loop-bound -inst-simplify -instcombine -dce -merge-array-access -mem2reg -dce -clean-region -mergereturn -if-conv -instcombine -dce -constprop -basicaa -aggr-aa -aggrmodref-aa -aggr-aa -gvn -gvn -basicaa -aggr-aa -aggrmodref-aa -aggr-aa -dse -adse -adce -scalarrepl -mem2reg -global-constprop -deadargelim -deadargelim -instcombine -dce -simplifycfg -ptrArgReplace -mem2reg -function-inline -globaldce -mem2reg -instcombine -dce -expr-balance -instcombine -dce -bitwidthmin2 -bitwidthmin2 -interface-preproc -directive-preproc -inst-rectify -instcombine -dce -functionattrs -constprop -instcombine -bit-constprop -simplify-global-access -globalopt -globaldce -inst-simplify -instcombine -elimdeaddata -dce -loop-delete -simplifycfg -loop-simplify -barrier -norm-name /home/pulp1/HLS_corrected/Compute_block2in/solution1/.autopilot/db/a.o.1.tmp.bc -o /home/pulp1/HLS_corrected/Compute_block2in/solution1/.autopilot/db/a.o.2.bc -f -phase presyn 
INFO: [XFORM 203-401] Performing if-conversion on hyperblock from (Compute_block2in/Compute2in.cpp:64:9) to (Compute_block2in/Compute2in.cpp:82:16) in function 'compute2in'... converting 5 basic blocks.
INFO: [HLS 200-111] Finished Loop, function and other optimizations: CPU user time: 0.17 seconds. CPU system time: 0.03 seconds. Elapsed time: 0.21 seconds; current allocated memory: 817.062 MB.
INFO-FLOW: Building ssdm...
Execute         transform -hls -auto-function-inline -globaldce -ptrArgReplace -mem2reg -dce -reset-lda -loop-simplify -indvars -aggr-aa -licm -loop-dep -loop-bound -licm -loop-simplify -loop-sink-hoist -flattenloopnest -array-flatten -gvn -instcombine -dce -array-map -dce -func-legal -gvn -adce -instcombine -cfgopt -simplifycfg -loop-simplify -array-burst -promote-global-argument -dce -array-seg-normalize -basicaa -aggrmodref-aa -globalsmodref-aa -aggr-aa -gvn -gvn -basicaa -aggrmodref-aa -globalsmodref-aa -aggr-aa -dse -adse -adce -licm -inst-simplify -dce -globaldce -instcombine -array-stream -eliminate-keepreads -instcombine -dce -deadargelim -doublePtrSimplify -doublePtrElim -dce -doublePtrSimplify -promote-dbg-pointer -dce -scalarrepl -mem2reg -norm-name -mem2reg -instcombine -dse -adse -adce -ptrLegalization -dce -auto-rom-infer -array-flatten -dce -instcombine -check-doubleptr -loop-rot -constprop -cfgopt -simplifycfg -loop-simplify -indvars -pointer-simplify -dce -loop-bound -loop-simplify -loop-preproc -constprop -global-constprop -gvn -mem2reg -instcombine -dce -loop-bound -loop-merge -dce -deadargelim -dce -canonicalize-dataflow -dce -deadargelim -globaldce -mem2reg -bram-byte-enable -load-elim -read-loop-dep -loop-simplify -loop-extract-inner -directive-preproc -bitwidthmin2 -bitwidthmin2 -read-loop-dep -interface-preproc -directive-preproc -interface-gen -bram-byte-enable-spec-prop -deadargelim -inst-simplify -dce -gvn -mem2reg -instcombine -dce -adse -loop-bound -instcombine -cfgopt -simplifycfg -loop-simplify -clean-region -io-protocol -find-region -mem2reg -bitop-raise -complex-op-raise -inst-simplify -inst-rectify -instcombine -adce -deadargelim -float-op-raise -loop-simplify -phi-opt -bitop-raise -cfgopt -simplifycfg -strip-dead-prototypes -interface-lower -bitop-lower -intrinsic-lower -auto-function-inline -basicaa -aggrmodref-aa -globalsmodref-aa -aggr-aa -inst-simplify -simplifycfg -loop-simplify -mergereturn -inst-simplify -inst-rectify -dce -load-elim -bitop-lower -float-op-raise -fma-raise -loop-rewind -pointer-simplify -dce -cfgopt -dce -loop-bound -loop-dep -read-loop-dep -dce -dyn-mem-reuse -dce -recurrence-min -dce -share-scalar-alloca -deadargelim -dce -check-stream -norm-name -legalize -validate-dataflow -inst-clarity -bitwidth -dump-loop-dep-to-ir -check-all-ssdm -cdfg-build /home/pulp1/HLS_corrected/Compute_block2in/solution1/.autopilot/db/a.o.2.bc -o /home/pulp1/HLS_corrected/Compute_block2in/solution1/.autopilot/db/a.o.3.bc -f -phase build-ssdm 
WARNING: [HLS 200-960] Cannot flatten loop 'VITIS_LOOP_63_1' (Compute_block2in/Compute2in.cpp:65:8) in function 'compute2in' the outer loop is not a perfect loop because there is nontrivial logic before entering the inner loop.
INFO: [HLS 200-111] Finished Architecture Synthesis: CPU user time: 0.11 seconds. CPU system time: 0 seconds. Elapsed time: 0.1 seconds; current allocated memory: 817.062 MB.
INFO-FLOW: Finish building internal data model.
Command       opt_and_import_c done; 0.46 sec.
Command     elaborate done; 10.79 sec.
Execute     ap_eval exec zip -j /home/pulp1/HLS_corrected/Compute_block2in/solution1/.autopilot/db/dut.hcp $dbDir/a.o.3.bc $dbDir/${topname}.rtl_wrap.cfg.tcl $dbDir/apatb_${topname}.cpp $dbDir/apatb_${topname}_util.cpp $dbDir/apatb_${topname}_ir.ll $dbDir/mapper_${topname}.cpp $dbDir/top-io-fe.xml $dbDir/kernel.internal.xml $workdir/../hls.app 
Execute     autosyn -from_csynth_design=1 
INFO: [HLS 200-10] Starting hardware synthesis ...
INFO-FLOW: Synthesizing C/C++ design ...
INFO: [HLS 200-10] Synthesizing 'compute2in' ...
Execute       ap_set_top_model compute2in 
Execute       get_model_list compute2in -filter all-wo-channel -topdown 
Execute       preproc_iomode -model compute2in 
Execute       get_model_list compute2in -filter all-wo-channel 
INFO-FLOW: Model list for configure: compute2in
INFO-FLOW: Configuring Module : compute2in ...
Execute       set_default_model compute2in 
Execute       apply_spec_resource_limit compute2in 
INFO-FLOW: Model list for preprocess: compute2in
INFO-FLOW: Preprocessing Module: compute2in ...
Execute       set_default_model compute2in 
Execute       cdfg_preprocess -model compute2in 
Execute       rtl_gen_preprocess compute2in 
INFO-FLOW: Model list for synthesis: compute2in
INFO: [HLS 200-10] ----------------------------------------------------------------
INFO: [HLS 200-42] -- Implementing module 'compute2in' 
INFO: [HLS 200-10] ----------------------------------------------------------------
Execute       set_default_model compute2in 
Execute       schedule -model compute2in 
INFO: [SCHED 204-11] Starting scheduling ...
INFO: [HLS 200-486] Changing DSP latency (root=add_ln840_4) to 3 in order to utilize available DSP registers.
INFO: [HLS 200-486] Changing DSP latency (root=ret_V_1) to 3 in order to utilize available DSP registers.
INFO: [HLS 200-486] Changing DSP latency (root=ret_V_2) to 3 in order to utilize available DSP registers.
INFO: [HLS 200-486] Changing DSP latency (root=ret_V_4) to 3 in order to utilize available DSP registers.
INFO: [HLS 200-486] Changing DSP latency (root=ret_V) to 3 in order to utilize available DSP registers.
WARNING: [SCHED 204-65] Unable to satisfy pipeline directive for loop 'VITIS_LOOP_63_1': contains subloop(s) that are not unrolled or flattened.
INFO: [SCHED 204-11] Finished scheduling.
Command       schedule done; 0.18 sec.
INFO: [HLS 200-111] Finished Scheduling: CPU user time: 0.21 seconds. CPU system time: 0.04 seconds. Elapsed time: 0.25 seconds; current allocated memory: 817.062 MB.
Execute       syn_report -verbosereport -o /home/pulp1/HLS_corrected/Compute_block2in/solution1/.autopilot/db/compute2in.verbose.sched.rpt 
Execute         AP::get_flow_target_display_name
Execute       db_write -o /home/pulp1/HLS_corrected/Compute_block2in/solution1/.autopilot/db/compute2in.sched.adb -f 
INFO-FLOW: Finish scheduling compute2in.
Execute       set_default_model compute2in 
Execute       bind -model compute2in 
INFO: [BIND 205-100] Starting micro-architecture generation ...
INFO: [BIND 205-101] Performing variable lifetime analysis.
INFO: [BIND 205-101] Exploring resource sharing.
INFO: [BIND 205-101] Binding ...
INFO: [BIND 205-100] Finished micro-architecture generation.
INFO: [HLS 200-111] Finished Binding: CPU user time: 0.14 seconds. CPU system time: 0 seconds. Elapsed time: 0.15 seconds; current allocated memory: 817.062 MB.
Execute       syn_report -verbosereport -o /home/pulp1/HLS_corrected/Compute_block2in/solution1/.autopilot/db/compute2in.verbose.bind.rpt 
Execute         AP::get_flow_target_display_name
Command       syn_report done; 0.16 sec.
Execute       db_write -o /home/pulp1/HLS_corrected/Compute_block2in/solution1/.autopilot/db/compute2in.bind.adb -f 
INFO-FLOW: Finish binding compute2in.
Execute       get_model_list compute2in -filter all-wo-channel 
INFO-FLOW: Preprocessing for RTLGen ...
Execute       rtl_gen_preprocess compute2in 
INFO-FLOW: Model list for RTL generation: compute2in
INFO: [HLS 200-10] ----------------------------------------------------------------
INFO: [HLS 200-10] -- Generating RTL for module 'compute2in' 
INFO: [HLS 200-10] ----------------------------------------------------------------
Execute       create_rtl_model compute2in -top_prefix  -sub_prefix compute2in_ -mg_file /home/pulp1/HLS_corrected/Compute_block2in/solution1/.autopilot/db/compute2in.compgen.tcl 
INFO: [RTGEN 206-500] Setting interface mode on port 'compute2in/buffer_a' to 'ap_memory'.
INFO: [RTGEN 206-500] Setting interface mode on port 'compute2in/buffer_b' to 'ap_memory'.
INFO: [RTGEN 206-500] Setting interface mode on port 'compute2in/buffer_2' to 'ap_memory'.
INFO: [RTGEN 206-500] Setting interface mode on port 'compute2in/phase' to 'ap_none'.
INFO: [RTGEN 206-500] Setting interface mode on function 'compute2in' to 'ap_ctrl_hs'.
WARNING: [RTGEN 206-101] Register 'compute2in_ap_int_32_ap_int_32_ap_int_32_bool_REG1' is power-on initialization.
WARNING: [RTGEN 206-101] Register 'compute2in_ap_int_32_ap_int_32_ap_int_32_bool_REG1_5' is power-on initialization.
WARNING: [RTGEN 206-101] Register 'p_ZZ10compute2inP6ap_intILi32EES1_S1_bE4REG1_10' is power-on initialization.
WARNING: [RTGEN 206-101] Register 'p_ZZ10compute2inP6ap_intILi32EES1_S1_bE4REG1_15' is power-on initialization.
WARNING: [RTGEN 206-101] Register 'compute2in_ap_int_32_ap_int_32_ap_int_32_bool_REG1_1' is power-on initialization.
WARNING: [RTGEN 206-101] Register 'compute2in_ap_int_32_ap_int_32_ap_int_32_bool_REG1_2' is power-on initialization.
WARNING: [RTGEN 206-101] Register 'compute2in_ap_int_32_ap_int_32_ap_int_32_bool_REG1_3' is power-on initialization.
WARNING: [RTGEN 206-101] Register 'compute2in_ap_int_32_ap_int_32_ap_int_32_bool_REG1_4' is power-on initialization.
WARNING: [RTGEN 206-101] Register 'compute2in_ap_int_32_ap_int_32_ap_int_32_bool_REG1_6' is power-on initialization.
WARNING: [RTGEN 206-101] Register 'compute2in_ap_int_32_ap_int_32_ap_int_32_bool_REG1_7' is power-on initialization.
WARNING: [RTGEN 206-101] Register 'compute2in_ap_int_32_ap_int_32_ap_int_32_bool_REG1_8' is power-on initialization.
WARNING: [RTGEN 206-101] Register 'compute2in_ap_int_32_ap_int_32_ap_int_32_bool_REG1_9' is power-on initialization.
WARNING: [RTGEN 206-101] Register 'p_ZZ10compute2inP6ap_intILi32EES1_S1_bE4REG1_11' is power-on initialization.
WARNING: [RTGEN 206-101] Register 'p_ZZ10compute2inP6ap_intILi32EES1_S1_bE4REG1_12' is power-on initialization.
WARNING: [RTGEN 206-101] Register 'p_ZZ10compute2inP6ap_intILi32EES1_S1_bE4REG1_13' is power-on initialization.
WARNING: [RTGEN 206-101] Register 'p_ZZ10compute2inP6ap_intILi32EES1_S1_bE4REG1_14' is power-on initialization.
WARNING: [RTGEN 206-101] Port 'compute2in/buffer_b_address0' has no fanin or fanout and is left dangling.
               Please use C simulation to confirm this function argument can be read from or written to.
WARNING: [RTGEN 206-101] Setting dangling out port 'compute2in/buffer_b_address0' to 0.
WARNING: [RTGEN 206-101] Port 'compute2in/buffer_b_ce0' has no fanin or fanout and is left dangling.
               Please use C simulation to confirm this function argument can be read from or written to.
WARNING: [RTGEN 206-101] Setting dangling out port 'compute2in/buffer_b_ce0' to 0.
WARNING: [RTGEN 206-101] Port 'compute2in/buffer_b_we0' has no fanin or fanout and is left dangling.
               Please use C simulation to confirm this function argument can be read from or written to.
WARNING: [RTGEN 206-101] Setting dangling out port 'compute2in/buffer_b_we0' to 0.
WARNING: [RTGEN 206-101] Port 'compute2in/buffer_b_d0' has no fanin or fanout and is left dangling.
               Please use C simulation to confirm this function argument can be read from or written to.
WARNING: [RTGEN 206-101] Setting dangling out port 'compute2in/buffer_b_d0' to 0.
WARNING: [RTGEN 206-101] Port 'compute2in/buffer_b_q0' has no fanin or fanout and is left dangling.
               Please use C simulation to confirm this function argument can be read from or written to.
WARNING: [RTGEN 206-101] Port 'compute2in/buffer_b_address1' has no fanin or fanout and is left dangling.
               Please use C simulation to confirm this function argument can be read from or written to.
WARNING: [RTGEN 206-101] Setting dangling out port 'compute2in/buffer_b_address1' to 0.
WARNING: [RTGEN 206-101] Port 'compute2in/buffer_b_ce1' has no fanin or fanout and is left dangling.
               Please use C simulation to confirm this function argument can be read from or written to.
WARNING: [RTGEN 206-101] Setting dangling out port 'compute2in/buffer_b_ce1' to 0.
WARNING: [RTGEN 206-101] Port 'compute2in/buffer_b_we1' has no fanin or fanout and is left dangling.
               Please use C simulation to confirm this function argument can be read from or written to.
WARNING: [RTGEN 206-101] Setting dangling out port 'compute2in/buffer_b_we1' to 0.
WARNING: [RTGEN 206-101] Port 'compute2in/buffer_b_d1' has no fanin or fanout and is left dangling.
               Please use C simulation to confirm this function argument can be read from or written to.
WARNING: [RTGEN 206-101] Setting dangling out port 'compute2in/buffer_b_d1' to 0.
WARNING: [RTGEN 206-101] Port 'compute2in/buffer_b_q1' has no fanin or fanout and is left dangling.
               Please use C simulation to confirm this function argument can be read from or written to.
INFO: [RTGEN 206-100] Generating core module 'ama_addmuladd_16ns_16ns_1ns_17s_32_4_1': 1 instance(s).
INFO: [RTGEN 206-100] Generating core module 'mac_muladd_16ns_16ns_32ns_32_4_1': 2 instance(s).
INFO: [RTGEN 206-100] Generating core module 'mul_16ns_1ns_32_1_1': 2 instance(s).
INFO: [RTGEN 206-100] Generating core module 'mul_17ns_1ns_32_1_1': 2 instance(s).
INFO: [RTGEN 206-100] Generating core module 'mul_mul_16ns_16ns_32_4_1': 2 instance(s).
INFO: [RTGEN 206-100] Generating core module 'mux_124_32_1_1': 1 instance(s).
INFO: [RTGEN 206-100] Generating core module 'mux_154_32_1_1': 1 instance(s).
INFO: [RTGEN 206-100] Generating core module 'mux_32_16_1_1': 8 instance(s).
INFO: [RTGEN 206-100] Generating core module 'mux_42_32_1_1': 1 instance(s).
INFO: [RTGEN 206-100] Finished creating RTL model for 'compute2in'.
INFO: [HLS 200-111] Finished Creating RTL model: CPU user time: 0.24 seconds. CPU system time: 0.01 seconds. Elapsed time: 0.26 seconds; current allocated memory: 817.062 MB.
Execute       source /home/pulp1/HLS_corrected/Compute_block2in/solution1/.autopilot/db/compute2in.rtl_wrap.cfg.tcl 
Execute       gen_rtl compute2in -istop -style xilinx -f -lang vhdl -o /home/pulp1/HLS_corrected/Compute_block2in/solution1/syn/vhdl/compute2in 
Execute       gen_rtl compute2in -istop -style xilinx -f -lang vlog -o /home/pulp1/HLS_corrected/Compute_block2in/solution1/syn/verilog/compute2in 
Execute       syn_report -csynth -model compute2in -o /home/pulp1/HLS_corrected/Compute_block2in/solution1/syn/report/compute2in_csynth.rpt 
Execute         AP::get_flow_target_display_name
Execute       syn_report -rtlxml -model compute2in -o /home/pulp1/HLS_corrected/Compute_block2in/solution1/syn/report/compute2in_csynth.xml 
Execute       syn_report -verbosereport -model compute2in -o /home/pulp1/HLS_corrected/Compute_block2in/solution1/.autopilot/db/compute2in.verbose.rpt 
Execute         AP::get_flow_target_display_name
Command       syn_report done; 0.21 sec.
Execute       db_write -model compute2in -f -o /home/pulp1/HLS_corrected/Compute_block2in/solution1/.autopilot/db/compute2in.adb 
Execute       db_write -model compute2in -bindview -o /home/pulp1/HLS_corrected/Compute_block2in/solution1/.autopilot/db/design.bindinfo.xml 
Execute       gen_tb_info compute2in -p /home/pulp1/HLS_corrected/Compute_block2in/solution1/.autopilot/db -o /home/pulp1/HLS_corrected/Compute_block2in/solution1/.autopilot/db/compute2in 
Execute       export_constraint_db -f -tool general -o /home/pulp1/HLS_corrected/Compute_block2in/solution1/.autopilot/db/compute2in.constraint.tcl 
Execute       syn_report -designview -model compute2in -o /home/pulp1/HLS_corrected/Compute_block2in/solution1/.autopilot/db/compute2in.design.xml 
Execute       syn_report -csynthDesign -model compute2in -o /home/pulp1/HLS_corrected/Compute_block2in/solution1/syn/report/csynth.rpt 
Execute         AP::get_flow_target_display_name
Execute       syn_report -wcfg -model compute2in -o /home/pulp1/HLS_corrected/Compute_block2in/solution1/.autopilot/db/compute2in_dataflow_ana.wcfg 
Execute       syn_report -protoinst -model compute2in -o /home/pulp1/HLS_corrected/Compute_block2in/solution1/.autopilot/db/compute2in.protoinst 
Execute       sc_get_clocks compute2in 
Execute       sc_get_portdomain compute2in 
INFO-FLOW: Model list for RTL component generation: compute2in
INFO-FLOW: Handling components in module [compute2in] ... 
Execute       source /home/pulp1/HLS_corrected/Compute_block2in/solution1/.autopilot/db/compute2in.compgen.tcl 
INFO-FLOW: Found component compute2in_mul_17ns_1ns_32_1_1.
INFO-FLOW: Append model mul_17ns_1ns_32_1_1
INFO-FLOW: Found component compute2in_mux_42_32_1_1.
INFO-FLOW: Append model mux_42_32_1_1
INFO-FLOW: Found component compute2in_mux_32_16_1_1.
INFO-FLOW: Append model mux_32_16_1_1
INFO-FLOW: Found component compute2in_mul_16ns_1ns_32_1_1.
INFO-FLOW: Append model mul_16ns_1ns_32_1_1
INFO-FLOW: Found component compute2in_mux_154_32_1_1.
INFO-FLOW: Append model mux_154_32_1_1
INFO-FLOW: Found component compute2in_mux_124_32_1_1.
INFO-FLOW: Append model mux_124_32_1_1
INFO-FLOW: Found component compute2in_mul_mul_16ns_16ns_32_4_1.
INFO-FLOW: Append model mul_mul_16ns_16ns_32_4_1
INFO-FLOW: Found component compute2in_ama_addmuladd_16ns_16ns_1ns_17s_32_4_1.
INFO-FLOW: Append model ama_addmuladd_16ns_16ns_1ns_17s_32_4_1
INFO-FLOW: Found component compute2in_mac_muladd_16ns_16ns_32ns_32_4_1.
INFO-FLOW: Append model mac_muladd_16ns_16ns_32ns_32_4_1
INFO-FLOW: Append model compute2in
INFO-FLOW: Generating RTL model list ...
INFO-FLOW: All models in this session: compute2in_mul_17ns_1ns_32_1_1 compute2in_mux_42_32_1_1 compute2in_mux_32_16_1_1 compute2in_mul_16ns_1ns_32_1_1 compute2in_mux_154_32_1_1 compute2in_mux_124_32_1_1 compute2in_mul_mul_16ns_16ns_32_4_1 compute2in_ama_addmuladd_16ns_16ns_1ns_17s_32_4_1 compute2in_mac_muladd_16ns_16ns_32ns_32_4_1 compute2in mul_17ns_1ns_32_1_1 mux_42_32_1_1 mux_32_16_1_1 mul_16ns_1ns_32_1_1 mux_154_32_1_1 mux_124_32_1_1 mul_mul_16ns_16ns_32_4_1 ama_addmuladd_16ns_16ns_1ns_17s_32_4_1 mac_muladd_16ns_16ns_32ns_32_4_1 compute2in
INFO-FLOW: Generating /home/pulp1/HLS_corrected/Compute_block2in/solution1/.autopilot/db/autopilot.rtl.models.txt file...
INFO-FLOW: To file: write model compute2in_mul_17ns_1ns_32_1_1
INFO-FLOW: To file: write model compute2in_mux_42_32_1_1
INFO-FLOW: To file: write model compute2in_mux_32_16_1_1
INFO-FLOW: To file: write model compute2in_mul_16ns_1ns_32_1_1
INFO-FLOW: To file: write model compute2in_mux_154_32_1_1
INFO-FLOW: To file: write model compute2in_mux_124_32_1_1
INFO-FLOW: To file: write model compute2in_mul_mul_16ns_16ns_32_4_1
INFO-FLOW: To file: write model compute2in_ama_addmuladd_16ns_16ns_1ns_17s_32_4_1
INFO-FLOW: To file: write model compute2in_mac_muladd_16ns_16ns_32ns_32_4_1
INFO-FLOW: To file: write model compute2in
INFO-FLOW: To file: write model mul_17ns_1ns_32_1_1
INFO-FLOW: To file: write model mux_42_32_1_1
INFO-FLOW: To file: write model mux_32_16_1_1
INFO-FLOW: To file: write model mul_16ns_1ns_32_1_1
INFO-FLOW: To file: write model mux_154_32_1_1
INFO-FLOW: To file: write model mux_124_32_1_1
INFO-FLOW: To file: write model mul_mul_16ns_16ns_32_4_1
INFO-FLOW: To file: write model ama_addmuladd_16ns_16ns_1ns_17s_32_4_1
INFO-FLOW: To file: write model mac_muladd_16ns_16ns_32ns_32_4_1
INFO-FLOW: To file: write model compute2in
INFO-FLOW: Generating /home/pulp1/HLS_corrected/Compute_block2in/solution1/.autopilot/db/autopilot.rtl.models.tcl file...
INFO-FLOW: Finished generating RTL model list.


INFO-FLOW: RTL Generation done.
INFO-FLOW: CAS Generation done.
INFO-FLOW: CBC Generation done.
INFO-FLOW: DBG:PROC: ::AESL_AUTOMG::auto_generate_csynth_design
INFO-FLOW: DBG:PUTS: read_platform_lib /home/pulp1/HLS_corrected/Compute_block2in/solution1/.autopilot/db/global.setting.tcl
Execute       source /tools/Xilinx/Vitis_HLS/2022.2/common/technology/generic/autopilot/common.gen 
Execute         source /tools/Xilinx/Vitis_HLS/2022.2/common/technology/generic/autopilot/APCoreGen.gen 
Execute       source /tools/Xilinx/Vitis_HLS/2022.2/common/technology/generic/autopilot/op.gen 
Execute       source /tools/Xilinx/Vitis_HLS/2022.2/common/technology/generic/autopilot/op_simcore.gen 
Execute       source /tools/Xilinx/Vitis_HLS/2022.2/common/technology/generic/autopilot/interface.gen 
Execute       source /home/pulp1/HLS_corrected/Compute_block2in/solution1/.autopilot/db/global.setting.tcl 
Execute       source /tools/Xilinx/Vitis_HLS/2022.2/common/technology/xilinx/common/xilinx.gen 
Execute         source /tools/Xilinx/Vitis_HLS/2022.2/common/technology/xilinx/interface/plb46.gen 
Execute         source /tools/Xilinx/Vitis_HLS/2022.2/common/technology/xilinx/interface/axi4.gen 
Execute         source /tools/Xilinx/Vitis_HLS/2022.2/common/technology/xilinx/interface/nativeAXI4.gen 
Execute           source /tools/Xilinx/Vitis_HLS/2022.2/common/technology/xilinx/interface/saxilite.gen 
Execute         source /tools/Xilinx/Vitis_HLS/2022.2/common/technology/xilinx/scripts/xilinxcoregen.gen 
Execute         source /tools/Xilinx/Vitis_HLS/2022.2/common/technology/xilinx/interface/XilEDKCoreGen.gen 
Execute         source /tools/Xilinx/Vitis_HLS/2022.2/common/technology/xilinx/ip/dds_compiler.gen 
Execute         source /tools/Xilinx/Vitis_HLS/2022.2/common/technology/xilinx/ip/util.gen 
Execute         source /tools/Xilinx/Vitis_HLS/2022.2/common/technology/xilinx/ip/xfft.gen 
Execute         source /tools/Xilinx/Vitis_HLS/2022.2/common/technology/xilinx/ip/xfir.gen 
Execute         source /tools/Xilinx/Vitis_HLS/2022.2/common/technology/xilinx/DSP48/dsp48.gen 
INFO-FLOW: DBG:PROC: ::AESL_AUTOMG::generate_ip_cores gen_sim_model='1' gen_fp_models='0' gen_for_export='0' dstSCDir='' dstVhdlDir='/home/pulp1/HLS_corrected/Compute_block2in/solution1/.autopilot/db/vhdl' dstVlogDir='/home/pulp1/HLS_corrected/Compute_block2in/solution1/.autopilot/db/vlog' tclDir='/home/pulp1/HLS_corrected/Compute_block2in/solution1/.autopilot/db' modelList='compute2in_mul_17ns_1ns_32_1_1
compute2in_mux_42_32_1_1
compute2in_mux_32_16_1_1
compute2in_mul_16ns_1ns_32_1_1
compute2in_mux_154_32_1_1
compute2in_mux_124_32_1_1
compute2in_mul_mul_16ns_16ns_32_4_1
compute2in_ama_addmuladd_16ns_16ns_1ns_17s_32_4_1
compute2in_mac_muladd_16ns_16ns_32ns_32_4_1
compute2in
mul_17ns_1ns_32_1_1
mux_42_32_1_1
mux_32_16_1_1
mul_16ns_1ns_32_1_1
mux_154_32_1_1
mux_124_32_1_1
mul_mul_16ns_16ns_32_4_1
ama_addmuladd_16ns_16ns_1ns_17s_32_4_1
mac_muladd_16ns_16ns_32ns_32_4_1
compute2in
' expOnly='0'
Execute       source /home/pulp1/HLS_corrected/Compute_block2in/solution1/.autopilot/db/global.setting.tcl 
Execute       source /home/pulp1/HLS_corrected/Compute_block2in/solution1/.autopilot/db/global.setting.tcl 
Execute       source /home/pulp1/HLS_corrected/Compute_block2in/solution1/.autopilot/db/compute2in.compgen.tcl 
Execute         ap_part_info -name xczu7ev-ffvc1156-2-e -data names -quiet 
Execute         ap_part_info -name xczu7ev-ffvc1156-2-e -data info -quiet 
Execute         ap_part_info -name xczu7ev-ffvc1156-2-e -data names -quiet 
Execute         ap_part_info -name xczu7ev-ffvc1156-2-e -data info -quiet 
Execute         ap_part_info -name xczu7ev-ffvc1156-2-e -data names -quiet 
Execute         ap_part_info -name xczu7ev-ffvc1156-2-e -data info -quiet 
Execute         ap_part_info -name xczu7ev-ffvc1156-2-e -data names -quiet 
Execute         ap_part_info -name xczu7ev-ffvc1156-2-e -data info -quiet 
Execute         ap_part_info -name xczu7ev-ffvc1156-2-e -data names -quiet 
Execute         ap_part_info -name xczu7ev-ffvc1156-2-e -data info -quiet 
Execute         ap_part_info -name xczu7ev-ffvc1156-2-e -data names -quiet 
Execute         ap_part_info -name xczu7ev-ffvc1156-2-e -data info -quiet 
Execute         ap_part_info -name xczu7ev-ffvc1156-2-e -data info 
Execute         ap_part_info -name xczu7ev-ffvc1156-2-e -data names -quiet 
Execute         ap_part_info -name xczu7ev-ffvc1156-2-e -data info -quiet 
Execute         ap_part_info -name xczu7ev-ffvc1156-2-e -data info 
Command       ap_source done; 0.17 sec.
Execute       source /home/pulp1/HLS_corrected/Compute_block2in/solution1/.autopilot/db/compute2in.compgen.tcl 
INFO: [HLS 200-111] Finished Generating all RTL models: CPU user time: 0.92 seconds. CPU system time: 0.04 seconds. Elapsed time: 0.95 seconds; current allocated memory: 821.383 MB.
INFO-FLOW: DBG:PROC: ::HLSREPORTS::create_csynth_xml bind_info_var='bind_info' RtlSubPrefix='compute2in_' outfile=''
INFO-FLOW: Running: create_csynth_xml read xml data
INFO-FLOW: Done: create_csynth_xml read xml data time: 0 seconds per iteration
INFO-FLOW: Running: create_csynth_xml bind info
INFO-FLOW: Done: create_csynth_xml bind info time: 0 seconds per iteration
INFO-FLOW: Running: create_csynth_xml config info
INFO-FLOW: Done: create_csynth_xml config info time: 0 seconds per iteration
INFO-FLOW: Running: create_csynth_xml write xml
INFO-FLOW: Done: create_csynth_xml write xml time: 0 seconds per iteration
INFO-FLOW: DBG:PUTS:      create_csynth_xml wrote csynth_xml=/home/pulp1/HLS_corrected/Compute_block2in/solution1/syn/report/csynth.xml
INFO-FLOW: DBG:PROC: ::AP::DESIGN_DATA::generate_json generate_bd_files='0' generate_xo_files='0' modelList='compute2in_mul_17ns_1ns_32_1_1
compute2in_mux_42_32_1_1
compute2in_mux_32_16_1_1
compute2in_mul_16ns_1ns_32_1_1
compute2in_mux_154_32_1_1
compute2in_mux_124_32_1_1
compute2in_mul_mul_16ns_16ns_32_4_1
compute2in_ama_addmuladd_16ns_16ns_1ns_17s_32_4_1
compute2in_mac_muladd_16ns_16ns_32ns_32_4_1
compute2in
mul_17ns_1ns_32_1_1
mux_42_32_1_1
mux_32_16_1_1
mul_16ns_1ns_32_1_1
mux_154_32_1_1
mux_124_32_1_1
mul_mul_16ns_16ns_32_4_1
ama_addmuladd_16ns_16ns_1ns_17s_32_4_1
mac_muladd_16ns_16ns_32ns_32_4_1
compute2in
' rtl_lang='both' bootstrap_tcl='false' outdir='' outfilename=''
Execute       source /home/pulp1/HLS_corrected/Compute_block2in/solution1/.autopilot/db/global.setting.tcl 
Execute       source /home/pulp1/HLS_corrected/Compute_block2in/solution1/.autopilot/db/global.setting.tcl 
Execute       source /home/pulp1/HLS_corrected/Compute_block2in/solution1/.autopilot/db/top-io-be.tcl 
Execute       source /home/pulp1/HLS_corrected/Compute_block2in/solution1/.autopilot/db/compute2in.tbgen.tcl 
Execute       source /home/pulp1/HLS_corrected/Compute_block2in/solution1/.autopilot/db/compute2in.rtl_wrap.cfg.tcl 
Execute       source /home/pulp1/HLS_corrected/Compute_block2in/solution1/.autopilot/db/compute2in.compgen.dataonly.tcl 
Execute       source /home/pulp1/HLS_corrected/Compute_block2in/solution1/.autopilot/db/compute2in.tbgen.tcl 
Execute       source /home/pulp1/HLS_corrected/Compute_block2in/solution1/.autopilot/db/global.setting.tcl 
Execute       ap_part_info -name xczu7ev-ffvc1156-2-e -data names -quiet 
Execute       ap_part_info -name xczu7ev-ffvc1156-2-e -data info -quiet 
Execute       source /home/pulp1/HLS_corrected/Compute_block2in/solution1/.autopilot/db/compute2in.constraint.tcl 
Execute       sc_get_clocks compute2in 
Execute       source /home/pulp1/HLS_corrected/Compute_block2in/solution1/.autopilot/db/global.setting.tcl 
INFO-FLOW: DBG:PROC: ::HLSREPORTS::add_csynth_report_sections bind_info_dict='adapter_nodes {} report_dict {TOPINST compute2in MODULE2INSTS {compute2in compute2in} INST2MODULE {compute2in compute2in} INSTDATA {compute2in {DEPTH 1 CHILDREN {}}} MODULEDATA {compute2in {BINDINFO {{BINDTYPE op ID {} IMPL fabric LATENCY 0 OPTYPE add PRAGMA {} RTLNAME add_ln63_fu_357_p2 SOURCE Compute_block2in/Compute2in.cpp:63 VARIABLE add_ln63 LOOP VITIS_LOOP_63_1 BUNDLEDNAME {} DSP 0 BRAM 0 URAM 0 DISPNAME {bind_op add}} {BINDTYPE op ID {} IMPL fabric LATENCY 0 OPTYPE add PRAGMA {} RTLNAME add_ln840_fu_765_p2 SOURCE /tools/Xilinx/Vitis_HLS/2022.2/common/technology/autopilot/ap_int_base.h:840 VARIABLE add_ln840 LOOP VITIS_LOOP_63_1 BUNDLEDNAME {} DSP 0 BRAM 0 URAM 0 DISPNAME {bind_op add}} {BINDTYPE op ID {} IMPL auto LATENCY 0 OPTYPE mul PRAGMA {} RTLNAME mul_17ns_1ns_32_1_1_U1 SOURCE /tools/Xilinx/Vitis_HLS/2022.2/common/technology/autopilot/ap_int_base.h:840 VARIABLE mul_ln840 LOOP VITIS_LOOP_63_1 BUNDLEDNAME {} DSP 0 BRAM 0 URAM 0 DISPNAME {bind_op mul}} {BINDTYPE op ID {} IMPL fabric LATENCY 0 OPTYPE add PRAGMA {} RTLNAME add_ln840_1_fu_781_p2 SOURCE /tools/Xilinx/Vitis_HLS/2022.2/common/technology/autopilot/ap_int_base.h:840 VARIABLE add_ln840_1 LOOP VITIS_LOOP_63_1 BUNDLEDNAME {} DSP 0 BRAM 0 URAM 0 DISPNAME {bind_op add}} {BINDTYPE op ID {} IMPL auto LATENCY 0 OPTYPE mul PRAGMA {} RTLNAME mul_17ns_1ns_32_1_1_U2 SOURCE /tools/Xilinx/Vitis_HLS/2022.2/common/technology/autopilot/ap_int_base.h:840 VARIABLE mul_ln840_1 LOOP VITIS_LOOP_63_1 BUNDLEDNAME {} DSP 0 BRAM 0 URAM 0 DISPNAME {bind_op mul}} {BINDTYPE op ID {} IMPL fabric LATENCY 0 OPTYPE add PRAGMA {} RTLNAME add_ln186_fu_797_p2 SOURCE /tools/Xilinx/Vitis_HLS/2022.2/common/technology/autopilot/ap_int_base.h:186 VARIABLE add_ln186 LOOP VITIS_LOOP_63_1 BUNDLEDNAME {} DSP 0 BRAM 0 URAM 0 DISPNAME {bind_op add}} {BINDTYPE op ID {} IMPL fabric LATENCY 0 OPTYPE add PRAGMA {} RTLNAME add_ln87_fu_880_p2 SOURCE Compute_block2in/Compute2in.cpp:87 VARIABLE add_ln87 LOOP VITIS_LOOP_87_3 BUNDLEDNAME {} DSP 0 BRAM 0 URAM 0 DISPNAME {bind_op add}} {BINDTYPE op ID {} IMPL dsp48 LATENCY 3 OPTYPE mul PRAGMA {} RTLNAME mul_mul_16ns_16ns_32_4_1_U16 SOURCE /tools/Xilinx/Vitis_HLS/2022.2/common/technology/autopilot/ap_int_base.h:1494 VARIABLE ret_V LOOP VITIS_LOOP_87_3 BUNDLEDNAME {} DSP 1 BRAM 0 URAM 0 DISPNAME {bind_op mul}} {BINDTYPE op ID {} IMPL dsp48 LATENCY 3 OPTYPE mul PRAGMA {} RTLNAME mac_muladd_16ns_16ns_32ns_32_4_1_U20 SOURCE /tools/Xilinx/Vitis_HLS/2022.2/common/technology/autopilot/ap_int_base.h:1494 VARIABLE ret_V_1 LOOP VITIS_LOOP_87_3 BUNDLEDNAME {} DSP 1 BRAM 0 URAM 0 DISPNAME {bind_op mul}} {BINDTYPE op ID {} IMPL dsp48 LATENCY 3 OPTYPE mul PRAGMA {} RTLNAME mac_muladd_16ns_16ns_32ns_32_4_1_U19 SOURCE /tools/Xilinx/Vitis_HLS/2022.2/common/technology/autopilot/ap_int_base.h:1494 VARIABLE ret_V_2 LOOP VITIS_LOOP_87_3 BUNDLEDNAME {} DSP 1 BRAM 0 URAM 0 DISPNAME {bind_op mul}} {BINDTYPE op ID {} IMPL auto LATENCY 0 OPTYPE mul PRAGMA {} RTLNAME mul_16ns_1ns_32_1_1_U10 SOURCE /tools/Xilinx/Vitis_HLS/2022.2/common/technology/autopilot/ap_int_base.h:1494 VARIABLE ret_V_3 LOOP VITIS_LOOP_87_3 BUNDLEDNAME {} DSP 0 BRAM 0 URAM 0 DISPNAME {bind_op mul}} {BINDTYPE op ID {} IMPL dsp48 LATENCY 3 OPTYPE mul PRAGMA {} RTLNAME mul_mul_16ns_16ns_32_4_1_U17 SOURCE /tools/Xilinx/Vitis_HLS/2022.2/common/technology/autopilot/ap_int_base.h:1494 VARIABLE ret_V_4 LOOP VITIS_LOOP_87_3 BUNDLEDNAME {} DSP 1 BRAM 0 URAM 0 DISPNAME {bind_op mul}} {BINDTYPE op ID {} IMPL dsp48 LATENCY 3 OPTYPE add PRAGMA {} RTLNAME mac_muladd_16ns_16ns_32ns_32_4_1_U19 SOURCE /tools/Xilinx/Vitis_HLS/2022.2/common/technology/autopilot/ap_int_base.h:840 VARIABLE add_ln840_2 LOOP VITIS_LOOP_87_3 BUNDLEDNAME {} DSP 1 BRAM 0 URAM 0 DISPNAME {bind_op add}} {BINDTYPE op ID {} IMPL dsp48 LATENCY 3 OPTYPE add PRAGMA {} RTLNAME mac_muladd_16ns_16ns_32ns_32_4_1_U20 SOURCE /tools/Xilinx/Vitis_HLS/2022.2/common/technology/autopilot/ap_int_base.h:840 VARIABLE add_ln840_3 LOOP VITIS_LOOP_87_3 BUNDLEDNAME {} DSP 1 BRAM 0 URAM 0 DISPNAME {bind_op add}} {BINDTYPE op ID {} IMPL auto LATENCY 0 OPTYPE mul PRAGMA {} RTLNAME mul_16ns_1ns_32_1_1_U13 SOURCE /tools/Xilinx/Vitis_HLS/2022.2/common/technology/autopilot/ap_int_base.h:1494 VARIABLE ret_V_5 LOOP VITIS_LOOP_87_3 BUNDLEDNAME {} DSP 0 BRAM 0 URAM 0 DISPNAME {bind_op mul}} {BINDTYPE op ID {} IMPL dsp48 LATENCY 3 OPTYPE add PRAGMA {} RTLNAME ama_addmuladd_16ns_16ns_1ns_17s_32_4_1_U18 SOURCE /tools/Xilinx/Vitis_HLS/2022.2/common/technology/autopilot/ap_int_base.h:840 VARIABLE add_ln840_4 LOOP VITIS_LOOP_87_3 BUNDLEDNAME {} DSP 1 BRAM 0 URAM 0 DISPNAME {bind_op add}} {BINDTYPE op ID {} IMPL dsp48 LATENCY 3 OPTYPE mul PRAGMA {} RTLNAME ama_addmuladd_16ns_16ns_1ns_17s_32_4_1_U18 SOURCE /tools/Xilinx/Vitis_HLS/2022.2/common/technology/autopilot/ap_int_base.h:840 VARIABLE mul_ln840_2 LOOP VITIS_LOOP_87_3 BUNDLEDNAME {} DSP 1 BRAM 0 URAM 0 DISPNAME {bind_op mul}} {BINDTYPE op ID {} IMPL dsp48 LATENCY 3 OPTYPE add PRAGMA {} RTLNAME ama_addmuladd_16ns_16ns_1ns_17s_32_4_1_U18 SOURCE /tools/Xilinx/Vitis_HLS/2022.2/common/technology/autopilot/ap_int_base.h:840 VARIABLE add_ln840_5 LOOP VITIS_LOOP_87_3 BUNDLEDNAME {} DSP 1 BRAM 0 URAM 0 DISPNAME {bind_op add}} {BINDTYPE op ID {} IMPL fabric LATENCY 0 OPTYPE add PRAGMA {} RTLNAME add_ln100_fu_1118_p2 SOURCE Compute_block2in/Compute2in.cpp:100 VARIABLE add_ln100 LOOP VITIS_LOOP_87_3 BUNDLEDNAME {} DSP 0 BRAM 0 URAM 0 DISPNAME {bind_op add}} {BINDTYPE op ID {} IMPL fabric LATENCY 0 OPTYPE add PRAGMA {} RTLNAME add_ln186_1_fu_1134_p2 SOURCE /tools/Xilinx/Vitis_HLS/2022.2/common/technology/autopilot/ap_int_base.h:186 VARIABLE add_ln186_1 LOOP VITIS_LOOP_87_3 BUNDLEDNAME {} DSP 0 BRAM 0 URAM 0 DISPNAME {bind_op add}} {BINDTYPE op ID {} IMPL fabric LATENCY 0 OPTYPE add PRAGMA {} RTLNAME add_ln186_2_fu_1353_p2 SOURCE /tools/Xilinx/Vitis_HLS/2022.2/common/technology/autopilot/ap_int_base.h:186 VARIABLE add_ln186_2 LOOP VITIS_LOOP_87_3 BUNDLEDNAME {} DSP 0 BRAM 0 URAM 0 DISPNAME {bind_op add}}} AREA {DSP 5 BRAM 0 URAM 0}}}}'
INFO-FLOW: DBG:PUTS:      update_csynth_reports json2rpt_hw_sw_interfaces
INFO-FLOW: Running: gen_csynth_sec_pragma
INFO-FLOW: Done: gen_csynth_sec_pragma time: 0 seconds per iteration
INFO-FLOW: DBG:PUTS:      update_csynth_reports wrote xml
INFO-FLOW: DBG:PUTS:      update_csynth_reports appended to csynth rpt file
INFO: [HLS 200-111] Finished Updating report files: CPU user time: 0.4 seconds. CPU system time: 0.02 seconds. Elapsed time: 0.42 seconds; current allocated memory: 821.598 MB.
INFO: [VHDL 208-304] Generating VHDL RTL for compute2in.
INFO: [VLOG 209-307] Generating Verilog RTL for compute2in.
Execute       syn_report -model compute2in -printsummary 
INFO: [HLS 200-790] **** Loop Constraint Status: All loop constraints were satisfied.
INFO: [HLS 200-789] **** Estimated Fmax: 186.74 MHz
Command     autosyn done; 2 sec.
Command   csynth_design done; 12.85 sec.
INFO: [HLS 200-111] Finished Command csynth_design CPU user time: 11.2 seconds. CPU system time: 1.49 seconds. Elapsed time: 12.85 seconds; current allocated memory: 27.254 MB.
Execute   csim_design 
INFO: [HLS 200-1510] Running: csim_design 
Execute     source /home/pulp1/HLS_corrected/Compute_block2in/solution1/.autopilot/db/global.setting.tcl 
INFO: [SIM 211-2] *************** CSIM start ***************
INFO: [SIM 211-4] CSIM will launch GCC as the compiler.
Execute     source csim/.lst_opt.tcl 
Execute     ap_part_info -name xczu7ev-ffvc1156-2-e -data info 
Execute     source run_sim.tcl 
INFO: [SIM 211-1] CSim done with 0 errors.
INFO: [SIM 211-3] *************** CSIM finish ***************
Command   csim_design done; 2.11 sec.
INFO: [HLS 200-111] Finished Command csim_design CPU user time: 1.55 seconds. CPU system time: 0.57 seconds. Elapsed time: 2.11 seconds; current allocated memory: 0.000 MB.
Execute   csynth_design 
INFO: [HLS 200-1510] Running: csynth_design 
Execute     elaborate -effort=medium -skip_syncheck=0 -keep_printf=0 -skip_cdt=0 -skip_transform=0 -ng=0 -g=0 -opt_fp=0 -from_csynth_design=1 
INFO: [HLS 200-111] Finished File checks and directory preparation: CPU user time: 0.01 seconds. CPU system time: 0 seconds. Elapsed time: 0.01 seconds; current allocated memory: 821.793 MB.
INFO: [HLS 200-10] Analyzing design file 'Compute_block2in/Compute2in.cpp' ... 
INFO-FLOW: Compiling one TU...
INFO-FLOW: Handling Compute_block2in/Compute2in.cpp as C++
Execute       ap_part_info -name xczu7ev-ffvc1156-2-e -data info 
INFO-FLOW: Running: GCC PP 39
INFO-FLOW: Source preprocessing
Execute       ap_eval exec -ignorestderr /tools/Xilinx/Vitis_HLS/2022.2/lnx64/tools/clang-3.9-csynth/bin/clang Compute_block2in/Compute2in.cpp -foptimization-record-file=/home/pulp1/HLS_corrected/Compute_block2in/solution1/.autopilot/db/Compute2in.cpp.clang.diag.yml -mllvm -pass-remarks-missed=reflow|pasta|unroll -mllvm -pass-remarks=reflow|pasta|unroll|inline -fno-limit-debug-info -gcc-toolchain /tools/Xilinx/Vitis_HLS/2022.2/tps/lnx64/gcc-8.3.0 -fhls -fno-exceptions -E -fno-math-errno -c -emit-llvm -mllvm -disable-llvm-optzns -Werror=implicit-function-declaration -Werror=implicit-hls-streams -Werror=return-type -Wpragmas -Wunused-parameter -Wdump-hls-pragmas -Wno-error=dump-hls-pragmas -fno-threadsafe-statics -fno-use-cxa-atexit -std=gnu++14 -target fpga64-xilinx-linux-gnu -fno-threadsafe-statics -fno-use-cxa-atexit -D__VITIS_HLS__ -DAESL_SYN -D__SYNTHESIS__ -D__HLS_SYN__ -I /tools/Xilinx/Vitis_HLS/2022.2/common/technology/autopilot -I /tools/Xilinx/Vitis_HLS/2022.2/common/technology/autopilot/ap_sysc -include etc/autopilot_ssdm_op.h -D__DSP48E2__ -I /usr/include/x86_64-linux-gnu -o /home/pulp1/HLS_corrected/Compute_block2in/solution1/.autopilot/db/Compute2in.pp.0.cpp -hls-platform-db-name=/tools/Xilinx/Vitis_HLS/2022.2/common/technology/xilinx/common/platform.db -hls-platform-name=zynquplus_medium -device-resource-info=BRAM_624.000000_DSP_1728.000000_FF_460800.000000_LUT_230400.000000_SLICE_28800.000000_URAM_96.000000 -device-name-info=xczu7ev-ffvc1156-2-e > /home/pulp1/HLS_corrected/Compute_block2in/solution1/.autopilot/db/Compute2in.cpp.clang.out.log 2> /home/pulp1/HLS_corrected/Compute_block2in/solution1/.autopilot/db/Compute2in.cpp.clang.err.log 
Command       ap_eval done; 0.22 sec.
INFO-FLOW: Done: GCC PP 39 time: 0.2 seconds per iteration
Execute       set_directive_top compute2in -name=compute2in 
INFO-FLOW: Source syntax check for synthesis
Execute       ap_eval exec -ignorestderr /tools/Xilinx/Vitis_HLS/2022.2/lnx64/tools/clang-3.9-csynth/bin/clang -foptimization-record-file=/home/pulp1/HLS_corrected/Compute_block2in/solution1/.autopilot/db/clang.diag.yml -mllvm -pass-remarks-missed=reflow|pasta|unroll -mllvm -pass-remarks=reflow|pasta|unroll|inline -fsyntax-only -fhls -target fpga64-xilinx-linux-gnu /home/pulp1/HLS_corrected/Compute_block2in/solution1/.autopilot/db/Compute2in.pp.0.cpp -hls-platform-db-name=/tools/Xilinx/Vitis_HLS/2022.2/common/technology/xilinx/common/platform.db -hls-platform-name=zynquplus_medium -device-resource-info=BRAM_624.000000_DSP_1728.000000_FF_460800.000000_LUT_230400.000000_SLICE_28800.000000_URAM_96.000000 -device-name-info=xczu7ev-ffvc1156-2-e > /home/pulp1/HLS_corrected/Compute_block2in/solution1/.autopilot/db/clang.out.log 2> /home/pulp1/HLS_corrected/Compute_block2in/solution1/.autopilot/db/clang.err.log 
Command       ap_eval done; 0.72 sec.
Execute       clang_tidy xilinx-systemc-detector -desc systemc-detector /home/pulp1/HLS_corrected/Compute_block2in/solution1/.autopilot/db/Compute2in.pp.0.cpp std=gnu++14 -target fpga  -directive=/home/pulp1/HLS_corrected/Compute_block2in/solution1/.autopilot/db/.systemc_flag 
INFO-FLOW: exec /tools/Xilinx/Vitis_HLS/2022.2/lnx64/tools/clang-3.9-csynth/bin/clang-tidy -header-filter=.* --checks=-*,xilinx-systemc-detector -import-directive=/home/pulp1/HLS_corrected/Compute_block2in/solution1/.autopilot/db/.systemc_flag -fix-errors /home/pulp1/HLS_corrected/Compute_block2in/solution1/.autopilot/db/Compute2in.pp.0.cpp -- -std=gnu++14 -target fpga -fhls -ferror-limit=0
Command       clang_tidy done; 0.59 sec.
INFO-FLOW: Running: clang-tidy CDT preprocess 39
Execute       clang_tidy xilinx-directive2pragma -desc directive2pragma /home/pulp1/HLS_corrected/Compute_block2in/solution1/.autopilot/db/Compute2in.pp.0.cpp std=gnu++14 -target fpga  -directive=/home/pulp1/HLS_corrected/Compute_block2in/solution1/.autopilot/db/all.directive.json 
INFO-FLOW: exec /tools/Xilinx/Vitis_HLS/2022.2/lnx64/tools/clang-3.9-csynth/bin/clang-tidy -header-filter=.* --checks=-*,xilinx-directive2pragma -import-directive=/home/pulp1/HLS_corrected/Compute_block2in/solution1/.autopilot/db/all.directive.json -fix-errors /home/pulp1/HLS_corrected/Compute_block2in/solution1/.autopilot/db/Compute2in.pp.0.cpp -- -std=gnu++14 -target fpga -fhls -ferror-limit=0
Command       clang_tidy done; 1.01 sec.
Execute       clang_tidy xilinx-remove-assert -desc remove-assert /home/pulp1/HLS_corrected/Compute_block2in/solution1/.autopilot/db/Compute2in.pp.0.cpp std=gnu++14 -target fpga  
INFO-FLOW: exec /tools/Xilinx/Vitis_HLS/2022.2/lnx64/tools/clang-3.9-csynth/bin/clang-tidy -header-filter=.* --checks=-*,xilinx-remove-assert -fix-errors /home/pulp1/HLS_corrected/Compute_block2in/solution1/.autopilot/db/Compute2in.pp.0.cpp -- -std=gnu++14 -target fpga -fhls -ferror-limit=0
Command       clang_tidy done; 0.6 sec.
INFO-FLOW: Done: clang-tidy CDT preprocess 39 time: 1.6 seconds per iteration
INFO-FLOW: Calling xilinx-label-all-loops ... 
INFO-FLOW: Calling xilinx-aggregate-on-hls-vector ... 
Execute       clang_tidy -errorcheck -desc loop-label xilinx-label-all-loops,xilinx-aggregate-on-hls-vector,,xilinx-warn-mayneed-no-ctor-attribute /home/pulp1/HLS_corrected/Compute_block2in/solution1/.autopilot/db/Compute2in.pp.0.cpp std=gnu++14 -target fpga  
Execute         ap_eval exec -ignorestderr /tools/Xilinx/Vitis_HLS/2022.2/lnx64/tools/clang-3.9-csynth/bin/clang-tidy -export-fixes=/home/pulp1/HLS_corrected/Compute_block2in/solution1/.autopilot/db/Compute2in.pp.0.cpp.clang-tidy.loop-label.diag.yml -header-filter=.* --checks=-*,xilinx-label-all-loops,xilinx-aggregate-on-hls-vector,,xilinx-warn-mayneed-no-ctor-attribute -fix-errors /home/pulp1/HLS_corrected/Compute_block2in/solution1/.autopilot/db/Compute2in.pp.0.cpp -- -std=gnu++14 -target fpga -fhls -ferror-limit=0 > /home/pulp1/HLS_corrected/Compute_block2in/solution1/.autopilot/db/Compute2in.pp.0.cpp.clang-tidy.loop-label.out.log 2> /home/pulp1/HLS_corrected/Compute_block2in/solution1/.autopilot/db/Compute2in.pp.0.cpp.clang-tidy.loop-label.err.log 
Command         ap_eval done; 1.22 sec.
Command       clang_tidy done; 1.27 sec.
Execute       ap_eval exec -ignorestderr /tools/Xilinx/Vitis_HLS/2022.2/lnx64/tools/clang-3.9-csynth/bin/xilinx-dataflow-lawyer -export-fixes=/home/pulp1/HLS_corrected/Compute_block2in/solution1/.autopilot/db/Compute2in.pp.0.cpp.xilinx-dataflow-lawyer.diag.yml /home/pulp1/HLS_corrected/Compute_block2in/solution1/.autopilot/db/Compute2in.pp.0.cpp -- -std=gnu++14 -target fpga -fhls -ferror-limit=0 -fstrict-dataflow > /home/pulp1/HLS_corrected/Compute_block2in/solution1/.autopilot/db/Compute2in.pp.0.cpp.xilinx-dataflow-lawyer.out.log 2> /home/pulp1/HLS_corrected/Compute_block2in/solution1/.autopilot/db/Compute2in.pp.0.cpp.xilinx-dataflow-lawyer.err.log 
Command       ap_eval done; 0.59 sec.
Execute       ap_part_info -name xczu7ev-ffvc1156-2-e -data info 
INFO-FLOW: compiling source code to llvm bc
Execute       ap_eval exec -ignorestderr /tools/Xilinx/Vitis_HLS/2022.2/lnx64/tools/clang-3.9-csynth/bin/clang -foptimization-record-file=/home/pulp1/HLS_corrected/Compute_block2in/solution1/.autopilot/db/Compute2in.pp.0.cpp.clang.diag.yml -mllvm -pass-remarks-missed=reflow|pasta|unroll -mllvm -pass-remarks=reflow|pasta|unroll|inline -fno-limit-debug-info -fhls -flto -fno-exceptions -Wno-error=c++11-narrowing /home/pulp1/HLS_corrected/Compute_block2in/solution1/.autopilot/db/Compute2in.pp.0.cpp -fno-math-errno -c -emit-llvm -mllvm -disable-llvm-optzns -Werror=implicit-function-declaration -Werror=implicit-hls-streams -Werror=return-type -Wpragmas -Wunused-parameter -Wdump-hls-pragmas -Wno-error=dump-hls-pragmas -fno-threadsafe-statics -fno-use-cxa-atexit -std=gnu++14 -target fpga64-xilinx-linux-gnu -D__VITIS_HLS__ -DAESL_SYN -D__SYNTHESIS__ -D__HLS_SYN__ -I /tools/Xilinx/Vitis_HLS/2022.2/common/technology/autopilot -I /tools/Xilinx/Vitis_HLS/2022.2/common/technology/autopilot/ap_sysc -include etc/autopilot_ssdm_op.h -D__DSP48E2__ -g -o /home/pulp1/HLS_corrected/Compute_block2in/solution1/.autopilot/db/Compute2in.bc -hls-platform-db-name=/tools/Xilinx/Vitis_HLS/2022.2/common/technology/xilinx/common/platform.db -hls-platform-name=zynquplus_medium -device-resource-info=BRAM_624.000000_DSP_1728.000000_FF_460800.000000_LUT_230400.000000_SLICE_28800.000000_URAM_96.000000 -device-name-info=xczu7ev-ffvc1156-2-e > /home/pulp1/HLS_corrected/Compute_block2in/solution1/.autopilot/db/Compute2in.pp.0.cpp.clang.out.log 2> /home/pulp1/HLS_corrected/Compute_block2in/solution1/.autopilot/db/Compute2in.pp.0.cpp.clang.err.log 
Command       ap_eval done; 0.73 sec.
INFO: [HLS 200-111] Finished Source Code Analysis and Preprocessing: CPU user time: 4.92 seconds. CPU system time: 0.87 seconds. Elapsed time: 5.81 seconds; current allocated memory: 821.793 MB.
INFO-FLOW: Linking Debug ...
INFO-FLOW: Linking dut bc code.
Execute       run_link_or_opt -out /home/pulp1/HLS_corrected/Compute_block2in/solution1/.autopilot/db/a.g.ld.0.bc -args  "/home/pulp1/HLS_corrected/Compute_block2in/solution1/.autopilot/db/Compute2in.g.bc"  
Execute         ap_eval exec -ignorestderr /tools/Xilinx/Vitis_HLS/2022.2/lnx64/tools/clang-3.9-csynth/bin/llvm-link /home/pulp1/HLS_corrected/Compute_block2in/solution1/.autopilot/db/Compute2in.g.bc -o /home/pulp1/HLS_corrected/Compute_block2in/solution1/.autopilot/db/a.g.ld.0.bc > /home/pulp1/HLS_corrected/Compute_block2in/solution1/.autopilot/db/a.g.ld.0.bc.llvm-link.out.log 2> /home/pulp1/HLS_corrected/Compute_block2in/solution1/.autopilot/db/a.g.ld.0.bc.llvm-link.err.log 
INFO-FLOW: 
Execute       run_link_or_opt -opt -out /home/pulp1/HLS_corrected/Compute_block2in/solution1/.autopilot/db/a.g.ld.1.lower.bc -args /home/pulp1/HLS_corrected/Compute_block2in/solution1/.autopilot/db/a.g.ld.0.bc -reflow-lower-math-intrinsics 
Execute         ap_eval exec -ignorestderr /tools/Xilinx/Vitis_HLS/2022.2/lnx64/tools/clang-3.9-csynth/bin/opt -pass-remarks-missed=reflow|pasta|unroll -pass-remarks=reflow|pasta|unroll|inline -pass-remarks-output=/home/pulp1/HLS_corrected/Compute_block2in/solution1/.autopilot/db/a.g.ld.1.lower.bc.opt.diag.yml /home/pulp1/HLS_corrected/Compute_block2in/solution1/.autopilot/db/a.g.ld.0.bc -reflow-lower-math-intrinsics -o /home/pulp1/HLS_corrected/Compute_block2in/solution1/.autopilot/db/a.g.ld.1.lower.bc > /home/pulp1/HLS_corrected/Compute_block2in/solution1/.autopilot/db/a.g.ld.1.lower.bc.opt.out.log 2> /home/pulp1/HLS_corrected/Compute_block2in/solution1/.autopilot/db/a.g.ld.1.lower.bc.opt.err.log 
INFO-FLOW: 
INFO-FLOW: Linking math bc lib
Execute       run_link_or_opt -out /home/pulp1/HLS_corrected/Compute_block2in/solution1/.autopilot/db/a.g.ld.2.m1.bc -args /home/pulp1/HLS_corrected/Compute_block2in/solution1/.autopilot/db/a.g.ld.1.lower.bc -only-needed /tools/Xilinx/Vitis_HLS/2022.2/lnx64/lib/libhlsm_39.bc /tools/Xilinx/Vitis_HLS/2022.2/lnx64/lib/libhlsmc++_39.bc 
Execute         ap_eval exec -ignorestderr /tools/Xilinx/Vitis_HLS/2022.2/lnx64/tools/clang-3.9-csynth/bin/llvm-link /home/pulp1/HLS_corrected/Compute_block2in/solution1/.autopilot/db/a.g.ld.1.lower.bc -only-needed /tools/Xilinx/Vitis_HLS/2022.2/lnx64/lib/libhlsm_39.bc /tools/Xilinx/Vitis_HLS/2022.2/lnx64/lib/libhlsmc++_39.bc -o /home/pulp1/HLS_corrected/Compute_block2in/solution1/.autopilot/db/a.g.ld.2.m1.bc > /home/pulp1/HLS_corrected/Compute_block2in/solution1/.autopilot/db/a.g.ld.2.m1.bc.llvm-link.out.log 2> /home/pulp1/HLS_corrected/Compute_block2in/solution1/.autopilot/db/a.g.ld.2.m1.bc.llvm-link.err.log 
Command         ap_eval done; 2.88 sec.
INFO-FLOW: 
Command       run_link_or_opt done; 2.88 sec.
Execute       run_link_or_opt -opt -out /home/pulp1/HLS_corrected/Compute_block2in/solution1/.autopilot/db/a.g.ld.3.fpc.bc -args /home/pulp1/HLS_corrected/Compute_block2in/solution1/.autopilot/db/a.g.ld.2.m1.bc -reflow-globaldce -hls-top-function-name=compute2in -reflow-float-conversion 
Execute         ap_eval exec -ignorestderr /tools/Xilinx/Vitis_HLS/2022.2/lnx64/tools/clang-3.9-csynth/bin/opt -pass-remarks-missed=reflow|pasta|unroll -pass-remarks=reflow|pasta|unroll|inline -pass-remarks-output=/home/pulp1/HLS_corrected/Compute_block2in/solution1/.autopilot/db/a.g.ld.3.fpc.bc.opt.diag.yml /home/pulp1/HLS_corrected/Compute_block2in/solution1/.autopilot/db/a.g.ld.2.m1.bc -reflow-globaldce -hls-top-function-name=compute2in -reflow-float-conversion -o /home/pulp1/HLS_corrected/Compute_block2in/solution1/.autopilot/db/a.g.ld.3.fpc.bc > /home/pulp1/HLS_corrected/Compute_block2in/solution1/.autopilot/db/a.g.ld.3.fpc.bc.opt.out.log 2> /home/pulp1/HLS_corrected/Compute_block2in/solution1/.autopilot/db/a.g.ld.3.fpc.bc.opt.err.log 
Command         ap_eval done; 0.98 sec.
INFO-FLOW: 
Command       run_link_or_opt done; 0.98 sec.
Execute       run_link_or_opt -out /home/pulp1/HLS_corrected/Compute_block2in/solution1/.autopilot/db/a.g.ld.4.m2.bc -args /home/pulp1/HLS_corrected/Compute_block2in/solution1/.autopilot/db/a.g.ld.3.fpc.bc -only-needed /tools/Xilinx/Vitis_HLS/2022.2/lnx64/lib/libfloatconversion_39.bc 
Execute         ap_eval exec -ignorestderr /tools/Xilinx/Vitis_HLS/2022.2/lnx64/tools/clang-3.9-csynth/bin/llvm-link /home/pulp1/HLS_corrected/Compute_block2in/solution1/.autopilot/db/a.g.ld.3.fpc.bc -only-needed /tools/Xilinx/Vitis_HLS/2022.2/lnx64/lib/libfloatconversion_39.bc -o /home/pulp1/HLS_corrected/Compute_block2in/solution1/.autopilot/db/a.g.ld.4.m2.bc > /home/pulp1/HLS_corrected/Compute_block2in/solution1/.autopilot/db/a.g.ld.4.m2.bc.llvm-link.out.log 2> /home/pulp1/HLS_corrected/Compute_block2in/solution1/.autopilot/db/a.g.ld.4.m2.bc.llvm-link.err.log 
INFO-FLOW: 
Execute       run_link_or_opt -opt -out /home/pulp1/HLS_corrected/Compute_block2in/solution1/.autopilot/db/a.g.ld.5.gdce.bc -args /home/pulp1/HLS_corrected/Compute_block2in/solution1/.autopilot/db/a.g.ld.4.m2.bc -reflow-globaldce -hls-top-function-name=compute2in 
Execute         ap_eval exec -ignorestderr /tools/Xilinx/Vitis_HLS/2022.2/lnx64/tools/clang-3.9-csynth/bin/opt -pass-remarks-missed=reflow|pasta|unroll -pass-remarks=reflow|pasta|unroll|inline -pass-remarks-output=/home/pulp1/HLS_corrected/Compute_block2in/solution1/.autopilot/db/a.g.ld.5.gdce.bc.opt.diag.yml /home/pulp1/HLS_corrected/Compute_block2in/solution1/.autopilot/db/a.g.ld.4.m2.bc -reflow-globaldce -hls-top-function-name=compute2in -o /home/pulp1/HLS_corrected/Compute_block2in/solution1/.autopilot/db/a.g.ld.5.gdce.bc > /home/pulp1/HLS_corrected/Compute_block2in/solution1/.autopilot/db/a.g.ld.5.gdce.bc.opt.out.log 2> /home/pulp1/HLS_corrected/Compute_block2in/solution1/.autopilot/db/a.g.ld.5.gdce.bc.opt.err.log 
INFO-FLOW: 
Execute       send_msg_by_id INFO @200-777@%s Vivado 
INFO: [HLS 200-777] Using interface defaults for 'Vivado' flow target.
Execute       is_m_axi_addr64 
INFO-FLOW: Doing LTO.
Execute       ap_eval exec -ignorestderr /tools/Xilinx/Vitis_HLS/2022.2/lnx64/tools/clang-3.9-csynth/bin/clang -foptimization-record-file=/home/pulp1/HLS_corrected/Compute_block2in/solution1/.autopilot/db/a.g.ld.0.bc.clang.diag.yml -mllvm -pass-remarks-missed=reflow|pasta|unroll -mllvm -pass-remarks=reflow|pasta|unroll|inline -fhls -mllvm -hls-top-function-name=compute2in -mllvm -hls-db-dir -mllvm /home/pulp1/HLS_corrected/Compute_block2in/solution1/.autopilot/db -emit-llvm -c -target fpga64-xilinx-none -mllvm -xcl-xmlinfo=/home/pulp1/HLS_corrected/Compute_block2in/solution1/.autopilot/db/kernel.internal.xml -mllvm -top-io-mapping-info=/home/pulp1/HLS_corrected/Compute_block2in/solution1/.autopilot/db/top-io-fe.xml -mllvm -hls-bitcode-version=3.1 -mllvm -reflow-enable-slave-interface-default-setting=true -mllvm -gen-kernel-xml=false -mllvm -default-maxi-offset=slave -mllvm -maxi-latency=0 -mllvm -hls-maxi-data-size-in-bits=8 -mllvm -hls-maxi-max-data-size-in-bits=1024 -mllvm -hls-max-widen-size-in-bits=0 -mllvm -xcl-kernel-max-mem-ports=0 -mllvm -maxi-read-trans=16 -mllvm -maxi-write-trans=16 -mllvm -maxi-read-burst-len=16 -mllvm -maxi-write-burst-len=16 -mllvm -reflow-enable-saxi-64bits=0 -mllvm -reflow-basic-block-instr-threshold=200000 -mllvm -reflow-auto-pipeline-threshold=64 -mllvm -reflow-enable-maxi-auto-id-channel=0 -mllvm -assume-maxi-align=1 -mllvm -reflow-pipeline-style-llvm-setting=2 -mllvm -reflow-enable-dataflow-strict-mode-checking=1 -mllvm -reflow-auto-array-partition-mode=default -mllvm -reflow-enable-auto-array-partition=true -mllvm -reflow-enable-auto-parallel-performance-driven=true -mllvm -reflow-enable-partition-for-automation=true -mllvm -reflow-aggregate-bitwidth-threshold=4096 -mllvm -reflow-assume-no-address-wrap=true -mllvm -hls -mllvm -disable-inlined-alloca-merging=true -mllvm -default-clock-period=10 -x ir /home/pulp1/HLS_corrected/Compute_block2in/solution1/.autopilot/db/a.g.ld.5.gdce.bc -o /home/pulp1/HLS_corrected/Compute_block2in/solution1/.autopilot/db/a.g.lto.bc -hls-platform-db-name=/tools/Xilinx/Vitis_HLS/2022.2/common/technology/xilinx/common/platform.db -hls-platform-name=zynquplus_medium -device-resource-info=BRAM_624.000000_DSP_1728.000000_FF_460800.000000_LUT_230400.000000_SLICE_28800.000000_URAM_96.000000 -device-name-info=xczu7ev-ffvc1156-2-e > /home/pulp1/HLS_corrected/Compute_block2in/solution1/.autopilot/db/a.g.ld.0.bc.clang.out.log 2> /home/pulp1/HLS_corrected/Compute_block2in/solution1/.autopilot/db/a.g.ld.0.bc.clang.err.log 
Command       ap_eval done; 0.39 sec.
WARNING: [HLS 214-340] The resource pragma (bind_storage) on top-level function argument, in 'call' is unsupported, please use INTERFACE pragma instead (Compute_block2in/Compute2in.cpp:43:9)
WARNING: [HLS 214-340] The resource pragma (bind_storage) on top-level function argument, in 'call' is unsupported, please use INTERFACE pragma instead (Compute_block2in/Compute2in.cpp:44:9)
INFO: [HLS 214-291] Loop 'VITIS_LOOP_68_2' is marked as complete unroll implied by the pipeline pragma (Compute_block2in/Compute2in.cpp:68:30)
INFO: [HLS 214-291] Loop 'VITIS_LOOP_89_3' is marked as complete unroll implied by the pipeline pragma (Compute_block2in/Compute2in.cpp:89:30)
INFO: [HLS 214-291] Loop 'VITIS_LOOP_93_4' is marked as complete unroll implied by the pipeline pragma (Compute_block2in/Compute2in.cpp:93:34)
INFO: [HLS 214-186] Unrolling loop 'VITIS_LOOP_68_2' (Compute_block2in/Compute2in.cpp:68:30) in function 'compute2in' completely with a factor of 2 (Compute_block2in/Compute2in.cpp:38:0)
INFO: [HLS 214-186] Unrolling loop 'VITIS_LOOP_93_4' (Compute_block2in/Compute2in.cpp:93:34) in function 'compute2in' completely with a factor of 4 (Compute_block2in/Compute2in.cpp:38:0)
INFO: [HLS 214-248] Applying array_partition to '_ZZ10compute2inP6ap_intILi32EES1_S1_bE4REG1': Complete partitioning on dimension 1. (Compute_block2in/Compute2in.cpp:54:0)
INFO: [HLS 214-248] Applying array_partition to 'REG': Complete partitioning on dimension 1. Complete partitioning on dimension 2. (Compute_block2in/Compute2in.cpp:52:13)
INFO-FLOW: DBG:PUTS: copy_raw_kernel_xml ap_link_39: kernel.xml not generated: /home/pulp1/HLS_corrected/Compute_block2in/solution1/.autopilot/db/kernel.internal.xml
INFO: [HLS 200-111] Finished Compiling Optimization and Transform: CPU user time: 3.95 seconds. CPU system time: 0.58 seconds. Elapsed time: 4.66 seconds; current allocated memory: 822.000 MB.
INFO: [HLS 200-111] Finished Checking Pragmas: CPU user time: 0.01 seconds. CPU system time: 0 seconds. Elapsed time: 0 seconds; current allocated memory: 822.000 MB.
Execute       opt_and_import_c a -opt_level=2 -skip_syncheck=0 -ng=0 -keep_printf=0 
Execute         cleanup_all_models 
INFO: [HLS 200-10] Starting code transformations ...
INFO-FLOW: Running Standard Transforms...
Execute         transform -hls -share-std-xform -demangle-name -inline-byval-memcpy -always-inline -promote-dbg-pointer -interface-preproc -mem2reg -scalarrepl -mem2reg -keep-read-access -instcombine -dce -promote-dbg-pointer -bitop-raise -loop-simplify -indvarspre -indvars -loop-simplify -xunroll -constprop -instcombine -simplifycfg -indvars -simplifycfg -dce -globaldce -basicaa -simplifycfg -mem2reg -globalopt -global-constprop -deadargelim -instcombine -simplifycfg -scalarrepl -instcombine -reassociate -licm -simplifycfg -loop-simplify -indvars -instcombine -simplifycfg -mem2reg -loop-simplify -indvars -instcombine -gvn -gvn -instcombine -adce -break-crit-edges -simplifycfg -loop-delete -global-array-opt -dce -dse -adce -find-syn-modules -top compute2in -deadargelim -mem2reg -instcombine -dce -presyn-prepare -auto-rom-infer -interface-preproc -syn-check -check-rec-only -find-region -simplifycfg -func-extr -function-inline -globaldce -mem2reg -instcombine -dce -gvn -globaldce -adce -adse -constprop -instcombine -bit-constprop -instcombine -dce -simplifycfg -bitop-raise -simplifycfg -dce -loop-delete -reassociate -globalopt -global-privatize -mem2reg -dce -global-constprop -pointer-simplify -constprop -dce -auto-shift-reg-idiom -promote-dbg-pointer -norm-name /home/pulp1/HLS_corrected/Compute_block2in/solution1/.autopilot/db/a.g.0.bc -o /home/pulp1/HLS_corrected/Compute_block2in/solution1/.autopilot/db/a.g.1.bc -f -phase std-opt 
INFO: [HLS 200-111] Finished Standard Transforms: CPU user time: 0.06 seconds. CPU system time: 0.01 seconds. Elapsed time: 0.07 seconds; current allocated memory: 822.000 MB.
INFO: [HLS 200-10] Checking synthesizability ...
INFO-FLOW: Checking Synthesizability 1/2..
Execute         transform -hls -syn-check -check-rec-only -scalarrepl -norm-name -dce -mem2reg -instcombine -directive-preproc -mem2reg -dse -dce -auto-rom-infer -dce -pag -array-normalize -instcombine -dce -array-seg-normalize -instcombine -dce -data-pack -instcombine -dce -inst-simplify -array-flatten -instcombine -dce -array-burst -dce -deadargelim -promote-global-argument -simplifycfg -mem2reg -globaldce -dce -deadargelim -dce -instcombine -function-inline -globaldce -dce -doublePtrSimplify -doublePtrElim -dce -doublePtrSimplify -promote-dbg-pointer -dce -scalarrepl -dse -adse -instcombine -ptrLegalization -simplifycfg -dce -instcombine -pointer-simplify -ptrArgReplace -dce -instcombine -resolve-double-ptr -scalarrepl -norm-name -dce -mem2reg -instcombine -ptrLegalization -simplifycfg -deadargelim -instcombine -dce -inst-simplify -directive-preproc -mem2reg -dse -dce -globaldce /home/pulp1/HLS_corrected/Compute_block2in/solution1/.autopilot/db/a.g.1.bc -o /home/pulp1/HLS_corrected/Compute_block2in/solution1/.autopilot/db/a.g.2.prechk.bc -f 
INFO-FLOW: Checking Synthesizability 2/2..
Execute         transform -syn-check /home/pulp1/HLS_corrected/Compute_block2in/solution1/.autopilot/db/a.g.2.prechk.bc -o /home/pulp1/HLS_corrected/Compute_block2in/solution1/.autopilot/db/a.g.2.bc -f -phase syn-check 
WARNING: [SYNCHK 200-24] /tools/Xilinx/Vitis_HLS/2022.2/common/technology/autopilot/ap_int_ref.h:628: Index for bit vector operation is out of bound.
INFO: [SYNCHK 200-10] 0 error(s), 1 warning(s).
INFO: [HLS 200-111] Finished Checking Synthesizability: CPU user time: 0.08 seconds. CPU system time: 0 seconds. Elapsed time: 0.09 seconds; current allocated memory: 822.000 MB.
INFO-FLOW: Compiler optimizing ...
INFO-FLOW: Share syncheck's 1.bc for syn flow: copy /home/pulp1/HLS_corrected/Compute_block2in/solution1/.autopilot/db/a.g.1.bc to /home/pulp1/HLS_corrected/Compute_block2in/solution1/.autopilot/db/a.o.1.bc
INFO-FLOW: Presyn 1...
Execute         transform -hls -tmp /home/pulp1/HLS_corrected/Compute_block2in/solution1/.autopilot/db -interface-port-rename -directive-preproc -mem2reg -dse -dce -scalarrepl -norm-name -deadargelim -mem2reg -instcombine -dce -simplifycfg -auto-rom-infer -dce -resource-proc -clib-intrinsic-prepare -dce -func-buffer -dce -pag -array-normalize -func-legal -instcombine -gvn -constprop -dce -simplifycfg -mem2reg -globaldce -resolve-double-ptr -dce -deadargelim -dce -instcombine -ptrArgReplace -mem2reg -dce -array-seg-normalize -deadargelim -instcombine -dce -directive-preproc -mem2reg -dse -dce -pointer-simplify -dce -port-alignment -dce -interface-preproc -data-pack -instcombine -dce -basicaa -aggr-aa -aggrmodref-aa -aggr-aa -gvn -gvn -basicaa -aggr-aa -aggrmodref-aa -aggr-aa -dse -adse -adce -loop-simplify -indvars -instcombine -gvn -loop-simplify -mem2reg -dce -find-region -instcombine -auto-loop-pipeline -inst-simplify -interface-preproc -cfgopt -instcombine -indvars -auto-loop-unroll -loop-simplify -loop-bound -xunroll -constprop -instcombine -simplifycfg -indvars -simplifycfg -dce -globaldce -clean-region -attach-range -gvn -inst-simplify -constprop -simplifycfg -dce -pointer-simplify -dce -globalopt -constprop -dce -array-promote -scalar-auto-dep-elim -constprop -dce -ptrArgReplace -mem2reg -simplifycfg -dce -instcombine -dce -array-transform-check -array-reshape -instcombine -simplifycfg -dce -ptrArgReplace -deadargelim -mem2reg -instcombine -simplifycfg -dce -indvars -loop-simplify -loop-bound -xunroll -constprop -instcombine -simplifycfg -indvars -simplifycfg -dce -globaldce -basicaa -aggr-aa -aggrmodref-aa -aggr-aa -dse -duplicate-dataflow-processes -globaldce -instcombine -array-partition -prepare-dynamic-array-partition -instcombine -simplifycfg -dce -ptrArgReplace -global-constprop -deadargelim -mem2reg -func-legal -dce -global-constprop -deadargelim -mem2reg -simplifycfg -dce -merge-param -deadargelim -globalopt -constprop -dce -array-promote -scalar-auto-dep-elim -constprop -dce -ptrArgReplace -mem2reg -simplifycfg -dce -mem-intrinsic-preproc -dce -global-internalize -global-privatize -mem2reg -globaldce -promote-global-argument -ptrArgReplace -mem2reg -dce -globalopt -mergereturn -simplify-global-access -mem2reg -dce -pointer-simplify -dce -functionattrs -basicaa -aggr-aa -aggrmodref-aa -aggr-aa -gvn -gvn -basicaa -aggr-aa -aggrmodref-aa -aggr-aa -dse -adse -adce -dce -norm-name -basicaa -aggr-aa -aggrmodref-aa -aggr-aa -accesses-merge -function-inline -complex-op-raise -inst-simplify -globaldce -func-legal -dce -loop-bound -arraycheck -bitwidthmin2 -bitwidthmin2 -on-by-dataflow -loop-delete -instcombine -simplifycfg -globaldce -dce -gvn -deadargelim -dce -loop-simplify -clean-region -simplifycfg -propagate-stable-arguments -loop-stream -instcombine -simplifycfg -dce -globaldce -duplicate-dataflow-processes -stream-intrinsic-preproc -dce -check-ap-stream -loop-simplify -eliminate-keepreads -extract-dataflow-in-loop -loop-simplify -dce -gvn -deadargelim -dse -duplicate-dataflow-processes -check-dataflow-syntax -legalize-stream-variable -globaldce -legalize-global -extract-subproc -dce -dead-channel-elimination -canonicalize-gep -globaldce -dce -gvn -hls-dead-arg-elim -deadargelim -directive-preproc -canonicalize-dataflow -dce -globaldce -scalar-preprocessing -scalar-propagation2 -deadargelim -globaldce -mem2reg -check-dataflow-channels -function-stream -dce -globaldce -prop-fifo-spec -internal-stream-gen -canonicalize-gep -globaldce -dce -gvn -deadargelim -mergereturn -indvars -loop-simplify -instcombine -array-stream -array-seg-normalize -array-partition -func-legal -instcombine -simplifycfg -dce -bundle-memfifo-ops -deadargelim -directive-preproc -mem2reg -dse -dce -group-axi-access -licm -simplifycfg -dce -loop-delete -hls-display -norm-name /home/pulp1/HLS_corrected/Compute_block2in/solution1/.autopilot/db/a.o.1.bc -o /home/pulp1/HLS_corrected/Compute_block2in/solution1/.autopilot/db/a.o.1.tmp.bc -f 
INFO: [XFORM 203-502] Unrolling all sub-loops inside loop 'VITIS_LOOP_65_1' (Compute_block2in/Compute2in.cpp:67) in function 'compute2in' for pipelining.
WARNING: [HLS 200-936] Cannot unroll loop 'VITIS_LOOP_89_3' (Compute_block2in/Compute2in.cpp:89) in function 'compute2in': cannot completely unroll a loop with a variable trip count.
Command         transform done; 0.13 sec.
INFO-FLOW: Presyn 2...
Execute         transform -hls -keep-callgraph -scalarrepl -mem2reg -port-alignment -attach-range -dce -pipe-mux-gen -indvars -loop-bound -inst-simplify -instcombine -dce -merge-array-access -mem2reg -dce -clean-region -mergereturn -if-conv -instcombine -dce -constprop -basicaa -aggr-aa -aggrmodref-aa -aggr-aa -gvn -gvn -basicaa -aggr-aa -aggrmodref-aa -aggr-aa -dse -adse -adce -scalarrepl -mem2reg -global-constprop -deadargelim -deadargelim -instcombine -dce -simplifycfg -ptrArgReplace -mem2reg -function-inline -globaldce -mem2reg -instcombine -dce -expr-balance -instcombine -dce -bitwidthmin2 -bitwidthmin2 -interface-preproc -directive-preproc -inst-rectify -instcombine -dce -functionattrs -constprop -instcombine -bit-constprop -simplify-global-access -globalopt -globaldce -inst-simplify -instcombine -elimdeaddata -dce -loop-delete -simplifycfg -loop-simplify -barrier -norm-name /home/pulp1/HLS_corrected/Compute_block2in/solution1/.autopilot/db/a.o.1.tmp.bc -o /home/pulp1/HLS_corrected/Compute_block2in/solution1/.autopilot/db/a.o.2.bc -f -phase presyn 
INFO: [XFORM 203-401] Performing if-conversion on hyperblock from (Compute_block2in/Compute2in.cpp:66:9) to (Compute_block2in/Compute2in.cpp:84:16) in function 'compute2in'... converting 5 basic blocks.
INFO: [HLS 200-111] Finished Loop, function and other optimizations: CPU user time: 0.19 seconds. CPU system time: 0.02 seconds. Elapsed time: 0.2 seconds; current allocated memory: 844.711 MB.
INFO-FLOW: Building ssdm...
Execute         transform -hls -auto-function-inline -globaldce -ptrArgReplace -mem2reg -dce -reset-lda -loop-simplify -indvars -aggr-aa -licm -loop-dep -loop-bound -licm -loop-simplify -loop-sink-hoist -flattenloopnest -array-flatten -gvn -instcombine -dce -array-map -dce -func-legal -gvn -adce -instcombine -cfgopt -simplifycfg -loop-simplify -array-burst -promote-global-argument -dce -array-seg-normalize -basicaa -aggrmodref-aa -globalsmodref-aa -aggr-aa -gvn -gvn -basicaa -aggrmodref-aa -globalsmodref-aa -aggr-aa -dse -adse -adce -licm -inst-simplify -dce -globaldce -instcombine -array-stream -eliminate-keepreads -instcombine -dce -deadargelim -doublePtrSimplify -doublePtrElim -dce -doublePtrSimplify -promote-dbg-pointer -dce -scalarrepl -mem2reg -norm-name -mem2reg -instcombine -dse -adse -adce -ptrLegalization -dce -auto-rom-infer -array-flatten -dce -instcombine -check-doubleptr -loop-rot -constprop -cfgopt -simplifycfg -loop-simplify -indvars -pointer-simplify -dce -loop-bound -loop-simplify -loop-preproc -constprop -global-constprop -gvn -mem2reg -instcombine -dce -loop-bound -loop-merge -dce -deadargelim -dce -canonicalize-dataflow -dce -deadargelim -globaldce -mem2reg -bram-byte-enable -load-elim -read-loop-dep -loop-simplify -loop-extract-inner -directive-preproc -bitwidthmin2 -bitwidthmin2 -read-loop-dep -interface-preproc -directive-preproc -interface-gen -bram-byte-enable-spec-prop -deadargelim -inst-simplify -dce -gvn -mem2reg -instcombine -dce -adse -loop-bound -instcombine -cfgopt -simplifycfg -loop-simplify -clean-region -io-protocol -find-region -mem2reg -bitop-raise -complex-op-raise -inst-simplify -inst-rectify -instcombine -adce -deadargelim -float-op-raise -loop-simplify -phi-opt -bitop-raise -cfgopt -simplifycfg -strip-dead-prototypes -interface-lower -bitop-lower -intrinsic-lower -auto-function-inline -basicaa -aggrmodref-aa -globalsmodref-aa -aggr-aa -inst-simplify -simplifycfg -loop-simplify -mergereturn -inst-simplify -inst-rectify -dce -load-elim -bitop-lower -float-op-raise -fma-raise -loop-rewind -pointer-simplify -dce -cfgopt -dce -loop-bound -loop-dep -read-loop-dep -dce -dyn-mem-reuse -dce -recurrence-min -dce -share-scalar-alloca -deadargelim -dce -check-stream -norm-name -legalize -validate-dataflow -inst-clarity -bitwidth -dump-loop-dep-to-ir -check-all-ssdm -cdfg-build /home/pulp1/HLS_corrected/Compute_block2in/solution1/.autopilot/db/a.o.2.bc -o /home/pulp1/HLS_corrected/Compute_block2in/solution1/.autopilot/db/a.o.3.bc -f -phase build-ssdm 
WARNING: [HLS 200-960] Cannot flatten loop 'VITIS_LOOP_65_1' (Compute_block2in/Compute2in.cpp:67:8) in function 'compute2in' the outer loop is not a perfect loop because there is nontrivial logic before entering the inner loop.
INFO: [HLS 200-111] Finished Architecture Synthesis: CPU user time: 0.1 seconds. CPU system time: 0 seconds. Elapsed time: 0.1 seconds; current allocated memory: 844.711 MB.
INFO-FLOW: Finish building internal data model.
Command       opt_and_import_c done; 0.47 sec.
Command     elaborate done; 10.95 sec.
Execute     ap_eval exec zip -j /home/pulp1/HLS_corrected/Compute_block2in/solution1/.autopilot/db/dut.hcp $dbDir/a.o.3.bc $dbDir/${topname}.rtl_wrap.cfg.tcl $dbDir/apatb_${topname}.cpp $dbDir/apatb_${topname}_util.cpp $dbDir/apatb_${topname}_ir.ll $dbDir/mapper_${topname}.cpp $dbDir/top-io-fe.xml $dbDir/kernel.internal.xml $workdir/../hls.app 
Execute     autosyn -from_csynth_design=1 
INFO: [HLS 200-10] Starting hardware synthesis ...
INFO-FLOW: Synthesizing C/C++ design ...
INFO: [HLS 200-10] Synthesizing 'compute2in' ...
Execute       ap_set_top_model compute2in 
Execute       get_model_list compute2in -filter all-wo-channel -topdown 
Execute       preproc_iomode -model compute2in 
Execute       get_model_list compute2in -filter all-wo-channel 
INFO-FLOW: Model list for configure: compute2in
INFO-FLOW: Configuring Module : compute2in ...
Execute       set_default_model compute2in 
Execute       apply_spec_resource_limit compute2in 
INFO-FLOW: Model list for preprocess: compute2in
INFO-FLOW: Preprocessing Module: compute2in ...
Execute       set_default_model compute2in 
Execute       cdfg_preprocess -model compute2in 
Execute       rtl_gen_preprocess compute2in 
INFO-FLOW: Model list for synthesis: compute2in
INFO: [HLS 200-10] ----------------------------------------------------------------
INFO: [HLS 200-42] -- Implementing module 'compute2in' 
INFO: [HLS 200-10] ----------------------------------------------------------------
Execute       set_default_model compute2in 
Execute       schedule -model compute2in 
INFO: [SCHED 204-11] Starting scheduling ...
INFO: [HLS 200-486] Changing DSP latency (root=add_ln840_4) to 3 in order to utilize available DSP registers.
INFO: [HLS 200-486] Changing DSP latency (root=ret_V_1) to 3 in order to utilize available DSP registers.
INFO: [HLS 200-486] Changing DSP latency (root=ret_V_2) to 3 in order to utilize available DSP registers.
INFO: [HLS 200-486] Changing DSP latency (root=ret_V_4) to 3 in order to utilize available DSP registers.
INFO: [HLS 200-486] Changing DSP latency (root=ret_V) to 3 in order to utilize available DSP registers.
WARNING: [SCHED 204-65] Unable to satisfy pipeline directive for loop 'VITIS_LOOP_65_1': contains subloop(s) that are not unrolled or flattened.
INFO: [SCHED 204-11] Finished scheduling.
Command       schedule done; 0.17 sec.
INFO: [HLS 200-111] Finished Scheduling: CPU user time: 0.19 seconds. CPU system time: 0.04 seconds. Elapsed time: 0.23 seconds; current allocated memory: 844.711 MB.
Execute       syn_report -verbosereport -o /home/pulp1/HLS_corrected/Compute_block2in/solution1/.autopilot/db/compute2in.verbose.sched.rpt 
Execute         AP::get_flow_target_display_name
Execute       db_write -o /home/pulp1/HLS_corrected/Compute_block2in/solution1/.autopilot/db/compute2in.sched.adb -f 
INFO-FLOW: Finish scheduling compute2in.
Execute       set_default_model compute2in 
Execute       bind -model compute2in 
INFO: [BIND 205-100] Starting micro-architecture generation ...
INFO: [BIND 205-101] Performing variable lifetime analysis.
INFO: [BIND 205-101] Exploring resource sharing.
INFO: [BIND 205-101] Binding ...
INFO: [BIND 205-100] Finished micro-architecture generation.
INFO: [HLS 200-111] Finished Binding: CPU user time: 0.13 seconds. CPU system time: 0.01 seconds. Elapsed time: 0.14 seconds; current allocated memory: 844.711 MB.
Execute       syn_report -verbosereport -o /home/pulp1/HLS_corrected/Compute_block2in/solution1/.autopilot/db/compute2in.verbose.bind.rpt 
Execute         AP::get_flow_target_display_name
Command       syn_report done; 0.17 sec.
Execute       db_write -o /home/pulp1/HLS_corrected/Compute_block2in/solution1/.autopilot/db/compute2in.bind.adb -f 
INFO-FLOW: Finish binding compute2in.
Execute       get_model_list compute2in -filter all-wo-channel 
INFO-FLOW: Preprocessing for RTLGen ...
Execute       rtl_gen_preprocess compute2in 
INFO-FLOW: Model list for RTL generation: compute2in
INFO: [HLS 200-10] ----------------------------------------------------------------
INFO: [HLS 200-10] -- Generating RTL for module 'compute2in' 
INFO: [HLS 200-10] ----------------------------------------------------------------
Execute       create_rtl_model compute2in -top_prefix  -sub_prefix compute2in_ -mg_file /home/pulp1/HLS_corrected/Compute_block2in/solution1/.autopilot/db/compute2in.compgen.tcl 
INFO: [RTGEN 206-500] Setting interface mode on port 'compute2in/buffer_a' to 'ap_memory'.
INFO: [RTGEN 206-500] Setting interface mode on port 'compute2in/buffer_b' to 'ap_memory'.
INFO: [RTGEN 206-500] Setting interface mode on port 'compute2in/buffer_2' to 'ap_memory'.
INFO: [RTGEN 206-500] Setting interface mode on port 'compute2in/phase' to 'ap_none'.
INFO: [RTGEN 206-500] Setting interface mode on function 'compute2in' to 'ap_ctrl_hs'.
WARNING: [RTGEN 206-101] Register 'compute2in_ap_int_32_ap_int_32_ap_int_32_bool_REG1' is power-on initialization.
WARNING: [RTGEN 206-101] Register 'compute2in_ap_int_32_ap_int_32_ap_int_32_bool_REG1_5' is power-on initialization.
WARNING: [RTGEN 206-101] Register 'p_ZZ10compute2inP6ap_intILi32EES1_S1_bE4REG1_10' is power-on initialization.
WARNING: [RTGEN 206-101] Register 'p_ZZ10compute2inP6ap_intILi32EES1_S1_bE4REG1_15' is power-on initialization.
WARNING: [RTGEN 206-101] Register 'compute2in_ap_int_32_ap_int_32_ap_int_32_bool_REG1_1' is power-on initialization.
WARNING: [RTGEN 206-101] Register 'compute2in_ap_int_32_ap_int_32_ap_int_32_bool_REG1_2' is power-on initialization.
WARNING: [RTGEN 206-101] Register 'compute2in_ap_int_32_ap_int_32_ap_int_32_bool_REG1_3' is power-on initialization.
WARNING: [RTGEN 206-101] Register 'compute2in_ap_int_32_ap_int_32_ap_int_32_bool_REG1_4' is power-on initialization.
WARNING: [RTGEN 206-101] Register 'compute2in_ap_int_32_ap_int_32_ap_int_32_bool_REG1_6' is power-on initialization.
WARNING: [RTGEN 206-101] Register 'compute2in_ap_int_32_ap_int_32_ap_int_32_bool_REG1_7' is power-on initialization.
WARNING: [RTGEN 206-101] Register 'compute2in_ap_int_32_ap_int_32_ap_int_32_bool_REG1_8' is power-on initialization.
WARNING: [RTGEN 206-101] Register 'compute2in_ap_int_32_ap_int_32_ap_int_32_bool_REG1_9' is power-on initialization.
WARNING: [RTGEN 206-101] Register 'p_ZZ10compute2inP6ap_intILi32EES1_S1_bE4REG1_11' is power-on initialization.
WARNING: [RTGEN 206-101] Register 'p_ZZ10compute2inP6ap_intILi32EES1_S1_bE4REG1_12' is power-on initialization.
WARNING: [RTGEN 206-101] Register 'p_ZZ10compute2inP6ap_intILi32EES1_S1_bE4REG1_13' is power-on initialization.
WARNING: [RTGEN 206-101] Register 'p_ZZ10compute2inP6ap_intILi32EES1_S1_bE4REG1_14' is power-on initialization.
WARNING: [RTGEN 206-101] Port 'compute2in/buffer_b_address0' has no fanin or fanout and is left dangling.
               Please use C simulation to confirm this function argument can be read from or written to.
WARNING: [RTGEN 206-101] Setting dangling out port 'compute2in/buffer_b_address0' to 0.
WARNING: [RTGEN 206-101] Port 'compute2in/buffer_b_ce0' has no fanin or fanout and is left dangling.
               Please use C simulation to confirm this function argument can be read from or written to.
WARNING: [RTGEN 206-101] Setting dangling out port 'compute2in/buffer_b_ce0' to 0.
WARNING: [RTGEN 206-101] Port 'compute2in/buffer_b_we0' has no fanin or fanout and is left dangling.
               Please use C simulation to confirm this function argument can be read from or written to.
WARNING: [RTGEN 206-101] Setting dangling out port 'compute2in/buffer_b_we0' to 0.
WARNING: [RTGEN 206-101] Port 'compute2in/buffer_b_d0' has no fanin or fanout and is left dangling.
               Please use C simulation to confirm this function argument can be read from or written to.
WARNING: [RTGEN 206-101] Setting dangling out port 'compute2in/buffer_b_d0' to 0.
WARNING: [RTGEN 206-101] Port 'compute2in/buffer_b_q0' has no fanin or fanout and is left dangling.
               Please use C simulation to confirm this function argument can be read from or written to.
WARNING: [RTGEN 206-101] Port 'compute2in/buffer_b_address1' has no fanin or fanout and is left dangling.
               Please use C simulation to confirm this function argument can be read from or written to.
WARNING: [RTGEN 206-101] Setting dangling out port 'compute2in/buffer_b_address1' to 0.
WARNING: [RTGEN 206-101] Port 'compute2in/buffer_b_ce1' has no fanin or fanout and is left dangling.
               Please use C simulation to confirm this function argument can be read from or written to.
WARNING: [RTGEN 206-101] Setting dangling out port 'compute2in/buffer_b_ce1' to 0.
WARNING: [RTGEN 206-101] Port 'compute2in/buffer_b_we1' has no fanin or fanout and is left dangling.
               Please use C simulation to confirm this function argument can be read from or written to.
WARNING: [RTGEN 206-101] Setting dangling out port 'compute2in/buffer_b_we1' to 0.
WARNING: [RTGEN 206-101] Port 'compute2in/buffer_b_d1' has no fanin or fanout and is left dangling.
               Please use C simulation to confirm this function argument can be read from or written to.
WARNING: [RTGEN 206-101] Setting dangling out port 'compute2in/buffer_b_d1' to 0.
WARNING: [RTGEN 206-101] Port 'compute2in/buffer_b_q1' has no fanin or fanout and is left dangling.
               Please use C simulation to confirm this function argument can be read from or written to.
INFO: [RTGEN 206-100] Generating core module 'ama_addmuladd_16ns_16ns_1ns_17s_32_4_1': 1 instance(s).
INFO: [RTGEN 206-100] Generating core module 'mac_muladd_16ns_16ns_32ns_32_4_1': 2 instance(s).
INFO: [RTGEN 206-100] Generating core module 'mul_16ns_1ns_32_1_1': 2 instance(s).
INFO: [RTGEN 206-100] Generating core module 'mul_17ns_1ns_32_1_1': 2 instance(s).
INFO: [RTGEN 206-100] Generating core module 'mul_mul_16ns_16ns_32_4_1': 2 instance(s).
INFO: [RTGEN 206-100] Generating core module 'mux_124_32_1_1': 1 instance(s).
INFO: [RTGEN 206-100] Generating core module 'mux_154_32_1_1': 1 instance(s).
INFO: [RTGEN 206-100] Generating core module 'mux_32_16_1_1': 8 instance(s).
INFO: [RTGEN 206-100] Generating core module 'mux_42_32_1_1': 1 instance(s).
INFO: [RTGEN 206-100] Finished creating RTL model for 'compute2in'.
INFO: [HLS 200-111] Finished Creating RTL model: CPU user time: 0.24 seconds. CPU system time: 0.02 seconds. Elapsed time: 0.26 seconds; current allocated memory: 844.711 MB.
Execute       source /home/pulp1/HLS_corrected/Compute_block2in/solution1/.autopilot/db/compute2in.rtl_wrap.cfg.tcl 
Execute       gen_rtl compute2in -istop -style xilinx -f -lang vhdl -o /home/pulp1/HLS_corrected/Compute_block2in/solution1/syn/vhdl/compute2in 
Execute       gen_rtl compute2in -istop -style xilinx -f -lang vlog -o /home/pulp1/HLS_corrected/Compute_block2in/solution1/syn/verilog/compute2in 
Execute       syn_report -csynth -model compute2in -o /home/pulp1/HLS_corrected/Compute_block2in/solution1/syn/report/compute2in_csynth.rpt 
Execute         AP::get_flow_target_display_name
Execute       syn_report -rtlxml -model compute2in -o /home/pulp1/HLS_corrected/Compute_block2in/solution1/syn/report/compute2in_csynth.xml 
Execute       syn_report -verbosereport -model compute2in -o /home/pulp1/HLS_corrected/Compute_block2in/solution1/.autopilot/db/compute2in.verbose.rpt 
Execute         AP::get_flow_target_display_name
Command       syn_report done; 0.2 sec.
Execute       db_write -model compute2in -f -o /home/pulp1/HLS_corrected/Compute_block2in/solution1/.autopilot/db/compute2in.adb 
Execute       db_write -model compute2in -bindview -o /home/pulp1/HLS_corrected/Compute_block2in/solution1/.autopilot/db/design.bindinfo.xml 
Execute       gen_tb_info compute2in -p /home/pulp1/HLS_corrected/Compute_block2in/solution1/.autopilot/db -o /home/pulp1/HLS_corrected/Compute_block2in/solution1/.autopilot/db/compute2in 
Execute       export_constraint_db -f -tool general -o /home/pulp1/HLS_corrected/Compute_block2in/solution1/.autopilot/db/compute2in.constraint.tcl 
Execute       syn_report -designview -model compute2in -o /home/pulp1/HLS_corrected/Compute_block2in/solution1/.autopilot/db/compute2in.design.xml 
Execute       syn_report -csynthDesign -model compute2in -o /home/pulp1/HLS_corrected/Compute_block2in/solution1/syn/report/csynth.rpt 
Execute         AP::get_flow_target_display_name
Execute       syn_report -wcfg -model compute2in -o /home/pulp1/HLS_corrected/Compute_block2in/solution1/.autopilot/db/compute2in_dataflow_ana.wcfg 
Execute       syn_report -protoinst -model compute2in -o /home/pulp1/HLS_corrected/Compute_block2in/solution1/.autopilot/db/compute2in.protoinst 
Execute       sc_get_clocks compute2in 
Execute       sc_get_portdomain compute2in 
INFO-FLOW: Model list for RTL component generation: compute2in
INFO-FLOW: Handling components in module [compute2in] ... 
Execute       source /home/pulp1/HLS_corrected/Compute_block2in/solution1/.autopilot/db/compute2in.compgen.tcl 
INFO-FLOW: Found component compute2in_mul_17ns_1ns_32_1_1.
INFO-FLOW: Append model mul_17ns_1ns_32_1_1
INFO-FLOW: Found component compute2in_mux_42_32_1_1.
INFO-FLOW: Append model mux_42_32_1_1
INFO-FLOW: Found component compute2in_mux_32_16_1_1.
INFO-FLOW: Append model mux_32_16_1_1
INFO-FLOW: Found component compute2in_mul_16ns_1ns_32_1_1.
INFO-FLOW: Append model mul_16ns_1ns_32_1_1
INFO-FLOW: Found component compute2in_mux_154_32_1_1.
INFO-FLOW: Append model mux_154_32_1_1
INFO-FLOW: Found component compute2in_mux_124_32_1_1.
INFO-FLOW: Append model mux_124_32_1_1
INFO-FLOW: Found component compute2in_mul_mul_16ns_16ns_32_4_1.
INFO-FLOW: Append model mul_mul_16ns_16ns_32_4_1
INFO-FLOW: Found component compute2in_ama_addmuladd_16ns_16ns_1ns_17s_32_4_1.
INFO-FLOW: Append model ama_addmuladd_16ns_16ns_1ns_17s_32_4_1
INFO-FLOW: Found component compute2in_mac_muladd_16ns_16ns_32ns_32_4_1.
INFO-FLOW: Append model mac_muladd_16ns_16ns_32ns_32_4_1
INFO-FLOW: Append model compute2in
INFO-FLOW: Generating RTL model list ...
INFO-FLOW: All models in this session: compute2in_mul_17ns_1ns_32_1_1 compute2in_mux_42_32_1_1 compute2in_mux_32_16_1_1 compute2in_mul_16ns_1ns_32_1_1 compute2in_mux_154_32_1_1 compute2in_mux_124_32_1_1 compute2in_mul_mul_16ns_16ns_32_4_1 compute2in_ama_addmuladd_16ns_16ns_1ns_17s_32_4_1 compute2in_mac_muladd_16ns_16ns_32ns_32_4_1 compute2in mul_17ns_1ns_32_1_1 mux_42_32_1_1 mux_32_16_1_1 mul_16ns_1ns_32_1_1 mux_154_32_1_1 mux_124_32_1_1 mul_mul_16ns_16ns_32_4_1 ama_addmuladd_16ns_16ns_1ns_17s_32_4_1 mac_muladd_16ns_16ns_32ns_32_4_1 compute2in mul_17ns_1ns_32_1_1 mux_42_32_1_1 mux_32_16_1_1 mul_16ns_1ns_32_1_1 mux_154_32_1_1 mux_124_32_1_1 mul_mul_16ns_16ns_32_4_1 ama_addmuladd_16ns_16ns_1ns_17s_32_4_1 mac_muladd_16ns_16ns_32ns_32_4_1 compute2in
INFO-FLOW: Generating /home/pulp1/HLS_corrected/Compute_block2in/solution1/.autopilot/db/autopilot.rtl.models.txt file...
INFO-FLOW: To file: write model compute2in_mul_17ns_1ns_32_1_1
INFO-FLOW: To file: write model compute2in_mux_42_32_1_1
INFO-FLOW: To file: write model compute2in_mux_32_16_1_1
INFO-FLOW: To file: write model compute2in_mul_16ns_1ns_32_1_1
INFO-FLOW: To file: write model compute2in_mux_154_32_1_1
INFO-FLOW: To file: write model compute2in_mux_124_32_1_1
INFO-FLOW: To file: write model compute2in_mul_mul_16ns_16ns_32_4_1
INFO-FLOW: To file: write model compute2in_ama_addmuladd_16ns_16ns_1ns_17s_32_4_1
INFO-FLOW: To file: write model compute2in_mac_muladd_16ns_16ns_32ns_32_4_1
INFO-FLOW: To file: write model compute2in
INFO-FLOW: To file: write model mul_17ns_1ns_32_1_1
INFO-FLOW: To file: write model mux_42_32_1_1
INFO-FLOW: To file: write model mux_32_16_1_1
INFO-FLOW: To file: write model mul_16ns_1ns_32_1_1
INFO-FLOW: To file: write model mux_154_32_1_1
INFO-FLOW: To file: write model mux_124_32_1_1
INFO-FLOW: To file: write model mul_mul_16ns_16ns_32_4_1
INFO-FLOW: To file: write model ama_addmuladd_16ns_16ns_1ns_17s_32_4_1
INFO-FLOW: To file: write model mac_muladd_16ns_16ns_32ns_32_4_1
INFO-FLOW: To file: write model compute2in
INFO-FLOW: To file: write model mul_17ns_1ns_32_1_1
INFO-FLOW: To file: write model mux_42_32_1_1
INFO-FLOW: To file: write model mux_32_16_1_1
INFO-FLOW: To file: write model mul_16ns_1ns_32_1_1
INFO-FLOW: To file: write model mux_154_32_1_1
INFO-FLOW: To file: write model mux_124_32_1_1
INFO-FLOW: To file: write model mul_mul_16ns_16ns_32_4_1
INFO-FLOW: To file: write model ama_addmuladd_16ns_16ns_1ns_17s_32_4_1
INFO-FLOW: To file: write model mac_muladd_16ns_16ns_32ns_32_4_1
INFO-FLOW: To file: write model compute2in
INFO-FLOW: Generating /home/pulp1/HLS_corrected/Compute_block2in/solution1/.autopilot/db/autopilot.rtl.models.tcl file...
INFO-FLOW: Finished generating RTL model list.


INFO-FLOW: RTL Generation done.
INFO-FLOW: CAS Generation done.
INFO-FLOW: CBC Generation done.
INFO-FLOW: DBG:PROC: ::AESL_AUTOMG::auto_generate_csynth_design
INFO-FLOW: DBG:PUTS: read_platform_lib /home/pulp1/HLS_corrected/Compute_block2in/solution1/.autopilot/db/global.setting.tcl
Execute       source /tools/Xilinx/Vitis_HLS/2022.2/common/technology/generic/autopilot/common.gen 
Execute         source /tools/Xilinx/Vitis_HLS/2022.2/common/technology/generic/autopilot/APCoreGen.gen 
Execute       source /tools/Xilinx/Vitis_HLS/2022.2/common/technology/generic/autopilot/op.gen 
Execute       source /tools/Xilinx/Vitis_HLS/2022.2/common/technology/generic/autopilot/op_simcore.gen 
Execute       source /tools/Xilinx/Vitis_HLS/2022.2/common/technology/generic/autopilot/interface.gen 
Execute       source /home/pulp1/HLS_corrected/Compute_block2in/solution1/.autopilot/db/global.setting.tcl 
Execute       source /tools/Xilinx/Vitis_HLS/2022.2/common/technology/xilinx/common/xilinx.gen 
Execute         source /tools/Xilinx/Vitis_HLS/2022.2/common/technology/xilinx/interface/plb46.gen 
Execute         source /tools/Xilinx/Vitis_HLS/2022.2/common/technology/xilinx/interface/axi4.gen 
Execute         source /tools/Xilinx/Vitis_HLS/2022.2/common/technology/xilinx/interface/nativeAXI4.gen 
Execute           source /tools/Xilinx/Vitis_HLS/2022.2/common/technology/xilinx/interface/saxilite.gen 
Execute         source /tools/Xilinx/Vitis_HLS/2022.2/common/technology/xilinx/scripts/xilinxcoregen.gen 
Execute         source /tools/Xilinx/Vitis_HLS/2022.2/common/technology/xilinx/interface/XilEDKCoreGen.gen 
Execute         source /tools/Xilinx/Vitis_HLS/2022.2/common/technology/xilinx/ip/dds_compiler.gen 
Execute         source /tools/Xilinx/Vitis_HLS/2022.2/common/technology/xilinx/ip/util.gen 
Execute         source /tools/Xilinx/Vitis_HLS/2022.2/common/technology/xilinx/ip/xfft.gen 
Execute         source /tools/Xilinx/Vitis_HLS/2022.2/common/technology/xilinx/ip/xfir.gen 
Execute         source /tools/Xilinx/Vitis_HLS/2022.2/common/technology/xilinx/DSP48/dsp48.gen 
INFO-FLOW: DBG:PROC: ::AESL_AUTOMG::generate_ip_cores gen_sim_model='1' gen_fp_models='0' gen_for_export='0' dstSCDir='' dstVhdlDir='/home/pulp1/HLS_corrected/Compute_block2in/solution1/.autopilot/db/vhdl' dstVlogDir='/home/pulp1/HLS_corrected/Compute_block2in/solution1/.autopilot/db/vlog' tclDir='/home/pulp1/HLS_corrected/Compute_block2in/solution1/.autopilot/db' modelList='compute2in_mul_17ns_1ns_32_1_1
compute2in_mux_42_32_1_1
compute2in_mux_32_16_1_1
compute2in_mul_16ns_1ns_32_1_1
compute2in_mux_154_32_1_1
compute2in_mux_124_32_1_1
compute2in_mul_mul_16ns_16ns_32_4_1
compute2in_ama_addmuladd_16ns_16ns_1ns_17s_32_4_1
compute2in_mac_muladd_16ns_16ns_32ns_32_4_1
compute2in
mul_17ns_1ns_32_1_1
mux_42_32_1_1
mux_32_16_1_1
mul_16ns_1ns_32_1_1
mux_154_32_1_1
mux_124_32_1_1
mul_mul_16ns_16ns_32_4_1
ama_addmuladd_16ns_16ns_1ns_17s_32_4_1
mac_muladd_16ns_16ns_32ns_32_4_1
compute2in
mul_17ns_1ns_32_1_1
mux_42_32_1_1
mux_32_16_1_1
mul_16ns_1ns_32_1_1
mux_154_32_1_1
mux_124_32_1_1
mul_mul_16ns_16ns_32_4_1
ama_addmuladd_16ns_16ns_1ns_17s_32_4_1
mac_muladd_16ns_16ns_32ns_32_4_1
compute2in
' expOnly='0'
Execute       source /home/pulp1/HLS_corrected/Compute_block2in/solution1/.autopilot/db/global.setting.tcl 
Execute       source /home/pulp1/HLS_corrected/Compute_block2in/solution1/.autopilot/db/global.setting.tcl 
Execute       source /home/pulp1/HLS_corrected/Compute_block2in/solution1/.autopilot/db/compute2in.compgen.tcl 
Execute         ap_part_info -name xczu7ev-ffvc1156-2-e -data names -quiet 
Execute         ap_part_info -name xczu7ev-ffvc1156-2-e -data info -quiet 
Execute         ap_part_info -name xczu7ev-ffvc1156-2-e -data names -quiet 
Execute         ap_part_info -name xczu7ev-ffvc1156-2-e -data info -quiet 
Execute         ap_part_info -name xczu7ev-ffvc1156-2-e -data names -quiet 
Execute         ap_part_info -name xczu7ev-ffvc1156-2-e -data info -quiet 
Execute         ap_part_info -name xczu7ev-ffvc1156-2-e -data names -quiet 
Execute         ap_part_info -name xczu7ev-ffvc1156-2-e -data info -quiet 
Execute         ap_part_info -name xczu7ev-ffvc1156-2-e -data names -quiet 
Execute         ap_part_info -name xczu7ev-ffvc1156-2-e -data info -quiet 
Execute         ap_part_info -name xczu7ev-ffvc1156-2-e -data names -quiet 
Execute         ap_part_info -name xczu7ev-ffvc1156-2-e -data info -quiet 
Execute         ap_part_info -name xczu7ev-ffvc1156-2-e -data info 
Execute         ap_part_info -name xczu7ev-ffvc1156-2-e -data names -quiet 
Execute         ap_part_info -name xczu7ev-ffvc1156-2-e -data info -quiet 
Execute         ap_part_info -name xczu7ev-ffvc1156-2-e -data info 
Command       ap_source done; 0.17 sec.
Execute       source /home/pulp1/HLS_corrected/Compute_block2in/solution1/.autopilot/db/compute2in.compgen.tcl 
Execute       source /home/pulp1/HLS_corrected/Compute_block2in/solution1/.autopilot/db/compute2in.compgen.tcl 
INFO: [HLS 200-111] Finished Generating all RTL models: CPU user time: 0.9 seconds. CPU system time: 0.04 seconds. Elapsed time: 0.95 seconds; current allocated memory: 849.047 MB.
INFO-FLOW: DBG:PROC: ::HLSREPORTS::create_csynth_xml bind_info_var='bind_info' RtlSubPrefix='compute2in_' outfile=''
INFO-FLOW: Running: create_csynth_xml read xml data
INFO-FLOW: Done: create_csynth_xml read xml data time: 0 seconds per iteration
INFO-FLOW: Running: create_csynth_xml bind info
INFO-FLOW: Done: create_csynth_xml bind info time: 0 seconds per iteration
INFO-FLOW: Running: create_csynth_xml config info
INFO-FLOW: Done: create_csynth_xml config info time: 0 seconds per iteration
INFO-FLOW: Running: create_csynth_xml write xml
INFO-FLOW: Done: create_csynth_xml write xml time: 0 seconds per iteration
INFO-FLOW: DBG:PUTS:      create_csynth_xml wrote csynth_xml=/home/pulp1/HLS_corrected/Compute_block2in/solution1/syn/report/csynth.xml
INFO-FLOW: DBG:PROC: ::AP::DESIGN_DATA::generate_json generate_bd_files='0' generate_xo_files='0' modelList='compute2in_mul_17ns_1ns_32_1_1
compute2in_mux_42_32_1_1
compute2in_mux_32_16_1_1
compute2in_mul_16ns_1ns_32_1_1
compute2in_mux_154_32_1_1
compute2in_mux_124_32_1_1
compute2in_mul_mul_16ns_16ns_32_4_1
compute2in_ama_addmuladd_16ns_16ns_1ns_17s_32_4_1
compute2in_mac_muladd_16ns_16ns_32ns_32_4_1
compute2in
mul_17ns_1ns_32_1_1
mux_42_32_1_1
mux_32_16_1_1
mul_16ns_1ns_32_1_1
mux_154_32_1_1
mux_124_32_1_1
mul_mul_16ns_16ns_32_4_1
ama_addmuladd_16ns_16ns_1ns_17s_32_4_1
mac_muladd_16ns_16ns_32ns_32_4_1
compute2in
mul_17ns_1ns_32_1_1
mux_42_32_1_1
mux_32_16_1_1
mul_16ns_1ns_32_1_1
mux_154_32_1_1
mux_124_32_1_1
mul_mul_16ns_16ns_32_4_1
ama_addmuladd_16ns_16ns_1ns_17s_32_4_1
mac_muladd_16ns_16ns_32ns_32_4_1
compute2in
' rtl_lang='both' bootstrap_tcl='false' outdir='' outfilename=''
Execute       source /home/pulp1/HLS_corrected/Compute_block2in/solution1/.autopilot/db/global.setting.tcl 
Execute       source /home/pulp1/HLS_corrected/Compute_block2in/solution1/.autopilot/db/global.setting.tcl 
Execute       source /home/pulp1/HLS_corrected/Compute_block2in/solution1/.autopilot/db/top-io-be.tcl 
Execute       source /home/pulp1/HLS_corrected/Compute_block2in/solution1/.autopilot/db/compute2in.tbgen.tcl 
Execute       source /home/pulp1/HLS_corrected/Compute_block2in/solution1/.autopilot/db/compute2in.rtl_wrap.cfg.tcl 
Execute       source /home/pulp1/HLS_corrected/Compute_block2in/solution1/.autopilot/db/compute2in.compgen.dataonly.tcl 
Execute       source /home/pulp1/HLS_corrected/Compute_block2in/solution1/.autopilot/db/compute2in.tbgen.tcl 
Execute       source /home/pulp1/HLS_corrected/Compute_block2in/solution1/.autopilot/db/global.setting.tcl 
Execute       ap_part_info -name xczu7ev-ffvc1156-2-e -data names -quiet 
Execute       ap_part_info -name xczu7ev-ffvc1156-2-e -data info -quiet 
Execute       source /home/pulp1/HLS_corrected/Compute_block2in/solution1/.autopilot/db/compute2in.constraint.tcl 
Execute       sc_get_clocks compute2in 
Execute       source /home/pulp1/HLS_corrected/Compute_block2in/solution1/.autopilot/db/global.setting.tcl 
INFO-FLOW: DBG:PROC: ::HLSREPORTS::add_csynth_report_sections bind_info_dict='adapter_nodes {} report_dict {TOPINST compute2in MODULE2INSTS {compute2in compute2in} INST2MODULE {compute2in compute2in} INSTDATA {compute2in {DEPTH 1 CHILDREN {}}} MODULEDATA {compute2in {BINDINFO {{BINDTYPE op ID {} IMPL fabric LATENCY 0 OPTYPE add PRAGMA {} RTLNAME add_ln65_fu_357_p2 SOURCE Compute_block2in/Compute2in.cpp:65 VARIABLE add_ln65 LOOP VITIS_LOOP_65_1 BUNDLEDNAME {} DSP 0 BRAM 0 URAM 0 DISPNAME {bind_op add}} {BINDTYPE op ID {} IMPL fabric LATENCY 0 OPTYPE add PRAGMA {} RTLNAME add_ln840_fu_765_p2 SOURCE /tools/Xilinx/Vitis_HLS/2022.2/common/technology/autopilot/ap_int_base.h:840 VARIABLE add_ln840 LOOP VITIS_LOOP_65_1 BUNDLEDNAME {} DSP 0 BRAM 0 URAM 0 DISPNAME {bind_op add}} {BINDTYPE op ID {} IMPL auto LATENCY 0 OPTYPE mul PRAGMA {} RTLNAME mul_17ns_1ns_32_1_1_U1 SOURCE /tools/Xilinx/Vitis_HLS/2022.2/common/technology/autopilot/ap_int_base.h:840 VARIABLE mul_ln840 LOOP VITIS_LOOP_65_1 BUNDLEDNAME {} DSP 0 BRAM 0 URAM 0 DISPNAME {bind_op mul}} {BINDTYPE op ID {} IMPL fabric LATENCY 0 OPTYPE add PRAGMA {} RTLNAME add_ln840_1_fu_781_p2 SOURCE /tools/Xilinx/Vitis_HLS/2022.2/common/technology/autopilot/ap_int_base.h:840 VARIABLE add_ln840_1 LOOP VITIS_LOOP_65_1 BUNDLEDNAME {} DSP 0 BRAM 0 URAM 0 DISPNAME {bind_op add}} {BINDTYPE op ID {} IMPL auto LATENCY 0 OPTYPE mul PRAGMA {} RTLNAME mul_17ns_1ns_32_1_1_U2 SOURCE /tools/Xilinx/Vitis_HLS/2022.2/common/technology/autopilot/ap_int_base.h:840 VARIABLE mul_ln840_1 LOOP VITIS_LOOP_65_1 BUNDLEDNAME {} DSP 0 BRAM 0 URAM 0 DISPNAME {bind_op mul}} {BINDTYPE op ID {} IMPL fabric LATENCY 0 OPTYPE add PRAGMA {} RTLNAME add_ln186_fu_797_p2 SOURCE /tools/Xilinx/Vitis_HLS/2022.2/common/technology/autopilot/ap_int_base.h:186 VARIABLE add_ln186 LOOP VITIS_LOOP_65_1 BUNDLEDNAME {} DSP 0 BRAM 0 URAM 0 DISPNAME {bind_op add}} {BINDTYPE op ID {} IMPL fabric LATENCY 0 OPTYPE add PRAGMA {} RTLNAME add_ln89_fu_880_p2 SOURCE Compute_block2in/Compute2in.cpp:89 VARIABLE add_ln89 LOOP VITIS_LOOP_89_3 BUNDLEDNAME {} DSP 0 BRAM 0 URAM 0 DISPNAME {bind_op add}} {BINDTYPE op ID {} IMPL dsp48 LATENCY 3 OPTYPE mul PRAGMA {} RTLNAME mul_mul_16ns_16ns_32_4_1_U16 SOURCE /tools/Xilinx/Vitis_HLS/2022.2/common/technology/autopilot/ap_int_base.h:1494 VARIABLE ret_V LOOP VITIS_LOOP_89_3 BUNDLEDNAME {} DSP 1 BRAM 0 URAM 0 DISPNAME {bind_op mul}} {BINDTYPE op ID {} IMPL dsp48 LATENCY 3 OPTYPE mul PRAGMA {} RTLNAME mac_muladd_16ns_16ns_32ns_32_4_1_U20 SOURCE /tools/Xilinx/Vitis_HLS/2022.2/common/technology/autopilot/ap_int_base.h:1494 VARIABLE ret_V_1 LOOP VITIS_LOOP_89_3 BUNDLEDNAME {} DSP 1 BRAM 0 URAM 0 DISPNAME {bind_op mul}} {BINDTYPE op ID {} IMPL dsp48 LATENCY 3 OPTYPE mul PRAGMA {} RTLNAME mac_muladd_16ns_16ns_32ns_32_4_1_U19 SOURCE /tools/Xilinx/Vitis_HLS/2022.2/common/technology/autopilot/ap_int_base.h:1494 VARIABLE ret_V_2 LOOP VITIS_LOOP_89_3 BUNDLEDNAME {} DSP 1 BRAM 0 URAM 0 DISPNAME {bind_op mul}} {BINDTYPE op ID {} IMPL auto LATENCY 0 OPTYPE mul PRAGMA {} RTLNAME mul_16ns_1ns_32_1_1_U10 SOURCE /tools/Xilinx/Vitis_HLS/2022.2/common/technology/autopilot/ap_int_base.h:1494 VARIABLE ret_V_3 LOOP VITIS_LOOP_89_3 BUNDLEDNAME {} DSP 0 BRAM 0 URAM 0 DISPNAME {bind_op mul}} {BINDTYPE op ID {} IMPL dsp48 LATENCY 3 OPTYPE mul PRAGMA {} RTLNAME mul_mul_16ns_16ns_32_4_1_U17 SOURCE /tools/Xilinx/Vitis_HLS/2022.2/common/technology/autopilot/ap_int_base.h:1494 VARIABLE ret_V_4 LOOP VITIS_LOOP_89_3 BUNDLEDNAME {} DSP 1 BRAM 0 URAM 0 DISPNAME {bind_op mul}} {BINDTYPE op ID {} IMPL dsp48 LATENCY 3 OPTYPE add PRAGMA {} RTLNAME mac_muladd_16ns_16ns_32ns_32_4_1_U19 SOURCE /tools/Xilinx/Vitis_HLS/2022.2/common/technology/autopilot/ap_int_base.h:840 VARIABLE add_ln840_2 LOOP VITIS_LOOP_89_3 BUNDLEDNAME {} DSP 1 BRAM 0 URAM 0 DISPNAME {bind_op add}} {BINDTYPE op ID {} IMPL dsp48 LATENCY 3 OPTYPE add PRAGMA {} RTLNAME mac_muladd_16ns_16ns_32ns_32_4_1_U20 SOURCE /tools/Xilinx/Vitis_HLS/2022.2/common/technology/autopilot/ap_int_base.h:840 VARIABLE add_ln840_3 LOOP VITIS_LOOP_89_3 BUNDLEDNAME {} DSP 1 BRAM 0 URAM 0 DISPNAME {bind_op add}} {BINDTYPE op ID {} IMPL auto LATENCY 0 OPTYPE mul PRAGMA {} RTLNAME mul_16ns_1ns_32_1_1_U13 SOURCE /tools/Xilinx/Vitis_HLS/2022.2/common/technology/autopilot/ap_int_base.h:1494 VARIABLE ret_V_5 LOOP VITIS_LOOP_89_3 BUNDLEDNAME {} DSP 0 BRAM 0 URAM 0 DISPNAME {bind_op mul}} {BINDTYPE op ID {} IMPL dsp48 LATENCY 3 OPTYPE add PRAGMA {} RTLNAME ama_addmuladd_16ns_16ns_1ns_17s_32_4_1_U18 SOURCE /tools/Xilinx/Vitis_HLS/2022.2/common/technology/autopilot/ap_int_base.h:840 VARIABLE add_ln840_4 LOOP VITIS_LOOP_89_3 BUNDLEDNAME {} DSP 1 BRAM 0 URAM 0 DISPNAME {bind_op add}} {BINDTYPE op ID {} IMPL dsp48 LATENCY 3 OPTYPE mul PRAGMA {} RTLNAME ama_addmuladd_16ns_16ns_1ns_17s_32_4_1_U18 SOURCE /tools/Xilinx/Vitis_HLS/2022.2/common/technology/autopilot/ap_int_base.h:840 VARIABLE mul_ln840_2 LOOP VITIS_LOOP_89_3 BUNDLEDNAME {} DSP 1 BRAM 0 URAM 0 DISPNAME {bind_op mul}} {BINDTYPE op ID {} IMPL dsp48 LATENCY 3 OPTYPE add PRAGMA {} RTLNAME ama_addmuladd_16ns_16ns_1ns_17s_32_4_1_U18 SOURCE /tools/Xilinx/Vitis_HLS/2022.2/common/technology/autopilot/ap_int_base.h:840 VARIABLE add_ln840_5 LOOP VITIS_LOOP_89_3 BUNDLEDNAME {} DSP 1 BRAM 0 URAM 0 DISPNAME {bind_op add}} {BINDTYPE op ID {} IMPL fabric LATENCY 0 OPTYPE add PRAGMA {} RTLNAME add_ln102_fu_1118_p2 SOURCE Compute_block2in/Compute2in.cpp:102 VARIABLE add_ln102 LOOP VITIS_LOOP_89_3 BUNDLEDNAME {} DSP 0 BRAM 0 URAM 0 DISPNAME {bind_op add}} {BINDTYPE op ID {} IMPL fabric LATENCY 0 OPTYPE add PRAGMA {} RTLNAME add_ln186_1_fu_1134_p2 SOURCE /tools/Xilinx/Vitis_HLS/2022.2/common/technology/autopilot/ap_int_base.h:186 VARIABLE add_ln186_1 LOOP VITIS_LOOP_89_3 BUNDLEDNAME {} DSP 0 BRAM 0 URAM 0 DISPNAME {bind_op add}} {BINDTYPE op ID {} IMPL fabric LATENCY 0 OPTYPE add PRAGMA {} RTLNAME add_ln186_2_fu_1353_p2 SOURCE /tools/Xilinx/Vitis_HLS/2022.2/common/technology/autopilot/ap_int_base.h:186 VARIABLE add_ln186_2 LOOP VITIS_LOOP_89_3 BUNDLEDNAME {} DSP 0 BRAM 0 URAM 0 DISPNAME {bind_op add}}} AREA {DSP 5 BRAM 0 URAM 0}}}}'
INFO-FLOW: DBG:PUTS:      update_csynth_reports json2rpt_hw_sw_interfaces
INFO-FLOW: Running: gen_csynth_sec_pragma
INFO-FLOW: Done: gen_csynth_sec_pragma time: 0 seconds per iteration
INFO-FLOW: DBG:PUTS:      update_csynth_reports wrote xml
INFO-FLOW: DBG:PUTS:      update_csynth_reports appended to csynth rpt file
INFO: [HLS 200-111] Finished Updating report files: CPU user time: 0.45 seconds. CPU system time: 0.02 seconds. Elapsed time: 0.48 seconds; current allocated memory: 849.258 MB.
INFO: [VHDL 208-304] Generating VHDL RTL for compute2in.
INFO: [VLOG 209-307] Generating Verilog RTL for compute2in.
Execute       syn_report -model compute2in -printsummary 
INFO: [HLS 200-790] **** Loop Constraint Status: All loop constraints were satisfied.
INFO: [HLS 200-789] **** Estimated Fmax: 186.74 MHz
Command     autosyn done; 2.02 sec.
Command   csynth_design done; 13.02 sec.
INFO: [HLS 200-111] Finished Command csynth_design CPU user time: 11.24 seconds. CPU system time: 1.62 seconds. Elapsed time: 13.02 seconds; current allocated memory: 27.484 MB.
Execute   csim_design 
INFO: [HLS 200-1510] Running: csim_design 
Execute     source /home/pulp1/HLS_corrected/Compute_block2in/solution1/.autopilot/db/global.setting.tcl 
INFO: [SIM 211-2] *************** CSIM start ***************
INFO: [SIM 211-4] CSIM will launch GCC as the compiler.
Execute     source csim/.lst_opt.tcl 
Execute     ap_part_info -name xczu7ev-ffvc1156-2-e -data info 
Execute     source run_sim.tcl 
INFO: [SIM 211-1] CSim done with 0 errors.
INFO: [SIM 211-3] *************** CSIM finish ***************
Command   csim_design done; 2.18 sec.
INFO: [HLS 200-111] Finished Command csim_design CPU user time: 1.67 seconds. CPU system time: 0.5 seconds. Elapsed time: 2.18 seconds; current allocated memory: 0.000 MB.
Execute   csynth_design 
INFO: [HLS 200-1510] Running: csynth_design 
Execute     elaborate -effort=medium -skip_syncheck=0 -keep_printf=0 -skip_cdt=0 -skip_transform=0 -ng=0 -g=0 -opt_fp=0 -from_csynth_design=1 
INFO: [HLS 200-111] Finished File checks and directory preparation: CPU user time: 0.01 seconds. CPU system time: 0 seconds. Elapsed time: 0.01 seconds; current allocated memory: 849.277 MB.
INFO: [HLS 200-10] Analyzing design file 'Compute_block2in/Compute2in.cpp' ... 
INFO-FLOW: Compiling one TU...
INFO-FLOW: Handling Compute_block2in/Compute2in.cpp as C++
Execute       ap_part_info -name xczu7ev-ffvc1156-2-e -data info 
INFO-FLOW: Running: GCC PP 39
INFO-FLOW: Source preprocessing
Execute       ap_eval exec -ignorestderr /tools/Xilinx/Vitis_HLS/2022.2/lnx64/tools/clang-3.9-csynth/bin/clang Compute_block2in/Compute2in.cpp -foptimization-record-file=/home/pulp1/HLS_corrected/Compute_block2in/solution1/.autopilot/db/Compute2in.cpp.clang.diag.yml -mllvm -pass-remarks-missed=reflow|pasta|unroll -mllvm -pass-remarks=reflow|pasta|unroll|inline -fno-limit-debug-info -gcc-toolchain /tools/Xilinx/Vitis_HLS/2022.2/tps/lnx64/gcc-8.3.0 -fhls -fno-exceptions -E -fno-math-errno -c -emit-llvm -mllvm -disable-llvm-optzns -Werror=implicit-function-declaration -Werror=implicit-hls-streams -Werror=return-type -Wpragmas -Wunused-parameter -Wdump-hls-pragmas -Wno-error=dump-hls-pragmas -fno-threadsafe-statics -fno-use-cxa-atexit -std=gnu++14 -target fpga64-xilinx-linux-gnu -fno-threadsafe-statics -fno-use-cxa-atexit -D__VITIS_HLS__ -DAESL_SYN -D__SYNTHESIS__ -D__HLS_SYN__ -I /tools/Xilinx/Vitis_HLS/2022.2/common/technology/autopilot -I /tools/Xilinx/Vitis_HLS/2022.2/common/technology/autopilot/ap_sysc -include etc/autopilot_ssdm_op.h -D__DSP48E2__ -I /usr/include/x86_64-linux-gnu -o /home/pulp1/HLS_corrected/Compute_block2in/solution1/.autopilot/db/Compute2in.pp.0.cpp -hls-platform-db-name=/tools/Xilinx/Vitis_HLS/2022.2/common/technology/xilinx/common/platform.db -hls-platform-name=zynquplus_medium -device-resource-info=BRAM_624.000000_DSP_1728.000000_FF_460800.000000_LUT_230400.000000_SLICE_28800.000000_URAM_96.000000 -device-name-info=xczu7ev-ffvc1156-2-e > /home/pulp1/HLS_corrected/Compute_block2in/solution1/.autopilot/db/Compute2in.cpp.clang.out.log 2> /home/pulp1/HLS_corrected/Compute_block2in/solution1/.autopilot/db/Compute2in.cpp.clang.err.log 
Command       ap_eval done; 0.24 sec.
INFO-FLOW: Done: GCC PP 39 time: 0.2 seconds per iteration
Execute       set_directive_top compute2in -name=compute2in 
INFO-FLOW: Source syntax check for synthesis
Execute       ap_eval exec -ignorestderr /tools/Xilinx/Vitis_HLS/2022.2/lnx64/tools/clang-3.9-csynth/bin/clang -foptimization-record-file=/home/pulp1/HLS_corrected/Compute_block2in/solution1/.autopilot/db/clang.diag.yml -mllvm -pass-remarks-missed=reflow|pasta|unroll -mllvm -pass-remarks=reflow|pasta|unroll|inline -fsyntax-only -fhls -target fpga64-xilinx-linux-gnu /home/pulp1/HLS_corrected/Compute_block2in/solution1/.autopilot/db/Compute2in.pp.0.cpp -hls-platform-db-name=/tools/Xilinx/Vitis_HLS/2022.2/common/technology/xilinx/common/platform.db -hls-platform-name=zynquplus_medium -device-resource-info=BRAM_624.000000_DSP_1728.000000_FF_460800.000000_LUT_230400.000000_SLICE_28800.000000_URAM_96.000000 -device-name-info=xczu7ev-ffvc1156-2-e > /home/pulp1/HLS_corrected/Compute_block2in/solution1/.autopilot/db/clang.out.log 2> /home/pulp1/HLS_corrected/Compute_block2in/solution1/.autopilot/db/clang.err.log 
Command       ap_eval done; 0.69 sec.
Execute       clang_tidy xilinx-systemc-detector -desc systemc-detector /home/pulp1/HLS_corrected/Compute_block2in/solution1/.autopilot/db/Compute2in.pp.0.cpp std=gnu++14 -target fpga  -directive=/home/pulp1/HLS_corrected/Compute_block2in/solution1/.autopilot/db/.systemc_flag 
INFO-FLOW: exec /tools/Xilinx/Vitis_HLS/2022.2/lnx64/tools/clang-3.9-csynth/bin/clang-tidy -header-filter=.* --checks=-*,xilinx-systemc-detector -import-directive=/home/pulp1/HLS_corrected/Compute_block2in/solution1/.autopilot/db/.systemc_flag -fix-errors /home/pulp1/HLS_corrected/Compute_block2in/solution1/.autopilot/db/Compute2in.pp.0.cpp -- -std=gnu++14 -target fpga -fhls -ferror-limit=0
Command       clang_tidy done; 0.62 sec.
INFO-FLOW: Running: clang-tidy CDT preprocess 39
Execute       clang_tidy xilinx-directive2pragma -desc directive2pragma /home/pulp1/HLS_corrected/Compute_block2in/solution1/.autopilot/db/Compute2in.pp.0.cpp std=gnu++14 -target fpga  -directive=/home/pulp1/HLS_corrected/Compute_block2in/solution1/.autopilot/db/all.directive.json 
INFO-FLOW: exec /tools/Xilinx/Vitis_HLS/2022.2/lnx64/tools/clang-3.9-csynth/bin/clang-tidy -header-filter=.* --checks=-*,xilinx-directive2pragma -import-directive=/home/pulp1/HLS_corrected/Compute_block2in/solution1/.autopilot/db/all.directive.json -fix-errors /home/pulp1/HLS_corrected/Compute_block2in/solution1/.autopilot/db/Compute2in.pp.0.cpp -- -std=gnu++14 -target fpga -fhls -ferror-limit=0
Command       clang_tidy done; 0.97 sec.
Execute       clang_tidy xilinx-remove-assert -desc remove-assert /home/pulp1/HLS_corrected/Compute_block2in/solution1/.autopilot/db/Compute2in.pp.0.cpp std=gnu++14 -target fpga  
INFO-FLOW: exec /tools/Xilinx/Vitis_HLS/2022.2/lnx64/tools/clang-3.9-csynth/bin/clang-tidy -header-filter=.* --checks=-*,xilinx-remove-assert -fix-errors /home/pulp1/HLS_corrected/Compute_block2in/solution1/.autopilot/db/Compute2in.pp.0.cpp -- -std=gnu++14 -target fpga -fhls -ferror-limit=0
Command       clang_tidy done; 0.61 sec.
INFO-FLOW: Done: clang-tidy CDT preprocess 39 time: 1.6 seconds per iteration
INFO-FLOW: Calling xilinx-label-all-loops ... 
INFO-FLOW: Calling xilinx-aggregate-on-hls-vector ... 
Execute       clang_tidy -errorcheck -desc loop-label xilinx-label-all-loops,xilinx-aggregate-on-hls-vector,,xilinx-warn-mayneed-no-ctor-attribute /home/pulp1/HLS_corrected/Compute_block2in/solution1/.autopilot/db/Compute2in.pp.0.cpp std=gnu++14 -target fpga  
Execute         ap_eval exec -ignorestderr /tools/Xilinx/Vitis_HLS/2022.2/lnx64/tools/clang-3.9-csynth/bin/clang-tidy -export-fixes=/home/pulp1/HLS_corrected/Compute_block2in/solution1/.autopilot/db/Compute2in.pp.0.cpp.clang-tidy.loop-label.diag.yml -header-filter=.* --checks=-*,xilinx-label-all-loops,xilinx-aggregate-on-hls-vector,,xilinx-warn-mayneed-no-ctor-attribute -fix-errors /home/pulp1/HLS_corrected/Compute_block2in/solution1/.autopilot/db/Compute2in.pp.0.cpp -- -std=gnu++14 -target fpga -fhls -ferror-limit=0 > /home/pulp1/HLS_corrected/Compute_block2in/solution1/.autopilot/db/Compute2in.pp.0.cpp.clang-tidy.loop-label.out.log 2> /home/pulp1/HLS_corrected/Compute_block2in/solution1/.autopilot/db/Compute2in.pp.0.cpp.clang-tidy.loop-label.err.log 
Command         ap_eval done; 1.16 sec.
Command       clang_tidy done; 1.21 sec.
Execute       ap_eval exec -ignorestderr /tools/Xilinx/Vitis_HLS/2022.2/lnx64/tools/clang-3.9-csynth/bin/xilinx-dataflow-lawyer -export-fixes=/home/pulp1/HLS_corrected/Compute_block2in/solution1/.autopilot/db/Compute2in.pp.0.cpp.xilinx-dataflow-lawyer.diag.yml /home/pulp1/HLS_corrected/Compute_block2in/solution1/.autopilot/db/Compute2in.pp.0.cpp -- -std=gnu++14 -target fpga -fhls -ferror-limit=0 -fstrict-dataflow > /home/pulp1/HLS_corrected/Compute_block2in/solution1/.autopilot/db/Compute2in.pp.0.cpp.xilinx-dataflow-lawyer.out.log 2> /home/pulp1/HLS_corrected/Compute_block2in/solution1/.autopilot/db/Compute2in.pp.0.cpp.xilinx-dataflow-lawyer.err.log 
Command       ap_eval done; 0.58 sec.
Execute       ap_part_info -name xczu7ev-ffvc1156-2-e -data info 
INFO-FLOW: compiling source code to llvm bc
Execute       ap_eval exec -ignorestderr /tools/Xilinx/Vitis_HLS/2022.2/lnx64/tools/clang-3.9-csynth/bin/clang -foptimization-record-file=/home/pulp1/HLS_corrected/Compute_block2in/solution1/.autopilot/db/Compute2in.pp.0.cpp.clang.diag.yml -mllvm -pass-remarks-missed=reflow|pasta|unroll -mllvm -pass-remarks=reflow|pasta|unroll|inline -fno-limit-debug-info -fhls -flto -fno-exceptions -Wno-error=c++11-narrowing /home/pulp1/HLS_corrected/Compute_block2in/solution1/.autopilot/db/Compute2in.pp.0.cpp -fno-math-errno -c -emit-llvm -mllvm -disable-llvm-optzns -Werror=implicit-function-declaration -Werror=implicit-hls-streams -Werror=return-type -Wpragmas -Wunused-parameter -Wdump-hls-pragmas -Wno-error=dump-hls-pragmas -fno-threadsafe-statics -fno-use-cxa-atexit -std=gnu++14 -target fpga64-xilinx-linux-gnu -D__VITIS_HLS__ -DAESL_SYN -D__SYNTHESIS__ -D__HLS_SYN__ -I /tools/Xilinx/Vitis_HLS/2022.2/common/technology/autopilot -I /tools/Xilinx/Vitis_HLS/2022.2/common/technology/autopilot/ap_sysc -include etc/autopilot_ssdm_op.h -D__DSP48E2__ -g -o /home/pulp1/HLS_corrected/Compute_block2in/solution1/.autopilot/db/Compute2in.bc -hls-platform-db-name=/tools/Xilinx/Vitis_HLS/2022.2/common/technology/xilinx/common/platform.db -hls-platform-name=zynquplus_medium -device-resource-info=BRAM_624.000000_DSP_1728.000000_FF_460800.000000_LUT_230400.000000_SLICE_28800.000000_URAM_96.000000 -device-name-info=xczu7ev-ffvc1156-2-e > /home/pulp1/HLS_corrected/Compute_block2in/solution1/.autopilot/db/Compute2in.pp.0.cpp.clang.out.log 2> /home/pulp1/HLS_corrected/Compute_block2in/solution1/.autopilot/db/Compute2in.pp.0.cpp.clang.err.log 
Command       ap_eval done; 0.72 sec.
INFO: [HLS 200-111] Finished Source Code Analysis and Preprocessing: CPU user time: 4.87 seconds. CPU system time: 0.81 seconds. Elapsed time: 5.71 seconds; current allocated memory: 849.277 MB.
INFO-FLOW: Linking Debug ...
INFO-FLOW: Linking dut bc code.
Execute       run_link_or_opt -out /home/pulp1/HLS_corrected/Compute_block2in/solution1/.autopilot/db/a.g.ld.0.bc -args  "/home/pulp1/HLS_corrected/Compute_block2in/solution1/.autopilot/db/Compute2in.g.bc"  
Execute         ap_eval exec -ignorestderr /tools/Xilinx/Vitis_HLS/2022.2/lnx64/tools/clang-3.9-csynth/bin/llvm-link /home/pulp1/HLS_corrected/Compute_block2in/solution1/.autopilot/db/Compute2in.g.bc -o /home/pulp1/HLS_corrected/Compute_block2in/solution1/.autopilot/db/a.g.ld.0.bc > /home/pulp1/HLS_corrected/Compute_block2in/solution1/.autopilot/db/a.g.ld.0.bc.llvm-link.out.log 2> /home/pulp1/HLS_corrected/Compute_block2in/solution1/.autopilot/db/a.g.ld.0.bc.llvm-link.err.log 
INFO-FLOW: 
Execute       run_link_or_opt -opt -out /home/pulp1/HLS_corrected/Compute_block2in/solution1/.autopilot/db/a.g.ld.1.lower.bc -args /home/pulp1/HLS_corrected/Compute_block2in/solution1/.autopilot/db/a.g.ld.0.bc -reflow-lower-math-intrinsics 
Execute         ap_eval exec -ignorestderr /tools/Xilinx/Vitis_HLS/2022.2/lnx64/tools/clang-3.9-csynth/bin/opt -pass-remarks-missed=reflow|pasta|unroll -pass-remarks=reflow|pasta|unroll|inline -pass-remarks-output=/home/pulp1/HLS_corrected/Compute_block2in/solution1/.autopilot/db/a.g.ld.1.lower.bc.opt.diag.yml /home/pulp1/HLS_corrected/Compute_block2in/solution1/.autopilot/db/a.g.ld.0.bc -reflow-lower-math-intrinsics -o /home/pulp1/HLS_corrected/Compute_block2in/solution1/.autopilot/db/a.g.ld.1.lower.bc > /home/pulp1/HLS_corrected/Compute_block2in/solution1/.autopilot/db/a.g.ld.1.lower.bc.opt.out.log 2> /home/pulp1/HLS_corrected/Compute_block2in/solution1/.autopilot/db/a.g.ld.1.lower.bc.opt.err.log 
INFO-FLOW: 
INFO-FLOW: Linking math bc lib
Execute       run_link_or_opt -out /home/pulp1/HLS_corrected/Compute_block2in/solution1/.autopilot/db/a.g.ld.2.m1.bc -args /home/pulp1/HLS_corrected/Compute_block2in/solution1/.autopilot/db/a.g.ld.1.lower.bc -only-needed /tools/Xilinx/Vitis_HLS/2022.2/lnx64/lib/libhlsm_39.bc /tools/Xilinx/Vitis_HLS/2022.2/lnx64/lib/libhlsmc++_39.bc 
Execute         ap_eval exec -ignorestderr /tools/Xilinx/Vitis_HLS/2022.2/lnx64/tools/clang-3.9-csynth/bin/llvm-link /home/pulp1/HLS_corrected/Compute_block2in/solution1/.autopilot/db/a.g.ld.1.lower.bc -only-needed /tools/Xilinx/Vitis_HLS/2022.2/lnx64/lib/libhlsm_39.bc /tools/Xilinx/Vitis_HLS/2022.2/lnx64/lib/libhlsmc++_39.bc -o /home/pulp1/HLS_corrected/Compute_block2in/solution1/.autopilot/db/a.g.ld.2.m1.bc > /home/pulp1/HLS_corrected/Compute_block2in/solution1/.autopilot/db/a.g.ld.2.m1.bc.llvm-link.out.log 2> /home/pulp1/HLS_corrected/Compute_block2in/solution1/.autopilot/db/a.g.ld.2.m1.bc.llvm-link.err.log 
Command         ap_eval done; 2.73 sec.
INFO-FLOW: 
Command       run_link_or_opt done; 2.73 sec.
Execute       run_link_or_opt -opt -out /home/pulp1/HLS_corrected/Compute_block2in/solution1/.autopilot/db/a.g.ld.3.fpc.bc -args /home/pulp1/HLS_corrected/Compute_block2in/solution1/.autopilot/db/a.g.ld.2.m1.bc -reflow-globaldce -hls-top-function-name=compute2in -reflow-float-conversion 
Execute         ap_eval exec -ignorestderr /tools/Xilinx/Vitis_HLS/2022.2/lnx64/tools/clang-3.9-csynth/bin/opt -pass-remarks-missed=reflow|pasta|unroll -pass-remarks=reflow|pasta|unroll|inline -pass-remarks-output=/home/pulp1/HLS_corrected/Compute_block2in/solution1/.autopilot/db/a.g.ld.3.fpc.bc.opt.diag.yml /home/pulp1/HLS_corrected/Compute_block2in/solution1/.autopilot/db/a.g.ld.2.m1.bc -reflow-globaldce -hls-top-function-name=compute2in -reflow-float-conversion -o /home/pulp1/HLS_corrected/Compute_block2in/solution1/.autopilot/db/a.g.ld.3.fpc.bc > /home/pulp1/HLS_corrected/Compute_block2in/solution1/.autopilot/db/a.g.ld.3.fpc.bc.opt.out.log 2> /home/pulp1/HLS_corrected/Compute_block2in/solution1/.autopilot/db/a.g.ld.3.fpc.bc.opt.err.log 
Command         ap_eval done; 0.94 sec.
INFO-FLOW: 
Command       run_link_or_opt done; 0.94 sec.
Execute       run_link_or_opt -out /home/pulp1/HLS_corrected/Compute_block2in/solution1/.autopilot/db/a.g.ld.4.m2.bc -args /home/pulp1/HLS_corrected/Compute_block2in/solution1/.autopilot/db/a.g.ld.3.fpc.bc -only-needed /tools/Xilinx/Vitis_HLS/2022.2/lnx64/lib/libfloatconversion_39.bc 
Execute         ap_eval exec -ignorestderr /tools/Xilinx/Vitis_HLS/2022.2/lnx64/tools/clang-3.9-csynth/bin/llvm-link /home/pulp1/HLS_corrected/Compute_block2in/solution1/.autopilot/db/a.g.ld.3.fpc.bc -only-needed /tools/Xilinx/Vitis_HLS/2022.2/lnx64/lib/libfloatconversion_39.bc -o /home/pulp1/HLS_corrected/Compute_block2in/solution1/.autopilot/db/a.g.ld.4.m2.bc > /home/pulp1/HLS_corrected/Compute_block2in/solution1/.autopilot/db/a.g.ld.4.m2.bc.llvm-link.out.log 2> /home/pulp1/HLS_corrected/Compute_block2in/solution1/.autopilot/db/a.g.ld.4.m2.bc.llvm-link.err.log 
INFO-FLOW: 
Execute       run_link_or_opt -opt -out /home/pulp1/HLS_corrected/Compute_block2in/solution1/.autopilot/db/a.g.ld.5.gdce.bc -args /home/pulp1/HLS_corrected/Compute_block2in/solution1/.autopilot/db/a.g.ld.4.m2.bc -reflow-globaldce -hls-top-function-name=compute2in 
Execute         ap_eval exec -ignorestderr /tools/Xilinx/Vitis_HLS/2022.2/lnx64/tools/clang-3.9-csynth/bin/opt -pass-remarks-missed=reflow|pasta|unroll -pass-remarks=reflow|pasta|unroll|inline -pass-remarks-output=/home/pulp1/HLS_corrected/Compute_block2in/solution1/.autopilot/db/a.g.ld.5.gdce.bc.opt.diag.yml /home/pulp1/HLS_corrected/Compute_block2in/solution1/.autopilot/db/a.g.ld.4.m2.bc -reflow-globaldce -hls-top-function-name=compute2in -o /home/pulp1/HLS_corrected/Compute_block2in/solution1/.autopilot/db/a.g.ld.5.gdce.bc > /home/pulp1/HLS_corrected/Compute_block2in/solution1/.autopilot/db/a.g.ld.5.gdce.bc.opt.out.log 2> /home/pulp1/HLS_corrected/Compute_block2in/solution1/.autopilot/db/a.g.ld.5.gdce.bc.opt.err.log 
INFO-FLOW: 
Execute       send_msg_by_id INFO @200-777@%s Vivado 
INFO: [HLS 200-777] Using interface defaults for 'Vivado' flow target.
Execute       is_m_axi_addr64 
INFO-FLOW: Doing LTO.
Execute       ap_eval exec -ignorestderr /tools/Xilinx/Vitis_HLS/2022.2/lnx64/tools/clang-3.9-csynth/bin/clang -foptimization-record-file=/home/pulp1/HLS_corrected/Compute_block2in/solution1/.autopilot/db/a.g.ld.0.bc.clang.diag.yml -mllvm -pass-remarks-missed=reflow|pasta|unroll -mllvm -pass-remarks=reflow|pasta|unroll|inline -fhls -mllvm -hls-top-function-name=compute2in -mllvm -hls-db-dir -mllvm /home/pulp1/HLS_corrected/Compute_block2in/solution1/.autopilot/db -emit-llvm -c -target fpga64-xilinx-none -mllvm -xcl-xmlinfo=/home/pulp1/HLS_corrected/Compute_block2in/solution1/.autopilot/db/kernel.internal.xml -mllvm -top-io-mapping-info=/home/pulp1/HLS_corrected/Compute_block2in/solution1/.autopilot/db/top-io-fe.xml -mllvm -hls-bitcode-version=3.1 -mllvm -reflow-enable-slave-interface-default-setting=true -mllvm -gen-kernel-xml=false -mllvm -default-maxi-offset=slave -mllvm -maxi-latency=0 -mllvm -hls-maxi-data-size-in-bits=8 -mllvm -hls-maxi-max-data-size-in-bits=1024 -mllvm -hls-max-widen-size-in-bits=0 -mllvm -xcl-kernel-max-mem-ports=0 -mllvm -maxi-read-trans=16 -mllvm -maxi-write-trans=16 -mllvm -maxi-read-burst-len=16 -mllvm -maxi-write-burst-len=16 -mllvm -reflow-enable-saxi-64bits=0 -mllvm -reflow-basic-block-instr-threshold=200000 -mllvm -reflow-auto-pipeline-threshold=64 -mllvm -reflow-enable-maxi-auto-id-channel=0 -mllvm -assume-maxi-align=1 -mllvm -reflow-pipeline-style-llvm-setting=2 -mllvm -reflow-enable-dataflow-strict-mode-checking=1 -mllvm -reflow-auto-array-partition-mode=default -mllvm -reflow-enable-auto-array-partition=true -mllvm -reflow-enable-auto-parallel-performance-driven=true -mllvm -reflow-enable-partition-for-automation=true -mllvm -reflow-aggregate-bitwidth-threshold=4096 -mllvm -reflow-assume-no-address-wrap=true -mllvm -hls -mllvm -disable-inlined-alloca-merging=true -mllvm -default-clock-period=10 -x ir /home/pulp1/HLS_corrected/Compute_block2in/solution1/.autopilot/db/a.g.ld.5.gdce.bc -o /home/pulp1/HLS_corrected/Compute_block2in/solution1/.autopilot/db/a.g.lto.bc -hls-platform-db-name=/tools/Xilinx/Vitis_HLS/2022.2/common/technology/xilinx/common/platform.db -hls-platform-name=zynquplus_medium -device-resource-info=BRAM_624.000000_DSP_1728.000000_FF_460800.000000_LUT_230400.000000_SLICE_28800.000000_URAM_96.000000 -device-name-info=xczu7ev-ffvc1156-2-e > /home/pulp1/HLS_corrected/Compute_block2in/solution1/.autopilot/db/a.g.ld.0.bc.clang.out.log 2> /home/pulp1/HLS_corrected/Compute_block2in/solution1/.autopilot/db/a.g.ld.0.bc.clang.err.log 
Command       ap_eval done; 0.4 sec.
INFO: [HLS 214-291] Loop 'VITIS_LOOP_66_2' is marked as complete unroll implied by the pipeline pragma (Compute_block2in/Compute2in.cpp:66:30)
INFO: [HLS 214-291] Loop 'VITIS_LOOP_87_3' is marked as complete unroll implied by the pipeline pragma (Compute_block2in/Compute2in.cpp:87:30)
INFO: [HLS 214-291] Loop 'VITIS_LOOP_91_4' is marked as complete unroll implied by the pipeline pragma (Compute_block2in/Compute2in.cpp:91:34)
INFO: [HLS 214-186] Unrolling loop 'VITIS_LOOP_66_2' (Compute_block2in/Compute2in.cpp:66:30) in function 'compute2in' completely with a factor of 2 (Compute_block2in/Compute2in.cpp:38:0)
INFO: [HLS 214-186] Unrolling loop 'VITIS_LOOP_91_4' (Compute_block2in/Compute2in.cpp:91:34) in function 'compute2in' completely with a factor of 4 (Compute_block2in/Compute2in.cpp:38:0)
INFO: [HLS 214-248] Applying array_partition to '_ZZ10compute2inP6ap_intILi32EES1_S1_bE4REG1': Complete partitioning on dimension 1. (Compute_block2in/Compute2in.cpp:52:0)
INFO: [HLS 214-248] Applying array_partition to 'REG': Complete partitioning on dimension 1. Complete partitioning on dimension 2. (Compute_block2in/Compute2in.cpp:50:13)
INFO-FLOW: DBG:PUTS: copy_raw_kernel_xml ap_link_39: kernel.xml not generated: /home/pulp1/HLS_corrected/Compute_block2in/solution1/.autopilot/db/kernel.internal.xml
INFO: [HLS 200-111] Finished Compiling Optimization and Transform: CPU user time: 3.78 seconds. CPU system time: 0.58 seconds. Elapsed time: 4.47 seconds; current allocated memory: 849.434 MB.
INFO: [HLS 200-111] Finished Checking Pragmas: CPU user time: 0 seconds. CPU system time: 0 seconds. Elapsed time: 0 seconds; current allocated memory: 849.434 MB.
Execute       opt_and_import_c a -opt_level=2 -skip_syncheck=0 -ng=0 -keep_printf=0 
Execute         cleanup_all_models 
INFO: [HLS 200-10] Starting code transformations ...
INFO-FLOW: Running Standard Transforms...
Execute         transform -hls -share-std-xform -demangle-name -inline-byval-memcpy -always-inline -promote-dbg-pointer -interface-preproc -mem2reg -scalarrepl -mem2reg -keep-read-access -instcombine -dce -promote-dbg-pointer -bitop-raise -loop-simplify -indvarspre -indvars -loop-simplify -xunroll -constprop -instcombine -simplifycfg -indvars -simplifycfg -dce -globaldce -basicaa -simplifycfg -mem2reg -globalopt -global-constprop -deadargelim -instcombine -simplifycfg -scalarrepl -instcombine -reassociate -licm -simplifycfg -loop-simplify -indvars -instcombine -simplifycfg -mem2reg -loop-simplify -indvars -instcombine -gvn -gvn -instcombine -adce -break-crit-edges -simplifycfg -loop-delete -global-array-opt -dce -dse -adce -find-syn-modules -top compute2in -deadargelim -mem2reg -instcombine -dce -presyn-prepare -auto-rom-infer -interface-preproc -syn-check -check-rec-only -find-region -simplifycfg -func-extr -function-inline -globaldce -mem2reg -instcombine -dce -gvn -globaldce -adce -adse -constprop -instcombine -bit-constprop -instcombine -dce -simplifycfg -bitop-raise -simplifycfg -dce -loop-delete -reassociate -globalopt -global-privatize -mem2reg -dce -global-constprop -pointer-simplify -constprop -dce -auto-shift-reg-idiom -promote-dbg-pointer -norm-name /home/pulp1/HLS_corrected/Compute_block2in/solution1/.autopilot/db/a.g.0.bc -o /home/pulp1/HLS_corrected/Compute_block2in/solution1/.autopilot/db/a.g.1.bc -f -phase std-opt 
INFO: [HLS 200-111] Finished Standard Transforms: CPU user time: 0.07 seconds. CPU system time: 0.01 seconds. Elapsed time: 0.08 seconds; current allocated memory: 849.434 MB.
INFO: [HLS 200-10] Checking synthesizability ...
INFO-FLOW: Checking Synthesizability 1/2..
Execute         transform -hls -syn-check -check-rec-only -scalarrepl -norm-name -dce -mem2reg -instcombine -directive-preproc -mem2reg -dse -dce -auto-rom-infer -dce -pag -array-normalize -instcombine -dce -array-seg-normalize -instcombine -dce -data-pack -instcombine -dce -inst-simplify -array-flatten -instcombine -dce -array-burst -dce -deadargelim -promote-global-argument -simplifycfg -mem2reg -globaldce -dce -deadargelim -dce -instcombine -function-inline -globaldce -dce -doublePtrSimplify -doublePtrElim -dce -doublePtrSimplify -promote-dbg-pointer -dce -scalarrepl -dse -adse -instcombine -ptrLegalization -simplifycfg -dce -instcombine -pointer-simplify -ptrArgReplace -dce -instcombine -resolve-double-ptr -scalarrepl -norm-name -dce -mem2reg -instcombine -ptrLegalization -simplifycfg -deadargelim -instcombine -dce -inst-simplify -directive-preproc -mem2reg -dse -dce -globaldce /home/pulp1/HLS_corrected/Compute_block2in/solution1/.autopilot/db/a.g.1.bc -o /home/pulp1/HLS_corrected/Compute_block2in/solution1/.autopilot/db/a.g.2.prechk.bc -f 
INFO-FLOW: Checking Synthesizability 2/2..
Execute         transform -syn-check /home/pulp1/HLS_corrected/Compute_block2in/solution1/.autopilot/db/a.g.2.prechk.bc -o /home/pulp1/HLS_corrected/Compute_block2in/solution1/.autopilot/db/a.g.2.bc -f -phase syn-check 
WARNING: [SYNCHK 200-24] /tools/Xilinx/Vitis_HLS/2022.2/common/technology/autopilot/ap_int_ref.h:628: Index for bit vector operation is out of bound.
INFO: [SYNCHK 200-10] 0 error(s), 1 warning(s).
INFO: [HLS 200-111] Finished Checking Synthesizability: CPU user time: 0.08 seconds. CPU system time: 0.01 seconds. Elapsed time: 0.09 seconds; current allocated memory: 849.434 MB.
INFO-FLOW: Compiler optimizing ...
INFO-FLOW: Share syncheck's 1.bc for syn flow: copy /home/pulp1/HLS_corrected/Compute_block2in/solution1/.autopilot/db/a.g.1.bc to /home/pulp1/HLS_corrected/Compute_block2in/solution1/.autopilot/db/a.o.1.bc
INFO-FLOW: Presyn 1...
Execute         transform -hls -tmp /home/pulp1/HLS_corrected/Compute_block2in/solution1/.autopilot/db -interface-port-rename -directive-preproc -mem2reg -dse -dce -scalarrepl -norm-name -deadargelim -mem2reg -instcombine -dce -simplifycfg -auto-rom-infer -dce -resource-proc -clib-intrinsic-prepare -dce -func-buffer -dce -pag -array-normalize -func-legal -instcombine -gvn -constprop -dce -simplifycfg -mem2reg -globaldce -resolve-double-ptr -dce -deadargelim -dce -instcombine -ptrArgReplace -mem2reg -dce -array-seg-normalize -deadargelim -instcombine -dce -directive-preproc -mem2reg -dse -dce -pointer-simplify -dce -port-alignment -dce -interface-preproc -data-pack -instcombine -dce -basicaa -aggr-aa -aggrmodref-aa -aggr-aa -gvn -gvn -basicaa -aggr-aa -aggrmodref-aa -aggr-aa -dse -adse -adce -loop-simplify -indvars -instcombine -gvn -loop-simplify -mem2reg -dce -find-region -instcombine -auto-loop-pipeline -inst-simplify -interface-preproc -cfgopt -instcombine -indvars -auto-loop-unroll -loop-simplify -loop-bound -xunroll -constprop -instcombine -simplifycfg -indvars -simplifycfg -dce -globaldce -clean-region -attach-range -gvn -inst-simplify -constprop -simplifycfg -dce -pointer-simplify -dce -globalopt -constprop -dce -array-promote -scalar-auto-dep-elim -constprop -dce -ptrArgReplace -mem2reg -simplifycfg -dce -instcombine -dce -array-transform-check -array-reshape -instcombine -simplifycfg -dce -ptrArgReplace -deadargelim -mem2reg -instcombine -simplifycfg -dce -indvars -loop-simplify -loop-bound -xunroll -constprop -instcombine -simplifycfg -indvars -simplifycfg -dce -globaldce -basicaa -aggr-aa -aggrmodref-aa -aggr-aa -dse -duplicate-dataflow-processes -globaldce -instcombine -array-partition -prepare-dynamic-array-partition -instcombine -simplifycfg -dce -ptrArgReplace -global-constprop -deadargelim -mem2reg -func-legal -dce -global-constprop -deadargelim -mem2reg -simplifycfg -dce -merge-param -deadargelim -globalopt -constprop -dce -array-promote -scalar-auto-dep-elim -constprop -dce -ptrArgReplace -mem2reg -simplifycfg -dce -mem-intrinsic-preproc -dce -global-internalize -global-privatize -mem2reg -globaldce -promote-global-argument -ptrArgReplace -mem2reg -dce -globalopt -mergereturn -simplify-global-access -mem2reg -dce -pointer-simplify -dce -functionattrs -basicaa -aggr-aa -aggrmodref-aa -aggr-aa -gvn -gvn -basicaa -aggr-aa -aggrmodref-aa -aggr-aa -dse -adse -adce -dce -norm-name -basicaa -aggr-aa -aggrmodref-aa -aggr-aa -accesses-merge -function-inline -complex-op-raise -inst-simplify -globaldce -func-legal -dce -loop-bound -arraycheck -bitwidthmin2 -bitwidthmin2 -on-by-dataflow -loop-delete -instcombine -simplifycfg -globaldce -dce -gvn -deadargelim -dce -loop-simplify -clean-region -simplifycfg -propagate-stable-arguments -loop-stream -instcombine -simplifycfg -dce -globaldce -duplicate-dataflow-processes -stream-intrinsic-preproc -dce -check-ap-stream -loop-simplify -eliminate-keepreads -extract-dataflow-in-loop -loop-simplify -dce -gvn -deadargelim -dse -duplicate-dataflow-processes -check-dataflow-syntax -legalize-stream-variable -globaldce -legalize-global -extract-subproc -dce -dead-channel-elimination -canonicalize-gep -globaldce -dce -gvn -hls-dead-arg-elim -deadargelim -directive-preproc -canonicalize-dataflow -dce -globaldce -scalar-preprocessing -scalar-propagation2 -deadargelim -globaldce -mem2reg -check-dataflow-channels -function-stream -dce -globaldce -prop-fifo-spec -internal-stream-gen -canonicalize-gep -globaldce -dce -gvn -deadargelim -mergereturn -indvars -loop-simplify -instcombine -array-stream -array-seg-normalize -array-partition -func-legal -instcombine -simplifycfg -dce -bundle-memfifo-ops -deadargelim -directive-preproc -mem2reg -dse -dce -group-axi-access -licm -simplifycfg -dce -loop-delete -hls-display -norm-name /home/pulp1/HLS_corrected/Compute_block2in/solution1/.autopilot/db/a.o.1.bc -o /home/pulp1/HLS_corrected/Compute_block2in/solution1/.autopilot/db/a.o.1.tmp.bc -f 
INFO: [XFORM 203-502] Unrolling all sub-loops inside loop 'VITIS_LOOP_63_1' (Compute_block2in/Compute2in.cpp:65) in function 'compute2in' for pipelining.
WARNING: [HLS 200-936] Cannot unroll loop 'VITIS_LOOP_87_3' (Compute_block2in/Compute2in.cpp:87) in function 'compute2in': cannot completely unroll a loop with a variable trip count.
Command         transform done; 0.12 sec.
INFO-FLOW: Presyn 2...
Execute         transform -hls -keep-callgraph -scalarrepl -mem2reg -port-alignment -attach-range -dce -pipe-mux-gen -indvars -loop-bound -inst-simplify -instcombine -dce -merge-array-access -mem2reg -dce -clean-region -mergereturn -if-conv -instcombine -dce -constprop -basicaa -aggr-aa -aggrmodref-aa -aggr-aa -gvn -gvn -basicaa -aggr-aa -aggrmodref-aa -aggr-aa -dse -adse -adce -scalarrepl -mem2reg -global-constprop -deadargelim -deadargelim -instcombine -dce -simplifycfg -ptrArgReplace -mem2reg -function-inline -globaldce -mem2reg -instcombine -dce -expr-balance -instcombine -dce -bitwidthmin2 -bitwidthmin2 -interface-preproc -directive-preproc -inst-rectify -instcombine -dce -functionattrs -constprop -instcombine -bit-constprop -simplify-global-access -globalopt -globaldce -inst-simplify -instcombine -elimdeaddata -dce -loop-delete -simplifycfg -loop-simplify -barrier -norm-name /home/pulp1/HLS_corrected/Compute_block2in/solution1/.autopilot/db/a.o.1.tmp.bc -o /home/pulp1/HLS_corrected/Compute_block2in/solution1/.autopilot/db/a.o.2.bc -f -phase presyn 
INFO: [XFORM 203-401] Performing if-conversion on hyperblock from (Compute_block2in/Compute2in.cpp:64:9) to (Compute_block2in/Compute2in.cpp:82:16) in function 'compute2in'... converting 5 basic blocks.
INFO: [HLS 200-111] Finished Loop, function and other optimizations: CPU user time: 0.18 seconds. CPU system time: 0.01 seconds. Elapsed time: 0.2 seconds; current allocated memory: 871.184 MB.
INFO-FLOW: Building ssdm...
Execute         transform -hls -auto-function-inline -globaldce -ptrArgReplace -mem2reg -dce -reset-lda -loop-simplify -indvars -aggr-aa -licm -loop-dep -loop-bound -licm -loop-simplify -loop-sink-hoist -flattenloopnest -array-flatten -gvn -instcombine -dce -array-map -dce -func-legal -gvn -adce -instcombine -cfgopt -simplifycfg -loop-simplify -array-burst -promote-global-argument -dce -array-seg-normalize -basicaa -aggrmodref-aa -globalsmodref-aa -aggr-aa -gvn -gvn -basicaa -aggrmodref-aa -globalsmodref-aa -aggr-aa -dse -adse -adce -licm -inst-simplify -dce -globaldce -instcombine -array-stream -eliminate-keepreads -instcombine -dce -deadargelim -doublePtrSimplify -doublePtrElim -dce -doublePtrSimplify -promote-dbg-pointer -dce -scalarrepl -mem2reg -norm-name -mem2reg -instcombine -dse -adse -adce -ptrLegalization -dce -auto-rom-infer -array-flatten -dce -instcombine -check-doubleptr -loop-rot -constprop -cfgopt -simplifycfg -loop-simplify -indvars -pointer-simplify -dce -loop-bound -loop-simplify -loop-preproc -constprop -global-constprop -gvn -mem2reg -instcombine -dce -loop-bound -loop-merge -dce -deadargelim -dce -canonicalize-dataflow -dce -deadargelim -globaldce -mem2reg -bram-byte-enable -load-elim -read-loop-dep -loop-simplify -loop-extract-inner -directive-preproc -bitwidthmin2 -bitwidthmin2 -read-loop-dep -interface-preproc -directive-preproc -interface-gen -bram-byte-enable-spec-prop -deadargelim -inst-simplify -dce -gvn -mem2reg -instcombine -dce -adse -loop-bound -instcombine -cfgopt -simplifycfg -loop-simplify -clean-region -io-protocol -find-region -mem2reg -bitop-raise -complex-op-raise -inst-simplify -inst-rectify -instcombine -adce -deadargelim -float-op-raise -loop-simplify -phi-opt -bitop-raise -cfgopt -simplifycfg -strip-dead-prototypes -interface-lower -bitop-lower -intrinsic-lower -auto-function-inline -basicaa -aggrmodref-aa -globalsmodref-aa -aggr-aa -inst-simplify -simplifycfg -loop-simplify -mergereturn -inst-simplify -inst-rectify -dce -load-elim -bitop-lower -float-op-raise -fma-raise -loop-rewind -pointer-simplify -dce -cfgopt -dce -loop-bound -loop-dep -read-loop-dep -dce -dyn-mem-reuse -dce -recurrence-min -dce -share-scalar-alloca -deadargelim -dce -check-stream -norm-name -legalize -validate-dataflow -inst-clarity -bitwidth -dump-loop-dep-to-ir -check-all-ssdm -cdfg-build /home/pulp1/HLS_corrected/Compute_block2in/solution1/.autopilot/db/a.o.2.bc -o /home/pulp1/HLS_corrected/Compute_block2in/solution1/.autopilot/db/a.o.3.bc -f -phase build-ssdm 
WARNING: [HLS 200-960] Cannot flatten loop 'VITIS_LOOP_63_1' (Compute_block2in/Compute2in.cpp:65:8) in function 'compute2in' the outer loop is not a perfect loop because there is nontrivial logic before entering the inner loop.
Command         transform done; 0.11 sec.
INFO: [HLS 200-111] Finished Architecture Synthesis: CPU user time: 0.11 seconds. CPU system time: 0 seconds. Elapsed time: 0.11 seconds; current allocated memory: 871.184 MB.
INFO-FLOW: Finish building internal data model.
Command       opt_and_import_c done; 0.48 sec.
Command     elaborate done; 10.67 sec.
Execute     ap_eval exec zip -j /home/pulp1/HLS_corrected/Compute_block2in/solution1/.autopilot/db/dut.hcp $dbDir/a.o.3.bc $dbDir/${topname}.rtl_wrap.cfg.tcl $dbDir/apatb_${topname}.cpp $dbDir/apatb_${topname}_util.cpp $dbDir/apatb_${topname}_ir.ll $dbDir/mapper_${topname}.cpp $dbDir/top-io-fe.xml $dbDir/kernel.internal.xml $workdir/../hls.app 
Execute     autosyn -from_csynth_design=1 
INFO: [HLS 200-10] Starting hardware synthesis ...
INFO-FLOW: Synthesizing C/C++ design ...
INFO: [HLS 200-10] Synthesizing 'compute2in' ...
Execute       ap_set_top_model compute2in 
Execute       get_model_list compute2in -filter all-wo-channel -topdown 
Execute       preproc_iomode -model compute2in 
Execute       get_model_list compute2in -filter all-wo-channel 
INFO-FLOW: Model list for configure: compute2in
INFO-FLOW: Configuring Module : compute2in ...
Execute       set_default_model compute2in 
Execute       apply_spec_resource_limit compute2in 
INFO-FLOW: Model list for preprocess: compute2in
INFO-FLOW: Preprocessing Module: compute2in ...
Execute       set_default_model compute2in 
Execute       cdfg_preprocess -model compute2in 
Execute       rtl_gen_preprocess compute2in 
INFO-FLOW: Model list for synthesis: compute2in
INFO: [HLS 200-10] ----------------------------------------------------------------
INFO: [HLS 200-42] -- Implementing module 'compute2in' 
INFO: [HLS 200-10] ----------------------------------------------------------------
Execute       set_default_model compute2in 
Execute       schedule -model compute2in 
INFO: [SCHED 204-11] Starting scheduling ...
INFO: [HLS 200-486] Changing DSP latency (root=add_ln840_4) to 3 in order to utilize available DSP registers.
INFO: [HLS 200-486] Changing DSP latency (root=ret_V_1) to 3 in order to utilize available DSP registers.
INFO: [HLS 200-486] Changing DSP latency (root=ret_V_2) to 3 in order to utilize available DSP registers.
INFO: [HLS 200-486] Changing DSP latency (root=ret_V_4) to 3 in order to utilize available DSP registers.
INFO: [HLS 200-486] Changing DSP latency (root=ret_V) to 3 in order to utilize available DSP registers.
WARNING: [SCHED 204-65] Unable to satisfy pipeline directive for loop 'VITIS_LOOP_63_1': contains subloop(s) that are not unrolled or flattened.
INFO: [SCHED 204-11] Finished scheduling.
Command       schedule done; 0.17 sec.
INFO: [HLS 200-111] Finished Scheduling: CPU user time: 0.19 seconds. CPU system time: 0.05 seconds. Elapsed time: 0.24 seconds; current allocated memory: 871.184 MB.
Execute       syn_report -verbosereport -o /home/pulp1/HLS_corrected/Compute_block2in/solution1/.autopilot/db/compute2in.verbose.sched.rpt 
Execute         AP::get_flow_target_display_name
Execute       db_write -o /home/pulp1/HLS_corrected/Compute_block2in/solution1/.autopilot/db/compute2in.sched.adb -f 
INFO-FLOW: Finish scheduling compute2in.
Execute       set_default_model compute2in 
Execute       bind -model compute2in 
INFO: [BIND 205-100] Starting micro-architecture generation ...
INFO: [BIND 205-101] Performing variable lifetime analysis.
INFO: [BIND 205-101] Exploring resource sharing.
INFO: [BIND 205-101] Binding ...
INFO: [BIND 205-100] Finished micro-architecture generation.
INFO: [HLS 200-111] Finished Binding: CPU user time: 0.14 seconds. CPU system time: 0.01 seconds. Elapsed time: 0.14 seconds; current allocated memory: 871.184 MB.
Execute       syn_report -verbosereport -o /home/pulp1/HLS_corrected/Compute_block2in/solution1/.autopilot/db/compute2in.verbose.bind.rpt 
Execute         AP::get_flow_target_display_name
Command       syn_report done; 0.16 sec.
Execute       db_write -o /home/pulp1/HLS_corrected/Compute_block2in/solution1/.autopilot/db/compute2in.bind.adb -f 
INFO-FLOW: Finish binding compute2in.
Execute       get_model_list compute2in -filter all-wo-channel 
INFO-FLOW: Preprocessing for RTLGen ...
Execute       rtl_gen_preprocess compute2in 
INFO-FLOW: Model list for RTL generation: compute2in
INFO: [HLS 200-10] ----------------------------------------------------------------
INFO: [HLS 200-10] -- Generating RTL for module 'compute2in' 
INFO: [HLS 200-10] ----------------------------------------------------------------
Execute       create_rtl_model compute2in -top_prefix  -sub_prefix compute2in_ -mg_file /home/pulp1/HLS_corrected/Compute_block2in/solution1/.autopilot/db/compute2in.compgen.tcl 
INFO: [RTGEN 206-500] Setting interface mode on port 'compute2in/buffer_a' to 'ap_memory'.
INFO: [RTGEN 206-500] Setting interface mode on port 'compute2in/buffer_b' to 'ap_memory'.
INFO: [RTGEN 206-500] Setting interface mode on port 'compute2in/buffer_2' to 'ap_memory'.
INFO: [RTGEN 206-500] Setting interface mode on port 'compute2in/phase' to 'ap_none'.
INFO: [RTGEN 206-500] Setting interface mode on function 'compute2in' to 'ap_ctrl_hs'.
WARNING: [RTGEN 206-101] Register 'compute2in_ap_int_32_ap_int_32_ap_int_32_bool_REG1' is power-on initialization.
WARNING: [RTGEN 206-101] Register 'compute2in_ap_int_32_ap_int_32_ap_int_32_bool_REG1_5' is power-on initialization.
WARNING: [RTGEN 206-101] Register 'p_ZZ10compute2inP6ap_intILi32EES1_S1_bE4REG1_10' is power-on initialization.
WARNING: [RTGEN 206-101] Register 'p_ZZ10compute2inP6ap_intILi32EES1_S1_bE4REG1_15' is power-on initialization.
WARNING: [RTGEN 206-101] Register 'compute2in_ap_int_32_ap_int_32_ap_int_32_bool_REG1_1' is power-on initialization.
WARNING: [RTGEN 206-101] Register 'compute2in_ap_int_32_ap_int_32_ap_int_32_bool_REG1_2' is power-on initialization.
WARNING: [RTGEN 206-101] Register 'compute2in_ap_int_32_ap_int_32_ap_int_32_bool_REG1_3' is power-on initialization.
WARNING: [RTGEN 206-101] Register 'compute2in_ap_int_32_ap_int_32_ap_int_32_bool_REG1_4' is power-on initialization.
WARNING: [RTGEN 206-101] Register 'compute2in_ap_int_32_ap_int_32_ap_int_32_bool_REG1_6' is power-on initialization.
WARNING: [RTGEN 206-101] Register 'compute2in_ap_int_32_ap_int_32_ap_int_32_bool_REG1_7' is power-on initialization.
WARNING: [RTGEN 206-101] Register 'compute2in_ap_int_32_ap_int_32_ap_int_32_bool_REG1_8' is power-on initialization.
WARNING: [RTGEN 206-101] Register 'compute2in_ap_int_32_ap_int_32_ap_int_32_bool_REG1_9' is power-on initialization.
WARNING: [RTGEN 206-101] Register 'p_ZZ10compute2inP6ap_intILi32EES1_S1_bE4REG1_11' is power-on initialization.
WARNING: [RTGEN 206-101] Register 'p_ZZ10compute2inP6ap_intILi32EES1_S1_bE4REG1_12' is power-on initialization.
WARNING: [RTGEN 206-101] Register 'p_ZZ10compute2inP6ap_intILi32EES1_S1_bE4REG1_13' is power-on initialization.
WARNING: [RTGEN 206-101] Register 'p_ZZ10compute2inP6ap_intILi32EES1_S1_bE4REG1_14' is power-on initialization.
WARNING: [RTGEN 206-101] Port 'compute2in/buffer_b_address0' has no fanin or fanout and is left dangling.
               Please use C simulation to confirm this function argument can be read from or written to.
WARNING: [RTGEN 206-101] Setting dangling out port 'compute2in/buffer_b_address0' to 0.
WARNING: [RTGEN 206-101] Port 'compute2in/buffer_b_ce0' has no fanin or fanout and is left dangling.
               Please use C simulation to confirm this function argument can be read from or written to.
WARNING: [RTGEN 206-101] Setting dangling out port 'compute2in/buffer_b_ce0' to 0.
WARNING: [RTGEN 206-101] Port 'compute2in/buffer_b_we0' has no fanin or fanout and is left dangling.
               Please use C simulation to confirm this function argument can be read from or written to.
WARNING: [RTGEN 206-101] Setting dangling out port 'compute2in/buffer_b_we0' to 0.
WARNING: [RTGEN 206-101] Port 'compute2in/buffer_b_d0' has no fanin or fanout and is left dangling.
               Please use C simulation to confirm this function argument can be read from or written to.
WARNING: [RTGEN 206-101] Setting dangling out port 'compute2in/buffer_b_d0' to 0.
WARNING: [RTGEN 206-101] Port 'compute2in/buffer_b_q0' has no fanin or fanout and is left dangling.
               Please use C simulation to confirm this function argument can be read from or written to.
WARNING: [RTGEN 206-101] Port 'compute2in/buffer_b_address1' has no fanin or fanout and is left dangling.
               Please use C simulation to confirm this function argument can be read from or written to.
WARNING: [RTGEN 206-101] Setting dangling out port 'compute2in/buffer_b_address1' to 0.
WARNING: [RTGEN 206-101] Port 'compute2in/buffer_b_ce1' has no fanin or fanout and is left dangling.
               Please use C simulation to confirm this function argument can be read from or written to.
WARNING: [RTGEN 206-101] Setting dangling out port 'compute2in/buffer_b_ce1' to 0.
WARNING: [RTGEN 206-101] Port 'compute2in/buffer_b_we1' has no fanin or fanout and is left dangling.
               Please use C simulation to confirm this function argument can be read from or written to.
WARNING: [RTGEN 206-101] Setting dangling out port 'compute2in/buffer_b_we1' to 0.
WARNING: [RTGEN 206-101] Port 'compute2in/buffer_b_d1' has no fanin or fanout and is left dangling.
               Please use C simulation to confirm this function argument can be read from or written to.
WARNING: [RTGEN 206-101] Setting dangling out port 'compute2in/buffer_b_d1' to 0.
WARNING: [RTGEN 206-101] Port 'compute2in/buffer_b_q1' has no fanin or fanout and is left dangling.
               Please use C simulation to confirm this function argument can be read from or written to.
INFO: [RTGEN 206-100] Generating core module 'ama_addmuladd_16ns_16ns_1ns_17s_32_4_1': 1 instance(s).
INFO: [RTGEN 206-100] Generating core module 'mac_muladd_16ns_16ns_32ns_32_4_1': 2 instance(s).
INFO: [RTGEN 206-100] Generating core module 'mul_16ns_1ns_32_1_1': 2 instance(s).
INFO: [RTGEN 206-100] Generating core module 'mul_17ns_1ns_32_1_1': 2 instance(s).
INFO: [RTGEN 206-100] Generating core module 'mul_mul_16ns_16ns_32_4_1': 2 instance(s).
INFO: [RTGEN 206-100] Generating core module 'mux_124_32_1_1': 1 instance(s).
INFO: [RTGEN 206-100] Generating core module 'mux_154_32_1_1': 1 instance(s).
INFO: [RTGEN 206-100] Generating core module 'mux_32_16_1_1': 8 instance(s).
INFO: [RTGEN 206-100] Generating core module 'mux_42_32_1_1': 1 instance(s).
INFO: [RTGEN 206-100] Finished creating RTL model for 'compute2in'.
INFO: [HLS 200-111] Finished Creating RTL model: CPU user time: 0.23 seconds. CPU system time: 0.01 seconds. Elapsed time: 0.25 seconds; current allocated memory: 871.184 MB.
Execute       source /home/pulp1/HLS_corrected/Compute_block2in/solution1/.autopilot/db/compute2in.rtl_wrap.cfg.tcl 
Execute       gen_rtl compute2in -istop -style xilinx -f -lang vhdl -o /home/pulp1/HLS_corrected/Compute_block2in/solution1/syn/vhdl/compute2in 
Execute       gen_rtl compute2in -istop -style xilinx -f -lang vlog -o /home/pulp1/HLS_corrected/Compute_block2in/solution1/syn/verilog/compute2in 
Execute       syn_report -csynth -model compute2in -o /home/pulp1/HLS_corrected/Compute_block2in/solution1/syn/report/compute2in_csynth.rpt 
Execute         AP::get_flow_target_display_name
Execute       syn_report -rtlxml -model compute2in -o /home/pulp1/HLS_corrected/Compute_block2in/solution1/syn/report/compute2in_csynth.xml 
Execute       syn_report -verbosereport -model compute2in -o /home/pulp1/HLS_corrected/Compute_block2in/solution1/.autopilot/db/compute2in.verbose.rpt 
Execute         AP::get_flow_target_display_name
Command       syn_report done; 0.2 sec.
Execute       db_write -model compute2in -f -o /home/pulp1/HLS_corrected/Compute_block2in/solution1/.autopilot/db/compute2in.adb 
Execute       db_write -model compute2in -bindview -o /home/pulp1/HLS_corrected/Compute_block2in/solution1/.autopilot/db/design.bindinfo.xml 
Execute       gen_tb_info compute2in -p /home/pulp1/HLS_corrected/Compute_block2in/solution1/.autopilot/db -o /home/pulp1/HLS_corrected/Compute_block2in/solution1/.autopilot/db/compute2in 
Execute       export_constraint_db -f -tool general -o /home/pulp1/HLS_corrected/Compute_block2in/solution1/.autopilot/db/compute2in.constraint.tcl 
Execute       syn_report -designview -model compute2in -o /home/pulp1/HLS_corrected/Compute_block2in/solution1/.autopilot/db/compute2in.design.xml 
Execute       syn_report -csynthDesign -model compute2in -o /home/pulp1/HLS_corrected/Compute_block2in/solution1/syn/report/csynth.rpt 
Execute         AP::get_flow_target_display_name
Execute       syn_report -wcfg -model compute2in -o /home/pulp1/HLS_corrected/Compute_block2in/solution1/.autopilot/db/compute2in_dataflow_ana.wcfg 
Execute       syn_report -protoinst -model compute2in -o /home/pulp1/HLS_corrected/Compute_block2in/solution1/.autopilot/db/compute2in.protoinst 
Execute       sc_get_clocks compute2in 
Execute       sc_get_portdomain compute2in 
INFO-FLOW: Model list for RTL component generation: compute2in
INFO-FLOW: Handling components in module [compute2in] ... 
Execute       source /home/pulp1/HLS_corrected/Compute_block2in/solution1/.autopilot/db/compute2in.compgen.tcl 
INFO-FLOW: Found component compute2in_mul_17ns_1ns_32_1_1.
INFO-FLOW: Append model mul_17ns_1ns_32_1_1
INFO-FLOW: Found component compute2in_mux_42_32_1_1.
INFO-FLOW: Append model mux_42_32_1_1
INFO-FLOW: Found component compute2in_mux_32_16_1_1.
INFO-FLOW: Append model mux_32_16_1_1
INFO-FLOW: Found component compute2in_mul_16ns_1ns_32_1_1.
INFO-FLOW: Append model mul_16ns_1ns_32_1_1
INFO-FLOW: Found component compute2in_mux_154_32_1_1.
INFO-FLOW: Append model mux_154_32_1_1
INFO-FLOW: Found component compute2in_mux_124_32_1_1.
INFO-FLOW: Append model mux_124_32_1_1
INFO-FLOW: Found component compute2in_mul_mul_16ns_16ns_32_4_1.
INFO-FLOW: Append model mul_mul_16ns_16ns_32_4_1
INFO-FLOW: Found component compute2in_ama_addmuladd_16ns_16ns_1ns_17s_32_4_1.
INFO-FLOW: Append model ama_addmuladd_16ns_16ns_1ns_17s_32_4_1
INFO-FLOW: Found component compute2in_mac_muladd_16ns_16ns_32ns_32_4_1.
INFO-FLOW: Append model mac_muladd_16ns_16ns_32ns_32_4_1
INFO-FLOW: Append model compute2in
INFO-FLOW: Generating RTL model list ...
INFO-FLOW: All models in this session: compute2in_mul_17ns_1ns_32_1_1 compute2in_mux_42_32_1_1 compute2in_mux_32_16_1_1 compute2in_mul_16ns_1ns_32_1_1 compute2in_mux_154_32_1_1 compute2in_mux_124_32_1_1 compute2in_mul_mul_16ns_16ns_32_4_1 compute2in_ama_addmuladd_16ns_16ns_1ns_17s_32_4_1 compute2in_mac_muladd_16ns_16ns_32ns_32_4_1 compute2in mul_17ns_1ns_32_1_1 mux_42_32_1_1 mux_32_16_1_1 mul_16ns_1ns_32_1_1 mux_154_32_1_1 mux_124_32_1_1 mul_mul_16ns_16ns_32_4_1 ama_addmuladd_16ns_16ns_1ns_17s_32_4_1 mac_muladd_16ns_16ns_32ns_32_4_1 compute2in mul_17ns_1ns_32_1_1 mux_42_32_1_1 mux_32_16_1_1 mul_16ns_1ns_32_1_1 mux_154_32_1_1 mux_124_32_1_1 mul_mul_16ns_16ns_32_4_1 ama_addmuladd_16ns_16ns_1ns_17s_32_4_1 mac_muladd_16ns_16ns_32ns_32_4_1 compute2in mul_17ns_1ns_32_1_1 mux_42_32_1_1 mux_32_16_1_1 mul_16ns_1ns_32_1_1 mux_154_32_1_1 mux_124_32_1_1 mul_mul_16ns_16ns_32_4_1 ama_addmuladd_16ns_16ns_1ns_17s_32_4_1 mac_muladd_16ns_16ns_32ns_32_4_1 compute2in
INFO-FLOW: Generating /home/pulp1/HLS_corrected/Compute_block2in/solution1/.autopilot/db/autopilot.rtl.models.txt file...
INFO-FLOW: To file: write model compute2in_mul_17ns_1ns_32_1_1
INFO-FLOW: To file: write model compute2in_mux_42_32_1_1
INFO-FLOW: To file: write model compute2in_mux_32_16_1_1
INFO-FLOW: To file: write model compute2in_mul_16ns_1ns_32_1_1
INFO-FLOW: To file: write model compute2in_mux_154_32_1_1
INFO-FLOW: To file: write model compute2in_mux_124_32_1_1
INFO-FLOW: To file: write model compute2in_mul_mul_16ns_16ns_32_4_1
INFO-FLOW: To file: write model compute2in_ama_addmuladd_16ns_16ns_1ns_17s_32_4_1
INFO-FLOW: To file: write model compute2in_mac_muladd_16ns_16ns_32ns_32_4_1
INFO-FLOW: To file: write model compute2in
INFO-FLOW: To file: write model mul_17ns_1ns_32_1_1
INFO-FLOW: To file: write model mux_42_32_1_1
INFO-FLOW: To file: write model mux_32_16_1_1
INFO-FLOW: To file: write model mul_16ns_1ns_32_1_1
INFO-FLOW: To file: write model mux_154_32_1_1
INFO-FLOW: To file: write model mux_124_32_1_1
INFO-FLOW: To file: write model mul_mul_16ns_16ns_32_4_1
INFO-FLOW: To file: write model ama_addmuladd_16ns_16ns_1ns_17s_32_4_1
INFO-FLOW: To file: write model mac_muladd_16ns_16ns_32ns_32_4_1
INFO-FLOW: To file: write model compute2in
INFO-FLOW: To file: write model mul_17ns_1ns_32_1_1
INFO-FLOW: To file: write model mux_42_32_1_1
INFO-FLOW: To file: write model mux_32_16_1_1
INFO-FLOW: To file: write model mul_16ns_1ns_32_1_1
INFO-FLOW: To file: write model mux_154_32_1_1
INFO-FLOW: To file: write model mux_124_32_1_1
INFO-FLOW: To file: write model mul_mul_16ns_16ns_32_4_1
INFO-FLOW: To file: write model ama_addmuladd_16ns_16ns_1ns_17s_32_4_1
INFO-FLOW: To file: write model mac_muladd_16ns_16ns_32ns_32_4_1
INFO-FLOW: To file: write model compute2in
INFO-FLOW: To file: write model mul_17ns_1ns_32_1_1
INFO-FLOW: To file: write model mux_42_32_1_1
INFO-FLOW: To file: write model mux_32_16_1_1
INFO-FLOW: To file: write model mul_16ns_1ns_32_1_1
INFO-FLOW: To file: write model mux_154_32_1_1
INFO-FLOW: To file: write model mux_124_32_1_1
INFO-FLOW: To file: write model mul_mul_16ns_16ns_32_4_1
INFO-FLOW: To file: write model ama_addmuladd_16ns_16ns_1ns_17s_32_4_1
INFO-FLOW: To file: write model mac_muladd_16ns_16ns_32ns_32_4_1
INFO-FLOW: To file: write model compute2in
INFO-FLOW: Generating /home/pulp1/HLS_corrected/Compute_block2in/solution1/.autopilot/db/autopilot.rtl.models.tcl file...
INFO-FLOW: Finished generating RTL model list.


INFO-FLOW: RTL Generation done.
INFO-FLOW: CAS Generation done.
INFO-FLOW: CBC Generation done.
INFO-FLOW: DBG:PROC: ::AESL_AUTOMG::auto_generate_csynth_design
INFO-FLOW: DBG:PUTS: read_platform_lib /home/pulp1/HLS_corrected/Compute_block2in/solution1/.autopilot/db/global.setting.tcl
Execute       source /tools/Xilinx/Vitis_HLS/2022.2/common/technology/generic/autopilot/common.gen 
Execute         source /tools/Xilinx/Vitis_HLS/2022.2/common/technology/generic/autopilot/APCoreGen.gen 
Execute       source /tools/Xilinx/Vitis_HLS/2022.2/common/technology/generic/autopilot/op.gen 
Execute       source /tools/Xilinx/Vitis_HLS/2022.2/common/technology/generic/autopilot/op_simcore.gen 
Execute       source /tools/Xilinx/Vitis_HLS/2022.2/common/technology/generic/autopilot/interface.gen 
Execute       source /home/pulp1/HLS_corrected/Compute_block2in/solution1/.autopilot/db/global.setting.tcl 
Execute       source /tools/Xilinx/Vitis_HLS/2022.2/common/technology/xilinx/common/xilinx.gen 
Execute         source /tools/Xilinx/Vitis_HLS/2022.2/common/technology/xilinx/interface/plb46.gen 
Execute         source /tools/Xilinx/Vitis_HLS/2022.2/common/technology/xilinx/interface/axi4.gen 
Execute         source /tools/Xilinx/Vitis_HLS/2022.2/common/technology/xilinx/interface/nativeAXI4.gen 
Execute           source /tools/Xilinx/Vitis_HLS/2022.2/common/technology/xilinx/interface/saxilite.gen 
Execute         source /tools/Xilinx/Vitis_HLS/2022.2/common/technology/xilinx/scripts/xilinxcoregen.gen 
Execute         source /tools/Xilinx/Vitis_HLS/2022.2/common/technology/xilinx/interface/XilEDKCoreGen.gen 
Execute         source /tools/Xilinx/Vitis_HLS/2022.2/common/technology/xilinx/ip/dds_compiler.gen 
Execute         source /tools/Xilinx/Vitis_HLS/2022.2/common/technology/xilinx/ip/util.gen 
Execute         source /tools/Xilinx/Vitis_HLS/2022.2/common/technology/xilinx/ip/xfft.gen 
Execute         source /tools/Xilinx/Vitis_HLS/2022.2/common/technology/xilinx/ip/xfir.gen 
Execute         source /tools/Xilinx/Vitis_HLS/2022.2/common/technology/xilinx/DSP48/dsp48.gen 
INFO-FLOW: DBG:PROC: ::AESL_AUTOMG::generate_ip_cores gen_sim_model='1' gen_fp_models='0' gen_for_export='0' dstSCDir='' dstVhdlDir='/home/pulp1/HLS_corrected/Compute_block2in/solution1/.autopilot/db/vhdl' dstVlogDir='/home/pulp1/HLS_corrected/Compute_block2in/solution1/.autopilot/db/vlog' tclDir='/home/pulp1/HLS_corrected/Compute_block2in/solution1/.autopilot/db' modelList='compute2in_mul_17ns_1ns_32_1_1
compute2in_mux_42_32_1_1
compute2in_mux_32_16_1_1
compute2in_mul_16ns_1ns_32_1_1
compute2in_mux_154_32_1_1
compute2in_mux_124_32_1_1
compute2in_mul_mul_16ns_16ns_32_4_1
compute2in_ama_addmuladd_16ns_16ns_1ns_17s_32_4_1
compute2in_mac_muladd_16ns_16ns_32ns_32_4_1
compute2in
mul_17ns_1ns_32_1_1
mux_42_32_1_1
mux_32_16_1_1
mul_16ns_1ns_32_1_1
mux_154_32_1_1
mux_124_32_1_1
mul_mul_16ns_16ns_32_4_1
ama_addmuladd_16ns_16ns_1ns_17s_32_4_1
mac_muladd_16ns_16ns_32ns_32_4_1
compute2in
mul_17ns_1ns_32_1_1
mux_42_32_1_1
mux_32_16_1_1
mul_16ns_1ns_32_1_1
mux_154_32_1_1
mux_124_32_1_1
mul_mul_16ns_16ns_32_4_1
ama_addmuladd_16ns_16ns_1ns_17s_32_4_1
mac_muladd_16ns_16ns_32ns_32_4_1
compute2in
mul_17ns_1ns_32_1_1
mux_42_32_1_1
mux_32_16_1_1
mul_16ns_1ns_32_1_1
mux_154_32_1_1
mux_124_32_1_1
mul_mul_16ns_16ns_32_4_1
ama_addmuladd_16ns_16ns_1ns_17s_32_4_1
mac_muladd_16ns_16ns_32ns_32_4_1
compute2in
' expOnly='0'
Execute       source /home/pulp1/HLS_corrected/Compute_block2in/solution1/.autopilot/db/global.setting.tcl 
Execute       source /home/pulp1/HLS_corrected/Compute_block2in/solution1/.autopilot/db/global.setting.tcl 
Execute       source /home/pulp1/HLS_corrected/Compute_block2in/solution1/.autopilot/db/compute2in.compgen.tcl 
Execute         ap_part_info -name xczu7ev-ffvc1156-2-e -data names -quiet 
Execute         ap_part_info -name xczu7ev-ffvc1156-2-e -data info -quiet 
Execute         ap_part_info -name xczu7ev-ffvc1156-2-e -data names -quiet 
Execute         ap_part_info -name xczu7ev-ffvc1156-2-e -data info -quiet 
Execute         ap_part_info -name xczu7ev-ffvc1156-2-e -data names -quiet 
Execute         ap_part_info -name xczu7ev-ffvc1156-2-e -data info -quiet 
Execute         ap_part_info -name xczu7ev-ffvc1156-2-e -data names -quiet 
Execute         ap_part_info -name xczu7ev-ffvc1156-2-e -data info -quiet 
Execute         ap_part_info -name xczu7ev-ffvc1156-2-e -data names -quiet 
Execute         ap_part_info -name xczu7ev-ffvc1156-2-e -data info -quiet 
Execute         ap_part_info -name xczu7ev-ffvc1156-2-e -data names -quiet 
Execute         ap_part_info -name xczu7ev-ffvc1156-2-e -data info -quiet 
Execute         ap_part_info -name xczu7ev-ffvc1156-2-e -data info 
Execute         ap_part_info -name xczu7ev-ffvc1156-2-e -data names -quiet 
Execute         ap_part_info -name xczu7ev-ffvc1156-2-e -data info -quiet 
Execute         ap_part_info -name xczu7ev-ffvc1156-2-e -data info 
Command       ap_source done; 0.16 sec.
Execute       source /home/pulp1/HLS_corrected/Compute_block2in/solution1/.autopilot/db/compute2in.compgen.tcl 
Execute       source /home/pulp1/HLS_corrected/Compute_block2in/solution1/.autopilot/db/compute2in.compgen.tcl 
Execute       source /home/pulp1/HLS_corrected/Compute_block2in/solution1/.autopilot/db/compute2in.compgen.tcl 
INFO: [HLS 200-111] Finished Generating all RTL models: CPU user time: 0.91 seconds. CPU system time: 0.05 seconds. Elapsed time: 0.97 seconds; current allocated memory: 874.645 MB.
INFO-FLOW: DBG:PROC: ::HLSREPORTS::create_csynth_xml bind_info_var='bind_info' RtlSubPrefix='compute2in_' outfile=''
INFO-FLOW: Running: create_csynth_xml read xml data
INFO-FLOW: Done: create_csynth_xml read xml data time: 0 seconds per iteration
INFO-FLOW: Running: create_csynth_xml bind info
INFO-FLOW: Done: create_csynth_xml bind info time: 0 seconds per iteration
INFO-FLOW: Running: create_csynth_xml config info
INFO-FLOW: Done: create_csynth_xml config info time: 0 seconds per iteration
INFO-FLOW: Running: create_csynth_xml write xml
INFO-FLOW: Done: create_csynth_xml write xml time: 0 seconds per iteration
INFO-FLOW: DBG:PUTS:      create_csynth_xml wrote csynth_xml=/home/pulp1/HLS_corrected/Compute_block2in/solution1/syn/report/csynth.xml
INFO-FLOW: DBG:PROC: ::AP::DESIGN_DATA::generate_json generate_bd_files='0' generate_xo_files='0' modelList='compute2in_mul_17ns_1ns_32_1_1
compute2in_mux_42_32_1_1
compute2in_mux_32_16_1_1
compute2in_mul_16ns_1ns_32_1_1
compute2in_mux_154_32_1_1
compute2in_mux_124_32_1_1
compute2in_mul_mul_16ns_16ns_32_4_1
compute2in_ama_addmuladd_16ns_16ns_1ns_17s_32_4_1
compute2in_mac_muladd_16ns_16ns_32ns_32_4_1
compute2in
mul_17ns_1ns_32_1_1
mux_42_32_1_1
mux_32_16_1_1
mul_16ns_1ns_32_1_1
mux_154_32_1_1
mux_124_32_1_1
mul_mul_16ns_16ns_32_4_1
ama_addmuladd_16ns_16ns_1ns_17s_32_4_1
mac_muladd_16ns_16ns_32ns_32_4_1
compute2in
mul_17ns_1ns_32_1_1
mux_42_32_1_1
mux_32_16_1_1
mul_16ns_1ns_32_1_1
mux_154_32_1_1
mux_124_32_1_1
mul_mul_16ns_16ns_32_4_1
ama_addmuladd_16ns_16ns_1ns_17s_32_4_1
mac_muladd_16ns_16ns_32ns_32_4_1
compute2in
mul_17ns_1ns_32_1_1
mux_42_32_1_1
mux_32_16_1_1
mul_16ns_1ns_32_1_1
mux_154_32_1_1
mux_124_32_1_1
mul_mul_16ns_16ns_32_4_1
ama_addmuladd_16ns_16ns_1ns_17s_32_4_1
mac_muladd_16ns_16ns_32ns_32_4_1
compute2in
' rtl_lang='both' bootstrap_tcl='false' outdir='' outfilename=''
Execute       source /home/pulp1/HLS_corrected/Compute_block2in/solution1/.autopilot/db/global.setting.tcl 
Execute       source /home/pulp1/HLS_corrected/Compute_block2in/solution1/.autopilot/db/global.setting.tcl 
Execute       source /home/pulp1/HLS_corrected/Compute_block2in/solution1/.autopilot/db/top-io-be.tcl 
Execute       source /home/pulp1/HLS_corrected/Compute_block2in/solution1/.autopilot/db/compute2in.tbgen.tcl 
Execute       source /home/pulp1/HLS_corrected/Compute_block2in/solution1/.autopilot/db/compute2in.rtl_wrap.cfg.tcl 
Execute       source /home/pulp1/HLS_corrected/Compute_block2in/solution1/.autopilot/db/compute2in.compgen.dataonly.tcl 
Execute       source /home/pulp1/HLS_corrected/Compute_block2in/solution1/.autopilot/db/compute2in.tbgen.tcl 
Execute       source /home/pulp1/HLS_corrected/Compute_block2in/solution1/.autopilot/db/global.setting.tcl 
Execute       ap_part_info -name xczu7ev-ffvc1156-2-e -data names -quiet 
Execute       ap_part_info -name xczu7ev-ffvc1156-2-e -data info -quiet 
Execute       source /home/pulp1/HLS_corrected/Compute_block2in/solution1/.autopilot/db/compute2in.constraint.tcl 
Execute       sc_get_clocks compute2in 
Execute       source /home/pulp1/HLS_corrected/Compute_block2in/solution1/.autopilot/db/global.setting.tcl 
INFO-FLOW: DBG:PROC: ::HLSREPORTS::add_csynth_report_sections bind_info_dict='adapter_nodes {} report_dict {TOPINST compute2in MODULE2INSTS {compute2in compute2in} INST2MODULE {compute2in compute2in} INSTDATA {compute2in {DEPTH 1 CHILDREN {}}} MODULEDATA {compute2in {BINDINFO {{BINDTYPE op ID {} IMPL fabric LATENCY 0 OPTYPE add PRAGMA {} RTLNAME add_ln63_fu_357_p2 SOURCE Compute_block2in/Compute2in.cpp:63 VARIABLE add_ln63 LOOP VITIS_LOOP_63_1 BUNDLEDNAME {} DSP 0 BRAM 0 URAM 0 DISPNAME {bind_op add}} {BINDTYPE op ID {} IMPL fabric LATENCY 0 OPTYPE add PRAGMA {} RTLNAME add_ln840_fu_765_p2 SOURCE /tools/Xilinx/Vitis_HLS/2022.2/common/technology/autopilot/ap_int_base.h:840 VARIABLE add_ln840 LOOP VITIS_LOOP_63_1 BUNDLEDNAME {} DSP 0 BRAM 0 URAM 0 DISPNAME {bind_op add}} {BINDTYPE op ID {} IMPL auto LATENCY 0 OPTYPE mul PRAGMA {} RTLNAME mul_17ns_1ns_32_1_1_U1 SOURCE /tools/Xilinx/Vitis_HLS/2022.2/common/technology/autopilot/ap_int_base.h:840 VARIABLE mul_ln840 LOOP VITIS_LOOP_63_1 BUNDLEDNAME {} DSP 0 BRAM 0 URAM 0 DISPNAME {bind_op mul}} {BINDTYPE op ID {} IMPL fabric LATENCY 0 OPTYPE add PRAGMA {} RTLNAME add_ln840_1_fu_781_p2 SOURCE /tools/Xilinx/Vitis_HLS/2022.2/common/technology/autopilot/ap_int_base.h:840 VARIABLE add_ln840_1 LOOP VITIS_LOOP_63_1 BUNDLEDNAME {} DSP 0 BRAM 0 URAM 0 DISPNAME {bind_op add}} {BINDTYPE op ID {} IMPL auto LATENCY 0 OPTYPE mul PRAGMA {} RTLNAME mul_17ns_1ns_32_1_1_U2 SOURCE /tools/Xilinx/Vitis_HLS/2022.2/common/technology/autopilot/ap_int_base.h:840 VARIABLE mul_ln840_1 LOOP VITIS_LOOP_63_1 BUNDLEDNAME {} DSP 0 BRAM 0 URAM 0 DISPNAME {bind_op mul}} {BINDTYPE op ID {} IMPL fabric LATENCY 0 OPTYPE add PRAGMA {} RTLNAME add_ln186_fu_797_p2 SOURCE /tools/Xilinx/Vitis_HLS/2022.2/common/technology/autopilot/ap_int_base.h:186 VARIABLE add_ln186 LOOP VITIS_LOOP_63_1 BUNDLEDNAME {} DSP 0 BRAM 0 URAM 0 DISPNAME {bind_op add}} {BINDTYPE op ID {} IMPL fabric LATENCY 0 OPTYPE add PRAGMA {} RTLNAME add_ln87_fu_880_p2 SOURCE Compute_block2in/Compute2in.cpp:87 VARIABLE add_ln87 LOOP VITIS_LOOP_87_3 BUNDLEDNAME {} DSP 0 BRAM 0 URAM 0 DISPNAME {bind_op add}} {BINDTYPE op ID {} IMPL dsp48 LATENCY 3 OPTYPE mul PRAGMA {} RTLNAME mul_mul_16ns_16ns_32_4_1_U16 SOURCE /tools/Xilinx/Vitis_HLS/2022.2/common/technology/autopilot/ap_int_base.h:1494 VARIABLE ret_V LOOP VITIS_LOOP_87_3 BUNDLEDNAME {} DSP 1 BRAM 0 URAM 0 DISPNAME {bind_op mul}} {BINDTYPE op ID {} IMPL dsp48 LATENCY 3 OPTYPE mul PRAGMA {} RTLNAME mac_muladd_16ns_16ns_32ns_32_4_1_U20 SOURCE /tools/Xilinx/Vitis_HLS/2022.2/common/technology/autopilot/ap_int_base.h:1494 VARIABLE ret_V_1 LOOP VITIS_LOOP_87_3 BUNDLEDNAME {} DSP 1 BRAM 0 URAM 0 DISPNAME {bind_op mul}} {BINDTYPE op ID {} IMPL dsp48 LATENCY 3 OPTYPE mul PRAGMA {} RTLNAME mac_muladd_16ns_16ns_32ns_32_4_1_U19 SOURCE /tools/Xilinx/Vitis_HLS/2022.2/common/technology/autopilot/ap_int_base.h:1494 VARIABLE ret_V_2 LOOP VITIS_LOOP_87_3 BUNDLEDNAME {} DSP 1 BRAM 0 URAM 0 DISPNAME {bind_op mul}} {BINDTYPE op ID {} IMPL auto LATENCY 0 OPTYPE mul PRAGMA {} RTLNAME mul_16ns_1ns_32_1_1_U10 SOURCE /tools/Xilinx/Vitis_HLS/2022.2/common/technology/autopilot/ap_int_base.h:1494 VARIABLE ret_V_3 LOOP VITIS_LOOP_87_3 BUNDLEDNAME {} DSP 0 BRAM 0 URAM 0 DISPNAME {bind_op mul}} {BINDTYPE op ID {} IMPL dsp48 LATENCY 3 OPTYPE mul PRAGMA {} RTLNAME mul_mul_16ns_16ns_32_4_1_U17 SOURCE /tools/Xilinx/Vitis_HLS/2022.2/common/technology/autopilot/ap_int_base.h:1494 VARIABLE ret_V_4 LOOP VITIS_LOOP_87_3 BUNDLEDNAME {} DSP 1 BRAM 0 URAM 0 DISPNAME {bind_op mul}} {BINDTYPE op ID {} IMPL dsp48 LATENCY 3 OPTYPE add PRAGMA {} RTLNAME mac_muladd_16ns_16ns_32ns_32_4_1_U19 SOURCE /tools/Xilinx/Vitis_HLS/2022.2/common/technology/autopilot/ap_int_base.h:840 VARIABLE add_ln840_2 LOOP VITIS_LOOP_87_3 BUNDLEDNAME {} DSP 1 BRAM 0 URAM 0 DISPNAME {bind_op add}} {BINDTYPE op ID {} IMPL dsp48 LATENCY 3 OPTYPE add PRAGMA {} RTLNAME mac_muladd_16ns_16ns_32ns_32_4_1_U20 SOURCE /tools/Xilinx/Vitis_HLS/2022.2/common/technology/autopilot/ap_int_base.h:840 VARIABLE add_ln840_3 LOOP VITIS_LOOP_87_3 BUNDLEDNAME {} DSP 1 BRAM 0 URAM 0 DISPNAME {bind_op add}} {BINDTYPE op ID {} IMPL auto LATENCY 0 OPTYPE mul PRAGMA {} RTLNAME mul_16ns_1ns_32_1_1_U13 SOURCE /tools/Xilinx/Vitis_HLS/2022.2/common/technology/autopilot/ap_int_base.h:1494 VARIABLE ret_V_5 LOOP VITIS_LOOP_87_3 BUNDLEDNAME {} DSP 0 BRAM 0 URAM 0 DISPNAME {bind_op mul}} {BINDTYPE op ID {} IMPL dsp48 LATENCY 3 OPTYPE add PRAGMA {} RTLNAME ama_addmuladd_16ns_16ns_1ns_17s_32_4_1_U18 SOURCE /tools/Xilinx/Vitis_HLS/2022.2/common/technology/autopilot/ap_int_base.h:840 VARIABLE add_ln840_4 LOOP VITIS_LOOP_87_3 BUNDLEDNAME {} DSP 1 BRAM 0 URAM 0 DISPNAME {bind_op add}} {BINDTYPE op ID {} IMPL dsp48 LATENCY 3 OPTYPE mul PRAGMA {} RTLNAME ama_addmuladd_16ns_16ns_1ns_17s_32_4_1_U18 SOURCE /tools/Xilinx/Vitis_HLS/2022.2/common/technology/autopilot/ap_int_base.h:840 VARIABLE mul_ln840_2 LOOP VITIS_LOOP_87_3 BUNDLEDNAME {} DSP 1 BRAM 0 URAM 0 DISPNAME {bind_op mul}} {BINDTYPE op ID {} IMPL dsp48 LATENCY 3 OPTYPE add PRAGMA {} RTLNAME ama_addmuladd_16ns_16ns_1ns_17s_32_4_1_U18 SOURCE /tools/Xilinx/Vitis_HLS/2022.2/common/technology/autopilot/ap_int_base.h:840 VARIABLE add_ln840_5 LOOP VITIS_LOOP_87_3 BUNDLEDNAME {} DSP 1 BRAM 0 URAM 0 DISPNAME {bind_op add}} {BINDTYPE op ID {} IMPL fabric LATENCY 0 OPTYPE add PRAGMA {} RTLNAME add_ln100_fu_1118_p2 SOURCE Compute_block2in/Compute2in.cpp:100 VARIABLE add_ln100 LOOP VITIS_LOOP_87_3 BUNDLEDNAME {} DSP 0 BRAM 0 URAM 0 DISPNAME {bind_op add}} {BINDTYPE op ID {} IMPL fabric LATENCY 0 OPTYPE add PRAGMA {} RTLNAME add_ln186_1_fu_1134_p2 SOURCE /tools/Xilinx/Vitis_HLS/2022.2/common/technology/autopilot/ap_int_base.h:186 VARIABLE add_ln186_1 LOOP VITIS_LOOP_87_3 BUNDLEDNAME {} DSP 0 BRAM 0 URAM 0 DISPNAME {bind_op add}} {BINDTYPE op ID {} IMPL fabric LATENCY 0 OPTYPE add PRAGMA {} RTLNAME add_ln186_2_fu_1353_p2 SOURCE /tools/Xilinx/Vitis_HLS/2022.2/common/technology/autopilot/ap_int_base.h:186 VARIABLE add_ln186_2 LOOP VITIS_LOOP_87_3 BUNDLEDNAME {} DSP 0 BRAM 0 URAM 0 DISPNAME {bind_op add}}} AREA {DSP 5 BRAM 0 URAM 0}}}}'
INFO-FLOW: DBG:PUTS:      update_csynth_reports json2rpt_hw_sw_interfaces
INFO-FLOW: Running: gen_csynth_sec_pragma
INFO-FLOW: Done: gen_csynth_sec_pragma time: 0 seconds per iteration
INFO-FLOW: DBG:PUTS:      update_csynth_reports wrote xml
INFO-FLOW: DBG:PUTS:      update_csynth_reports appended to csynth rpt file
INFO: [HLS 200-111] Finished Updating report files: CPU user time: 0.52 seconds. CPU system time: 0.01 seconds. Elapsed time: 0.53 seconds; current allocated memory: 875.465 MB.
INFO: [VHDL 208-304] Generating VHDL RTL for compute2in.
INFO: [VLOG 209-307] Generating Verilog RTL for compute2in.
Execute       syn_report -model compute2in -printsummary 
INFO: [HLS 200-790] **** Loop Constraint Status: All loop constraints were satisfied.
INFO: [HLS 200-789] **** Estimated Fmax: 186.74 MHz
Command     autosyn done; 2.1 sec.
Command   csynth_design done; 12.82 sec.
INFO: [HLS 200-111] Finished Command csynth_design CPU user time: 11.09 seconds. CPU system time: 1.56 seconds. Elapsed time: 12.82 seconds; current allocated memory: 26.188 MB.
Execute   cleanup_all 
INFO-FLOW: Workspace /home/pulp1/HLS_corrected/Compute_block2in/solution1 opened at Mon Sep 14 03:00:53 EEST 2026
Execute     ap_set_clock -name default -period 10 -default=false 
INFO: [SYN 201-201] Setting up clock 'default' with a period of 10ns.
Execute     set_part xczu7ev-ffvc1156-2-e 
Execute       create_platform xczu7ev-ffvc1156-2-e -board  
DBG:HLSDevice: Trying to load device library: /tools/Xilinx/Vitis_HLS/2022.2/lib/lnx64.o/libxv_hlsvwrap.so
DBG:HLSDevice: first parts/arch.xml in RDI_DATADIR: /tools/Xilinx/Vivado/2022.2/data/parts/arch.xml
DBG:HLSDevice: init success
INFO: [HLS 200-1611] Setting target device to 'xczu7ev-ffvc1156-2-e'
Command       create_platform done; 1.85 sec.
Execute       source /tools/Xilinx/Vitis_HLS/2022.2/common/technology/xilinx/common/xilinx.gen 
Execute         source /tools/Xilinx/Vitis_HLS/2022.2/common/technology/xilinx/interface/plb46.gen 
Execute         source /tools/Xilinx/Vitis_HLS/2022.2/common/technology/xilinx/interface/axi4.gen 
Execute         source /tools/Xilinx/Vitis_HLS/2022.2/common/technology/xilinx/interface/nativeAXI4.gen 
Execute           source /tools/Xilinx/Vitis_HLS/2022.2/common/technology/xilinx/interface/saxilite.gen 
Execute         source /tools/Xilinx/Vitis_HLS/2022.2/common/technology/xilinx/scripts/xilinxcoregen.gen 
Execute         source /tools/Xilinx/Vitis_HLS/2022.2/common/technology/xilinx/interface/XilEDKCoreGen.gen 
Execute         source /tools/Xilinx/Vitis_HLS/2022.2/common/technology/xilinx/ip/dds_compiler.gen 
Execute         source /tools/Xilinx/Vitis_HLS/2022.2/common/technology/xilinx/ip/util.gen 
Execute         source /tools/Xilinx/Vitis_HLS/2022.2/common/technology/xilinx/ip/xfft.gen 
Execute         source /tools/Xilinx/Vitis_HLS/2022.2/common/technology/xilinx/ip/xfir.gen 
Execute         source /tools/Xilinx/Vitis_HLS/2022.2/common/technology/xilinx/DSP48/dsp48.gen 
Execute       ap_part_info -name xczu7ev-ffvc1156-2-e -data info 
Execute       config_compile -quiet -complex-mul-dsp=0 
Command     set_part done; 1.97 sec.
Execute     send_msg_by_id INFO @200-1505@%s%s  vivado 
INFO: [HLS 200-1505] Using flow_target 'vivado'
Execute     send_msg_by_id INFO @200-1464@%s config_interface -m_axi_latency=0 
INFO: [HLS 200-1464] Running solution command: config_interface -m_axi_latency=0
Execute     config_interface -m_axi_latency=0 
Command   open_solution done; 2.06 sec.
Execute   csim_design 
INFO: [HLS 200-1510] Running: csim_design 
Execute     source /home/pulp1/HLS_corrected/Compute_block2in/solution1/.autopilot/db/global.setting.tcl 
INFO: [SIM 211-2] *************** CSIM start ***************
INFO: [SIM 211-4] CSIM will launch GCC as the compiler.
Execute     source csim/.lst_opt.tcl 
Execute     ap_part_info -name xczu7ev-ffvc1156-2-e -data info 
Execute     source run_sim.tcl 
INFO: [SIM 211-1] CSim done with 0 errors.
INFO: [SIM 211-3] *************** CSIM finish ***************
Command   csim_design done; 2.02 sec.
INFO: [HLS 200-111] Finished Command csim_design CPU user time: 1.57 seconds. CPU system time: 0.46 seconds. Elapsed time: 2.02 seconds; current allocated memory: 0.000 MB.
Execute   csynth_design 
INFO: [HLS 200-1510] Running: csynth_design 
Execute     elaborate -effort=medium -skip_syncheck=0 -keep_printf=0 -skip_cdt=0 -skip_transform=0 -ng=0 -g=0 -opt_fp=0 -from_csynth_design=1 
INFO: [HLS 200-111] Finished File checks and directory preparation: CPU user time: 0 seconds. CPU system time: 0 seconds. Elapsed time: 0.01 seconds; current allocated memory: 746.922 MB.
INFO: [HLS 200-10] Analyzing design file 'Compute_block2in/Compute2in.cpp' ... 
INFO-FLOW: Compiling one TU...
INFO-FLOW: Handling Compute_block2in/Compute2in.cpp as C++
Execute       ap_part_info -name xczu7ev-ffvc1156-2-e -data info 
INFO-FLOW: Running: GCC PP 39
INFO-FLOW: Source preprocessing
Execute       ap_eval exec -ignorestderr /tools/Xilinx/Vitis_HLS/2022.2/lnx64/tools/clang-3.9-csynth/bin/clang Compute_block2in/Compute2in.cpp -foptimization-record-file=/home/pulp1/HLS_corrected/Compute_block2in/solution1/.autopilot/db/Compute2in.cpp.clang.diag.yml -mllvm -pass-remarks-missed=reflow|pasta|unroll -mllvm -pass-remarks=reflow|pasta|unroll|inline -fno-limit-debug-info -gcc-toolchain /tools/Xilinx/Vitis_HLS/2022.2/tps/lnx64/gcc-8.3.0 -fhls -fno-exceptions -E -fno-math-errno -c -emit-llvm -mllvm -disable-llvm-optzns -Werror=implicit-function-declaration -Werror=implicit-hls-streams -Werror=return-type -Wpragmas -Wunused-parameter -Wdump-hls-pragmas -Wno-error=dump-hls-pragmas -fno-threadsafe-statics -fno-use-cxa-atexit -std=gnu++14 -target fpga64-xilinx-linux-gnu -fno-threadsafe-statics -fno-use-cxa-atexit -D__VITIS_HLS__ -DAESL_SYN -D__SYNTHESIS__ -D__HLS_SYN__ -I /tools/Xilinx/Vitis_HLS/2022.2/common/technology/autopilot -I /tools/Xilinx/Vitis_HLS/2022.2/common/technology/autopilot/ap_sysc -include etc/autopilot_ssdm_op.h -D__DSP48E2__ -I /usr/include/x86_64-linux-gnu -o /home/pulp1/HLS_corrected/Compute_block2in/solution1/.autopilot/db/Compute2in.pp.0.cpp -hls-platform-db-name=/tools/Xilinx/Vitis_HLS/2022.2/common/technology/xilinx/common/platform.db -hls-platform-name=zynquplus_medium -device-resource-info=BRAM_624.000000_DSP_1728.000000_FF_460800.000000_LUT_230400.000000_SLICE_28800.000000_URAM_96.000000 -device-name-info=xczu7ev-ffvc1156-2-e > /home/pulp1/HLS_corrected/Compute_block2in/solution1/.autopilot/db/Compute2in.cpp.clang.out.log 2> /home/pulp1/HLS_corrected/Compute_block2in/solution1/.autopilot/db/Compute2in.cpp.clang.err.log 
Command       ap_eval done; 0.21 sec.
INFO-FLOW: Done: GCC PP 39 time: 0.2 seconds per iteration
Execute       set_directive_top compute2in -name=compute2in 
Execute       source /tools/Xilinx/Vitis_HLS/2022.2/tps/tcl/tcllib1.11.1/yaml/huddle.tcl 
Execute       source /tools/Xilinx/Vitis_HLS/2022.2/tps/tcl/tcllib1.11.1/yaml/json2huddle.tcl 
INFO-FLOW: Source syntax check for synthesis
Execute       ap_eval exec -ignorestderr /tools/Xilinx/Vitis_HLS/2022.2/lnx64/tools/clang-3.9-csynth/bin/clang -foptimization-record-file=/home/pulp1/HLS_corrected/Compute_block2in/solution1/.autopilot/db/clang.diag.yml -mllvm -pass-remarks-missed=reflow|pasta|unroll -mllvm -pass-remarks=reflow|pasta|unroll|inline -fsyntax-only -fhls -target fpga64-xilinx-linux-gnu /home/pulp1/HLS_corrected/Compute_block2in/solution1/.autopilot/db/Compute2in.pp.0.cpp -hls-platform-db-name=/tools/Xilinx/Vitis_HLS/2022.2/common/technology/xilinx/common/platform.db -hls-platform-name=zynquplus_medium -device-resource-info=BRAM_624.000000_DSP_1728.000000_FF_460800.000000_LUT_230400.000000_SLICE_28800.000000_URAM_96.000000 -device-name-info=xczu7ev-ffvc1156-2-e > /home/pulp1/HLS_corrected/Compute_block2in/solution1/.autopilot/db/clang.out.log 2> /home/pulp1/HLS_corrected/Compute_block2in/solution1/.autopilot/db/clang.err.log 
Command       ap_eval done; 0.72 sec.
Execute       clang_tidy xilinx-systemc-detector -desc systemc-detector /home/pulp1/HLS_corrected/Compute_block2in/solution1/.autopilot/db/Compute2in.pp.0.cpp std=gnu++14 -target fpga  -directive=/home/pulp1/HLS_corrected/Compute_block2in/solution1/.autopilot/db/.systemc_flag 
INFO-FLOW: exec /tools/Xilinx/Vitis_HLS/2022.2/lnx64/tools/clang-3.9-csynth/bin/clang-tidy -header-filter=.* --checks=-*,xilinx-systemc-detector -import-directive=/home/pulp1/HLS_corrected/Compute_block2in/solution1/.autopilot/db/.systemc_flag -fix-errors /home/pulp1/HLS_corrected/Compute_block2in/solution1/.autopilot/db/Compute2in.pp.0.cpp -- -std=gnu++14 -target fpga -fhls -ferror-limit=0
Command       clang_tidy done; 0.6 sec.
INFO-FLOW: Running: clang-tidy CDT preprocess 39
Execute       clang_tidy xilinx-directive2pragma -desc directive2pragma /home/pulp1/HLS_corrected/Compute_block2in/solution1/.autopilot/db/Compute2in.pp.0.cpp std=gnu++14 -target fpga  -directive=/home/pulp1/HLS_corrected/Compute_block2in/solution1/.autopilot/db/all.directive.json 
INFO-FLOW: exec /tools/Xilinx/Vitis_HLS/2022.2/lnx64/tools/clang-3.9-csynth/bin/clang-tidy -header-filter=.* --checks=-*,xilinx-directive2pragma -import-directive=/home/pulp1/HLS_corrected/Compute_block2in/solution1/.autopilot/db/all.directive.json -fix-errors /home/pulp1/HLS_corrected/Compute_block2in/solution1/.autopilot/db/Compute2in.pp.0.cpp -- -std=gnu++14 -target fpga -fhls -ferror-limit=0
Command       clang_tidy done; 0.99 sec.
Execute       clang_tidy xilinx-remove-assert -desc remove-assert /home/pulp1/HLS_corrected/Compute_block2in/solution1/.autopilot/db/Compute2in.pp.0.cpp std=gnu++14 -target fpga  
INFO-FLOW: exec /tools/Xilinx/Vitis_HLS/2022.2/lnx64/tools/clang-3.9-csynth/bin/clang-tidy -header-filter=.* --checks=-*,xilinx-remove-assert -fix-errors /home/pulp1/HLS_corrected/Compute_block2in/solution1/.autopilot/db/Compute2in.pp.0.cpp -- -std=gnu++14 -target fpga -fhls -ferror-limit=0
Command       clang_tidy done; 0.59 sec.
INFO-FLOW: Done: clang-tidy CDT preprocess 39 time: 1.6 seconds per iteration
INFO-FLOW: Calling xilinx-label-all-loops ... 
INFO-FLOW: Calling xilinx-aggregate-on-hls-vector ... 
Execute       clang_tidy -errorcheck -desc loop-label xilinx-label-all-loops,xilinx-aggregate-on-hls-vector,,xilinx-warn-mayneed-no-ctor-attribute /home/pulp1/HLS_corrected/Compute_block2in/solution1/.autopilot/db/Compute2in.pp.0.cpp std=gnu++14 -target fpga  
Execute         ap_eval exec -ignorestderr /tools/Xilinx/Vitis_HLS/2022.2/lnx64/tools/clang-3.9-csynth/bin/clang-tidy -export-fixes=/home/pulp1/HLS_corrected/Compute_block2in/solution1/.autopilot/db/Compute2in.pp.0.cpp.clang-tidy.loop-label.diag.yml -header-filter=.* --checks=-*,xilinx-label-all-loops,xilinx-aggregate-on-hls-vector,,xilinx-warn-mayneed-no-ctor-attribute -fix-errors /home/pulp1/HLS_corrected/Compute_block2in/solution1/.autopilot/db/Compute2in.pp.0.cpp -- -std=gnu++14 -target fpga -fhls -ferror-limit=0 > /home/pulp1/HLS_corrected/Compute_block2in/solution1/.autopilot/db/Compute2in.pp.0.cpp.clang-tidy.loop-label.out.log 2> /home/pulp1/HLS_corrected/Compute_block2in/solution1/.autopilot/db/Compute2in.pp.0.cpp.clang-tidy.loop-label.err.log 
Command         ap_eval done; 1.18 sec.
Execute         source /tools/Xilinx/Vitis_HLS/2022.2/tps/tcl/tcllib1.11.1/yaml/yaml.tcl 
Command       clang_tidy done; 1.23 sec.
Execute       ap_eval exec -ignorestderr /tools/Xilinx/Vitis_HLS/2022.2/lnx64/tools/clang-3.9-csynth/bin/xilinx-dataflow-lawyer -export-fixes=/home/pulp1/HLS_corrected/Compute_block2in/solution1/.autopilot/db/Compute2in.pp.0.cpp.xilinx-dataflow-lawyer.diag.yml /home/pulp1/HLS_corrected/Compute_block2in/solution1/.autopilot/db/Compute2in.pp.0.cpp -- -std=gnu++14 -target fpga -fhls -ferror-limit=0 -fstrict-dataflow > /home/pulp1/HLS_corrected/Compute_block2in/solution1/.autopilot/db/Compute2in.pp.0.cpp.xilinx-dataflow-lawyer.out.log 2> /home/pulp1/HLS_corrected/Compute_block2in/solution1/.autopilot/db/Compute2in.pp.0.cpp.xilinx-dataflow-lawyer.err.log 
Command       ap_eval done; 0.59 sec.
Execute       ap_part_info -name xczu7ev-ffvc1156-2-e -data info 
INFO-FLOW: compiling source code to llvm bc
Execute       ap_eval exec -ignorestderr /tools/Xilinx/Vitis_HLS/2022.2/lnx64/tools/clang-3.9-csynth/bin/clang -foptimization-record-file=/home/pulp1/HLS_corrected/Compute_block2in/solution1/.autopilot/db/Compute2in.pp.0.cpp.clang.diag.yml -mllvm -pass-remarks-missed=reflow|pasta|unroll -mllvm -pass-remarks=reflow|pasta|unroll|inline -fno-limit-debug-info -fhls -flto -fno-exceptions -Wno-error=c++11-narrowing /home/pulp1/HLS_corrected/Compute_block2in/solution1/.autopilot/db/Compute2in.pp.0.cpp -fno-math-errno -c -emit-llvm -mllvm -disable-llvm-optzns -Werror=implicit-function-declaration -Werror=implicit-hls-streams -Werror=return-type -Wpragmas -Wunused-parameter -Wdump-hls-pragmas -Wno-error=dump-hls-pragmas -fno-threadsafe-statics -fno-use-cxa-atexit -std=gnu++14 -target fpga64-xilinx-linux-gnu -D__VITIS_HLS__ -DAESL_SYN -D__SYNTHESIS__ -D__HLS_SYN__ -I /tools/Xilinx/Vitis_HLS/2022.2/common/technology/autopilot -I /tools/Xilinx/Vitis_HLS/2022.2/common/technology/autopilot/ap_sysc -include etc/autopilot_ssdm_op.h -D__DSP48E2__ -g -o /home/pulp1/HLS_corrected/Compute_block2in/solution1/.autopilot/db/Compute2in.bc -hls-platform-db-name=/tools/Xilinx/Vitis_HLS/2022.2/common/technology/xilinx/common/platform.db -hls-platform-name=zynquplus_medium -device-resource-info=BRAM_624.000000_DSP_1728.000000_FF_460800.000000_LUT_230400.000000_SLICE_28800.000000_URAM_96.000000 -device-name-info=xczu7ev-ffvc1156-2-e > /home/pulp1/HLS_corrected/Compute_block2in/solution1/.autopilot/db/Compute2in.pp.0.cpp.clang.out.log 2> /home/pulp1/HLS_corrected/Compute_block2in/solution1/.autopilot/db/Compute2in.pp.0.cpp.clang.err.log 
Command       ap_eval done; 0.72 sec.
INFO: [HLS 200-111] Finished Source Code Analysis and Preprocessing: CPU user time: 4.89 seconds. CPU system time: 0.81 seconds. Elapsed time: 5.73 seconds; current allocated memory: 749.172 MB.
INFO-FLOW: Linking Debug ...
INFO-FLOW: Linking dut bc code.
Execute       run_link_or_opt -out /home/pulp1/HLS_corrected/Compute_block2in/solution1/.autopilot/db/a.g.ld.0.bc -args  "/home/pulp1/HLS_corrected/Compute_block2in/solution1/.autopilot/db/Compute2in.g.bc"  
Execute         ap_eval exec -ignorestderr /tools/Xilinx/Vitis_HLS/2022.2/lnx64/tools/clang-3.9-csynth/bin/llvm-link /home/pulp1/HLS_corrected/Compute_block2in/solution1/.autopilot/db/Compute2in.g.bc -o /home/pulp1/HLS_corrected/Compute_block2in/solution1/.autopilot/db/a.g.ld.0.bc > /home/pulp1/HLS_corrected/Compute_block2in/solution1/.autopilot/db/a.g.ld.0.bc.llvm-link.out.log 2> /home/pulp1/HLS_corrected/Compute_block2in/solution1/.autopilot/db/a.g.ld.0.bc.llvm-link.err.log 
INFO-FLOW: 
Execute       run_link_or_opt -opt -out /home/pulp1/HLS_corrected/Compute_block2in/solution1/.autopilot/db/a.g.ld.1.lower.bc -args /home/pulp1/HLS_corrected/Compute_block2in/solution1/.autopilot/db/a.g.ld.0.bc -reflow-lower-math-intrinsics 
Execute         ap_eval exec -ignorestderr /tools/Xilinx/Vitis_HLS/2022.2/lnx64/tools/clang-3.9-csynth/bin/opt -pass-remarks-missed=reflow|pasta|unroll -pass-remarks=reflow|pasta|unroll|inline -pass-remarks-output=/home/pulp1/HLS_corrected/Compute_block2in/solution1/.autopilot/db/a.g.ld.1.lower.bc.opt.diag.yml /home/pulp1/HLS_corrected/Compute_block2in/solution1/.autopilot/db/a.g.ld.0.bc -reflow-lower-math-intrinsics -o /home/pulp1/HLS_corrected/Compute_block2in/solution1/.autopilot/db/a.g.ld.1.lower.bc > /home/pulp1/HLS_corrected/Compute_block2in/solution1/.autopilot/db/a.g.ld.1.lower.bc.opt.out.log 2> /home/pulp1/HLS_corrected/Compute_block2in/solution1/.autopilot/db/a.g.ld.1.lower.bc.opt.err.log 
INFO-FLOW: 
INFO-FLOW: Linking math bc lib
Execute       run_link_or_opt -out /home/pulp1/HLS_corrected/Compute_block2in/solution1/.autopilot/db/a.g.ld.2.m1.bc -args /home/pulp1/HLS_corrected/Compute_block2in/solution1/.autopilot/db/a.g.ld.1.lower.bc -only-needed /tools/Xilinx/Vitis_HLS/2022.2/lnx64/lib/libhlsm_39.bc /tools/Xilinx/Vitis_HLS/2022.2/lnx64/lib/libhlsmc++_39.bc 
Execute         ap_eval exec -ignorestderr /tools/Xilinx/Vitis_HLS/2022.2/lnx64/tools/clang-3.9-csynth/bin/llvm-link /home/pulp1/HLS_corrected/Compute_block2in/solution1/.autopilot/db/a.g.ld.1.lower.bc -only-needed /tools/Xilinx/Vitis_HLS/2022.2/lnx64/lib/libhlsm_39.bc /tools/Xilinx/Vitis_HLS/2022.2/lnx64/lib/libhlsmc++_39.bc -o /home/pulp1/HLS_corrected/Compute_block2in/solution1/.autopilot/db/a.g.ld.2.m1.bc > /home/pulp1/HLS_corrected/Compute_block2in/solution1/.autopilot/db/a.g.ld.2.m1.bc.llvm-link.out.log 2> /home/pulp1/HLS_corrected/Compute_block2in/solution1/.autopilot/db/a.g.ld.2.m1.bc.llvm-link.err.log 
Command         ap_eval done; 2.64 sec.
INFO-FLOW: 
Command       run_link_or_opt done; 2.64 sec.
Execute       run_link_or_opt -opt -out /home/pulp1/HLS_corrected/Compute_block2in/solution1/.autopilot/db/a.g.ld.3.fpc.bc -args /home/pulp1/HLS_corrected/Compute_block2in/solution1/.autopilot/db/a.g.ld.2.m1.bc -reflow-globaldce -hls-top-function-name=compute2in -reflow-float-conversion 
Execute         ap_eval exec -ignorestderr /tools/Xilinx/Vitis_HLS/2022.2/lnx64/tools/clang-3.9-csynth/bin/opt -pass-remarks-missed=reflow|pasta|unroll -pass-remarks=reflow|pasta|unroll|inline -pass-remarks-output=/home/pulp1/HLS_corrected/Compute_block2in/solution1/.autopilot/db/a.g.ld.3.fpc.bc.opt.diag.yml /home/pulp1/HLS_corrected/Compute_block2in/solution1/.autopilot/db/a.g.ld.2.m1.bc -reflow-globaldce -hls-top-function-name=compute2in -reflow-float-conversion -o /home/pulp1/HLS_corrected/Compute_block2in/solution1/.autopilot/db/a.g.ld.3.fpc.bc > /home/pulp1/HLS_corrected/Compute_block2in/solution1/.autopilot/db/a.g.ld.3.fpc.bc.opt.out.log 2> /home/pulp1/HLS_corrected/Compute_block2in/solution1/.autopilot/db/a.g.ld.3.fpc.bc.opt.err.log 
Command         ap_eval done; 0.95 sec.
INFO-FLOW: 
Command       run_link_or_opt done; 0.95 sec.
Execute       run_link_or_opt -out /home/pulp1/HLS_corrected/Compute_block2in/solution1/.autopilot/db/a.g.ld.4.m2.bc -args /home/pulp1/HLS_corrected/Compute_block2in/solution1/.autopilot/db/a.g.ld.3.fpc.bc -only-needed /tools/Xilinx/Vitis_HLS/2022.2/lnx64/lib/libfloatconversion_39.bc 
Execute         ap_eval exec -ignorestderr /tools/Xilinx/Vitis_HLS/2022.2/lnx64/tools/clang-3.9-csynth/bin/llvm-link /home/pulp1/HLS_corrected/Compute_block2in/solution1/.autopilot/db/a.g.ld.3.fpc.bc -only-needed /tools/Xilinx/Vitis_HLS/2022.2/lnx64/lib/libfloatconversion_39.bc -o /home/pulp1/HLS_corrected/Compute_block2in/solution1/.autopilot/db/a.g.ld.4.m2.bc > /home/pulp1/HLS_corrected/Compute_block2in/solution1/.autopilot/db/a.g.ld.4.m2.bc.llvm-link.out.log 2> /home/pulp1/HLS_corrected/Compute_block2in/solution1/.autopilot/db/a.g.ld.4.m2.bc.llvm-link.err.log 
INFO-FLOW: 
Execute       run_link_or_opt -opt -out /home/pulp1/HLS_corrected/Compute_block2in/solution1/.autopilot/db/a.g.ld.5.gdce.bc -args /home/pulp1/HLS_corrected/Compute_block2in/solution1/.autopilot/db/a.g.ld.4.m2.bc -reflow-globaldce -hls-top-function-name=compute2in 
Execute         ap_eval exec -ignorestderr /tools/Xilinx/Vitis_HLS/2022.2/lnx64/tools/clang-3.9-csynth/bin/opt -pass-remarks-missed=reflow|pasta|unroll -pass-remarks=reflow|pasta|unroll|inline -pass-remarks-output=/home/pulp1/HLS_corrected/Compute_block2in/solution1/.autopilot/db/a.g.ld.5.gdce.bc.opt.diag.yml /home/pulp1/HLS_corrected/Compute_block2in/solution1/.autopilot/db/a.g.ld.4.m2.bc -reflow-globaldce -hls-top-function-name=compute2in -o /home/pulp1/HLS_corrected/Compute_block2in/solution1/.autopilot/db/a.g.ld.5.gdce.bc > /home/pulp1/HLS_corrected/Compute_block2in/solution1/.autopilot/db/a.g.ld.5.gdce.bc.opt.out.log 2> /home/pulp1/HLS_corrected/Compute_block2in/solution1/.autopilot/db/a.g.ld.5.gdce.bc.opt.err.log 
INFO-FLOW: 
Execute       send_msg_by_id INFO @200-777@%s Vivado 
INFO: [HLS 200-777] Using interface defaults for 'Vivado' flow target.
Execute       is_m_axi_addr64 
INFO-FLOW: Doing LTO.
Execute       ap_eval exec -ignorestderr /tools/Xilinx/Vitis_HLS/2022.2/lnx64/tools/clang-3.9-csynth/bin/clang -foptimization-record-file=/home/pulp1/HLS_corrected/Compute_block2in/solution1/.autopilot/db/a.g.ld.0.bc.clang.diag.yml -mllvm -pass-remarks-missed=reflow|pasta|unroll -mllvm -pass-remarks=reflow|pasta|unroll|inline -fhls -mllvm -hls-top-function-name=compute2in -mllvm -hls-db-dir -mllvm /home/pulp1/HLS_corrected/Compute_block2in/solution1/.autopilot/db -emit-llvm -c -target fpga64-xilinx-none -mllvm -xcl-xmlinfo=/home/pulp1/HLS_corrected/Compute_block2in/solution1/.autopilot/db/kernel.internal.xml -mllvm -top-io-mapping-info=/home/pulp1/HLS_corrected/Compute_block2in/solution1/.autopilot/db/top-io-fe.xml -mllvm -hls-bitcode-version=3.1 -mllvm -reflow-enable-slave-interface-default-setting=true -mllvm -gen-kernel-xml=false -mllvm -default-maxi-offset=slave -mllvm -maxi-latency=0 -mllvm -hls-maxi-data-size-in-bits=8 -mllvm -hls-maxi-max-data-size-in-bits=1024 -mllvm -hls-max-widen-size-in-bits=0 -mllvm -xcl-kernel-max-mem-ports=0 -mllvm -maxi-read-trans=16 -mllvm -maxi-write-trans=16 -mllvm -maxi-read-burst-len=16 -mllvm -maxi-write-burst-len=16 -mllvm -reflow-enable-saxi-64bits=0 -mllvm -reflow-basic-block-instr-threshold=200000 -mllvm -reflow-auto-pipeline-threshold=64 -mllvm -reflow-enable-maxi-auto-id-channel=0 -mllvm -assume-maxi-align=1 -mllvm -reflow-pipeline-style-llvm-setting=2 -mllvm -reflow-enable-dataflow-strict-mode-checking=1 -mllvm -reflow-auto-array-partition-mode=default -mllvm -reflow-enable-auto-array-partition=true -mllvm -reflow-enable-auto-parallel-performance-driven=true -mllvm -reflow-enable-partition-for-automation=true -mllvm -reflow-aggregate-bitwidth-threshold=4096 -mllvm -reflow-assume-no-address-wrap=true -mllvm -hls -mllvm -disable-inlined-alloca-merging=true -mllvm -default-clock-period=10 -x ir /home/pulp1/HLS_corrected/Compute_block2in/solution1/.autopilot/db/a.g.ld.5.gdce.bc -o /home/pulp1/HLS_corrected/Compute_block2in/solution1/.autopilot/db/a.g.lto.bc -hls-platform-db-name=/tools/Xilinx/Vitis_HLS/2022.2/common/technology/xilinx/common/platform.db -hls-platform-name=zynquplus_medium -device-resource-info=BRAM_624.000000_DSP_1728.000000_FF_460800.000000_LUT_230400.000000_SLICE_28800.000000_URAM_96.000000 -device-name-info=xczu7ev-ffvc1156-2-e > /home/pulp1/HLS_corrected/Compute_block2in/solution1/.autopilot/db/a.g.ld.0.bc.clang.out.log 2> /home/pulp1/HLS_corrected/Compute_block2in/solution1/.autopilot/db/a.g.ld.0.bc.clang.err.log 
Command       ap_eval done; 0.41 sec.
INFO: [HLS 214-248] Applying array_partition to '_ZZ10compute2inP6ap_intILi32EES1_S1_bE4REG1': Complete partitioning on dimension 1. (Compute_block2in/Compute2in.cpp:52:0)
INFO: [HLS 214-248] Applying array_partition to 'REG': Complete partitioning on dimension 1. Complete partitioning on dimension 2. (Compute_block2in/Compute2in.cpp:50:13)
INFO-FLOW: DBG:PUTS: copy_raw_kernel_xml ap_link_39: kernel.xml not generated: /home/pulp1/HLS_corrected/Compute_block2in/solution1/.autopilot/db/kernel.internal.xml
INFO: [HLS 200-111] Finished Compiling Optimization and Transform: CPU user time: 3.69 seconds. CPU system time: 0.54 seconds. Elapsed time: 4.33 seconds; current allocated memory: 749.785 MB.
INFO: [HLS 200-111] Finished Checking Pragmas: CPU user time: 0 seconds. CPU system time: 0 seconds. Elapsed time: 0 seconds; current allocated memory: 749.785 MB.
Execute       opt_and_import_c a -opt_level=2 -skip_syncheck=0 -ng=0 -keep_printf=0 
Execute         cleanup_all_models 
INFO: [HLS 200-10] Starting code transformations ...
INFO-FLOW: Running Standard Transforms...
Execute         transform -hls -share-std-xform -demangle-name -inline-byval-memcpy -always-inline -promote-dbg-pointer -interface-preproc -mem2reg -scalarrepl -mem2reg -keep-read-access -instcombine -dce -promote-dbg-pointer -bitop-raise -loop-simplify -indvarspre -indvars -loop-simplify -xunroll -constprop -instcombine -simplifycfg -indvars -simplifycfg -dce -globaldce -basicaa -simplifycfg -mem2reg -globalopt -global-constprop -deadargelim -instcombine -simplifycfg -scalarrepl -instcombine -reassociate -licm -simplifycfg -loop-simplify -indvars -instcombine -simplifycfg -mem2reg -loop-simplify -indvars -instcombine -gvn -gvn -instcombine -adce -break-crit-edges -simplifycfg -loop-delete -global-array-opt -dce -dse -adce -find-syn-modules -top compute2in -deadargelim -mem2reg -instcombine -dce -presyn-prepare -auto-rom-infer -interface-preproc -syn-check -check-rec-only -find-region -simplifycfg -func-extr -function-inline -globaldce -mem2reg -instcombine -dce -gvn -globaldce -adce -adse -constprop -instcombine -bit-constprop -instcombine -dce -simplifycfg -bitop-raise -simplifycfg -dce -loop-delete -reassociate -globalopt -global-privatize -mem2reg -dce -global-constprop -pointer-simplify -constprop -dce -auto-shift-reg-idiom -promote-dbg-pointer -norm-name /home/pulp1/HLS_corrected/Compute_block2in/solution1/.autopilot/db/a.g.0.bc -o /home/pulp1/HLS_corrected/Compute_block2in/solution1/.autopilot/db/a.g.1.bc -f -phase std-opt 
INFO: [HLS 200-111] Finished Standard Transforms: CPU user time: 0.05 seconds. CPU system time: 0.01 seconds. Elapsed time: 0.06 seconds; current allocated memory: 755.117 MB.
INFO: [HLS 200-10] Checking synthesizability ...
INFO-FLOW: Checking Synthesizability 1/2..
Execute         transform -hls -syn-check -check-rec-only -scalarrepl -norm-name -dce -mem2reg -instcombine -directive-preproc -mem2reg -dse -dce -auto-rom-infer -dce -pag -array-normalize -instcombine -dce -array-seg-normalize -instcombine -dce -data-pack -instcombine -dce -inst-simplify -array-flatten -instcombine -dce -array-burst -dce -deadargelim -promote-global-argument -simplifycfg -mem2reg -globaldce -dce -deadargelim -dce -instcombine -function-inline -globaldce -dce -doublePtrSimplify -doublePtrElim -dce -doublePtrSimplify -promote-dbg-pointer -dce -scalarrepl -dse -adse -instcombine -ptrLegalization -simplifycfg -dce -instcombine -pointer-simplify -ptrArgReplace -dce -instcombine -resolve-double-ptr -scalarrepl -norm-name -dce -mem2reg -instcombine -ptrLegalization -simplifycfg -deadargelim -instcombine -dce -inst-simplify -directive-preproc -mem2reg -dse -dce -globaldce /home/pulp1/HLS_corrected/Compute_block2in/solution1/.autopilot/db/a.g.1.bc -o /home/pulp1/HLS_corrected/Compute_block2in/solution1/.autopilot/db/a.g.2.prechk.bc -f 
INFO-FLOW: Checking Synthesizability 2/2..
Execute         transform -syn-check /home/pulp1/HLS_corrected/Compute_block2in/solution1/.autopilot/db/a.g.2.prechk.bc -o /home/pulp1/HLS_corrected/Compute_block2in/solution1/.autopilot/db/a.g.2.bc -f -phase syn-check 
WARNING: [SYNCHK 200-24] /tools/Xilinx/Vitis_HLS/2022.2/common/technology/autopilot/ap_int_ref.h:628: Index for bit vector operation is out of bound.
INFO: [SYNCHK 200-10] 0 error(s), 1 warning(s).
INFO: [HLS 200-111] Finished Checking Synthesizability: CPU user time: 0.06 seconds. CPU system time: 0.01 seconds. Elapsed time: 0.07 seconds; current allocated memory: 760.902 MB.
INFO-FLOW: Compiler optimizing ...
INFO-FLOW: Share syncheck's 1.bc for syn flow: copy /home/pulp1/HLS_corrected/Compute_block2in/solution1/.autopilot/db/a.g.1.bc to /home/pulp1/HLS_corrected/Compute_block2in/solution1/.autopilot/db/a.o.1.bc
INFO-FLOW: Presyn 1...
Execute         transform -hls -tmp /home/pulp1/HLS_corrected/Compute_block2in/solution1/.autopilot/db -interface-port-rename -directive-preproc -mem2reg -dse -dce -scalarrepl -norm-name -deadargelim -mem2reg -instcombine -dce -simplifycfg -auto-rom-infer -dce -resource-proc -clib-intrinsic-prepare -dce -func-buffer -dce -pag -array-normalize -func-legal -instcombine -gvn -constprop -dce -simplifycfg -mem2reg -globaldce -resolve-double-ptr -dce -deadargelim -dce -instcombine -ptrArgReplace -mem2reg -dce -array-seg-normalize -deadargelim -instcombine -dce -directive-preproc -mem2reg -dse -dce -pointer-simplify -dce -port-alignment -dce -interface-preproc -data-pack -instcombine -dce -basicaa -aggr-aa -aggrmodref-aa -aggr-aa -gvn -gvn -basicaa -aggr-aa -aggrmodref-aa -aggr-aa -dse -adse -adce -loop-simplify -indvars -instcombine -gvn -loop-simplify -mem2reg -dce -find-region -instcombine -auto-loop-pipeline -inst-simplify -interface-preproc -cfgopt -instcombine -indvars -auto-loop-unroll -loop-simplify -loop-bound -xunroll -constprop -instcombine -simplifycfg -indvars -simplifycfg -dce -globaldce -clean-region -attach-range -gvn -inst-simplify -constprop -simplifycfg -dce -pointer-simplify -dce -globalopt -constprop -dce -array-promote -scalar-auto-dep-elim -constprop -dce -ptrArgReplace -mem2reg -simplifycfg -dce -instcombine -dce -array-transform-check -array-reshape -instcombine -simplifycfg -dce -ptrArgReplace -deadargelim -mem2reg -instcombine -simplifycfg -dce -indvars -loop-simplify -loop-bound -xunroll -constprop -instcombine -simplifycfg -indvars -simplifycfg -dce -globaldce -basicaa -aggr-aa -aggrmodref-aa -aggr-aa -dse -duplicate-dataflow-processes -globaldce -instcombine -array-partition -prepare-dynamic-array-partition -instcombine -simplifycfg -dce -ptrArgReplace -global-constprop -deadargelim -mem2reg -func-legal -dce -global-constprop -deadargelim -mem2reg -simplifycfg -dce -merge-param -deadargelim -globalopt -constprop -dce -array-promote -scalar-auto-dep-elim -constprop -dce -ptrArgReplace -mem2reg -simplifycfg -dce -mem-intrinsic-preproc -dce -global-internalize -global-privatize -mem2reg -globaldce -promote-global-argument -ptrArgReplace -mem2reg -dce -globalopt -mergereturn -simplify-global-access -mem2reg -dce -pointer-simplify -dce -functionattrs -basicaa -aggr-aa -aggrmodref-aa -aggr-aa -gvn -gvn -basicaa -aggr-aa -aggrmodref-aa -aggr-aa -dse -adse -adce -dce -norm-name -basicaa -aggr-aa -aggrmodref-aa -aggr-aa -accesses-merge -function-inline -complex-op-raise -inst-simplify -globaldce -func-legal -dce -loop-bound -arraycheck -bitwidthmin2 -bitwidthmin2 -on-by-dataflow -loop-delete -instcombine -simplifycfg -globaldce -dce -gvn -deadargelim -dce -loop-simplify -clean-region -simplifycfg -propagate-stable-arguments -loop-stream -instcombine -simplifycfg -dce -globaldce -duplicate-dataflow-processes -stream-intrinsic-preproc -dce -check-ap-stream -loop-simplify -eliminate-keepreads -extract-dataflow-in-loop -loop-simplify -dce -gvn -deadargelim -dse -duplicate-dataflow-processes -check-dataflow-syntax -legalize-stream-variable -globaldce -legalize-global -extract-subproc -dce -dead-channel-elimination -canonicalize-gep -globaldce -dce -gvn -hls-dead-arg-elim -deadargelim -directive-preproc -canonicalize-dataflow -dce -globaldce -scalar-preprocessing -scalar-propagation2 -deadargelim -globaldce -mem2reg -check-dataflow-channels -function-stream -dce -globaldce -prop-fifo-spec -internal-stream-gen -canonicalize-gep -globaldce -dce -gvn -deadargelim -mergereturn -indvars -loop-simplify -instcombine -array-stream -array-seg-normalize -array-partition -func-legal -instcombine -simplifycfg -dce -bundle-memfifo-ops -deadargelim -directive-preproc -mem2reg -dse -dce -group-axi-access -licm -simplifycfg -dce -loop-delete -hls-display -norm-name /home/pulp1/HLS_corrected/Compute_block2in/solution1/.autopilot/db/a.o.1.bc -o /home/pulp1/HLS_corrected/Compute_block2in/solution1/.autopilot/db/a.o.1.tmp.bc -f 
INFO: [XFORM 203-510] Pipelining loop 'VITIS_LOOP_87_3' (Compute_block2in/Compute2in.cpp:87) in function 'compute2in' automatically.
INFO: [XFORM 203-510] Pipelining loop 'VITIS_LOOP_66_2' (Compute_block2in/Compute2in.cpp:50) in function 'compute2in' automatically.
INFO: [XFORM 203-502] Unrolling all sub-loops inside loop 'VITIS_LOOP_87_3' (Compute_block2in/Compute2in.cpp:87) in function 'compute2in' for pipelining.
INFO: [HLS 200-489] Unrolling loop 'VITIS_LOOP_91_4' (Compute_block2in/Compute2in.cpp:89) in function 'compute2in' completely with a factor of 4.
Command         transform done; 0.12 sec.
INFO-FLOW: Presyn 2...
Execute         transform -hls -keep-callgraph -scalarrepl -mem2reg -port-alignment -attach-range -dce -pipe-mux-gen -indvars -loop-bound -inst-simplify -instcombine -dce -merge-array-access -mem2reg -dce -clean-region -mergereturn -if-conv -instcombine -dce -constprop -basicaa -aggr-aa -aggrmodref-aa -aggr-aa -gvn -gvn -basicaa -aggr-aa -aggrmodref-aa -aggr-aa -dse -adse -adce -scalarrepl -mem2reg -global-constprop -deadargelim -deadargelim -instcombine -dce -simplifycfg -ptrArgReplace -mem2reg -function-inline -globaldce -mem2reg -instcombine -dce -expr-balance -instcombine -dce -bitwidthmin2 -bitwidthmin2 -interface-preproc -directive-preproc -inst-rectify -instcombine -dce -functionattrs -constprop -instcombine -bit-constprop -simplify-global-access -globalopt -globaldce -inst-simplify -instcombine -elimdeaddata -dce -loop-delete -simplifycfg -loop-simplify -barrier -norm-name /home/pulp1/HLS_corrected/Compute_block2in/solution1/.autopilot/db/a.o.1.tmp.bc -o /home/pulp1/HLS_corrected/Compute_block2in/solution1/.autopilot/db/a.o.2.bc -f -phase presyn 
INFO: [XFORM 203-11] Balancing expressions in function 'compute2in' (Compute_block2in/Compute2in.cpp:36:35)...3 expression(s) balanced.
INFO: [HLS 200-111] Finished Loop, function and other optimizations: CPU user time: 0.18 seconds. CPU system time: 0.02 seconds. Elapsed time: 0.2 seconds; current allocated memory: 790.617 MB.
INFO-FLOW: Building ssdm...
Execute         transform -hls -auto-function-inline -globaldce -ptrArgReplace -mem2reg -dce -reset-lda -loop-simplify -indvars -aggr-aa -licm -loop-dep -loop-bound -licm -loop-simplify -loop-sink-hoist -flattenloopnest -array-flatten -gvn -instcombine -dce -array-map -dce -func-legal -gvn -adce -instcombine -cfgopt -simplifycfg -loop-simplify -array-burst -promote-global-argument -dce -array-seg-normalize -basicaa -aggrmodref-aa -globalsmodref-aa -aggr-aa -gvn -gvn -basicaa -aggrmodref-aa -globalsmodref-aa -aggr-aa -dse -adse -adce -licm -inst-simplify -dce -globaldce -instcombine -array-stream -eliminate-keepreads -instcombine -dce -deadargelim -doublePtrSimplify -doublePtrElim -dce -doublePtrSimplify -promote-dbg-pointer -dce -scalarrepl -mem2reg -norm-name -mem2reg -instcombine -dse -adse -adce -ptrLegalization -dce -auto-rom-infer -array-flatten -dce -instcombine -check-doubleptr -loop-rot -constprop -cfgopt -simplifycfg -loop-simplify -indvars -pointer-simplify -dce -loop-bound -loop-simplify -loop-preproc -constprop -global-constprop -gvn -mem2reg -instcombine -dce -loop-bound -loop-merge -dce -deadargelim -dce -canonicalize-dataflow -dce -deadargelim -globaldce -mem2reg -bram-byte-enable -load-elim -read-loop-dep -loop-simplify -loop-extract-inner -directive-preproc -bitwidthmin2 -bitwidthmin2 -read-loop-dep -interface-preproc -directive-preproc -interface-gen -bram-byte-enable-spec-prop -deadargelim -inst-simplify -dce -gvn -mem2reg -instcombine -dce -adse -loop-bound -instcombine -cfgopt -simplifycfg -loop-simplify -clean-region -io-protocol -find-region -mem2reg -bitop-raise -complex-op-raise -inst-simplify -inst-rectify -instcombine -adce -deadargelim -float-op-raise -loop-simplify -phi-opt -bitop-raise -cfgopt -simplifycfg -strip-dead-prototypes -interface-lower -bitop-lower -intrinsic-lower -auto-function-inline -basicaa -aggrmodref-aa -globalsmodref-aa -aggr-aa -inst-simplify -simplifycfg -loop-simplify -mergereturn -inst-simplify -inst-rectify -dce -load-elim -bitop-lower -float-op-raise -fma-raise -loop-rewind -pointer-simplify -dce -cfgopt -dce -loop-bound -loop-dep -read-loop-dep -dce -dyn-mem-reuse -dce -recurrence-min -dce -share-scalar-alloca -deadargelim -dce -check-stream -norm-name -legalize -validate-dataflow -inst-clarity -bitwidth -dump-loop-dep-to-ir -check-all-ssdm -cdfg-build /home/pulp1/HLS_corrected/Compute_block2in/solution1/.autopilot/db/a.o.2.bc -o /home/pulp1/HLS_corrected/Compute_block2in/solution1/.autopilot/db/a.o.3.bc -f -phase build-ssdm 
WARNING: [HLS 200-960] Cannot flatten loop 'VITIS_LOOP_63_1' (Compute_block2in/Compute2in.cpp:50:13) in function 'compute2in' more than one sub loop.
Command         transform done; 0.14 sec.
INFO: [HLS 200-111] Finished Architecture Synthesis: CPU user time: 0.14 seconds. CPU system time: 0 seconds. Elapsed time: 0.14 seconds; current allocated memory: 803.914 MB.
INFO-FLOW: Finish building internal data model.
Command       opt_and_import_c done; 0.47 sec.
Command     elaborate done; 10.53 sec.
Execute     ap_eval exec zip -j /home/pulp1/HLS_corrected/Compute_block2in/solution1/.autopilot/db/dut.hcp $dbDir/a.o.3.bc $dbDir/${topname}.rtl_wrap.cfg.tcl $dbDir/apatb_${topname}.cpp $dbDir/apatb_${topname}_util.cpp $dbDir/apatb_${topname}_ir.ll $dbDir/mapper_${topname}.cpp $dbDir/top-io-fe.xml $dbDir/kernel.internal.xml $workdir/../hls.app 
Execute     autosyn -from_csynth_design=1 
INFO: [HLS 200-10] Starting hardware synthesis ...
INFO-FLOW: Synthesizing C/C++ design ...
INFO: [HLS 200-10] Synthesizing 'compute2in' ...
Execute       ap_set_top_model compute2in 
Execute       get_model_list compute2in -filter all-wo-channel -topdown 
Execute       preproc_iomode -model compute2in 
Execute       preproc_iomode -model compute2in_Pipeline_VITIS_LOOP_87_3 
Execute       preproc_iomode -model compute2in_Pipeline_VITIS_LOOP_66_2 
Execute       get_model_list compute2in -filter all-wo-channel 
INFO-FLOW: Model list for configure: compute2in_Pipeline_VITIS_LOOP_66_2 compute2in_Pipeline_VITIS_LOOP_87_3 compute2in
INFO-FLOW: Configuring Module : compute2in_Pipeline_VITIS_LOOP_66_2 ...
Execute       set_default_model compute2in_Pipeline_VITIS_LOOP_66_2 
Execute       apply_spec_resource_limit compute2in_Pipeline_VITIS_LOOP_66_2 
INFO-FLOW: Configuring Module : compute2in_Pipeline_VITIS_LOOP_87_3 ...
Execute       set_default_model compute2in_Pipeline_VITIS_LOOP_87_3 
Execute       apply_spec_resource_limit compute2in_Pipeline_VITIS_LOOP_87_3 
INFO-FLOW: Configuring Module : compute2in ...
Execute       set_default_model compute2in 
Execute       apply_spec_resource_limit compute2in 
INFO-FLOW: Model list for preprocess: compute2in_Pipeline_VITIS_LOOP_66_2 compute2in_Pipeline_VITIS_LOOP_87_3 compute2in
INFO-FLOW: Preprocessing Module: compute2in_Pipeline_VITIS_LOOP_66_2 ...
Execute       set_default_model compute2in_Pipeline_VITIS_LOOP_66_2 
Execute       cdfg_preprocess -model compute2in_Pipeline_VITIS_LOOP_66_2 
Execute       rtl_gen_preprocess compute2in_Pipeline_VITIS_LOOP_66_2 
INFO-FLOW: Preprocessing Module: compute2in_Pipeline_VITIS_LOOP_87_3 ...
Execute       set_default_model compute2in_Pipeline_VITIS_LOOP_87_3 
Execute       cdfg_preprocess -model compute2in_Pipeline_VITIS_LOOP_87_3 
Execute       rtl_gen_preprocess compute2in_Pipeline_VITIS_LOOP_87_3 
INFO-FLOW: Preprocessing Module: compute2in ...
Execute       set_default_model compute2in 
Execute       cdfg_preprocess -model compute2in 
Execute       rtl_gen_preprocess compute2in 
INFO-FLOW: Model list for synthesis: compute2in_Pipeline_VITIS_LOOP_66_2 compute2in_Pipeline_VITIS_LOOP_87_3 compute2in
INFO: [HLS 200-10] ----------------------------------------------------------------
INFO: [HLS 200-42] -- Implementing module 'compute2in_Pipeline_VITIS_LOOP_66_2' 
INFO: [HLS 200-10] ----------------------------------------------------------------
Execute       set_default_model compute2in_Pipeline_VITIS_LOOP_66_2 
Execute       schedule -model compute2in_Pipeline_VITIS_LOOP_66_2 
INFO: [SCHED 204-11] Starting scheduling ...
INFO: [HLS 200-486] Changing DSP latency (root=ret_V_3) to 3 in order to utilize available DSP registers.
INFO: [SCHED 204-61] Pipelining loop 'VITIS_LOOP_66_2'.
INFO: [HLS 200-1470] Pipelining result : Target II = NA, Final II = 1, Depth = 5, loop 'VITIS_LOOP_66_2'
INFO: [SCHED 204-11] Finished scheduling.
Command       schedule done; 0.17 sec.
INFO: [HLS 200-111] Finished Scheduling: CPU user time: 0.2 seconds. CPU system time: 0.04 seconds. Elapsed time: 0.25 seconds; current allocated memory: 807.715 MB.
Execute       syn_report -verbosereport -o /home/pulp1/HLS_corrected/Compute_block2in/solution1/.autopilot/db/compute2in_Pipeline_VITIS_LOOP_66_2.verbose.sched.rpt 
Execute         AP::get_flow_target_display_name
Execute       db_write -o /home/pulp1/HLS_corrected/Compute_block2in/solution1/.autopilot/db/compute2in_Pipeline_VITIS_LOOP_66_2.sched.adb -f 
INFO-FLOW: Finish scheduling compute2in_Pipeline_VITIS_LOOP_66_2.
Execute       set_default_model compute2in_Pipeline_VITIS_LOOP_66_2 
Execute       bind -model compute2in_Pipeline_VITIS_LOOP_66_2 
INFO: [BIND 205-100] Starting micro-architecture generation ...
INFO: [BIND 205-101] Performing variable lifetime analysis.
INFO: [BIND 205-101] Exploring resource sharing.
INFO: [BIND 205-101] Binding ...
INFO: [BIND 205-100] Finished micro-architecture generation.
INFO: [HLS 200-111] Finished Binding: CPU user time: 0.1 seconds. CPU system time: 0 seconds. Elapsed time: 0.1 seconds; current allocated memory: 807.715 MB.
Execute       syn_report -verbosereport -o /home/pulp1/HLS_corrected/Compute_block2in/solution1/.autopilot/db/compute2in_Pipeline_VITIS_LOOP_66_2.verbose.bind.rpt 
Execute         AP::get_flow_target_display_name
Command       syn_report done; 0.12 sec.
Execute       db_write -o /home/pulp1/HLS_corrected/Compute_block2in/solution1/.autopilot/db/compute2in_Pipeline_VITIS_LOOP_66_2.bind.adb -f 
INFO-FLOW: Finish binding compute2in_Pipeline_VITIS_LOOP_66_2.
INFO: [HLS 200-10] ----------------------------------------------------------------
INFO: [HLS 200-42] -- Implementing module 'compute2in_Pipeline_VITIS_LOOP_87_3' 
INFO: [HLS 200-10] ----------------------------------------------------------------
Execute       set_default_model compute2in_Pipeline_VITIS_LOOP_87_3 
Execute       schedule -model compute2in_Pipeline_VITIS_LOOP_87_3 
INFO: [SCHED 204-11] Starting scheduling ...
INFO: [HLS 200-486] Changing DSP latency (root=mul_ln1494_1) to 3 in order to utilize available DSP registers.
INFO: [HLS 200-486] Changing DSP latency (root=mul_ln1494_5) to 3 in order to utilize available DSP registers.
INFO: [HLS 200-486] Changing DSP latency (root=mul_ln1494_7) to 3 in order to utilize available DSP registers.
INFO: [HLS 200-486] Changing DSP latency (root=mul_ln1494_6) to 3 in order to utilize available DSP registers.
INFO: [HLS 200-486] Changing DSP latency (root=mul_ln1494_4) to 3 in order to utilize available DSP registers.
INFO: [HLS 200-486] Changing DSP latency (root=mul_ln1494_3) to 3 in order to utilize available DSP registers.
INFO: [HLS 200-486] Changing DSP latency (root=mul_ln1494_2) to 3 in order to utilize available DSP registers.
INFO: [HLS 200-486] Changing DSP latency (root=mul_ln1494) to 3 in order to utilize available DSP registers.
INFO: [SCHED 204-61] Pipelining loop 'VITIS_LOOP_87_3'.
WARNING: [HLS 200-880] The II Violation in module 'compute2in_Pipeline_VITIS_LOOP_87_3' (loop 'VITIS_LOOP_87_3'): Unable to enforce a carried dependence constraint (II = 1, distance = 1, offset = 1) between 'store' operation ('buffer_2_addr_1_write_ln97', Compute_block2in/Compute2in.cpp:97) of variable 'add_ln97', Compute_block2in/Compute2in.cpp:97 on array 'buffer_2' and 'store' operation ('buffer_2_addr_write_ln96', Compute_block2in/Compute2in.cpp:96) of variable 'add_ln96', Compute_block2in/Compute2in.cpp:96 on array 'buffer_2'.
INFO: [HLS 200-1470] Pipelining result : Target II = NA, Final II = 2, Depth = 7, loop 'VITIS_LOOP_87_3'
INFO: [SCHED 204-11] Finished scheduling.
Command       schedule done; 0.12 sec.
INFO: [HLS 200-111] Finished Scheduling: CPU user time: 0.24 seconds. CPU system time: 0.01 seconds. Elapsed time: 0.25 seconds; current allocated memory: 809.898 MB.
Execute       syn_report -verbosereport -o /home/pulp1/HLS_corrected/Compute_block2in/solution1/.autopilot/db/compute2in_Pipeline_VITIS_LOOP_87_3.verbose.sched.rpt 
Execute         AP::get_flow_target_display_name
Execute       db_write -o /home/pulp1/HLS_corrected/Compute_block2in/solution1/.autopilot/db/compute2in_Pipeline_VITIS_LOOP_87_3.sched.adb -f 
INFO-FLOW: Finish scheduling compute2in_Pipeline_VITIS_LOOP_87_3.
Execute       set_default_model compute2in_Pipeline_VITIS_LOOP_87_3 
Execute       bind -model compute2in_Pipeline_VITIS_LOOP_87_3 
INFO: [BIND 205-100] Starting micro-architecture generation ...
INFO: [BIND 205-101] Performing variable lifetime analysis.
INFO: [BIND 205-101] Exploring resource sharing.
INFO: [BIND 205-101] Binding ...
INFO: [BIND 205-100] Finished micro-architecture generation.
INFO: [HLS 200-111] Finished Binding: CPU user time: 0.07 seconds. CPU system time: 0 seconds. Elapsed time: 0.07 seconds; current allocated memory: 809.898 MB.
Execute       syn_report -verbosereport -o /home/pulp1/HLS_corrected/Compute_block2in/solution1/.autopilot/db/compute2in_Pipeline_VITIS_LOOP_87_3.verbose.bind.rpt 
Execute         AP::get_flow_target_display_name
Execute       db_write -o /home/pulp1/HLS_corrected/Compute_block2in/solution1/.autopilot/db/compute2in_Pipeline_VITIS_LOOP_87_3.bind.adb -f 
INFO-FLOW: Finish binding compute2in_Pipeline_VITIS_LOOP_87_3.
INFO: [HLS 200-10] ----------------------------------------------------------------
INFO: [HLS 200-42] -- Implementing module 'compute2in' 
INFO: [HLS 200-10] ----------------------------------------------------------------
Execute       set_default_model compute2in 
Execute       schedule -model compute2in 
INFO: [SCHED 204-11] Starting scheduling ...
INFO: [SCHED 204-11] Finished scheduling.
INFO: [HLS 200-111] Finished Scheduling: CPU user time: 0.16 seconds. CPU system time: 0.01 seconds. Elapsed time: 0.16 seconds; current allocated memory: 811.246 MB.
Execute       syn_report -verbosereport -o /home/pulp1/HLS_corrected/Compute_block2in/solution1/.autopilot/db/compute2in.verbose.sched.rpt 
Execute         AP::get_flow_target_display_name
Execute       db_write -o /home/pulp1/HLS_corrected/Compute_block2in/solution1/.autopilot/db/compute2in.sched.adb -f 
INFO-FLOW: Finish scheduling compute2in.
Execute       set_default_model compute2in 
Execute       bind -model compute2in 
INFO: [BIND 205-100] Starting micro-architecture generation ...
INFO: [BIND 205-101] Performing variable lifetime analysis.
INFO: [BIND 205-101] Exploring resource sharing.
INFO: [BIND 205-101] Binding ...
INFO: [BIND 205-100] Finished micro-architecture generation.
INFO: [HLS 200-111] Finished Binding: CPU user time: 0.09 seconds. CPU system time: 0 seconds. Elapsed time: 0.1 seconds; current allocated memory: 811.246 MB.
Execute       syn_report -verbosereport -o /home/pulp1/HLS_corrected/Compute_block2in/solution1/.autopilot/db/compute2in.verbose.bind.rpt 
Execute         AP::get_flow_target_display_name
Command       syn_report done; 0.14 sec.
Execute       db_write -o /home/pulp1/HLS_corrected/Compute_block2in/solution1/.autopilot/db/compute2in.bind.adb -f 
INFO-FLOW: Finish binding compute2in.
Execute       get_model_list compute2in -filter all-wo-channel 
INFO-FLOW: Preprocessing for RTLGen ...
Execute       rtl_gen_preprocess compute2in_Pipeline_VITIS_LOOP_66_2 
Execute       rtl_gen_preprocess compute2in_Pipeline_VITIS_LOOP_87_3 
Execute       rtl_gen_preprocess compute2in 
INFO-FLOW: Model list for RTL generation: compute2in_Pipeline_VITIS_LOOP_66_2 compute2in_Pipeline_VITIS_LOOP_87_3 compute2in
INFO: [HLS 200-10] ----------------------------------------------------------------
INFO: [HLS 200-10] -- Generating RTL for module 'compute2in_Pipeline_VITIS_LOOP_66_2' 
INFO: [HLS 200-10] ----------------------------------------------------------------
Execute       create_rtl_model compute2in_Pipeline_VITIS_LOOP_66_2 -top_prefix compute2in_ -sub_prefix compute2in_ -mg_file /home/pulp1/HLS_corrected/Compute_block2in/solution1/.autopilot/db/compute2in_Pipeline_VITIS_LOOP_66_2.compgen.tcl 
INFO: [HLS 200-1030] Apply Unified Pipeline Control on module 'compute2in_Pipeline_VITIS_LOOP_66_2' pipeline 'VITIS_LOOP_66_2' pipeline type 'loop pipeline'
INFO: [RTGEN 206-100] Generating core module 'mac_muladd_1ns_16ns_17ns_33_4_1': 1 instance(s).
INFO: [RTGEN 206-100] Generating core module 'mul_1ns_16ns_32_1_1': 1 instance(s).
INFO: [RTGEN 206-100] Finished creating RTL model for 'compute2in_Pipeline_VITIS_LOOP_66_2'.
INFO: [HLS 200-111] Finished Creating RTL model: CPU user time: 0.21 seconds. CPU system time: 0 seconds. Elapsed time: 0.21 seconds; current allocated memory: 811.523 MB.
Execute       source /home/pulp1/HLS_corrected/Compute_block2in/solution1/.autopilot/db/compute2in.rtl_wrap.cfg.tcl 
Execute       gen_rtl compute2in_Pipeline_VITIS_LOOP_66_2 -style xilinx -f -lang vhdl -o /home/pulp1/HLS_corrected/Compute_block2in/solution1/syn/vhdl/compute2in_compute2in_Pipeline_VITIS_LOOP_66_2 
Execute       gen_rtl compute2in_Pipeline_VITIS_LOOP_66_2 -style xilinx -f -lang vlog -o /home/pulp1/HLS_corrected/Compute_block2in/solution1/syn/verilog/compute2in_compute2in_Pipeline_VITIS_LOOP_66_2 
Execute       syn_report -csynth -model compute2in_Pipeline_VITIS_LOOP_66_2 -o /home/pulp1/HLS_corrected/Compute_block2in/solution1/syn/report/compute2in_Pipeline_VITIS_LOOP_66_2_csynth.rpt 
Execute         AP::get_flow_target_display_name
Execute       syn_report -rtlxml -model compute2in_Pipeline_VITIS_LOOP_66_2 -o /home/pulp1/HLS_corrected/Compute_block2in/solution1/syn/report/compute2in_Pipeline_VITIS_LOOP_66_2_csynth.xml 
Execute       syn_report -verbosereport -model compute2in_Pipeline_VITIS_LOOP_66_2 -o /home/pulp1/HLS_corrected/Compute_block2in/solution1/.autopilot/db/compute2in_Pipeline_VITIS_LOOP_66_2.verbose.rpt 
Execute         AP::get_flow_target_display_name
Command       syn_report done; 0.15 sec.
Execute       db_write -model compute2in_Pipeline_VITIS_LOOP_66_2 -f -o /home/pulp1/HLS_corrected/Compute_block2in/solution1/.autopilot/db/compute2in_Pipeline_VITIS_LOOP_66_2.adb 
Execute       db_write -model compute2in_Pipeline_VITIS_LOOP_66_2 -bindview -o /home/pulp1/HLS_corrected/Compute_block2in/solution1/.autopilot/db/design.bindinfo.xml 
Execute       gen_tb_info compute2in_Pipeline_VITIS_LOOP_66_2 -p /home/pulp1/HLS_corrected/Compute_block2in/solution1/.autopilot/db -o /home/pulp1/HLS_corrected/Compute_block2in/solution1/.autopilot/db/compute2in_Pipeline_VITIS_LOOP_66_2 
INFO: [HLS 200-10] ----------------------------------------------------------------
INFO: [HLS 200-10] -- Generating RTL for module 'compute2in_Pipeline_VITIS_LOOP_87_3' 
INFO: [HLS 200-10] ----------------------------------------------------------------
Execute       create_rtl_model compute2in_Pipeline_VITIS_LOOP_87_3 -top_prefix compute2in_ -sub_prefix compute2in_ -mg_file /home/pulp1/HLS_corrected/Compute_block2in/solution1/.autopilot/db/compute2in_Pipeline_VITIS_LOOP_87_3.compgen.tcl 
WARNING: [RTGEN 206-101] Register 'compute2in_ap_int_32_ap_int_32_ap_int_32_bool_REG1_1' is power-on initialization.
WARNING: [RTGEN 206-101] Register 'compute2in_ap_int_32_ap_int_32_ap_int_32_bool_REG1_2' is power-on initialization.
WARNING: [RTGEN 206-101] Register 'compute2in_ap_int_32_ap_int_32_ap_int_32_bool_REG1_3' is power-on initialization.
WARNING: [RTGEN 206-101] Register 'compute2in_ap_int_32_ap_int_32_ap_int_32_bool_REG1_4' is power-on initialization.
WARNING: [RTGEN 206-101] Register 'compute2in_ap_int_32_ap_int_32_ap_int_32_bool_REG1_6' is power-on initialization.
WARNING: [RTGEN 206-101] Register 'compute2in_ap_int_32_ap_int_32_ap_int_32_bool_REG1_7' is power-on initialization.
WARNING: [RTGEN 206-101] Register 'compute2in_ap_int_32_ap_int_32_ap_int_32_bool_REG1_8' is power-on initialization.
WARNING: [RTGEN 206-101] Register 'compute2in_ap_int_32_ap_int_32_ap_int_32_bool_REG1_9' is power-on initialization.
WARNING: [RTGEN 206-101] Register 'p_ZZ10compute2inP6ap_intILi32EES1_S1_bE4REG1_11' is power-on initialization.
WARNING: [RTGEN 206-101] Register 'p_ZZ10compute2inP6ap_intILi32EES1_S1_bE4REG1_12' is power-on initialization.
WARNING: [RTGEN 206-101] Register 'p_ZZ10compute2inP6ap_intILi32EES1_S1_bE4REG1_13' is power-on initialization.
WARNING: [RTGEN 206-101] Register 'p_ZZ10compute2inP6ap_intILi32EES1_S1_bE4REG1_14' is power-on initialization.
INFO: [HLS 200-1030] Apply Unified Pipeline Control on module 'compute2in_Pipeline_VITIS_LOOP_87_3' pipeline 'VITIS_LOOP_87_3' pipeline type 'loop pipeline'
INFO: [RTGEN 206-100] Generating core module 'mac_muladd_16ns_16ns_32ns_32_4_1': 4 instance(s).
INFO: [RTGEN 206-100] Generating core module 'mul_mul_16ns_16ns_32_4_1': 4 instance(s).
INFO: [RTGEN 206-100] Generating core module 'mux_124_32_1_1': 1 instance(s).
INFO: [RTGEN 206-100] Generating core module 'mux_154_32_1_1': 1 instance(s).
INFO: [RTGEN 206-100] Generating core module 'mux_32_16_1_1': 8 instance(s).
INFO: [RTGEN 206-100] Generating core module 'mux_42_16_1_1': 8 instance(s).
INFO: [RTGEN 206-100] Finished creating RTL model for 'compute2in_Pipeline_VITIS_LOOP_87_3'.
INFO: [HLS 200-111] Finished Creating RTL model: CPU user time: 0.41 seconds. CPU system time: 0.02 seconds. Elapsed time: 0.44 seconds; current allocated memory: 817.715 MB.
Execute       source /home/pulp1/HLS_corrected/Compute_block2in/solution1/.autopilot/db/compute2in.rtl_wrap.cfg.tcl 
Execute       gen_rtl compute2in_Pipeline_VITIS_LOOP_87_3 -style xilinx -f -lang vhdl -o /home/pulp1/HLS_corrected/Compute_block2in/solution1/syn/vhdl/compute2in_compute2in_Pipeline_VITIS_LOOP_87_3 
Execute       gen_rtl compute2in_Pipeline_VITIS_LOOP_87_3 -style xilinx -f -lang vlog -o /home/pulp1/HLS_corrected/Compute_block2in/solution1/syn/verilog/compute2in_compute2in_Pipeline_VITIS_LOOP_87_3 
Execute       syn_report -csynth -model compute2in_Pipeline_VITIS_LOOP_87_3 -o /home/pulp1/HLS_corrected/Compute_block2in/solution1/syn/report/compute2in_Pipeline_VITIS_LOOP_87_3_csynth.rpt 
Execute         AP::get_flow_target_display_name
Execute       syn_report -rtlxml -model compute2in_Pipeline_VITIS_LOOP_87_3 -o /home/pulp1/HLS_corrected/Compute_block2in/solution1/syn/report/compute2in_Pipeline_VITIS_LOOP_87_3_csynth.xml 
Execute       syn_report -verbosereport -model compute2in_Pipeline_VITIS_LOOP_87_3 -o /home/pulp1/HLS_corrected/Compute_block2in/solution1/.autopilot/db/compute2in_Pipeline_VITIS_LOOP_87_3.verbose.rpt 
Execute         AP::get_flow_target_display_name
Execute       db_write -model compute2in_Pipeline_VITIS_LOOP_87_3 -f -o /home/pulp1/HLS_corrected/Compute_block2in/solution1/.autopilot/db/compute2in_Pipeline_VITIS_LOOP_87_3.adb 
Execute       db_write -model compute2in_Pipeline_VITIS_LOOP_87_3 -bindview -o /home/pulp1/HLS_corrected/Compute_block2in/solution1/.autopilot/db/design.bindinfo.xml 
Execute       gen_tb_info compute2in_Pipeline_VITIS_LOOP_87_3 -p /home/pulp1/HLS_corrected/Compute_block2in/solution1/.autopilot/db -o /home/pulp1/HLS_corrected/Compute_block2in/solution1/.autopilot/db/compute2in_Pipeline_VITIS_LOOP_87_3 
INFO: [HLS 200-10] ----------------------------------------------------------------
INFO: [HLS 200-10] -- Generating RTL for module 'compute2in' 
INFO: [HLS 200-10] ----------------------------------------------------------------
Execute       create_rtl_model compute2in -top_prefix  -sub_prefix compute2in_ -mg_file /home/pulp1/HLS_corrected/Compute_block2in/solution1/.autopilot/db/compute2in.compgen.tcl 
INFO: [RTGEN 206-500] Setting interface mode on port 'compute2in/buffer_a' to 'ap_memory'.
INFO: [RTGEN 206-500] Setting interface mode on port 'compute2in/buffer_b' to 'ap_memory'.
INFO: [RTGEN 206-500] Setting interface mode on port 'compute2in/buffer_2' to 'ap_memory'.
INFO: [RTGEN 206-500] Setting interface mode on port 'compute2in/phase' to 'ap_none'.
INFO: [RTGEN 206-500] Setting interface mode on function 'compute2in' to 'ap_ctrl_hs'.
WARNING: [RTGEN 206-101] Register 'compute2in_ap_int_32_ap_int_32_ap_int_32_bool_REG1' is power-on initialization.
WARNING: [RTGEN 206-101] Register 'compute2in_ap_int_32_ap_int_32_ap_int_32_bool_REG1_5' is power-on initialization.
WARNING: [RTGEN 206-101] Register 'p_ZZ10compute2inP6ap_intILi32EES1_S1_bE4REG1_10' is power-on initialization.
WARNING: [RTGEN 206-101] Register 'p_ZZ10compute2inP6ap_intILi32EES1_S1_bE4REG1_15' is power-on initialization.
WARNING: [RTGEN 206-101] Port 'compute2in/buffer_b_address0' has no fanin or fanout and is left dangling.
               Please use C simulation to confirm this function argument can be read from or written to.
WARNING: [RTGEN 206-101] Setting dangling out port 'compute2in/buffer_b_address0' to 0.
WARNING: [RTGEN 206-101] Port 'compute2in/buffer_b_ce0' has no fanin or fanout and is left dangling.
               Please use C simulation to confirm this function argument can be read from or written to.
WARNING: [RTGEN 206-101] Setting dangling out port 'compute2in/buffer_b_ce0' to 0.
WARNING: [RTGEN 206-101] Port 'compute2in/buffer_b_we0' has no fanin or fanout and is left dangling.
               Please use C simulation to confirm this function argument can be read from or written to.
WARNING: [RTGEN 206-101] Setting dangling out port 'compute2in/buffer_b_we0' to 0.
WARNING: [RTGEN 206-101] Port 'compute2in/buffer_b_d0' has no fanin or fanout and is left dangling.
               Please use C simulation to confirm this function argument can be read from or written to.
WARNING: [RTGEN 206-101] Setting dangling out port 'compute2in/buffer_b_d0' to 0.
WARNING: [RTGEN 206-101] Port 'compute2in/buffer_b_q0' has no fanin or fanout and is left dangling.
               Please use C simulation to confirm this function argument can be read from or written to.
WARNING: [RTGEN 206-101] Port 'compute2in/buffer_b_address1' has no fanin or fanout and is left dangling.
               Please use C simulation to confirm this function argument can be read from or written to.
WARNING: [RTGEN 206-101] Setting dangling out port 'compute2in/buffer_b_address1' to 0.
WARNING: [RTGEN 206-101] Port 'compute2in/buffer_b_ce1' has no fanin or fanout and is left dangling.
               Please use C simulation to confirm this function argument can be read from or written to.
WARNING: [RTGEN 206-101] Setting dangling out port 'compute2in/buffer_b_ce1' to 0.
WARNING: [RTGEN 206-101] Port 'compute2in/buffer_b_we1' has no fanin or fanout and is left dangling.
               Please use C simulation to confirm this function argument can be read from or written to.
WARNING: [RTGEN 206-101] Setting dangling out port 'compute2in/buffer_b_we1' to 0.
WARNING: [RTGEN 206-101] Port 'compute2in/buffer_b_d1' has no fanin or fanout and is left dangling.
               Please use C simulation to confirm this function argument can be read from or written to.
WARNING: [RTGEN 206-101] Setting dangling out port 'compute2in/buffer_b_d1' to 0.
WARNING: [RTGEN 206-101] Port 'compute2in/buffer_b_q1' has no fanin or fanout and is left dangling.
               Please use C simulation to confirm this function argument can be read from or written to.
INFO: [RTGEN 206-100] Generating core module 'mux_42_32_1_1': 1 instance(s).
INFO: [RTGEN 206-100] Finished creating RTL model for 'compute2in'.
INFO: [HLS 200-111] Finished Creating RTL model: CPU user time: 0.25 seconds. CPU system time: 0.02 seconds. Elapsed time: 0.27 seconds; current allocated memory: 822.629 MB.
Execute       source /home/pulp1/HLS_corrected/Compute_block2in/solution1/.autopilot/db/compute2in.rtl_wrap.cfg.tcl 
Execute       gen_rtl compute2in -istop -style xilinx -f -lang vhdl -o /home/pulp1/HLS_corrected/Compute_block2in/solution1/syn/vhdl/compute2in 
Execute       gen_rtl compute2in -istop -style xilinx -f -lang vlog -o /home/pulp1/HLS_corrected/Compute_block2in/solution1/syn/verilog/compute2in 
Execute       syn_report -csynth -model compute2in -o /home/pulp1/HLS_corrected/Compute_block2in/solution1/syn/report/compute2in_csynth.rpt 
Execute         AP::get_flow_target_display_name
Execute       syn_report -rtlxml -model compute2in -o /home/pulp1/HLS_corrected/Compute_block2in/solution1/syn/report/compute2in_csynth.xml 
Execute       syn_report -verbosereport -model compute2in -o /home/pulp1/HLS_corrected/Compute_block2in/solution1/.autopilot/db/compute2in.verbose.rpt 
Execute         AP::get_flow_target_display_name
Command       syn_report done; 0.15 sec.
Execute       db_write -model compute2in -f -o /home/pulp1/HLS_corrected/Compute_block2in/solution1/.autopilot/db/compute2in.adb 
Execute       db_write -model compute2in -bindview -o /home/pulp1/HLS_corrected/Compute_block2in/solution1/.autopilot/db/design.bindinfo.xml 
Execute       gen_tb_info compute2in -p /home/pulp1/HLS_corrected/Compute_block2in/solution1/.autopilot/db -o /home/pulp1/HLS_corrected/Compute_block2in/solution1/.autopilot/db/compute2in 
Execute       export_constraint_db -f -tool general -o /home/pulp1/HLS_corrected/Compute_block2in/solution1/.autopilot/db/compute2in.constraint.tcl 
Execute       syn_report -designview -model compute2in -o /home/pulp1/HLS_corrected/Compute_block2in/solution1/.autopilot/db/compute2in.design.xml 
Command       syn_report done; 0.12 sec.
Execute       syn_report -csynthDesign -model compute2in -o /home/pulp1/HLS_corrected/Compute_block2in/solution1/syn/report/csynth.rpt 
Execute         AP::get_flow_target_display_name
Execute       syn_report -wcfg -model compute2in -o /home/pulp1/HLS_corrected/Compute_block2in/solution1/.autopilot/db/compute2in_dataflow_ana.wcfg 
Execute       syn_report -protoinst -model compute2in -o /home/pulp1/HLS_corrected/Compute_block2in/solution1/.autopilot/db/compute2in.protoinst 
Execute       sc_get_clocks compute2in 
Execute       sc_get_portdomain compute2in 
INFO-FLOW: Model list for RTL component generation: compute2in_Pipeline_VITIS_LOOP_66_2 compute2in_Pipeline_VITIS_LOOP_87_3 compute2in
INFO-FLOW: Handling components in module [compute2in_Pipeline_VITIS_LOOP_66_2] ... 
Execute       source /home/pulp1/HLS_corrected/Compute_block2in/solution1/.autopilot/db/compute2in_Pipeline_VITIS_LOOP_66_2.compgen.tcl 
INFO-FLOW: Found component compute2in_mul_1ns_16ns_32_1_1.
INFO-FLOW: Append model compute2in_mul_1ns_16ns_32_1_1
INFO-FLOW: Found component compute2in_mac_muladd_1ns_16ns_17ns_33_4_1.
INFO-FLOW: Append model compute2in_mac_muladd_1ns_16ns_17ns_33_4_1
INFO-FLOW: Found component compute2in_flow_control_loop_pipe_sequential_init.
INFO-FLOW: Append model compute2in_flow_control_loop_pipe_sequential_init
INFO-FLOW: Handling components in module [compute2in_Pipeline_VITIS_LOOP_87_3] ... 
Execute       source /home/pulp1/HLS_corrected/Compute_block2in/solution1/.autopilot/db/compute2in_Pipeline_VITIS_LOOP_87_3.compgen.tcl 
INFO-FLOW: Found component compute2in_mux_42_16_1_1.
INFO-FLOW: Append model compute2in_mux_42_16_1_1
INFO-FLOW: Found component compute2in_mux_32_16_1_1.
INFO-FLOW: Append model compute2in_mux_32_16_1_1
INFO-FLOW: Found component compute2in_mux_154_32_1_1.
INFO-FLOW: Append model compute2in_mux_154_32_1_1
INFO-FLOW: Found component compute2in_mux_124_32_1_1.
INFO-FLOW: Append model compute2in_mux_124_32_1_1
INFO-FLOW: Found component compute2in_mul_mul_16ns_16ns_32_4_1.
INFO-FLOW: Append model compute2in_mul_mul_16ns_16ns_32_4_1
INFO-FLOW: Found component compute2in_mac_muladd_16ns_16ns_32ns_32_4_1.
INFO-FLOW: Append model compute2in_mac_muladd_16ns_16ns_32ns_32_4_1
INFO-FLOW: Found component compute2in_flow_control_loop_pipe_sequential_init.
INFO-FLOW: Append model compute2in_flow_control_loop_pipe_sequential_init
INFO-FLOW: Handling components in module [compute2in] ... 
Execute       source /home/pulp1/HLS_corrected/Compute_block2in/solution1/.autopilot/db/compute2in.compgen.tcl 
INFO-FLOW: Found component compute2in_mux_42_32_1_1.
INFO-FLOW: Append model compute2in_mux_42_32_1_1
INFO-FLOW: Append model compute2in_Pipeline_VITIS_LOOP_66_2
INFO-FLOW: Append model compute2in_Pipeline_VITIS_LOOP_87_3
INFO-FLOW: Append model compute2in
INFO-FLOW: Generating RTL model list ...
INFO-FLOW: All models in this session: compute2in_mul_1ns_16ns_32_1_1 compute2in_mac_muladd_1ns_16ns_17ns_33_4_1 compute2in_flow_control_loop_pipe_sequential_init compute2in_mux_42_16_1_1 compute2in_mux_32_16_1_1 compute2in_mux_154_32_1_1 compute2in_mux_124_32_1_1 compute2in_mul_mul_16ns_16ns_32_4_1 compute2in_mac_muladd_16ns_16ns_32ns_32_4_1 compute2in_flow_control_loop_pipe_sequential_init compute2in_mux_42_32_1_1 compute2in_Pipeline_VITIS_LOOP_66_2 compute2in_Pipeline_VITIS_LOOP_87_3 compute2in
INFO-FLOW: Generating /home/pulp1/HLS_corrected/Compute_block2in/solution1/.autopilot/db/autopilot.rtl.models.txt file...
INFO-FLOW: To file: write model compute2in_mul_1ns_16ns_32_1_1
INFO-FLOW: To file: write model compute2in_mac_muladd_1ns_16ns_17ns_33_4_1
INFO-FLOW: To file: write model compute2in_flow_control_loop_pipe_sequential_init
INFO-FLOW: To file: write model compute2in_mux_42_16_1_1
INFO-FLOW: To file: write model compute2in_mux_32_16_1_1
INFO-FLOW: To file: write model compute2in_mux_154_32_1_1
INFO-FLOW: To file: write model compute2in_mux_124_32_1_1
INFO-FLOW: To file: write model compute2in_mul_mul_16ns_16ns_32_4_1
INFO-FLOW: To file: write model compute2in_mac_muladd_16ns_16ns_32ns_32_4_1
INFO-FLOW: To file: write model compute2in_flow_control_loop_pipe_sequential_init
INFO-FLOW: To file: write model compute2in_mux_42_32_1_1
INFO-FLOW: To file: write model compute2in_Pipeline_VITIS_LOOP_66_2
INFO-FLOW: To file: write model compute2in_Pipeline_VITIS_LOOP_87_3
INFO-FLOW: To file: write model compute2in
INFO-FLOW: Generating /home/pulp1/HLS_corrected/Compute_block2in/solution1/.autopilot/db/autopilot.rtl.models.tcl file...
INFO-FLOW: Finished generating RTL model list.


INFO-FLOW: RTL Generation done.
INFO-FLOW: CAS Generation done.
INFO-FLOW: CBC Generation done.
INFO-FLOW: DBG:PROC: ::AESL_AUTOMG::auto_generate_csynth_design
INFO-FLOW: DBG:PUTS: read_platform_lib /home/pulp1/HLS_corrected/Compute_block2in/solution1/.autopilot/db/global.setting.tcl
Execute       source /tools/Xilinx/Vitis_HLS/2022.2/common/technology/generic/autopilot/common.gen 
Execute         source /tools/Xilinx/Vitis_HLS/2022.2/common/technology/generic/autopilot/APCoreGen.gen 
Execute       source /tools/Xilinx/Vitis_HLS/2022.2/common/technology/generic/autopilot/op.gen 
Execute       source /tools/Xilinx/Vitis_HLS/2022.2/common/technology/generic/autopilot/op_simcore.gen 
Execute       source /tools/Xilinx/Vitis_HLS/2022.2/common/technology/generic/autopilot/interface.gen 
Execute       source /home/pulp1/HLS_corrected/Compute_block2in/solution1/.autopilot/db/global.setting.tcl 
Execute       source /tools/Xilinx/Vitis_HLS/2022.2/common/technology/xilinx/common/xilinx.gen 
Execute         source /tools/Xilinx/Vitis_HLS/2022.2/common/technology/xilinx/interface/plb46.gen 
Execute         source /tools/Xilinx/Vitis_HLS/2022.2/common/technology/xilinx/interface/axi4.gen 
Execute         source /tools/Xilinx/Vitis_HLS/2022.2/common/technology/xilinx/interface/nativeAXI4.gen 
Execute           source /tools/Xilinx/Vitis_HLS/2022.2/common/technology/xilinx/interface/saxilite.gen 
Execute         source /tools/Xilinx/Vitis_HLS/2022.2/common/technology/xilinx/scripts/xilinxcoregen.gen 
Execute         source /tools/Xilinx/Vitis_HLS/2022.2/common/technology/xilinx/interface/XilEDKCoreGen.gen 
Execute         source /tools/Xilinx/Vitis_HLS/2022.2/common/technology/xilinx/ip/dds_compiler.gen 
Execute         source /tools/Xilinx/Vitis_HLS/2022.2/common/technology/xilinx/ip/util.gen 
Execute         source /tools/Xilinx/Vitis_HLS/2022.2/common/technology/xilinx/ip/xfft.gen 
Execute         source /tools/Xilinx/Vitis_HLS/2022.2/common/technology/xilinx/ip/xfir.gen 
Execute         source /tools/Xilinx/Vitis_HLS/2022.2/common/technology/xilinx/DSP48/dsp48.gen 
INFO-FLOW: DBG:PUTS:   using AESL_AUTOCG::g_clock_period=10.000 (was NA)
INFO-FLOW: DBG:PROC: ::AESL_AUTOMG::generate_ip_cores gen_sim_model='1' gen_fp_models='0' gen_for_export='0' dstSCDir='' dstVhdlDir='/home/pulp1/HLS_corrected/Compute_block2in/solution1/.autopilot/db/vhdl' dstVlogDir='/home/pulp1/HLS_corrected/Compute_block2in/solution1/.autopilot/db/vlog' tclDir='/home/pulp1/HLS_corrected/Compute_block2in/solution1/.autopilot/db' modelList='compute2in_mul_1ns_16ns_32_1_1
compute2in_mac_muladd_1ns_16ns_17ns_33_4_1
compute2in_flow_control_loop_pipe_sequential_init
compute2in_mux_42_16_1_1
compute2in_mux_32_16_1_1
compute2in_mux_154_32_1_1
compute2in_mux_124_32_1_1
compute2in_mul_mul_16ns_16ns_32_4_1
compute2in_mac_muladd_16ns_16ns_32ns_32_4_1
compute2in_flow_control_loop_pipe_sequential_init
compute2in_mux_42_32_1_1
compute2in_Pipeline_VITIS_LOOP_66_2
compute2in_Pipeline_VITIS_LOOP_87_3
compute2in
' expOnly='0'
Execute       source /home/pulp1/HLS_corrected/Compute_block2in/solution1/.autopilot/db/global.setting.tcl 
Execute       ap_part_info -name xczu7ev-ffvc1156-2-e -data names -quiet 
Execute       ap_part_info -name xczu7ev-ffvc1156-2-e -data info -quiet 
Execute       source /home/pulp1/HLS_corrected/Compute_block2in/solution1/.autopilot/db/global.setting.tcl 
Execute       source /home/pulp1/HLS_corrected/Compute_block2in/solution1/.autopilot/db/global.setting.tcl 
Execute       source /home/pulp1/HLS_corrected/Compute_block2in/solution1/.autopilot/db/compute2in_Pipeline_VITIS_LOOP_66_2.compgen.tcl 
Execute         ap_part_info -name xczu7ev-ffvc1156-2-e -data names -quiet 
Execute         ap_part_info -name xczu7ev-ffvc1156-2-e -data info -quiet 
Execute         ap_part_info -name xczu7ev-ffvc1156-2-e -data info 
Execute       source /home/pulp1/HLS_corrected/Compute_block2in/solution1/.autopilot/db/compute2in_Pipeline_VITIS_LOOP_87_3.compgen.tcl 
Execute         ap_part_info -name xczu7ev-ffvc1156-2-e -data names -quiet 
Execute         ap_part_info -name xczu7ev-ffvc1156-2-e -data info -quiet 
Execute         ap_part_info -name xczu7ev-ffvc1156-2-e -data names -quiet 
Execute         ap_part_info -name xczu7ev-ffvc1156-2-e -data info -quiet 
Execute         ap_part_info -name xczu7ev-ffvc1156-2-e -data names -quiet 
Execute         ap_part_info -name xczu7ev-ffvc1156-2-e -data info -quiet 
Execute         ap_part_info -name xczu7ev-ffvc1156-2-e -data names -quiet 
Execute         ap_part_info -name xczu7ev-ffvc1156-2-e -data info -quiet 
Execute         ap_part_info -name xczu7ev-ffvc1156-2-e -data names -quiet 
Execute         ap_part_info -name xczu7ev-ffvc1156-2-e -data info -quiet 
Execute         ap_part_info -name xczu7ev-ffvc1156-2-e -data names -quiet 
Execute         ap_part_info -name xczu7ev-ffvc1156-2-e -data info -quiet 
Execute         ap_part_info -name xczu7ev-ffvc1156-2-e -data info 
Command       ap_source done; 0.12 sec.
Execute       source /home/pulp1/HLS_corrected/Compute_block2in/solution1/.autopilot/db/compute2in.compgen.tcl 
Execute         ap_part_info -name xczu7ev-ffvc1156-2-e -data names -quiet 
Execute         ap_part_info -name xczu7ev-ffvc1156-2-e -data info -quiet 
INFO: [HLS 200-111] Finished Generating all RTL models: CPU user time: 0.65 seconds. CPU system time: 0.04 seconds. Elapsed time: 0.69 seconds; current allocated memory: 828.430 MB.
INFO-FLOW: DBG:PROC: ::HLSREPORTS::create_csynth_xml bind_info_var='bind_info' RtlSubPrefix='compute2in_' outfile=''
INFO-FLOW: Running: create_csynth_xml read xml data
INFO-FLOW: Done: create_csynth_xml read xml data time: 0 seconds per iteration
INFO-FLOW: Running: create_csynth_xml bind info
INFO-FLOW: Done: create_csynth_xml bind info time: 0 seconds per iteration
INFO-FLOW: Running: create_csynth_xml config info
INFO-FLOW: Done: create_csynth_xml config info time: 0 seconds per iteration
INFO-FLOW: Running: create_csynth_xml write xml
INFO-FLOW: Done: create_csynth_xml write xml time: 0 seconds per iteration
INFO-FLOW: DBG:PUTS:      create_csynth_xml wrote csynth_xml=/home/pulp1/HLS_corrected/Compute_block2in/solution1/syn/report/csynth.xml
INFO-FLOW: DBG:PROC: ::AP::DESIGN_DATA::generate_json generate_bd_files='0' generate_xo_files='0' modelList='compute2in_mul_1ns_16ns_32_1_1
compute2in_mac_muladd_1ns_16ns_17ns_33_4_1
compute2in_flow_control_loop_pipe_sequential_init
compute2in_mux_42_16_1_1
compute2in_mux_32_16_1_1
compute2in_mux_154_32_1_1
compute2in_mux_124_32_1_1
compute2in_mul_mul_16ns_16ns_32_4_1
compute2in_mac_muladd_16ns_16ns_32ns_32_4_1
compute2in_flow_control_loop_pipe_sequential_init
compute2in_mux_42_32_1_1
compute2in_Pipeline_VITIS_LOOP_66_2
compute2in_Pipeline_VITIS_LOOP_87_3
compute2in
' rtl_lang='both' bootstrap_tcl='false' outdir='' outfilename=''
Execute       source /home/pulp1/HLS_corrected/Compute_block2in/solution1/.autopilot/db/global.setting.tcl 
Execute       source /home/pulp1/HLS_corrected/Compute_block2in/solution1/.autopilot/db/global.setting.tcl 
Execute       source /home/pulp1/HLS_corrected/Compute_block2in/solution1/.autopilot/db/top-io-be.tcl 
Execute       source /home/pulp1/HLS_corrected/Compute_block2in/solution1/.autopilot/db/compute2in.tbgen.tcl 
Execute       source /home/pulp1/HLS_corrected/Compute_block2in/solution1/.autopilot/db/compute2in.rtl_wrap.cfg.tcl 
Execute       source /home/pulp1/HLS_corrected/Compute_block2in/solution1/.autopilot/db/compute2in.compgen.dataonly.tcl 
Execute       source /home/pulp1/HLS_corrected/Compute_block2in/solution1/.autopilot/db/compute2in_Pipeline_VITIS_LOOP_66_2.tbgen.tcl 
Execute       source /home/pulp1/HLS_corrected/Compute_block2in/solution1/.autopilot/db/compute2in_Pipeline_VITIS_LOOP_87_3.tbgen.tcl 
Execute       source /home/pulp1/HLS_corrected/Compute_block2in/solution1/.autopilot/db/compute2in.tbgen.tcl 
Execute       source /home/pulp1/HLS_corrected/Compute_block2in/solution1/.autopilot/db/global.setting.tcl 
Execute       ap_part_info -name xczu7ev-ffvc1156-2-e -data names -quiet 
Execute       ap_part_info -name xczu7ev-ffvc1156-2-e -data info -quiet 
Execute       source /home/pulp1/HLS_corrected/Compute_block2in/solution1/.autopilot/db/compute2in.constraint.tcl 
Execute       sc_get_clocks compute2in 
Execute       source /home/pulp1/HLS_corrected/Compute_block2in/solution1/.autopilot/db/global.setting.tcl 
INFO-FLOW: DBG:PROC: ::HLSREPORTS::add_csynth_report_sections bind_info_dict='adapter_nodes {} report_dict {TOPINST compute2in MODULE2INSTS {compute2in compute2in compute2in_Pipeline_VITIS_LOOP_66_2 grp_compute2in_Pipeline_VITIS_LOOP_66_2_fu_389 compute2in_Pipeline_VITIS_LOOP_87_3 grp_compute2in_Pipeline_VITIS_LOOP_87_3_fu_461} INST2MODULE {compute2in compute2in grp_compute2in_Pipeline_VITIS_LOOP_66_2_fu_389 compute2in_Pipeline_VITIS_LOOP_66_2 grp_compute2in_Pipeline_VITIS_LOOP_87_3_fu_461 compute2in_Pipeline_VITIS_LOOP_87_3} INSTDATA {compute2in {DEPTH 1 CHILDREN {grp_compute2in_Pipeline_VITIS_LOOP_66_2_fu_389 grp_compute2in_Pipeline_VITIS_LOOP_87_3_fu_461}} grp_compute2in_Pipeline_VITIS_LOOP_66_2_fu_389 {DEPTH 2 CHILDREN {}} grp_compute2in_Pipeline_VITIS_LOOP_87_3_fu_461 {DEPTH 2 CHILDREN {}}} MODULEDATA {compute2in_Pipeline_VITIS_LOOP_66_2 {BINDINFO {{BINDTYPE op ID {} IMPL fabric LATENCY 0 OPTYPE add PRAGMA {} RTLNAME add_ln66_fu_943_p2 SOURCE Compute_block2in/Compute2in.cpp:66 VARIABLE add_ln66 LOOP VITIS_LOOP_66_2 BUNDLEDNAME {} DSP 0 BRAM 0 URAM 0 DISPNAME {bind_op add}} {BINDTYPE op ID {} IMPL dsp48 LATENCY 3 OPTYPE mul PRAGMA {} RTLNAME mac_muladd_1ns_16ns_17ns_33_4_1_U2 SOURCE /tools/Xilinx/Vitis_HLS/2022.2/common/technology/autopilot/ap_int_base.h:1494 VARIABLE ret_V_3 LOOP VITIS_LOOP_66_2 BUNDLEDNAME {} DSP 1 BRAM 0 URAM 0 DISPNAME {bind_op mul}} {BINDTYPE op ID {} IMPL auto LATENCY 0 OPTYPE mul PRAGMA {} RTLNAME mul_1ns_16ns_32_1_1_U1 SOURCE /tools/Xilinx/Vitis_HLS/2022.2/common/technology/autopilot/ap_int_base.h:1494 VARIABLE ret_V_4 LOOP VITIS_LOOP_66_2 BUNDLEDNAME {} DSP 0 BRAM 0 URAM 0 DISPNAME {bind_op mul}} {BINDTYPE op ID {} IMPL dsp48 LATENCY 3 OPTYPE add PRAGMA {} RTLNAME mac_muladd_1ns_16ns_17ns_33_4_1_U2 SOURCE /tools/Xilinx/Vitis_HLS/2022.2/common/technology/autopilot/ap_int_base.h:1495 VARIABLE ret_V LOOP VITIS_LOOP_66_2 BUNDLEDNAME {} DSP 1 BRAM 0 URAM 0 DISPNAME {bind_op add}} {BINDTYPE op ID {} IMPL fabric LATENCY 0 OPTYPE add PRAGMA {} RTLNAME self_sum_V_3_fu_1509_p2 SOURCE /tools/Xilinx/Vitis_HLS/2022.2/common/technology/autopilot/ap_int_base.h:840 VARIABLE self_sum_V_3 LOOP VITIS_LOOP_66_2 BUNDLEDNAME {} DSP 0 BRAM 0 URAM 0 DISPNAME {bind_op add}}} AREA {DSP 1 BRAM 0 URAM 0}} compute2in_Pipeline_VITIS_LOOP_87_3 {BINDINFO {{BINDTYPE op ID {} IMPL fabric LATENCY 0 OPTYPE add PRAGMA {} RTLNAME add_ln87_fu_451_p2 SOURCE Compute_block2in/Compute2in.cpp:87 VARIABLE add_ln87 LOOP VITIS_LOOP_87_3 BUNDLEDNAME {} DSP 0 BRAM 0 URAM 0 DISPNAME {bind_op add}} {BINDTYPE op ID {} IMPL dsp48 LATENCY 3 OPTYPE mul PRAGMA {} RTLNAME mul_mul_16ns_16ns_32_4_1_U90 SOURCE /tools/Xilinx/Vitis_HLS/2022.2/common/technology/autopilot/ap_int_base.h:1494 VARIABLE mul_ln1494 LOOP VITIS_LOOP_87_3 BUNDLEDNAME {} DSP 1 BRAM 0 URAM 0 DISPNAME {bind_op mul}} {BINDTYPE op ID {} IMPL dsp48 LATENCY 3 OPTYPE mul PRAGMA {} RTLNAME mac_muladd_16ns_16ns_32ns_32_4_1_U97 SOURCE /tools/Xilinx/Vitis_HLS/2022.2/common/technology/autopilot/ap_int_base.h:1494 VARIABLE mul_ln1494_1 LOOP VITIS_LOOP_87_3 BUNDLEDNAME {} DSP 1 BRAM 0 URAM 0 DISPNAME {bind_op mul}} {BINDTYPE op ID {} IMPL dsp48 LATENCY 3 OPTYPE mul PRAGMA {} RTLNAME mul_mul_16ns_16ns_32_4_1_U91 SOURCE /tools/Xilinx/Vitis_HLS/2022.2/common/technology/autopilot/ap_int_base.h:1494 VARIABLE mul_ln1494_2 LOOP VITIS_LOOP_87_3 BUNDLEDNAME {} DSP 1 BRAM 0 URAM 0 DISPNAME {bind_op mul}} {BINDTYPE op ID {} IMPL dsp48 LATENCY 3 OPTYPE mul PRAGMA {} RTLNAME mul_mul_16ns_16ns_32_4_1_U92 SOURCE /tools/Xilinx/Vitis_HLS/2022.2/common/technology/autopilot/ap_int_base.h:1494 VARIABLE mul_ln1494_3 LOOP VITIS_LOOP_87_3 BUNDLEDNAME {} DSP 1 BRAM 0 URAM 0 DISPNAME {bind_op mul}} {BINDTYPE op ID {} IMPL dsp48 LATENCY 3 OPTYPE mul PRAGMA {} RTLNAME mac_muladd_16ns_16ns_32ns_32_4_1_U94 SOURCE /tools/Xilinx/Vitis_HLS/2022.2/common/technology/autopilot/ap_int_base.h:1494 VARIABLE mul_ln1494_4 LOOP VITIS_LOOP_87_3 BUNDLEDNAME {} DSP 1 BRAM 0 URAM 0 DISPNAME {bind_op mul}} {BINDTYPE op ID {} IMPL dsp48 LATENCY 3 OPTYPE mul PRAGMA {} RTLNAME mac_muladd_16ns_16ns_32ns_32_4_1_U95 SOURCE /tools/Xilinx/Vitis_HLS/2022.2/common/technology/autopilot/ap_int_base.h:1494 VARIABLE mul_ln1494_5 LOOP VITIS_LOOP_87_3 BUNDLEDNAME {} DSP 1 BRAM 0 URAM 0 DISPNAME {bind_op mul}} {BINDTYPE op ID {} IMPL dsp48 LATENCY 3 OPTYPE mul PRAGMA {} RTLNAME mac_muladd_16ns_16ns_32ns_32_4_1_U96 SOURCE /tools/Xilinx/Vitis_HLS/2022.2/common/technology/autopilot/ap_int_base.h:1494 VARIABLE mul_ln1494_6 LOOP VITIS_LOOP_87_3 BUNDLEDNAME {} DSP 1 BRAM 0 URAM 0 DISPNAME {bind_op mul}} {BINDTYPE op ID {} IMPL dsp48 LATENCY 3 OPTYPE add PRAGMA {} RTLNAME mac_muladd_16ns_16ns_32ns_32_4_1_U94 SOURCE Compute_block2in/Compute2in.cpp:96 VARIABLE add_ln96_1 LOOP VITIS_LOOP_87_3 BUNDLEDNAME {} DSP 1 BRAM 0 URAM 0 DISPNAME {bind_op add}} {BINDTYPE op ID {} IMPL dsp48 LATENCY 3 OPTYPE add PRAGMA {} RTLNAME mac_muladd_16ns_16ns_32ns_32_4_1_U96 SOURCE Compute_block2in/Compute2in.cpp:96 VARIABLE add_ln96_2 LOOP VITIS_LOOP_87_3 BUNDLEDNAME {} DSP 1 BRAM 0 URAM 0 DISPNAME {bind_op add}} {BINDTYPE op ID {} IMPL fabric LATENCY 0 OPTYPE add PRAGMA {} RTLNAME add_ln96_3_fu_697_p2 SOURCE Compute_block2in/Compute2in.cpp:96 VARIABLE add_ln96_3 LOOP VITIS_LOOP_87_3 BUNDLEDNAME {} DSP 0 BRAM 0 URAM 0 DISPNAME {bind_op add}} {BINDTYPE op ID {} IMPL dsp48 LATENCY 3 OPTYPE mul PRAGMA {} RTLNAME mul_mul_16ns_16ns_32_4_1_U93 SOURCE /tools/Xilinx/Vitis_HLS/2022.2/common/technology/autopilot/ap_int_base.h:1494 VARIABLE mul_ln1494_7 LOOP VITIS_LOOP_87_3 BUNDLEDNAME {} DSP 1 BRAM 0 URAM 0 DISPNAME {bind_op mul}} {BINDTYPE op ID {} IMPL dsp48 LATENCY 3 OPTYPE add PRAGMA {} RTLNAME mac_muladd_16ns_16ns_32ns_32_4_1_U95 SOURCE /tools/Xilinx/Vitis_HLS/2022.2/common/technology/autopilot/ap_int_base.h:840 VARIABLE add_ln840 LOOP VITIS_LOOP_87_3 BUNDLEDNAME {} DSP 1 BRAM 0 URAM 0 DISPNAME {bind_op add}} {BINDTYPE op ID {} IMPL dsp48 LATENCY 3 OPTYPE add PRAGMA {} RTLNAME mac_muladd_16ns_16ns_32ns_32_4_1_U97 SOURCE /tools/Xilinx/Vitis_HLS/2022.2/common/technology/autopilot/ap_int_base.h:840 VARIABLE add_ln840_1 LOOP VITIS_LOOP_87_3 BUNDLEDNAME {} DSP 1 BRAM 0 URAM 0 DISPNAME {bind_op add}} {BINDTYPE op ID {} IMPL fabric LATENCY 0 OPTYPE add PRAGMA {} RTLNAME add_ln100_fu_915_p2 SOURCE Compute_block2in/Compute2in.cpp:100 VARIABLE add_ln100 LOOP VITIS_LOOP_87_3 BUNDLEDNAME {} DSP 0 BRAM 0 URAM 0 DISPNAME {bind_op add}} {BINDTYPE op ID {} IMPL fabric LATENCY 0 OPTYPE add PRAGMA {} RTLNAME add_ln186_fu_925_p2 SOURCE /tools/Xilinx/Vitis_HLS/2022.2/common/technology/autopilot/ap_int_base.h:186 VARIABLE add_ln186 LOOP VITIS_LOOP_87_3 BUNDLEDNAME {} DSP 0 BRAM 0 URAM 0 DISPNAME {bind_op add}} {BINDTYPE op ID {} IMPL fabric LATENCY 0 OPTYPE add PRAGMA {} RTLNAME add_ln96_fu_902_p2 SOURCE Compute_block2in/Compute2in.cpp:96 VARIABLE add_ln96 LOOP VITIS_LOOP_87_3 BUNDLEDNAME {} DSP 0 BRAM 0 URAM 0 DISPNAME {bind_op add}}} AREA {DSP 8 BRAM 0 URAM 0}} compute2in {BINDINFO {{BINDTYPE op ID {} IMPL fabric LATENCY 0 OPTYPE add PRAGMA {} RTLNAME add_ln63_1_fu_569_p2 SOURCE Compute_block2in/Compute2in.cpp:63 VARIABLE add_ln63_1 LOOP VITIS_LOOP_63_1 BUNDLEDNAME {} DSP 0 BRAM 0 URAM 0 DISPNAME {bind_op add}} {BINDTYPE op ID {} IMPL fabric LATENCY 0 OPTYPE add PRAGMA {} RTLNAME add_ln83_fu_860_p2 SOURCE Compute_block2in/Compute2in.cpp:83 VARIABLE add_ln83 LOOP VITIS_LOOP_63_1 BUNDLEDNAME {} DSP 0 BRAM 0 URAM 0 DISPNAME {bind_op add}} {BINDTYPE op ID {} IMPL fabric LATENCY 0 OPTYPE add PRAGMA {} RTLNAME add_ln63_fu_878_p2 SOURCE Compute_block2in/Compute2in.cpp:63 VARIABLE add_ln63 LOOP VITIS_LOOP_63_1 BUNDLEDNAME {} DSP 0 BRAM 0 URAM 0 DISPNAME {bind_op add}}} AREA {DSP 9 BRAM 0 URAM 0}}}}'
INFO-FLOW: DBG:PUTS:      update_csynth_reports json2rpt_hw_sw_interfaces
INFO-FLOW: Running: gen_csynth_sec_pragma
INFO-FLOW: Done: gen_csynth_sec_pragma time: 0 seconds per iteration
INFO-FLOW: DBG:PUTS:      update_csynth_reports wrote xml
INFO-FLOW: DBG:PUTS:      update_csynth_reports appended to csynth rpt file
INFO: [HLS 200-111] Finished Updating report files: CPU user time: 0.36 seconds. CPU system time: 0.01 seconds. Elapsed time: 0.38 seconds; current allocated memory: 831.996 MB.
INFO: [VHDL 208-304] Generating VHDL RTL for compute2in.
INFO: [VLOG 209-307] Generating Verilog RTL for compute2in.
Execute       syn_report -model compute2in -printsummary 
INFO: [HLS 200-790] **** Loop Constraint Status: All loop constraints were NOT satisfied.
INFO: [HLS 200-789] **** Estimated Fmax: 327.12 MHz
Command     autosyn done; 2.88 sec.
Command   csynth_design done; 13.47 sec.
INFO: [HLS 200-111] Finished Command csynth_design CPU user time: 11.77 seconds. CPU system time: 1.54 seconds. Elapsed time: 13.47 seconds; current allocated memory: 85.309 MB.
Execute   csim_design 
INFO: [HLS 200-1510] Running: csim_design 
Execute     source /home/pulp1/HLS_corrected/Compute_block2in/solution1/.autopilot/db/global.setting.tcl 
INFO: [SIM 211-2] *************** CSIM start ***************
INFO: [SIM 211-4] CSIM will launch GCC as the compiler.
Execute     source csim/.lst_opt.tcl 
Execute     ap_part_info -name xczu7ev-ffvc1156-2-e -data info 
Execute     source run_sim.tcl 
INFO: [SIM 211-1] CSim done with 0 errors.
INFO: [SIM 211-3] *************** CSIM finish ***************
Command   csim_design done; 2.09 sec.
INFO: [HLS 200-111] Finished Command csim_design CPU user time: 1.6 seconds. CPU system time: 0.48 seconds. Elapsed time: 2.09 seconds; current allocated memory: 0.000 MB.
Execute   csynth_design 
INFO: [HLS 200-1510] Running: csynth_design 
Execute     elaborate -effort=medium -skip_syncheck=0 -keep_printf=0 -skip_cdt=0 -skip_transform=0 -ng=0 -g=0 -opt_fp=0 -from_csynth_design=1 
INFO: [HLS 200-111] Finished File checks and directory preparation: CPU user time: 0.01 seconds. CPU system time: 0 seconds. Elapsed time: 0.02 seconds; current allocated memory: 832.230 MB.
INFO: [HLS 200-10] Analyzing design file 'Compute_block2in/Compute2in.cpp' ... 
INFO-FLOW: Compiling one TU...
INFO-FLOW: Handling Compute_block2in/Compute2in.cpp as C++
Execute       ap_part_info -name xczu7ev-ffvc1156-2-e -data info 
INFO-FLOW: Running: GCC PP 39
INFO-FLOW: Source preprocessing
Execute       ap_eval exec -ignorestderr /tools/Xilinx/Vitis_HLS/2022.2/lnx64/tools/clang-3.9-csynth/bin/clang Compute_block2in/Compute2in.cpp -foptimization-record-file=/home/pulp1/HLS_corrected/Compute_block2in/solution1/.autopilot/db/Compute2in.cpp.clang.diag.yml -mllvm -pass-remarks-missed=reflow|pasta|unroll -mllvm -pass-remarks=reflow|pasta|unroll|inline -fno-limit-debug-info -gcc-toolchain /tools/Xilinx/Vitis_HLS/2022.2/tps/lnx64/gcc-8.3.0 -fhls -fno-exceptions -E -fno-math-errno -c -emit-llvm -mllvm -disable-llvm-optzns -Werror=implicit-function-declaration -Werror=implicit-hls-streams -Werror=return-type -Wpragmas -Wunused-parameter -Wdump-hls-pragmas -Wno-error=dump-hls-pragmas -fno-threadsafe-statics -fno-use-cxa-atexit -std=gnu++14 -target fpga64-xilinx-linux-gnu -fno-threadsafe-statics -fno-use-cxa-atexit -D__VITIS_HLS__ -DAESL_SYN -D__SYNTHESIS__ -D__HLS_SYN__ -I /tools/Xilinx/Vitis_HLS/2022.2/common/technology/autopilot -I /tools/Xilinx/Vitis_HLS/2022.2/common/technology/autopilot/ap_sysc -include etc/autopilot_ssdm_op.h -D__DSP48E2__ -I /usr/include/x86_64-linux-gnu -o /home/pulp1/HLS_corrected/Compute_block2in/solution1/.autopilot/db/Compute2in.pp.0.cpp -hls-platform-db-name=/tools/Xilinx/Vitis_HLS/2022.2/common/technology/xilinx/common/platform.db -hls-platform-name=zynquplus_medium -device-resource-info=BRAM_624.000000_DSP_1728.000000_FF_460800.000000_LUT_230400.000000_SLICE_28800.000000_URAM_96.000000 -device-name-info=xczu7ev-ffvc1156-2-e > /home/pulp1/HLS_corrected/Compute_block2in/solution1/.autopilot/db/Compute2in.cpp.clang.out.log 2> /home/pulp1/HLS_corrected/Compute_block2in/solution1/.autopilot/db/Compute2in.cpp.clang.err.log 
Command       ap_eval done; 0.22 sec.
INFO-FLOW: Done: GCC PP 39 time: 0.2 seconds per iteration
Execute       set_directive_top compute2in -name=compute2in 
INFO-FLOW: Source syntax check for synthesis
Execute       ap_eval exec -ignorestderr /tools/Xilinx/Vitis_HLS/2022.2/lnx64/tools/clang-3.9-csynth/bin/clang -foptimization-record-file=/home/pulp1/HLS_corrected/Compute_block2in/solution1/.autopilot/db/clang.diag.yml -mllvm -pass-remarks-missed=reflow|pasta|unroll -mllvm -pass-remarks=reflow|pasta|unroll|inline -fsyntax-only -fhls -target fpga64-xilinx-linux-gnu /home/pulp1/HLS_corrected/Compute_block2in/solution1/.autopilot/db/Compute2in.pp.0.cpp -hls-platform-db-name=/tools/Xilinx/Vitis_HLS/2022.2/common/technology/xilinx/common/platform.db -hls-platform-name=zynquplus_medium -device-resource-info=BRAM_624.000000_DSP_1728.000000_FF_460800.000000_LUT_230400.000000_SLICE_28800.000000_URAM_96.000000 -device-name-info=xczu7ev-ffvc1156-2-e > /home/pulp1/HLS_corrected/Compute_block2in/solution1/.autopilot/db/clang.out.log 2> /home/pulp1/HLS_corrected/Compute_block2in/solution1/.autopilot/db/clang.err.log 
Command       ap_eval done; 0.76 sec.
Execute       clang_tidy xilinx-systemc-detector -desc systemc-detector /home/pulp1/HLS_corrected/Compute_block2in/solution1/.autopilot/db/Compute2in.pp.0.cpp std=gnu++14 -target fpga  -directive=/home/pulp1/HLS_corrected/Compute_block2in/solution1/.autopilot/db/.systemc_flag 
INFO-FLOW: exec /tools/Xilinx/Vitis_HLS/2022.2/lnx64/tools/clang-3.9-csynth/bin/clang-tidy -header-filter=.* --checks=-*,xilinx-systemc-detector -import-directive=/home/pulp1/HLS_corrected/Compute_block2in/solution1/.autopilot/db/.systemc_flag -fix-errors /home/pulp1/HLS_corrected/Compute_block2in/solution1/.autopilot/db/Compute2in.pp.0.cpp -- -std=gnu++14 -target fpga -fhls -ferror-limit=0
Command       clang_tidy done; 0.6 sec.
INFO-FLOW: Running: clang-tidy CDT preprocess 39
Execute       clang_tidy xilinx-directive2pragma -desc directive2pragma /home/pulp1/HLS_corrected/Compute_block2in/solution1/.autopilot/db/Compute2in.pp.0.cpp std=gnu++14 -target fpga  -directive=/home/pulp1/HLS_corrected/Compute_block2in/solution1/.autopilot/db/all.directive.json 
INFO-FLOW: exec /tools/Xilinx/Vitis_HLS/2022.2/lnx64/tools/clang-3.9-csynth/bin/clang-tidy -header-filter=.* --checks=-*,xilinx-directive2pragma -import-directive=/home/pulp1/HLS_corrected/Compute_block2in/solution1/.autopilot/db/all.directive.json -fix-errors /home/pulp1/HLS_corrected/Compute_block2in/solution1/.autopilot/db/Compute2in.pp.0.cpp -- -std=gnu++14 -target fpga -fhls -ferror-limit=0
Command       clang_tidy done; 1.01 sec.
Execute       clang_tidy xilinx-remove-assert -desc remove-assert /home/pulp1/HLS_corrected/Compute_block2in/solution1/.autopilot/db/Compute2in.pp.0.cpp std=gnu++14 -target fpga  
INFO-FLOW: exec /tools/Xilinx/Vitis_HLS/2022.2/lnx64/tools/clang-3.9-csynth/bin/clang-tidy -header-filter=.* --checks=-*,xilinx-remove-assert -fix-errors /home/pulp1/HLS_corrected/Compute_block2in/solution1/.autopilot/db/Compute2in.pp.0.cpp -- -std=gnu++14 -target fpga -fhls -ferror-limit=0
Command       clang_tidy done; 0.61 sec.
INFO-FLOW: Done: clang-tidy CDT preprocess 39 time: 1.6 seconds per iteration
INFO-FLOW: Calling xilinx-label-all-loops ... 
INFO-FLOW: Calling xilinx-aggregate-on-hls-vector ... 
Execute       clang_tidy -errorcheck -desc loop-label xilinx-label-all-loops,xilinx-aggregate-on-hls-vector,,xilinx-warn-mayneed-no-ctor-attribute /home/pulp1/HLS_corrected/Compute_block2in/solution1/.autopilot/db/Compute2in.pp.0.cpp std=gnu++14 -target fpga  
Execute         ap_eval exec -ignorestderr /tools/Xilinx/Vitis_HLS/2022.2/lnx64/tools/clang-3.9-csynth/bin/clang-tidy -export-fixes=/home/pulp1/HLS_corrected/Compute_block2in/solution1/.autopilot/db/Compute2in.pp.0.cpp.clang-tidy.loop-label.diag.yml -header-filter=.* --checks=-*,xilinx-label-all-loops,xilinx-aggregate-on-hls-vector,,xilinx-warn-mayneed-no-ctor-attribute -fix-errors /home/pulp1/HLS_corrected/Compute_block2in/solution1/.autopilot/db/Compute2in.pp.0.cpp -- -std=gnu++14 -target fpga -fhls -ferror-limit=0 > /home/pulp1/HLS_corrected/Compute_block2in/solution1/.autopilot/db/Compute2in.pp.0.cpp.clang-tidy.loop-label.out.log 2> /home/pulp1/HLS_corrected/Compute_block2in/solution1/.autopilot/db/Compute2in.pp.0.cpp.clang-tidy.loop-label.err.log 
Command         ap_eval done; 1.2 sec.
Command       clang_tidy done; 1.25 sec.
Execute       ap_eval exec -ignorestderr /tools/Xilinx/Vitis_HLS/2022.2/lnx64/tools/clang-3.9-csynth/bin/xilinx-dataflow-lawyer -export-fixes=/home/pulp1/HLS_corrected/Compute_block2in/solution1/.autopilot/db/Compute2in.pp.0.cpp.xilinx-dataflow-lawyer.diag.yml /home/pulp1/HLS_corrected/Compute_block2in/solution1/.autopilot/db/Compute2in.pp.0.cpp -- -std=gnu++14 -target fpga -fhls -ferror-limit=0 -fstrict-dataflow > /home/pulp1/HLS_corrected/Compute_block2in/solution1/.autopilot/db/Compute2in.pp.0.cpp.xilinx-dataflow-lawyer.out.log 2> /home/pulp1/HLS_corrected/Compute_block2in/solution1/.autopilot/db/Compute2in.pp.0.cpp.xilinx-dataflow-lawyer.err.log 
Command       ap_eval done; 0.61 sec.
Execute       ap_part_info -name xczu7ev-ffvc1156-2-e -data info 
INFO-FLOW: compiling source code to llvm bc
Execute       ap_eval exec -ignorestderr /tools/Xilinx/Vitis_HLS/2022.2/lnx64/tools/clang-3.9-csynth/bin/clang -foptimization-record-file=/home/pulp1/HLS_corrected/Compute_block2in/solution1/.autopilot/db/Compute2in.pp.0.cpp.clang.diag.yml -mllvm -pass-remarks-missed=reflow|pasta|unroll -mllvm -pass-remarks=reflow|pasta|unroll|inline -fno-limit-debug-info -fhls -flto -fno-exceptions -Wno-error=c++11-narrowing /home/pulp1/HLS_corrected/Compute_block2in/solution1/.autopilot/db/Compute2in.pp.0.cpp -fno-math-errno -c -emit-llvm -mllvm -disable-llvm-optzns -Werror=implicit-function-declaration -Werror=implicit-hls-streams -Werror=return-type -Wpragmas -Wunused-parameter -Wdump-hls-pragmas -Wno-error=dump-hls-pragmas -fno-threadsafe-statics -fno-use-cxa-atexit -std=gnu++14 -target fpga64-xilinx-linux-gnu -D__VITIS_HLS__ -DAESL_SYN -D__SYNTHESIS__ -D__HLS_SYN__ -I /tools/Xilinx/Vitis_HLS/2022.2/common/technology/autopilot -I /tools/Xilinx/Vitis_HLS/2022.2/common/technology/autopilot/ap_sysc -include etc/autopilot_ssdm_op.h -D__DSP48E2__ -g -o /home/pulp1/HLS_corrected/Compute_block2in/solution1/.autopilot/db/Compute2in.bc -hls-platform-db-name=/tools/Xilinx/Vitis_HLS/2022.2/common/technology/xilinx/common/platform.db -hls-platform-name=zynquplus_medium -device-resource-info=BRAM_624.000000_DSP_1728.000000_FF_460800.000000_LUT_230400.000000_SLICE_28800.000000_URAM_96.000000 -device-name-info=xczu7ev-ffvc1156-2-e > /home/pulp1/HLS_corrected/Compute_block2in/solution1/.autopilot/db/Compute2in.pp.0.cpp.clang.out.log 2> /home/pulp1/HLS_corrected/Compute_block2in/solution1/.autopilot/db/Compute2in.pp.0.cpp.clang.err.log 
Command       ap_eval done; 0.71 sec.
INFO: [HLS 200-111] Finished Source Code Analysis and Preprocessing: CPU user time: 4.93 seconds. CPU system time: 0.9 seconds. Elapsed time: 5.86 seconds; current allocated memory: 832.230 MB.
INFO-FLOW: Linking Debug ...
INFO-FLOW: Linking dut bc code.
Execute       run_link_or_opt -out /home/pulp1/HLS_corrected/Compute_block2in/solution1/.autopilot/db/a.g.ld.0.bc -args  "/home/pulp1/HLS_corrected/Compute_block2in/solution1/.autopilot/db/Compute2in.g.bc"  
Execute         ap_eval exec -ignorestderr /tools/Xilinx/Vitis_HLS/2022.2/lnx64/tools/clang-3.9-csynth/bin/llvm-link /home/pulp1/HLS_corrected/Compute_block2in/solution1/.autopilot/db/Compute2in.g.bc -o /home/pulp1/HLS_corrected/Compute_block2in/solution1/.autopilot/db/a.g.ld.0.bc > /home/pulp1/HLS_corrected/Compute_block2in/solution1/.autopilot/db/a.g.ld.0.bc.llvm-link.out.log 2> /home/pulp1/HLS_corrected/Compute_block2in/solution1/.autopilot/db/a.g.ld.0.bc.llvm-link.err.log 
INFO-FLOW: 
Execute       run_link_or_opt -opt -out /home/pulp1/HLS_corrected/Compute_block2in/solution1/.autopilot/db/a.g.ld.1.lower.bc -args /home/pulp1/HLS_corrected/Compute_block2in/solution1/.autopilot/db/a.g.ld.0.bc -reflow-lower-math-intrinsics 
Execute         ap_eval exec -ignorestderr /tools/Xilinx/Vitis_HLS/2022.2/lnx64/tools/clang-3.9-csynth/bin/opt -pass-remarks-missed=reflow|pasta|unroll -pass-remarks=reflow|pasta|unroll|inline -pass-remarks-output=/home/pulp1/HLS_corrected/Compute_block2in/solution1/.autopilot/db/a.g.ld.1.lower.bc.opt.diag.yml /home/pulp1/HLS_corrected/Compute_block2in/solution1/.autopilot/db/a.g.ld.0.bc -reflow-lower-math-intrinsics -o /home/pulp1/HLS_corrected/Compute_block2in/solution1/.autopilot/db/a.g.ld.1.lower.bc > /home/pulp1/HLS_corrected/Compute_block2in/solution1/.autopilot/db/a.g.ld.1.lower.bc.opt.out.log 2> /home/pulp1/HLS_corrected/Compute_block2in/solution1/.autopilot/db/a.g.ld.1.lower.bc.opt.err.log 
INFO-FLOW: 
INFO-FLOW: Linking math bc lib
Execute       run_link_or_opt -out /home/pulp1/HLS_corrected/Compute_block2in/solution1/.autopilot/db/a.g.ld.2.m1.bc -args /home/pulp1/HLS_corrected/Compute_block2in/solution1/.autopilot/db/a.g.ld.1.lower.bc -only-needed /tools/Xilinx/Vitis_HLS/2022.2/lnx64/lib/libhlsm_39.bc /tools/Xilinx/Vitis_HLS/2022.2/lnx64/lib/libhlsmc++_39.bc 
Execute         ap_eval exec -ignorestderr /tools/Xilinx/Vitis_HLS/2022.2/lnx64/tools/clang-3.9-csynth/bin/llvm-link /home/pulp1/HLS_corrected/Compute_block2in/solution1/.autopilot/db/a.g.ld.1.lower.bc -only-needed /tools/Xilinx/Vitis_HLS/2022.2/lnx64/lib/libhlsm_39.bc /tools/Xilinx/Vitis_HLS/2022.2/lnx64/lib/libhlsmc++_39.bc -o /home/pulp1/HLS_corrected/Compute_block2in/solution1/.autopilot/db/a.g.ld.2.m1.bc > /home/pulp1/HLS_corrected/Compute_block2in/solution1/.autopilot/db/a.g.ld.2.m1.bc.llvm-link.out.log 2> /home/pulp1/HLS_corrected/Compute_block2in/solution1/.autopilot/db/a.g.ld.2.m1.bc.llvm-link.err.log 
Command         ap_eval done; 2.62 sec.
INFO-FLOW: 
Command       run_link_or_opt done; 2.62 sec.
Execute       run_link_or_opt -opt -out /home/pulp1/HLS_corrected/Compute_block2in/solution1/.autopilot/db/a.g.ld.3.fpc.bc -args /home/pulp1/HLS_corrected/Compute_block2in/solution1/.autopilot/db/a.g.ld.2.m1.bc -reflow-globaldce -hls-top-function-name=compute2in -reflow-float-conversion 
Execute         ap_eval exec -ignorestderr /tools/Xilinx/Vitis_HLS/2022.2/lnx64/tools/clang-3.9-csynth/bin/opt -pass-remarks-missed=reflow|pasta|unroll -pass-remarks=reflow|pasta|unroll|inline -pass-remarks-output=/home/pulp1/HLS_corrected/Compute_block2in/solution1/.autopilot/db/a.g.ld.3.fpc.bc.opt.diag.yml /home/pulp1/HLS_corrected/Compute_block2in/solution1/.autopilot/db/a.g.ld.2.m1.bc -reflow-globaldce -hls-top-function-name=compute2in -reflow-float-conversion -o /home/pulp1/HLS_corrected/Compute_block2in/solution1/.autopilot/db/a.g.ld.3.fpc.bc > /home/pulp1/HLS_corrected/Compute_block2in/solution1/.autopilot/db/a.g.ld.3.fpc.bc.opt.out.log 2> /home/pulp1/HLS_corrected/Compute_block2in/solution1/.autopilot/db/a.g.ld.3.fpc.bc.opt.err.log 
Command         ap_eval done; 0.95 sec.
INFO-FLOW: 
Command       run_link_or_opt done; 0.95 sec.
Execute       run_link_or_opt -out /home/pulp1/HLS_corrected/Compute_block2in/solution1/.autopilot/db/a.g.ld.4.m2.bc -args /home/pulp1/HLS_corrected/Compute_block2in/solution1/.autopilot/db/a.g.ld.3.fpc.bc -only-needed /tools/Xilinx/Vitis_HLS/2022.2/lnx64/lib/libfloatconversion_39.bc 
Execute         ap_eval exec -ignorestderr /tools/Xilinx/Vitis_HLS/2022.2/lnx64/tools/clang-3.9-csynth/bin/llvm-link /home/pulp1/HLS_corrected/Compute_block2in/solution1/.autopilot/db/a.g.ld.3.fpc.bc -only-needed /tools/Xilinx/Vitis_HLS/2022.2/lnx64/lib/libfloatconversion_39.bc -o /home/pulp1/HLS_corrected/Compute_block2in/solution1/.autopilot/db/a.g.ld.4.m2.bc > /home/pulp1/HLS_corrected/Compute_block2in/solution1/.autopilot/db/a.g.ld.4.m2.bc.llvm-link.out.log 2> /home/pulp1/HLS_corrected/Compute_block2in/solution1/.autopilot/db/a.g.ld.4.m2.bc.llvm-link.err.log 
INFO-FLOW: 
Execute       run_link_or_opt -opt -out /home/pulp1/HLS_corrected/Compute_block2in/solution1/.autopilot/db/a.g.ld.5.gdce.bc -args /home/pulp1/HLS_corrected/Compute_block2in/solution1/.autopilot/db/a.g.ld.4.m2.bc -reflow-globaldce -hls-top-function-name=compute2in 
Execute         ap_eval exec -ignorestderr /tools/Xilinx/Vitis_HLS/2022.2/lnx64/tools/clang-3.9-csynth/bin/opt -pass-remarks-missed=reflow|pasta|unroll -pass-remarks=reflow|pasta|unroll|inline -pass-remarks-output=/home/pulp1/HLS_corrected/Compute_block2in/solution1/.autopilot/db/a.g.ld.5.gdce.bc.opt.diag.yml /home/pulp1/HLS_corrected/Compute_block2in/solution1/.autopilot/db/a.g.ld.4.m2.bc -reflow-globaldce -hls-top-function-name=compute2in -o /home/pulp1/HLS_corrected/Compute_block2in/solution1/.autopilot/db/a.g.ld.5.gdce.bc > /home/pulp1/HLS_corrected/Compute_block2in/solution1/.autopilot/db/a.g.ld.5.gdce.bc.opt.out.log 2> /home/pulp1/HLS_corrected/Compute_block2in/solution1/.autopilot/db/a.g.ld.5.gdce.bc.opt.err.log 
INFO-FLOW: 
Execute       send_msg_by_id INFO @200-777@%s Vivado 
INFO: [HLS 200-777] Using interface defaults for 'Vivado' flow target.
Execute       is_m_axi_addr64 
INFO-FLOW: Doing LTO.
Execute       ap_eval exec -ignorestderr /tools/Xilinx/Vitis_HLS/2022.2/lnx64/tools/clang-3.9-csynth/bin/clang -foptimization-record-file=/home/pulp1/HLS_corrected/Compute_block2in/solution1/.autopilot/db/a.g.ld.0.bc.clang.diag.yml -mllvm -pass-remarks-missed=reflow|pasta|unroll -mllvm -pass-remarks=reflow|pasta|unroll|inline -fhls -mllvm -hls-top-function-name=compute2in -mllvm -hls-db-dir -mllvm /home/pulp1/HLS_corrected/Compute_block2in/solution1/.autopilot/db -emit-llvm -c -target fpga64-xilinx-none -mllvm -xcl-xmlinfo=/home/pulp1/HLS_corrected/Compute_block2in/solution1/.autopilot/db/kernel.internal.xml -mllvm -top-io-mapping-info=/home/pulp1/HLS_corrected/Compute_block2in/solution1/.autopilot/db/top-io-fe.xml -mllvm -hls-bitcode-version=3.1 -mllvm -reflow-enable-slave-interface-default-setting=true -mllvm -gen-kernel-xml=false -mllvm -default-maxi-offset=slave -mllvm -maxi-latency=0 -mllvm -hls-maxi-data-size-in-bits=8 -mllvm -hls-maxi-max-data-size-in-bits=1024 -mllvm -hls-max-widen-size-in-bits=0 -mllvm -xcl-kernel-max-mem-ports=0 -mllvm -maxi-read-trans=16 -mllvm -maxi-write-trans=16 -mllvm -maxi-read-burst-len=16 -mllvm -maxi-write-burst-len=16 -mllvm -reflow-enable-saxi-64bits=0 -mllvm -reflow-basic-block-instr-threshold=200000 -mllvm -reflow-auto-pipeline-threshold=64 -mllvm -reflow-enable-maxi-auto-id-channel=0 -mllvm -assume-maxi-align=1 -mllvm -reflow-pipeline-style-llvm-setting=2 -mllvm -reflow-enable-dataflow-strict-mode-checking=1 -mllvm -reflow-auto-array-partition-mode=default -mllvm -reflow-enable-auto-array-partition=true -mllvm -reflow-enable-auto-parallel-performance-driven=true -mllvm -reflow-enable-partition-for-automation=true -mllvm -reflow-aggregate-bitwidth-threshold=4096 -mllvm -reflow-assume-no-address-wrap=true -mllvm -hls -mllvm -disable-inlined-alloca-merging=true -mllvm -default-clock-period=10 -x ir /home/pulp1/HLS_corrected/Compute_block2in/solution1/.autopilot/db/a.g.ld.5.gdce.bc -o /home/pulp1/HLS_corrected/Compute_block2in/solution1/.autopilot/db/a.g.lto.bc -hls-platform-db-name=/tools/Xilinx/Vitis_HLS/2022.2/common/technology/xilinx/common/platform.db -hls-platform-name=zynquplus_medium -device-resource-info=BRAM_624.000000_DSP_1728.000000_FF_460800.000000_LUT_230400.000000_SLICE_28800.000000_URAM_96.000000 -device-name-info=xczu7ev-ffvc1156-2-e > /home/pulp1/HLS_corrected/Compute_block2in/solution1/.autopilot/db/a.g.ld.0.bc.clang.out.log 2> /home/pulp1/HLS_corrected/Compute_block2in/solution1/.autopilot/db/a.g.ld.0.bc.clang.err.log 
Command       ap_eval done; 0.39 sec.
INFO: [HLS 214-248] Applying array_partition to '_ZZ10compute2inP6ap_intILi32EES1_S1_bE4REG1': Complete partitioning on dimension 1. (Compute_block2in/Compute2in.cpp:52:0)
INFO: [HLS 214-248] Applying array_partition to 'REG': Complete partitioning on dimension 1. Complete partitioning on dimension 2. (Compute_block2in/Compute2in.cpp:50:13)
INFO-FLOW: DBG:PUTS: copy_raw_kernel_xml ap_link_39: kernel.xml not generated: /home/pulp1/HLS_corrected/Compute_block2in/solution1/.autopilot/db/kernel.internal.xml
INFO: [HLS 200-111] Finished Compiling Optimization and Transform: CPU user time: 3.68 seconds. CPU system time: 0.57 seconds. Elapsed time: 4.31 seconds; current allocated memory: 832.387 MB.
INFO: [HLS 200-111] Finished Checking Pragmas: CPU user time: 0 seconds. CPU system time: 0 seconds. Elapsed time: 0 seconds; current allocated memory: 832.387 MB.
Execute       opt_and_import_c a -opt_level=2 -skip_syncheck=0 -ng=0 -keep_printf=0 
Execute         cleanup_all_models 
INFO: [HLS 200-10] Starting code transformations ...
INFO-FLOW: Running Standard Transforms...
Execute         transform -hls -share-std-xform -demangle-name -inline-byval-memcpy -always-inline -promote-dbg-pointer -interface-preproc -mem2reg -scalarrepl -mem2reg -keep-read-access -instcombine -dce -promote-dbg-pointer -bitop-raise -loop-simplify -indvarspre -indvars -loop-simplify -xunroll -constprop -instcombine -simplifycfg -indvars -simplifycfg -dce -globaldce -basicaa -simplifycfg -mem2reg -globalopt -global-constprop -deadargelim -instcombine -simplifycfg -scalarrepl -instcombine -reassociate -licm -simplifycfg -loop-simplify -indvars -instcombine -simplifycfg -mem2reg -loop-simplify -indvars -instcombine -gvn -gvn -instcombine -adce -break-crit-edges -simplifycfg -loop-delete -global-array-opt -dce -dse -adce -find-syn-modules -top compute2in -deadargelim -mem2reg -instcombine -dce -presyn-prepare -auto-rom-infer -interface-preproc -syn-check -check-rec-only -find-region -simplifycfg -func-extr -function-inline -globaldce -mem2reg -instcombine -dce -gvn -globaldce -adce -adse -constprop -instcombine -bit-constprop -instcombine -dce -simplifycfg -bitop-raise -simplifycfg -dce -loop-delete -reassociate -globalopt -global-privatize -mem2reg -dce -global-constprop -pointer-simplify -constprop -dce -auto-shift-reg-idiom -promote-dbg-pointer -norm-name /home/pulp1/HLS_corrected/Compute_block2in/solution1/.autopilot/db/a.g.0.bc -o /home/pulp1/HLS_corrected/Compute_block2in/solution1/.autopilot/db/a.g.1.bc -f -phase std-opt 
INFO: [HLS 200-111] Finished Standard Transforms: CPU user time: 0.07 seconds. CPU system time: 0.02 seconds. Elapsed time: 0.09 seconds; current allocated memory: 832.387 MB.
INFO: [HLS 200-10] Checking synthesizability ...
INFO-FLOW: Checking Synthesizability 1/2..
Execute         transform -hls -syn-check -check-rec-only -scalarrepl -norm-name -dce -mem2reg -instcombine -directive-preproc -mem2reg -dse -dce -auto-rom-infer -dce -pag -array-normalize -instcombine -dce -array-seg-normalize -instcombine -dce -data-pack -instcombine -dce -inst-simplify -array-flatten -instcombine -dce -array-burst -dce -deadargelim -promote-global-argument -simplifycfg -mem2reg -globaldce -dce -deadargelim -dce -instcombine -function-inline -globaldce -dce -doublePtrSimplify -doublePtrElim -dce -doublePtrSimplify -promote-dbg-pointer -dce -scalarrepl -dse -adse -instcombine -ptrLegalization -simplifycfg -dce -instcombine -pointer-simplify -ptrArgReplace -dce -instcombine -resolve-double-ptr -scalarrepl -norm-name -dce -mem2reg -instcombine -ptrLegalization -simplifycfg -deadargelim -instcombine -dce -inst-simplify -directive-preproc -mem2reg -dse -dce -globaldce /home/pulp1/HLS_corrected/Compute_block2in/solution1/.autopilot/db/a.g.1.bc -o /home/pulp1/HLS_corrected/Compute_block2in/solution1/.autopilot/db/a.g.2.prechk.bc -f 
INFO-FLOW: Checking Synthesizability 2/2..
Execute         transform -syn-check /home/pulp1/HLS_corrected/Compute_block2in/solution1/.autopilot/db/a.g.2.prechk.bc -o /home/pulp1/HLS_corrected/Compute_block2in/solution1/.autopilot/db/a.g.2.bc -f -phase syn-check 
WARNING: [SYNCHK 200-24] /tools/Xilinx/Vitis_HLS/2022.2/common/technology/autopilot/ap_int_ref.h:628: Index for bit vector operation is out of bound.
INFO: [SYNCHK 200-10] 0 error(s), 1 warning(s).
INFO: [HLS 200-111] Finished Checking Synthesizability: CPU user time: 0.07 seconds. CPU system time: 0 seconds. Elapsed time: 0.08 seconds; current allocated memory: 832.387 MB.
INFO-FLOW: Compiler optimizing ...
INFO-FLOW: Share syncheck's 1.bc for syn flow: copy /home/pulp1/HLS_corrected/Compute_block2in/solution1/.autopilot/db/a.g.1.bc to /home/pulp1/HLS_corrected/Compute_block2in/solution1/.autopilot/db/a.o.1.bc
INFO-FLOW: Presyn 1...
Execute         transform -hls -tmp /home/pulp1/HLS_corrected/Compute_block2in/solution1/.autopilot/db -interface-port-rename -directive-preproc -mem2reg -dse -dce -scalarrepl -norm-name -deadargelim -mem2reg -instcombine -dce -simplifycfg -auto-rom-infer -dce -resource-proc -clib-intrinsic-prepare -dce -func-buffer -dce -pag -array-normalize -func-legal -instcombine -gvn -constprop -dce -simplifycfg -mem2reg -globaldce -resolve-double-ptr -dce -deadargelim -dce -instcombine -ptrArgReplace -mem2reg -dce -array-seg-normalize -deadargelim -instcombine -dce -directive-preproc -mem2reg -dse -dce -pointer-simplify -dce -port-alignment -dce -interface-preproc -data-pack -instcombine -dce -basicaa -aggr-aa -aggrmodref-aa -aggr-aa -gvn -gvn -basicaa -aggr-aa -aggrmodref-aa -aggr-aa -dse -adse -adce -loop-simplify -indvars -instcombine -gvn -loop-simplify -mem2reg -dce -find-region -instcombine -auto-loop-pipeline -inst-simplify -interface-preproc -cfgopt -instcombine -indvars -auto-loop-unroll -loop-simplify -loop-bound -xunroll -constprop -instcombine -simplifycfg -indvars -simplifycfg -dce -globaldce -clean-region -attach-range -gvn -inst-simplify -constprop -simplifycfg -dce -pointer-simplify -dce -globalopt -constprop -dce -array-promote -scalar-auto-dep-elim -constprop -dce -ptrArgReplace -mem2reg -simplifycfg -dce -instcombine -dce -array-transform-check -array-reshape -instcombine -simplifycfg -dce -ptrArgReplace -deadargelim -mem2reg -instcombine -simplifycfg -dce -indvars -loop-simplify -loop-bound -xunroll -constprop -instcombine -simplifycfg -indvars -simplifycfg -dce -globaldce -basicaa -aggr-aa -aggrmodref-aa -aggr-aa -dse -duplicate-dataflow-processes -globaldce -instcombine -array-partition -prepare-dynamic-array-partition -instcombine -simplifycfg -dce -ptrArgReplace -global-constprop -deadargelim -mem2reg -func-legal -dce -global-constprop -deadargelim -mem2reg -simplifycfg -dce -merge-param -deadargelim -globalopt -constprop -dce -array-promote -scalar-auto-dep-elim -constprop -dce -ptrArgReplace -mem2reg -simplifycfg -dce -mem-intrinsic-preproc -dce -global-internalize -global-privatize -mem2reg -globaldce -promote-global-argument -ptrArgReplace -mem2reg -dce -globalopt -mergereturn -simplify-global-access -mem2reg -dce -pointer-simplify -dce -functionattrs -basicaa -aggr-aa -aggrmodref-aa -aggr-aa -gvn -gvn -basicaa -aggr-aa -aggrmodref-aa -aggr-aa -dse -adse -adce -dce -norm-name -basicaa -aggr-aa -aggrmodref-aa -aggr-aa -accesses-merge -function-inline -complex-op-raise -inst-simplify -globaldce -func-legal -dce -loop-bound -arraycheck -bitwidthmin2 -bitwidthmin2 -on-by-dataflow -loop-delete -instcombine -simplifycfg -globaldce -dce -gvn -deadargelim -dce -loop-simplify -clean-region -simplifycfg -propagate-stable-arguments -loop-stream -instcombine -simplifycfg -dce -globaldce -duplicate-dataflow-processes -stream-intrinsic-preproc -dce -check-ap-stream -loop-simplify -eliminate-keepreads -extract-dataflow-in-loop -loop-simplify -dce -gvn -deadargelim -dse -duplicate-dataflow-processes -check-dataflow-syntax -legalize-stream-variable -globaldce -legalize-global -extract-subproc -dce -dead-channel-elimination -canonicalize-gep -globaldce -dce -gvn -hls-dead-arg-elim -deadargelim -directive-preproc -canonicalize-dataflow -dce -globaldce -scalar-preprocessing -scalar-propagation2 -deadargelim -globaldce -mem2reg -check-dataflow-channels -function-stream -dce -globaldce -prop-fifo-spec -internal-stream-gen -canonicalize-gep -globaldce -dce -gvn -deadargelim -mergereturn -indvars -loop-simplify -instcombine -array-stream -array-seg-normalize -array-partition -func-legal -instcombine -simplifycfg -dce -bundle-memfifo-ops -deadargelim -directive-preproc -mem2reg -dse -dce -group-axi-access -licm -simplifycfg -dce -loop-delete -hls-display -norm-name /home/pulp1/HLS_corrected/Compute_block2in/solution1/.autopilot/db/a.o.1.bc -o /home/pulp1/HLS_corrected/Compute_block2in/solution1/.autopilot/db/a.o.1.tmp.bc -f 
INFO: [XFORM 203-510] Pipelining loop 'VITIS_LOOP_87_3' (Compute_block2in/Compute2in.cpp:87) in function 'compute2in' automatically.
INFO: [XFORM 203-510] Pipelining loop 'VITIS_LOOP_66_2' (Compute_block2in/Compute2in.cpp:50) in function 'compute2in' automatically.
INFO: [XFORM 203-502] Unrolling all sub-loops inside loop 'VITIS_LOOP_87_3' (Compute_block2in/Compute2in.cpp:87) in function 'compute2in' for pipelining.
INFO: [HLS 200-489] Unrolling loop 'VITIS_LOOP_91_4' (Compute_block2in/Compute2in.cpp:89) in function 'compute2in' completely with a factor of 4.
Command         transform done; 0.13 sec.
INFO-FLOW: Presyn 2...
Execute         transform -hls -keep-callgraph -scalarrepl -mem2reg -port-alignment -attach-range -dce -pipe-mux-gen -indvars -loop-bound -inst-simplify -instcombine -dce -merge-array-access -mem2reg -dce -clean-region -mergereturn -if-conv -instcombine -dce -constprop -basicaa -aggr-aa -aggrmodref-aa -aggr-aa -gvn -gvn -basicaa -aggr-aa -aggrmodref-aa -aggr-aa -dse -adse -adce -scalarrepl -mem2reg -global-constprop -deadargelim -deadargelim -instcombine -dce -simplifycfg -ptrArgReplace -mem2reg -function-inline -globaldce -mem2reg -instcombine -dce -expr-balance -instcombine -dce -bitwidthmin2 -bitwidthmin2 -interface-preproc -directive-preproc -inst-rectify -instcombine -dce -functionattrs -constprop -instcombine -bit-constprop -simplify-global-access -globalopt -globaldce -inst-simplify -instcombine -elimdeaddata -dce -loop-delete -simplifycfg -loop-simplify -barrier -norm-name /home/pulp1/HLS_corrected/Compute_block2in/solution1/.autopilot/db/a.o.1.tmp.bc -o /home/pulp1/HLS_corrected/Compute_block2in/solution1/.autopilot/db/a.o.2.bc -f -phase presyn 
INFO: [XFORM 203-11] Balancing expressions in function 'compute2in' (Compute_block2in/Compute2in.cpp:36:35)...3 expression(s) balanced.
INFO: [HLS 200-111] Finished Loop, function and other optimizations: CPU user time: 0.21 seconds. CPU system time: 0.01 seconds. Elapsed time: 0.21 seconds; current allocated memory: 832.387 MB.
INFO-FLOW: Building ssdm...
Execute         transform -hls -auto-function-inline -globaldce -ptrArgReplace -mem2reg -dce -reset-lda -loop-simplify -indvars -aggr-aa -licm -loop-dep -loop-bound -licm -loop-simplify -loop-sink-hoist -flattenloopnest -array-flatten -gvn -instcombine -dce -array-map -dce -func-legal -gvn -adce -instcombine -cfgopt -simplifycfg -loop-simplify -array-burst -promote-global-argument -dce -array-seg-normalize -basicaa -aggrmodref-aa -globalsmodref-aa -aggr-aa -gvn -gvn -basicaa -aggrmodref-aa -globalsmodref-aa -aggr-aa -dse -adse -adce -licm -inst-simplify -dce -globaldce -instcombine -array-stream -eliminate-keepreads -instcombine -dce -deadargelim -doublePtrSimplify -doublePtrElim -dce -doublePtrSimplify -promote-dbg-pointer -dce -scalarrepl -mem2reg -norm-name -mem2reg -instcombine -dse -adse -adce -ptrLegalization -dce -auto-rom-infer -array-flatten -dce -instcombine -check-doubleptr -loop-rot -constprop -cfgopt -simplifycfg -loop-simplify -indvars -pointer-simplify -dce -loop-bound -loop-simplify -loop-preproc -constprop -global-constprop -gvn -mem2reg -instcombine -dce -loop-bound -loop-merge -dce -deadargelim -dce -canonicalize-dataflow -dce -deadargelim -globaldce -mem2reg -bram-byte-enable -load-elim -read-loop-dep -loop-simplify -loop-extract-inner -directive-preproc -bitwidthmin2 -bitwidthmin2 -read-loop-dep -interface-preproc -directive-preproc -interface-gen -bram-byte-enable-spec-prop -deadargelim -inst-simplify -dce -gvn -mem2reg -instcombine -dce -adse -loop-bound -instcombine -cfgopt -simplifycfg -loop-simplify -clean-region -io-protocol -find-region -mem2reg -bitop-raise -complex-op-raise -inst-simplify -inst-rectify -instcombine -adce -deadargelim -float-op-raise -loop-simplify -phi-opt -bitop-raise -cfgopt -simplifycfg -strip-dead-prototypes -interface-lower -bitop-lower -intrinsic-lower -auto-function-inline -basicaa -aggrmodref-aa -globalsmodref-aa -aggr-aa -inst-simplify -simplifycfg -loop-simplify -mergereturn -inst-simplify -inst-rectify -dce -load-elim -bitop-lower -float-op-raise -fma-raise -loop-rewind -pointer-simplify -dce -cfgopt -dce -loop-bound -loop-dep -read-loop-dep -dce -dyn-mem-reuse -dce -recurrence-min -dce -share-scalar-alloca -deadargelim -dce -check-stream -norm-name -legalize -validate-dataflow -inst-clarity -bitwidth -dump-loop-dep-to-ir -check-all-ssdm -cdfg-build /home/pulp1/HLS_corrected/Compute_block2in/solution1/.autopilot/db/a.o.2.bc -o /home/pulp1/HLS_corrected/Compute_block2in/solution1/.autopilot/db/a.o.3.bc -f -phase build-ssdm 
WARNING: [HLS 200-960] Cannot flatten loop 'VITIS_LOOP_63_1' (Compute_block2in/Compute2in.cpp:50:13) in function 'compute2in' more than one sub loop.
Command         transform done; 0.14 sec.
INFO: [HLS 200-111] Finished Architecture Synthesis: CPU user time: 0.13 seconds. CPU system time: 0.01 seconds. Elapsed time: 0.14 seconds; current allocated memory: 841.855 MB.
INFO-FLOW: Finish building internal data model.
Command       opt_and_import_c done; 0.52 sec.
Command     elaborate done; 10.7 sec.
Execute     ap_eval exec zip -j /home/pulp1/HLS_corrected/Compute_block2in/solution1/.autopilot/db/dut.hcp $dbDir/a.o.3.bc $dbDir/${topname}.rtl_wrap.cfg.tcl $dbDir/apatb_${topname}.cpp $dbDir/apatb_${topname}_util.cpp $dbDir/apatb_${topname}_ir.ll $dbDir/mapper_${topname}.cpp $dbDir/top-io-fe.xml $dbDir/kernel.internal.xml $workdir/../hls.app 
Execute     autosyn -from_csynth_design=1 
INFO: [HLS 200-10] Starting hardware synthesis ...
INFO-FLOW: Synthesizing C/C++ design ...
INFO: [HLS 200-10] Synthesizing 'compute2in' ...
Execute       ap_set_top_model compute2in 
Execute       get_model_list compute2in -filter all-wo-channel -topdown 
Execute       preproc_iomode -model compute2in 
Execute       preproc_iomode -model compute2in_Pipeline_VITIS_LOOP_87_3 
Execute       preproc_iomode -model compute2in_Pipeline_VITIS_LOOP_66_2 
Execute       get_model_list compute2in -filter all-wo-channel 
INFO-FLOW: Model list for configure: compute2in_Pipeline_VITIS_LOOP_66_2 compute2in_Pipeline_VITIS_LOOP_87_3 compute2in
INFO-FLOW: Configuring Module : compute2in_Pipeline_VITIS_LOOP_66_2 ...
Execute       set_default_model compute2in_Pipeline_VITIS_LOOP_66_2 
Execute       apply_spec_resource_limit compute2in_Pipeline_VITIS_LOOP_66_2 
INFO-FLOW: Configuring Module : compute2in_Pipeline_VITIS_LOOP_87_3 ...
Execute       set_default_model compute2in_Pipeline_VITIS_LOOP_87_3 
Execute       apply_spec_resource_limit compute2in_Pipeline_VITIS_LOOP_87_3 
INFO-FLOW: Configuring Module : compute2in ...
Execute       set_default_model compute2in 
Execute       apply_spec_resource_limit compute2in 
INFO-FLOW: Model list for preprocess: compute2in_Pipeline_VITIS_LOOP_66_2 compute2in_Pipeline_VITIS_LOOP_87_3 compute2in
INFO-FLOW: Preprocessing Module: compute2in_Pipeline_VITIS_LOOP_66_2 ...
Execute       set_default_model compute2in_Pipeline_VITIS_LOOP_66_2 
Execute       cdfg_preprocess -model compute2in_Pipeline_VITIS_LOOP_66_2 
Execute       rtl_gen_preprocess compute2in_Pipeline_VITIS_LOOP_66_2 
INFO-FLOW: Preprocessing Module: compute2in_Pipeline_VITIS_LOOP_87_3 ...
Execute       set_default_model compute2in_Pipeline_VITIS_LOOP_87_3 
Execute       cdfg_preprocess -model compute2in_Pipeline_VITIS_LOOP_87_3 
Execute       rtl_gen_preprocess compute2in_Pipeline_VITIS_LOOP_87_3 
INFO-FLOW: Preprocessing Module: compute2in ...
Execute       set_default_model compute2in 
Execute       cdfg_preprocess -model compute2in 
Execute       rtl_gen_preprocess compute2in 
INFO-FLOW: Model list for synthesis: compute2in_Pipeline_VITIS_LOOP_66_2 compute2in_Pipeline_VITIS_LOOP_87_3 compute2in
INFO: [HLS 200-10] ----------------------------------------------------------------
INFO: [HLS 200-42] -- Implementing module 'compute2in_Pipeline_VITIS_LOOP_66_2' 
INFO: [HLS 200-10] ----------------------------------------------------------------
Execute       set_default_model compute2in_Pipeline_VITIS_LOOP_66_2 
Execute       schedule -model compute2in_Pipeline_VITIS_LOOP_66_2 
INFO: [SCHED 204-11] Starting scheduling ...
INFO: [HLS 200-486] Changing DSP latency (root=ret_V_3) to 3 in order to utilize available DSP registers.
INFO: [SCHED 204-61] Pipelining loop 'VITIS_LOOP_66_2'.
INFO: [HLS 200-1470] Pipelining result : Target II = NA, Final II = 1, Depth = 5, loop 'VITIS_LOOP_66_2'
INFO: [SCHED 204-11] Finished scheduling.
Command       schedule done; 0.16 sec.
INFO: [HLS 200-111] Finished Scheduling: CPU user time: 0.19 seconds. CPU system time: 0.04 seconds. Elapsed time: 0.24 seconds; current allocated memory: 845.090 MB.
Execute       syn_report -verbosereport -o /home/pulp1/HLS_corrected/Compute_block2in/solution1/.autopilot/db/compute2in_Pipeline_VITIS_LOOP_66_2.verbose.sched.rpt 
Execute         AP::get_flow_target_display_name
Execute       db_write -o /home/pulp1/HLS_corrected/Compute_block2in/solution1/.autopilot/db/compute2in_Pipeline_VITIS_LOOP_66_2.sched.adb -f 
INFO-FLOW: Finish scheduling compute2in_Pipeline_VITIS_LOOP_66_2.
Execute       set_default_model compute2in_Pipeline_VITIS_LOOP_66_2 
Execute       bind -model compute2in_Pipeline_VITIS_LOOP_66_2 
INFO: [BIND 205-100] Starting micro-architecture generation ...
INFO: [BIND 205-101] Performing variable lifetime analysis.
INFO: [BIND 205-101] Exploring resource sharing.
INFO: [BIND 205-101] Binding ...
INFO: [BIND 205-100] Finished micro-architecture generation.
INFO: [HLS 200-111] Finished Binding: CPU user time: 0.09 seconds. CPU system time: 0 seconds. Elapsed time: 0.09 seconds; current allocated memory: 845.090 MB.
Execute       syn_report -verbosereport -o /home/pulp1/HLS_corrected/Compute_block2in/solution1/.autopilot/db/compute2in_Pipeline_VITIS_LOOP_66_2.verbose.bind.rpt 
Execute         AP::get_flow_target_display_name
Command       syn_report done; 0.12 sec.
Execute       db_write -o /home/pulp1/HLS_corrected/Compute_block2in/solution1/.autopilot/db/compute2in_Pipeline_VITIS_LOOP_66_2.bind.adb -f 
INFO-FLOW: Finish binding compute2in_Pipeline_VITIS_LOOP_66_2.
INFO: [HLS 200-10] ----------------------------------------------------------------
INFO: [HLS 200-42] -- Implementing module 'compute2in_Pipeline_VITIS_LOOP_87_3' 
INFO: [HLS 200-10] ----------------------------------------------------------------
Execute       set_default_model compute2in_Pipeline_VITIS_LOOP_87_3 
Execute       schedule -model compute2in_Pipeline_VITIS_LOOP_87_3 
INFO: [SCHED 204-11] Starting scheduling ...
INFO: [HLS 200-486] Changing DSP latency (root=mul_ln1494_1) to 3 in order to utilize available DSP registers.
INFO: [HLS 200-486] Changing DSP latency (root=mul_ln1494_5) to 3 in order to utilize available DSP registers.
INFO: [HLS 200-486] Changing DSP latency (root=mul_ln1494_7) to 3 in order to utilize available DSP registers.
INFO: [HLS 200-486] Changing DSP latency (root=mul_ln1494_6) to 3 in order to utilize available DSP registers.
INFO: [HLS 200-486] Changing DSP latency (root=mul_ln1494_4) to 3 in order to utilize available DSP registers.
INFO: [HLS 200-486] Changing DSP latency (root=mul_ln1494_3) to 3 in order to utilize available DSP registers.
INFO: [HLS 200-486] Changing DSP latency (root=mul_ln1494_2) to 3 in order to utilize available DSP registers.
INFO: [HLS 200-486] Changing DSP latency (root=mul_ln1494) to 3 in order to utilize available DSP registers.
INFO: [SCHED 204-61] Pipelining loop 'VITIS_LOOP_87_3'.
WARNING: [HLS 200-880] The II Violation in module 'compute2in_Pipeline_VITIS_LOOP_87_3' (loop 'VITIS_LOOP_87_3'): Unable to enforce a carried dependence constraint (II = 1, distance = 1, offset = 1) between 'store' operation ('buffer_2_addr_1_write_ln97', Compute_block2in/Compute2in.cpp:97) of variable 'add_ln97', Compute_block2in/Compute2in.cpp:97 on array 'buffer_2' and 'store' operation ('buffer_2_addr_write_ln96', Compute_block2in/Compute2in.cpp:96) of variable 'add_ln96', Compute_block2in/Compute2in.cpp:96 on array 'buffer_2'.
INFO: [HLS 200-1470] Pipelining result : Target II = NA, Final II = 2, Depth = 7, loop 'VITIS_LOOP_87_3'
INFO: [SCHED 204-11] Finished scheduling.
Command       schedule done; 0.12 sec.
INFO: [HLS 200-111] Finished Scheduling: CPU user time: 0.25 seconds. CPU system time: 0.01 seconds. Elapsed time: 0.26 seconds; current allocated memory: 847.113 MB.
Execute       syn_report -verbosereport -o /home/pulp1/HLS_corrected/Compute_block2in/solution1/.autopilot/db/compute2in_Pipeline_VITIS_LOOP_87_3.verbose.sched.rpt 
Execute         AP::get_flow_target_display_name
Execute       db_write -o /home/pulp1/HLS_corrected/Compute_block2in/solution1/.autopilot/db/compute2in_Pipeline_VITIS_LOOP_87_3.sched.adb -f 
INFO-FLOW: Finish scheduling compute2in_Pipeline_VITIS_LOOP_87_3.
Execute       set_default_model compute2in_Pipeline_VITIS_LOOP_87_3 
Execute       bind -model compute2in_Pipeline_VITIS_LOOP_87_3 
INFO: [BIND 205-100] Starting micro-architecture generation ...
INFO: [BIND 205-101] Performing variable lifetime analysis.
INFO: [BIND 205-101] Exploring resource sharing.
INFO: [BIND 205-101] Binding ...
INFO: [BIND 205-100] Finished micro-architecture generation.
INFO: [HLS 200-111] Finished Binding: CPU user time: 0.07 seconds. CPU system time: 0 seconds. Elapsed time: 0.07 seconds; current allocated memory: 847.113 MB.
Execute       syn_report -verbosereport -o /home/pulp1/HLS_corrected/Compute_block2in/solution1/.autopilot/db/compute2in_Pipeline_VITIS_LOOP_87_3.verbose.bind.rpt 
Execute         AP::get_flow_target_display_name
Execute       db_write -o /home/pulp1/HLS_corrected/Compute_block2in/solution1/.autopilot/db/compute2in_Pipeline_VITIS_LOOP_87_3.bind.adb -f 
INFO-FLOW: Finish binding compute2in_Pipeline_VITIS_LOOP_87_3.
INFO: [HLS 200-10] ----------------------------------------------------------------
INFO: [HLS 200-42] -- Implementing module 'compute2in' 
INFO: [HLS 200-10] ----------------------------------------------------------------
Execute       set_default_model compute2in 
Execute       schedule -model compute2in 
INFO: [SCHED 204-11] Starting scheduling ...
INFO: [SCHED 204-11] Finished scheduling.
INFO: [HLS 200-111] Finished Scheduling: CPU user time: 0.15 seconds. CPU system time: 0 seconds. Elapsed time: 0.16 seconds; current allocated memory: 848.602 MB.
Execute       syn_report -verbosereport -o /home/pulp1/HLS_corrected/Compute_block2in/solution1/.autopilot/db/compute2in.verbose.sched.rpt 
Execute         AP::get_flow_target_display_name
Execute       db_write -o /home/pulp1/HLS_corrected/Compute_block2in/solution1/.autopilot/db/compute2in.sched.adb -f 
INFO-FLOW: Finish scheduling compute2in.
Execute       set_default_model compute2in 
Execute       bind -model compute2in 
INFO: [BIND 205-100] Starting micro-architecture generation ...
INFO: [BIND 205-101] Performing variable lifetime analysis.
INFO: [BIND 205-101] Exploring resource sharing.
INFO: [BIND 205-101] Binding ...
INFO: [BIND 205-100] Finished micro-architecture generation.
INFO: [HLS 200-111] Finished Binding: CPU user time: 0.09 seconds. CPU system time: 0 seconds. Elapsed time: 0.1 seconds; current allocated memory: 848.602 MB.
Execute       syn_report -verbosereport -o /home/pulp1/HLS_corrected/Compute_block2in/solution1/.autopilot/db/compute2in.verbose.bind.rpt 
Execute         AP::get_flow_target_display_name
Command       syn_report done; 0.14 sec.
Execute       db_write -o /home/pulp1/HLS_corrected/Compute_block2in/solution1/.autopilot/db/compute2in.bind.adb -f 
INFO-FLOW: Finish binding compute2in.
Execute       get_model_list compute2in -filter all-wo-channel 
INFO-FLOW: Preprocessing for RTLGen ...
Execute       rtl_gen_preprocess compute2in_Pipeline_VITIS_LOOP_66_2 
Execute       rtl_gen_preprocess compute2in_Pipeline_VITIS_LOOP_87_3 
Execute       rtl_gen_preprocess compute2in 
INFO-FLOW: Model list for RTL generation: compute2in_Pipeline_VITIS_LOOP_66_2 compute2in_Pipeline_VITIS_LOOP_87_3 compute2in
INFO: [HLS 200-10] ----------------------------------------------------------------
INFO: [HLS 200-10] -- Generating RTL for module 'compute2in_Pipeline_VITIS_LOOP_66_2' 
INFO: [HLS 200-10] ----------------------------------------------------------------
Execute       create_rtl_model compute2in_Pipeline_VITIS_LOOP_66_2 -top_prefix compute2in_ -sub_prefix compute2in_ -mg_file /home/pulp1/HLS_corrected/Compute_block2in/solution1/.autopilot/db/compute2in_Pipeline_VITIS_LOOP_66_2.compgen.tcl 
INFO: [HLS 200-1030] Apply Unified Pipeline Control on module 'compute2in_Pipeline_VITIS_LOOP_66_2' pipeline 'VITIS_LOOP_66_2' pipeline type 'loop pipeline'
INFO: [RTGEN 206-100] Generating core module 'mac_muladd_1ns_16ns_17ns_33_4_1': 1 instance(s).
INFO: [RTGEN 206-100] Generating core module 'mul_1ns_16ns_32_1_1': 1 instance(s).
INFO: [RTGEN 206-100] Finished creating RTL model for 'compute2in_Pipeline_VITIS_LOOP_66_2'.
INFO: [HLS 200-111] Finished Creating RTL model: CPU user time: 0.2 seconds. CPU system time: 0.01 seconds. Elapsed time: 0.21 seconds; current allocated memory: 848.668 MB.
Execute       source /home/pulp1/HLS_corrected/Compute_block2in/solution1/.autopilot/db/compute2in.rtl_wrap.cfg.tcl 
Execute       gen_rtl compute2in_Pipeline_VITIS_LOOP_66_2 -style xilinx -f -lang vhdl -o /home/pulp1/HLS_corrected/Compute_block2in/solution1/syn/vhdl/compute2in_compute2in_Pipeline_VITIS_LOOP_66_2 
Execute       gen_rtl compute2in_Pipeline_VITIS_LOOP_66_2 -style xilinx -f -lang vlog -o /home/pulp1/HLS_corrected/Compute_block2in/solution1/syn/verilog/compute2in_compute2in_Pipeline_VITIS_LOOP_66_2 
Execute       syn_report -csynth -model compute2in_Pipeline_VITIS_LOOP_66_2 -o /home/pulp1/HLS_corrected/Compute_block2in/solution1/syn/report/compute2in_Pipeline_VITIS_LOOP_66_2_csynth.rpt 
Execute         AP::get_flow_target_display_name
Execute       syn_report -rtlxml -model compute2in_Pipeline_VITIS_LOOP_66_2 -o /home/pulp1/HLS_corrected/Compute_block2in/solution1/syn/report/compute2in_Pipeline_VITIS_LOOP_66_2_csynth.xml 
Execute       syn_report -verbosereport -model compute2in_Pipeline_VITIS_LOOP_66_2 -o /home/pulp1/HLS_corrected/Compute_block2in/solution1/.autopilot/db/compute2in_Pipeline_VITIS_LOOP_66_2.verbose.rpt 
Execute         AP::get_flow_target_display_name
Command       syn_report done; 0.15 sec.
Execute       db_write -model compute2in_Pipeline_VITIS_LOOP_66_2 -f -o /home/pulp1/HLS_corrected/Compute_block2in/solution1/.autopilot/db/compute2in_Pipeline_VITIS_LOOP_66_2.adb 
Execute       db_write -model compute2in_Pipeline_VITIS_LOOP_66_2 -bindview -o /home/pulp1/HLS_corrected/Compute_block2in/solution1/.autopilot/db/design.bindinfo.xml 
Execute       gen_tb_info compute2in_Pipeline_VITIS_LOOP_66_2 -p /home/pulp1/HLS_corrected/Compute_block2in/solution1/.autopilot/db -o /home/pulp1/HLS_corrected/Compute_block2in/solution1/.autopilot/db/compute2in_Pipeline_VITIS_LOOP_66_2 
INFO: [HLS 200-10] ----------------------------------------------------------------
INFO: [HLS 200-10] -- Generating RTL for module 'compute2in_Pipeline_VITIS_LOOP_87_3' 
INFO: [HLS 200-10] ----------------------------------------------------------------
Execute       create_rtl_model compute2in_Pipeline_VITIS_LOOP_87_3 -top_prefix compute2in_ -sub_prefix compute2in_ -mg_file /home/pulp1/HLS_corrected/Compute_block2in/solution1/.autopilot/db/compute2in_Pipeline_VITIS_LOOP_87_3.compgen.tcl 
WARNING: [RTGEN 206-101] Register 'compute2in_ap_int_32_ap_int_32_ap_int_32_bool_REG1_1' is power-on initialization.
WARNING: [RTGEN 206-101] Register 'compute2in_ap_int_32_ap_int_32_ap_int_32_bool_REG1_2' is power-on initialization.
WARNING: [RTGEN 206-101] Register 'compute2in_ap_int_32_ap_int_32_ap_int_32_bool_REG1_3' is power-on initialization.
WARNING: [RTGEN 206-101] Register 'compute2in_ap_int_32_ap_int_32_ap_int_32_bool_REG1_4' is power-on initialization.
WARNING: [RTGEN 206-101] Register 'compute2in_ap_int_32_ap_int_32_ap_int_32_bool_REG1_6' is power-on initialization.
WARNING: [RTGEN 206-101] Register 'compute2in_ap_int_32_ap_int_32_ap_int_32_bool_REG1_7' is power-on initialization.
WARNING: [RTGEN 206-101] Register 'compute2in_ap_int_32_ap_int_32_ap_int_32_bool_REG1_8' is power-on initialization.
WARNING: [RTGEN 206-101] Register 'compute2in_ap_int_32_ap_int_32_ap_int_32_bool_REG1_9' is power-on initialization.
WARNING: [RTGEN 206-101] Register 'p_ZZ10compute2inP6ap_intILi32EES1_S1_bE4REG1_11' is power-on initialization.
WARNING: [RTGEN 206-101] Register 'p_ZZ10compute2inP6ap_intILi32EES1_S1_bE4REG1_12' is power-on initialization.
WARNING: [RTGEN 206-101] Register 'p_ZZ10compute2inP6ap_intILi32EES1_S1_bE4REG1_13' is power-on initialization.
WARNING: [RTGEN 206-101] Register 'p_ZZ10compute2inP6ap_intILi32EES1_S1_bE4REG1_14' is power-on initialization.
INFO: [HLS 200-1030] Apply Unified Pipeline Control on module 'compute2in_Pipeline_VITIS_LOOP_87_3' pipeline 'VITIS_LOOP_87_3' pipeline type 'loop pipeline'
INFO: [RTGEN 206-100] Generating core module 'mac_muladd_16ns_16ns_32ns_32_4_1': 4 instance(s).
INFO: [RTGEN 206-100] Generating core module 'mul_mul_16ns_16ns_32_4_1': 4 instance(s).
INFO: [RTGEN 206-100] Generating core module 'mux_124_32_1_1': 1 instance(s).
INFO: [RTGEN 206-100] Generating core module 'mux_154_32_1_1': 1 instance(s).
INFO: [RTGEN 206-100] Generating core module 'mux_32_16_1_1': 8 instance(s).
INFO: [RTGEN 206-100] Generating core module 'mux_42_16_1_1': 8 instance(s).
INFO: [RTGEN 206-100] Finished creating RTL model for 'compute2in_Pipeline_VITIS_LOOP_87_3'.
INFO: [HLS 200-111] Finished Creating RTL model: CPU user time: 0.42 seconds. CPU system time: 0.02 seconds. Elapsed time: 0.44 seconds; current allocated memory: 854.812 MB.
Execute       source /home/pulp1/HLS_corrected/Compute_block2in/solution1/.autopilot/db/compute2in.rtl_wrap.cfg.tcl 
Execute       gen_rtl compute2in_Pipeline_VITIS_LOOP_87_3 -style xilinx -f -lang vhdl -o /home/pulp1/HLS_corrected/Compute_block2in/solution1/syn/vhdl/compute2in_compute2in_Pipeline_VITIS_LOOP_87_3 
Execute       gen_rtl compute2in_Pipeline_VITIS_LOOP_87_3 -style xilinx -f -lang vlog -o /home/pulp1/HLS_corrected/Compute_block2in/solution1/syn/verilog/compute2in_compute2in_Pipeline_VITIS_LOOP_87_3 
Execute       syn_report -csynth -model compute2in_Pipeline_VITIS_LOOP_87_3 -o /home/pulp1/HLS_corrected/Compute_block2in/solution1/syn/report/compute2in_Pipeline_VITIS_LOOP_87_3_csynth.rpt 
Execute         AP::get_flow_target_display_name
Execute       syn_report -rtlxml -model compute2in_Pipeline_VITIS_LOOP_87_3 -o /home/pulp1/HLS_corrected/Compute_block2in/solution1/syn/report/compute2in_Pipeline_VITIS_LOOP_87_3_csynth.xml 
Execute       syn_report -verbosereport -model compute2in_Pipeline_VITIS_LOOP_87_3 -o /home/pulp1/HLS_corrected/Compute_block2in/solution1/.autopilot/db/compute2in_Pipeline_VITIS_LOOP_87_3.verbose.rpt 
Execute         AP::get_flow_target_display_name
Execute       db_write -model compute2in_Pipeline_VITIS_LOOP_87_3 -f -o /home/pulp1/HLS_corrected/Compute_block2in/solution1/.autopilot/db/compute2in_Pipeline_VITIS_LOOP_87_3.adb 
Execute       db_write -model compute2in_Pipeline_VITIS_LOOP_87_3 -bindview -o /home/pulp1/HLS_corrected/Compute_block2in/solution1/.autopilot/db/design.bindinfo.xml 
Execute       gen_tb_info compute2in_Pipeline_VITIS_LOOP_87_3 -p /home/pulp1/HLS_corrected/Compute_block2in/solution1/.autopilot/db -o /home/pulp1/HLS_corrected/Compute_block2in/solution1/.autopilot/db/compute2in_Pipeline_VITIS_LOOP_87_3 
INFO: [HLS 200-10] ----------------------------------------------------------------
INFO: [HLS 200-10] -- Generating RTL for module 'compute2in' 
INFO: [HLS 200-10] ----------------------------------------------------------------
Execute       create_rtl_model compute2in -top_prefix  -sub_prefix compute2in_ -mg_file /home/pulp1/HLS_corrected/Compute_block2in/solution1/.autopilot/db/compute2in.compgen.tcl 
INFO: [RTGEN 206-500] Setting interface mode on port 'compute2in/buffer_a' to 'ap_memory'.
INFO: [RTGEN 206-500] Setting interface mode on port 'compute2in/buffer_b' to 'ap_memory'.
INFO: [RTGEN 206-500] Setting interface mode on port 'compute2in/buffer_2' to 'ap_memory'.
INFO: [RTGEN 206-500] Setting interface mode on port 'compute2in/phase' to 'ap_none'.
INFO: [RTGEN 206-500] Setting interface mode on function 'compute2in' to 'ap_ctrl_hs'.
WARNING: [RTGEN 206-101] Register 'compute2in_ap_int_32_ap_int_32_ap_int_32_bool_REG1' is power-on initialization.
WARNING: [RTGEN 206-101] Register 'compute2in_ap_int_32_ap_int_32_ap_int_32_bool_REG1_5' is power-on initialization.
WARNING: [RTGEN 206-101] Register 'p_ZZ10compute2inP6ap_intILi32EES1_S1_bE4REG1_10' is power-on initialization.
WARNING: [RTGEN 206-101] Register 'p_ZZ10compute2inP6ap_intILi32EES1_S1_bE4REG1_15' is power-on initialization.
INFO: [RTGEN 206-100] Generating core module 'mux_42_32_1_1': 1 instance(s).
INFO: [RTGEN 206-100] Finished creating RTL model for 'compute2in'.
INFO: [HLS 200-111] Finished Creating RTL model: CPU user time: 0.23 seconds. CPU system time: 0.01 seconds. Elapsed time: 0.25 seconds; current allocated memory: 859.598 MB.
Execute       source /home/pulp1/HLS_corrected/Compute_block2in/solution1/.autopilot/db/compute2in.rtl_wrap.cfg.tcl 
Execute       gen_rtl compute2in -istop -style xilinx -f -lang vhdl -o /home/pulp1/HLS_corrected/Compute_block2in/solution1/syn/vhdl/compute2in 
Execute       gen_rtl compute2in -istop -style xilinx -f -lang vlog -o /home/pulp1/HLS_corrected/Compute_block2in/solution1/syn/verilog/compute2in 
Execute       syn_report -csynth -model compute2in -o /home/pulp1/HLS_corrected/Compute_block2in/solution1/syn/report/compute2in_csynth.rpt 
Execute         AP::get_flow_target_display_name
Execute       syn_report -rtlxml -model compute2in -o /home/pulp1/HLS_corrected/Compute_block2in/solution1/syn/report/compute2in_csynth.xml 
Execute       syn_report -verbosereport -model compute2in -o /home/pulp1/HLS_corrected/Compute_block2in/solution1/.autopilot/db/compute2in.verbose.rpt 
Execute         AP::get_flow_target_display_name
Command       syn_report done; 0.15 sec.
Execute       db_write -model compute2in -f -o /home/pulp1/HLS_corrected/Compute_block2in/solution1/.autopilot/db/compute2in.adb 
Execute       db_write -model compute2in -bindview -o /home/pulp1/HLS_corrected/Compute_block2in/solution1/.autopilot/db/design.bindinfo.xml 
Execute       gen_tb_info compute2in -p /home/pulp1/HLS_corrected/Compute_block2in/solution1/.autopilot/db -o /home/pulp1/HLS_corrected/Compute_block2in/solution1/.autopilot/db/compute2in 
Execute       export_constraint_db -f -tool general -o /home/pulp1/HLS_corrected/Compute_block2in/solution1/.autopilot/db/compute2in.constraint.tcl 
Execute       syn_report -designview -model compute2in -o /home/pulp1/HLS_corrected/Compute_block2in/solution1/.autopilot/db/compute2in.design.xml 
Command       syn_report done; 0.12 sec.
Execute       syn_report -csynthDesign -model compute2in -o /home/pulp1/HLS_corrected/Compute_block2in/solution1/syn/report/csynth.rpt 
Execute         AP::get_flow_target_display_name
Execute       syn_report -wcfg -model compute2in -o /home/pulp1/HLS_corrected/Compute_block2in/solution1/.autopilot/db/compute2in_dataflow_ana.wcfg 
Execute       syn_report -protoinst -model compute2in -o /home/pulp1/HLS_corrected/Compute_block2in/solution1/.autopilot/db/compute2in.protoinst 
Execute       sc_get_clocks compute2in 
Execute       sc_get_portdomain compute2in 
INFO-FLOW: Model list for RTL component generation: compute2in_Pipeline_VITIS_LOOP_66_2 compute2in_Pipeline_VITIS_LOOP_87_3 compute2in
INFO-FLOW: Handling components in module [compute2in_Pipeline_VITIS_LOOP_66_2] ... 
Execute       source /home/pulp1/HLS_corrected/Compute_block2in/solution1/.autopilot/db/compute2in_Pipeline_VITIS_LOOP_66_2.compgen.tcl 
INFO-FLOW: Found component compute2in_mul_1ns_16ns_32_1_1.
INFO-FLOW: Append model mul_1ns_16ns_32_1_1
INFO-FLOW: Found component compute2in_mac_muladd_1ns_16ns_17ns_33_4_1.
INFO-FLOW: Append model mac_muladd_1ns_16ns_17ns_33_4_1
INFO-FLOW: Found component compute2in_flow_control_loop_pipe_sequential_init.
INFO-FLOW: Append model flow_control_loop_pipe_sequential_init
INFO-FLOW: Handling components in module [compute2in_Pipeline_VITIS_LOOP_87_3] ... 
Execute       source /home/pulp1/HLS_corrected/Compute_block2in/solution1/.autopilot/db/compute2in_Pipeline_VITIS_LOOP_87_3.compgen.tcl 
INFO-FLOW: Found component compute2in_mux_42_16_1_1.
INFO-FLOW: Append model mux_42_16_1_1
INFO-FLOW: Found component compute2in_mux_32_16_1_1.
INFO-FLOW: Append model mux_32_16_1_1
INFO-FLOW: Found component compute2in_mux_154_32_1_1.
INFO-FLOW: Append model mux_154_32_1_1
INFO-FLOW: Found component compute2in_mux_124_32_1_1.
INFO-FLOW: Append model mux_124_32_1_1
INFO-FLOW: Found component compute2in_mul_mul_16ns_16ns_32_4_1.
INFO-FLOW: Append model mul_mul_16ns_16ns_32_4_1
INFO-FLOW: Found component compute2in_mac_muladd_16ns_16ns_32ns_32_4_1.
INFO-FLOW: Append model mac_muladd_16ns_16ns_32ns_32_4_1
INFO-FLOW: Found component compute2in_flow_control_loop_pipe_sequential_init.
INFO-FLOW: Append model flow_control_loop_pipe_sequential_init
INFO-FLOW: Handling components in module [compute2in] ... 
Execute       source /home/pulp1/HLS_corrected/Compute_block2in/solution1/.autopilot/db/compute2in.compgen.tcl 
INFO-FLOW: Found component compute2in_mux_42_32_1_1.
INFO-FLOW: Append model mux_42_32_1_1
INFO-FLOW: Append model compute2in_Pipeline_VITIS_LOOP_66_2
INFO-FLOW: Append model compute2in_Pipeline_VITIS_LOOP_87_3
INFO-FLOW: Append model compute2in
INFO-FLOW: Generating RTL model list ...
INFO-FLOW: All models in this session: compute2in_mul_1ns_16ns_32_1_1 compute2in_mac_muladd_1ns_16ns_17ns_33_4_1 compute2in_flow_control_loop_pipe_sequential_init compute2in_mux_42_16_1_1 compute2in_mux_32_16_1_1 compute2in_mux_154_32_1_1 compute2in_mux_124_32_1_1 compute2in_mul_mul_16ns_16ns_32_4_1 compute2in_mac_muladd_16ns_16ns_32ns_32_4_1 compute2in_flow_control_loop_pipe_sequential_init compute2in_mux_42_32_1_1 compute2in_Pipeline_VITIS_LOOP_66_2 compute2in_Pipeline_VITIS_LOOP_87_3 compute2in mul_1ns_16ns_32_1_1 mac_muladd_1ns_16ns_17ns_33_4_1 flow_control_loop_pipe_sequential_init mux_42_16_1_1 mux_32_16_1_1 mux_154_32_1_1 mux_124_32_1_1 mul_mul_16ns_16ns_32_4_1 mac_muladd_16ns_16ns_32ns_32_4_1 flow_control_loop_pipe_sequential_init mux_42_32_1_1 compute2in_Pipeline_VITIS_LOOP_66_2 compute2in_Pipeline_VITIS_LOOP_87_3 compute2in
INFO-FLOW: Generating /home/pulp1/HLS_corrected/Compute_block2in/solution1/.autopilot/db/autopilot.rtl.models.txt file...
INFO-FLOW: To file: write model compute2in_mul_1ns_16ns_32_1_1
INFO-FLOW: To file: write model compute2in_mac_muladd_1ns_16ns_17ns_33_4_1
INFO-FLOW: To file: write model compute2in_flow_control_loop_pipe_sequential_init
INFO-FLOW: To file: write model compute2in_mux_42_16_1_1
INFO-FLOW: To file: write model compute2in_mux_32_16_1_1
INFO-FLOW: To file: write model compute2in_mux_154_32_1_1
INFO-FLOW: To file: write model compute2in_mux_124_32_1_1
INFO-FLOW: To file: write model compute2in_mul_mul_16ns_16ns_32_4_1
INFO-FLOW: To file: write model compute2in_mac_muladd_16ns_16ns_32ns_32_4_1
INFO-FLOW: To file: write model compute2in_flow_control_loop_pipe_sequential_init
INFO-FLOW: To file: write model compute2in_mux_42_32_1_1
INFO-FLOW: To file: write model compute2in_Pipeline_VITIS_LOOP_66_2
INFO-FLOW: To file: write model compute2in_Pipeline_VITIS_LOOP_87_3
INFO-FLOW: To file: write model compute2in
INFO-FLOW: To file: write model mul_1ns_16ns_32_1_1
INFO-FLOW: To file: write model mac_muladd_1ns_16ns_17ns_33_4_1
INFO-FLOW: To file: write model flow_control_loop_pipe_sequential_init
INFO-FLOW: To file: write model mux_42_16_1_1
INFO-FLOW: To file: write model mux_32_16_1_1
INFO-FLOW: To file: write model mux_154_32_1_1
INFO-FLOW: To file: write model mux_124_32_1_1
INFO-FLOW: To file: write model mul_mul_16ns_16ns_32_4_1
INFO-FLOW: To file: write model mac_muladd_16ns_16ns_32ns_32_4_1
INFO-FLOW: To file: write model flow_control_loop_pipe_sequential_init
INFO-FLOW: To file: write model mux_42_32_1_1
INFO-FLOW: To file: write model compute2in_Pipeline_VITIS_LOOP_66_2
INFO-FLOW: To file: write model compute2in_Pipeline_VITIS_LOOP_87_3
INFO-FLOW: To file: write model compute2in
INFO-FLOW: Generating /home/pulp1/HLS_corrected/Compute_block2in/solution1/.autopilot/db/autopilot.rtl.models.tcl file...
INFO-FLOW: Finished generating RTL model list.


INFO-FLOW: RTL Generation done.
INFO-FLOW: CAS Generation done.
INFO-FLOW: CBC Generation done.
INFO-FLOW: DBG:PROC: ::AESL_AUTOMG::auto_generate_csynth_design
INFO-FLOW: DBG:PUTS: read_platform_lib /home/pulp1/HLS_corrected/Compute_block2in/solution1/.autopilot/db/global.setting.tcl
Execute       source /tools/Xilinx/Vitis_HLS/2022.2/common/technology/generic/autopilot/common.gen 
Execute         source /tools/Xilinx/Vitis_HLS/2022.2/common/technology/generic/autopilot/APCoreGen.gen 
Execute       source /tools/Xilinx/Vitis_HLS/2022.2/common/technology/generic/autopilot/op.gen 
Execute       source /tools/Xilinx/Vitis_HLS/2022.2/common/technology/generic/autopilot/op_simcore.gen 
Execute       source /tools/Xilinx/Vitis_HLS/2022.2/common/technology/generic/autopilot/interface.gen 
Execute       source /home/pulp1/HLS_corrected/Compute_block2in/solution1/.autopilot/db/global.setting.tcl 
Execute       source /tools/Xilinx/Vitis_HLS/2022.2/common/technology/xilinx/common/xilinx.gen 
Execute         source /tools/Xilinx/Vitis_HLS/2022.2/common/technology/xilinx/interface/plb46.gen 
Execute         source /tools/Xilinx/Vitis_HLS/2022.2/common/technology/xilinx/interface/axi4.gen 
Execute         source /tools/Xilinx/Vitis_HLS/2022.2/common/technology/xilinx/interface/nativeAXI4.gen 
Execute           source /tools/Xilinx/Vitis_HLS/2022.2/common/technology/xilinx/interface/saxilite.gen 
Execute         source /tools/Xilinx/Vitis_HLS/2022.2/common/technology/xilinx/scripts/xilinxcoregen.gen 
Execute         source /tools/Xilinx/Vitis_HLS/2022.2/common/technology/xilinx/interface/XilEDKCoreGen.gen 
Execute         source /tools/Xilinx/Vitis_HLS/2022.2/common/technology/xilinx/ip/dds_compiler.gen 
Execute         source /tools/Xilinx/Vitis_HLS/2022.2/common/technology/xilinx/ip/util.gen 
Execute         source /tools/Xilinx/Vitis_HLS/2022.2/common/technology/xilinx/ip/xfft.gen 
Execute         source /tools/Xilinx/Vitis_HLS/2022.2/common/technology/xilinx/ip/xfir.gen 
Execute         source /tools/Xilinx/Vitis_HLS/2022.2/common/technology/xilinx/DSP48/dsp48.gen 
INFO-FLOW: DBG:PROC: ::AESL_AUTOMG::generate_ip_cores gen_sim_model='1' gen_fp_models='0' gen_for_export='0' dstSCDir='' dstVhdlDir='/home/pulp1/HLS_corrected/Compute_block2in/solution1/.autopilot/db/vhdl' dstVlogDir='/home/pulp1/HLS_corrected/Compute_block2in/solution1/.autopilot/db/vlog' tclDir='/home/pulp1/HLS_corrected/Compute_block2in/solution1/.autopilot/db' modelList='compute2in_mul_1ns_16ns_32_1_1
compute2in_mac_muladd_1ns_16ns_17ns_33_4_1
compute2in_flow_control_loop_pipe_sequential_init
compute2in_mux_42_16_1_1
compute2in_mux_32_16_1_1
compute2in_mux_154_32_1_1
compute2in_mux_124_32_1_1
compute2in_mul_mul_16ns_16ns_32_4_1
compute2in_mac_muladd_16ns_16ns_32ns_32_4_1
compute2in_flow_control_loop_pipe_sequential_init
compute2in_mux_42_32_1_1
compute2in_Pipeline_VITIS_LOOP_66_2
compute2in_Pipeline_VITIS_LOOP_87_3
compute2in
mul_1ns_16ns_32_1_1
mac_muladd_1ns_16ns_17ns_33_4_1
flow_control_loop_pipe_sequential_init
mux_42_16_1_1
mux_32_16_1_1
mux_154_32_1_1
mux_124_32_1_1
mul_mul_16ns_16ns_32_4_1
mac_muladd_16ns_16ns_32ns_32_4_1
flow_control_loop_pipe_sequential_init
mux_42_32_1_1
compute2in_Pipeline_VITIS_LOOP_66_2
compute2in_Pipeline_VITIS_LOOP_87_3
compute2in
' expOnly='0'
Execute       source /home/pulp1/HLS_corrected/Compute_block2in/solution1/.autopilot/db/global.setting.tcl 
Execute       source /home/pulp1/HLS_corrected/Compute_block2in/solution1/.autopilot/db/global.setting.tcl 
Execute       source /home/pulp1/HLS_corrected/Compute_block2in/solution1/.autopilot/db/compute2in_Pipeline_VITIS_LOOP_66_2.compgen.tcl 
Execute         ap_part_info -name xczu7ev-ffvc1156-2-e -data names -quiet 
Execute         ap_part_info -name xczu7ev-ffvc1156-2-e -data info -quiet 
Execute         ap_part_info -name xczu7ev-ffvc1156-2-e -data info 
Execute       source /home/pulp1/HLS_corrected/Compute_block2in/solution1/.autopilot/db/compute2in_Pipeline_VITIS_LOOP_87_3.compgen.tcl 
Execute         ap_part_info -name xczu7ev-ffvc1156-2-e -data names -quiet 
Execute         ap_part_info -name xczu7ev-ffvc1156-2-e -data info -quiet 
Execute         ap_part_info -name xczu7ev-ffvc1156-2-e -data names -quiet 
Execute         ap_part_info -name xczu7ev-ffvc1156-2-e -data info -quiet 
Execute         ap_part_info -name xczu7ev-ffvc1156-2-e -data names -quiet 
Execute         ap_part_info -name xczu7ev-ffvc1156-2-e -data info -quiet 
Execute         ap_part_info -name xczu7ev-ffvc1156-2-e -data names -quiet 
Execute         ap_part_info -name xczu7ev-ffvc1156-2-e -data info -quiet 
Execute         ap_part_info -name xczu7ev-ffvc1156-2-e -data names -quiet 
Execute         ap_part_info -name xczu7ev-ffvc1156-2-e -data info -quiet 
Execute         ap_part_info -name xczu7ev-ffvc1156-2-e -data names -quiet 
Execute         ap_part_info -name xczu7ev-ffvc1156-2-e -data info -quiet 
Execute         ap_part_info -name xczu7ev-ffvc1156-2-e -data info 
Command       ap_source done; 0.12 sec.
Execute       source /home/pulp1/HLS_corrected/Compute_block2in/solution1/.autopilot/db/compute2in.compgen.tcl 
Execute         ap_part_info -name xczu7ev-ffvc1156-2-e -data names -quiet 
Execute         ap_part_info -name xczu7ev-ffvc1156-2-e -data info -quiet 
Execute       source /home/pulp1/HLS_corrected/Compute_block2in/solution1/.autopilot/db/compute2in_Pipeline_VITIS_LOOP_66_2.compgen.tcl 
Execute       source /home/pulp1/HLS_corrected/Compute_block2in/solution1/.autopilot/db/compute2in_Pipeline_VITIS_LOOP_87_3.compgen.tcl 
Execute       source /home/pulp1/HLS_corrected/Compute_block2in/solution1/.autopilot/db/compute2in.compgen.tcl 
INFO: [HLS 200-111] Finished Generating all RTL models: CPU user time: 0.65 seconds. CPU system time: 0.04 seconds. Elapsed time: 0.7 seconds; current allocated memory: 865.320 MB.
INFO-FLOW: DBG:PROC: ::HLSREPORTS::create_csynth_xml bind_info_var='bind_info' RtlSubPrefix='compute2in_' outfile=''
INFO-FLOW: Running: create_csynth_xml read xml data
INFO-FLOW: Done: create_csynth_xml read xml data time: 0 seconds per iteration
INFO-FLOW: Running: create_csynth_xml bind info
INFO-FLOW: Done: create_csynth_xml bind info time: 0 seconds per iteration
INFO-FLOW: Running: create_csynth_xml config info
INFO-FLOW: Done: create_csynth_xml config info time: 0 seconds per iteration
INFO-FLOW: Running: create_csynth_xml write xml
INFO-FLOW: Done: create_csynth_xml write xml time: 0 seconds per iteration
INFO-FLOW: DBG:PUTS:      create_csynth_xml wrote csynth_xml=/home/pulp1/HLS_corrected/Compute_block2in/solution1/syn/report/csynth.xml
INFO-FLOW: DBG:PROC: ::AP::DESIGN_DATA::generate_json generate_bd_files='0' generate_xo_files='0' modelList='compute2in_mul_1ns_16ns_32_1_1
compute2in_mac_muladd_1ns_16ns_17ns_33_4_1
compute2in_flow_control_loop_pipe_sequential_init
compute2in_mux_42_16_1_1
compute2in_mux_32_16_1_1
compute2in_mux_154_32_1_1
compute2in_mux_124_32_1_1
compute2in_mul_mul_16ns_16ns_32_4_1
compute2in_mac_muladd_16ns_16ns_32ns_32_4_1
compute2in_flow_control_loop_pipe_sequential_init
compute2in_mux_42_32_1_1
compute2in_Pipeline_VITIS_LOOP_66_2
compute2in_Pipeline_VITIS_LOOP_87_3
compute2in
mul_1ns_16ns_32_1_1
mac_muladd_1ns_16ns_17ns_33_4_1
flow_control_loop_pipe_sequential_init
mux_42_16_1_1
mux_32_16_1_1
mux_154_32_1_1
mux_124_32_1_1
mul_mul_16ns_16ns_32_4_1
mac_muladd_16ns_16ns_32ns_32_4_1
flow_control_loop_pipe_sequential_init
mux_42_32_1_1
compute2in_Pipeline_VITIS_LOOP_66_2
compute2in_Pipeline_VITIS_LOOP_87_3
compute2in
' rtl_lang='both' bootstrap_tcl='false' outdir='' outfilename=''
Execute       source /home/pulp1/HLS_corrected/Compute_block2in/solution1/.autopilot/db/global.setting.tcl 
Execute       source /home/pulp1/HLS_corrected/Compute_block2in/solution1/.autopilot/db/global.setting.tcl 
Execute       source /home/pulp1/HLS_corrected/Compute_block2in/solution1/.autopilot/db/top-io-be.tcl 
Execute       source /home/pulp1/HLS_corrected/Compute_block2in/solution1/.autopilot/db/compute2in.tbgen.tcl 
Execute       source /home/pulp1/HLS_corrected/Compute_block2in/solution1/.autopilot/db/compute2in.rtl_wrap.cfg.tcl 
Execute       source /home/pulp1/HLS_corrected/Compute_block2in/solution1/.autopilot/db/compute2in.compgen.dataonly.tcl 
Execute       source /home/pulp1/HLS_corrected/Compute_block2in/solution1/.autopilot/db/compute2in_Pipeline_VITIS_LOOP_66_2.tbgen.tcl 
Execute       source /home/pulp1/HLS_corrected/Compute_block2in/solution1/.autopilot/db/compute2in_Pipeline_VITIS_LOOP_87_3.tbgen.tcl 
Execute       source /home/pulp1/HLS_corrected/Compute_block2in/solution1/.autopilot/db/compute2in.tbgen.tcl 
Execute       source /home/pulp1/HLS_corrected/Compute_block2in/solution1/.autopilot/db/global.setting.tcl 
Execute       ap_part_info -name xczu7ev-ffvc1156-2-e -data names -quiet 
Execute       ap_part_info -name xczu7ev-ffvc1156-2-e -data info -quiet 
Execute       source /home/pulp1/HLS_corrected/Compute_block2in/solution1/.autopilot/db/compute2in.constraint.tcl 
Execute       sc_get_clocks compute2in 
Execute       source /home/pulp1/HLS_corrected/Compute_block2in/solution1/.autopilot/db/global.setting.tcl 
INFO-FLOW: DBG:PROC: ::HLSREPORTS::add_csynth_report_sections bind_info_dict='adapter_nodes {} report_dict {TOPINST compute2in MODULE2INSTS {compute2in compute2in compute2in_Pipeline_VITIS_LOOP_66_2 grp_compute2in_Pipeline_VITIS_LOOP_66_2_fu_389 compute2in_Pipeline_VITIS_LOOP_87_3 grp_compute2in_Pipeline_VITIS_LOOP_87_3_fu_464} INST2MODULE {compute2in compute2in grp_compute2in_Pipeline_VITIS_LOOP_66_2_fu_389 compute2in_Pipeline_VITIS_LOOP_66_2 grp_compute2in_Pipeline_VITIS_LOOP_87_3_fu_464 compute2in_Pipeline_VITIS_LOOP_87_3} INSTDATA {compute2in {DEPTH 1 CHILDREN {grp_compute2in_Pipeline_VITIS_LOOP_66_2_fu_389 grp_compute2in_Pipeline_VITIS_LOOP_87_3_fu_464}} grp_compute2in_Pipeline_VITIS_LOOP_66_2_fu_389 {DEPTH 2 CHILDREN {}} grp_compute2in_Pipeline_VITIS_LOOP_87_3_fu_464 {DEPTH 2 CHILDREN {}}} MODULEDATA {compute2in_Pipeline_VITIS_LOOP_66_2 {BINDINFO {{BINDTYPE op ID {} IMPL fabric LATENCY 0 OPTYPE add PRAGMA {} RTLNAME add_ln66_fu_966_p2 SOURCE Compute_block2in/Compute2in.cpp:66 VARIABLE add_ln66 LOOP VITIS_LOOP_66_2 BUNDLEDNAME {} DSP 0 BRAM 0 URAM 0 DISPNAME {bind_op add}} {BINDTYPE op ID {} IMPL fabric LATENCY 0 OPTYPE add PRAGMA {} RTLNAME add_ln68_fu_976_p2 SOURCE Compute_block2in/Compute2in.cpp:68 VARIABLE add_ln68 LOOP VITIS_LOOP_66_2 BUNDLEDNAME {} DSP 0 BRAM 0 URAM 0 DISPNAME {bind_op add}} {BINDTYPE op ID {} IMPL dsp48 LATENCY 3 OPTYPE mul PRAGMA {} RTLNAME mac_muladd_1ns_16ns_17ns_33_4_1_U2 SOURCE /tools/Xilinx/Vitis_HLS/2022.2/common/technology/autopilot/ap_int_base.h:1494 VARIABLE ret_V_3 LOOP VITIS_LOOP_66_2 BUNDLEDNAME {} DSP 1 BRAM 0 URAM 0 DISPNAME {bind_op mul}} {BINDTYPE op ID {} IMPL auto LATENCY 0 OPTYPE mul PRAGMA {} RTLNAME mul_1ns_16ns_32_1_1_U1 SOURCE /tools/Xilinx/Vitis_HLS/2022.2/common/technology/autopilot/ap_int_base.h:1494 VARIABLE ret_V_4 LOOP VITIS_LOOP_66_2 BUNDLEDNAME {} DSP 0 BRAM 0 URAM 0 DISPNAME {bind_op mul}} {BINDTYPE op ID {} IMPL dsp48 LATENCY 3 OPTYPE add PRAGMA {} RTLNAME mac_muladd_1ns_16ns_17ns_33_4_1_U2 SOURCE /tools/Xilinx/Vitis_HLS/2022.2/common/technology/autopilot/ap_int_base.h:1495 VARIABLE ret_V LOOP VITIS_LOOP_66_2 BUNDLEDNAME {} DSP 1 BRAM 0 URAM 0 DISPNAME {bind_op add}} {BINDTYPE op ID {} IMPL fabric LATENCY 0 OPTYPE add PRAGMA {} RTLNAME self_sum_V_3_fu_1535_p2 SOURCE /tools/Xilinx/Vitis_HLS/2022.2/common/technology/autopilot/ap_int_base.h:840 VARIABLE self_sum_V_3 LOOP VITIS_LOOP_66_2 BUNDLEDNAME {} DSP 0 BRAM 0 URAM 0 DISPNAME {bind_op add}}} AREA {DSP 1 BRAM 0 URAM 0}} compute2in_Pipeline_VITIS_LOOP_87_3 {BINDINFO {{BINDTYPE op ID {} IMPL fabric LATENCY 0 OPTYPE add PRAGMA {} RTLNAME add_ln87_fu_451_p2 SOURCE Compute_block2in/Compute2in.cpp:87 VARIABLE add_ln87 LOOP VITIS_LOOP_87_3 BUNDLEDNAME {} DSP 0 BRAM 0 URAM 0 DISPNAME {bind_op add}} {BINDTYPE op ID {} IMPL dsp48 LATENCY 3 OPTYPE mul PRAGMA {} RTLNAME mul_mul_16ns_16ns_32_4_1_U92 SOURCE /tools/Xilinx/Vitis_HLS/2022.2/common/technology/autopilot/ap_int_base.h:1494 VARIABLE mul_ln1494 LOOP VITIS_LOOP_87_3 BUNDLEDNAME {} DSP 1 BRAM 0 URAM 0 DISPNAME {bind_op mul}} {BINDTYPE op ID {} IMPL dsp48 LATENCY 3 OPTYPE mul PRAGMA {} RTLNAME mac_muladd_16ns_16ns_32ns_32_4_1_U99 SOURCE /tools/Xilinx/Vitis_HLS/2022.2/common/technology/autopilot/ap_int_base.h:1494 VARIABLE mul_ln1494_1 LOOP VITIS_LOOP_87_3 BUNDLEDNAME {} DSP 1 BRAM 0 URAM 0 DISPNAME {bind_op mul}} {BINDTYPE op ID {} IMPL dsp48 LATENCY 3 OPTYPE mul PRAGMA {} RTLNAME mul_mul_16ns_16ns_32_4_1_U93 SOURCE /tools/Xilinx/Vitis_HLS/2022.2/common/technology/autopilot/ap_int_base.h:1494 VARIABLE mul_ln1494_2 LOOP VITIS_LOOP_87_3 BUNDLEDNAME {} DSP 1 BRAM 0 URAM 0 DISPNAME {bind_op mul}} {BINDTYPE op ID {} IMPL dsp48 LATENCY 3 OPTYPE mul PRAGMA {} RTLNAME mul_mul_16ns_16ns_32_4_1_U94 SOURCE /tools/Xilinx/Vitis_HLS/2022.2/common/technology/autopilot/ap_int_base.h:1494 VARIABLE mul_ln1494_3 LOOP VITIS_LOOP_87_3 BUNDLEDNAME {} DSP 1 BRAM 0 URAM 0 DISPNAME {bind_op mul}} {BINDTYPE op ID {} IMPL dsp48 LATENCY 3 OPTYPE mul PRAGMA {} RTLNAME mac_muladd_16ns_16ns_32ns_32_4_1_U96 SOURCE /tools/Xilinx/Vitis_HLS/2022.2/common/technology/autopilot/ap_int_base.h:1494 VARIABLE mul_ln1494_4 LOOP VITIS_LOOP_87_3 BUNDLEDNAME {} DSP 1 BRAM 0 URAM 0 DISPNAME {bind_op mul}} {BINDTYPE op ID {} IMPL dsp48 LATENCY 3 OPTYPE mul PRAGMA {} RTLNAME mac_muladd_16ns_16ns_32ns_32_4_1_U97 SOURCE /tools/Xilinx/Vitis_HLS/2022.2/common/technology/autopilot/ap_int_base.h:1494 VARIABLE mul_ln1494_5 LOOP VITIS_LOOP_87_3 BUNDLEDNAME {} DSP 1 BRAM 0 URAM 0 DISPNAME {bind_op mul}} {BINDTYPE op ID {} IMPL dsp48 LATENCY 3 OPTYPE mul PRAGMA {} RTLNAME mac_muladd_16ns_16ns_32ns_32_4_1_U98 SOURCE /tools/Xilinx/Vitis_HLS/2022.2/common/technology/autopilot/ap_int_base.h:1494 VARIABLE mul_ln1494_6 LOOP VITIS_LOOP_87_3 BUNDLEDNAME {} DSP 1 BRAM 0 URAM 0 DISPNAME {bind_op mul}} {BINDTYPE op ID {} IMPL dsp48 LATENCY 3 OPTYPE add PRAGMA {} RTLNAME mac_muladd_16ns_16ns_32ns_32_4_1_U96 SOURCE Compute_block2in/Compute2in.cpp:96 VARIABLE add_ln96_1 LOOP VITIS_LOOP_87_3 BUNDLEDNAME {} DSP 1 BRAM 0 URAM 0 DISPNAME {bind_op add}} {BINDTYPE op ID {} IMPL dsp48 LATENCY 3 OPTYPE add PRAGMA {} RTLNAME mac_muladd_16ns_16ns_32ns_32_4_1_U98 SOURCE Compute_block2in/Compute2in.cpp:96 VARIABLE add_ln96_2 LOOP VITIS_LOOP_87_3 BUNDLEDNAME {} DSP 1 BRAM 0 URAM 0 DISPNAME {bind_op add}} {BINDTYPE op ID {} IMPL fabric LATENCY 0 OPTYPE add PRAGMA {} RTLNAME add_ln96_3_fu_697_p2 SOURCE Compute_block2in/Compute2in.cpp:96 VARIABLE add_ln96_3 LOOP VITIS_LOOP_87_3 BUNDLEDNAME {} DSP 0 BRAM 0 URAM 0 DISPNAME {bind_op add}} {BINDTYPE op ID {} IMPL dsp48 LATENCY 3 OPTYPE mul PRAGMA {} RTLNAME mul_mul_16ns_16ns_32_4_1_U95 SOURCE /tools/Xilinx/Vitis_HLS/2022.2/common/technology/autopilot/ap_int_base.h:1494 VARIABLE mul_ln1494_7 LOOP VITIS_LOOP_87_3 BUNDLEDNAME {} DSP 1 BRAM 0 URAM 0 DISPNAME {bind_op mul}} {BINDTYPE op ID {} IMPL dsp48 LATENCY 3 OPTYPE add PRAGMA {} RTLNAME mac_muladd_16ns_16ns_32ns_32_4_1_U97 SOURCE /tools/Xilinx/Vitis_HLS/2022.2/common/technology/autopilot/ap_int_base.h:840 VARIABLE add_ln840 LOOP VITIS_LOOP_87_3 BUNDLEDNAME {} DSP 1 BRAM 0 URAM 0 DISPNAME {bind_op add}} {BINDTYPE op ID {} IMPL dsp48 LATENCY 3 OPTYPE add PRAGMA {} RTLNAME mac_muladd_16ns_16ns_32ns_32_4_1_U99 SOURCE /tools/Xilinx/Vitis_HLS/2022.2/common/technology/autopilot/ap_int_base.h:840 VARIABLE add_ln840_1 LOOP VITIS_LOOP_87_3 BUNDLEDNAME {} DSP 1 BRAM 0 URAM 0 DISPNAME {bind_op add}} {BINDTYPE op ID {} IMPL fabric LATENCY 0 OPTYPE add PRAGMA {} RTLNAME add_ln100_fu_915_p2 SOURCE Compute_block2in/Compute2in.cpp:100 VARIABLE add_ln100 LOOP VITIS_LOOP_87_3 BUNDLEDNAME {} DSP 0 BRAM 0 URAM 0 DISPNAME {bind_op add}} {BINDTYPE op ID {} IMPL fabric LATENCY 0 OPTYPE add PRAGMA {} RTLNAME add_ln186_fu_925_p2 SOURCE /tools/Xilinx/Vitis_HLS/2022.2/common/technology/autopilot/ap_int_base.h:186 VARIABLE add_ln186 LOOP VITIS_LOOP_87_3 BUNDLEDNAME {} DSP 0 BRAM 0 URAM 0 DISPNAME {bind_op add}} {BINDTYPE op ID {} IMPL fabric LATENCY 0 OPTYPE add PRAGMA {} RTLNAME add_ln96_fu_902_p2 SOURCE Compute_block2in/Compute2in.cpp:96 VARIABLE add_ln96 LOOP VITIS_LOOP_87_3 BUNDLEDNAME {} DSP 0 BRAM 0 URAM 0 DISPNAME {bind_op add}}} AREA {DSP 8 BRAM 0 URAM 0}} compute2in {BINDINFO {{BINDTYPE op ID {} IMPL fabric LATENCY 0 OPTYPE add PRAGMA {} RTLNAME add_ln63_1_fu_572_p2 SOURCE Compute_block2in/Compute2in.cpp:63 VARIABLE add_ln63_1 LOOP VITIS_LOOP_63_1 BUNDLEDNAME {} DSP 0 BRAM 0 URAM 0 DISPNAME {bind_op add}} {BINDTYPE op ID {} IMPL fabric LATENCY 0 OPTYPE add PRAGMA {} RTLNAME add_ln83_fu_870_p2 SOURCE Compute_block2in/Compute2in.cpp:83 VARIABLE add_ln83 LOOP VITIS_LOOP_63_1 BUNDLEDNAME {} DSP 0 BRAM 0 URAM 0 DISPNAME {bind_op add}} {BINDTYPE op ID {} IMPL fabric LATENCY 0 OPTYPE add PRAGMA {} RTLNAME add_ln63_fu_888_p2 SOURCE Compute_block2in/Compute2in.cpp:63 VARIABLE add_ln63 LOOP VITIS_LOOP_63_1 BUNDLEDNAME {} DSP 0 BRAM 0 URAM 0 DISPNAME {bind_op add}}} AREA {DSP 9 BRAM 0 URAM 0}}}}'
INFO-FLOW: DBG:PUTS:      update_csynth_reports json2rpt_hw_sw_interfaces
INFO-FLOW: Running: gen_csynth_sec_pragma
INFO-FLOW: Done: gen_csynth_sec_pragma time: 0 seconds per iteration
INFO-FLOW: DBG:PUTS:      update_csynth_reports wrote xml
INFO-FLOW: DBG:PUTS:      update_csynth_reports appended to csynth rpt file
INFO: [HLS 200-111] Finished Updating report files: CPU user time: 0.36 seconds. CPU system time: 0.02 seconds. Elapsed time: 0.38 seconds; current allocated memory: 866.145 MB.
INFO: [VHDL 208-304] Generating VHDL RTL for compute2in.
INFO: [VLOG 209-307] Generating Verilog RTL for compute2in.
Execute       syn_report -model compute2in -printsummary 
INFO: [HLS 200-790] **** Loop Constraint Status: All loop constraints were NOT satisfied.
INFO: [HLS 200-789] **** Estimated Fmax: 327.12 MHz
Command     autosyn done; 2.85 sec.
Command   csynth_design done; 13.61 sec.
INFO: [HLS 200-111] Finished Command csynth_design CPU user time: 11.83 seconds. CPU system time: 1.66 seconds. Elapsed time: 13.61 seconds; current allocated memory: 33.914 MB.
Execute   open_project Compute_blockin2 
INFO: [HLS 200-1510] Running: open_project Compute_blockin2 
Execute     close_solution 
Execute       cleanup_all 
Execute       cleanup_all 
INFO-FLOW: Workspace /home/pulp1/HLS_corrected/Compute_block2in/solution1 opened at Mon Sep 14 03:38:37 EEST 2026
Execute     ap_set_clock -name default -period 10 -default=false 
INFO: [SYN 201-201] Setting up clock 'default' with a period of 10ns.
Execute     set_part xczu7ev-ffvc1156-2-e 
Execute       create_platform xczu7ev-ffvc1156-2-e -board  
DBG:HLSDevice: Trying to load device library: /tools/Xilinx/Vitis_HLS/2022.2/lib/lnx64.o/libxv_hlsvwrap.so
DBG:HLSDevice: first parts/arch.xml in RDI_DATADIR: /tools/Xilinx/Vivado/2022.2/data/parts/arch.xml
DBG:HLSDevice: init success
INFO: [HLS 200-1611] Setting target device to 'xczu7ev-ffvc1156-2-e'
Command       create_platform done; 1.88 sec.
Execute       source /tools/Xilinx/Vitis_HLS/2022.2/common/technology/xilinx/common/xilinx.gen 
Execute         source /tools/Xilinx/Vitis_HLS/2022.2/common/technology/xilinx/interface/plb46.gen 
Execute         source /tools/Xilinx/Vitis_HLS/2022.2/common/technology/xilinx/interface/axi4.gen 
Execute         source /tools/Xilinx/Vitis_HLS/2022.2/common/technology/xilinx/interface/nativeAXI4.gen 
Execute           source /tools/Xilinx/Vitis_HLS/2022.2/common/technology/xilinx/interface/saxilite.gen 
Execute         source /tools/Xilinx/Vitis_HLS/2022.2/common/technology/xilinx/scripts/xilinxcoregen.gen 
Execute         source /tools/Xilinx/Vitis_HLS/2022.2/common/technology/xilinx/interface/XilEDKCoreGen.gen 
Execute         source /tools/Xilinx/Vitis_HLS/2022.2/common/technology/xilinx/ip/dds_compiler.gen 
Execute         source /tools/Xilinx/Vitis_HLS/2022.2/common/technology/xilinx/ip/util.gen 
Execute         source /tools/Xilinx/Vitis_HLS/2022.2/common/technology/xilinx/ip/xfft.gen 
Execute         source /tools/Xilinx/Vitis_HLS/2022.2/common/technology/xilinx/ip/xfir.gen 
Execute         source /tools/Xilinx/Vitis_HLS/2022.2/common/technology/xilinx/DSP48/dsp48.gen 
Execute       ap_part_info -name xczu7ev-ffvc1156-2-e -data info 
Execute       config_compile -quiet -complex-mul-dsp=0 
Command     set_part done; 2 sec.
Execute     send_msg_by_id INFO @200-1505@%s%s  vivado 
INFO: [HLS 200-1505] Using flow_target 'vivado'
Execute     send_msg_by_id INFO @200-1464@%s config_interface -m_axi_latency=0 
INFO: [HLS 200-1464] Running solution command: config_interface -m_axi_latency=0
Execute     config_interface -m_axi_latency=0 
Command   open_solution done; 2.1 sec.
Execute   csim_design 
INFO: [HLS 200-1510] Running: csim_design 
Execute     source /home/pulp1/HLS_corrected/Compute_block2in/solution1/.autopilot/db/global.setting.tcl 
INFO: [SIM 211-2] *************** CSIM start ***************
INFO: [SIM 211-4] CSIM will launch GCC as the compiler.
Execute     source csim/.lst_opt.tcl 
Execute     ap_part_info -name xczu7ev-ffvc1156-2-e -data info 
Execute     source run_sim.tcl 
INFO: [SIM 211-1] CSim done with 0 errors.
INFO: [SIM 211-3] *************** CSIM finish ***************
Command   csim_design done; 2.06 sec.
INFO: [HLS 200-111] Finished Command csim_design CPU user time: 1.56 seconds. CPU system time: 0.5 seconds. Elapsed time: 2.06 seconds; current allocated memory: 0.000 MB.
Execute   csynth_design 
INFO: [HLS 200-1510] Running: csynth_design 
Execute     elaborate -effort=medium -skip_syncheck=0 -keep_printf=0 -skip_cdt=0 -skip_transform=0 -ng=0 -g=0 -opt_fp=0 -from_csynth_design=1 
INFO: [HLS 200-111] Finished File checks and directory preparation: CPU user time: 0 seconds. CPU system time: 0 seconds. Elapsed time: 0.01 seconds; current allocated memory: 733.676 MB.
INFO: [HLS 200-10] Analyzing design file 'Compute_block2in/Compute2in.cpp' ... 
INFO-FLOW: Compiling one TU...
INFO-FLOW: Handling Compute_block2in/Compute2in.cpp as C++
Execute       ap_part_info -name xczu7ev-ffvc1156-2-e -data info 
INFO-FLOW: Running: GCC PP 39
INFO-FLOW: Source preprocessing
Execute       ap_eval exec -ignorestderr /tools/Xilinx/Vitis_HLS/2022.2/lnx64/tools/clang-3.9-csynth/bin/clang Compute_block2in/Compute2in.cpp -foptimization-record-file=/home/pulp1/HLS_corrected/Compute_block2in/solution1/.autopilot/db/Compute2in.cpp.clang.diag.yml -mllvm -pass-remarks-missed=reflow|pasta|unroll -mllvm -pass-remarks=reflow|pasta|unroll|inline -fno-limit-debug-info -gcc-toolchain /tools/Xilinx/Vitis_HLS/2022.2/tps/lnx64/gcc-8.3.0 -fhls -fno-exceptions -E -fno-math-errno -c -emit-llvm -mllvm -disable-llvm-optzns -Werror=implicit-function-declaration -Werror=implicit-hls-streams -Werror=return-type -Wpragmas -Wunused-parameter -Wdump-hls-pragmas -Wno-error=dump-hls-pragmas -fno-threadsafe-statics -fno-use-cxa-atexit -std=gnu++14 -target fpga64-xilinx-linux-gnu -fno-threadsafe-statics -fno-use-cxa-atexit -D__VITIS_HLS__ -DAESL_SYN -D__SYNTHESIS__ -D__HLS_SYN__ -I /tools/Xilinx/Vitis_HLS/2022.2/common/technology/autopilot -I /tools/Xilinx/Vitis_HLS/2022.2/common/technology/autopilot/ap_sysc -include etc/autopilot_ssdm_op.h -D__DSP48E2__ -I /usr/include/x86_64-linux-gnu -o /home/pulp1/HLS_corrected/Compute_block2in/solution1/.autopilot/db/Compute2in.pp.0.cpp -hls-platform-db-name=/tools/Xilinx/Vitis_HLS/2022.2/common/technology/xilinx/common/platform.db -hls-platform-name=zynquplus_medium -device-resource-info=BRAM_624.000000_DSP_1728.000000_FF_460800.000000_LUT_230400.000000_SLICE_28800.000000_URAM_96.000000 -device-name-info=xczu7ev-ffvc1156-2-e > /home/pulp1/HLS_corrected/Compute_block2in/solution1/.autopilot/db/Compute2in.cpp.clang.out.log 2> /home/pulp1/HLS_corrected/Compute_block2in/solution1/.autopilot/db/Compute2in.cpp.clang.err.log 
Command       ap_eval done; 0.22 sec.
INFO-FLOW: Done: GCC PP 39 time: 0.2 seconds per iteration
Execute       set_directive_top compute2in -name=compute2in 
Execute       source /tools/Xilinx/Vitis_HLS/2022.2/tps/tcl/tcllib1.11.1/yaml/huddle.tcl 
Execute       source /tools/Xilinx/Vitis_HLS/2022.2/tps/tcl/tcllib1.11.1/yaml/json2huddle.tcl 
INFO-FLOW: Source syntax check for synthesis
Execute       ap_eval exec -ignorestderr /tools/Xilinx/Vitis_HLS/2022.2/lnx64/tools/clang-3.9-csynth/bin/clang -foptimization-record-file=/home/pulp1/HLS_corrected/Compute_block2in/solution1/.autopilot/db/clang.diag.yml -mllvm -pass-remarks-missed=reflow|pasta|unroll -mllvm -pass-remarks=reflow|pasta|unroll|inline -fsyntax-only -fhls -target fpga64-xilinx-linux-gnu /home/pulp1/HLS_corrected/Compute_block2in/solution1/.autopilot/db/Compute2in.pp.0.cpp -hls-platform-db-name=/tools/Xilinx/Vitis_HLS/2022.2/common/technology/xilinx/common/platform.db -hls-platform-name=zynquplus_medium -device-resource-info=BRAM_624.000000_DSP_1728.000000_FF_460800.000000_LUT_230400.000000_SLICE_28800.000000_URAM_96.000000 -device-name-info=xczu7ev-ffvc1156-2-e > /home/pulp1/HLS_corrected/Compute_block2in/solution1/.autopilot/db/clang.out.log 2> /home/pulp1/HLS_corrected/Compute_block2in/solution1/.autopilot/db/clang.err.log 
Command       ap_eval done; 0.72 sec.
Execute       clang_tidy xilinx-systemc-detector -desc systemc-detector /home/pulp1/HLS_corrected/Compute_block2in/solution1/.autopilot/db/Compute2in.pp.0.cpp std=gnu++14 -target fpga  -directive=/home/pulp1/HLS_corrected/Compute_block2in/solution1/.autopilot/db/.systemc_flag 
INFO-FLOW: exec /tools/Xilinx/Vitis_HLS/2022.2/lnx64/tools/clang-3.9-csynth/bin/clang-tidy -header-filter=.* --checks=-*,xilinx-systemc-detector -import-directive=/home/pulp1/HLS_corrected/Compute_block2in/solution1/.autopilot/db/.systemc_flag -fix-errors /home/pulp1/HLS_corrected/Compute_block2in/solution1/.autopilot/db/Compute2in.pp.0.cpp -- -std=gnu++14 -target fpga -fhls -ferror-limit=0
Command       clang_tidy done; 0.61 sec.
INFO-FLOW: Running: clang-tidy CDT preprocess 39
Execute       clang_tidy xilinx-directive2pragma -desc directive2pragma /home/pulp1/HLS_corrected/Compute_block2in/solution1/.autopilot/db/Compute2in.pp.0.cpp std=gnu++14 -target fpga  -directive=/home/pulp1/HLS_corrected/Compute_block2in/solution1/.autopilot/db/all.directive.json 
INFO-FLOW: exec /tools/Xilinx/Vitis_HLS/2022.2/lnx64/tools/clang-3.9-csynth/bin/clang-tidy -header-filter=.* --checks=-*,xilinx-directive2pragma -import-directive=/home/pulp1/HLS_corrected/Compute_block2in/solution1/.autopilot/db/all.directive.json -fix-errors /home/pulp1/HLS_corrected/Compute_block2in/solution1/.autopilot/db/Compute2in.pp.0.cpp -- -std=gnu++14 -target fpga -fhls -ferror-limit=0
Command       clang_tidy done; 1.03 sec.
Execute       clang_tidy xilinx-remove-assert -desc remove-assert /home/pulp1/HLS_corrected/Compute_block2in/solution1/.autopilot/db/Compute2in.pp.0.cpp std=gnu++14 -target fpga  
INFO-FLOW: exec /tools/Xilinx/Vitis_HLS/2022.2/lnx64/tools/clang-3.9-csynth/bin/clang-tidy -header-filter=.* --checks=-*,xilinx-remove-assert -fix-errors /home/pulp1/HLS_corrected/Compute_block2in/solution1/.autopilot/db/Compute2in.pp.0.cpp -- -std=gnu++14 -target fpga -fhls -ferror-limit=0
Command       clang_tidy done; 0.6 sec.
INFO-FLOW: Done: clang-tidy CDT preprocess 39 time: 1.6 seconds per iteration
INFO-FLOW: Calling xilinx-label-all-loops ... 
INFO-FLOW: Calling xilinx-aggregate-on-hls-vector ... 
Execute       clang_tidy -errorcheck -desc loop-label xilinx-label-all-loops,xilinx-aggregate-on-hls-vector,,xilinx-warn-mayneed-no-ctor-attribute /home/pulp1/HLS_corrected/Compute_block2in/solution1/.autopilot/db/Compute2in.pp.0.cpp std=gnu++14 -target fpga  
Execute         ap_eval exec -ignorestderr /tools/Xilinx/Vitis_HLS/2022.2/lnx64/tools/clang-3.9-csynth/bin/clang-tidy -export-fixes=/home/pulp1/HLS_corrected/Compute_block2in/solution1/.autopilot/db/Compute2in.pp.0.cpp.clang-tidy.loop-label.diag.yml -header-filter=.* --checks=-*,xilinx-label-all-loops,xilinx-aggregate-on-hls-vector,,xilinx-warn-mayneed-no-ctor-attribute -fix-errors /home/pulp1/HLS_corrected/Compute_block2in/solution1/.autopilot/db/Compute2in.pp.0.cpp -- -std=gnu++14 -target fpga -fhls -ferror-limit=0 > /home/pulp1/HLS_corrected/Compute_block2in/solution1/.autopilot/db/Compute2in.pp.0.cpp.clang-tidy.loop-label.out.log 2> /home/pulp1/HLS_corrected/Compute_block2in/solution1/.autopilot/db/Compute2in.pp.0.cpp.clang-tidy.loop-label.err.log 
Command         ap_eval done; 1.2 sec.
Execute         source /tools/Xilinx/Vitis_HLS/2022.2/tps/tcl/tcllib1.11.1/yaml/yaml.tcl 
Command       clang_tidy done; 1.25 sec.
Execute       ap_eval exec -ignorestderr /tools/Xilinx/Vitis_HLS/2022.2/lnx64/tools/clang-3.9-csynth/bin/xilinx-dataflow-lawyer -export-fixes=/home/pulp1/HLS_corrected/Compute_block2in/solution1/.autopilot/db/Compute2in.pp.0.cpp.xilinx-dataflow-lawyer.diag.yml /home/pulp1/HLS_corrected/Compute_block2in/solution1/.autopilot/db/Compute2in.pp.0.cpp -- -std=gnu++14 -target fpga -fhls -ferror-limit=0 -fstrict-dataflow > /home/pulp1/HLS_corrected/Compute_block2in/solution1/.autopilot/db/Compute2in.pp.0.cpp.xilinx-dataflow-lawyer.out.log 2> /home/pulp1/HLS_corrected/Compute_block2in/solution1/.autopilot/db/Compute2in.pp.0.cpp.xilinx-dataflow-lawyer.err.log 
Command       ap_eval done; 0.59 sec.
Execute       ap_part_info -name xczu7ev-ffvc1156-2-e -data info 
INFO-FLOW: compiling source code to llvm bc
Execute       ap_eval exec -ignorestderr /tools/Xilinx/Vitis_HLS/2022.2/lnx64/tools/clang-3.9-csynth/bin/clang -foptimization-record-file=/home/pulp1/HLS_corrected/Compute_block2in/solution1/.autopilot/db/Compute2in.pp.0.cpp.clang.diag.yml -mllvm -pass-remarks-missed=reflow|pasta|unroll -mllvm -pass-remarks=reflow|pasta|unroll|inline -fno-limit-debug-info -fhls -flto -fno-exceptions -Wno-error=c++11-narrowing /home/pulp1/HLS_corrected/Compute_block2in/solution1/.autopilot/db/Compute2in.pp.0.cpp -fno-math-errno -c -emit-llvm -mllvm -disable-llvm-optzns -Werror=implicit-function-declaration -Werror=implicit-hls-streams -Werror=return-type -Wpragmas -Wunused-parameter -Wdump-hls-pragmas -Wno-error=dump-hls-pragmas -fno-threadsafe-statics -fno-use-cxa-atexit -std=gnu++14 -target fpga64-xilinx-linux-gnu -D__VITIS_HLS__ -DAESL_SYN -D__SYNTHESIS__ -D__HLS_SYN__ -I /tools/Xilinx/Vitis_HLS/2022.2/common/technology/autopilot -I /tools/Xilinx/Vitis_HLS/2022.2/common/technology/autopilot/ap_sysc -include etc/autopilot_ssdm_op.h -D__DSP48E2__ -g -o /home/pulp1/HLS_corrected/Compute_block2in/solution1/.autopilot/db/Compute2in.bc -hls-platform-db-name=/tools/Xilinx/Vitis_HLS/2022.2/common/technology/xilinx/common/platform.db -hls-platform-name=zynquplus_medium -device-resource-info=BRAM_624.000000_DSP_1728.000000_FF_460800.000000_LUT_230400.000000_SLICE_28800.000000_URAM_96.000000 -device-name-info=xczu7ev-ffvc1156-2-e > /home/pulp1/HLS_corrected/Compute_block2in/solution1/.autopilot/db/Compute2in.pp.0.cpp.clang.out.log 2> /home/pulp1/HLS_corrected/Compute_block2in/solution1/.autopilot/db/Compute2in.pp.0.cpp.clang.err.log 
Command       ap_eval done; 0.73 sec.
INFO: [HLS 200-111] Finished Source Code Analysis and Preprocessing: CPU user time: 5 seconds. CPU system time: 0.8 seconds. Elapsed time: 5.83 seconds; current allocated memory: 736.004 MB.
INFO-FLOW: Linking Debug ...
INFO-FLOW: Linking dut bc code.
Execute       run_link_or_opt -out /home/pulp1/HLS_corrected/Compute_block2in/solution1/.autopilot/db/a.g.ld.0.bc -args  "/home/pulp1/HLS_corrected/Compute_block2in/solution1/.autopilot/db/Compute2in.g.bc"  
Execute         ap_eval exec -ignorestderr /tools/Xilinx/Vitis_HLS/2022.2/lnx64/tools/clang-3.9-csynth/bin/llvm-link /home/pulp1/HLS_corrected/Compute_block2in/solution1/.autopilot/db/Compute2in.g.bc -o /home/pulp1/HLS_corrected/Compute_block2in/solution1/.autopilot/db/a.g.ld.0.bc > /home/pulp1/HLS_corrected/Compute_block2in/solution1/.autopilot/db/a.g.ld.0.bc.llvm-link.out.log 2> /home/pulp1/HLS_corrected/Compute_block2in/solution1/.autopilot/db/a.g.ld.0.bc.llvm-link.err.log 
INFO-FLOW: 
Execute       run_link_or_opt -opt -out /home/pulp1/HLS_corrected/Compute_block2in/solution1/.autopilot/db/a.g.ld.1.lower.bc -args /home/pulp1/HLS_corrected/Compute_block2in/solution1/.autopilot/db/a.g.ld.0.bc -reflow-lower-math-intrinsics 
Execute         ap_eval exec -ignorestderr /tools/Xilinx/Vitis_HLS/2022.2/lnx64/tools/clang-3.9-csynth/bin/opt -pass-remarks-missed=reflow|pasta|unroll -pass-remarks=reflow|pasta|unroll|inline -pass-remarks-output=/home/pulp1/HLS_corrected/Compute_block2in/solution1/.autopilot/db/a.g.ld.1.lower.bc.opt.diag.yml /home/pulp1/HLS_corrected/Compute_block2in/solution1/.autopilot/db/a.g.ld.0.bc -reflow-lower-math-intrinsics -o /home/pulp1/HLS_corrected/Compute_block2in/solution1/.autopilot/db/a.g.ld.1.lower.bc > /home/pulp1/HLS_corrected/Compute_block2in/solution1/.autopilot/db/a.g.ld.1.lower.bc.opt.out.log 2> /home/pulp1/HLS_corrected/Compute_block2in/solution1/.autopilot/db/a.g.ld.1.lower.bc.opt.err.log 
INFO-FLOW: 
INFO-FLOW: Linking math bc lib
Execute       run_link_or_opt -out /home/pulp1/HLS_corrected/Compute_block2in/solution1/.autopilot/db/a.g.ld.2.m1.bc -args /home/pulp1/HLS_corrected/Compute_block2in/solution1/.autopilot/db/a.g.ld.1.lower.bc -only-needed /tools/Xilinx/Vitis_HLS/2022.2/lnx64/lib/libhlsm_39.bc /tools/Xilinx/Vitis_HLS/2022.2/lnx64/lib/libhlsmc++_39.bc 
Execute         ap_eval exec -ignorestderr /tools/Xilinx/Vitis_HLS/2022.2/lnx64/tools/clang-3.9-csynth/bin/llvm-link /home/pulp1/HLS_corrected/Compute_block2in/solution1/.autopilot/db/a.g.ld.1.lower.bc -only-needed /tools/Xilinx/Vitis_HLS/2022.2/lnx64/lib/libhlsm_39.bc /tools/Xilinx/Vitis_HLS/2022.2/lnx64/lib/libhlsmc++_39.bc -o /home/pulp1/HLS_corrected/Compute_block2in/solution1/.autopilot/db/a.g.ld.2.m1.bc > /home/pulp1/HLS_corrected/Compute_block2in/solution1/.autopilot/db/a.g.ld.2.m1.bc.llvm-link.out.log 2> /home/pulp1/HLS_corrected/Compute_block2in/solution1/.autopilot/db/a.g.ld.2.m1.bc.llvm-link.err.log 
Command         ap_eval done; 2.73 sec.
INFO-FLOW: 
Command       run_link_or_opt done; 2.73 sec.
Execute       run_link_or_opt -opt -out /home/pulp1/HLS_corrected/Compute_block2in/solution1/.autopilot/db/a.g.ld.3.fpc.bc -args /home/pulp1/HLS_corrected/Compute_block2in/solution1/.autopilot/db/a.g.ld.2.m1.bc -reflow-globaldce -hls-top-function-name=compute2in -reflow-float-conversion 
Execute         ap_eval exec -ignorestderr /tools/Xilinx/Vitis_HLS/2022.2/lnx64/tools/clang-3.9-csynth/bin/opt -pass-remarks-missed=reflow|pasta|unroll -pass-remarks=reflow|pasta|unroll|inline -pass-remarks-output=/home/pulp1/HLS_corrected/Compute_block2in/solution1/.autopilot/db/a.g.ld.3.fpc.bc.opt.diag.yml /home/pulp1/HLS_corrected/Compute_block2in/solution1/.autopilot/db/a.g.ld.2.m1.bc -reflow-globaldce -hls-top-function-name=compute2in -reflow-float-conversion -o /home/pulp1/HLS_corrected/Compute_block2in/solution1/.autopilot/db/a.g.ld.3.fpc.bc > /home/pulp1/HLS_corrected/Compute_block2in/solution1/.autopilot/db/a.g.ld.3.fpc.bc.opt.out.log 2> /home/pulp1/HLS_corrected/Compute_block2in/solution1/.autopilot/db/a.g.ld.3.fpc.bc.opt.err.log 
Command         ap_eval done; 0.96 sec.
INFO-FLOW: 
Command       run_link_or_opt done; 0.96 sec.
Execute       run_link_or_opt -out /home/pulp1/HLS_corrected/Compute_block2in/solution1/.autopilot/db/a.g.ld.4.m2.bc -args /home/pulp1/HLS_corrected/Compute_block2in/solution1/.autopilot/db/a.g.ld.3.fpc.bc -only-needed /tools/Xilinx/Vitis_HLS/2022.2/lnx64/lib/libfloatconversion_39.bc 
Execute         ap_eval exec -ignorestderr /tools/Xilinx/Vitis_HLS/2022.2/lnx64/tools/clang-3.9-csynth/bin/llvm-link /home/pulp1/HLS_corrected/Compute_block2in/solution1/.autopilot/db/a.g.ld.3.fpc.bc -only-needed /tools/Xilinx/Vitis_HLS/2022.2/lnx64/lib/libfloatconversion_39.bc -o /home/pulp1/HLS_corrected/Compute_block2in/solution1/.autopilot/db/a.g.ld.4.m2.bc > /home/pulp1/HLS_corrected/Compute_block2in/solution1/.autopilot/db/a.g.ld.4.m2.bc.llvm-link.out.log 2> /home/pulp1/HLS_corrected/Compute_block2in/solution1/.autopilot/db/a.g.ld.4.m2.bc.llvm-link.err.log 
INFO-FLOW: 
Execute       run_link_or_opt -opt -out /home/pulp1/HLS_corrected/Compute_block2in/solution1/.autopilot/db/a.g.ld.5.gdce.bc -args /home/pulp1/HLS_corrected/Compute_block2in/solution1/.autopilot/db/a.g.ld.4.m2.bc -reflow-globaldce -hls-top-function-name=compute2in 
Execute         ap_eval exec -ignorestderr /tools/Xilinx/Vitis_HLS/2022.2/lnx64/tools/clang-3.9-csynth/bin/opt -pass-remarks-missed=reflow|pasta|unroll -pass-remarks=reflow|pasta|unroll|inline -pass-remarks-output=/home/pulp1/HLS_corrected/Compute_block2in/solution1/.autopilot/db/a.g.ld.5.gdce.bc.opt.diag.yml /home/pulp1/HLS_corrected/Compute_block2in/solution1/.autopilot/db/a.g.ld.4.m2.bc -reflow-globaldce -hls-top-function-name=compute2in -o /home/pulp1/HLS_corrected/Compute_block2in/solution1/.autopilot/db/a.g.ld.5.gdce.bc > /home/pulp1/HLS_corrected/Compute_block2in/solution1/.autopilot/db/a.g.ld.5.gdce.bc.opt.out.log 2> /home/pulp1/HLS_corrected/Compute_block2in/solution1/.autopilot/db/a.g.ld.5.gdce.bc.opt.err.log 
INFO-FLOW: 
Execute       send_msg_by_id INFO @200-777@%s Vivado 
INFO: [HLS 200-777] Using interface defaults for 'Vivado' flow target.
Execute       is_m_axi_addr64 
INFO-FLOW: Doing LTO.
Execute       ap_eval exec -ignorestderr /tools/Xilinx/Vitis_HLS/2022.2/lnx64/tools/clang-3.9-csynth/bin/clang -foptimization-record-file=/home/pulp1/HLS_corrected/Compute_block2in/solution1/.autopilot/db/a.g.ld.0.bc.clang.diag.yml -mllvm -pass-remarks-missed=reflow|pasta|unroll -mllvm -pass-remarks=reflow|pasta|unroll|inline -fhls -mllvm -hls-top-function-name=compute2in -mllvm -hls-db-dir -mllvm /home/pulp1/HLS_corrected/Compute_block2in/solution1/.autopilot/db -emit-llvm -c -target fpga64-xilinx-none -mllvm -xcl-xmlinfo=/home/pulp1/HLS_corrected/Compute_block2in/solution1/.autopilot/db/kernel.internal.xml -mllvm -top-io-mapping-info=/home/pulp1/HLS_corrected/Compute_block2in/solution1/.autopilot/db/top-io-fe.xml -mllvm -hls-bitcode-version=3.1 -mllvm -reflow-enable-slave-interface-default-setting=true -mllvm -gen-kernel-xml=false -mllvm -default-maxi-offset=slave -mllvm -maxi-latency=0 -mllvm -hls-maxi-data-size-in-bits=8 -mllvm -hls-maxi-max-data-size-in-bits=1024 -mllvm -hls-max-widen-size-in-bits=0 -mllvm -xcl-kernel-max-mem-ports=0 -mllvm -maxi-read-trans=16 -mllvm -maxi-write-trans=16 -mllvm -maxi-read-burst-len=16 -mllvm -maxi-write-burst-len=16 -mllvm -reflow-enable-saxi-64bits=0 -mllvm -reflow-basic-block-instr-threshold=200000 -mllvm -reflow-auto-pipeline-threshold=64 -mllvm -reflow-enable-maxi-auto-id-channel=0 -mllvm -assume-maxi-align=1 -mllvm -reflow-pipeline-style-llvm-setting=2 -mllvm -reflow-enable-dataflow-strict-mode-checking=1 -mllvm -reflow-auto-array-partition-mode=default -mllvm -reflow-enable-auto-array-partition=true -mllvm -reflow-enable-auto-parallel-performance-driven=true -mllvm -reflow-enable-partition-for-automation=true -mllvm -reflow-aggregate-bitwidth-threshold=4096 -mllvm -reflow-assume-no-address-wrap=true -mllvm -hls -mllvm -disable-inlined-alloca-merging=true -mllvm -default-clock-period=10 -x ir /home/pulp1/HLS_corrected/Compute_block2in/solution1/.autopilot/db/a.g.ld.5.gdce.bc -o /home/pulp1/HLS_corrected/Compute_block2in/solution1/.autopilot/db/a.g.lto.bc -hls-platform-db-name=/tools/Xilinx/Vitis_HLS/2022.2/common/technology/xilinx/common/platform.db -hls-platform-name=zynquplus_medium -device-resource-info=BRAM_624.000000_DSP_1728.000000_FF_460800.000000_LUT_230400.000000_SLICE_28800.000000_URAM_96.000000 -device-name-info=xczu7ev-ffvc1156-2-e > /home/pulp1/HLS_corrected/Compute_block2in/solution1/.autopilot/db/a.g.ld.0.bc.clang.out.log 2> /home/pulp1/HLS_corrected/Compute_block2in/solution1/.autopilot/db/a.g.ld.0.bc.clang.err.log 
Command       ap_eval done; 0.39 sec.
INFO: [HLS 214-248] Applying array_partition to '_ZZ10compute2inP6ap_intILi32EES1_S1_bE4REG1': Complete partitioning on dimension 1. (Compute_block2in/Compute2in.cpp:52:0)
INFO: [HLS 214-248] Applying array_partition to 'REG': Complete partitioning on dimension 1. Complete partitioning on dimension 2. (Compute_block2in/Compute2in.cpp:50:13)
INFO-FLOW: DBG:PUTS: copy_raw_kernel_xml ap_link_39: kernel.xml not generated: /home/pulp1/HLS_corrected/Compute_block2in/solution1/.autopilot/db/kernel.internal.xml
INFO: [HLS 200-111] Finished Compiling Optimization and Transform: CPU user time: 3.79 seconds. CPU system time: 0.54 seconds. Elapsed time: 4.44 seconds; current allocated memory: 736.609 MB.
INFO: [HLS 200-111] Finished Checking Pragmas: CPU user time: 0 seconds. CPU system time: 0 seconds. Elapsed time: 0 seconds; current allocated memory: 736.609 MB.
Execute       opt_and_import_c a -opt_level=2 -skip_syncheck=0 -ng=0 -keep_printf=0 
Execute         cleanup_all_models 
INFO: [HLS 200-10] Starting code transformations ...
INFO-FLOW: Running Standard Transforms...
Execute         transform -hls -share-std-xform -demangle-name -inline-byval-memcpy -always-inline -promote-dbg-pointer -interface-preproc -mem2reg -scalarrepl -mem2reg -keep-read-access -instcombine -dce -promote-dbg-pointer -bitop-raise -loop-simplify -indvarspre -indvars -loop-simplify -xunroll -constprop -instcombine -simplifycfg -indvars -simplifycfg -dce -globaldce -basicaa -simplifycfg -mem2reg -globalopt -global-constprop -deadargelim -instcombine -simplifycfg -scalarrepl -instcombine -reassociate -licm -simplifycfg -loop-simplify -indvars -instcombine -simplifycfg -mem2reg -loop-simplify -indvars -instcombine -gvn -gvn -instcombine -adce -break-crit-edges -simplifycfg -loop-delete -global-array-opt -dce -dse -adce -find-syn-modules -top compute2in -deadargelim -mem2reg -instcombine -dce -presyn-prepare -auto-rom-infer -interface-preproc -syn-check -check-rec-only -find-region -simplifycfg -func-extr -function-inline -globaldce -mem2reg -instcombine -dce -gvn -globaldce -adce -adse -constprop -instcombine -bit-constprop -instcombine -dce -simplifycfg -bitop-raise -simplifycfg -dce -loop-delete -reassociate -globalopt -global-privatize -mem2reg -dce -global-constprop -pointer-simplify -constprop -dce -auto-shift-reg-idiom -promote-dbg-pointer -norm-name /home/pulp1/HLS_corrected/Compute_block2in/solution1/.autopilot/db/a.g.0.bc -o /home/pulp1/HLS_corrected/Compute_block2in/solution1/.autopilot/db/a.g.1.bc -f -phase std-opt 
INFO: [HLS 200-111] Finished Standard Transforms: CPU user time: 0.05 seconds. CPU system time: 0.01 seconds. Elapsed time: 0.06 seconds; current allocated memory: 742.320 MB.
INFO: [HLS 200-10] Checking synthesizability ...
INFO-FLOW: Checking Synthesizability 1/2..
Execute         transform -hls -syn-check -check-rec-only -scalarrepl -norm-name -dce -mem2reg -instcombine -directive-preproc -mem2reg -dse -dce -auto-rom-infer -dce -pag -array-normalize -instcombine -dce -array-seg-normalize -instcombine -dce -data-pack -instcombine -dce -inst-simplify -array-flatten -instcombine -dce -array-burst -dce -deadargelim -promote-global-argument -simplifycfg -mem2reg -globaldce -dce -deadargelim -dce -instcombine -function-inline -globaldce -dce -doublePtrSimplify -doublePtrElim -dce -doublePtrSimplify -promote-dbg-pointer -dce -scalarrepl -dse -adse -instcombine -ptrLegalization -simplifycfg -dce -instcombine -pointer-simplify -ptrArgReplace -dce -instcombine -resolve-double-ptr -scalarrepl -norm-name -dce -mem2reg -instcombine -ptrLegalization -simplifycfg -deadargelim -instcombine -dce -inst-simplify -directive-preproc -mem2reg -dse -dce -globaldce /home/pulp1/HLS_corrected/Compute_block2in/solution1/.autopilot/db/a.g.1.bc -o /home/pulp1/HLS_corrected/Compute_block2in/solution1/.autopilot/db/a.g.2.prechk.bc -f 
INFO-FLOW: Checking Synthesizability 2/2..
Execute         transform -syn-check /home/pulp1/HLS_corrected/Compute_block2in/solution1/.autopilot/db/a.g.2.prechk.bc -o /home/pulp1/HLS_corrected/Compute_block2in/solution1/.autopilot/db/a.g.2.bc -f -phase syn-check 
INFO: [HLS 200-111] Finished Checking Synthesizability: CPU user time: 0.07 seconds. CPU system time: 0 seconds. Elapsed time: 0.07 seconds; current allocated memory: 748.105 MB.
INFO-FLOW: Compiler optimizing ...
INFO-FLOW: Share syncheck's 1.bc for syn flow: copy /home/pulp1/HLS_corrected/Compute_block2in/solution1/.autopilot/db/a.g.1.bc to /home/pulp1/HLS_corrected/Compute_block2in/solution1/.autopilot/db/a.o.1.bc
INFO-FLOW: Presyn 1...
Execute         transform -hls -tmp /home/pulp1/HLS_corrected/Compute_block2in/solution1/.autopilot/db -interface-port-rename -directive-preproc -mem2reg -dse -dce -scalarrepl -norm-name -deadargelim -mem2reg -instcombine -dce -simplifycfg -auto-rom-infer -dce -resource-proc -clib-intrinsic-prepare -dce -func-buffer -dce -pag -array-normalize -func-legal -instcombine -gvn -constprop -dce -simplifycfg -mem2reg -globaldce -resolve-double-ptr -dce -deadargelim -dce -instcombine -ptrArgReplace -mem2reg -dce -array-seg-normalize -deadargelim -instcombine -dce -directive-preproc -mem2reg -dse -dce -pointer-simplify -dce -port-alignment -dce -interface-preproc -data-pack -instcombine -dce -basicaa -aggr-aa -aggrmodref-aa -aggr-aa -gvn -gvn -basicaa -aggr-aa -aggrmodref-aa -aggr-aa -dse -adse -adce -loop-simplify -indvars -instcombine -gvn -loop-simplify -mem2reg -dce -find-region -instcombine -auto-loop-pipeline -inst-simplify -interface-preproc -cfgopt -instcombine -indvars -auto-loop-unroll -loop-simplify -loop-bound -xunroll -constprop -instcombine -simplifycfg -indvars -simplifycfg -dce -globaldce -clean-region -attach-range -gvn -inst-simplify -constprop -simplifycfg -dce -pointer-simplify -dce -globalopt -constprop -dce -array-promote -scalar-auto-dep-elim -constprop -dce -ptrArgReplace -mem2reg -simplifycfg -dce -instcombine -dce -array-transform-check -array-reshape -instcombine -simplifycfg -dce -ptrArgReplace -deadargelim -mem2reg -instcombine -simplifycfg -dce -indvars -loop-simplify -loop-bound -xunroll -constprop -instcombine -simplifycfg -indvars -simplifycfg -dce -globaldce -basicaa -aggr-aa -aggrmodref-aa -aggr-aa -dse -duplicate-dataflow-processes -globaldce -instcombine -array-partition -prepare-dynamic-array-partition -instcombine -simplifycfg -dce -ptrArgReplace -global-constprop -deadargelim -mem2reg -func-legal -dce -global-constprop -deadargelim -mem2reg -simplifycfg -dce -merge-param -deadargelim -globalopt -constprop -dce -array-promote -scalar-auto-dep-elim -constprop -dce -ptrArgReplace -mem2reg -simplifycfg -dce -mem-intrinsic-preproc -dce -global-internalize -global-privatize -mem2reg -globaldce -promote-global-argument -ptrArgReplace -mem2reg -dce -globalopt -mergereturn -simplify-global-access -mem2reg -dce -pointer-simplify -dce -functionattrs -basicaa -aggr-aa -aggrmodref-aa -aggr-aa -gvn -gvn -basicaa -aggr-aa -aggrmodref-aa -aggr-aa -dse -adse -adce -dce -norm-name -basicaa -aggr-aa -aggrmodref-aa -aggr-aa -accesses-merge -function-inline -complex-op-raise -inst-simplify -globaldce -func-legal -dce -loop-bound -arraycheck -bitwidthmin2 -bitwidthmin2 -on-by-dataflow -loop-delete -instcombine -simplifycfg -globaldce -dce -gvn -deadargelim -dce -loop-simplify -clean-region -simplifycfg -propagate-stable-arguments -loop-stream -instcombine -simplifycfg -dce -globaldce -duplicate-dataflow-processes -stream-intrinsic-preproc -dce -check-ap-stream -loop-simplify -eliminate-keepreads -extract-dataflow-in-loop -loop-simplify -dce -gvn -deadargelim -dse -duplicate-dataflow-processes -check-dataflow-syntax -legalize-stream-variable -globaldce -legalize-global -extract-subproc -dce -dead-channel-elimination -canonicalize-gep -globaldce -dce -gvn -hls-dead-arg-elim -deadargelim -directive-preproc -canonicalize-dataflow -dce -globaldce -scalar-preprocessing -scalar-propagation2 -deadargelim -globaldce -mem2reg -check-dataflow-channels -function-stream -dce -globaldce -prop-fifo-spec -internal-stream-gen -canonicalize-gep -globaldce -dce -gvn -deadargelim -mergereturn -indvars -loop-simplify -instcombine -array-stream -array-seg-normalize -array-partition -func-legal -instcombine -simplifycfg -dce -bundle-memfifo-ops -deadargelim -directive-preproc -mem2reg -dse -dce -group-axi-access -licm -simplifycfg -dce -loop-delete -hls-display -norm-name /home/pulp1/HLS_corrected/Compute_block2in/solution1/.autopilot/db/a.o.1.bc -o /home/pulp1/HLS_corrected/Compute_block2in/solution1/.autopilot/db/a.o.1.tmp.bc -f 
INFO: [XFORM 203-510] Pipelining loop 'VITIS_LOOP_87_3' (Compute_block2in/Compute2in.cpp:87) in function 'compute2in' automatically.
INFO: [XFORM 203-510] Pipelining loop 'VITIS_LOOP_66_2' (Compute_block2in/Compute2in.cpp:50) in function 'compute2in' automatically.
INFO: [XFORM 203-502] Unrolling all sub-loops inside loop 'VITIS_LOOP_87_3' (Compute_block2in/Compute2in.cpp:87) in function 'compute2in' for pipelining.
INFO: [HLS 200-489] Unrolling loop 'VITIS_LOOP_91_4' (Compute_block2in/Compute2in.cpp:89) in function 'compute2in' completely with a factor of 4.
Command         transform done; 0.13 sec.
INFO-FLOW: Presyn 2...
Execute         transform -hls -keep-callgraph -scalarrepl -mem2reg -port-alignment -attach-range -dce -pipe-mux-gen -indvars -loop-bound -inst-simplify -instcombine -dce -merge-array-access -mem2reg -dce -clean-region -mergereturn -if-conv -instcombine -dce -constprop -basicaa -aggr-aa -aggrmodref-aa -aggr-aa -gvn -gvn -basicaa -aggr-aa -aggrmodref-aa -aggr-aa -dse -adse -adce -scalarrepl -mem2reg -global-constprop -deadargelim -deadargelim -instcombine -dce -simplifycfg -ptrArgReplace -mem2reg -function-inline -globaldce -mem2reg -instcombine -dce -expr-balance -instcombine -dce -bitwidthmin2 -bitwidthmin2 -interface-preproc -directive-preproc -inst-rectify -instcombine -dce -functionattrs -constprop -instcombine -bit-constprop -simplify-global-access -globalopt -globaldce -inst-simplify -instcombine -elimdeaddata -dce -loop-delete -simplifycfg -loop-simplify -barrier -norm-name /home/pulp1/HLS_corrected/Compute_block2in/solution1/.autopilot/db/a.o.1.tmp.bc -o /home/pulp1/HLS_corrected/Compute_block2in/solution1/.autopilot/db/a.o.2.bc -f -phase presyn 
INFO: [XFORM 203-11] Balancing expressions in function 'compute2in' (Compute_block2in/Compute2in.cpp:36:35)...3 expression(s) balanced.
INFO: [HLS 200-111] Finished Loop, function and other optimizations: CPU user time: 0.19 seconds. CPU system time: 0.01 seconds. Elapsed time: 0.2 seconds; current allocated memory: 777.797 MB.
INFO-FLOW: Building ssdm...
Execute         transform -hls -auto-function-inline -globaldce -ptrArgReplace -mem2reg -dce -reset-lda -loop-simplify -indvars -aggr-aa -licm -loop-dep -loop-bound -licm -loop-simplify -loop-sink-hoist -flattenloopnest -array-flatten -gvn -instcombine -dce -array-map -dce -func-legal -gvn -adce -instcombine -cfgopt -simplifycfg -loop-simplify -array-burst -promote-global-argument -dce -array-seg-normalize -basicaa -aggrmodref-aa -globalsmodref-aa -aggr-aa -gvn -gvn -basicaa -aggrmodref-aa -globalsmodref-aa -aggr-aa -dse -adse -adce -licm -inst-simplify -dce -globaldce -instcombine -array-stream -eliminate-keepreads -instcombine -dce -deadargelim -doublePtrSimplify -doublePtrElim -dce -doublePtrSimplify -promote-dbg-pointer -dce -scalarrepl -mem2reg -norm-name -mem2reg -instcombine -dse -adse -adce -ptrLegalization -dce -auto-rom-infer -array-flatten -dce -instcombine -check-doubleptr -loop-rot -constprop -cfgopt -simplifycfg -loop-simplify -indvars -pointer-simplify -dce -loop-bound -loop-simplify -loop-preproc -constprop -global-constprop -gvn -mem2reg -instcombine -dce -loop-bound -loop-merge -dce -deadargelim -dce -canonicalize-dataflow -dce -deadargelim -globaldce -mem2reg -bram-byte-enable -load-elim -read-loop-dep -loop-simplify -loop-extract-inner -directive-preproc -bitwidthmin2 -bitwidthmin2 -read-loop-dep -interface-preproc -directive-preproc -interface-gen -bram-byte-enable-spec-prop -deadargelim -inst-simplify -dce -gvn -mem2reg -instcombine -dce -adse -loop-bound -instcombine -cfgopt -simplifycfg -loop-simplify -clean-region -io-protocol -find-region -mem2reg -bitop-raise -complex-op-raise -inst-simplify -inst-rectify -instcombine -adce -deadargelim -float-op-raise -loop-simplify -phi-opt -bitop-raise -cfgopt -simplifycfg -strip-dead-prototypes -interface-lower -bitop-lower -intrinsic-lower -auto-function-inline -basicaa -aggrmodref-aa -globalsmodref-aa -aggr-aa -inst-simplify -simplifycfg -loop-simplify -mergereturn -inst-simplify -inst-rectify -dce -load-elim -bitop-lower -float-op-raise -fma-raise -loop-rewind -pointer-simplify -dce -cfgopt -dce -loop-bound -loop-dep -read-loop-dep -dce -dyn-mem-reuse -dce -recurrence-min -dce -share-scalar-alloca -deadargelim -dce -check-stream -norm-name -legalize -validate-dataflow -inst-clarity -bitwidth -dump-loop-dep-to-ir -check-all-ssdm -cdfg-build /home/pulp1/HLS_corrected/Compute_block2in/solution1/.autopilot/db/a.o.2.bc -o /home/pulp1/HLS_corrected/Compute_block2in/solution1/.autopilot/db/a.o.3.bc -f -phase build-ssdm 
WARNING: [HLS 200-960] Cannot flatten loop 'VITIS_LOOP_63_1' (Compute_block2in/Compute2in.cpp:50:13) in function 'compute2in' more than one sub loop.
Command         transform done; 0.15 sec.
INFO: [HLS 200-111] Finished Architecture Synthesis: CPU user time: 0.14 seconds. CPU system time: 0.01 seconds. Elapsed time: 0.15 seconds; current allocated memory: 791.168 MB.
INFO-FLOW: Finish building internal data model.
Command       opt_and_import_c done; 0.48 sec.
Command     elaborate done; 10.75 sec.
Execute     ap_eval exec zip -j /home/pulp1/HLS_corrected/Compute_block2in/solution1/.autopilot/db/dut.hcp $dbDir/a.o.3.bc $dbDir/${topname}.rtl_wrap.cfg.tcl $dbDir/apatb_${topname}.cpp $dbDir/apatb_${topname}_util.cpp $dbDir/apatb_${topname}_ir.ll $dbDir/mapper_${topname}.cpp $dbDir/top-io-fe.xml $dbDir/kernel.internal.xml $workdir/../hls.app 
Execute     autosyn -from_csynth_design=1 
INFO: [HLS 200-10] Starting hardware synthesis ...
INFO-FLOW: Synthesizing C/C++ design ...
INFO: [HLS 200-10] Synthesizing 'compute2in' ...
Execute       ap_set_top_model compute2in 
Execute       get_model_list compute2in -filter all-wo-channel -topdown 
Execute       preproc_iomode -model compute2in 
Execute       preproc_iomode -model compute2in_Pipeline_VITIS_LOOP_87_3 
Execute       preproc_iomode -model compute2in_Pipeline_VITIS_LOOP_66_2 
Execute       get_model_list compute2in -filter all-wo-channel 
INFO-FLOW: Model list for configure: compute2in_Pipeline_VITIS_LOOP_66_2 compute2in_Pipeline_VITIS_LOOP_87_3 compute2in
INFO-FLOW: Configuring Module : compute2in_Pipeline_VITIS_LOOP_66_2 ...
Execute       set_default_model compute2in_Pipeline_VITIS_LOOP_66_2 
Execute       apply_spec_resource_limit compute2in_Pipeline_VITIS_LOOP_66_2 
INFO-FLOW: Configuring Module : compute2in_Pipeline_VITIS_LOOP_87_3 ...
Execute       set_default_model compute2in_Pipeline_VITIS_LOOP_87_3 
Execute       apply_spec_resource_limit compute2in_Pipeline_VITIS_LOOP_87_3 
INFO-FLOW: Configuring Module : compute2in ...
Execute       set_default_model compute2in 
Execute       apply_spec_resource_limit compute2in 
INFO-FLOW: Model list for preprocess: compute2in_Pipeline_VITIS_LOOP_66_2 compute2in_Pipeline_VITIS_LOOP_87_3 compute2in
INFO-FLOW: Preprocessing Module: compute2in_Pipeline_VITIS_LOOP_66_2 ...
Execute       set_default_model compute2in_Pipeline_VITIS_LOOP_66_2 
Execute       cdfg_preprocess -model compute2in_Pipeline_VITIS_LOOP_66_2 
Execute       rtl_gen_preprocess compute2in_Pipeline_VITIS_LOOP_66_2 
INFO-FLOW: Preprocessing Module: compute2in_Pipeline_VITIS_LOOP_87_3 ...
Execute       set_default_model compute2in_Pipeline_VITIS_LOOP_87_3 
Execute       cdfg_preprocess -model compute2in_Pipeline_VITIS_LOOP_87_3 
Execute       rtl_gen_preprocess compute2in_Pipeline_VITIS_LOOP_87_3 
INFO-FLOW: Preprocessing Module: compute2in ...
Execute       set_default_model compute2in 
Execute       cdfg_preprocess -model compute2in 
Execute       rtl_gen_preprocess compute2in 
INFO-FLOW: Model list for synthesis: compute2in_Pipeline_VITIS_LOOP_66_2 compute2in_Pipeline_VITIS_LOOP_87_3 compute2in
INFO: [HLS 200-10] ----------------------------------------------------------------
INFO: [HLS 200-42] -- Implementing module 'compute2in_Pipeline_VITIS_LOOP_66_2' 
INFO: [HLS 200-10] ----------------------------------------------------------------
Execute       set_default_model compute2in_Pipeline_VITIS_LOOP_66_2 
Execute       schedule -model compute2in_Pipeline_VITIS_LOOP_66_2 
INFO: [SCHED 204-11] Starting scheduling ...
INFO: [HLS 200-486] Changing DSP latency (root=ret_V_3) to 3 in order to utilize available DSP registers.
INFO: [HLS 200-486] Changing DSP latency (root=ret_V_4) to 3 in order to utilize available DSP registers.
INFO: [SCHED 204-61] Pipelining loop 'VITIS_LOOP_66_2'.
INFO: [HLS 200-1470] Pipelining result : Target II = NA, Final II = 1, Depth = 6, loop 'VITIS_LOOP_66_2'
INFO: [SCHED 204-11] Finished scheduling.
Command       schedule done; 0.16 sec.
INFO: [HLS 200-111] Finished Scheduling: CPU user time: 0.19 seconds. CPU system time: 0.04 seconds. Elapsed time: 0.24 seconds; current allocated memory: 795.004 MB.
Execute       syn_report -verbosereport -o /home/pulp1/HLS_corrected/Compute_block2in/solution1/.autopilot/db/compute2in_Pipeline_VITIS_LOOP_66_2.verbose.sched.rpt 
Execute         AP::get_flow_target_display_name
Execute       db_write -o /home/pulp1/HLS_corrected/Compute_block2in/solution1/.autopilot/db/compute2in_Pipeline_VITIS_LOOP_66_2.sched.adb -f 
INFO-FLOW: Finish scheduling compute2in_Pipeline_VITIS_LOOP_66_2.
Execute       set_default_model compute2in_Pipeline_VITIS_LOOP_66_2 
Execute       bind -model compute2in_Pipeline_VITIS_LOOP_66_2 
INFO: [BIND 205-100] Starting micro-architecture generation ...
INFO: [BIND 205-101] Performing variable lifetime analysis.
INFO: [BIND 205-101] Exploring resource sharing.
INFO: [BIND 205-101] Binding ...
INFO: [BIND 205-100] Finished micro-architecture generation.
INFO: [HLS 200-111] Finished Binding: CPU user time: 0.1 seconds. CPU system time: 0 seconds. Elapsed time: 0.11 seconds; current allocated memory: 795.004 MB.
Execute       syn_report -verbosereport -o /home/pulp1/HLS_corrected/Compute_block2in/solution1/.autopilot/db/compute2in_Pipeline_VITIS_LOOP_66_2.verbose.bind.rpt 
Execute         AP::get_flow_target_display_name
Command       syn_report done; 0.12 sec.
Execute       db_write -o /home/pulp1/HLS_corrected/Compute_block2in/solution1/.autopilot/db/compute2in_Pipeline_VITIS_LOOP_66_2.bind.adb -f 
INFO-FLOW: Finish binding compute2in_Pipeline_VITIS_LOOP_66_2.
INFO: [HLS 200-10] ----------------------------------------------------------------
INFO: [HLS 200-42] -- Implementing module 'compute2in_Pipeline_VITIS_LOOP_87_3' 
INFO: [HLS 200-10] ----------------------------------------------------------------
Execute       set_default_model compute2in_Pipeline_VITIS_LOOP_87_3 
Execute       schedule -model compute2in_Pipeline_VITIS_LOOP_87_3 
INFO: [SCHED 204-11] Starting scheduling ...
INFO: [HLS 200-486] Changing DSP latency (root=mul_ln1494_1) to 3 in order to utilize available DSP registers.
INFO: [HLS 200-486] Changing DSP latency (root=mul_ln1494_5) to 3 in order to utilize available DSP registers.
INFO: [HLS 200-486] Changing DSP latency (root=mul_ln1494_7) to 3 in order to utilize available DSP registers.
INFO: [HLS 200-486] Changing DSP latency (root=mul_ln1494_6) to 3 in order to utilize available DSP registers.
INFO: [HLS 200-486] Changing DSP latency (root=mul_ln1494_4) to 3 in order to utilize available DSP registers.
INFO: [HLS 200-486] Changing DSP latency (root=mul_ln1494_3) to 3 in order to utilize available DSP registers.
INFO: [HLS 200-486] Changing DSP latency (root=mul_ln1494_2) to 3 in order to utilize available DSP registers.
INFO: [HLS 200-486] Changing DSP latency (root=mul_ln1494) to 3 in order to utilize available DSP registers.
INFO: [SCHED 204-61] Pipelining loop 'VITIS_LOOP_87_3'.
WARNING: [HLS 200-880] The II Violation in module 'compute2in_Pipeline_VITIS_LOOP_87_3' (loop 'VITIS_LOOP_87_3'): Unable to enforce a carried dependence constraint (II = 1, distance = 1, offset = 1) between 'store' operation ('buffer_2_addr_1_write_ln97', Compute_block2in/Compute2in.cpp:97) of variable 'add_ln97', Compute_block2in/Compute2in.cpp:97 on array 'buffer_2' and 'store' operation ('buffer_2_addr_write_ln96', Compute_block2in/Compute2in.cpp:96) of variable 'add_ln96', Compute_block2in/Compute2in.cpp:96 on array 'buffer_2'.
INFO: [HLS 200-1470] Pipelining result : Target II = NA, Final II = 2, Depth = 7, loop 'VITIS_LOOP_87_3'
INFO: [SCHED 204-11] Finished scheduling.
Command       schedule done; 0.11 sec.
INFO: [HLS 200-111] Finished Scheduling: CPU user time: 0.24 seconds. CPU system time: 0.02 seconds. Elapsed time: 0.25 seconds; current allocated memory: 797.203 MB.
Execute       syn_report -verbosereport -o /home/pulp1/HLS_corrected/Compute_block2in/solution1/.autopilot/db/compute2in_Pipeline_VITIS_LOOP_87_3.verbose.sched.rpt 
Execute         AP::get_flow_target_display_name
Execute       db_write -o /home/pulp1/HLS_corrected/Compute_block2in/solution1/.autopilot/db/compute2in_Pipeline_VITIS_LOOP_87_3.sched.adb -f 
INFO-FLOW: Finish scheduling compute2in_Pipeline_VITIS_LOOP_87_3.
Execute       set_default_model compute2in_Pipeline_VITIS_LOOP_87_3 
Execute       bind -model compute2in_Pipeline_VITIS_LOOP_87_3 
INFO: [BIND 205-100] Starting micro-architecture generation ...
INFO: [BIND 205-101] Performing variable lifetime analysis.
INFO: [BIND 205-101] Exploring resource sharing.
INFO: [BIND 205-101] Binding ...
INFO: [BIND 205-100] Finished micro-architecture generation.
INFO: [HLS 200-111] Finished Binding: CPU user time: 0.07 seconds. CPU system time: 0 seconds. Elapsed time: 0.08 seconds; current allocated memory: 797.203 MB.
Execute       syn_report -verbosereport -o /home/pulp1/HLS_corrected/Compute_block2in/solution1/.autopilot/db/compute2in_Pipeline_VITIS_LOOP_87_3.verbose.bind.rpt 
Execute         AP::get_flow_target_display_name
Execute       db_write -o /home/pulp1/HLS_corrected/Compute_block2in/solution1/.autopilot/db/compute2in_Pipeline_VITIS_LOOP_87_3.bind.adb -f 
INFO-FLOW: Finish binding compute2in_Pipeline_VITIS_LOOP_87_3.
INFO: [HLS 200-10] ----------------------------------------------------------------
INFO: [HLS 200-42] -- Implementing module 'compute2in' 
INFO: [HLS 200-10] ----------------------------------------------------------------
Execute       set_default_model compute2in 
Execute       schedule -model compute2in 
INFO: [SCHED 204-11] Starting scheduling ...
INFO: [SCHED 204-11] Finished scheduling.
INFO: [HLS 200-111] Finished Scheduling: CPU user time: 0.16 seconds. CPU system time: 0 seconds. Elapsed time: 0.16 seconds; current allocated memory: 798.656 MB.
Execute       syn_report -verbosereport -o /home/pulp1/HLS_corrected/Compute_block2in/solution1/.autopilot/db/compute2in.verbose.sched.rpt 
Execute         AP::get_flow_target_display_name
Execute       db_write -o /home/pulp1/HLS_corrected/Compute_block2in/solution1/.autopilot/db/compute2in.sched.adb -f 
INFO-FLOW: Finish scheduling compute2in.
Execute       set_default_model compute2in 
Execute       bind -model compute2in 
INFO: [BIND 205-100] Starting micro-architecture generation ...
INFO: [BIND 205-101] Performing variable lifetime analysis.
INFO: [BIND 205-101] Exploring resource sharing.
INFO: [BIND 205-101] Binding ...
INFO: [BIND 205-100] Finished micro-architecture generation.
INFO: [HLS 200-111] Finished Binding: CPU user time: 0.1 seconds. CPU system time: 0 seconds. Elapsed time: 0.1 seconds; current allocated memory: 798.656 MB.
Execute       syn_report -verbosereport -o /home/pulp1/HLS_corrected/Compute_block2in/solution1/.autopilot/db/compute2in.verbose.bind.rpt 
Execute         AP::get_flow_target_display_name
Command       syn_report done; 0.14 sec.
Execute       db_write -o /home/pulp1/HLS_corrected/Compute_block2in/solution1/.autopilot/db/compute2in.bind.adb -f 
INFO-FLOW: Finish binding compute2in.
Execute       get_model_list compute2in -filter all-wo-channel 
INFO-FLOW: Preprocessing for RTLGen ...
Execute       rtl_gen_preprocess compute2in_Pipeline_VITIS_LOOP_66_2 
Execute       rtl_gen_preprocess compute2in_Pipeline_VITIS_LOOP_87_3 
Execute       rtl_gen_preprocess compute2in 
INFO-FLOW: Model list for RTL generation: compute2in_Pipeline_VITIS_LOOP_66_2 compute2in_Pipeline_VITIS_LOOP_87_3 compute2in
INFO: [HLS 200-10] ----------------------------------------------------------------
INFO: [HLS 200-10] -- Generating RTL for module 'compute2in_Pipeline_VITIS_LOOP_66_2' 
INFO: [HLS 200-10] ----------------------------------------------------------------
Execute       create_rtl_model compute2in_Pipeline_VITIS_LOOP_66_2 -top_prefix compute2in_ -sub_prefix compute2in_ -mg_file /home/pulp1/HLS_corrected/Compute_block2in/solution1/.autopilot/db/compute2in_Pipeline_VITIS_LOOP_66_2.compgen.tcl 
INFO: [HLS 200-1030] Apply Unified Pipeline Control on module 'compute2in_Pipeline_VITIS_LOOP_66_2' pipeline 'VITIS_LOOP_66_2' pipeline type 'loop pipeline'
INFO: [RTGEN 206-100] Generating core module 'mac_muladd_16ns_16ns_32ns_33_4_1': 1 instance(s).
INFO: [RTGEN 206-100] Generating core module 'mul_mul_16ns_16ns_32_4_1': 1 instance(s).
INFO: [RTGEN 206-100] Finished creating RTL model for 'compute2in_Pipeline_VITIS_LOOP_66_2'.
INFO: [HLS 200-111] Finished Creating RTL model: CPU user time: 0.2 seconds. CPU system time: 0.01 seconds. Elapsed time: 0.27 seconds; current allocated memory: 798.949 MB.
Execute       source /home/pulp1/HLS_corrected/Compute_block2in/solution1/.autopilot/db/compute2in.rtl_wrap.cfg.tcl 
Execute       gen_rtl compute2in_Pipeline_VITIS_LOOP_66_2 -style xilinx -f -lang vhdl -o /home/pulp1/HLS_corrected/Compute_block2in/solution1/syn/vhdl/compute2in_compute2in_Pipeline_VITIS_LOOP_66_2 
Execute       gen_rtl compute2in_Pipeline_VITIS_LOOP_66_2 -style xilinx -f -lang vlog -o /home/pulp1/HLS_corrected/Compute_block2in/solution1/syn/verilog/compute2in_compute2in_Pipeline_VITIS_LOOP_66_2 
Execute       syn_report -csynth -model compute2in_Pipeline_VITIS_LOOP_66_2 -o /home/pulp1/HLS_corrected/Compute_block2in/solution1/syn/report/compute2in_Pipeline_VITIS_LOOP_66_2_csynth.rpt 
Execute         AP::get_flow_target_display_name
Execute       syn_report -rtlxml -model compute2in_Pipeline_VITIS_LOOP_66_2 -o /home/pulp1/HLS_corrected/Compute_block2in/solution1/syn/report/compute2in_Pipeline_VITIS_LOOP_66_2_csynth.xml 
Execute       syn_report -verbosereport -model compute2in_Pipeline_VITIS_LOOP_66_2 -o /home/pulp1/HLS_corrected/Compute_block2in/solution1/.autopilot/db/compute2in_Pipeline_VITIS_LOOP_66_2.verbose.rpt 
Execute         AP::get_flow_target_display_name
Command       syn_report done; 0.15 sec.
Execute       db_write -model compute2in_Pipeline_VITIS_LOOP_66_2 -f -o /home/pulp1/HLS_corrected/Compute_block2in/solution1/.autopilot/db/compute2in_Pipeline_VITIS_LOOP_66_2.adb 
Execute       db_write -model compute2in_Pipeline_VITIS_LOOP_66_2 -bindview -o /home/pulp1/HLS_corrected/Compute_block2in/solution1/.autopilot/db/design.bindinfo.xml 
Execute       gen_tb_info compute2in_Pipeline_VITIS_LOOP_66_2 -p /home/pulp1/HLS_corrected/Compute_block2in/solution1/.autopilot/db -o /home/pulp1/HLS_corrected/Compute_block2in/solution1/.autopilot/db/compute2in_Pipeline_VITIS_LOOP_66_2 
INFO: [HLS 200-10] ----------------------------------------------------------------
INFO: [HLS 200-10] -- Generating RTL for module 'compute2in_Pipeline_VITIS_LOOP_87_3' 
INFO: [HLS 200-10] ----------------------------------------------------------------
Execute       create_rtl_model compute2in_Pipeline_VITIS_LOOP_87_3 -top_prefix compute2in_ -sub_prefix compute2in_ -mg_file /home/pulp1/HLS_corrected/Compute_block2in/solution1/.autopilot/db/compute2in_Pipeline_VITIS_LOOP_87_3.compgen.tcl 
WARNING: [RTGEN 206-101] Register 'compute2in_ap_int_32_ap_int_32_ap_int_32_bool_REG1_1' is power-on initialization.
WARNING: [RTGEN 206-101] Register 'compute2in_ap_int_32_ap_int_32_ap_int_32_bool_REG1_2' is power-on initialization.
WARNING: [RTGEN 206-101] Register 'compute2in_ap_int_32_ap_int_32_ap_int_32_bool_REG1_3' is power-on initialization.
WARNING: [RTGEN 206-101] Register 'compute2in_ap_int_32_ap_int_32_ap_int_32_bool_REG1_4' is power-on initialization.
WARNING: [RTGEN 206-101] Register 'compute2in_ap_int_32_ap_int_32_ap_int_32_bool_REG1_6' is power-on initialization.
WARNING: [RTGEN 206-101] Register 'compute2in_ap_int_32_ap_int_32_ap_int_32_bool_REG1_7' is power-on initialization.
WARNING: [RTGEN 206-101] Register 'compute2in_ap_int_32_ap_int_32_ap_int_32_bool_REG1_8' is power-on initialization.
WARNING: [RTGEN 206-101] Register 'compute2in_ap_int_32_ap_int_32_ap_int_32_bool_REG1_9' is power-on initialization.
WARNING: [RTGEN 206-101] Register 'p_ZZ10compute2inP6ap_intILi32EES1_S1_bE4REG1_11' is power-on initialization.
WARNING: [RTGEN 206-101] Register 'p_ZZ10compute2inP6ap_intILi32EES1_S1_bE4REG1_12' is power-on initialization.
WARNING: [RTGEN 206-101] Register 'p_ZZ10compute2inP6ap_intILi32EES1_S1_bE4REG1_13' is power-on initialization.
WARNING: [RTGEN 206-101] Register 'p_ZZ10compute2inP6ap_intILi32EES1_S1_bE4REG1_14' is power-on initialization.
INFO: [HLS 200-1030] Apply Unified Pipeline Control on module 'compute2in_Pipeline_VITIS_LOOP_87_3' pipeline 'VITIS_LOOP_87_3' pipeline type 'loop pipeline'
INFO: [RTGEN 206-100] Generating core module 'mac_muladd_16ns_16ns_32ns_32_4_1': 4 instance(s).
INFO: [RTGEN 206-100] Generating core module 'mul_mul_16ns_16ns_32_4_1': 4 instance(s).
INFO: [RTGEN 206-100] Generating core module 'mux_124_32_1_1': 1 instance(s).
INFO: [RTGEN 206-100] Generating core module 'mux_154_32_1_1': 1 instance(s).
INFO: [RTGEN 206-100] Generating core module 'mux_32_16_1_1': 8 instance(s).
INFO: [RTGEN 206-100] Generating core module 'mux_42_16_1_1': 8 instance(s).
INFO: [RTGEN 206-100] Finished creating RTL model for 'compute2in_Pipeline_VITIS_LOOP_87_3'.
INFO: [HLS 200-111] Finished Creating RTL model: CPU user time: 0.43 seconds. CPU system time: 0.01 seconds. Elapsed time: 0.44 seconds; current allocated memory: 805.234 MB.
Execute       source /home/pulp1/HLS_corrected/Compute_block2in/solution1/.autopilot/db/compute2in.rtl_wrap.cfg.tcl 
Execute       gen_rtl compute2in_Pipeline_VITIS_LOOP_87_3 -style xilinx -f -lang vhdl -o /home/pulp1/HLS_corrected/Compute_block2in/solution1/syn/vhdl/compute2in_compute2in_Pipeline_VITIS_LOOP_87_3 
Execute       gen_rtl compute2in_Pipeline_VITIS_LOOP_87_3 -style xilinx -f -lang vlog -o /home/pulp1/HLS_corrected/Compute_block2in/solution1/syn/verilog/compute2in_compute2in_Pipeline_VITIS_LOOP_87_3 
Execute       syn_report -csynth -model compute2in_Pipeline_VITIS_LOOP_87_3 -o /home/pulp1/HLS_corrected/Compute_block2in/solution1/syn/report/compute2in_Pipeline_VITIS_LOOP_87_3_csynth.rpt 
Execute         AP::get_flow_target_display_name
Execute       syn_report -rtlxml -model compute2in_Pipeline_VITIS_LOOP_87_3 -o /home/pulp1/HLS_corrected/Compute_block2in/solution1/syn/report/compute2in_Pipeline_VITIS_LOOP_87_3_csynth.xml 
Execute       syn_report -verbosereport -model compute2in_Pipeline_VITIS_LOOP_87_3 -o /home/pulp1/HLS_corrected/Compute_block2in/solution1/.autopilot/db/compute2in_Pipeline_VITIS_LOOP_87_3.verbose.rpt 
Execute         AP::get_flow_target_display_name
Execute       db_write -model compute2in_Pipeline_VITIS_LOOP_87_3 -f -o /home/pulp1/HLS_corrected/Compute_block2in/solution1/.autopilot/db/compute2in_Pipeline_VITIS_LOOP_87_3.adb 
Execute       db_write -model compute2in_Pipeline_VITIS_LOOP_87_3 -bindview -o /home/pulp1/HLS_corrected/Compute_block2in/solution1/.autopilot/db/design.bindinfo.xml 
Execute       gen_tb_info compute2in_Pipeline_VITIS_LOOP_87_3 -p /home/pulp1/HLS_corrected/Compute_block2in/solution1/.autopilot/db -o /home/pulp1/HLS_corrected/Compute_block2in/solution1/.autopilot/db/compute2in_Pipeline_VITIS_LOOP_87_3 
INFO: [HLS 200-10] ----------------------------------------------------------------
INFO: [HLS 200-10] -- Generating RTL for module 'compute2in' 
INFO: [HLS 200-10] ----------------------------------------------------------------
Execute       create_rtl_model compute2in -top_prefix  -sub_prefix compute2in_ -mg_file /home/pulp1/HLS_corrected/Compute_block2in/solution1/.autopilot/db/compute2in.compgen.tcl 
INFO: [RTGEN 206-500] Setting interface mode on port 'compute2in/buffer_a' to 'ap_memory'.
INFO: [RTGEN 206-500] Setting interface mode on port 'compute2in/buffer_b' to 'ap_memory'.
INFO: [RTGEN 206-500] Setting interface mode on port 'compute2in/buffer_2' to 'ap_memory'.
INFO: [RTGEN 206-500] Setting interface mode on port 'compute2in/phase' to 'ap_none'.
INFO: [RTGEN 206-500] Setting interface mode on function 'compute2in' to 'ap_ctrl_hs'.
WARNING: [RTGEN 206-101] Register 'compute2in_ap_int_32_ap_int_32_ap_int_32_bool_REG1' is power-on initialization.
WARNING: [RTGEN 206-101] Register 'compute2in_ap_int_32_ap_int_32_ap_int_32_bool_REG1_5' is power-on initialization.
WARNING: [RTGEN 206-101] Register 'p_ZZ10compute2inP6ap_intILi32EES1_S1_bE4REG1_10' is power-on initialization.
WARNING: [RTGEN 206-101] Register 'p_ZZ10compute2inP6ap_intILi32EES1_S1_bE4REG1_15' is power-on initialization.
INFO: [RTGEN 206-100] Generating core module 'mux_42_32_1_1': 1 instance(s).
INFO: [RTGEN 206-100] Finished creating RTL model for 'compute2in'.
INFO: [HLS 200-111] Finished Creating RTL model: CPU user time: 0.24 seconds. CPU system time: 0.02 seconds. Elapsed time: 0.26 seconds; current allocated memory: 810.062 MB.
Execute       source /home/pulp1/HLS_corrected/Compute_block2in/solution1/.autopilot/db/compute2in.rtl_wrap.cfg.tcl 
Execute       gen_rtl compute2in -istop -style xilinx -f -lang vhdl -o /home/pulp1/HLS_corrected/Compute_block2in/solution1/syn/vhdl/compute2in 
Execute       gen_rtl compute2in -istop -style xilinx -f -lang vlog -o /home/pulp1/HLS_corrected/Compute_block2in/solution1/syn/verilog/compute2in 
Execute       syn_report -csynth -model compute2in -o /home/pulp1/HLS_corrected/Compute_block2in/solution1/syn/report/compute2in_csynth.rpt 
Execute         AP::get_flow_target_display_name
Execute       syn_report -rtlxml -model compute2in -o /home/pulp1/HLS_corrected/Compute_block2in/solution1/syn/report/compute2in_csynth.xml 
Execute       syn_report -verbosereport -model compute2in -o /home/pulp1/HLS_corrected/Compute_block2in/solution1/.autopilot/db/compute2in.verbose.rpt 
Execute         AP::get_flow_target_display_name
Command       syn_report done; 0.15 sec.
Execute       db_write -model compute2in -f -o /home/pulp1/HLS_corrected/Compute_block2in/solution1/.autopilot/db/compute2in.adb 
Execute       db_write -model compute2in -bindview -o /home/pulp1/HLS_corrected/Compute_block2in/solution1/.autopilot/db/design.bindinfo.xml 
Execute       gen_tb_info compute2in -p /home/pulp1/HLS_corrected/Compute_block2in/solution1/.autopilot/db -o /home/pulp1/HLS_corrected/Compute_block2in/solution1/.autopilot/db/compute2in 
Execute       export_constraint_db -f -tool general -o /home/pulp1/HLS_corrected/Compute_block2in/solution1/.autopilot/db/compute2in.constraint.tcl 
Execute       syn_report -designview -model compute2in -o /home/pulp1/HLS_corrected/Compute_block2in/solution1/.autopilot/db/compute2in.design.xml 
Command       syn_report done; 0.12 sec.
Execute       syn_report -csynthDesign -model compute2in -o /home/pulp1/HLS_corrected/Compute_block2in/solution1/syn/report/csynth.rpt 
Execute         AP::get_flow_target_display_name
Execute       syn_report -wcfg -model compute2in -o /home/pulp1/HLS_corrected/Compute_block2in/solution1/.autopilot/db/compute2in_dataflow_ana.wcfg 
Execute       syn_report -protoinst -model compute2in -o /home/pulp1/HLS_corrected/Compute_block2in/solution1/.autopilot/db/compute2in.protoinst 
Execute       sc_get_clocks compute2in 
Execute       sc_get_portdomain compute2in 
INFO-FLOW: Model list for RTL component generation: compute2in_Pipeline_VITIS_LOOP_66_2 compute2in_Pipeline_VITIS_LOOP_87_3 compute2in
INFO-FLOW: Handling components in module [compute2in_Pipeline_VITIS_LOOP_66_2] ... 
Execute       source /home/pulp1/HLS_corrected/Compute_block2in/solution1/.autopilot/db/compute2in_Pipeline_VITIS_LOOP_66_2.compgen.tcl 
INFO-FLOW: Found component compute2in_mul_mul_16ns_16ns_32_4_1.
INFO-FLOW: Append model compute2in_mul_mul_16ns_16ns_32_4_1
INFO-FLOW: Found component compute2in_mac_muladd_16ns_16ns_32ns_33_4_1.
INFO-FLOW: Append model compute2in_mac_muladd_16ns_16ns_32ns_33_4_1
INFO-FLOW: Found component compute2in_flow_control_loop_pipe_sequential_init.
INFO-FLOW: Append model compute2in_flow_control_loop_pipe_sequential_init
INFO-FLOW: Handling components in module [compute2in_Pipeline_VITIS_LOOP_87_3] ... 
Execute       source /home/pulp1/HLS_corrected/Compute_block2in/solution1/.autopilot/db/compute2in_Pipeline_VITIS_LOOP_87_3.compgen.tcl 
INFO-FLOW: Found component compute2in_mux_42_16_1_1.
INFO-FLOW: Append model compute2in_mux_42_16_1_1
INFO-FLOW: Found component compute2in_mux_32_16_1_1.
INFO-FLOW: Append model compute2in_mux_32_16_1_1
INFO-FLOW: Found component compute2in_mux_154_32_1_1.
INFO-FLOW: Append model compute2in_mux_154_32_1_1
INFO-FLOW: Found component compute2in_mux_124_32_1_1.
INFO-FLOW: Append model compute2in_mux_124_32_1_1
INFO-FLOW: Found component compute2in_mac_muladd_16ns_16ns_32ns_32_4_1.
INFO-FLOW: Append model compute2in_mac_muladd_16ns_16ns_32ns_32_4_1
INFO-FLOW: Found component compute2in_flow_control_loop_pipe_sequential_init.
INFO-FLOW: Append model compute2in_flow_control_loop_pipe_sequential_init
INFO-FLOW: Handling components in module [compute2in] ... 
Execute       source /home/pulp1/HLS_corrected/Compute_block2in/solution1/.autopilot/db/compute2in.compgen.tcl 
INFO-FLOW: Found component compute2in_mux_42_32_1_1.
INFO-FLOW: Append model compute2in_mux_42_32_1_1
INFO-FLOW: Append model compute2in_Pipeline_VITIS_LOOP_66_2
INFO-FLOW: Append model compute2in_Pipeline_VITIS_LOOP_87_3
INFO-FLOW: Append model compute2in
INFO-FLOW: Generating RTL model list ...
INFO-FLOW: All models in this session: compute2in_mul_mul_16ns_16ns_32_4_1 compute2in_mac_muladd_16ns_16ns_32ns_33_4_1 compute2in_flow_control_loop_pipe_sequential_init compute2in_mux_42_16_1_1 compute2in_mux_32_16_1_1 compute2in_mux_154_32_1_1 compute2in_mux_124_32_1_1 compute2in_mac_muladd_16ns_16ns_32ns_32_4_1 compute2in_flow_control_loop_pipe_sequential_init compute2in_mux_42_32_1_1 compute2in_Pipeline_VITIS_LOOP_66_2 compute2in_Pipeline_VITIS_LOOP_87_3 compute2in
INFO-FLOW: Generating /home/pulp1/HLS_corrected/Compute_block2in/solution1/.autopilot/db/autopilot.rtl.models.txt file...
INFO-FLOW: To file: write model compute2in_mul_mul_16ns_16ns_32_4_1
INFO-FLOW: To file: write model compute2in_mac_muladd_16ns_16ns_32ns_33_4_1
INFO-FLOW: To file: write model compute2in_flow_control_loop_pipe_sequential_init
INFO-FLOW: To file: write model compute2in_mux_42_16_1_1
INFO-FLOW: To file: write model compute2in_mux_32_16_1_1
INFO-FLOW: To file: write model compute2in_mux_154_32_1_1
INFO-FLOW: To file: write model compute2in_mux_124_32_1_1
INFO-FLOW: To file: write model compute2in_mac_muladd_16ns_16ns_32ns_32_4_1
INFO-FLOW: To file: write model compute2in_flow_control_loop_pipe_sequential_init
INFO-FLOW: To file: write model compute2in_mux_42_32_1_1
INFO-FLOW: To file: write model compute2in_Pipeline_VITIS_LOOP_66_2
INFO-FLOW: To file: write model compute2in_Pipeline_VITIS_LOOP_87_3
INFO-FLOW: To file: write model compute2in
INFO-FLOW: Generating /home/pulp1/HLS_corrected/Compute_block2in/solution1/.autopilot/db/autopilot.rtl.models.tcl file...
INFO-FLOW: Finished generating RTL model list.


INFO-FLOW: RTL Generation done.
INFO-FLOW: CAS Generation done.
INFO-FLOW: CBC Generation done.
INFO-FLOW: DBG:PROC: ::AESL_AUTOMG::auto_generate_csynth_design
INFO-FLOW: DBG:PUTS: read_platform_lib /home/pulp1/HLS_corrected/Compute_block2in/solution1/.autopilot/db/global.setting.tcl
Execute       source /tools/Xilinx/Vitis_HLS/2022.2/common/technology/generic/autopilot/common.gen 
Execute         source /tools/Xilinx/Vitis_HLS/2022.2/common/technology/generic/autopilot/APCoreGen.gen 
Execute       source /tools/Xilinx/Vitis_HLS/2022.2/common/technology/generic/autopilot/op.gen 
Execute       source /tools/Xilinx/Vitis_HLS/2022.2/common/technology/generic/autopilot/op_simcore.gen 
Execute       source /tools/Xilinx/Vitis_HLS/2022.2/common/technology/generic/autopilot/interface.gen 
Execute       source /home/pulp1/HLS_corrected/Compute_block2in/solution1/.autopilot/db/global.setting.tcl 
Execute       source /tools/Xilinx/Vitis_HLS/2022.2/common/technology/xilinx/common/xilinx.gen 
Execute         source /tools/Xilinx/Vitis_HLS/2022.2/common/technology/xilinx/interface/plb46.gen 
Execute         source /tools/Xilinx/Vitis_HLS/2022.2/common/technology/xilinx/interface/axi4.gen 
Execute         source /tools/Xilinx/Vitis_HLS/2022.2/common/technology/xilinx/interface/nativeAXI4.gen 
Execute           source /tools/Xilinx/Vitis_HLS/2022.2/common/technology/xilinx/interface/saxilite.gen 
Execute         source /tools/Xilinx/Vitis_HLS/2022.2/common/technology/xilinx/scripts/xilinxcoregen.gen 
Execute         source /tools/Xilinx/Vitis_HLS/2022.2/common/technology/xilinx/interface/XilEDKCoreGen.gen 
Execute         source /tools/Xilinx/Vitis_HLS/2022.2/common/technology/xilinx/ip/dds_compiler.gen 
Execute         source /tools/Xilinx/Vitis_HLS/2022.2/common/technology/xilinx/ip/util.gen 
Execute         source /tools/Xilinx/Vitis_HLS/2022.2/common/technology/xilinx/ip/xfft.gen 
Execute         source /tools/Xilinx/Vitis_HLS/2022.2/common/technology/xilinx/ip/xfir.gen 
Execute         source /tools/Xilinx/Vitis_HLS/2022.2/common/technology/xilinx/DSP48/dsp48.gen 
INFO-FLOW: DBG:PUTS:   using AESL_AUTOCG::g_clock_period=10.000 (was NA)
INFO-FLOW: DBG:PROC: ::AESL_AUTOMG::generate_ip_cores gen_sim_model='1' gen_fp_models='0' gen_for_export='0' dstSCDir='' dstVhdlDir='/home/pulp1/HLS_corrected/Compute_block2in/solution1/.autopilot/db/vhdl' dstVlogDir='/home/pulp1/HLS_corrected/Compute_block2in/solution1/.autopilot/db/vlog' tclDir='/home/pulp1/HLS_corrected/Compute_block2in/solution1/.autopilot/db' modelList='compute2in_mul_mul_16ns_16ns_32_4_1
compute2in_mac_muladd_16ns_16ns_32ns_33_4_1
compute2in_flow_control_loop_pipe_sequential_init
compute2in_mux_42_16_1_1
compute2in_mux_32_16_1_1
compute2in_mux_154_32_1_1
compute2in_mux_124_32_1_1
compute2in_mac_muladd_16ns_16ns_32ns_32_4_1
compute2in_flow_control_loop_pipe_sequential_init
compute2in_mux_42_32_1_1
compute2in_Pipeline_VITIS_LOOP_66_2
compute2in_Pipeline_VITIS_LOOP_87_3
compute2in
' expOnly='0'
Execute       source /home/pulp1/HLS_corrected/Compute_block2in/solution1/.autopilot/db/global.setting.tcl 
Execute       ap_part_info -name xczu7ev-ffvc1156-2-e -data names -quiet 
Execute       ap_part_info -name xczu7ev-ffvc1156-2-e -data info -quiet 
Execute       source /home/pulp1/HLS_corrected/Compute_block2in/solution1/.autopilot/db/global.setting.tcl 
Execute       source /home/pulp1/HLS_corrected/Compute_block2in/solution1/.autopilot/db/global.setting.tcl 
Execute       source /home/pulp1/HLS_corrected/Compute_block2in/solution1/.autopilot/db/compute2in_Pipeline_VITIS_LOOP_66_2.compgen.tcl 
Execute         ap_part_info -name xczu7ev-ffvc1156-2-e -data names -quiet 
Execute         ap_part_info -name xczu7ev-ffvc1156-2-e -data info -quiet 
Execute         ap_part_info -name xczu7ev-ffvc1156-2-e -data names -quiet 
Execute         ap_part_info -name xczu7ev-ffvc1156-2-e -data info -quiet 
Execute         ap_part_info -name xczu7ev-ffvc1156-2-e -data info 
Execute       source /home/pulp1/HLS_corrected/Compute_block2in/solution1/.autopilot/db/compute2in_Pipeline_VITIS_LOOP_87_3.compgen.tcl 
Execute         ap_part_info -name xczu7ev-ffvc1156-2-e -data names -quiet 
Execute         ap_part_info -name xczu7ev-ffvc1156-2-e -data info -quiet 
Execute         ap_part_info -name xczu7ev-ffvc1156-2-e -data names -quiet 
Execute         ap_part_info -name xczu7ev-ffvc1156-2-e -data info -quiet 
Execute         ap_part_info -name xczu7ev-ffvc1156-2-e -data names -quiet 
Execute         ap_part_info -name xczu7ev-ffvc1156-2-e -data info -quiet 
Execute         ap_part_info -name xczu7ev-ffvc1156-2-e -data names -quiet 
Execute         ap_part_info -name xczu7ev-ffvc1156-2-e -data info -quiet 
Execute         ap_part_info -name xczu7ev-ffvc1156-2-e -data names -quiet 
Execute         ap_part_info -name xczu7ev-ffvc1156-2-e -data info -quiet 
Execute         ap_part_info -name xczu7ev-ffvc1156-2-e -data info 
Command       ap_source done; 0.11 sec.
Execute       source /home/pulp1/HLS_corrected/Compute_block2in/solution1/.autopilot/db/compute2in.compgen.tcl 
Execute         ap_part_info -name xczu7ev-ffvc1156-2-e -data names -quiet 
Execute         ap_part_info -name xczu7ev-ffvc1156-2-e -data info -quiet 
INFO: [HLS 200-111] Finished Generating all RTL models: CPU user time: 0.64 seconds. CPU system time: 0.04 seconds. Elapsed time: 0.68 seconds; current allocated memory: 816.223 MB.
INFO-FLOW: DBG:PROC: ::HLSREPORTS::create_csynth_xml bind_info_var='bind_info' RtlSubPrefix='compute2in_' outfile=''
INFO-FLOW: Running: create_csynth_xml read xml data
INFO-FLOW: Done: create_csynth_xml read xml data time: 0 seconds per iteration
INFO-FLOW: Running: create_csynth_xml bind info
INFO-FLOW: Done: create_csynth_xml bind info time: 0 seconds per iteration
INFO-FLOW: Running: create_csynth_xml config info
INFO-FLOW: Done: create_csynth_xml config info time: 0 seconds per iteration
INFO-FLOW: Running: create_csynth_xml write xml
INFO-FLOW: Done: create_csynth_xml write xml time: 0 seconds per iteration
INFO-FLOW: DBG:PUTS:      create_csynth_xml wrote csynth_xml=/home/pulp1/HLS_corrected/Compute_block2in/solution1/syn/report/csynth.xml
INFO-FLOW: DBG:PROC: ::AP::DESIGN_DATA::generate_json generate_bd_files='0' generate_xo_files='0' modelList='compute2in_mul_mul_16ns_16ns_32_4_1
compute2in_mac_muladd_16ns_16ns_32ns_33_4_1
compute2in_flow_control_loop_pipe_sequential_init
compute2in_mux_42_16_1_1
compute2in_mux_32_16_1_1
compute2in_mux_154_32_1_1
compute2in_mux_124_32_1_1
compute2in_mac_muladd_16ns_16ns_32ns_32_4_1
compute2in_flow_control_loop_pipe_sequential_init
compute2in_mux_42_32_1_1
compute2in_Pipeline_VITIS_LOOP_66_2
compute2in_Pipeline_VITIS_LOOP_87_3
compute2in
' rtl_lang='both' bootstrap_tcl='false' outdir='' outfilename=''
Execute       source /home/pulp1/HLS_corrected/Compute_block2in/solution1/.autopilot/db/global.setting.tcl 
Execute       source /home/pulp1/HLS_corrected/Compute_block2in/solution1/.autopilot/db/global.setting.tcl 
Execute       source /home/pulp1/HLS_corrected/Compute_block2in/solution1/.autopilot/db/top-io-be.tcl 
Execute       source /home/pulp1/HLS_corrected/Compute_block2in/solution1/.autopilot/db/compute2in.tbgen.tcl 
Execute       source /home/pulp1/HLS_corrected/Compute_block2in/solution1/.autopilot/db/compute2in.rtl_wrap.cfg.tcl 
Execute       source /home/pulp1/HLS_corrected/Compute_block2in/solution1/.autopilot/db/compute2in.compgen.dataonly.tcl 
Execute       source /home/pulp1/HLS_corrected/Compute_block2in/solution1/.autopilot/db/compute2in_Pipeline_VITIS_LOOP_66_2.tbgen.tcl 
Execute       source /home/pulp1/HLS_corrected/Compute_block2in/solution1/.autopilot/db/compute2in_Pipeline_VITIS_LOOP_87_3.tbgen.tcl 
Execute       source /home/pulp1/HLS_corrected/Compute_block2in/solution1/.autopilot/db/compute2in.tbgen.tcl 
Execute       source /home/pulp1/HLS_corrected/Compute_block2in/solution1/.autopilot/db/global.setting.tcl 
Execute       ap_part_info -name xczu7ev-ffvc1156-2-e -data names -quiet 
Execute       ap_part_info -name xczu7ev-ffvc1156-2-e -data info -quiet 
Execute       source /home/pulp1/HLS_corrected/Compute_block2in/solution1/.autopilot/db/compute2in.constraint.tcl 
Execute       sc_get_clocks compute2in 
Execute       source /home/pulp1/HLS_corrected/Compute_block2in/solution1/.autopilot/db/global.setting.tcl 
INFO-FLOW: DBG:PROC: ::HLSREPORTS::add_csynth_report_sections bind_info_dict='adapter_nodes {} report_dict {TOPINST compute2in MODULE2INSTS {compute2in compute2in compute2in_Pipeline_VITIS_LOOP_66_2 grp_compute2in_Pipeline_VITIS_LOOP_66_2_fu_389 compute2in_Pipeline_VITIS_LOOP_87_3 grp_compute2in_Pipeline_VITIS_LOOP_87_3_fu_464} INST2MODULE {compute2in compute2in grp_compute2in_Pipeline_VITIS_LOOP_66_2_fu_389 compute2in_Pipeline_VITIS_LOOP_66_2 grp_compute2in_Pipeline_VITIS_LOOP_87_3_fu_464 compute2in_Pipeline_VITIS_LOOP_87_3} INSTDATA {compute2in {DEPTH 1 CHILDREN {grp_compute2in_Pipeline_VITIS_LOOP_66_2_fu_389 grp_compute2in_Pipeline_VITIS_LOOP_87_3_fu_464}} grp_compute2in_Pipeline_VITIS_LOOP_66_2_fu_389 {DEPTH 2 CHILDREN {}} grp_compute2in_Pipeline_VITIS_LOOP_87_3_fu_464 {DEPTH 2 CHILDREN {}}} MODULEDATA {compute2in_Pipeline_VITIS_LOOP_66_2 {BINDINFO {{BINDTYPE op ID {} IMPL fabric LATENCY 0 OPTYPE add PRAGMA {} RTLNAME add_ln66_fu_964_p2 SOURCE Compute_block2in/Compute2in.cpp:66 VARIABLE add_ln66 LOOP VITIS_LOOP_66_2 BUNDLEDNAME {} DSP 0 BRAM 0 URAM 0 DISPNAME {bind_op add}} {BINDTYPE op ID {} IMPL fabric LATENCY 0 OPTYPE add PRAGMA {} RTLNAME add_ln68_fu_974_p2 SOURCE Compute_block2in/Compute2in.cpp:68 VARIABLE add_ln68 LOOP VITIS_LOOP_66_2 BUNDLEDNAME {} DSP 0 BRAM 0 URAM 0 DISPNAME {bind_op add}} {BINDTYPE op ID {} IMPL dsp48 LATENCY 3 OPTYPE mul PRAGMA {} RTLNAME mac_muladd_16ns_16ns_32ns_33_4_1_U2 SOURCE /tools/Xilinx/Vitis_HLS/2022.2/common/technology/autopilot/ap_int_base.h:1494 VARIABLE ret_V_3 LOOP VITIS_LOOP_66_2 BUNDLEDNAME {} DSP 1 BRAM 0 URAM 0 DISPNAME {bind_op mul}} {BINDTYPE op ID {} IMPL dsp48 LATENCY 3 OPTYPE mul PRAGMA {} RTLNAME mul_mul_16ns_16ns_32_4_1_U1 SOURCE /tools/Xilinx/Vitis_HLS/2022.2/common/technology/autopilot/ap_int_base.h:1494 VARIABLE ret_V_4 LOOP VITIS_LOOP_66_2 BUNDLEDNAME {} DSP 1 BRAM 0 URAM 0 DISPNAME {bind_op mul}} {BINDTYPE op ID {} IMPL dsp48 LATENCY 3 OPTYPE add PRAGMA {} RTLNAME mac_muladd_16ns_16ns_32ns_33_4_1_U2 SOURCE /tools/Xilinx/Vitis_HLS/2022.2/common/technology/autopilot/ap_int_base.h:1495 VARIABLE ret_V LOOP VITIS_LOOP_66_2 BUNDLEDNAME {} DSP 1 BRAM 0 URAM 0 DISPNAME {bind_op add}} {BINDTYPE op ID {} IMPL fabric LATENCY 0 OPTYPE add PRAGMA {} RTLNAME self_sum_V_3_fu_1531_p2 SOURCE /tools/Xilinx/Vitis_HLS/2022.2/common/technology/autopilot/ap_int_base.h:840 VARIABLE self_sum_V_3 LOOP VITIS_LOOP_66_2 BUNDLEDNAME {} DSP 0 BRAM 0 URAM 0 DISPNAME {bind_op add}}} AREA {DSP 2 BRAM 0 URAM 0}} compute2in_Pipeline_VITIS_LOOP_87_3 {BINDINFO {{BINDTYPE op ID {} IMPL fabric LATENCY 0 OPTYPE add PRAGMA {} RTLNAME add_ln87_fu_451_p2 SOURCE Compute_block2in/Compute2in.cpp:87 VARIABLE add_ln87 LOOP VITIS_LOOP_87_3 BUNDLEDNAME {} DSP 0 BRAM 0 URAM 0 DISPNAME {bind_op add}} {BINDTYPE op ID {} IMPL dsp48 LATENCY 3 OPTYPE mul PRAGMA {} RTLNAME mul_mul_16ns_16ns_32_4_1_U92 SOURCE /tools/Xilinx/Vitis_HLS/2022.2/common/technology/autopilot/ap_int_base.h:1494 VARIABLE mul_ln1494 LOOP VITIS_LOOP_87_3 BUNDLEDNAME {} DSP 1 BRAM 0 URAM 0 DISPNAME {bind_op mul}} {BINDTYPE op ID {} IMPL dsp48 LATENCY 3 OPTYPE mul PRAGMA {} RTLNAME mac_muladd_16ns_16ns_32ns_32_4_1_U99 SOURCE /tools/Xilinx/Vitis_HLS/2022.2/common/technology/autopilot/ap_int_base.h:1494 VARIABLE mul_ln1494_1 LOOP VITIS_LOOP_87_3 BUNDLEDNAME {} DSP 1 BRAM 0 URAM 0 DISPNAME {bind_op mul}} {BINDTYPE op ID {} IMPL dsp48 LATENCY 3 OPTYPE mul PRAGMA {} RTLNAME mul_mul_16ns_16ns_32_4_1_U93 SOURCE /tools/Xilinx/Vitis_HLS/2022.2/common/technology/autopilot/ap_int_base.h:1494 VARIABLE mul_ln1494_2 LOOP VITIS_LOOP_87_3 BUNDLEDNAME {} DSP 1 BRAM 0 URAM 0 DISPNAME {bind_op mul}} {BINDTYPE op ID {} IMPL dsp48 LATENCY 3 OPTYPE mul PRAGMA {} RTLNAME mul_mul_16ns_16ns_32_4_1_U94 SOURCE /tools/Xilinx/Vitis_HLS/2022.2/common/technology/autopilot/ap_int_base.h:1494 VARIABLE mul_ln1494_3 LOOP VITIS_LOOP_87_3 BUNDLEDNAME {} DSP 1 BRAM 0 URAM 0 DISPNAME {bind_op mul}} {BINDTYPE op ID {} IMPL dsp48 LATENCY 3 OPTYPE mul PRAGMA {} RTLNAME mac_muladd_16ns_16ns_32ns_32_4_1_U96 SOURCE /tools/Xilinx/Vitis_HLS/2022.2/common/technology/autopilot/ap_int_base.h:1494 VARIABLE mul_ln1494_4 LOOP VITIS_LOOP_87_3 BUNDLEDNAME {} DSP 1 BRAM 0 URAM 0 DISPNAME {bind_op mul}} {BINDTYPE op ID {} IMPL dsp48 LATENCY 3 OPTYPE mul PRAGMA {} RTLNAME mac_muladd_16ns_16ns_32ns_32_4_1_U97 SOURCE /tools/Xilinx/Vitis_HLS/2022.2/common/technology/autopilot/ap_int_base.h:1494 VARIABLE mul_ln1494_5 LOOP VITIS_LOOP_87_3 BUNDLEDNAME {} DSP 1 BRAM 0 URAM 0 DISPNAME {bind_op mul}} {BINDTYPE op ID {} IMPL dsp48 LATENCY 3 OPTYPE mul PRAGMA {} RTLNAME mac_muladd_16ns_16ns_32ns_32_4_1_U98 SOURCE /tools/Xilinx/Vitis_HLS/2022.2/common/technology/autopilot/ap_int_base.h:1494 VARIABLE mul_ln1494_6 LOOP VITIS_LOOP_87_3 BUNDLEDNAME {} DSP 1 BRAM 0 URAM 0 DISPNAME {bind_op mul}} {BINDTYPE op ID {} IMPL dsp48 LATENCY 3 OPTYPE add PRAGMA {} RTLNAME mac_muladd_16ns_16ns_32ns_32_4_1_U96 SOURCE Compute_block2in/Compute2in.cpp:96 VARIABLE add_ln96_1 LOOP VITIS_LOOP_87_3 BUNDLEDNAME {} DSP 1 BRAM 0 URAM 0 DISPNAME {bind_op add}} {BINDTYPE op ID {} IMPL dsp48 LATENCY 3 OPTYPE add PRAGMA {} RTLNAME mac_muladd_16ns_16ns_32ns_32_4_1_U98 SOURCE Compute_block2in/Compute2in.cpp:96 VARIABLE add_ln96_2 LOOP VITIS_LOOP_87_3 BUNDLEDNAME {} DSP 1 BRAM 0 URAM 0 DISPNAME {bind_op add}} {BINDTYPE op ID {} IMPL fabric LATENCY 0 OPTYPE add PRAGMA {} RTLNAME add_ln96_3_fu_697_p2 SOURCE Compute_block2in/Compute2in.cpp:96 VARIABLE add_ln96_3 LOOP VITIS_LOOP_87_3 BUNDLEDNAME {} DSP 0 BRAM 0 URAM 0 DISPNAME {bind_op add}} {BINDTYPE op ID {} IMPL dsp48 LATENCY 3 OPTYPE mul PRAGMA {} RTLNAME mul_mul_16ns_16ns_32_4_1_U95 SOURCE /tools/Xilinx/Vitis_HLS/2022.2/common/technology/autopilot/ap_int_base.h:1494 VARIABLE mul_ln1494_7 LOOP VITIS_LOOP_87_3 BUNDLEDNAME {} DSP 1 BRAM 0 URAM 0 DISPNAME {bind_op mul}} {BINDTYPE op ID {} IMPL dsp48 LATENCY 3 OPTYPE add PRAGMA {} RTLNAME mac_muladd_16ns_16ns_32ns_32_4_1_U97 SOURCE /tools/Xilinx/Vitis_HLS/2022.2/common/technology/autopilot/ap_int_base.h:840 VARIABLE add_ln840 LOOP VITIS_LOOP_87_3 BUNDLEDNAME {} DSP 1 BRAM 0 URAM 0 DISPNAME {bind_op add}} {BINDTYPE op ID {} IMPL dsp48 LATENCY 3 OPTYPE add PRAGMA {} RTLNAME mac_muladd_16ns_16ns_32ns_32_4_1_U99 SOURCE /tools/Xilinx/Vitis_HLS/2022.2/common/technology/autopilot/ap_int_base.h:840 VARIABLE add_ln840_1 LOOP VITIS_LOOP_87_3 BUNDLEDNAME {} DSP 1 BRAM 0 URAM 0 DISPNAME {bind_op add}} {BINDTYPE op ID {} IMPL fabric LATENCY 0 OPTYPE add PRAGMA {} RTLNAME add_ln100_fu_915_p2 SOURCE Compute_block2in/Compute2in.cpp:100 VARIABLE add_ln100 LOOP VITIS_LOOP_87_3 BUNDLEDNAME {} DSP 0 BRAM 0 URAM 0 DISPNAME {bind_op add}} {BINDTYPE op ID {} IMPL fabric LATENCY 0 OPTYPE add PRAGMA {} RTLNAME add_ln186_fu_925_p2 SOURCE /tools/Xilinx/Vitis_HLS/2022.2/common/technology/autopilot/ap_int_base.h:186 VARIABLE add_ln186 LOOP VITIS_LOOP_87_3 BUNDLEDNAME {} DSP 0 BRAM 0 URAM 0 DISPNAME {bind_op add}} {BINDTYPE op ID {} IMPL fabric LATENCY 0 OPTYPE add PRAGMA {} RTLNAME add_ln96_fu_902_p2 SOURCE Compute_block2in/Compute2in.cpp:96 VARIABLE add_ln96 LOOP VITIS_LOOP_87_3 BUNDLEDNAME {} DSP 0 BRAM 0 URAM 0 DISPNAME {bind_op add}}} AREA {DSP 8 BRAM 0 URAM 0}} compute2in {BINDINFO {{BINDTYPE op ID {} IMPL fabric LATENCY 0 OPTYPE add PRAGMA {} RTLNAME add_ln63_1_fu_572_p2 SOURCE Compute_block2in/Compute2in.cpp:63 VARIABLE add_ln63_1 LOOP VITIS_LOOP_63_1 BUNDLEDNAME {} DSP 0 BRAM 0 URAM 0 DISPNAME {bind_op add}} {BINDTYPE op ID {} IMPL fabric LATENCY 0 OPTYPE add PRAGMA {} RTLNAME add_ln83_fu_870_p2 SOURCE Compute_block2in/Compute2in.cpp:83 VARIABLE add_ln83 LOOP VITIS_LOOP_63_1 BUNDLEDNAME {} DSP 0 BRAM 0 URAM 0 DISPNAME {bind_op add}} {BINDTYPE op ID {} IMPL fabric LATENCY 0 OPTYPE add PRAGMA {} RTLNAME add_ln63_fu_888_p2 SOURCE Compute_block2in/Compute2in.cpp:63 VARIABLE add_ln63 LOOP VITIS_LOOP_63_1 BUNDLEDNAME {} DSP 0 BRAM 0 URAM 0 DISPNAME {bind_op add}}} AREA {DSP 10 BRAM 0 URAM 0}}}}'
INFO-FLOW: DBG:PUTS:      update_csynth_reports json2rpt_hw_sw_interfaces
INFO-FLOW: Running: gen_csynth_sec_pragma
INFO-FLOW: Done: gen_csynth_sec_pragma time: 0 seconds per iteration
INFO-FLOW: DBG:PUTS:      update_csynth_reports wrote xml
INFO-FLOW: DBG:PUTS:      update_csynth_reports appended to csynth rpt file
INFO: [HLS 200-111] Finished Updating report files: CPU user time: 0.31 seconds. CPU system time: 0.02 seconds. Elapsed time: 0.33 seconds; current allocated memory: 819.312 MB.
INFO: [VHDL 208-304] Generating VHDL RTL for compute2in.
INFO: [VLOG 209-307] Generating Verilog RTL for compute2in.
Execute       syn_report -model compute2in -printsummary 
INFO: [HLS 200-790] **** Loop Constraint Status: All loop constraints were NOT satisfied.
INFO: [HLS 200-789] **** Estimated Fmax: 446.33 MHz
Command     autosyn done; 2.9 sec.
Command   csynth_design done; 13.71 sec.
