

================================================================
== Vitis HLS Report for 'compute2in_Pipeline_VITIS_LOOP_66_2'
================================================================
* Date:           Mon Sep 14 03:39:05 2026

* Version:        2022.2 (Build 3670227 on Oct 13 2022)
* Project:        Compute_block2in
* Solution:       solution1 (Vivado IP Flow Target)
* Product family: zynquplus
* Target device:  xczu7ev-ffvc1156-2-e


================================================================
== Performance Estimates
================================================================
+ Timing: 
    * Summary: 
    +--------+----------+----------+------------+
    |  Clock |  Target  | Estimated| Uncertainty|
    +--------+----------+----------+------------+
    |ap_clk  |  10.00 ns|  2.092 ns|     2.70 ns|
    +--------+----------+----------+------------+

+ Latency: 
    * Summary: 
    +---------+---------+-----------+-----------+-----+-----+---------+
    |  Latency (cycles) |   Latency (absolute)  |  Interval | Pipeline|
    |   min   |   max   |    min    |    max    | min | max |   Type  |
    +---------+---------+-----------+-----------+-----+-----+---------+
    |        9|        9|  90.000 ns|  90.000 ns|    9|    9|       no|
    +---------+---------+-----------+-----------+-----+-----+---------+

    + Detail: 
        * Instance: 
        N/A

        * Loop: 
        +-------------------+---------+---------+----------+-----------+-----------+------+----------+
        |                   |  Latency (cycles) | Iteration|  Initiation Interval  | Trip |          |
        |     Loop Name     |   min   |   max   |  Latency |  achieved |   target  | Count| Pipelined|
        +-------------------+---------+---------+----------+-----------+-----------+------+----------+
        |- VITIS_LOOP_66_2  |        7|        7|         6|          1|          1|     2|       yes|
        +-------------------+---------+---------+----------+-----------+-----------+------+----------+



================================================================
== Utilization Estimates
================================================================
* Summary: 
+-----------------+---------+------+--------+--------+-----+
|       Name      | BRAM_18K|  DSP |   FF   |   LUT  | URAM|
+-----------------+---------+------+--------+--------+-----+
|DSP              |        -|     2|       -|       -|    -|
|Expression       |        -|     -|       0|     590|    -|
|FIFO             |        -|     -|       -|       -|    -|
|Instance         |        -|     -|       -|       -|    -|
|Memory           |        -|     -|       -|       -|    -|
|Multiplexer      |        -|     -|       -|     333|    -|
|Register         |        -|     -|     658|      32|    -|
+-----------------+---------+------+--------+--------+-----+
|Total            |        0|     2|     658|     955|    0|
+-----------------+---------+------+--------+--------+-----+
|Available        |      624|  1728|  460800|  230400|   96|
+-----------------+---------+------+--------+--------+-----+
|Utilization (%)  |        0|    ~0|      ~0|      ~0|    0|
+-----------------+---------+------+--------+--------+-----+

+ Detail: 
    * Instance: 
    N/A

    * DSP: 
    +-------------------------------------+----------------------------------+--------------+
    |               Instance              |              Module              |  Expression  |
    +-------------------------------------+----------------------------------+--------------+
    |mac_muladd_16ns_16ns_32ns_33_4_1_U2  |mac_muladd_16ns_16ns_32ns_33_4_1  |  i0 + i1 * i2|
    |mul_mul_16ns_16ns_32_4_1_U1          |mul_mul_16ns_16ns_32_4_1          |       i0 * i1|
    +-------------------------------------+----------------------------------+--------------+

    * Memory: 
    N/A

    * FIFO: 
    N/A

    * Expression: 
    +--------------------------+----------+----+---+----+------------+------------+
    |       Variable Name      | Operation| DSP| FF| LUT| Bitwidth P0| Bitwidth P1|
    +--------------------------+----------+----+---+----+------------+------------+
    |add_ln66_fu_964_p2        |         +|   0|  0|   9|           2|           1|
    |add_ln68_fu_974_p2        |         +|   0|  0|  10|           3|           3|
    |self_sum_V_3_fu_1531_p2   |         +|   0|  0|  41|          34|          34|
    |ap_condition_1001         |       and|   0|  0|   2|           1|           1|
    |ap_condition_1004         |       and|   0|  0|   2|           1|           1|
    |ap_condition_995          |       and|   0|  0|   2|           1|           1|
    |ap_condition_998          |       and|   0|  0|   2|           1|           1|
    |icmp_ln66_fu_958_p2       |      icmp|   0|  0|   8|           2|           3|
    |REG_V_65_fu_1407_p3       |    select|   0|  0|  16|           1|          16|
    |REG_V_66_fu_1414_p3       |    select|   0|  0|  16|           1|          16|
    |REG_V_72_fu_1287_p3       |    select|   0|  0|  16|           1|          16|
    |REG_V_73_fu_1294_p3       |    select|   0|  0|  16|           1|          16|
    |REG_V_74_fu_1167_p3       |    select|   0|  0|  16|           1|          16|
    |REG_V_75_fu_1174_p3       |    select|   0|  0|  16|           1|          16|
    |REG_V_78_fu_1047_p3       |    select|   0|  0|  16|           1|          16|
    |REG_V_79_fu_1054_p3       |    select|   0|  0|  16|           1|          16|
    |REG_V_80_fu_1082_p3       |    select|   0|  0|  16|           1|          16|
    |REG_V_81_fu_1075_p3       |    select|   0|  0|  16|           1|          16|
    |REG_V_82_fu_1068_p3       |    select|   0|  0|  16|           1|          16|
    |REG_V_83_fu_1061_p3       |    select|   0|  0|  16|           1|          16|
    |select_ln75_1_fu_1428_p3  |    select|   0|  0|  16|           1|          16|
    |select_ln75_2_fu_1301_p3  |    select|   0|  0|  16|           1|          16|
    |select_ln75_3_fu_1308_p3  |    select|   0|  0|  16|           1|          16|
    |select_ln75_4_fu_1181_p3  |    select|   0|  0|  16|           1|          16|
    |select_ln75_5_fu_1188_p3  |    select|   0|  0|  16|           1|          16|
    |select_ln75_fu_1421_p3    |    select|   0|  0|  16|           1|          16|
    |select_ln76_1_fu_1442_p3  |    select|   0|  0|  16|           1|          16|
    |select_ln76_2_fu_1315_p3  |    select|   0|  0|  16|           1|          16|
    |select_ln76_3_fu_1322_p3  |    select|   0|  0|  16|           1|          16|
    |select_ln76_4_fu_1195_p3  |    select|   0|  0|  16|           1|          16|
    |select_ln76_5_fu_1202_p3  |    select|   0|  0|  16|           1|          16|
    |select_ln76_fu_1435_p3    |    select|   0|  0|  16|           1|          16|
    |select_ln77_1_fu_1456_p3  |    select|   0|  0|  16|           1|          16|
    |select_ln77_2_fu_1329_p3  |    select|   0|  0|  16|           1|          16|
    |select_ln77_3_fu_1336_p3  |    select|   0|  0|  16|           1|          16|
    |select_ln77_4_fu_1209_p3  |    select|   0|  0|  16|           1|          16|
    |select_ln77_5_fu_1216_p3  |    select|   0|  0|  16|           1|          16|
    |select_ln77_6_fu_1089_p3  |    select|   0|  0|  16|           1|          16|
    |select_ln77_7_fu_1096_p3  |    select|   0|  0|  16|           1|          16|
    |select_ln77_fu_1449_p3    |    select|   0|  0|  16|           1|          16|
    |ap_enable_pp0             |       xor|   0|  0|   2|           1|           2|
    +--------------------------+----------+----+---+----+------------+------------+
    |Total                     |          |   0|  0| 590|          78|         559|
    +--------------------------+----------+----+---+----+------------+------------+

    * Multiplexer: 
    +----------------------------------+----+-----------+-----+-----------+
    |               Name               | LUT| Input Size| Bits| Total Bits|
    +----------------------------------+----+-----------+-----+-----------+
    |REG_V_32_fu_196                   |   9|          2|   16|         32|
    |REG_V_33_fu_200                   |   9|          2|   16|         32|
    |REG_V_34_fu_204                   |   9|          2|   16|         32|
    |REG_V_35_fu_208                   |   9|          2|   16|         32|
    |REG_V_36_fu_212                   |   9|          2|   16|         32|
    |REG_V_37_fu_216                   |   9|          2|   16|         32|
    |REG_V_38_fu_220                   |   9|          2|   16|         32|
    |REG_V_39_fu_224                   |   9|          2|   16|         32|
    |REG_V_40_fu_228                   |   9|          2|   16|         32|
    |REG_V_41_fu_232                   |   9|          2|   16|         32|
    |REG_V_42_fu_236                   |   9|          2|   16|         32|
    |REG_V_43_fu_240                   |   9|          2|   16|         32|
    |REG_V_44_fu_244                   |   9|          2|   16|         32|
    |REG_V_45_fu_248                   |   9|          2|   16|         32|
    |REG_V_46_fu_252                   |   9|          2|   16|         32|
    |REG_V_47_fu_256                   |   9|          2|   16|         32|
    |REG_V_48_fu_260                   |   9|          2|   16|         32|
    |REG_V_49_fu_264                   |   9|          2|   16|         32|
    |REG_V_50_fu_268                   |   9|          2|   16|         32|
    |REG_V_51_fu_272                   |   9|          2|   16|         32|
    |REG_V_52_fu_276                   |   9|          2|   16|         32|
    |REG_V_53_fu_280                   |   9|          2|   16|         32|
    |REG_V_54_fu_284                   |   9|          2|   16|         32|
    |REG_V_55_fu_288                   |   9|          2|   16|         32|
    |REG_V_56_fu_292                   |   9|          2|   16|         32|
    |REG_V_57_fu_296                   |   9|          2|   16|         32|
    |REG_V_58_fu_300                   |   9|          2|   16|         32|
    |REG_V_59_fu_304                   |   9|          2|   16|         32|
    |REG_V_60_fu_308                   |   9|          2|   16|         32|
    |REG_V_61_fu_312                   |   9|          2|   16|         32|
    |REG_V_62_fu_316                   |   9|          2|   16|         32|
    |REG_V_63_fu_320                   |   9|          2|   16|         32|
    |ap_done_int                       |   9|          2|    1|          2|
    |ap_loop_exit_ready_pp0_iter5_reg  |   9|          2|    1|          2|
    |ap_sig_allocacmp_fe_1             |   9|          2|    2|          4|
    |fe_fu_192                         |   9|          2|    2|          4|
    |self_sum_V_fu_188                 |   9|          2|   34|         68|
    +----------------------------------+----+-----------+-----+-----------+
    |Total                             | 333|         74|  552|       1104|
    +----------------------------------+----+-----------+-----+-----------+

    * Register: 
    +----------------------------------+----+----+-----+-----------+
    |               Name               | FF | LUT| Bits| Const Bits|
    +----------------------------------+----+----+-----+-----------+
    |REG_V_32_fu_196                   |  16|   0|   16|          0|
    |REG_V_33_fu_200                   |  16|   0|   16|          0|
    |REG_V_34_fu_204                   |  16|   0|   16|          0|
    |REG_V_35_fu_208                   |  16|   0|   16|          0|
    |REG_V_36_fu_212                   |  16|   0|   16|          0|
    |REG_V_37_fu_216                   |  16|   0|   16|          0|
    |REG_V_38_fu_220                   |  16|   0|   16|          0|
    |REG_V_39_fu_224                   |  16|   0|   16|          0|
    |REG_V_40_fu_228                   |  16|   0|   16|          0|
    |REG_V_41_fu_232                   |  16|   0|   16|          0|
    |REG_V_42_fu_236                   |  16|   0|   16|          0|
    |REG_V_43_fu_240                   |  16|   0|   16|          0|
    |REG_V_44_fu_244                   |  16|   0|   16|          0|
    |REG_V_45_fu_248                   |  16|   0|   16|          0|
    |REG_V_46_fu_252                   |  16|   0|   16|          0|
    |REG_V_47_fu_256                   |  16|   0|   16|          0|
    |REG_V_48_fu_260                   |  16|   0|   16|          0|
    |REG_V_49_fu_264                   |  16|   0|   16|          0|
    |REG_V_50_fu_268                   |  16|   0|   16|          0|
    |REG_V_51_fu_272                   |  16|   0|   16|          0|
    |REG_V_52_fu_276                   |  16|   0|   16|          0|
    |REG_V_53_fu_280                   |  16|   0|   16|          0|
    |REG_V_54_fu_284                   |  16|   0|   16|          0|
    |REG_V_55_fu_288                   |  16|   0|   16|          0|
    |REG_V_56_fu_292                   |  16|   0|   16|          0|
    |REG_V_57_fu_296                   |  16|   0|   16|          0|
    |REG_V_58_fu_300                   |  16|   0|   16|          0|
    |REG_V_59_fu_304                   |  16|   0|   16|          0|
    |REG_V_60_fu_308                   |  16|   0|   16|          0|
    |REG_V_61_fu_312                   |  16|   0|   16|          0|
    |REG_V_62_fu_316                   |  16|   0|   16|          0|
    |REG_V_63_fu_320                   |  16|   0|   16|          0|
    |ap_CS_fsm                         |   1|   0|    1|          0|
    |ap_done_reg                       |   1|   0|    1|          0|
    |ap_enable_reg_pp0_iter1           |   1|   0|    1|          0|
    |ap_enable_reg_pp0_iter2           |   1|   0|    1|          0|
    |ap_enable_reg_pp0_iter3           |   1|   0|    1|          0|
    |ap_enable_reg_pp0_iter4           |   1|   0|    1|          0|
    |ap_enable_reg_pp0_iter5           |   1|   0|    1|          0|
    |ap_loop_exit_ready_pp0_iter1_reg  |   1|   0|    1|          0|
    |ap_loop_exit_ready_pp0_iter2_reg  |   1|   0|    1|          0|
    |ap_loop_exit_ready_pp0_iter3_reg  |   1|   0|    1|          0|
    |ap_loop_exit_ready_pp0_iter4_reg  |   1|   0|    1|          0|
    |ap_loop_exit_ready_pp0_iter5_reg  |   1|   0|    1|          0|
    |fe_fu_192                         |   2|   0|    2|          0|
    |icmp_ln66_reg_1960                |   1|   0|    1|          0|
    |lhs_reg_2010                      |  16|   0|   16|          0|
    |rhs_reg_2015                      |  16|   0|   16|          0|
    |self_sum_V_fu_188                 |  34|   0|   34|          0|
    |trunc_ln74_reg_1974               |   1|   0|    1|          0|
    |icmp_ln66_reg_1960                |  64|  32|    1|          0|
    +----------------------------------+----+----+-----+-----------+
    |Total                             | 658|  32|  595|          0|
    +----------------------------------+----+----+-----+-----------+



================================================================
== Interface
================================================================
* Summary: 
+-----------------------+-----+-----+------------+-------------------------------------+--------------+
|       RTL Ports       | Dir | Bits|  Protocol  |            Source Object            |    C Type    |
+-----------------------+-----+-----+------------+-------------------------------------+--------------+
|ap_clk                 |   in|    1|  ap_ctrl_hs|  compute2in_Pipeline_VITIS_LOOP_66_2|  return value|
|ap_rst                 |   in|    1|  ap_ctrl_hs|  compute2in_Pipeline_VITIS_LOOP_66_2|  return value|
|ap_start               |   in|    1|  ap_ctrl_hs|  compute2in_Pipeline_VITIS_LOOP_66_2|  return value|
|ap_done                |  out|    1|  ap_ctrl_hs|  compute2in_Pipeline_VITIS_LOOP_66_2|  return value|
|ap_idle                |  out|    1|  ap_ctrl_hs|  compute2in_Pipeline_VITIS_LOOP_66_2|  return value|
|ap_ready               |  out|    1|  ap_ctrl_hs|  compute2in_Pipeline_VITIS_LOOP_66_2|  return value|
|REG_V_31               |   in|   16|     ap_none|                             REG_V_31|        scalar|
|REG_V_30               |   in|   16|     ap_none|                             REG_V_30|        scalar|
|REG_V_29               |   in|   16|     ap_none|                             REG_V_29|        scalar|
|REG_V_28               |   in|   16|     ap_none|                             REG_V_28|        scalar|
|REG_V_27               |   in|   16|     ap_none|                             REG_V_27|        scalar|
|REG_V_26               |   in|   16|     ap_none|                             REG_V_26|        scalar|
|REG_V_25               |   in|   16|     ap_none|                             REG_V_25|        scalar|
|REG_V_24               |   in|   16|     ap_none|                             REG_V_24|        scalar|
|REG_V_23               |   in|   16|     ap_none|                             REG_V_23|        scalar|
|REG_V_22               |   in|   16|     ap_none|                             REG_V_22|        scalar|
|REG_V_21               |   in|   16|     ap_none|                             REG_V_21|        scalar|
|REG_V_20               |   in|   16|     ap_none|                             REG_V_20|        scalar|
|REG_V_19               |   in|   16|     ap_none|                             REG_V_19|        scalar|
|REG_V_18               |   in|   16|     ap_none|                             REG_V_18|        scalar|
|REG_V_17               |   in|   16|     ap_none|                             REG_V_17|        scalar|
|REG_V_16               |   in|   16|     ap_none|                             REG_V_16|        scalar|
|REG_V_15               |   in|   16|     ap_none|                             REG_V_15|        scalar|
|REG_V_14               |   in|   16|     ap_none|                             REG_V_14|        scalar|
|REG_V_13               |   in|   16|     ap_none|                             REG_V_13|        scalar|
|REG_V_12               |   in|   16|     ap_none|                             REG_V_12|        scalar|
|REG_V_11               |   in|   16|     ap_none|                             REG_V_11|        scalar|
|REG_V_10               |   in|   16|     ap_none|                             REG_V_10|        scalar|
|REG_V_9                |   in|   16|     ap_none|                              REG_V_9|        scalar|
|REG_V_8                |   in|   16|     ap_none|                              REG_V_8|        scalar|
|REG_V_7                |   in|   16|     ap_none|                              REG_V_7|        scalar|
|REG_V_6                |   in|   16|     ap_none|                              REG_V_6|        scalar|
|REG_V_5                |   in|   16|     ap_none|                              REG_V_5|        scalar|
|REG_V_4                |   in|   16|     ap_none|                              REG_V_4|        scalar|
|REG_V_3                |   in|   16|     ap_none|                              REG_V_3|        scalar|
|REG_V_2                |   in|   16|     ap_none|                              REG_V_2|        scalar|
|REG_V_1                |   in|   16|     ap_none|                              REG_V_1|        scalar|
|REG_V                  |   in|   16|     ap_none|                                REG_V|        scalar|
|tmp_8                  |   in|    3|     ap_none|                                tmp_8|        scalar|
|buffer_a_address0      |  out|    3|   ap_memory|                             buffer_a|         array|
|buffer_a_ce0           |  out|    1|   ap_memory|                             buffer_a|         array|
|buffer_a_q0            |   in|   32|   ap_memory|                             buffer_a|         array|
|buffer_b_address0      |  out|    3|   ap_memory|                             buffer_b|         array|
|buffer_b_ce0           |  out|    1|   ap_memory|                             buffer_b|         array|
|buffer_b_q0            |   in|   32|   ap_memory|                             buffer_b|         array|
|tmp_7                  |   in|    2|     ap_none|                                tmp_7|        scalar|
|REG_V_63_out           |  out|   16|      ap_vld|                         REG_V_63_out|       pointer|
|REG_V_63_out_ap_vld    |  out|    1|      ap_vld|                         REG_V_63_out|       pointer|
|REG_V_62_out           |  out|   16|      ap_vld|                         REG_V_62_out|       pointer|
|REG_V_62_out_ap_vld    |  out|    1|      ap_vld|                         REG_V_62_out|       pointer|
|REG_V_61_out           |  out|   16|      ap_vld|                         REG_V_61_out|       pointer|
|REG_V_61_out_ap_vld    |  out|    1|      ap_vld|                         REG_V_61_out|       pointer|
|REG_V_60_out           |  out|   16|      ap_vld|                         REG_V_60_out|       pointer|
|REG_V_60_out_ap_vld    |  out|    1|      ap_vld|                         REG_V_60_out|       pointer|
|REG_V_59_out           |  out|   16|      ap_vld|                         REG_V_59_out|       pointer|
|REG_V_59_out_ap_vld    |  out|    1|      ap_vld|                         REG_V_59_out|       pointer|
|REG_V_58_out           |  out|   16|      ap_vld|                         REG_V_58_out|       pointer|
|REG_V_58_out_ap_vld    |  out|    1|      ap_vld|                         REG_V_58_out|       pointer|
|REG_V_57_out           |  out|   16|      ap_vld|                         REG_V_57_out|       pointer|
|REG_V_57_out_ap_vld    |  out|    1|      ap_vld|                         REG_V_57_out|       pointer|
|REG_V_56_out           |  out|   16|      ap_vld|                         REG_V_56_out|       pointer|
|REG_V_56_out_ap_vld    |  out|    1|      ap_vld|                         REG_V_56_out|       pointer|
|REG_V_55_out           |  out|   16|      ap_vld|                         REG_V_55_out|       pointer|
|REG_V_55_out_ap_vld    |  out|    1|      ap_vld|                         REG_V_55_out|       pointer|
|REG_V_54_out           |  out|   16|      ap_vld|                         REG_V_54_out|       pointer|
|REG_V_54_out_ap_vld    |  out|    1|      ap_vld|                         REG_V_54_out|       pointer|
|REG_V_53_out           |  out|   16|      ap_vld|                         REG_V_53_out|       pointer|
|REG_V_53_out_ap_vld    |  out|    1|      ap_vld|                         REG_V_53_out|       pointer|
|REG_V_52_out           |  out|   16|      ap_vld|                         REG_V_52_out|       pointer|
|REG_V_52_out_ap_vld    |  out|    1|      ap_vld|                         REG_V_52_out|       pointer|
|REG_V_51_out           |  out|   16|      ap_vld|                         REG_V_51_out|       pointer|
|REG_V_51_out_ap_vld    |  out|    1|      ap_vld|                         REG_V_51_out|       pointer|
|REG_V_50_out           |  out|   16|      ap_vld|                         REG_V_50_out|       pointer|
|REG_V_50_out_ap_vld    |  out|    1|      ap_vld|                         REG_V_50_out|       pointer|
|REG_V_49_out           |  out|   16|      ap_vld|                         REG_V_49_out|       pointer|
|REG_V_49_out_ap_vld    |  out|    1|      ap_vld|                         REG_V_49_out|       pointer|
|REG_V_48_out           |  out|   16|      ap_vld|                         REG_V_48_out|       pointer|
|REG_V_48_out_ap_vld    |  out|    1|      ap_vld|                         REG_V_48_out|       pointer|
|REG_V_47_out           |  out|   16|      ap_vld|                         REG_V_47_out|       pointer|
|REG_V_47_out_ap_vld    |  out|    1|      ap_vld|                         REG_V_47_out|       pointer|
|REG_V_46_out           |  out|   16|      ap_vld|                         REG_V_46_out|       pointer|
|REG_V_46_out_ap_vld    |  out|    1|      ap_vld|                         REG_V_46_out|       pointer|
|REG_V_45_out           |  out|   16|      ap_vld|                         REG_V_45_out|       pointer|
|REG_V_45_out_ap_vld    |  out|    1|      ap_vld|                         REG_V_45_out|       pointer|
|REG_V_44_out           |  out|   16|      ap_vld|                         REG_V_44_out|       pointer|
|REG_V_44_out_ap_vld    |  out|    1|      ap_vld|                         REG_V_44_out|       pointer|
|REG_V_43_out           |  out|   16|      ap_vld|                         REG_V_43_out|       pointer|
|REG_V_43_out_ap_vld    |  out|    1|      ap_vld|                         REG_V_43_out|       pointer|
|REG_V_42_out           |  out|   16|      ap_vld|                         REG_V_42_out|       pointer|
|REG_V_42_out_ap_vld    |  out|    1|      ap_vld|                         REG_V_42_out|       pointer|
|REG_V_41_out           |  out|   16|      ap_vld|                         REG_V_41_out|       pointer|
|REG_V_41_out_ap_vld    |  out|    1|      ap_vld|                         REG_V_41_out|       pointer|
|REG_V_40_out           |  out|   16|      ap_vld|                         REG_V_40_out|       pointer|
|REG_V_40_out_ap_vld    |  out|    1|      ap_vld|                         REG_V_40_out|       pointer|
|REG_V_39_out           |  out|   16|      ap_vld|                         REG_V_39_out|       pointer|
|REG_V_39_out_ap_vld    |  out|    1|      ap_vld|                         REG_V_39_out|       pointer|
|REG_V_38_out           |  out|   16|      ap_vld|                         REG_V_38_out|       pointer|
|REG_V_38_out_ap_vld    |  out|    1|      ap_vld|                         REG_V_38_out|       pointer|
|REG_V_37_out           |  out|   16|      ap_vld|                         REG_V_37_out|       pointer|
|REG_V_37_out_ap_vld    |  out|    1|      ap_vld|                         REG_V_37_out|       pointer|
|REG_V_36_out           |  out|   16|      ap_vld|                         REG_V_36_out|       pointer|
|REG_V_36_out_ap_vld    |  out|    1|      ap_vld|                         REG_V_36_out|       pointer|
|REG_V_35_out           |  out|   16|      ap_vld|                         REG_V_35_out|       pointer|
|REG_V_35_out_ap_vld    |  out|    1|      ap_vld|                         REG_V_35_out|       pointer|
|REG_V_34_out           |  out|   16|      ap_vld|                         REG_V_34_out|       pointer|
|REG_V_34_out_ap_vld    |  out|    1|      ap_vld|                         REG_V_34_out|       pointer|
|REG_V_33_out           |  out|   16|      ap_vld|                         REG_V_33_out|       pointer|
|REG_V_33_out_ap_vld    |  out|    1|      ap_vld|                         REG_V_33_out|       pointer|
|REG_V_32_out           |  out|   16|      ap_vld|                         REG_V_32_out|       pointer|
|REG_V_32_out_ap_vld    |  out|    1|      ap_vld|                         REG_V_32_out|       pointer|
|self_sum_V_out         |  out|   32|      ap_vld|                       self_sum_V_out|       pointer|
|self_sum_V_out_ap_vld  |  out|    1|      ap_vld|                       self_sum_V_out|       pointer|
+-----------------------+-----+-----+------------+-------------------------------------+--------------+

============================================================
+ Verbose Summary: Synthesis Manager
============================================================
InlineROM: 1
ExposeGlobal: 0
============================================================
+ Verbose Summary: CDFG Model
============================================================
IsTopModel: 0
ResetActiveHigh: 1
IsCombinational: 2
IsDatapathOnly: 2
HasWiredReturn: 1
HasMFsm: 2
HasVarLatency: 1
IsPipeline: 0
IsRtlPipelined: 0
IsInstanceOverlapped: 0
IsDontTouch: 0
HasImplIP: 0
IsGatedGlobalClock: 0

+ Individual pipeline summary: 
  * Pipeline-0: initiation interval (II) = 1, depth = 6


============================================================
+ Verbose Summary: Schedule
============================================================
* Number of FSM states : 6
* Pipeline : 1
  Pipeline-0 : II = 1, D = 6, States = { 1 2 3 4 5 6 }
* Dataflow Pipeline: 0

* FSM state transitions: 
1 --> 2 
2 --> 3 
3 --> 4 
4 --> 5 
5 --> 6 
6 --> 

* FSM state operations: 

State 1 <SV = 0> <Delay = 1.34>
ST_1 : Operation 9 [1/1] (0.00ns)   --->   "%self_sum_V = alloca i32 1"   --->   Operation 9 'alloca' 'self_sum_V' <Predicate = true> <Delay = 0.00>
ST_1 : Operation 10 [1/1] (0.00ns)   --->   "%fe = alloca i32 1"   --->   Operation 10 'alloca' 'fe' <Predicate = true> <Delay = 0.00>
ST_1 : Operation 11 [1/1] (0.00ns)   --->   "%REG_V_32 = alloca i32 1"   --->   Operation 11 'alloca' 'REG_V_32' <Predicate = true> <Delay = 0.00>
ST_1 : Operation 12 [1/1] (0.00ns)   --->   "%REG_V_33 = alloca i32 1"   --->   Operation 12 'alloca' 'REG_V_33' <Predicate = true> <Delay = 0.00>
ST_1 : Operation 13 [1/1] (0.00ns)   --->   "%REG_V_34 = alloca i32 1"   --->   Operation 13 'alloca' 'REG_V_34' <Predicate = true> <Delay = 0.00>
ST_1 : Operation 14 [1/1] (0.00ns)   --->   "%REG_V_35 = alloca i32 1"   --->   Operation 14 'alloca' 'REG_V_35' <Predicate = true> <Delay = 0.00>
ST_1 : Operation 15 [1/1] (0.00ns)   --->   "%REG_V_36 = alloca i32 1"   --->   Operation 15 'alloca' 'REG_V_36' <Predicate = true> <Delay = 0.00>
ST_1 : Operation 16 [1/1] (0.00ns)   --->   "%REG_V_37 = alloca i32 1"   --->   Operation 16 'alloca' 'REG_V_37' <Predicate = true> <Delay = 0.00>
ST_1 : Operation 17 [1/1] (0.00ns)   --->   "%REG_V_38 = alloca i32 1"   --->   Operation 17 'alloca' 'REG_V_38' <Predicate = true> <Delay = 0.00>
ST_1 : Operation 18 [1/1] (0.00ns)   --->   "%REG_V_39 = alloca i32 1"   --->   Operation 18 'alloca' 'REG_V_39' <Predicate = true> <Delay = 0.00>
ST_1 : Operation 19 [1/1] (0.00ns)   --->   "%REG_V_40 = alloca i32 1"   --->   Operation 19 'alloca' 'REG_V_40' <Predicate = true> <Delay = 0.00>
ST_1 : Operation 20 [1/1] (0.00ns)   --->   "%REG_V_41 = alloca i32 1"   --->   Operation 20 'alloca' 'REG_V_41' <Predicate = true> <Delay = 0.00>
ST_1 : Operation 21 [1/1] (0.00ns)   --->   "%REG_V_42 = alloca i32 1"   --->   Operation 21 'alloca' 'REG_V_42' <Predicate = true> <Delay = 0.00>
ST_1 : Operation 22 [1/1] (0.00ns)   --->   "%REG_V_43 = alloca i32 1"   --->   Operation 22 'alloca' 'REG_V_43' <Predicate = true> <Delay = 0.00>
ST_1 : Operation 23 [1/1] (0.00ns)   --->   "%REG_V_44 = alloca i32 1"   --->   Operation 23 'alloca' 'REG_V_44' <Predicate = true> <Delay = 0.00>
ST_1 : Operation 24 [1/1] (0.00ns)   --->   "%REG_V_45 = alloca i32 1"   --->   Operation 24 'alloca' 'REG_V_45' <Predicate = true> <Delay = 0.00>
ST_1 : Operation 25 [1/1] (0.00ns)   --->   "%REG_V_46 = alloca i32 1"   --->   Operation 25 'alloca' 'REG_V_46' <Predicate = true> <Delay = 0.00>
ST_1 : Operation 26 [1/1] (0.00ns)   --->   "%REG_V_47 = alloca i32 1"   --->   Operation 26 'alloca' 'REG_V_47' <Predicate = true> <Delay = 0.00>
ST_1 : Operation 27 [1/1] (0.00ns)   --->   "%REG_V_48 = alloca i32 1"   --->   Operation 27 'alloca' 'REG_V_48' <Predicate = true> <Delay = 0.00>
ST_1 : Operation 28 [1/1] (0.00ns)   --->   "%REG_V_49 = alloca i32 1"   --->   Operation 28 'alloca' 'REG_V_49' <Predicate = true> <Delay = 0.00>
ST_1 : Operation 29 [1/1] (0.00ns)   --->   "%REG_V_50 = alloca i32 1"   --->   Operation 29 'alloca' 'REG_V_50' <Predicate = true> <Delay = 0.00>
ST_1 : Operation 30 [1/1] (0.00ns)   --->   "%REG_V_51 = alloca i32 1"   --->   Operation 30 'alloca' 'REG_V_51' <Predicate = true> <Delay = 0.00>
ST_1 : Operation 31 [1/1] (0.00ns)   --->   "%REG_V_52 = alloca i32 1"   --->   Operation 31 'alloca' 'REG_V_52' <Predicate = true> <Delay = 0.00>
ST_1 : Operation 32 [1/1] (0.00ns)   --->   "%REG_V_53 = alloca i32 1"   --->   Operation 32 'alloca' 'REG_V_53' <Predicate = true> <Delay = 0.00>
ST_1 : Operation 33 [1/1] (0.00ns)   --->   "%REG_V_54 = alloca i32 1"   --->   Operation 33 'alloca' 'REG_V_54' <Predicate = true> <Delay = 0.00>
ST_1 : Operation 34 [1/1] (0.00ns)   --->   "%REG_V_55 = alloca i32 1"   --->   Operation 34 'alloca' 'REG_V_55' <Predicate = true> <Delay = 0.00>
ST_1 : Operation 35 [1/1] (0.00ns)   --->   "%REG_V_56 = alloca i32 1"   --->   Operation 35 'alloca' 'REG_V_56' <Predicate = true> <Delay = 0.00>
ST_1 : Operation 36 [1/1] (0.00ns)   --->   "%REG_V_57 = alloca i32 1"   --->   Operation 36 'alloca' 'REG_V_57' <Predicate = true> <Delay = 0.00>
ST_1 : Operation 37 [1/1] (0.00ns)   --->   "%REG_V_58 = alloca i32 1"   --->   Operation 37 'alloca' 'REG_V_58' <Predicate = true> <Delay = 0.00>
ST_1 : Operation 38 [1/1] (0.00ns)   --->   "%REG_V_59 = alloca i32 1"   --->   Operation 38 'alloca' 'REG_V_59' <Predicate = true> <Delay = 0.00>
ST_1 : Operation 39 [1/1] (0.00ns)   --->   "%REG_V_60 = alloca i32 1"   --->   Operation 39 'alloca' 'REG_V_60' <Predicate = true> <Delay = 0.00>
ST_1 : Operation 40 [1/1] (0.00ns)   --->   "%REG_V_61 = alloca i32 1"   --->   Operation 40 'alloca' 'REG_V_61' <Predicate = true> <Delay = 0.00>
ST_1 : Operation 41 [1/1] (0.00ns)   --->   "%REG_V_62 = alloca i32 1"   --->   Operation 41 'alloca' 'REG_V_62' <Predicate = true> <Delay = 0.00>
ST_1 : Operation 42 [1/1] (0.00ns)   --->   "%REG_V_63 = alloca i32 1"   --->   Operation 42 'alloca' 'REG_V_63' <Predicate = true> <Delay = 0.00>
ST_1 : Operation 43 [1/1] (0.00ns)   --->   "%specinterface_ln0 = specinterface void @_ssdm_op_SpecInterface, i32 %buffer_b, void @empty_6, i32 0, i32 0, void @empty, i32 4294967295, i32 0, void @empty, void @empty, void @empty, i32 0, i32 0, i32 0, i32 0, void @empty, void @empty, i32 4294967295, i32 0"   --->   Operation 43 'specinterface' 'specinterface_ln0' <Predicate = true> <Delay = 0.00>
ST_1 : Operation 44 [1/1] (0.00ns)   --->   "%specinterface_ln0 = specinterface void @_ssdm_op_SpecInterface, i32 %buffer_a, void @empty_6, i32 0, i32 0, void @empty, i32 4294967295, i32 0, void @empty, void @empty, void @empty, i32 0, i32 0, i32 0, i32 0, void @empty, void @empty, i32 4294967295, i32 0"   --->   Operation 44 'specinterface' 'specinterface_ln0' <Predicate = true> <Delay = 0.00>
ST_1 : Operation 45 [1/1] (0.00ns)   --->   "%tmp_7_read = read i2 @_ssdm_op_Read.ap_auto.i2, i2 %tmp_7"   --->   Operation 45 'read' 'tmp_7_read' <Predicate = true> <Delay = 0.00>
ST_1 : Operation 46 [1/1] (0.00ns)   --->   "%tmp_8_read = read i3 @_ssdm_op_Read.ap_auto.i3, i3 %tmp_8"   --->   Operation 46 'read' 'tmp_8_read' <Predicate = true> <Delay = 0.00>
ST_1 : Operation 47 [1/1] (0.00ns)   --->   "%REG_V_read = read i16 @_ssdm_op_Read.ap_auto.i16, i16 %REG_V"   --->   Operation 47 'read' 'REG_V_read' <Predicate = true> <Delay = 0.00>
ST_1 : Operation 48 [1/1] (0.00ns)   --->   "%REG_V_1_read = read i16 @_ssdm_op_Read.ap_auto.i16, i16 %REG_V_1"   --->   Operation 48 'read' 'REG_V_1_read' <Predicate = true> <Delay = 0.00>
ST_1 : Operation 49 [1/1] (0.00ns)   --->   "%REG_V_2_read = read i16 @_ssdm_op_Read.ap_auto.i16, i16 %REG_V_2"   --->   Operation 49 'read' 'REG_V_2_read' <Predicate = true> <Delay = 0.00>
ST_1 : Operation 50 [1/1] (0.00ns)   --->   "%REG_V_3_read = read i16 @_ssdm_op_Read.ap_auto.i16, i16 %REG_V_3"   --->   Operation 50 'read' 'REG_V_3_read' <Predicate = true> <Delay = 0.00>
ST_1 : Operation 51 [1/1] (0.00ns)   --->   "%REG_V_4_read = read i16 @_ssdm_op_Read.ap_auto.i16, i16 %REG_V_4"   --->   Operation 51 'read' 'REG_V_4_read' <Predicate = true> <Delay = 0.00>
ST_1 : Operation 52 [1/1] (0.00ns)   --->   "%REG_V_5_read = read i16 @_ssdm_op_Read.ap_auto.i16, i16 %REG_V_5"   --->   Operation 52 'read' 'REG_V_5_read' <Predicate = true> <Delay = 0.00>
ST_1 : Operation 53 [1/1] (0.00ns)   --->   "%REG_V_6_read = read i16 @_ssdm_op_Read.ap_auto.i16, i16 %REG_V_6"   --->   Operation 53 'read' 'REG_V_6_read' <Predicate = true> <Delay = 0.00>
ST_1 : Operation 54 [1/1] (0.00ns)   --->   "%REG_V_7_read = read i16 @_ssdm_op_Read.ap_auto.i16, i16 %REG_V_7"   --->   Operation 54 'read' 'REG_V_7_read' <Predicate = true> <Delay = 0.00>
ST_1 : Operation 55 [1/1] (0.00ns)   --->   "%REG_V_8_read = read i16 @_ssdm_op_Read.ap_auto.i16, i16 %REG_V_8"   --->   Operation 55 'read' 'REG_V_8_read' <Predicate = true> <Delay = 0.00>
ST_1 : Operation 56 [1/1] (0.00ns)   --->   "%REG_V_9_read = read i16 @_ssdm_op_Read.ap_auto.i16, i16 %REG_V_9"   --->   Operation 56 'read' 'REG_V_9_read' <Predicate = true> <Delay = 0.00>
ST_1 : Operation 57 [1/1] (0.00ns)   --->   "%REG_V_10_read = read i16 @_ssdm_op_Read.ap_auto.i16, i16 %REG_V_10"   --->   Operation 57 'read' 'REG_V_10_read' <Predicate = true> <Delay = 0.00>
ST_1 : Operation 58 [1/1] (0.00ns)   --->   "%REG_V_11_read = read i16 @_ssdm_op_Read.ap_auto.i16, i16 %REG_V_11"   --->   Operation 58 'read' 'REG_V_11_read' <Predicate = true> <Delay = 0.00>
ST_1 : Operation 59 [1/1] (0.00ns)   --->   "%REG_V_12_read = read i16 @_ssdm_op_Read.ap_auto.i16, i16 %REG_V_12"   --->   Operation 59 'read' 'REG_V_12_read' <Predicate = true> <Delay = 0.00>
ST_1 : Operation 60 [1/1] (0.00ns)   --->   "%REG_V_13_read = read i16 @_ssdm_op_Read.ap_auto.i16, i16 %REG_V_13"   --->   Operation 60 'read' 'REG_V_13_read' <Predicate = true> <Delay = 0.00>
ST_1 : Operation 61 [1/1] (0.00ns)   --->   "%REG_V_14_read = read i16 @_ssdm_op_Read.ap_auto.i16, i16 %REG_V_14"   --->   Operation 61 'read' 'REG_V_14_read' <Predicate = true> <Delay = 0.00>
ST_1 : Operation 62 [1/1] (0.00ns)   --->   "%REG_V_15_read = read i16 @_ssdm_op_Read.ap_auto.i16, i16 %REG_V_15"   --->   Operation 62 'read' 'REG_V_15_read' <Predicate = true> <Delay = 0.00>
ST_1 : Operation 63 [1/1] (0.00ns)   --->   "%REG_V_16_read = read i16 @_ssdm_op_Read.ap_auto.i16, i16 %REG_V_16"   --->   Operation 63 'read' 'REG_V_16_read' <Predicate = true> <Delay = 0.00>
ST_1 : Operation 64 [1/1] (0.00ns)   --->   "%REG_V_17_read = read i16 @_ssdm_op_Read.ap_auto.i16, i16 %REG_V_17"   --->   Operation 64 'read' 'REG_V_17_read' <Predicate = true> <Delay = 0.00>
ST_1 : Operation 65 [1/1] (0.00ns)   --->   "%REG_V_18_read = read i16 @_ssdm_op_Read.ap_auto.i16, i16 %REG_V_18"   --->   Operation 65 'read' 'REG_V_18_read' <Predicate = true> <Delay = 0.00>
ST_1 : Operation 66 [1/1] (0.00ns)   --->   "%REG_V_19_read = read i16 @_ssdm_op_Read.ap_auto.i16, i16 %REG_V_19"   --->   Operation 66 'read' 'REG_V_19_read' <Predicate = true> <Delay = 0.00>
ST_1 : Operation 67 [1/1] (0.00ns)   --->   "%REG_V_20_read = read i16 @_ssdm_op_Read.ap_auto.i16, i16 %REG_V_20"   --->   Operation 67 'read' 'REG_V_20_read' <Predicate = true> <Delay = 0.00>
ST_1 : Operation 68 [1/1] (0.00ns)   --->   "%REG_V_21_read = read i16 @_ssdm_op_Read.ap_auto.i16, i16 %REG_V_21"   --->   Operation 68 'read' 'REG_V_21_read' <Predicate = true> <Delay = 0.00>
ST_1 : Operation 69 [1/1] (0.00ns)   --->   "%REG_V_22_read = read i16 @_ssdm_op_Read.ap_auto.i16, i16 %REG_V_22"   --->   Operation 69 'read' 'REG_V_22_read' <Predicate = true> <Delay = 0.00>
ST_1 : Operation 70 [1/1] (0.00ns)   --->   "%REG_V_23_read = read i16 @_ssdm_op_Read.ap_auto.i16, i16 %REG_V_23"   --->   Operation 70 'read' 'REG_V_23_read' <Predicate = true> <Delay = 0.00>
ST_1 : Operation 71 [1/1] (0.00ns)   --->   "%REG_V_24_read = read i16 @_ssdm_op_Read.ap_auto.i16, i16 %REG_V_24"   --->   Operation 71 'read' 'REG_V_24_read' <Predicate = true> <Delay = 0.00>
ST_1 : Operation 72 [1/1] (0.00ns)   --->   "%REG_V_25_read = read i16 @_ssdm_op_Read.ap_auto.i16, i16 %REG_V_25"   --->   Operation 72 'read' 'REG_V_25_read' <Predicate = true> <Delay = 0.00>
ST_1 : Operation 73 [1/1] (0.00ns)   --->   "%REG_V_26_read = read i16 @_ssdm_op_Read.ap_auto.i16, i16 %REG_V_26"   --->   Operation 73 'read' 'REG_V_26_read' <Predicate = true> <Delay = 0.00>
ST_1 : Operation 74 [1/1] (0.00ns)   --->   "%REG_V_27_read = read i16 @_ssdm_op_Read.ap_auto.i16, i16 %REG_V_27"   --->   Operation 74 'read' 'REG_V_27_read' <Predicate = true> <Delay = 0.00>
ST_1 : Operation 75 [1/1] (0.00ns)   --->   "%REG_V_28_read = read i16 @_ssdm_op_Read.ap_auto.i16, i16 %REG_V_28"   --->   Operation 75 'read' 'REG_V_28_read' <Predicate = true> <Delay = 0.00>
ST_1 : Operation 76 [1/1] (0.00ns)   --->   "%REG_V_29_read = read i16 @_ssdm_op_Read.ap_auto.i16, i16 %REG_V_29"   --->   Operation 76 'read' 'REG_V_29_read' <Predicate = true> <Delay = 0.00>
ST_1 : Operation 77 [1/1] (0.00ns)   --->   "%REG_V_30_read = read i16 @_ssdm_op_Read.ap_auto.i16, i16 %REG_V_30"   --->   Operation 77 'read' 'REG_V_30_read' <Predicate = true> <Delay = 0.00>
ST_1 : Operation 78 [1/1] (0.00ns)   --->   "%REG_V_31_read = read i16 @_ssdm_op_Read.ap_auto.i16, i16 %REG_V_31"   --->   Operation 78 'read' 'REG_V_31_read' <Predicate = true> <Delay = 0.00>
ST_1 : Operation 79 [1/1] (0.42ns)   --->   "%store_ln0 = store i16 %REG_V_31_read, i16 %REG_V_63"   --->   Operation 79 'store' 'store_ln0' <Predicate = true> <Delay = 0.42>
ST_1 : Operation 80 [1/1] (0.42ns)   --->   "%store_ln0 = store i16 %REG_V_30_read, i16 %REG_V_62"   --->   Operation 80 'store' 'store_ln0' <Predicate = true> <Delay = 0.42>
ST_1 : Operation 81 [1/1] (0.42ns)   --->   "%store_ln0 = store i16 %REG_V_29_read, i16 %REG_V_61"   --->   Operation 81 'store' 'store_ln0' <Predicate = true> <Delay = 0.42>
ST_1 : Operation 82 [1/1] (0.42ns)   --->   "%store_ln0 = store i16 %REG_V_28_read, i16 %REG_V_60"   --->   Operation 82 'store' 'store_ln0' <Predicate = true> <Delay = 0.42>
ST_1 : Operation 83 [1/1] (0.42ns)   --->   "%store_ln0 = store i16 %REG_V_27_read, i16 %REG_V_59"   --->   Operation 83 'store' 'store_ln0' <Predicate = true> <Delay = 0.42>
ST_1 : Operation 84 [1/1] (0.42ns)   --->   "%store_ln0 = store i16 %REG_V_26_read, i16 %REG_V_58"   --->   Operation 84 'store' 'store_ln0' <Predicate = true> <Delay = 0.42>
ST_1 : Operation 85 [1/1] (0.42ns)   --->   "%store_ln0 = store i16 %REG_V_25_read, i16 %REG_V_57"   --->   Operation 85 'store' 'store_ln0' <Predicate = true> <Delay = 0.42>
ST_1 : Operation 86 [1/1] (0.42ns)   --->   "%store_ln0 = store i16 %REG_V_24_read, i16 %REG_V_56"   --->   Operation 86 'store' 'store_ln0' <Predicate = true> <Delay = 0.42>
ST_1 : Operation 87 [1/1] (0.42ns)   --->   "%store_ln0 = store i16 %REG_V_23_read, i16 %REG_V_55"   --->   Operation 87 'store' 'store_ln0' <Predicate = true> <Delay = 0.42>
ST_1 : Operation 88 [1/1] (0.42ns)   --->   "%store_ln0 = store i16 %REG_V_22_read, i16 %REG_V_54"   --->   Operation 88 'store' 'store_ln0' <Predicate = true> <Delay = 0.42>
ST_1 : Operation 89 [1/1] (0.42ns)   --->   "%store_ln0 = store i16 %REG_V_21_read, i16 %REG_V_53"   --->   Operation 89 'store' 'store_ln0' <Predicate = true> <Delay = 0.42>
ST_1 : Operation 90 [1/1] (0.42ns)   --->   "%store_ln0 = store i16 %REG_V_20_read, i16 %REG_V_52"   --->   Operation 90 'store' 'store_ln0' <Predicate = true> <Delay = 0.42>
ST_1 : Operation 91 [1/1] (0.42ns)   --->   "%store_ln0 = store i16 %REG_V_19_read, i16 %REG_V_51"   --->   Operation 91 'store' 'store_ln0' <Predicate = true> <Delay = 0.42>
ST_1 : Operation 92 [1/1] (0.42ns)   --->   "%store_ln0 = store i16 %REG_V_18_read, i16 %REG_V_50"   --->   Operation 92 'store' 'store_ln0' <Predicate = true> <Delay = 0.42>
ST_1 : Operation 93 [1/1] (0.42ns)   --->   "%store_ln0 = store i16 %REG_V_17_read, i16 %REG_V_49"   --->   Operation 93 'store' 'store_ln0' <Predicate = true> <Delay = 0.42>
ST_1 : Operation 94 [1/1] (0.42ns)   --->   "%store_ln0 = store i16 %REG_V_16_read, i16 %REG_V_48"   --->   Operation 94 'store' 'store_ln0' <Predicate = true> <Delay = 0.42>
ST_1 : Operation 95 [1/1] (0.42ns)   --->   "%store_ln0 = store i16 %REG_V_15_read, i16 %REG_V_47"   --->   Operation 95 'store' 'store_ln0' <Predicate = true> <Delay = 0.42>
ST_1 : Operation 96 [1/1] (0.42ns)   --->   "%store_ln0 = store i16 %REG_V_14_read, i16 %REG_V_46"   --->   Operation 96 'store' 'store_ln0' <Predicate = true> <Delay = 0.42>
ST_1 : Operation 97 [1/1] (0.42ns)   --->   "%store_ln0 = store i16 %REG_V_13_read, i16 %REG_V_45"   --->   Operation 97 'store' 'store_ln0' <Predicate = true> <Delay = 0.42>
ST_1 : Operation 98 [1/1] (0.42ns)   --->   "%store_ln0 = store i16 %REG_V_12_read, i16 %REG_V_44"   --->   Operation 98 'store' 'store_ln0' <Predicate = true> <Delay = 0.42>
ST_1 : Operation 99 [1/1] (0.42ns)   --->   "%store_ln0 = store i16 %REG_V_11_read, i16 %REG_V_43"   --->   Operation 99 'store' 'store_ln0' <Predicate = true> <Delay = 0.42>
ST_1 : Operation 100 [1/1] (0.42ns)   --->   "%store_ln0 = store i16 %REG_V_10_read, i16 %REG_V_42"   --->   Operation 100 'store' 'store_ln0' <Predicate = true> <Delay = 0.42>
ST_1 : Operation 101 [1/1] (0.42ns)   --->   "%store_ln0 = store i16 %REG_V_9_read, i16 %REG_V_41"   --->   Operation 101 'store' 'store_ln0' <Predicate = true> <Delay = 0.42>
ST_1 : Operation 102 [1/1] (0.42ns)   --->   "%store_ln0 = store i16 %REG_V_8_read, i16 %REG_V_40"   --->   Operation 102 'store' 'store_ln0' <Predicate = true> <Delay = 0.42>
ST_1 : Operation 103 [1/1] (0.42ns)   --->   "%store_ln0 = store i16 %REG_V_7_read, i16 %REG_V_39"   --->   Operation 103 'store' 'store_ln0' <Predicate = true> <Delay = 0.42>
ST_1 : Operation 104 [1/1] (0.42ns)   --->   "%store_ln0 = store i16 %REG_V_6_read, i16 %REG_V_38"   --->   Operation 104 'store' 'store_ln0' <Predicate = true> <Delay = 0.42>
ST_1 : Operation 105 [1/1] (0.42ns)   --->   "%store_ln0 = store i16 %REG_V_5_read, i16 %REG_V_37"   --->   Operation 105 'store' 'store_ln0' <Predicate = true> <Delay = 0.42>
ST_1 : Operation 106 [1/1] (0.42ns)   --->   "%store_ln0 = store i16 %REG_V_4_read, i16 %REG_V_36"   --->   Operation 106 'store' 'store_ln0' <Predicate = true> <Delay = 0.42>
ST_1 : Operation 107 [1/1] (0.42ns)   --->   "%store_ln0 = store i16 %REG_V_3_read, i16 %REG_V_35"   --->   Operation 107 'store' 'store_ln0' <Predicate = true> <Delay = 0.42>
ST_1 : Operation 108 [1/1] (0.42ns)   --->   "%store_ln0 = store i16 %REG_V_2_read, i16 %REG_V_34"   --->   Operation 108 'store' 'store_ln0' <Predicate = true> <Delay = 0.42>
ST_1 : Operation 109 [1/1] (0.42ns)   --->   "%store_ln0 = store i16 %REG_V_1_read, i16 %REG_V_33"   --->   Operation 109 'store' 'store_ln0' <Predicate = true> <Delay = 0.42>
ST_1 : Operation 110 [1/1] (0.42ns)   --->   "%store_ln0 = store i16 %REG_V_read, i16 %REG_V_32"   --->   Operation 110 'store' 'store_ln0' <Predicate = true> <Delay = 0.42>
ST_1 : Operation 111 [1/1] (0.42ns)   --->   "%store_ln0 = store i2 0, i2 %fe"   --->   Operation 111 'store' 'store_ln0' <Predicate = true> <Delay = 0.42>
ST_1 : Operation 112 [1/1] (0.42ns)   --->   "%store_ln0 = store i34 0, i34 %self_sum_V"   --->   Operation 112 'store' 'store_ln0' <Predicate = true> <Delay = 0.42>
ST_1 : Operation 113 [1/1] (0.00ns)   --->   "%br_ln0 = br void %for.inc58"   --->   Operation 113 'br' 'br_ln0' <Predicate = true> <Delay = 0.00>
ST_1 : Operation 114 [1/1] (0.00ns)   --->   "%fe_1 = load i2 %fe" [Compute_block2in/Compute2in.cpp:74]   --->   Operation 114 'load' 'fe_1' <Predicate = true> <Delay = 0.00>
ST_1 : Operation 115 [1/1] (0.44ns)   --->   "%icmp_ln66 = icmp_eq  i2 %fe_1, i2 2" [Compute_block2in/Compute2in.cpp:66]   --->   Operation 115 'icmp' 'icmp_ln66' <Predicate = true> <Delay = 0.44> <CoreInst = "Cmp">   --->   Core 9 'Cmp' <Latency = 0> <II = 1> <Delay = 0.58> <FuncUnit> <Opcode : 'icmp'> <InPorts = 2> <OutPorts = 1>
ST_1 : Operation 116 [1/1] (0.54ns)   --->   "%add_ln66 = add i2 %fe_1, i2 1" [Compute_block2in/Compute2in.cpp:66]   --->   Operation 116 'add' 'add_ln66' <Predicate = true> <Delay = 0.54> <CoreInst = "Adder">   --->   Core 1 'Adder' <Latency = 0> <II = 1> <Delay = 0.54> <FuncUnit> <Opcode : 'add' 'sub'> <InPorts = 2> <OutPorts = 1>
ST_1 : Operation 117 [1/1] (0.00ns)   --->   "%br_ln66 = br i1 %icmp_ln66, void %for.inc58.split, void %for.end60.exitStub" [Compute_block2in/Compute2in.cpp:66]   --->   Operation 117 'br' 'br_ln66' <Predicate = true> <Delay = 0.00>
ST_1 : Operation 118 [1/1] (0.00ns)   --->   "%fe_cast = zext i2 %fe_1" [Compute_block2in/Compute2in.cpp:74]   --->   Operation 118 'zext' 'fe_cast' <Predicate = (!icmp_ln66)> <Delay = 0.00>
ST_1 : Operation 119 [1/1] (0.67ns)   --->   "%add_ln68 = add i3 %fe_cast, i3 %tmp_8_read" [Compute_block2in/Compute2in.cpp:68]   --->   Operation 119 'add' 'add_ln68' <Predicate = (!icmp_ln66)> <Delay = 0.67> <CoreInst = "Adder">   --->   Core 1 'Adder' <Latency = 0> <II = 1> <Delay = 0.67> <FuncUnit> <Opcode : 'add' 'sub'> <InPorts = 2> <OutPorts = 1>
ST_1 : Operation 120 [1/1] (0.00ns)   --->   "%zext_ln68 = zext i3 %add_ln68" [Compute_block2in/Compute2in.cpp:68]   --->   Operation 120 'zext' 'zext_ln68' <Predicate = (!icmp_ln66)> <Delay = 0.00>
ST_1 : Operation 121 [1/1] (0.00ns)   --->   "%buffer_a_addr = getelementptr i32 %buffer_a, i64 0, i64 %zext_ln68" [Compute_block2in/Compute2in.cpp:68]   --->   Operation 121 'getelementptr' 'buffer_a_addr' <Predicate = (!icmp_ln66)> <Delay = 0.00>
ST_1 : Operation 122 [2/2] (0.67ns)   --->   "%word_V = load i3 %buffer_a_addr" [Compute_block2in/Compute2in.cpp:68]   --->   Operation 122 'load' 'word_V' <Predicate = (!icmp_ln66)> <Delay = 0.67> <CoreInst = "RAM">   --->   Core 83 'RAM' <Latency = 1> <II = 1> <Delay = 0.67> <Storage> <Opcode : 'load' 'store'> <Ports = 2> <Width = 32> <Depth = 8> <RAM>
ST_1 : Operation 123 [1/1] (0.00ns)   --->   "%buffer_b_addr = getelementptr i32 %buffer_b, i64 0, i64 %zext_ln68" [Compute_block2in/Compute2in.cpp:69]   --->   Operation 123 'getelementptr' 'buffer_b_addr' <Predicate = (!icmp_ln66)> <Delay = 0.00>
ST_1 : Operation 124 [2/2] (0.67ns)   --->   "%word1 = load i3 %buffer_b_addr" [Compute_block2in/Compute2in.cpp:69]   --->   Operation 124 'load' 'word1' <Predicate = (!icmp_ln66)> <Delay = 0.67> <CoreInst = "RAM">   --->   Core 83 'RAM' <Latency = 1> <II = 1> <Delay = 0.67> <Storage> <Opcode : 'load' 'store'> <Ports = 2> <Width = 32> <Depth = 8> <RAM>
ST_1 : Operation 125 [1/1] (0.00ns)   --->   "%trunc_ln74 = trunc i2 %fe_1" [Compute_block2in/Compute2in.cpp:74]   --->   Operation 125 'trunc' 'trunc_ln74' <Predicate = (!icmp_ln66)> <Delay = 0.00>
ST_1 : Operation 126 [1/1] (0.44ns)   --->   "%switch_ln74 = switch i2 %tmp_7_read, void %arrayidx355.case.3, i2 0, void %arrayidx355.case.0, i2 1, void %arrayidx355.case.1, i2 2, void %arrayidx355.case.2" [Compute_block2in/Compute2in.cpp:74]   --->   Operation 126 'switch' 'switch_ln74' <Predicate = (!icmp_ln66)> <Delay = 0.44>
ST_1 : Operation 127 [1/1] (0.42ns)   --->   "%store_ln66 = store i2 %add_ln66, i2 %fe" [Compute_block2in/Compute2in.cpp:66]   --->   Operation 127 'store' 'store_ln66' <Predicate = (!icmp_ln66)> <Delay = 0.42>

State 2 <SV = 1> <Delay = 1.46>
ST_2 : Operation 128 [1/1] (0.00ns)   --->   "%specloopname_ln50 = specloopname void @_ssdm_op_SpecLoopName, void @empty_3" [Compute_block2in/Compute2in.cpp:50]   --->   Operation 128 'specloopname' 'specloopname_ln50' <Predicate = (!icmp_ln66)> <Delay = 0.00>
ST_2 : Operation 129 [1/2] (0.67ns)   --->   "%word_V = load i3 %buffer_a_addr" [Compute_block2in/Compute2in.cpp:68]   --->   Operation 129 'load' 'word_V' <Predicate = (!icmp_ln66)> <Delay = 0.67> <CoreInst = "RAM">   --->   Core 83 'RAM' <Latency = 1> <II = 1> <Delay = 0.67> <Storage> <Opcode : 'load' 'store'> <Ports = 2> <Width = 32> <Depth = 8> <RAM>
ST_2 : Operation 130 [1/2] (0.67ns)   --->   "%word1 = load i3 %buffer_b_addr" [Compute_block2in/Compute2in.cpp:69]   --->   Operation 130 'load' 'word1' <Predicate = (!icmp_ln66)> <Delay = 0.67> <CoreInst = "RAM">   --->   Core 83 'RAM' <Latency = 1> <II = 1> <Delay = 0.67> <Storage> <Opcode : 'load' 'store'> <Ports = 2> <Width = 32> <Depth = 8> <RAM>
ST_2 : Operation 131 [1/1] (0.00ns)   --->   "%lhs = trunc i32 %word_V"   --->   Operation 131 'trunc' 'lhs' <Predicate = (!icmp_ln66)> <Delay = 0.00>
ST_2 : Operation 132 [1/1] (0.00ns)   --->   "%lhs_1 = partselect i16 @_ssdm_op_PartSelect.i16.i32.i32.i32, i32 %word_V, i32 16, i32 31"   --->   Operation 132 'partselect' 'lhs_1' <Predicate = (!icmp_ln66)> <Delay = 0.00>
ST_2 : Operation 133 [1/1] (0.00ns)   --->   "%rhs = trunc i32 %word1"   --->   Operation 133 'trunc' 'rhs' <Predicate = (!icmp_ln66)> <Delay = 0.00>
ST_2 : Operation 134 [1/1] (0.00ns)   --->   "%rhs_1 = partselect i16 @_ssdm_op_PartSelect.i16.i32.i32.i32, i32 %word1, i32 16, i32 31"   --->   Operation 134 'partselect' 'rhs_1' <Predicate = (!icmp_ln66)> <Delay = 0.00>
ST_2 : Operation 135 [1/1] (0.00ns)   --->   "%REG_V_48_load_1 = load i16 %REG_V_48" [Compute_block2in/Compute2in.cpp:74]   --->   Operation 135 'load' 'REG_V_48_load_1' <Predicate = (!icmp_ln66 & tmp_7_read == 2 & trunc_ln74)> <Delay = 0.00>
ST_2 : Operation 136 [1/1] (0.00ns)   --->   "%REG_V_49_load_1 = load i16 %REG_V_49" [Compute_block2in/Compute2in.cpp:75]   --->   Operation 136 'load' 'REG_V_49_load_1' <Predicate = (!icmp_ln66 & tmp_7_read == 2 & trunc_ln74)> <Delay = 0.00>
ST_2 : Operation 137 [1/1] (0.00ns)   --->   "%REG_V_50_load_1 = load i16 %REG_V_50" [Compute_block2in/Compute2in.cpp:74]   --->   Operation 137 'load' 'REG_V_50_load_1' <Predicate = (!icmp_ln66 & tmp_7_read == 2 & !trunc_ln74)> <Delay = 0.00>
ST_2 : Operation 138 [1/1] (0.00ns)   --->   "%REG_V_51_load_1 = load i16 %REG_V_51" [Compute_block2in/Compute2in.cpp:75]   --->   Operation 138 'load' 'REG_V_51_load_1' <Predicate = (!icmp_ln66 & tmp_7_read == 2 & !trunc_ln74)> <Delay = 0.00>
ST_2 : Operation 139 [1/1] (0.00ns)   --->   "%REG_V_52_load_1 = load i16 %REG_V_52" [Compute_block2in/Compute2in.cpp:76]   --->   Operation 139 'load' 'REG_V_52_load_1' <Predicate = (!icmp_ln66 & tmp_7_read == 2 & trunc_ln74)> <Delay = 0.00>
ST_2 : Operation 140 [1/1] (0.00ns)   --->   "%REG_V_53_load_1 = load i16 %REG_V_53" [Compute_block2in/Compute2in.cpp:77]   --->   Operation 140 'load' 'REG_V_53_load_1' <Predicate = (!icmp_ln66 & tmp_7_read == 2 & trunc_ln74)> <Delay = 0.00>
ST_2 : Operation 141 [1/1] (0.00ns)   --->   "%REG_V_54_load_1 = load i16 %REG_V_54" [Compute_block2in/Compute2in.cpp:76]   --->   Operation 141 'load' 'REG_V_54_load_1' <Predicate = (!icmp_ln66 & tmp_7_read == 2 & !trunc_ln74)> <Delay = 0.00>
ST_2 : Operation 142 [1/1] (0.00ns)   --->   "%REG_V_55_load_1 = load i16 %REG_V_55" [Compute_block2in/Compute2in.cpp:77]   --->   Operation 142 'load' 'REG_V_55_load_1' <Predicate = (!icmp_ln66 & tmp_7_read == 2 & !trunc_ln74)> <Delay = 0.00>
ST_2 : Operation 143 [1/1] (0.35ns)   --->   "%REG_V_78 = select i1 %trunc_ln74, i16 %lhs, i16 %REG_V_50_load_1" [Compute_block2in/Compute2in.cpp:74]   --->   Operation 143 'select' 'REG_V_78' <Predicate = (!icmp_ln66 & tmp_7_read == 2)> <Delay = 0.35> <CoreInst = "Sel">   --->   Core 73 'Sel' <Latency = 0> <II = 1> <Delay = 0.35> <FuncUnit> <Opcode : 'select'> <InPorts = 3> <OutPorts = 1>
ST_2 : Operation 144 [1/1] (0.35ns)   --->   "%REG_V_79 = select i1 %trunc_ln74, i16 %REG_V_48_load_1, i16 %lhs" [Compute_block2in/Compute2in.cpp:74]   --->   Operation 144 'select' 'REG_V_79' <Predicate = (!icmp_ln66 & tmp_7_read == 2)> <Delay = 0.35> <CoreInst = "Sel">   --->   Core 73 'Sel' <Latency = 0> <II = 1> <Delay = 0.35> <FuncUnit> <Opcode : 'select'> <InPorts = 3> <OutPorts = 1>
ST_2 : Operation 145 [1/1] (0.35ns)   --->   "%REG_V_83 = select i1 %trunc_ln74, i16 %lhs_1, i16 %REG_V_51_load_1" [Compute_block2in/Compute2in.cpp:75]   --->   Operation 145 'select' 'REG_V_83' <Predicate = (!icmp_ln66 & tmp_7_read == 2)> <Delay = 0.35> <CoreInst = "Sel">   --->   Core 73 'Sel' <Latency = 0> <II = 1> <Delay = 0.35> <FuncUnit> <Opcode : 'select'> <InPorts = 3> <OutPorts = 1>
ST_2 : Operation 146 [1/1] (0.35ns)   --->   "%REG_V_82 = select i1 %trunc_ln74, i16 %REG_V_49_load_1, i16 %lhs_1" [Compute_block2in/Compute2in.cpp:75]   --->   Operation 146 'select' 'REG_V_82' <Predicate = (!icmp_ln66 & tmp_7_read == 2)> <Delay = 0.35> <CoreInst = "Sel">   --->   Core 73 'Sel' <Latency = 0> <II = 1> <Delay = 0.35> <FuncUnit> <Opcode : 'select'> <InPorts = 3> <OutPorts = 1>
ST_2 : Operation 147 [1/1] (0.35ns)   --->   "%REG_V_81 = select i1 %trunc_ln74, i16 %rhs, i16 %REG_V_54_load_1" [Compute_block2in/Compute2in.cpp:76]   --->   Operation 147 'select' 'REG_V_81' <Predicate = (!icmp_ln66 & tmp_7_read == 2)> <Delay = 0.35> <CoreInst = "Sel">   --->   Core 73 'Sel' <Latency = 0> <II = 1> <Delay = 0.35> <FuncUnit> <Opcode : 'select'> <InPorts = 3> <OutPorts = 1>
ST_2 : Operation 148 [1/1] (0.35ns)   --->   "%REG_V_80 = select i1 %trunc_ln74, i16 %REG_V_52_load_1, i16 %rhs" [Compute_block2in/Compute2in.cpp:76]   --->   Operation 148 'select' 'REG_V_80' <Predicate = (!icmp_ln66 & tmp_7_read == 2)> <Delay = 0.35> <CoreInst = "Sel">   --->   Core 73 'Sel' <Latency = 0> <II = 1> <Delay = 0.35> <FuncUnit> <Opcode : 'select'> <InPorts = 3> <OutPorts = 1>
ST_2 : Operation 149 [1/1] (0.35ns)   --->   "%select_ln77_6 = select i1 %trunc_ln74, i16 %rhs_1, i16 %REG_V_55_load_1" [Compute_block2in/Compute2in.cpp:77]   --->   Operation 149 'select' 'select_ln77_6' <Predicate = (!icmp_ln66 & tmp_7_read == 2)> <Delay = 0.35> <CoreInst = "Sel">   --->   Core 73 'Sel' <Latency = 0> <II = 1> <Delay = 0.35> <FuncUnit> <Opcode : 'select'> <InPorts = 3> <OutPorts = 1>
ST_2 : Operation 150 [1/1] (0.35ns)   --->   "%select_ln77_7 = select i1 %trunc_ln74, i16 %REG_V_53_load_1, i16 %rhs_1" [Compute_block2in/Compute2in.cpp:77]   --->   Operation 150 'select' 'select_ln77_7' <Predicate = (!icmp_ln66 & tmp_7_read == 2)> <Delay = 0.35> <CoreInst = "Sel">   --->   Core 73 'Sel' <Latency = 0> <II = 1> <Delay = 0.35> <FuncUnit> <Opcode : 'select'> <InPorts = 3> <OutPorts = 1>
ST_2 : Operation 151 [1/1] (0.42ns)   --->   "%store_ln77 = store i16 %select_ln77_6, i16 %REG_V_55" [Compute_block2in/Compute2in.cpp:77]   --->   Operation 151 'store' 'store_ln77' <Predicate = (!icmp_ln66 & tmp_7_read == 2)> <Delay = 0.42>
ST_2 : Operation 152 [1/1] (0.42ns)   --->   "%store_ln77 = store i16 %REG_V_81, i16 %REG_V_54" [Compute_block2in/Compute2in.cpp:77]   --->   Operation 152 'store' 'store_ln77' <Predicate = (!icmp_ln66 & tmp_7_read == 2)> <Delay = 0.42>
ST_2 : Operation 153 [1/1] (0.42ns)   --->   "%store_ln77 = store i16 %select_ln77_7, i16 %REG_V_53" [Compute_block2in/Compute2in.cpp:77]   --->   Operation 153 'store' 'store_ln77' <Predicate = (!icmp_ln66 & tmp_7_read == 2)> <Delay = 0.42>
ST_2 : Operation 154 [1/1] (0.42ns)   --->   "%store_ln77 = store i16 %REG_V_80, i16 %REG_V_52" [Compute_block2in/Compute2in.cpp:77]   --->   Operation 154 'store' 'store_ln77' <Predicate = (!icmp_ln66 & tmp_7_read == 2)> <Delay = 0.42>
ST_2 : Operation 155 [1/1] (0.42ns)   --->   "%store_ln77 = store i16 %REG_V_83, i16 %REG_V_51" [Compute_block2in/Compute2in.cpp:77]   --->   Operation 155 'store' 'store_ln77' <Predicate = (!icmp_ln66 & tmp_7_read == 2)> <Delay = 0.42>
ST_2 : Operation 156 [1/1] (0.42ns)   --->   "%store_ln77 = store i16 %REG_V_78, i16 %REG_V_50" [Compute_block2in/Compute2in.cpp:77]   --->   Operation 156 'store' 'store_ln77' <Predicate = (!icmp_ln66 & tmp_7_read == 2)> <Delay = 0.42>
ST_2 : Operation 157 [1/1] (0.42ns)   --->   "%store_ln77 = store i16 %REG_V_82, i16 %REG_V_49" [Compute_block2in/Compute2in.cpp:77]   --->   Operation 157 'store' 'store_ln77' <Predicate = (!icmp_ln66 & tmp_7_read == 2)> <Delay = 0.42>
ST_2 : Operation 158 [1/1] (0.42ns)   --->   "%store_ln77 = store i16 %REG_V_79, i16 %REG_V_48" [Compute_block2in/Compute2in.cpp:77]   --->   Operation 158 'store' 'store_ln77' <Predicate = (!icmp_ln66 & tmp_7_read == 2)> <Delay = 0.42>
ST_2 : Operation 159 [1/1] (0.00ns)   --->   "%br_ln77 = br void %arrayidx548.exit" [Compute_block2in/Compute2in.cpp:77]   --->   Operation 159 'br' 'br_ln77' <Predicate = (!icmp_ln66 & tmp_7_read == 2)> <Delay = 0.00>
ST_2 : Operation 160 [1/1] (0.00ns)   --->   "%REG_V_40_load_1 = load i16 %REG_V_40" [Compute_block2in/Compute2in.cpp:74]   --->   Operation 160 'load' 'REG_V_40_load_1' <Predicate = (!icmp_ln66 & tmp_7_read == 1 & trunc_ln74)> <Delay = 0.00>
ST_2 : Operation 161 [1/1] (0.00ns)   --->   "%REG_V_41_load_1 = load i16 %REG_V_41" [Compute_block2in/Compute2in.cpp:75]   --->   Operation 161 'load' 'REG_V_41_load_1' <Predicate = (!icmp_ln66 & tmp_7_read == 1 & trunc_ln74)> <Delay = 0.00>
ST_2 : Operation 162 [1/1] (0.00ns)   --->   "%REG_V_42_load_1 = load i16 %REG_V_42" [Compute_block2in/Compute2in.cpp:74]   --->   Operation 162 'load' 'REG_V_42_load_1' <Predicate = (!icmp_ln66 & tmp_7_read == 1 & !trunc_ln74)> <Delay = 0.00>
ST_2 : Operation 163 [1/1] (0.00ns)   --->   "%REG_V_43_load_1 = load i16 %REG_V_43" [Compute_block2in/Compute2in.cpp:75]   --->   Operation 163 'load' 'REG_V_43_load_1' <Predicate = (!icmp_ln66 & tmp_7_read == 1 & !trunc_ln74)> <Delay = 0.00>
ST_2 : Operation 164 [1/1] (0.00ns)   --->   "%REG_V_44_load_1 = load i16 %REG_V_44" [Compute_block2in/Compute2in.cpp:76]   --->   Operation 164 'load' 'REG_V_44_load_1' <Predicate = (!icmp_ln66 & tmp_7_read == 1 & trunc_ln74)> <Delay = 0.00>
ST_2 : Operation 165 [1/1] (0.00ns)   --->   "%REG_V_45_load_1 = load i16 %REG_V_45" [Compute_block2in/Compute2in.cpp:77]   --->   Operation 165 'load' 'REG_V_45_load_1' <Predicate = (!icmp_ln66 & tmp_7_read == 1 & trunc_ln74)> <Delay = 0.00>
ST_2 : Operation 166 [1/1] (0.00ns)   --->   "%REG_V_46_load_1 = load i16 %REG_V_46" [Compute_block2in/Compute2in.cpp:76]   --->   Operation 166 'load' 'REG_V_46_load_1' <Predicate = (!icmp_ln66 & tmp_7_read == 1 & !trunc_ln74)> <Delay = 0.00>
ST_2 : Operation 167 [1/1] (0.00ns)   --->   "%REG_V_47_load_1 = load i16 %REG_V_47" [Compute_block2in/Compute2in.cpp:77]   --->   Operation 167 'load' 'REG_V_47_load_1' <Predicate = (!icmp_ln66 & tmp_7_read == 1 & !trunc_ln74)> <Delay = 0.00>
ST_2 : Operation 168 [1/1] (0.35ns)   --->   "%REG_V_74 = select i1 %trunc_ln74, i16 %lhs, i16 %REG_V_42_load_1" [Compute_block2in/Compute2in.cpp:74]   --->   Operation 168 'select' 'REG_V_74' <Predicate = (!icmp_ln66 & tmp_7_read == 1)> <Delay = 0.35> <CoreInst = "Sel">   --->   Core 73 'Sel' <Latency = 0> <II = 1> <Delay = 0.35> <FuncUnit> <Opcode : 'select'> <InPorts = 3> <OutPorts = 1>
ST_2 : Operation 169 [1/1] (0.35ns)   --->   "%REG_V_75 = select i1 %trunc_ln74, i16 %REG_V_40_load_1, i16 %lhs" [Compute_block2in/Compute2in.cpp:74]   --->   Operation 169 'select' 'REG_V_75' <Predicate = (!icmp_ln66 & tmp_7_read == 1)> <Delay = 0.35> <CoreInst = "Sel">   --->   Core 73 'Sel' <Latency = 0> <II = 1> <Delay = 0.35> <FuncUnit> <Opcode : 'select'> <InPorts = 3> <OutPorts = 1>
ST_2 : Operation 170 [1/1] (0.35ns)   --->   "%select_ln75_4 = select i1 %trunc_ln74, i16 %lhs_1, i16 %REG_V_43_load_1" [Compute_block2in/Compute2in.cpp:75]   --->   Operation 170 'select' 'select_ln75_4' <Predicate = (!icmp_ln66 & tmp_7_read == 1)> <Delay = 0.35> <CoreInst = "Sel">   --->   Core 73 'Sel' <Latency = 0> <II = 1> <Delay = 0.35> <FuncUnit> <Opcode : 'select'> <InPorts = 3> <OutPorts = 1>
ST_2 : Operation 171 [1/1] (0.35ns)   --->   "%select_ln75_5 = select i1 %trunc_ln74, i16 %REG_V_41_load_1, i16 %lhs_1" [Compute_block2in/Compute2in.cpp:75]   --->   Operation 171 'select' 'select_ln75_5' <Predicate = (!icmp_ln66 & tmp_7_read == 1)> <Delay = 0.35> <CoreInst = "Sel">   --->   Core 73 'Sel' <Latency = 0> <II = 1> <Delay = 0.35> <FuncUnit> <Opcode : 'select'> <InPorts = 3> <OutPorts = 1>
ST_2 : Operation 172 [1/1] (0.35ns)   --->   "%select_ln76_4 = select i1 %trunc_ln74, i16 %rhs, i16 %REG_V_46_load_1" [Compute_block2in/Compute2in.cpp:76]   --->   Operation 172 'select' 'select_ln76_4' <Predicate = (!icmp_ln66 & tmp_7_read == 1)> <Delay = 0.35> <CoreInst = "Sel">   --->   Core 73 'Sel' <Latency = 0> <II = 1> <Delay = 0.35> <FuncUnit> <Opcode : 'select'> <InPorts = 3> <OutPorts = 1>
ST_2 : Operation 173 [1/1] (0.35ns)   --->   "%select_ln76_5 = select i1 %trunc_ln74, i16 %REG_V_44_load_1, i16 %rhs" [Compute_block2in/Compute2in.cpp:76]   --->   Operation 173 'select' 'select_ln76_5' <Predicate = (!icmp_ln66 & tmp_7_read == 1)> <Delay = 0.35> <CoreInst = "Sel">   --->   Core 73 'Sel' <Latency = 0> <II = 1> <Delay = 0.35> <FuncUnit> <Opcode : 'select'> <InPorts = 3> <OutPorts = 1>
ST_2 : Operation 174 [1/1] (0.35ns)   --->   "%select_ln77_4 = select i1 %trunc_ln74, i16 %rhs_1, i16 %REG_V_47_load_1" [Compute_block2in/Compute2in.cpp:77]   --->   Operation 174 'select' 'select_ln77_4' <Predicate = (!icmp_ln66 & tmp_7_read == 1)> <Delay = 0.35> <CoreInst = "Sel">   --->   Core 73 'Sel' <Latency = 0> <II = 1> <Delay = 0.35> <FuncUnit> <Opcode : 'select'> <InPorts = 3> <OutPorts = 1>
ST_2 : Operation 175 [1/1] (0.35ns)   --->   "%select_ln77_5 = select i1 %trunc_ln74, i16 %REG_V_45_load_1, i16 %rhs_1" [Compute_block2in/Compute2in.cpp:77]   --->   Operation 175 'select' 'select_ln77_5' <Predicate = (!icmp_ln66 & tmp_7_read == 1)> <Delay = 0.35> <CoreInst = "Sel">   --->   Core 73 'Sel' <Latency = 0> <II = 1> <Delay = 0.35> <FuncUnit> <Opcode : 'select'> <InPorts = 3> <OutPorts = 1>
ST_2 : Operation 176 [1/1] (0.42ns)   --->   "%store_ln77 = store i16 %select_ln77_4, i16 %REG_V_47" [Compute_block2in/Compute2in.cpp:77]   --->   Operation 176 'store' 'store_ln77' <Predicate = (!icmp_ln66 & tmp_7_read == 1)> <Delay = 0.42>
ST_2 : Operation 177 [1/1] (0.42ns)   --->   "%store_ln77 = store i16 %select_ln76_4, i16 %REG_V_46" [Compute_block2in/Compute2in.cpp:77]   --->   Operation 177 'store' 'store_ln77' <Predicate = (!icmp_ln66 & tmp_7_read == 1)> <Delay = 0.42>
ST_2 : Operation 178 [1/1] (0.42ns)   --->   "%store_ln77 = store i16 %select_ln77_5, i16 %REG_V_45" [Compute_block2in/Compute2in.cpp:77]   --->   Operation 178 'store' 'store_ln77' <Predicate = (!icmp_ln66 & tmp_7_read == 1)> <Delay = 0.42>
ST_2 : Operation 179 [1/1] (0.42ns)   --->   "%store_ln77 = store i16 %select_ln76_5, i16 %REG_V_44" [Compute_block2in/Compute2in.cpp:77]   --->   Operation 179 'store' 'store_ln77' <Predicate = (!icmp_ln66 & tmp_7_read == 1)> <Delay = 0.42>
ST_2 : Operation 180 [1/1] (0.42ns)   --->   "%store_ln77 = store i16 %select_ln75_4, i16 %REG_V_43" [Compute_block2in/Compute2in.cpp:77]   --->   Operation 180 'store' 'store_ln77' <Predicate = (!icmp_ln66 & tmp_7_read == 1)> <Delay = 0.42>
ST_2 : Operation 181 [1/1] (0.42ns)   --->   "%store_ln77 = store i16 %REG_V_74, i16 %REG_V_42" [Compute_block2in/Compute2in.cpp:77]   --->   Operation 181 'store' 'store_ln77' <Predicate = (!icmp_ln66 & tmp_7_read == 1)> <Delay = 0.42>
ST_2 : Operation 182 [1/1] (0.42ns)   --->   "%store_ln77 = store i16 %select_ln75_5, i16 %REG_V_41" [Compute_block2in/Compute2in.cpp:77]   --->   Operation 182 'store' 'store_ln77' <Predicate = (!icmp_ln66 & tmp_7_read == 1)> <Delay = 0.42>
ST_2 : Operation 183 [1/1] (0.42ns)   --->   "%store_ln77 = store i16 %REG_V_75, i16 %REG_V_40" [Compute_block2in/Compute2in.cpp:77]   --->   Operation 183 'store' 'store_ln77' <Predicate = (!icmp_ln66 & tmp_7_read == 1)> <Delay = 0.42>
ST_2 : Operation 184 [1/1] (0.00ns)   --->   "%br_ln77 = br void %arrayidx548.exit" [Compute_block2in/Compute2in.cpp:77]   --->   Operation 184 'br' 'br_ln77' <Predicate = (!icmp_ln66 & tmp_7_read == 1)> <Delay = 0.00>
ST_2 : Operation 185 [1/1] (0.00ns)   --->   "%REG_V_32_load_1 = load i16 %REG_V_32" [Compute_block2in/Compute2in.cpp:74]   --->   Operation 185 'load' 'REG_V_32_load_1' <Predicate = (!icmp_ln66 & tmp_7_read == 0 & trunc_ln74)> <Delay = 0.00>
ST_2 : Operation 186 [1/1] (0.00ns)   --->   "%REG_V_33_load_1 = load i16 %REG_V_33" [Compute_block2in/Compute2in.cpp:75]   --->   Operation 186 'load' 'REG_V_33_load_1' <Predicate = (!icmp_ln66 & tmp_7_read == 0 & trunc_ln74)> <Delay = 0.00>
ST_2 : Operation 187 [1/1] (0.00ns)   --->   "%REG_V_34_load_1 = load i16 %REG_V_34" [Compute_block2in/Compute2in.cpp:74]   --->   Operation 187 'load' 'REG_V_34_load_1' <Predicate = (!icmp_ln66 & tmp_7_read == 0 & !trunc_ln74)> <Delay = 0.00>
ST_2 : Operation 188 [1/1] (0.00ns)   --->   "%REG_V_35_load_1 = load i16 %REG_V_35" [Compute_block2in/Compute2in.cpp:75]   --->   Operation 188 'load' 'REG_V_35_load_1' <Predicate = (!icmp_ln66 & tmp_7_read == 0 & !trunc_ln74)> <Delay = 0.00>
ST_2 : Operation 189 [1/1] (0.00ns)   --->   "%REG_V_36_load_1 = load i16 %REG_V_36" [Compute_block2in/Compute2in.cpp:76]   --->   Operation 189 'load' 'REG_V_36_load_1' <Predicate = (!icmp_ln66 & tmp_7_read == 0 & trunc_ln74)> <Delay = 0.00>
ST_2 : Operation 190 [1/1] (0.00ns)   --->   "%REG_V_37_load_1 = load i16 %REG_V_37" [Compute_block2in/Compute2in.cpp:77]   --->   Operation 190 'load' 'REG_V_37_load_1' <Predicate = (!icmp_ln66 & tmp_7_read == 0 & trunc_ln74)> <Delay = 0.00>
ST_2 : Operation 191 [1/1] (0.00ns)   --->   "%REG_V_38_load_1 = load i16 %REG_V_38" [Compute_block2in/Compute2in.cpp:76]   --->   Operation 191 'load' 'REG_V_38_load_1' <Predicate = (!icmp_ln66 & tmp_7_read == 0 & !trunc_ln74)> <Delay = 0.00>
ST_2 : Operation 192 [1/1] (0.00ns)   --->   "%REG_V_39_load_1 = load i16 %REG_V_39" [Compute_block2in/Compute2in.cpp:77]   --->   Operation 192 'load' 'REG_V_39_load_1' <Predicate = (!icmp_ln66 & tmp_7_read == 0 & !trunc_ln74)> <Delay = 0.00>
ST_2 : Operation 193 [1/1] (0.35ns)   --->   "%REG_V_72 = select i1 %trunc_ln74, i16 %lhs, i16 %REG_V_34_load_1" [Compute_block2in/Compute2in.cpp:74]   --->   Operation 193 'select' 'REG_V_72' <Predicate = (!icmp_ln66 & tmp_7_read == 0)> <Delay = 0.35> <CoreInst = "Sel">   --->   Core 73 'Sel' <Latency = 0> <II = 1> <Delay = 0.35> <FuncUnit> <Opcode : 'select'> <InPorts = 3> <OutPorts = 1>
ST_2 : Operation 194 [1/1] (0.35ns)   --->   "%REG_V_73 = select i1 %trunc_ln74, i16 %REG_V_32_load_1, i16 %lhs" [Compute_block2in/Compute2in.cpp:74]   --->   Operation 194 'select' 'REG_V_73' <Predicate = (!icmp_ln66 & tmp_7_read == 0)> <Delay = 0.35> <CoreInst = "Sel">   --->   Core 73 'Sel' <Latency = 0> <II = 1> <Delay = 0.35> <FuncUnit> <Opcode : 'select'> <InPorts = 3> <OutPorts = 1>
ST_2 : Operation 195 [1/1] (0.35ns)   --->   "%select_ln75_2 = select i1 %trunc_ln74, i16 %lhs_1, i16 %REG_V_35_load_1" [Compute_block2in/Compute2in.cpp:75]   --->   Operation 195 'select' 'select_ln75_2' <Predicate = (!icmp_ln66 & tmp_7_read == 0)> <Delay = 0.35> <CoreInst = "Sel">   --->   Core 73 'Sel' <Latency = 0> <II = 1> <Delay = 0.35> <FuncUnit> <Opcode : 'select'> <InPorts = 3> <OutPorts = 1>
ST_2 : Operation 196 [1/1] (0.35ns)   --->   "%select_ln75_3 = select i1 %trunc_ln74, i16 %REG_V_33_load_1, i16 %lhs_1" [Compute_block2in/Compute2in.cpp:75]   --->   Operation 196 'select' 'select_ln75_3' <Predicate = (!icmp_ln66 & tmp_7_read == 0)> <Delay = 0.35> <CoreInst = "Sel">   --->   Core 73 'Sel' <Latency = 0> <II = 1> <Delay = 0.35> <FuncUnit> <Opcode : 'select'> <InPorts = 3> <OutPorts = 1>
ST_2 : Operation 197 [1/1] (0.35ns)   --->   "%select_ln76_2 = select i1 %trunc_ln74, i16 %rhs, i16 %REG_V_38_load_1" [Compute_block2in/Compute2in.cpp:76]   --->   Operation 197 'select' 'select_ln76_2' <Predicate = (!icmp_ln66 & tmp_7_read == 0)> <Delay = 0.35> <CoreInst = "Sel">   --->   Core 73 'Sel' <Latency = 0> <II = 1> <Delay = 0.35> <FuncUnit> <Opcode : 'select'> <InPorts = 3> <OutPorts = 1>
ST_2 : Operation 198 [1/1] (0.35ns)   --->   "%select_ln76_3 = select i1 %trunc_ln74, i16 %REG_V_36_load_1, i16 %rhs" [Compute_block2in/Compute2in.cpp:76]   --->   Operation 198 'select' 'select_ln76_3' <Predicate = (!icmp_ln66 & tmp_7_read == 0)> <Delay = 0.35> <CoreInst = "Sel">   --->   Core 73 'Sel' <Latency = 0> <II = 1> <Delay = 0.35> <FuncUnit> <Opcode : 'select'> <InPorts = 3> <OutPorts = 1>
ST_2 : Operation 199 [1/1] (0.35ns)   --->   "%select_ln77_2 = select i1 %trunc_ln74, i16 %rhs_1, i16 %REG_V_39_load_1" [Compute_block2in/Compute2in.cpp:77]   --->   Operation 199 'select' 'select_ln77_2' <Predicate = (!icmp_ln66 & tmp_7_read == 0)> <Delay = 0.35> <CoreInst = "Sel">   --->   Core 73 'Sel' <Latency = 0> <II = 1> <Delay = 0.35> <FuncUnit> <Opcode : 'select'> <InPorts = 3> <OutPorts = 1>
ST_2 : Operation 200 [1/1] (0.35ns)   --->   "%select_ln77_3 = select i1 %trunc_ln74, i16 %REG_V_37_load_1, i16 %rhs_1" [Compute_block2in/Compute2in.cpp:77]   --->   Operation 200 'select' 'select_ln77_3' <Predicate = (!icmp_ln66 & tmp_7_read == 0)> <Delay = 0.35> <CoreInst = "Sel">   --->   Core 73 'Sel' <Latency = 0> <II = 1> <Delay = 0.35> <FuncUnit> <Opcode : 'select'> <InPorts = 3> <OutPorts = 1>
ST_2 : Operation 201 [1/1] (0.42ns)   --->   "%store_ln77 = store i16 %select_ln77_2, i16 %REG_V_39" [Compute_block2in/Compute2in.cpp:77]   --->   Operation 201 'store' 'store_ln77' <Predicate = (!icmp_ln66 & tmp_7_read == 0)> <Delay = 0.42>
ST_2 : Operation 202 [1/1] (0.42ns)   --->   "%store_ln77 = store i16 %select_ln76_2, i16 %REG_V_38" [Compute_block2in/Compute2in.cpp:77]   --->   Operation 202 'store' 'store_ln77' <Predicate = (!icmp_ln66 & tmp_7_read == 0)> <Delay = 0.42>
ST_2 : Operation 203 [1/1] (0.42ns)   --->   "%store_ln77 = store i16 %select_ln77_3, i16 %REG_V_37" [Compute_block2in/Compute2in.cpp:77]   --->   Operation 203 'store' 'store_ln77' <Predicate = (!icmp_ln66 & tmp_7_read == 0)> <Delay = 0.42>
ST_2 : Operation 204 [1/1] (0.42ns)   --->   "%store_ln77 = store i16 %select_ln76_3, i16 %REG_V_36" [Compute_block2in/Compute2in.cpp:77]   --->   Operation 204 'store' 'store_ln77' <Predicate = (!icmp_ln66 & tmp_7_read == 0)> <Delay = 0.42>
ST_2 : Operation 205 [1/1] (0.42ns)   --->   "%store_ln77 = store i16 %select_ln75_2, i16 %REG_V_35" [Compute_block2in/Compute2in.cpp:77]   --->   Operation 205 'store' 'store_ln77' <Predicate = (!icmp_ln66 & tmp_7_read == 0)> <Delay = 0.42>
ST_2 : Operation 206 [1/1] (0.42ns)   --->   "%store_ln77 = store i16 %REG_V_72, i16 %REG_V_34" [Compute_block2in/Compute2in.cpp:77]   --->   Operation 206 'store' 'store_ln77' <Predicate = (!icmp_ln66 & tmp_7_read == 0)> <Delay = 0.42>
ST_2 : Operation 207 [1/1] (0.42ns)   --->   "%store_ln77 = store i16 %select_ln75_3, i16 %REG_V_33" [Compute_block2in/Compute2in.cpp:77]   --->   Operation 207 'store' 'store_ln77' <Predicate = (!icmp_ln66 & tmp_7_read == 0)> <Delay = 0.42>
ST_2 : Operation 208 [1/1] (0.42ns)   --->   "%store_ln77 = store i16 %REG_V_73, i16 %REG_V_32" [Compute_block2in/Compute2in.cpp:77]   --->   Operation 208 'store' 'store_ln77' <Predicate = (!icmp_ln66 & tmp_7_read == 0)> <Delay = 0.42>
ST_2 : Operation 209 [1/1] (0.00ns)   --->   "%br_ln77 = br void %arrayidx548.exit" [Compute_block2in/Compute2in.cpp:77]   --->   Operation 209 'br' 'br_ln77' <Predicate = (!icmp_ln66 & tmp_7_read == 0)> <Delay = 0.00>
ST_2 : Operation 210 [1/1] (0.00ns)   --->   "%REG_V_56_load_1 = load i16 %REG_V_56" [Compute_block2in/Compute2in.cpp:74]   --->   Operation 210 'load' 'REG_V_56_load_1' <Predicate = (!icmp_ln66 & tmp_7_read == 3 & trunc_ln74)> <Delay = 0.00>
ST_2 : Operation 211 [1/1] (0.00ns)   --->   "%REG_V_57_load_1 = load i16 %REG_V_57" [Compute_block2in/Compute2in.cpp:75]   --->   Operation 211 'load' 'REG_V_57_load_1' <Predicate = (!icmp_ln66 & tmp_7_read == 3 & trunc_ln74)> <Delay = 0.00>
ST_2 : Operation 212 [1/1] (0.00ns)   --->   "%REG_V_58_load_1 = load i16 %REG_V_58" [Compute_block2in/Compute2in.cpp:74]   --->   Operation 212 'load' 'REG_V_58_load_1' <Predicate = (!icmp_ln66 & tmp_7_read == 3 & !trunc_ln74)> <Delay = 0.00>
ST_2 : Operation 213 [1/1] (0.00ns)   --->   "%REG_V_59_load_1 = load i16 %REG_V_59" [Compute_block2in/Compute2in.cpp:75]   --->   Operation 213 'load' 'REG_V_59_load_1' <Predicate = (!icmp_ln66 & tmp_7_read == 3 & !trunc_ln74)> <Delay = 0.00>
ST_2 : Operation 214 [1/1] (0.00ns)   --->   "%REG_V_60_load_1 = load i16 %REG_V_60" [Compute_block2in/Compute2in.cpp:76]   --->   Operation 214 'load' 'REG_V_60_load_1' <Predicate = (!icmp_ln66 & tmp_7_read == 3 & trunc_ln74)> <Delay = 0.00>
ST_2 : Operation 215 [1/1] (0.00ns)   --->   "%REG_V_61_load_1 = load i16 %REG_V_61" [Compute_block2in/Compute2in.cpp:77]   --->   Operation 215 'load' 'REG_V_61_load_1' <Predicate = (!icmp_ln66 & tmp_7_read == 3 & trunc_ln74)> <Delay = 0.00>
ST_2 : Operation 216 [1/1] (0.00ns)   --->   "%REG_V_62_load_1 = load i16 %REG_V_62" [Compute_block2in/Compute2in.cpp:76]   --->   Operation 216 'load' 'REG_V_62_load_1' <Predicate = (!icmp_ln66 & tmp_7_read == 3 & !trunc_ln74)> <Delay = 0.00>
ST_2 : Operation 217 [1/1] (0.00ns)   --->   "%REG_V_63_load_1 = load i16 %REG_V_63" [Compute_block2in/Compute2in.cpp:77]   --->   Operation 217 'load' 'REG_V_63_load_1' <Predicate = (!icmp_ln66 & tmp_7_read == 3 & !trunc_ln74)> <Delay = 0.00>
ST_2 : Operation 218 [1/1] (0.35ns)   --->   "%REG_V_65 = select i1 %trunc_ln74, i16 %lhs, i16 %REG_V_58_load_1" [Compute_block2in/Compute2in.cpp:74]   --->   Operation 218 'select' 'REG_V_65' <Predicate = (!icmp_ln66 & tmp_7_read == 3)> <Delay = 0.35> <CoreInst = "Sel">   --->   Core 73 'Sel' <Latency = 0> <II = 1> <Delay = 0.35> <FuncUnit> <Opcode : 'select'> <InPorts = 3> <OutPorts = 1>
ST_2 : Operation 219 [1/1] (0.35ns)   --->   "%REG_V_66 = select i1 %trunc_ln74, i16 %REG_V_56_load_1, i16 %lhs" [Compute_block2in/Compute2in.cpp:74]   --->   Operation 219 'select' 'REG_V_66' <Predicate = (!icmp_ln66 & tmp_7_read == 3)> <Delay = 0.35> <CoreInst = "Sel">   --->   Core 73 'Sel' <Latency = 0> <II = 1> <Delay = 0.35> <FuncUnit> <Opcode : 'select'> <InPorts = 3> <OutPorts = 1>
ST_2 : Operation 220 [1/1] (0.35ns)   --->   "%select_ln75 = select i1 %trunc_ln74, i16 %lhs_1, i16 %REG_V_59_load_1" [Compute_block2in/Compute2in.cpp:75]   --->   Operation 220 'select' 'select_ln75' <Predicate = (!icmp_ln66 & tmp_7_read == 3)> <Delay = 0.35> <CoreInst = "Sel">   --->   Core 73 'Sel' <Latency = 0> <II = 1> <Delay = 0.35> <FuncUnit> <Opcode : 'select'> <InPorts = 3> <OutPorts = 1>
ST_2 : Operation 221 [1/1] (0.35ns)   --->   "%select_ln75_1 = select i1 %trunc_ln74, i16 %REG_V_57_load_1, i16 %lhs_1" [Compute_block2in/Compute2in.cpp:75]   --->   Operation 221 'select' 'select_ln75_1' <Predicate = (!icmp_ln66 & tmp_7_read == 3)> <Delay = 0.35> <CoreInst = "Sel">   --->   Core 73 'Sel' <Latency = 0> <II = 1> <Delay = 0.35> <FuncUnit> <Opcode : 'select'> <InPorts = 3> <OutPorts = 1>
ST_2 : Operation 222 [1/1] (0.35ns)   --->   "%select_ln76 = select i1 %trunc_ln74, i16 %rhs, i16 %REG_V_62_load_1" [Compute_block2in/Compute2in.cpp:76]   --->   Operation 222 'select' 'select_ln76' <Predicate = (!icmp_ln66 & tmp_7_read == 3)> <Delay = 0.35> <CoreInst = "Sel">   --->   Core 73 'Sel' <Latency = 0> <II = 1> <Delay = 0.35> <FuncUnit> <Opcode : 'select'> <InPorts = 3> <OutPorts = 1>
ST_2 : Operation 223 [1/1] (0.35ns)   --->   "%select_ln76_1 = select i1 %trunc_ln74, i16 %REG_V_60_load_1, i16 %rhs" [Compute_block2in/Compute2in.cpp:76]   --->   Operation 223 'select' 'select_ln76_1' <Predicate = (!icmp_ln66 & tmp_7_read == 3)> <Delay = 0.35> <CoreInst = "Sel">   --->   Core 73 'Sel' <Latency = 0> <II = 1> <Delay = 0.35> <FuncUnit> <Opcode : 'select'> <InPorts = 3> <OutPorts = 1>
ST_2 : Operation 224 [1/1] (0.35ns)   --->   "%select_ln77 = select i1 %trunc_ln74, i16 %rhs_1, i16 %REG_V_63_load_1" [Compute_block2in/Compute2in.cpp:77]   --->   Operation 224 'select' 'select_ln77' <Predicate = (!icmp_ln66 & tmp_7_read == 3)> <Delay = 0.35> <CoreInst = "Sel">   --->   Core 73 'Sel' <Latency = 0> <II = 1> <Delay = 0.35> <FuncUnit> <Opcode : 'select'> <InPorts = 3> <OutPorts = 1>
ST_2 : Operation 225 [1/1] (0.35ns)   --->   "%select_ln77_1 = select i1 %trunc_ln74, i16 %REG_V_61_load_1, i16 %rhs_1" [Compute_block2in/Compute2in.cpp:77]   --->   Operation 225 'select' 'select_ln77_1' <Predicate = (!icmp_ln66 & tmp_7_read == 3)> <Delay = 0.35> <CoreInst = "Sel">   --->   Core 73 'Sel' <Latency = 0> <II = 1> <Delay = 0.35> <FuncUnit> <Opcode : 'select'> <InPorts = 3> <OutPorts = 1>
ST_2 : Operation 226 [1/1] (0.42ns)   --->   "%store_ln77 = store i16 %select_ln77, i16 %REG_V_63" [Compute_block2in/Compute2in.cpp:77]   --->   Operation 226 'store' 'store_ln77' <Predicate = (!icmp_ln66 & tmp_7_read == 3)> <Delay = 0.42>
ST_2 : Operation 227 [1/1] (0.42ns)   --->   "%store_ln77 = store i16 %select_ln76, i16 %REG_V_62" [Compute_block2in/Compute2in.cpp:77]   --->   Operation 227 'store' 'store_ln77' <Predicate = (!icmp_ln66 & tmp_7_read == 3)> <Delay = 0.42>
ST_2 : Operation 228 [1/1] (0.42ns)   --->   "%store_ln77 = store i16 %select_ln77_1, i16 %REG_V_61" [Compute_block2in/Compute2in.cpp:77]   --->   Operation 228 'store' 'store_ln77' <Predicate = (!icmp_ln66 & tmp_7_read == 3)> <Delay = 0.42>
ST_2 : Operation 229 [1/1] (0.42ns)   --->   "%store_ln77 = store i16 %select_ln76_1, i16 %REG_V_60" [Compute_block2in/Compute2in.cpp:77]   --->   Operation 229 'store' 'store_ln77' <Predicate = (!icmp_ln66 & tmp_7_read == 3)> <Delay = 0.42>
ST_2 : Operation 230 [1/1] (0.42ns)   --->   "%store_ln77 = store i16 %select_ln75, i16 %REG_V_59" [Compute_block2in/Compute2in.cpp:77]   --->   Operation 230 'store' 'store_ln77' <Predicate = (!icmp_ln66 & tmp_7_read == 3)> <Delay = 0.42>
ST_2 : Operation 231 [1/1] (0.42ns)   --->   "%store_ln77 = store i16 %REG_V_65, i16 %REG_V_58" [Compute_block2in/Compute2in.cpp:77]   --->   Operation 231 'store' 'store_ln77' <Predicate = (!icmp_ln66 & tmp_7_read == 3)> <Delay = 0.42>
ST_2 : Operation 232 [1/1] (0.42ns)   --->   "%store_ln77 = store i16 %select_ln75_1, i16 %REG_V_57" [Compute_block2in/Compute2in.cpp:77]   --->   Operation 232 'store' 'store_ln77' <Predicate = (!icmp_ln66 & tmp_7_read == 3)> <Delay = 0.42>
ST_2 : Operation 233 [1/1] (0.42ns)   --->   "%store_ln77 = store i16 %REG_V_66, i16 %REG_V_56" [Compute_block2in/Compute2in.cpp:77]   --->   Operation 233 'store' 'store_ln77' <Predicate = (!icmp_ln66 & tmp_7_read == 3)> <Delay = 0.42>
ST_2 : Operation 234 [1/1] (0.00ns)   --->   "%br_ln77 = br void %arrayidx548.exit" [Compute_block2in/Compute2in.cpp:77]   --->   Operation 234 'br' 'br_ln77' <Predicate = (!icmp_ln66 & tmp_7_read == 3)> <Delay = 0.00>
ST_2 : Operation 235 [1/1] (0.00ns)   --->   "%zext_ln186_17 = zext i16 %lhs_1"   --->   Operation 235 'zext' 'zext_ln186_17' <Predicate = (!icmp_ln66)> <Delay = 0.00>
ST_2 : Operation 236 [1/1] (0.00ns)   --->   "%zext_ln186_18 = zext i16 %rhs_1"   --->   Operation 236 'zext' 'zext_ln186_18' <Predicate = (!icmp_ln66)> <Delay = 0.00>
ST_2 : Operation 237 [4/4] (0.53ns) (root node of the DSP)   --->   "%ret_V_4 = mul i32 %zext_ln186_18, i32 %zext_ln186_17"   --->   Operation 237 'mul' 'ret_V_4' <Predicate = (!icmp_ln66)> <Delay = 0.53> <CoreInst = "DSP48">   --->   Core 127 'DSP48' <Latency = 3> <II = 1> <Delay = 0.53> <IPBlock> <Opcode : 'mul' 'add' 'sub' 'select'> <InPorts = 0> <OutPorts = 1> <Sync> <CReg>

State 3 <SV = 2> <Delay = 0.99>
ST_3 : Operation 238 [1/1] (0.00ns)   --->   "%zext_ln186 = zext i16 %lhs"   --->   Operation 238 'zext' 'zext_ln186' <Predicate = (!icmp_ln66)> <Delay = 0.00>
ST_3 : Operation 239 [1/1] (0.00ns)   --->   "%zext_ln186_16 = zext i16 %rhs"   --->   Operation 239 'zext' 'zext_ln186_16' <Predicate = (!icmp_ln66)> <Delay = 0.00>
ST_3 : Operation 240 [3/3] (0.99ns) (grouped into DSP with root node ret_V)   --->   "%ret_V_3 = mul i32 %zext_ln186_16, i32 %zext_ln186"   --->   Operation 240 'mul' 'ret_V_3' <Predicate = (!icmp_ln66)> <Delay = 0.99> <CoreInst = "DSP48">   --->   Core 127 'DSP48' <Latency = 3> <II = 1> <Delay = 0.53> <IPBlock> <Opcode : 'mul' 'add' 'sub' 'select'> <InPorts = 0> <OutPorts = 1> <Sync> <CReg>
ST_3 : Operation 241 [3/4] (0.53ns) (root node of the DSP)   --->   "%ret_V_4 = mul i32 %zext_ln186_18, i32 %zext_ln186_17"   --->   Operation 241 'mul' 'ret_V_4' <Predicate = (!icmp_ln66)> <Delay = 0.53> <CoreInst = "DSP48">   --->   Core 127 'DSP48' <Latency = 3> <II = 1> <Delay = 0.53> <IPBlock> <Opcode : 'mul' 'add' 'sub' 'select'> <InPorts = 0> <OutPorts = 1> <Sync> <CReg>

State 4 <SV = 3> <Delay = 0.99>
ST_4 : Operation 242 [2/3] (0.99ns) (grouped into DSP with root node ret_V)   --->   "%ret_V_3 = mul i32 %zext_ln186_16, i32 %zext_ln186"   --->   Operation 242 'mul' 'ret_V_3' <Predicate = (!icmp_ln66)> <Delay = 0.99> <CoreInst = "DSP48">   --->   Core 127 'DSP48' <Latency = 3> <II = 1> <Delay = 0.53> <IPBlock> <Opcode : 'mul' 'add' 'sub' 'select'> <InPorts = 0> <OutPorts = 1> <Sync> <CReg>
ST_4 : Operation 243 [2/4] (0.53ns) (root node of the DSP)   --->   "%ret_V_4 = mul i32 %zext_ln186_18, i32 %zext_ln186_17"   --->   Operation 243 'mul' 'ret_V_4' <Predicate = (!icmp_ln66)> <Delay = 0.53> <CoreInst = "DSP48">   --->   Core 127 'DSP48' <Latency = 3> <II = 1> <Delay = 0.53> <IPBlock> <Opcode : 'mul' 'add' 'sub' 'select'> <InPorts = 0> <OutPorts = 1> <Sync> <CReg>

State 5 <SV = 4> <Delay = 0.64>
ST_5 : Operation 244 [1/3] (0.00ns) (grouped into DSP with root node ret_V)   --->   "%ret_V_3 = mul i32 %zext_ln186_16, i32 %zext_ln186"   --->   Operation 244 'mul' 'ret_V_3' <Predicate = (!icmp_ln66)> <Delay = 0.00> <CoreInst = "DSP48">   --->   Core 127 'DSP48' <Latency = 3> <II = 1> <Delay = 0.53> <IPBlock> <Opcode : 'mul' 'add' 'sub' 'select'> <InPorts = 0> <OutPorts = 1> <Sync> <CReg>
ST_5 : Operation 245 [1/4] (0.00ns) (root node of the DSP)   --->   "%ret_V_4 = mul i32 %zext_ln186_18, i32 %zext_ln186_17"   --->   Operation 245 'mul' 'ret_V_4' <Predicate = (!icmp_ln66)> <Delay = 0.00> <CoreInst = "DSP48">   --->   Core 127 'DSP48' <Latency = 3> <II = 1> <Delay = 0.53> <IPBlock> <Opcode : 'mul' 'add' 'sub' 'select'> <InPorts = 0> <OutPorts = 1> <Sync> <CReg>
ST_5 : Operation 246 [1/1] (0.00ns) (grouped into DSP with root node ret_V)   --->   "%zext_ln186_19 = zext i32 %ret_V_3"   --->   Operation 246 'zext' 'zext_ln186_19' <Predicate = (!icmp_ln66)> <Delay = 0.00>
ST_5 : Operation 247 [1/1] (0.00ns)   --->   "%zext_ln186_20 = zext i32 %ret_V_4"   --->   Operation 247 'zext' 'zext_ln186_20' <Predicate = (!icmp_ln66)> <Delay = 0.00>
ST_5 : Operation 248 [2/2] (0.64ns) (root node of the DSP)   --->   "%ret_V = add i33 %zext_ln186_20, i33 %zext_ln186_19"   --->   Operation 248 'add' 'ret_V' <Predicate = (!icmp_ln66)> <Delay = 0.64> <CoreInst = "DSP48">   --->   Core 127 'DSP48' <Latency = 3> <II = 1> <Delay = 0.53> <IPBlock> <Opcode : 'mul' 'add' 'sub' 'select'> <InPorts = 0> <OutPorts = 1> <Sync> <CReg>

State 6 <SV = 5> <Delay = 2.09>
ST_6 : Operation 249 [1/1] (0.00ns)   --->   "%self_sum_V_2 = load i34 %self_sum_V"   --->   Operation 249 'load' 'self_sum_V_2' <Predicate = true> <Delay = 0.00>
ST_6 : Operation 250 [1/1] (0.00ns)   --->   "%empty = trunc i34 %self_sum_V_2"   --->   Operation 250 'trunc' 'empty' <Predicate = true> <Delay = 0.00>
ST_6 : Operation 251 [1/1] (0.00ns)   --->   "%specpipeline_ln0 = specpipeline void @_ssdm_op_SpecPipeline, i32 4294967295, i32 0, i32 1, i32 0, void @p_str"   --->   Operation 251 'specpipeline' 'specpipeline_ln0' <Predicate = true> <Delay = 0.00>
ST_6 : Operation 252 [1/1] (0.00ns)   --->   "%empty_18 = speclooptripcount i32 @_ssdm_op_SpecLoopTripCount, i64 2, i64 2, i64 2"   --->   Operation 252 'speclooptripcount' 'empty_18' <Predicate = true> <Delay = 0.00>
ST_6 : Operation 253 [1/2] (0.64ns) (root node of the DSP)   --->   "%ret_V = add i33 %zext_ln186_20, i33 %zext_ln186_19"   --->   Operation 253 'add' 'ret_V' <Predicate = (!icmp_ln66)> <Delay = 0.64> <CoreInst = "DSP48">   --->   Core 127 'DSP48' <Latency = 3> <II = 1> <Delay = 0.53> <IPBlock> <Opcode : 'mul' 'add' 'sub' 'select'> <InPorts = 0> <OutPorts = 1> <Sync> <CReg>
ST_6 : Operation 254 [1/1] (0.00ns)   --->   "%zext_ln840 = zext i33 %ret_V"   --->   Operation 254 'zext' 'zext_ln840' <Predicate = (!icmp_ln66)> <Delay = 0.00>
ST_6 : Operation 255 [1/1] (1.02ns)   --->   "%self_sum_V_3 = add i34 %zext_ln840, i34 %self_sum_V_2"   --->   Operation 255 'add' 'self_sum_V_3' <Predicate = (!icmp_ln66)> <Delay = 1.02> <CoreInst = "Adder">   --->   Core 1 'Adder' <Latency = 0> <II = 1> <Delay = 1.02> <FuncUnit> <Opcode : 'add' 'sub'> <InPorts = 2> <OutPorts = 1>
ST_6 : Operation 256 [1/1] (0.42ns)   --->   "%store_ln66 = store i34 %self_sum_V_3, i34 %self_sum_V" [Compute_block2in/Compute2in.cpp:66]   --->   Operation 256 'store' 'store_ln66' <Predicate = (!icmp_ln66)> <Delay = 0.42>
ST_6 : Operation 257 [1/1] (0.00ns)   --->   "%br_ln66 = br void %for.inc58" [Compute_block2in/Compute2in.cpp:66]   --->   Operation 257 'br' 'br_ln66' <Predicate = (!icmp_ln66)> <Delay = 0.00>
ST_6 : Operation 258 [1/1] (0.00ns)   --->   "%REG_V_32_load = load i16 %REG_V_32"   --->   Operation 258 'load' 'REG_V_32_load' <Predicate = (icmp_ln66)> <Delay = 0.00>
ST_6 : Operation 259 [1/1] (0.00ns)   --->   "%REG_V_33_load = load i16 %REG_V_33"   --->   Operation 259 'load' 'REG_V_33_load' <Predicate = (icmp_ln66)> <Delay = 0.00>
ST_6 : Operation 260 [1/1] (0.00ns)   --->   "%REG_V_34_load = load i16 %REG_V_34"   --->   Operation 260 'load' 'REG_V_34_load' <Predicate = (icmp_ln66)> <Delay = 0.00>
ST_6 : Operation 261 [1/1] (0.00ns)   --->   "%REG_V_35_load = load i16 %REG_V_35"   --->   Operation 261 'load' 'REG_V_35_load' <Predicate = (icmp_ln66)> <Delay = 0.00>
ST_6 : Operation 262 [1/1] (0.00ns)   --->   "%REG_V_36_load = load i16 %REG_V_36"   --->   Operation 262 'load' 'REG_V_36_load' <Predicate = (icmp_ln66)> <Delay = 0.00>
ST_6 : Operation 263 [1/1] (0.00ns)   --->   "%REG_V_37_load = load i16 %REG_V_37"   --->   Operation 263 'load' 'REG_V_37_load' <Predicate = (icmp_ln66)> <Delay = 0.00>
ST_6 : Operation 264 [1/1] (0.00ns)   --->   "%REG_V_38_load = load i16 %REG_V_38"   --->   Operation 264 'load' 'REG_V_38_load' <Predicate = (icmp_ln66)> <Delay = 0.00>
ST_6 : Operation 265 [1/1] (0.00ns)   --->   "%REG_V_39_load = load i16 %REG_V_39"   --->   Operation 265 'load' 'REG_V_39_load' <Predicate = (icmp_ln66)> <Delay = 0.00>
ST_6 : Operation 266 [1/1] (0.00ns)   --->   "%REG_V_40_load = load i16 %REG_V_40"   --->   Operation 266 'load' 'REG_V_40_load' <Predicate = (icmp_ln66)> <Delay = 0.00>
ST_6 : Operation 267 [1/1] (0.00ns)   --->   "%REG_V_41_load = load i16 %REG_V_41"   --->   Operation 267 'load' 'REG_V_41_load' <Predicate = (icmp_ln66)> <Delay = 0.00>
ST_6 : Operation 268 [1/1] (0.00ns)   --->   "%REG_V_42_load = load i16 %REG_V_42"   --->   Operation 268 'load' 'REG_V_42_load' <Predicate = (icmp_ln66)> <Delay = 0.00>
ST_6 : Operation 269 [1/1] (0.00ns)   --->   "%REG_V_43_load = load i16 %REG_V_43"   --->   Operation 269 'load' 'REG_V_43_load' <Predicate = (icmp_ln66)> <Delay = 0.00>
ST_6 : Operation 270 [1/1] (0.00ns)   --->   "%REG_V_44_load = load i16 %REG_V_44"   --->   Operation 270 'load' 'REG_V_44_load' <Predicate = (icmp_ln66)> <Delay = 0.00>
ST_6 : Operation 271 [1/1] (0.00ns)   --->   "%REG_V_45_load = load i16 %REG_V_45"   --->   Operation 271 'load' 'REG_V_45_load' <Predicate = (icmp_ln66)> <Delay = 0.00>
ST_6 : Operation 272 [1/1] (0.00ns)   --->   "%REG_V_46_load = load i16 %REG_V_46"   --->   Operation 272 'load' 'REG_V_46_load' <Predicate = (icmp_ln66)> <Delay = 0.00>
ST_6 : Operation 273 [1/1] (0.00ns)   --->   "%REG_V_47_load = load i16 %REG_V_47"   --->   Operation 273 'load' 'REG_V_47_load' <Predicate = (icmp_ln66)> <Delay = 0.00>
ST_6 : Operation 274 [1/1] (0.00ns)   --->   "%REG_V_48_load = load i16 %REG_V_48"   --->   Operation 274 'load' 'REG_V_48_load' <Predicate = (icmp_ln66)> <Delay = 0.00>
ST_6 : Operation 275 [1/1] (0.00ns)   --->   "%REG_V_49_load = load i16 %REG_V_49"   --->   Operation 275 'load' 'REG_V_49_load' <Predicate = (icmp_ln66)> <Delay = 0.00>
ST_6 : Operation 276 [1/1] (0.00ns)   --->   "%REG_V_50_load = load i16 %REG_V_50"   --->   Operation 276 'load' 'REG_V_50_load' <Predicate = (icmp_ln66)> <Delay = 0.00>
ST_6 : Operation 277 [1/1] (0.00ns)   --->   "%REG_V_51_load = load i16 %REG_V_51"   --->   Operation 277 'load' 'REG_V_51_load' <Predicate = (icmp_ln66)> <Delay = 0.00>
ST_6 : Operation 278 [1/1] (0.00ns)   --->   "%REG_V_52_load = load i16 %REG_V_52"   --->   Operation 278 'load' 'REG_V_52_load' <Predicate = (icmp_ln66)> <Delay = 0.00>
ST_6 : Operation 279 [1/1] (0.00ns)   --->   "%REG_V_53_load = load i16 %REG_V_53"   --->   Operation 279 'load' 'REG_V_53_load' <Predicate = (icmp_ln66)> <Delay = 0.00>
ST_6 : Operation 280 [1/1] (0.00ns)   --->   "%REG_V_54_load = load i16 %REG_V_54"   --->   Operation 280 'load' 'REG_V_54_load' <Predicate = (icmp_ln66)> <Delay = 0.00>
ST_6 : Operation 281 [1/1] (0.00ns)   --->   "%REG_V_55_load = load i16 %REG_V_55"   --->   Operation 281 'load' 'REG_V_55_load' <Predicate = (icmp_ln66)> <Delay = 0.00>
ST_6 : Operation 282 [1/1] (0.00ns)   --->   "%REG_V_56_load = load i16 %REG_V_56"   --->   Operation 282 'load' 'REG_V_56_load' <Predicate = (icmp_ln66)> <Delay = 0.00>
ST_6 : Operation 283 [1/1] (0.00ns)   --->   "%REG_V_57_load = load i16 %REG_V_57"   --->   Operation 283 'load' 'REG_V_57_load' <Predicate = (icmp_ln66)> <Delay = 0.00>
ST_6 : Operation 284 [1/1] (0.00ns)   --->   "%REG_V_58_load = load i16 %REG_V_58"   --->   Operation 284 'load' 'REG_V_58_load' <Predicate = (icmp_ln66)> <Delay = 0.00>
ST_6 : Operation 285 [1/1] (0.00ns)   --->   "%REG_V_59_load = load i16 %REG_V_59"   --->   Operation 285 'load' 'REG_V_59_load' <Predicate = (icmp_ln66)> <Delay = 0.00>
ST_6 : Operation 286 [1/1] (0.00ns)   --->   "%REG_V_60_load = load i16 %REG_V_60"   --->   Operation 286 'load' 'REG_V_60_load' <Predicate = (icmp_ln66)> <Delay = 0.00>
ST_6 : Operation 287 [1/1] (0.00ns)   --->   "%REG_V_61_load = load i16 %REG_V_61"   --->   Operation 287 'load' 'REG_V_61_load' <Predicate = (icmp_ln66)> <Delay = 0.00>
ST_6 : Operation 288 [1/1] (0.00ns)   --->   "%REG_V_62_load = load i16 %REG_V_62"   --->   Operation 288 'load' 'REG_V_62_load' <Predicate = (icmp_ln66)> <Delay = 0.00>
ST_6 : Operation 289 [1/1] (0.00ns)   --->   "%REG_V_63_load = load i16 %REG_V_63"   --->   Operation 289 'load' 'REG_V_63_load' <Predicate = (icmp_ln66)> <Delay = 0.00>
ST_6 : Operation 290 [1/1] (0.00ns)   --->   "%write_ln0 = write void @_ssdm_op_Write.ap_auto.i16P0A, i16 %REG_V_63_out, i16 %REG_V_63_load"   --->   Operation 290 'write' 'write_ln0' <Predicate = (icmp_ln66)> <Delay = 0.00>
ST_6 : Operation 291 [1/1] (0.00ns)   --->   "%write_ln0 = write void @_ssdm_op_Write.ap_auto.i16P0A, i16 %REG_V_62_out, i16 %REG_V_62_load"   --->   Operation 291 'write' 'write_ln0' <Predicate = (icmp_ln66)> <Delay = 0.00>
ST_6 : Operation 292 [1/1] (0.00ns)   --->   "%write_ln0 = write void @_ssdm_op_Write.ap_auto.i16P0A, i16 %REG_V_61_out, i16 %REG_V_61_load"   --->   Operation 292 'write' 'write_ln0' <Predicate = (icmp_ln66)> <Delay = 0.00>
ST_6 : Operation 293 [1/1] (0.00ns)   --->   "%write_ln0 = write void @_ssdm_op_Write.ap_auto.i16P0A, i16 %REG_V_60_out, i16 %REG_V_60_load"   --->   Operation 293 'write' 'write_ln0' <Predicate = (icmp_ln66)> <Delay = 0.00>
ST_6 : Operation 294 [1/1] (0.00ns)   --->   "%write_ln0 = write void @_ssdm_op_Write.ap_auto.i16P0A, i16 %REG_V_59_out, i16 %REG_V_59_load"   --->   Operation 294 'write' 'write_ln0' <Predicate = (icmp_ln66)> <Delay = 0.00>
ST_6 : Operation 295 [1/1] (0.00ns)   --->   "%write_ln0 = write void @_ssdm_op_Write.ap_auto.i16P0A, i16 %REG_V_58_out, i16 %REG_V_58_load"   --->   Operation 295 'write' 'write_ln0' <Predicate = (icmp_ln66)> <Delay = 0.00>
ST_6 : Operation 296 [1/1] (0.00ns)   --->   "%write_ln0 = write void @_ssdm_op_Write.ap_auto.i16P0A, i16 %REG_V_57_out, i16 %REG_V_57_load"   --->   Operation 296 'write' 'write_ln0' <Predicate = (icmp_ln66)> <Delay = 0.00>
ST_6 : Operation 297 [1/1] (0.00ns)   --->   "%write_ln0 = write void @_ssdm_op_Write.ap_auto.i16P0A, i16 %REG_V_56_out, i16 %REG_V_56_load"   --->   Operation 297 'write' 'write_ln0' <Predicate = (icmp_ln66)> <Delay = 0.00>
ST_6 : Operation 298 [1/1] (0.00ns)   --->   "%write_ln0 = write void @_ssdm_op_Write.ap_auto.i16P0A, i16 %REG_V_55_out, i16 %REG_V_55_load"   --->   Operation 298 'write' 'write_ln0' <Predicate = (icmp_ln66)> <Delay = 0.00>
ST_6 : Operation 299 [1/1] (0.00ns)   --->   "%write_ln0 = write void @_ssdm_op_Write.ap_auto.i16P0A, i16 %REG_V_54_out, i16 %REG_V_54_load"   --->   Operation 299 'write' 'write_ln0' <Predicate = (icmp_ln66)> <Delay = 0.00>
ST_6 : Operation 300 [1/1] (0.00ns)   --->   "%write_ln0 = write void @_ssdm_op_Write.ap_auto.i16P0A, i16 %REG_V_53_out, i16 %REG_V_53_load"   --->   Operation 300 'write' 'write_ln0' <Predicate = (icmp_ln66)> <Delay = 0.00>
ST_6 : Operation 301 [1/1] (0.00ns)   --->   "%write_ln0 = write void @_ssdm_op_Write.ap_auto.i16P0A, i16 %REG_V_52_out, i16 %REG_V_52_load"   --->   Operation 301 'write' 'write_ln0' <Predicate = (icmp_ln66)> <Delay = 0.00>
ST_6 : Operation 302 [1/1] (0.00ns)   --->   "%write_ln0 = write void @_ssdm_op_Write.ap_auto.i16P0A, i16 %REG_V_51_out, i16 %REG_V_51_load"   --->   Operation 302 'write' 'write_ln0' <Predicate = (icmp_ln66)> <Delay = 0.00>
ST_6 : Operation 303 [1/1] (0.00ns)   --->   "%write_ln0 = write void @_ssdm_op_Write.ap_auto.i16P0A, i16 %REG_V_50_out, i16 %REG_V_50_load"   --->   Operation 303 'write' 'write_ln0' <Predicate = (icmp_ln66)> <Delay = 0.00>
ST_6 : Operation 304 [1/1] (0.00ns)   --->   "%write_ln0 = write void @_ssdm_op_Write.ap_auto.i16P0A, i16 %REG_V_49_out, i16 %REG_V_49_load"   --->   Operation 304 'write' 'write_ln0' <Predicate = (icmp_ln66)> <Delay = 0.00>
ST_6 : Operation 305 [1/1] (0.00ns)   --->   "%write_ln0 = write void @_ssdm_op_Write.ap_auto.i16P0A, i16 %REG_V_48_out, i16 %REG_V_48_load"   --->   Operation 305 'write' 'write_ln0' <Predicate = (icmp_ln66)> <Delay = 0.00>
ST_6 : Operation 306 [1/1] (0.00ns)   --->   "%write_ln0 = write void @_ssdm_op_Write.ap_auto.i16P0A, i16 %REG_V_47_out, i16 %REG_V_47_load"   --->   Operation 306 'write' 'write_ln0' <Predicate = (icmp_ln66)> <Delay = 0.00>
ST_6 : Operation 307 [1/1] (0.00ns)   --->   "%write_ln0 = write void @_ssdm_op_Write.ap_auto.i16P0A, i16 %REG_V_46_out, i16 %REG_V_46_load"   --->   Operation 307 'write' 'write_ln0' <Predicate = (icmp_ln66)> <Delay = 0.00>
ST_6 : Operation 308 [1/1] (0.00ns)   --->   "%write_ln0 = write void @_ssdm_op_Write.ap_auto.i16P0A, i16 %REG_V_45_out, i16 %REG_V_45_load"   --->   Operation 308 'write' 'write_ln0' <Predicate = (icmp_ln66)> <Delay = 0.00>
ST_6 : Operation 309 [1/1] (0.00ns)   --->   "%write_ln0 = write void @_ssdm_op_Write.ap_auto.i16P0A, i16 %REG_V_44_out, i16 %REG_V_44_load"   --->   Operation 309 'write' 'write_ln0' <Predicate = (icmp_ln66)> <Delay = 0.00>
ST_6 : Operation 310 [1/1] (0.00ns)   --->   "%write_ln0 = write void @_ssdm_op_Write.ap_auto.i16P0A, i16 %REG_V_43_out, i16 %REG_V_43_load"   --->   Operation 310 'write' 'write_ln0' <Predicate = (icmp_ln66)> <Delay = 0.00>
ST_6 : Operation 311 [1/1] (0.00ns)   --->   "%write_ln0 = write void @_ssdm_op_Write.ap_auto.i16P0A, i16 %REG_V_42_out, i16 %REG_V_42_load"   --->   Operation 311 'write' 'write_ln0' <Predicate = (icmp_ln66)> <Delay = 0.00>
ST_6 : Operation 312 [1/1] (0.00ns)   --->   "%write_ln0 = write void @_ssdm_op_Write.ap_auto.i16P0A, i16 %REG_V_41_out, i16 %REG_V_41_load"   --->   Operation 312 'write' 'write_ln0' <Predicate = (icmp_ln66)> <Delay = 0.00>
ST_6 : Operation 313 [1/1] (0.00ns)   --->   "%write_ln0 = write void @_ssdm_op_Write.ap_auto.i16P0A, i16 %REG_V_40_out, i16 %REG_V_40_load"   --->   Operation 313 'write' 'write_ln0' <Predicate = (icmp_ln66)> <Delay = 0.00>
ST_6 : Operation 314 [1/1] (0.00ns)   --->   "%write_ln0 = write void @_ssdm_op_Write.ap_auto.i16P0A, i16 %REG_V_39_out, i16 %REG_V_39_load"   --->   Operation 314 'write' 'write_ln0' <Predicate = (icmp_ln66)> <Delay = 0.00>
ST_6 : Operation 315 [1/1] (0.00ns)   --->   "%write_ln0 = write void @_ssdm_op_Write.ap_auto.i16P0A, i16 %REG_V_38_out, i16 %REG_V_38_load"   --->   Operation 315 'write' 'write_ln0' <Predicate = (icmp_ln66)> <Delay = 0.00>
ST_6 : Operation 316 [1/1] (0.00ns)   --->   "%write_ln0 = write void @_ssdm_op_Write.ap_auto.i16P0A, i16 %REG_V_37_out, i16 %REG_V_37_load"   --->   Operation 316 'write' 'write_ln0' <Predicate = (icmp_ln66)> <Delay = 0.00>
ST_6 : Operation 317 [1/1] (0.00ns)   --->   "%write_ln0 = write void @_ssdm_op_Write.ap_auto.i16P0A, i16 %REG_V_36_out, i16 %REG_V_36_load"   --->   Operation 317 'write' 'write_ln0' <Predicate = (icmp_ln66)> <Delay = 0.00>
ST_6 : Operation 318 [1/1] (0.00ns)   --->   "%write_ln0 = write void @_ssdm_op_Write.ap_auto.i16P0A, i16 %REG_V_35_out, i16 %REG_V_35_load"   --->   Operation 318 'write' 'write_ln0' <Predicate = (icmp_ln66)> <Delay = 0.00>
ST_6 : Operation 319 [1/1] (0.00ns)   --->   "%write_ln0 = write void @_ssdm_op_Write.ap_auto.i16P0A, i16 %REG_V_34_out, i16 %REG_V_34_load"   --->   Operation 319 'write' 'write_ln0' <Predicate = (icmp_ln66)> <Delay = 0.00>
ST_6 : Operation 320 [1/1] (0.00ns)   --->   "%write_ln0 = write void @_ssdm_op_Write.ap_auto.i16P0A, i16 %REG_V_33_out, i16 %REG_V_33_load"   --->   Operation 320 'write' 'write_ln0' <Predicate = (icmp_ln66)> <Delay = 0.00>
ST_6 : Operation 321 [1/1] (0.00ns)   --->   "%write_ln0 = write void @_ssdm_op_Write.ap_auto.i16P0A, i16 %REG_V_32_out, i16 %REG_V_32_load"   --->   Operation 321 'write' 'write_ln0' <Predicate = (icmp_ln66)> <Delay = 0.00>
ST_6 : Operation 322 [1/1] (0.00ns)   --->   "%write_ln0 = write void @_ssdm_op_Write.ap_auto.i32P0A, i32 %self_sum_V_out, i32 %empty"   --->   Operation 322 'write' 'write_ln0' <Predicate = (icmp_ln66)> <Delay = 0.00>
ST_6 : Operation 323 [1/1] (0.00ns)   --->   "%ret_ln0 = ret"   --->   Operation 323 'ret' 'ret_ln0' <Predicate = (icmp_ln66)> <Delay = 0.00>


============================================================
+ Verbose Summary: Binding
============================================================
STG Binding: 
---------------- STG Properties BEGIN ----------------
- Is combinational: 0
- Is one-state seq: 0
- Is datapath-only: 0
- Is pipelined: 0
- Is top level: 0
Port [ Return ] is wired: 1; IO mode=ap_ctrl_hs:ce=0
Port [ REG_V_31]:  wired=1; compound=0; hidden=0; nouse=0; global=0; static=0; extern=0; dir=0; type=0; pingpong=0; private_global=0; IO mode=ap_none:ce=0
Port [ REG_V_30]:  wired=1; compound=0; hidden=0; nouse=0; global=0; static=0; extern=0; dir=0; type=0; pingpong=0; private_global=0; IO mode=ap_none:ce=0
Port [ REG_V_29]:  wired=1; compound=0; hidden=0; nouse=0; global=0; static=0; extern=0; dir=0; type=0; pingpong=0; private_global=0; IO mode=ap_none:ce=0
Port [ REG_V_28]:  wired=1; compound=0; hidden=0; nouse=0; global=0; static=0; extern=0; dir=0; type=0; pingpong=0; private_global=0; IO mode=ap_none:ce=0
Port [ REG_V_27]:  wired=1; compound=0; hidden=0; nouse=0; global=0; static=0; extern=0; dir=0; type=0; pingpong=0; private_global=0; IO mode=ap_none:ce=0
Port [ REG_V_26]:  wired=1; compound=0; hidden=0; nouse=0; global=0; static=0; extern=0; dir=0; type=0; pingpong=0; private_global=0; IO mode=ap_none:ce=0
Port [ REG_V_25]:  wired=1; compound=0; hidden=0; nouse=0; global=0; static=0; extern=0; dir=0; type=0; pingpong=0; private_global=0; IO mode=ap_none:ce=0
Port [ REG_V_24]:  wired=1; compound=0; hidden=0; nouse=0; global=0; static=0; extern=0; dir=0; type=0; pingpong=0; private_global=0; IO mode=ap_none:ce=0
Port [ REG_V_23]:  wired=1; compound=0; hidden=0; nouse=0; global=0; static=0; extern=0; dir=0; type=0; pingpong=0; private_global=0; IO mode=ap_none:ce=0
Port [ REG_V_22]:  wired=1; compound=0; hidden=0; nouse=0; global=0; static=0; extern=0; dir=0; type=0; pingpong=0; private_global=0; IO mode=ap_none:ce=0
Port [ REG_V_21]:  wired=1; compound=0; hidden=0; nouse=0; global=0; static=0; extern=0; dir=0; type=0; pingpong=0; private_global=0; IO mode=ap_none:ce=0
Port [ REG_V_20]:  wired=1; compound=0; hidden=0; nouse=0; global=0; static=0; extern=0; dir=0; type=0; pingpong=0; private_global=0; IO mode=ap_none:ce=0
Port [ REG_V_19]:  wired=1; compound=0; hidden=0; nouse=0; global=0; static=0; extern=0; dir=0; type=0; pingpong=0; private_global=0; IO mode=ap_none:ce=0
Port [ REG_V_18]:  wired=1; compound=0; hidden=0; nouse=0; global=0; static=0; extern=0; dir=0; type=0; pingpong=0; private_global=0; IO mode=ap_none:ce=0
Port [ REG_V_17]:  wired=1; compound=0; hidden=0; nouse=0; global=0; static=0; extern=0; dir=0; type=0; pingpong=0; private_global=0; IO mode=ap_none:ce=0
Port [ REG_V_16]:  wired=1; compound=0; hidden=0; nouse=0; global=0; static=0; extern=0; dir=0; type=0; pingpong=0; private_global=0; IO mode=ap_none:ce=0
Port [ REG_V_15]:  wired=1; compound=0; hidden=0; nouse=0; global=0; static=0; extern=0; dir=0; type=0; pingpong=0; private_global=0; IO mode=ap_none:ce=0
Port [ REG_V_14]:  wired=1; compound=0; hidden=0; nouse=0; global=0; static=0; extern=0; dir=0; type=0; pingpong=0; private_global=0; IO mode=ap_none:ce=0
Port [ REG_V_13]:  wired=1; compound=0; hidden=0; nouse=0; global=0; static=0; extern=0; dir=0; type=0; pingpong=0; private_global=0; IO mode=ap_none:ce=0
Port [ REG_V_12]:  wired=1; compound=0; hidden=0; nouse=0; global=0; static=0; extern=0; dir=0; type=0; pingpong=0; private_global=0; IO mode=ap_none:ce=0
Port [ REG_V_11]:  wired=1; compound=0; hidden=0; nouse=0; global=0; static=0; extern=0; dir=0; type=0; pingpong=0; private_global=0; IO mode=ap_none:ce=0
Port [ REG_V_10]:  wired=1; compound=0; hidden=0; nouse=0; global=0; static=0; extern=0; dir=0; type=0; pingpong=0; private_global=0; IO mode=ap_none:ce=0
Port [ REG_V_9]:  wired=1; compound=0; hidden=0; nouse=0; global=0; static=0; extern=0; dir=0; type=0; pingpong=0; private_global=0; IO mode=ap_none:ce=0
Port [ REG_V_8]:  wired=1; compound=0; hidden=0; nouse=0; global=0; static=0; extern=0; dir=0; type=0; pingpong=0; private_global=0; IO mode=ap_none:ce=0
Port [ REG_V_7]:  wired=1; compound=0; hidden=0; nouse=0; global=0; static=0; extern=0; dir=0; type=0; pingpong=0; private_global=0; IO mode=ap_none:ce=0
Port [ REG_V_6]:  wired=1; compound=0; hidden=0; nouse=0; global=0; static=0; extern=0; dir=0; type=0; pingpong=0; private_global=0; IO mode=ap_none:ce=0
Port [ REG_V_5]:  wired=1; compound=0; hidden=0; nouse=0; global=0; static=0; extern=0; dir=0; type=0; pingpong=0; private_global=0; IO mode=ap_none:ce=0
Port [ REG_V_4]:  wired=1; compound=0; hidden=0; nouse=0; global=0; static=0; extern=0; dir=0; type=0; pingpong=0; private_global=0; IO mode=ap_none:ce=0
Port [ REG_V_3]:  wired=1; compound=0; hidden=0; nouse=0; global=0; static=0; extern=0; dir=0; type=0; pingpong=0; private_global=0; IO mode=ap_none:ce=0
Port [ REG_V_2]:  wired=1; compound=0; hidden=0; nouse=0; global=0; static=0; extern=0; dir=0; type=0; pingpong=0; private_global=0; IO mode=ap_none:ce=0
Port [ REG_V_1]:  wired=1; compound=0; hidden=0; nouse=0; global=0; static=0; extern=0; dir=0; type=0; pingpong=0; private_global=0; IO mode=ap_none:ce=0
Port [ REG_V]:  wired=1; compound=0; hidden=0; nouse=0; global=0; static=0; extern=0; dir=0; type=0; pingpong=0; private_global=0; IO mode=ap_none:ce=0
Port [ tmp_8]:  wired=1; compound=0; hidden=0; nouse=0; global=0; static=0; extern=0; dir=0; type=0; pingpong=0; private_global=0; IO mode=ap_none:ce=0
Port [ buffer_a]:  wired=1; compound=1; hidden=0; nouse=0; global=0; static=0; extern=0; dir=0; type=1; pingpong=0; private_global=0; MemPort=[13]; IO mode=ap_memory:ce=0
Port [ buffer_b]:  wired=1; compound=1; hidden=0; nouse=0; global=0; static=0; extern=0; dir=0; type=1; pingpong=0; private_global=0; MemPort=[13]; IO mode=ap_memory:ce=0
Port [ tmp_7]:  wired=1; compound=0; hidden=0; nouse=0; global=0; static=0; extern=0; dir=0; type=0; pingpong=0; private_global=0; IO mode=ap_none:ce=0
Port [ REG_V_63_out]:  wired=1; compound=0; hidden=0; nouse=0; global=0; static=0; extern=0; dir=1; type=0; pingpong=0; private_global=0; IO mode=ap_vld:ce=0
Port [ REG_V_62_out]:  wired=1; compound=0; hidden=0; nouse=0; global=0; static=0; extern=0; dir=1; type=0; pingpong=0; private_global=0; IO mode=ap_vld:ce=0
Port [ REG_V_61_out]:  wired=1; compound=0; hidden=0; nouse=0; global=0; static=0; extern=0; dir=1; type=0; pingpong=0; private_global=0; IO mode=ap_vld:ce=0
Port [ REG_V_60_out]:  wired=1; compound=0; hidden=0; nouse=0; global=0; static=0; extern=0; dir=1; type=0; pingpong=0; private_global=0; IO mode=ap_vld:ce=0
Port [ REG_V_59_out]:  wired=1; compound=0; hidden=0; nouse=0; global=0; static=0; extern=0; dir=1; type=0; pingpong=0; private_global=0; IO mode=ap_vld:ce=0
Port [ REG_V_58_out]:  wired=1; compound=0; hidden=0; nouse=0; global=0; static=0; extern=0; dir=1; type=0; pingpong=0; private_global=0; IO mode=ap_vld:ce=0
Port [ REG_V_57_out]:  wired=1; compound=0; hidden=0; nouse=0; global=0; static=0; extern=0; dir=1; type=0; pingpong=0; private_global=0; IO mode=ap_vld:ce=0
Port [ REG_V_56_out]:  wired=1; compound=0; hidden=0; nouse=0; global=0; static=0; extern=0; dir=1; type=0; pingpong=0; private_global=0; IO mode=ap_vld:ce=0
Port [ REG_V_55_out]:  wired=1; compound=0; hidden=0; nouse=0; global=0; static=0; extern=0; dir=1; type=0; pingpong=0; private_global=0; IO mode=ap_vld:ce=0
Port [ REG_V_54_out]:  wired=1; compound=0; hidden=0; nouse=0; global=0; static=0; extern=0; dir=1; type=0; pingpong=0; private_global=0; IO mode=ap_vld:ce=0
Port [ REG_V_53_out]:  wired=1; compound=0; hidden=0; nouse=0; global=0; static=0; extern=0; dir=1; type=0; pingpong=0; private_global=0; IO mode=ap_vld:ce=0
Port [ REG_V_52_out]:  wired=1; compound=0; hidden=0; nouse=0; global=0; static=0; extern=0; dir=1; type=0; pingpong=0; private_global=0; IO mode=ap_vld:ce=0
Port [ REG_V_51_out]:  wired=1; compound=0; hidden=0; nouse=0; global=0; static=0; extern=0; dir=1; type=0; pingpong=0; private_global=0; IO mode=ap_vld:ce=0
Port [ REG_V_50_out]:  wired=1; compound=0; hidden=0; nouse=0; global=0; static=0; extern=0; dir=1; type=0; pingpong=0; private_global=0; IO mode=ap_vld:ce=0
Port [ REG_V_49_out]:  wired=1; compound=0; hidden=0; nouse=0; global=0; static=0; extern=0; dir=1; type=0; pingpong=0; private_global=0; IO mode=ap_vld:ce=0
Port [ REG_V_48_out]:  wired=1; compound=0; hidden=0; nouse=0; global=0; static=0; extern=0; dir=1; type=0; pingpong=0; private_global=0; IO mode=ap_vld:ce=0
Port [ REG_V_47_out]:  wired=1; compound=0; hidden=0; nouse=0; global=0; static=0; extern=0; dir=1; type=0; pingpong=0; private_global=0; IO mode=ap_vld:ce=0
Port [ REG_V_46_out]:  wired=1; compound=0; hidden=0; nouse=0; global=0; static=0; extern=0; dir=1; type=0; pingpong=0; private_global=0; IO mode=ap_vld:ce=0
Port [ REG_V_45_out]:  wired=1; compound=0; hidden=0; nouse=0; global=0; static=0; extern=0; dir=1; type=0; pingpong=0; private_global=0; IO mode=ap_vld:ce=0
Port [ REG_V_44_out]:  wired=1; compound=0; hidden=0; nouse=0; global=0; static=0; extern=0; dir=1; type=0; pingpong=0; private_global=0; IO mode=ap_vld:ce=0
Port [ REG_V_43_out]:  wired=1; compound=0; hidden=0; nouse=0; global=0; static=0; extern=0; dir=1; type=0; pingpong=0; private_global=0; IO mode=ap_vld:ce=0
Port [ REG_V_42_out]:  wired=1; compound=0; hidden=0; nouse=0; global=0; static=0; extern=0; dir=1; type=0; pingpong=0; private_global=0; IO mode=ap_vld:ce=0
Port [ REG_V_41_out]:  wired=1; compound=0; hidden=0; nouse=0; global=0; static=0; extern=0; dir=1; type=0; pingpong=0; private_global=0; IO mode=ap_vld:ce=0
Port [ REG_V_40_out]:  wired=1; compound=0; hidden=0; nouse=0; global=0; static=0; extern=0; dir=1; type=0; pingpong=0; private_global=0; IO mode=ap_vld:ce=0
Port [ REG_V_39_out]:  wired=1; compound=0; hidden=0; nouse=0; global=0; static=0; extern=0; dir=1; type=0; pingpong=0; private_global=0; IO mode=ap_vld:ce=0
Port [ REG_V_38_out]:  wired=1; compound=0; hidden=0; nouse=0; global=0; static=0; extern=0; dir=1; type=0; pingpong=0; private_global=0; IO mode=ap_vld:ce=0
Port [ REG_V_37_out]:  wired=1; compound=0; hidden=0; nouse=0; global=0; static=0; extern=0; dir=1; type=0; pingpong=0; private_global=0; IO mode=ap_vld:ce=0
Port [ REG_V_36_out]:  wired=1; compound=0; hidden=0; nouse=0; global=0; static=0; extern=0; dir=1; type=0; pingpong=0; private_global=0; IO mode=ap_vld:ce=0
Port [ REG_V_35_out]:  wired=1; compound=0; hidden=0; nouse=0; global=0; static=0; extern=0; dir=1; type=0; pingpong=0; private_global=0; IO mode=ap_vld:ce=0
Port [ REG_V_34_out]:  wired=1; compound=0; hidden=0; nouse=0; global=0; static=0; extern=0; dir=1; type=0; pingpong=0; private_global=0; IO mode=ap_vld:ce=0
Port [ REG_V_33_out]:  wired=1; compound=0; hidden=0; nouse=0; global=0; static=0; extern=0; dir=1; type=0; pingpong=0; private_global=0; IO mode=ap_vld:ce=0
Port [ REG_V_32_out]:  wired=1; compound=0; hidden=0; nouse=0; global=0; static=0; extern=0; dir=1; type=0; pingpong=0; private_global=0; IO mode=ap_vld:ce=0
Port [ self_sum_V_out]:  wired=1; compound=0; hidden=0; nouse=0; global=0; static=0; extern=0; dir=1; type=0; pingpong=0; private_global=0; IO mode=ap_vld:ce=0
---------------- STG Properties END ------------------

---------------- Datapath Model BEGIN ----------------

<LifeTime>
<method=bitvector/>
self_sum_V        (alloca           ) [ 0111111]
fe                (alloca           ) [ 0100000]
REG_V_32          (alloca           ) [ 0111111]
REG_V_33          (alloca           ) [ 0111111]
REG_V_34          (alloca           ) [ 0111111]
REG_V_35          (alloca           ) [ 0111111]
REG_V_36          (alloca           ) [ 0111111]
REG_V_37          (alloca           ) [ 0111111]
REG_V_38          (alloca           ) [ 0111111]
REG_V_39          (alloca           ) [ 0111111]
REG_V_40          (alloca           ) [ 0111111]
REG_V_41          (alloca           ) [ 0111111]
REG_V_42          (alloca           ) [ 0111111]
REG_V_43          (alloca           ) [ 0111111]
REG_V_44          (alloca           ) [ 0111111]
REG_V_45          (alloca           ) [ 0111111]
REG_V_46          (alloca           ) [ 0111111]
REG_V_47          (alloca           ) [ 0111111]
REG_V_48          (alloca           ) [ 0111111]
REG_V_49          (alloca           ) [ 0111111]
REG_V_50          (alloca           ) [ 0111111]
REG_V_51          (alloca           ) [ 0111111]
REG_V_52          (alloca           ) [ 0111111]
REG_V_53          (alloca           ) [ 0111111]
REG_V_54          (alloca           ) [ 0111111]
REG_V_55          (alloca           ) [ 0111111]
REG_V_56          (alloca           ) [ 0111111]
REG_V_57          (alloca           ) [ 0111111]
REG_V_58          (alloca           ) [ 0111111]
REG_V_59          (alloca           ) [ 0111111]
REG_V_60          (alloca           ) [ 0111111]
REG_V_61          (alloca           ) [ 0111111]
REG_V_62          (alloca           ) [ 0111111]
REG_V_63          (alloca           ) [ 0111111]
specinterface_ln0 (specinterface    ) [ 0000000]
specinterface_ln0 (specinterface    ) [ 0000000]
tmp_7_read        (read             ) [ 0110000]
tmp_8_read        (read             ) [ 0000000]
REG_V_read        (read             ) [ 0000000]
REG_V_1_read      (read             ) [ 0000000]
REG_V_2_read      (read             ) [ 0000000]
REG_V_3_read      (read             ) [ 0000000]
REG_V_4_read      (read             ) [ 0000000]
REG_V_5_read      (read             ) [ 0000000]
REG_V_6_read      (read             ) [ 0000000]
REG_V_7_read      (read             ) [ 0000000]
REG_V_8_read      (read             ) [ 0000000]
REG_V_9_read      (read             ) [ 0000000]
REG_V_10_read     (read             ) [ 0000000]
REG_V_11_read     (read             ) [ 0000000]
REG_V_12_read     (read             ) [ 0000000]
REG_V_13_read     (read             ) [ 0000000]
REG_V_14_read     (read             ) [ 0000000]
REG_V_15_read     (read             ) [ 0000000]
REG_V_16_read     (read             ) [ 0000000]
REG_V_17_read     (read             ) [ 0000000]
REG_V_18_read     (read             ) [ 0000000]
REG_V_19_read     (read             ) [ 0000000]
REG_V_20_read     (read             ) [ 0000000]
REG_V_21_read     (read             ) [ 0000000]
REG_V_22_read     (read             ) [ 0000000]
REG_V_23_read     (read             ) [ 0000000]
REG_V_24_read     (read             ) [ 0000000]
REG_V_25_read     (read             ) [ 0000000]
REG_V_26_read     (read             ) [ 0000000]
REG_V_27_read     (read             ) [ 0000000]
REG_V_28_read     (read             ) [ 0000000]
REG_V_29_read     (read             ) [ 0000000]
REG_V_30_read     (read             ) [ 0000000]
REG_V_31_read     (read             ) [ 0000000]
store_ln0         (store            ) [ 0000000]
store_ln0         (store            ) [ 0000000]
store_ln0         (store            ) [ 0000000]
store_ln0         (store            ) [ 0000000]
store_ln0         (store            ) [ 0000000]
store_ln0         (store            ) [ 0000000]
store_ln0         (store            ) [ 0000000]
store_ln0         (store            ) [ 0000000]
store_ln0         (store            ) [ 0000000]
store_ln0         (store            ) [ 0000000]
store_ln0         (store            ) [ 0000000]
store_ln0         (store            ) [ 0000000]
store_ln0         (store            ) [ 0000000]
store_ln0         (store            ) [ 0000000]
store_ln0         (store            ) [ 0000000]
store_ln0         (store            ) [ 0000000]
store_ln0         (store            ) [ 0000000]
store_ln0         (store            ) [ 0000000]
store_ln0         (store            ) [ 0000000]
store_ln0         (store            ) [ 0000000]
store_ln0         (store            ) [ 0000000]
store_ln0         (store            ) [ 0000000]
store_ln0         (store            ) [ 0000000]
store_ln0         (store            ) [ 0000000]
store_ln0         (store            ) [ 0000000]
store_ln0         (store            ) [ 0000000]
store_ln0         (store            ) [ 0000000]
store_ln0         (store            ) [ 0000000]
store_ln0         (store            ) [ 0000000]
store_ln0         (store            ) [ 0000000]
store_ln0         (store            ) [ 0000000]
store_ln0         (store            ) [ 0000000]
store_ln0         (store            ) [ 0000000]
store_ln0         (store            ) [ 0000000]
br_ln0            (br               ) [ 0000000]
fe_1              (load             ) [ 0000000]
icmp_ln66         (icmp             ) [ 0111111]
add_ln66          (add              ) [ 0000000]
br_ln66           (br               ) [ 0000000]
fe_cast           (zext             ) [ 0000000]
add_ln68          (add              ) [ 0000000]
zext_ln68         (zext             ) [ 0000000]
buffer_a_addr     (getelementptr    ) [ 0110000]
buffer_b_addr     (getelementptr    ) [ 0110000]
trunc_ln74        (trunc            ) [ 0110000]
switch_ln74       (switch           ) [ 0000000]
store_ln66        (store            ) [ 0000000]
specloopname_ln50 (specloopname     ) [ 0000000]
word_V            (load             ) [ 0000000]
word1             (load             ) [ 0000000]
lhs               (trunc            ) [ 0101000]
lhs_1             (partselect       ) [ 0000000]
rhs               (trunc            ) [ 0101000]
rhs_1             (partselect       ) [ 0000000]
REG_V_48_load_1   (load             ) [ 0000000]
REG_V_49_load_1   (load             ) [ 0000000]
REG_V_50_load_1   (load             ) [ 0000000]
REG_V_51_load_1   (load             ) [ 0000000]
REG_V_52_load_1   (load             ) [ 0000000]
REG_V_53_load_1   (load             ) [ 0000000]
REG_V_54_load_1   (load             ) [ 0000000]
REG_V_55_load_1   (load             ) [ 0000000]
REG_V_78          (select           ) [ 0000000]
REG_V_79          (select           ) [ 0000000]
REG_V_83          (select           ) [ 0000000]
REG_V_82          (select           ) [ 0000000]
REG_V_81          (select           ) [ 0000000]
REG_V_80          (select           ) [ 0000000]
select_ln77_6     (select           ) [ 0000000]
select_ln77_7     (select           ) [ 0000000]
store_ln77        (store            ) [ 0000000]
store_ln77        (store            ) [ 0000000]
store_ln77        (store            ) [ 0000000]
store_ln77        (store            ) [ 0000000]
store_ln77        (store            ) [ 0000000]
store_ln77        (store            ) [ 0000000]
store_ln77        (store            ) [ 0000000]
store_ln77        (store            ) [ 0000000]
br_ln77           (br               ) [ 0000000]
REG_V_40_load_1   (load             ) [ 0000000]
REG_V_41_load_1   (load             ) [ 0000000]
REG_V_42_load_1   (load             ) [ 0000000]
REG_V_43_load_1   (load             ) [ 0000000]
REG_V_44_load_1   (load             ) [ 0000000]
REG_V_45_load_1   (load             ) [ 0000000]
REG_V_46_load_1   (load             ) [ 0000000]
REG_V_47_load_1   (load             ) [ 0000000]
REG_V_74          (select           ) [ 0000000]
REG_V_75          (select           ) [ 0000000]
select_ln75_4     (select           ) [ 0000000]
select_ln75_5     (select           ) [ 0000000]
select_ln76_4     (select           ) [ 0000000]
select_ln76_5     (select           ) [ 0000000]
select_ln77_4     (select           ) [ 0000000]
select_ln77_5     (select           ) [ 0000000]
store_ln77        (store            ) [ 0000000]
store_ln77        (store            ) [ 0000000]
store_ln77        (store            ) [ 0000000]
store_ln77        (store            ) [ 0000000]
store_ln77        (store            ) [ 0000000]
store_ln77        (store            ) [ 0000000]
store_ln77        (store            ) [ 0000000]
store_ln77        (store            ) [ 0000000]
br_ln77           (br               ) [ 0000000]
REG_V_32_load_1   (load             ) [ 0000000]
REG_V_33_load_1   (load             ) [ 0000000]
REG_V_34_load_1   (load             ) [ 0000000]
REG_V_35_load_1   (load             ) [ 0000000]
REG_V_36_load_1   (load             ) [ 0000000]
REG_V_37_load_1   (load             ) [ 0000000]
REG_V_38_load_1   (load             ) [ 0000000]
REG_V_39_load_1   (load             ) [ 0000000]
REG_V_72          (select           ) [ 0000000]
REG_V_73          (select           ) [ 0000000]
select_ln75_2     (select           ) [ 0000000]
select_ln75_3     (select           ) [ 0000000]
select_ln76_2     (select           ) [ 0000000]
select_ln76_3     (select           ) [ 0000000]
select_ln77_2     (select           ) [ 0000000]
select_ln77_3     (select           ) [ 0000000]
store_ln77        (store            ) [ 0000000]
store_ln77        (store            ) [ 0000000]
store_ln77        (store            ) [ 0000000]
store_ln77        (store            ) [ 0000000]
store_ln77        (store            ) [ 0000000]
store_ln77        (store            ) [ 0000000]
store_ln77        (store            ) [ 0000000]
store_ln77        (store            ) [ 0000000]
br_ln77           (br               ) [ 0000000]
REG_V_56_load_1   (load             ) [ 0000000]
REG_V_57_load_1   (load             ) [ 0000000]
REG_V_58_load_1   (load             ) [ 0000000]
REG_V_59_load_1   (load             ) [ 0000000]
REG_V_60_load_1   (load             ) [ 0000000]
REG_V_61_load_1   (load             ) [ 0000000]
REG_V_62_load_1   (load             ) [ 0000000]
REG_V_63_load_1   (load             ) [ 0000000]
REG_V_65          (select           ) [ 0000000]
REG_V_66          (select           ) [ 0000000]
select_ln75       (select           ) [ 0000000]
select_ln75_1     (select           ) [ 0000000]
select_ln76       (select           ) [ 0000000]
select_ln76_1     (select           ) [ 0000000]
select_ln77       (select           ) [ 0000000]
select_ln77_1     (select           ) [ 0000000]
store_ln77        (store            ) [ 0000000]
store_ln77        (store            ) [ 0000000]
store_ln77        (store            ) [ 0000000]
store_ln77        (store            ) [ 0000000]
store_ln77        (store            ) [ 0000000]
store_ln77        (store            ) [ 0000000]
store_ln77        (store            ) [ 0000000]
store_ln77        (store            ) [ 0000000]
br_ln77           (br               ) [ 0000000]
zext_ln186_17     (zext             ) [ 0101110]
zext_ln186_18     (zext             ) [ 0101110]
zext_ln186        (zext             ) [ 0100110]
zext_ln186_16     (zext             ) [ 0100110]
ret_V_3           (mul              ) [ 0000000]
ret_V_4           (mul              ) [ 0000000]
zext_ln186_19     (zext             ) [ 0100001]
zext_ln186_20     (zext             ) [ 0100001]
self_sum_V_2      (load             ) [ 0000000]
empty             (trunc            ) [ 0000000]
specpipeline_ln0  (specpipeline     ) [ 0000000]
empty_18          (speclooptripcount) [ 0000000]
ret_V             (add              ) [ 0000000]
zext_ln840        (zext             ) [ 0000000]
self_sum_V_3      (add              ) [ 0000000]
store_ln66        (store            ) [ 0000000]
br_ln66           (br               ) [ 0000000]
REG_V_32_load     (load             ) [ 0000000]
REG_V_33_load     (load             ) [ 0000000]
REG_V_34_load     (load             ) [ 0000000]
REG_V_35_load     (load             ) [ 0000000]
REG_V_36_load     (load             ) [ 0000000]
REG_V_37_load     (load             ) [ 0000000]
REG_V_38_load     (load             ) [ 0000000]
REG_V_39_load     (load             ) [ 0000000]
REG_V_40_load     (load             ) [ 0000000]
REG_V_41_load     (load             ) [ 0000000]
REG_V_42_load     (load             ) [ 0000000]
REG_V_43_load     (load             ) [ 0000000]
REG_V_44_load     (load             ) [ 0000000]
REG_V_45_load     (load             ) [ 0000000]
REG_V_46_load     (load             ) [ 0000000]
REG_V_47_load     (load             ) [ 0000000]
REG_V_48_load     (load             ) [ 0000000]
REG_V_49_load     (load             ) [ 0000000]
REG_V_50_load     (load             ) [ 0000000]
REG_V_51_load     (load             ) [ 0000000]
REG_V_52_load     (load             ) [ 0000000]
REG_V_53_load     (load             ) [ 0000000]
REG_V_54_load     (load             ) [ 0000000]
REG_V_55_load     (load             ) [ 0000000]
REG_V_56_load     (load             ) [ 0000000]
REG_V_57_load     (load             ) [ 0000000]
REG_V_58_load     (load             ) [ 0000000]
REG_V_59_load     (load             ) [ 0000000]
REG_V_60_load     (load             ) [ 0000000]
REG_V_61_load     (load             ) [ 0000000]
REG_V_62_load     (load             ) [ 0000000]
REG_V_63_load     (load             ) [ 0000000]
write_ln0         (write            ) [ 0000000]
write_ln0         (write            ) [ 0000000]
write_ln0         (write            ) [ 0000000]
write_ln0         (write            ) [ 0000000]
write_ln0         (write            ) [ 0000000]
write_ln0         (write            ) [ 0000000]
write_ln0         (write            ) [ 0000000]
write_ln0         (write            ) [ 0000000]
write_ln0         (write            ) [ 0000000]
write_ln0         (write            ) [ 0000000]
write_ln0         (write            ) [ 0000000]
write_ln0         (write            ) [ 0000000]
write_ln0         (write            ) [ 0000000]
write_ln0         (write            ) [ 0000000]
write_ln0         (write            ) [ 0000000]
write_ln0         (write            ) [ 0000000]
write_ln0         (write            ) [ 0000000]
write_ln0         (write            ) [ 0000000]
write_ln0         (write            ) [ 0000000]
write_ln0         (write            ) [ 0000000]
write_ln0         (write            ) [ 0000000]
write_ln0         (write            ) [ 0000000]
write_ln0         (write            ) [ 0000000]
write_ln0         (write            ) [ 0000000]
write_ln0         (write            ) [ 0000000]
write_ln0         (write            ) [ 0000000]
write_ln0         (write            ) [ 0000000]
write_ln0         (write            ) [ 0000000]
write_ln0         (write            ) [ 0000000]
write_ln0         (write            ) [ 0000000]
write_ln0         (write            ) [ 0000000]
write_ln0         (write            ) [ 0000000]
write_ln0         (write            ) [ 0000000]
ret_ln0           (ret              ) [ 0000000]
</LifeTime>

<model>

<comp_list>
<comp id="0" class="1000" name="REG_V_31">
<pin_list>
<pin id="1" dir="1" index="0" bw="1" slack="0"/>
</pin_list>
<bind>
<StgValue><ssdm name="REG_V_31"/></StgValue>
</bind>
</comp>

<comp id="2" class="1000" name="REG_V_30">
<pin_list>
<pin id="3" dir="1" index="0" bw="1" slack="0"/>
</pin_list>
<bind>
<StgValue><ssdm name="REG_V_30"/></StgValue>
</bind>
</comp>

<comp id="4" class="1000" name="REG_V_29">
<pin_list>
<pin id="5" dir="1" index="0" bw="1" slack="0"/>
</pin_list>
<bind>
<StgValue><ssdm name="REG_V_29"/></StgValue>
</bind>
</comp>

<comp id="6" class="1000" name="REG_V_28">
<pin_list>
<pin id="7" dir="1" index="0" bw="1" slack="0"/>
</pin_list>
<bind>
<StgValue><ssdm name="REG_V_28"/></StgValue>
</bind>
</comp>

<comp id="8" class="1000" name="REG_V_27">
<pin_list>
<pin id="9" dir="1" index="0" bw="1" slack="0"/>
</pin_list>
<bind>
<StgValue><ssdm name="REG_V_27"/></StgValue>
</bind>
</comp>

<comp id="10" class="1000" name="REG_V_26">
<pin_list>
<pin id="11" dir="1" index="0" bw="1" slack="0"/>
</pin_list>
<bind>
<StgValue><ssdm name="REG_V_26"/></StgValue>
</bind>
</comp>

<comp id="12" class="1000" name="REG_V_25">
<pin_list>
<pin id="13" dir="1" index="0" bw="1" slack="0"/>
</pin_list>
<bind>
<StgValue><ssdm name="REG_V_25"/></StgValue>
</bind>
</comp>

<comp id="14" class="1000" name="REG_V_24">
<pin_list>
<pin id="15" dir="1" index="0" bw="1" slack="0"/>
</pin_list>
<bind>
<StgValue><ssdm name="REG_V_24"/></StgValue>
</bind>
</comp>

<comp id="16" class="1000" name="REG_V_23">
<pin_list>
<pin id="17" dir="1" index="0" bw="1" slack="0"/>
</pin_list>
<bind>
<StgValue><ssdm name="REG_V_23"/></StgValue>
</bind>
</comp>

<comp id="18" class="1000" name="REG_V_22">
<pin_list>
<pin id="19" dir="1" index="0" bw="1" slack="0"/>
</pin_list>
<bind>
<StgValue><ssdm name="REG_V_22"/></StgValue>
</bind>
</comp>

<comp id="20" class="1000" name="REG_V_21">
<pin_list>
<pin id="21" dir="1" index="0" bw="1" slack="0"/>
</pin_list>
<bind>
<StgValue><ssdm name="REG_V_21"/></StgValue>
</bind>
</comp>

<comp id="22" class="1000" name="REG_V_20">
<pin_list>
<pin id="23" dir="1" index="0" bw="1" slack="0"/>
</pin_list>
<bind>
<StgValue><ssdm name="REG_V_20"/></StgValue>
</bind>
</comp>

<comp id="24" class="1000" name="REG_V_19">
<pin_list>
<pin id="25" dir="1" index="0" bw="1" slack="0"/>
</pin_list>
<bind>
<StgValue><ssdm name="REG_V_19"/></StgValue>
</bind>
</comp>

<comp id="26" class="1000" name="REG_V_18">
<pin_list>
<pin id="27" dir="1" index="0" bw="1" slack="0"/>
</pin_list>
<bind>
<StgValue><ssdm name="REG_V_18"/></StgValue>
</bind>
</comp>

<comp id="28" class="1000" name="REG_V_17">
<pin_list>
<pin id="29" dir="1" index="0" bw="1" slack="0"/>
</pin_list>
<bind>
<StgValue><ssdm name="REG_V_17"/></StgValue>
</bind>
</comp>

<comp id="30" class="1000" name="REG_V_16">
<pin_list>
<pin id="31" dir="1" index="0" bw="1" slack="0"/>
</pin_list>
<bind>
<StgValue><ssdm name="REG_V_16"/></StgValue>
</bind>
</comp>

<comp id="32" class="1000" name="REG_V_15">
<pin_list>
<pin id="33" dir="1" index="0" bw="1" slack="0"/>
</pin_list>
<bind>
<StgValue><ssdm name="REG_V_15"/></StgValue>
</bind>
</comp>

<comp id="34" class="1000" name="REG_V_14">
<pin_list>
<pin id="35" dir="1" index="0" bw="1" slack="0"/>
</pin_list>
<bind>
<StgValue><ssdm name="REG_V_14"/></StgValue>
</bind>
</comp>

<comp id="36" class="1000" name="REG_V_13">
<pin_list>
<pin id="37" dir="1" index="0" bw="1" slack="0"/>
</pin_list>
<bind>
<StgValue><ssdm name="REG_V_13"/></StgValue>
</bind>
</comp>

<comp id="38" class="1000" name="REG_V_12">
<pin_list>
<pin id="39" dir="1" index="0" bw="1" slack="0"/>
</pin_list>
<bind>
<StgValue><ssdm name="REG_V_12"/></StgValue>
</bind>
</comp>

<comp id="40" class="1000" name="REG_V_11">
<pin_list>
<pin id="41" dir="1" index="0" bw="1" slack="0"/>
</pin_list>
<bind>
<StgValue><ssdm name="REG_V_11"/></StgValue>
</bind>
</comp>

<comp id="42" class="1000" name="REG_V_10">
<pin_list>
<pin id="43" dir="1" index="0" bw="1" slack="0"/>
</pin_list>
<bind>
<StgValue><ssdm name="REG_V_10"/></StgValue>
</bind>
</comp>

<comp id="44" class="1000" name="REG_V_9">
<pin_list>
<pin id="45" dir="1" index="0" bw="1" slack="0"/>
</pin_list>
<bind>
<StgValue><ssdm name="REG_V_9"/></StgValue>
</bind>
</comp>

<comp id="46" class="1000" name="REG_V_8">
<pin_list>
<pin id="47" dir="1" index="0" bw="1" slack="0"/>
</pin_list>
<bind>
<StgValue><ssdm name="REG_V_8"/></StgValue>
</bind>
</comp>

<comp id="48" class="1000" name="REG_V_7">
<pin_list>
<pin id="49" dir="1" index="0" bw="1" slack="0"/>
</pin_list>
<bind>
<StgValue><ssdm name="REG_V_7"/></StgValue>
</bind>
</comp>

<comp id="50" class="1000" name="REG_V_6">
<pin_list>
<pin id="51" dir="1" index="0" bw="1" slack="0"/>
</pin_list>
<bind>
<StgValue><ssdm name="REG_V_6"/></StgValue>
</bind>
</comp>

<comp id="52" class="1000" name="REG_V_5">
<pin_list>
<pin id="53" dir="1" index="0" bw="1" slack="0"/>
</pin_list>
<bind>
<StgValue><ssdm name="REG_V_5"/></StgValue>
</bind>
</comp>

<comp id="54" class="1000" name="REG_V_4">
<pin_list>
<pin id="55" dir="1" index="0" bw="1" slack="0"/>
</pin_list>
<bind>
<StgValue><ssdm name="REG_V_4"/></StgValue>
</bind>
</comp>

<comp id="56" class="1000" name="REG_V_3">
<pin_list>
<pin id="57" dir="1" index="0" bw="1" slack="0"/>
</pin_list>
<bind>
<StgValue><ssdm name="REG_V_3"/></StgValue>
</bind>
</comp>

<comp id="58" class="1000" name="REG_V_2">
<pin_list>
<pin id="59" dir="1" index="0" bw="1" slack="0"/>
</pin_list>
<bind>
<StgValue><ssdm name="REG_V_2"/></StgValue>
</bind>
</comp>

<comp id="60" class="1000" name="REG_V_1">
<pin_list>
<pin id="61" dir="1" index="0" bw="1" slack="0"/>
</pin_list>
<bind>
<StgValue><ssdm name="REG_V_1"/></StgValue>
</bind>
</comp>

<comp id="62" class="1000" name="REG_V">
<pin_list>
<pin id="63" dir="1" index="0" bw="1" slack="0"/>
</pin_list>
<bind>
<StgValue><ssdm name="REG_V"/></StgValue>
</bind>
</comp>

<comp id="64" class="1000" name="tmp_8">
<pin_list>
<pin id="65" dir="1" index="0" bw="1" slack="0"/>
</pin_list>
<bind>
<StgValue><ssdm name="tmp_8"/></StgValue>
</bind>
</comp>

<comp id="66" class="1000" name="buffer_a">
<pin_list>
<pin id="67" dir="1" index="0" bw="1" slack="0"/>
</pin_list>
<bind>
<StgValue><ssdm name="buffer_a"/><MemPortTyVec>1 3 </MemPortTyVec>
</StgValue>
</bind>
</comp>

<comp id="68" class="1000" name="buffer_b">
<pin_list>
<pin id="69" dir="1" index="0" bw="1" slack="0"/>
</pin_list>
<bind>
<StgValue><ssdm name="buffer_b"/><MemPortTyVec>1 3 </MemPortTyVec>
</StgValue>
</bind>
</comp>

<comp id="70" class="1000" name="tmp_7">
<pin_list>
<pin id="71" dir="1" index="0" bw="1" slack="0"/>
</pin_list>
<bind>
<StgValue><ssdm name="tmp_7"/></StgValue>
</bind>
</comp>

<comp id="72" class="1000" name="REG_V_63_out">
<pin_list>
<pin id="73" dir="1" index="0" bw="1" slack="0"/>
</pin_list>
<bind>
<StgValue><ssdm name="REG_V_63_out"/></StgValue>
</bind>
</comp>

<comp id="74" class="1000" name="REG_V_62_out">
<pin_list>
<pin id="75" dir="1" index="0" bw="1" slack="0"/>
</pin_list>
<bind>
<StgValue><ssdm name="REG_V_62_out"/></StgValue>
</bind>
</comp>

<comp id="76" class="1000" name="REG_V_61_out">
<pin_list>
<pin id="77" dir="1" index="0" bw="1" slack="0"/>
</pin_list>
<bind>
<StgValue><ssdm name="REG_V_61_out"/></StgValue>
</bind>
</comp>

<comp id="78" class="1000" name="REG_V_60_out">
<pin_list>
<pin id="79" dir="1" index="0" bw="1" slack="0"/>
</pin_list>
<bind>
<StgValue><ssdm name="REG_V_60_out"/></StgValue>
</bind>
</comp>

<comp id="80" class="1000" name="REG_V_59_out">
<pin_list>
<pin id="81" dir="1" index="0" bw="1" slack="0"/>
</pin_list>
<bind>
<StgValue><ssdm name="REG_V_59_out"/></StgValue>
</bind>
</comp>

<comp id="82" class="1000" name="REG_V_58_out">
<pin_list>
<pin id="83" dir="1" index="0" bw="1" slack="0"/>
</pin_list>
<bind>
<StgValue><ssdm name="REG_V_58_out"/></StgValue>
</bind>
</comp>

<comp id="84" class="1000" name="REG_V_57_out">
<pin_list>
<pin id="85" dir="1" index="0" bw="1" slack="0"/>
</pin_list>
<bind>
<StgValue><ssdm name="REG_V_57_out"/></StgValue>
</bind>
</comp>

<comp id="86" class="1000" name="REG_V_56_out">
<pin_list>
<pin id="87" dir="1" index="0" bw="1" slack="0"/>
</pin_list>
<bind>
<StgValue><ssdm name="REG_V_56_out"/></StgValue>
</bind>
</comp>

<comp id="88" class="1000" name="REG_V_55_out">
<pin_list>
<pin id="89" dir="1" index="0" bw="1" slack="0"/>
</pin_list>
<bind>
<StgValue><ssdm name="REG_V_55_out"/></StgValue>
</bind>
</comp>

<comp id="90" class="1000" name="REG_V_54_out">
<pin_list>
<pin id="91" dir="1" index="0" bw="1" slack="0"/>
</pin_list>
<bind>
<StgValue><ssdm name="REG_V_54_out"/></StgValue>
</bind>
</comp>

<comp id="92" class="1000" name="REG_V_53_out">
<pin_list>
<pin id="93" dir="1" index="0" bw="1" slack="0"/>
</pin_list>
<bind>
<StgValue><ssdm name="REG_V_53_out"/></StgValue>
</bind>
</comp>

<comp id="94" class="1000" name="REG_V_52_out">
<pin_list>
<pin id="95" dir="1" index="0" bw="1" slack="0"/>
</pin_list>
<bind>
<StgValue><ssdm name="REG_V_52_out"/></StgValue>
</bind>
</comp>

<comp id="96" class="1000" name="REG_V_51_out">
<pin_list>
<pin id="97" dir="1" index="0" bw="1" slack="0"/>
</pin_list>
<bind>
<StgValue><ssdm name="REG_V_51_out"/></StgValue>
</bind>
</comp>

<comp id="98" class="1000" name="REG_V_50_out">
<pin_list>
<pin id="99" dir="1" index="0" bw="1" slack="0"/>
</pin_list>
<bind>
<StgValue><ssdm name="REG_V_50_out"/></StgValue>
</bind>
</comp>

<comp id="100" class="1000" name="REG_V_49_out">
<pin_list>
<pin id="101" dir="1" index="0" bw="1" slack="0"/>
</pin_list>
<bind>
<StgValue><ssdm name="REG_V_49_out"/></StgValue>
</bind>
</comp>

<comp id="102" class="1000" name="REG_V_48_out">
<pin_list>
<pin id="103" dir="1" index="0" bw="1" slack="0"/>
</pin_list>
<bind>
<StgValue><ssdm name="REG_V_48_out"/></StgValue>
</bind>
</comp>

<comp id="104" class="1000" name="REG_V_47_out">
<pin_list>
<pin id="105" dir="1" index="0" bw="1" slack="0"/>
</pin_list>
<bind>
<StgValue><ssdm name="REG_V_47_out"/></StgValue>
</bind>
</comp>

<comp id="106" class="1000" name="REG_V_46_out">
<pin_list>
<pin id="107" dir="1" index="0" bw="1" slack="0"/>
</pin_list>
<bind>
<StgValue><ssdm name="REG_V_46_out"/></StgValue>
</bind>
</comp>

<comp id="108" class="1000" name="REG_V_45_out">
<pin_list>
<pin id="109" dir="1" index="0" bw="1" slack="0"/>
</pin_list>
<bind>
<StgValue><ssdm name="REG_V_45_out"/></StgValue>
</bind>
</comp>

<comp id="110" class="1000" name="REG_V_44_out">
<pin_list>
<pin id="111" dir="1" index="0" bw="1" slack="0"/>
</pin_list>
<bind>
<StgValue><ssdm name="REG_V_44_out"/></StgValue>
</bind>
</comp>

<comp id="112" class="1000" name="REG_V_43_out">
<pin_list>
<pin id="113" dir="1" index="0" bw="1" slack="0"/>
</pin_list>
<bind>
<StgValue><ssdm name="REG_V_43_out"/></StgValue>
</bind>
</comp>

<comp id="114" class="1000" name="REG_V_42_out">
<pin_list>
<pin id="115" dir="1" index="0" bw="1" slack="0"/>
</pin_list>
<bind>
<StgValue><ssdm name="REG_V_42_out"/></StgValue>
</bind>
</comp>

<comp id="116" class="1000" name="REG_V_41_out">
<pin_list>
<pin id="117" dir="1" index="0" bw="1" slack="0"/>
</pin_list>
<bind>
<StgValue><ssdm name="REG_V_41_out"/></StgValue>
</bind>
</comp>

<comp id="118" class="1000" name="REG_V_40_out">
<pin_list>
<pin id="119" dir="1" index="0" bw="1" slack="0"/>
</pin_list>
<bind>
<StgValue><ssdm name="REG_V_40_out"/></StgValue>
</bind>
</comp>

<comp id="120" class="1000" name="REG_V_39_out">
<pin_list>
<pin id="121" dir="1" index="0" bw="1" slack="0"/>
</pin_list>
<bind>
<StgValue><ssdm name="REG_V_39_out"/></StgValue>
</bind>
</comp>

<comp id="122" class="1000" name="REG_V_38_out">
<pin_list>
<pin id="123" dir="1" index="0" bw="1" slack="0"/>
</pin_list>
<bind>
<StgValue><ssdm name="REG_V_38_out"/></StgValue>
</bind>
</comp>

<comp id="124" class="1000" name="REG_V_37_out">
<pin_list>
<pin id="125" dir="1" index="0" bw="1" slack="0"/>
</pin_list>
<bind>
<StgValue><ssdm name="REG_V_37_out"/></StgValue>
</bind>
</comp>

<comp id="126" class="1000" name="REG_V_36_out">
<pin_list>
<pin id="127" dir="1" index="0" bw="1" slack="0"/>
</pin_list>
<bind>
<StgValue><ssdm name="REG_V_36_out"/></StgValue>
</bind>
</comp>

<comp id="128" class="1000" name="REG_V_35_out">
<pin_list>
<pin id="129" dir="1" index="0" bw="1" slack="0"/>
</pin_list>
<bind>
<StgValue><ssdm name="REG_V_35_out"/></StgValue>
</bind>
</comp>

<comp id="130" class="1000" name="REG_V_34_out">
<pin_list>
<pin id="131" dir="1" index="0" bw="1" slack="0"/>
</pin_list>
<bind>
<StgValue><ssdm name="REG_V_34_out"/></StgValue>
</bind>
</comp>

<comp id="132" class="1000" name="REG_V_33_out">
<pin_list>
<pin id="133" dir="1" index="0" bw="1" slack="0"/>
</pin_list>
<bind>
<StgValue><ssdm name="REG_V_33_out"/></StgValue>
</bind>
</comp>

<comp id="134" class="1000" name="REG_V_32_out">
<pin_list>
<pin id="135" dir="1" index="0" bw="1" slack="0"/>
</pin_list>
<bind>
<StgValue><ssdm name="REG_V_32_out"/></StgValue>
</bind>
</comp>

<comp id="136" class="1000" name="self_sum_V_out">
<pin_list>
<pin id="137" dir="1" index="0" bw="1" slack="0"/>
</pin_list>
<bind>
<StgValue><ssdm name="self_sum_V_out"/></StgValue>
</bind>
</comp>

<comp id="138" class="1001" name="const_138">
<pin_list>
<pin id="139" dir="1" index="0" bw="1" slack="0"/>
</pin_list>
<bind>
<StgValue><ssdm name=""/></StgValue>
</bind>
</comp>

<comp id="140" class="1001" name="const_140">
<pin_list>
<pin id="141" dir="1" index="0" bw="1" slack="2147483647"/>
</pin_list>
<bind>
<StgValue><ssdm name="_ssdm_op_SpecInterface"/></StgValue>
</bind>
</comp>

<comp id="142" class="1001" name="const_142">
<pin_list>
<pin id="143" dir="1" index="0" bw="1" slack="2147483647"/>
</pin_list>
<bind>
<StgValue><ssdm name="empty_6"/></StgValue>
</bind>
</comp>

<comp id="144" class="1001" name="const_144">
<pin_list>
<pin id="145" dir="1" index="0" bw="1" slack="2147483647"/>
</pin_list>
<bind>
<StgValue><ssdm name=""/></StgValue>
</bind>
</comp>

<comp id="146" class="1001" name="const_146">
<pin_list>
<pin id="147" dir="1" index="0" bw="1" slack="2147483647"/>
</pin_list>
<bind>
<StgValue><ssdm name="empty"/></StgValue>
</bind>
</comp>

<comp id="148" class="1001" name="const_148">
<pin_list>
<pin id="149" dir="1" index="0" bw="1" slack="2147483647"/>
</pin_list>
<bind>
<StgValue><ssdm name=""/></StgValue>
</bind>
</comp>

<comp id="150" class="1001" name="const_150">
<pin_list>
<pin id="151" dir="1" index="0" bw="1" slack="0"/>
</pin_list>
<bind>
<StgValue><ssdm name="_ssdm_op_Read.ap_auto.i2"/></StgValue>
</bind>
</comp>

<comp id="152" class="1001" name="const_152">
<pin_list>
<pin id="153" dir="1" index="0" bw="1" slack="0"/>
</pin_list>
<bind>
<StgValue><ssdm name="_ssdm_op_Read.ap_auto.i3"/></StgValue>
</bind>
</comp>

<comp id="154" class="1001" name="const_154">
<pin_list>
<pin id="155" dir="1" index="0" bw="1" slack="0"/>
</pin_list>
<bind>
<StgValue><ssdm name="_ssdm_op_Read.ap_auto.i16"/></StgValue>
</bind>
</comp>

<comp id="156" class="1001" name="const_156">
<pin_list>
<pin id="157" dir="1" index="0" bw="1" slack="0"/>
</pin_list>
<bind>
<StgValue><ssdm name=""/></StgValue>
</bind>
</comp>

<comp id="158" class="1001" name="const_158">
<pin_list>
<pin id="159" dir="1" index="0" bw="1" slack="0"/>
</pin_list>
<bind>
<StgValue><ssdm name=""/></StgValue>
</bind>
</comp>

<comp id="160" class="1001" name="const_160">
<pin_list>
<pin id="161" dir="1" index="0" bw="1" slack="0"/>
</pin_list>
<bind>
<StgValue><ssdm name=""/></StgValue>
</bind>
</comp>

<comp id="162" class="1001" name="const_162">
<pin_list>
<pin id="163" dir="1" index="0" bw="1" slack="0"/>
</pin_list>
<bind>
<StgValue><ssdm name=""/></StgValue>
</bind>
</comp>

<comp id="164" class="1001" name="const_164">
<pin_list>
<pin id="165" dir="1" index="0" bw="1" slack="0"/>
</pin_list>
<bind>
<StgValue><ssdm name=""/></StgValue>
</bind>
</comp>

<comp id="166" class="1001" name="const_166">
<pin_list>
<pin id="167" dir="1" index="0" bw="1" slack="2147483647"/>
</pin_list>
<bind>
<StgValue><ssdm name="_ssdm_op_SpecLoopName"/></StgValue>
</bind>
</comp>

<comp id="168" class="1001" name="const_168">
<pin_list>
<pin id="169" dir="1" index="0" bw="1" slack="2147483647"/>
</pin_list>
<bind>
<StgValue><ssdm name="empty_3"/></StgValue>
</bind>
</comp>

<comp id="170" class="1001" name="const_170">
<pin_list>
<pin id="171" dir="1" index="0" bw="1" slack="0"/>
</pin_list>
<bind>
<StgValue><ssdm name="_ssdm_op_PartSelect.i16.i32.i32.i32"/></StgValue>
</bind>
</comp>

<comp id="172" class="1001" name="const_172">
<pin_list>
<pin id="173" dir="1" index="0" bw="1" slack="0"/>
</pin_list>
<bind>
<StgValue><ssdm name=""/></StgValue>
</bind>
</comp>

<comp id="174" class="1001" name="const_174">
<pin_list>
<pin id="175" dir="1" index="0" bw="1" slack="0"/>
</pin_list>
<bind>
<StgValue><ssdm name=""/></StgValue>
</bind>
</comp>

<comp id="176" class="1001" name="const_176">
<pin_list>
<pin id="177" dir="1" index="0" bw="1" slack="2147483647"/>
</pin_list>
<bind>
<StgValue><ssdm name="_ssdm_op_SpecPipeline"/></StgValue>
</bind>
</comp>

<comp id="178" class="1001" name="const_178">
<pin_list>
<pin id="179" dir="1" index="0" bw="1" slack="2147483647"/>
</pin_list>
<bind>
<StgValue><ssdm name="p_str"/></StgValue>
</bind>
</comp>

<comp id="180" class="1001" name="const_180">
<pin_list>
<pin id="181" dir="1" index="0" bw="1" slack="2147483647"/>
</pin_list>
<bind>
<StgValue><ssdm name="_ssdm_op_SpecLoopTripCount"/></StgValue>
</bind>
</comp>

<comp id="182" class="1001" name="const_182">
<pin_list>
<pin id="183" dir="1" index="0" bw="1" slack="2147483647"/>
</pin_list>
<bind>
<StgValue><ssdm name=""/></StgValue>
</bind>
</comp>

<comp id="184" class="1001" name="const_184">
<pin_list>
<pin id="185" dir="1" index="0" bw="1" slack="0"/>
</pin_list>
<bind>
<StgValue><ssdm name="_ssdm_op_Write.ap_auto.i16P0A"/></StgValue>
</bind>
</comp>

<comp id="186" class="1001" name="const_186">
<pin_list>
<pin id="187" dir="1" index="0" bw="1" slack="0"/>
</pin_list>
<bind>
<StgValue><ssdm name="_ssdm_op_Write.ap_auto.i32P0A"/></StgValue>
</bind>
</comp>

<comp id="188" class="1004" name="self_sum_V_fu_188">
<pin_list>
<pin id="189" dir="0" index="0" bw="1" slack="0"/>
<pin id="190" dir="1" index="1" bw="34" slack="0"/>
</pin_list>
<bind>
<opcode="alloca(26) " fcode="alloca"/>
<opset="self_sum_V/1 "/>
</bind>
</comp>

<comp id="192" class="1004" name="fe_fu_192">
<pin_list>
<pin id="193" dir="0" index="0" bw="1" slack="0"/>
<pin id="194" dir="1" index="1" bw="2" slack="0"/>
</pin_list>
<bind>
<opcode="alloca(26) " fcode="alloca"/>
<opset="fe/1 "/>
</bind>
</comp>

<comp id="196" class="1004" name="REG_V_32_fu_196">
<pin_list>
<pin id="197" dir="0" index="0" bw="1" slack="0"/>
<pin id="198" dir="1" index="1" bw="16" slack="0"/>
</pin_list>
<bind>
<opcode="alloca(26) " fcode="alloca"/>
<opset="REG_V_32/1 "/>
</bind>
</comp>

<comp id="200" class="1004" name="REG_V_33_fu_200">
<pin_list>
<pin id="201" dir="0" index="0" bw="1" slack="0"/>
<pin id="202" dir="1" index="1" bw="16" slack="0"/>
</pin_list>
<bind>
<opcode="alloca(26) " fcode="alloca"/>
<opset="REG_V_33/1 "/>
</bind>
</comp>

<comp id="204" class="1004" name="REG_V_34_fu_204">
<pin_list>
<pin id="205" dir="0" index="0" bw="1" slack="0"/>
<pin id="206" dir="1" index="1" bw="16" slack="0"/>
</pin_list>
<bind>
<opcode="alloca(26) " fcode="alloca"/>
<opset="REG_V_34/1 "/>
</bind>
</comp>

<comp id="208" class="1004" name="REG_V_35_fu_208">
<pin_list>
<pin id="209" dir="0" index="0" bw="1" slack="0"/>
<pin id="210" dir="1" index="1" bw="16" slack="0"/>
</pin_list>
<bind>
<opcode="alloca(26) " fcode="alloca"/>
<opset="REG_V_35/1 "/>
</bind>
</comp>

<comp id="212" class="1004" name="REG_V_36_fu_212">
<pin_list>
<pin id="213" dir="0" index="0" bw="1" slack="0"/>
<pin id="214" dir="1" index="1" bw="16" slack="0"/>
</pin_list>
<bind>
<opcode="alloca(26) " fcode="alloca"/>
<opset="REG_V_36/1 "/>
</bind>
</comp>

<comp id="216" class="1004" name="REG_V_37_fu_216">
<pin_list>
<pin id="217" dir="0" index="0" bw="1" slack="0"/>
<pin id="218" dir="1" index="1" bw="16" slack="0"/>
</pin_list>
<bind>
<opcode="alloca(26) " fcode="alloca"/>
<opset="REG_V_37/1 "/>
</bind>
</comp>

<comp id="220" class="1004" name="REG_V_38_fu_220">
<pin_list>
<pin id="221" dir="0" index="0" bw="1" slack="0"/>
<pin id="222" dir="1" index="1" bw="16" slack="0"/>
</pin_list>
<bind>
<opcode="alloca(26) " fcode="alloca"/>
<opset="REG_V_38/1 "/>
</bind>
</comp>

<comp id="224" class="1004" name="REG_V_39_fu_224">
<pin_list>
<pin id="225" dir="0" index="0" bw="1" slack="0"/>
<pin id="226" dir="1" index="1" bw="16" slack="0"/>
</pin_list>
<bind>
<opcode="alloca(26) " fcode="alloca"/>
<opset="REG_V_39/1 "/>
</bind>
</comp>

<comp id="228" class="1004" name="REG_V_40_fu_228">
<pin_list>
<pin id="229" dir="0" index="0" bw="1" slack="0"/>
<pin id="230" dir="1" index="1" bw="16" slack="0"/>
</pin_list>
<bind>
<opcode="alloca(26) " fcode="alloca"/>
<opset="REG_V_40/1 "/>
</bind>
</comp>

<comp id="232" class="1004" name="REG_V_41_fu_232">
<pin_list>
<pin id="233" dir="0" index="0" bw="1" slack="0"/>
<pin id="234" dir="1" index="1" bw="16" slack="0"/>
</pin_list>
<bind>
<opcode="alloca(26) " fcode="alloca"/>
<opset="REG_V_41/1 "/>
</bind>
</comp>

<comp id="236" class="1004" name="REG_V_42_fu_236">
<pin_list>
<pin id="237" dir="0" index="0" bw="1" slack="0"/>
<pin id="238" dir="1" index="1" bw="16" slack="0"/>
</pin_list>
<bind>
<opcode="alloca(26) " fcode="alloca"/>
<opset="REG_V_42/1 "/>
</bind>
</comp>

<comp id="240" class="1004" name="REG_V_43_fu_240">
<pin_list>
<pin id="241" dir="0" index="0" bw="1" slack="0"/>
<pin id="242" dir="1" index="1" bw="16" slack="0"/>
</pin_list>
<bind>
<opcode="alloca(26) " fcode="alloca"/>
<opset="REG_V_43/1 "/>
</bind>
</comp>

<comp id="244" class="1004" name="REG_V_44_fu_244">
<pin_list>
<pin id="245" dir="0" index="0" bw="1" slack="0"/>
<pin id="246" dir="1" index="1" bw="16" slack="0"/>
</pin_list>
<bind>
<opcode="alloca(26) " fcode="alloca"/>
<opset="REG_V_44/1 "/>
</bind>
</comp>

<comp id="248" class="1004" name="REG_V_45_fu_248">
<pin_list>
<pin id="249" dir="0" index="0" bw="1" slack="0"/>
<pin id="250" dir="1" index="1" bw="16" slack="0"/>
</pin_list>
<bind>
<opcode="alloca(26) " fcode="alloca"/>
<opset="REG_V_45/1 "/>
</bind>
</comp>

<comp id="252" class="1004" name="REG_V_46_fu_252">
<pin_list>
<pin id="253" dir="0" index="0" bw="1" slack="0"/>
<pin id="254" dir="1" index="1" bw="16" slack="0"/>
</pin_list>
<bind>
<opcode="alloca(26) " fcode="alloca"/>
<opset="REG_V_46/1 "/>
</bind>
</comp>

<comp id="256" class="1004" name="REG_V_47_fu_256">
<pin_list>
<pin id="257" dir="0" index="0" bw="1" slack="0"/>
<pin id="258" dir="1" index="1" bw="16" slack="0"/>
</pin_list>
<bind>
<opcode="alloca(26) " fcode="alloca"/>
<opset="REG_V_47/1 "/>
</bind>
</comp>

<comp id="260" class="1004" name="REG_V_48_fu_260">
<pin_list>
<pin id="261" dir="0" index="0" bw="1" slack="0"/>
<pin id="262" dir="1" index="1" bw="16" slack="0"/>
</pin_list>
<bind>
<opcode="alloca(26) " fcode="alloca"/>
<opset="REG_V_48/1 "/>
</bind>
</comp>

<comp id="264" class="1004" name="REG_V_49_fu_264">
<pin_list>
<pin id="265" dir="0" index="0" bw="1" slack="0"/>
<pin id="266" dir="1" index="1" bw="16" slack="0"/>
</pin_list>
<bind>
<opcode="alloca(26) " fcode="alloca"/>
<opset="REG_V_49/1 "/>
</bind>
</comp>

<comp id="268" class="1004" name="REG_V_50_fu_268">
<pin_list>
<pin id="269" dir="0" index="0" bw="1" slack="0"/>
<pin id="270" dir="1" index="1" bw="16" slack="0"/>
</pin_list>
<bind>
<opcode="alloca(26) " fcode="alloca"/>
<opset="REG_V_50/1 "/>
</bind>
</comp>

<comp id="272" class="1004" name="REG_V_51_fu_272">
<pin_list>
<pin id="273" dir="0" index="0" bw="1" slack="0"/>
<pin id="274" dir="1" index="1" bw="16" slack="0"/>
</pin_list>
<bind>
<opcode="alloca(26) " fcode="alloca"/>
<opset="REG_V_51/1 "/>
</bind>
</comp>

<comp id="276" class="1004" name="REG_V_52_fu_276">
<pin_list>
<pin id="277" dir="0" index="0" bw="1" slack="0"/>
<pin id="278" dir="1" index="1" bw="16" slack="0"/>
</pin_list>
<bind>
<opcode="alloca(26) " fcode="alloca"/>
<opset="REG_V_52/1 "/>
</bind>
</comp>

<comp id="280" class="1004" name="REG_V_53_fu_280">
<pin_list>
<pin id="281" dir="0" index="0" bw="1" slack="0"/>
<pin id="282" dir="1" index="1" bw="16" slack="0"/>
</pin_list>
<bind>
<opcode="alloca(26) " fcode="alloca"/>
<opset="REG_V_53/1 "/>
</bind>
</comp>

<comp id="284" class="1004" name="REG_V_54_fu_284">
<pin_list>
<pin id="285" dir="0" index="0" bw="1" slack="0"/>
<pin id="286" dir="1" index="1" bw="16" slack="0"/>
</pin_list>
<bind>
<opcode="alloca(26) " fcode="alloca"/>
<opset="REG_V_54/1 "/>
</bind>
</comp>

<comp id="288" class="1004" name="REG_V_55_fu_288">
<pin_list>
<pin id="289" dir="0" index="0" bw="1" slack="0"/>
<pin id="290" dir="1" index="1" bw="16" slack="0"/>
</pin_list>
<bind>
<opcode="alloca(26) " fcode="alloca"/>
<opset="REG_V_55/1 "/>
</bind>
</comp>

<comp id="292" class="1004" name="REG_V_56_fu_292">
<pin_list>
<pin id="293" dir="0" index="0" bw="1" slack="0"/>
<pin id="294" dir="1" index="1" bw="16" slack="0"/>
</pin_list>
<bind>
<opcode="alloca(26) " fcode="alloca"/>
<opset="REG_V_56/1 "/>
</bind>
</comp>

<comp id="296" class="1004" name="REG_V_57_fu_296">
<pin_list>
<pin id="297" dir="0" index="0" bw="1" slack="0"/>
<pin id="298" dir="1" index="1" bw="16" slack="0"/>
</pin_list>
<bind>
<opcode="alloca(26) " fcode="alloca"/>
<opset="REG_V_57/1 "/>
</bind>
</comp>

<comp id="300" class="1004" name="REG_V_58_fu_300">
<pin_list>
<pin id="301" dir="0" index="0" bw="1" slack="0"/>
<pin id="302" dir="1" index="1" bw="16" slack="0"/>
</pin_list>
<bind>
<opcode="alloca(26) " fcode="alloca"/>
<opset="REG_V_58/1 "/>
</bind>
</comp>

<comp id="304" class="1004" name="REG_V_59_fu_304">
<pin_list>
<pin id="305" dir="0" index="0" bw="1" slack="0"/>
<pin id="306" dir="1" index="1" bw="16" slack="0"/>
</pin_list>
<bind>
<opcode="alloca(26) " fcode="alloca"/>
<opset="REG_V_59/1 "/>
</bind>
</comp>

<comp id="308" class="1004" name="REG_V_60_fu_308">
<pin_list>
<pin id="309" dir="0" index="0" bw="1" slack="0"/>
<pin id="310" dir="1" index="1" bw="16" slack="0"/>
</pin_list>
<bind>
<opcode="alloca(26) " fcode="alloca"/>
<opset="REG_V_60/1 "/>
</bind>
</comp>

<comp id="312" class="1004" name="REG_V_61_fu_312">
<pin_list>
<pin id="313" dir="0" index="0" bw="1" slack="0"/>
<pin id="314" dir="1" index="1" bw="16" slack="0"/>
</pin_list>
<bind>
<opcode="alloca(26) " fcode="alloca"/>
<opset="REG_V_61/1 "/>
</bind>
</comp>

<comp id="316" class="1004" name="REG_V_62_fu_316">
<pin_list>
<pin id="317" dir="0" index="0" bw="1" slack="0"/>
<pin id="318" dir="1" index="1" bw="16" slack="0"/>
</pin_list>
<bind>
<opcode="alloca(26) " fcode="alloca"/>
<opset="REG_V_62/1 "/>
</bind>
</comp>

<comp id="320" class="1004" name="REG_V_63_fu_320">
<pin_list>
<pin id="321" dir="0" index="0" bw="1" slack="0"/>
<pin id="322" dir="1" index="1" bw="16" slack="0"/>
</pin_list>
<bind>
<opcode="alloca(26) " fcode="alloca"/>
<opset="REG_V_63/1 "/>
</bind>
</comp>

<comp id="324" class="1004" name="tmp_7_read_read_fu_324">
<pin_list>
<pin id="325" dir="0" index="0" bw="2" slack="0"/>
<pin id="326" dir="0" index="1" bw="2" slack="0"/>
<pin id="327" dir="1" index="2" bw="2" slack="1"/>
</pin_list>
<bind>
<opcode="read(1150) " fcode="read"/>
<opset="tmp_7_read/1 "/>
</bind>
</comp>

<comp id="330" class="1004" name="tmp_8_read_read_fu_330">
<pin_list>
<pin id="331" dir="0" index="0" bw="3" slack="0"/>
<pin id="332" dir="0" index="1" bw="3" slack="0"/>
<pin id="333" dir="1" index="2" bw="3" slack="0"/>
</pin_list>
<bind>
<opcode="read(1150) " fcode="read"/>
<opset="tmp_8_read/1 "/>
</bind>
</comp>

<comp id="336" class="1004" name="REG_V_read_read_fu_336">
<pin_list>
<pin id="337" dir="0" index="0" bw="16" slack="0"/>
<pin id="338" dir="0" index="1" bw="16" slack="0"/>
<pin id="339" dir="1" index="2" bw="16" slack="0"/>
</pin_list>
<bind>
<opcode="read(1150) " fcode="read"/>
<opset="REG_V_read/1 "/>
</bind>
</comp>

<comp id="342" class="1004" name="REG_V_1_read_read_fu_342">
<pin_list>
<pin id="343" dir="0" index="0" bw="16" slack="0"/>
<pin id="344" dir="0" index="1" bw="16" slack="0"/>
<pin id="345" dir="1" index="2" bw="16" slack="0"/>
</pin_list>
<bind>
<opcode="read(1150) " fcode="read"/>
<opset="REG_V_1_read/1 "/>
</bind>
</comp>

<comp id="348" class="1004" name="REG_V_2_read_read_fu_348">
<pin_list>
<pin id="349" dir="0" index="0" bw="16" slack="0"/>
<pin id="350" dir="0" index="1" bw="16" slack="0"/>
<pin id="351" dir="1" index="2" bw="16" slack="0"/>
</pin_list>
<bind>
<opcode="read(1150) " fcode="read"/>
<opset="REG_V_2_read/1 "/>
</bind>
</comp>

<comp id="354" class="1004" name="REG_V_3_read_read_fu_354">
<pin_list>
<pin id="355" dir="0" index="0" bw="16" slack="0"/>
<pin id="356" dir="0" index="1" bw="16" slack="0"/>
<pin id="357" dir="1" index="2" bw="16" slack="0"/>
</pin_list>
<bind>
<opcode="read(1150) " fcode="read"/>
<opset="REG_V_3_read/1 "/>
</bind>
</comp>

<comp id="360" class="1004" name="REG_V_4_read_read_fu_360">
<pin_list>
<pin id="361" dir="0" index="0" bw="16" slack="0"/>
<pin id="362" dir="0" index="1" bw="16" slack="0"/>
<pin id="363" dir="1" index="2" bw="16" slack="0"/>
</pin_list>
<bind>
<opcode="read(1150) " fcode="read"/>
<opset="REG_V_4_read/1 "/>
</bind>
</comp>

<comp id="366" class="1004" name="REG_V_5_read_read_fu_366">
<pin_list>
<pin id="367" dir="0" index="0" bw="16" slack="0"/>
<pin id="368" dir="0" index="1" bw="16" slack="0"/>
<pin id="369" dir="1" index="2" bw="16" slack="0"/>
</pin_list>
<bind>
<opcode="read(1150) " fcode="read"/>
<opset="REG_V_5_read/1 "/>
</bind>
</comp>

<comp id="372" class="1004" name="REG_V_6_read_read_fu_372">
<pin_list>
<pin id="373" dir="0" index="0" bw="16" slack="0"/>
<pin id="374" dir="0" index="1" bw="16" slack="0"/>
<pin id="375" dir="1" index="2" bw="16" slack="0"/>
</pin_list>
<bind>
<opcode="read(1150) " fcode="read"/>
<opset="REG_V_6_read/1 "/>
</bind>
</comp>

<comp id="378" class="1004" name="REG_V_7_read_read_fu_378">
<pin_list>
<pin id="379" dir="0" index="0" bw="16" slack="0"/>
<pin id="380" dir="0" index="1" bw="16" slack="0"/>
<pin id="381" dir="1" index="2" bw="16" slack="0"/>
</pin_list>
<bind>
<opcode="read(1150) " fcode="read"/>
<opset="REG_V_7_read/1 "/>
</bind>
</comp>

<comp id="384" class="1004" name="REG_V_8_read_read_fu_384">
<pin_list>
<pin id="385" dir="0" index="0" bw="16" slack="0"/>
<pin id="386" dir="0" index="1" bw="16" slack="0"/>
<pin id="387" dir="1" index="2" bw="16" slack="0"/>
</pin_list>
<bind>
<opcode="read(1150) " fcode="read"/>
<opset="REG_V_8_read/1 "/>
</bind>
</comp>

<comp id="390" class="1004" name="REG_V_9_read_read_fu_390">
<pin_list>
<pin id="391" dir="0" index="0" bw="16" slack="0"/>
<pin id="392" dir="0" index="1" bw="16" slack="0"/>
<pin id="393" dir="1" index="2" bw="16" slack="0"/>
</pin_list>
<bind>
<opcode="read(1150) " fcode="read"/>
<opset="REG_V_9_read/1 "/>
</bind>
</comp>

<comp id="396" class="1004" name="REG_V_10_read_read_fu_396">
<pin_list>
<pin id="397" dir="0" index="0" bw="16" slack="0"/>
<pin id="398" dir="0" index="1" bw="16" slack="0"/>
<pin id="399" dir="1" index="2" bw="16" slack="0"/>
</pin_list>
<bind>
<opcode="read(1150) " fcode="read"/>
<opset="REG_V_10_read/1 "/>
</bind>
</comp>

<comp id="402" class="1004" name="REG_V_11_read_read_fu_402">
<pin_list>
<pin id="403" dir="0" index="0" bw="16" slack="0"/>
<pin id="404" dir="0" index="1" bw="16" slack="0"/>
<pin id="405" dir="1" index="2" bw="16" slack="0"/>
</pin_list>
<bind>
<opcode="read(1150) " fcode="read"/>
<opset="REG_V_11_read/1 "/>
</bind>
</comp>

<comp id="408" class="1004" name="REG_V_12_read_read_fu_408">
<pin_list>
<pin id="409" dir="0" index="0" bw="16" slack="0"/>
<pin id="410" dir="0" index="1" bw="16" slack="0"/>
<pin id="411" dir="1" index="2" bw="16" slack="0"/>
</pin_list>
<bind>
<opcode="read(1150) " fcode="read"/>
<opset="REG_V_12_read/1 "/>
</bind>
</comp>

<comp id="414" class="1004" name="REG_V_13_read_read_fu_414">
<pin_list>
<pin id="415" dir="0" index="0" bw="16" slack="0"/>
<pin id="416" dir="0" index="1" bw="16" slack="0"/>
<pin id="417" dir="1" index="2" bw="16" slack="0"/>
</pin_list>
<bind>
<opcode="read(1150) " fcode="read"/>
<opset="REG_V_13_read/1 "/>
</bind>
</comp>

<comp id="420" class="1004" name="REG_V_14_read_read_fu_420">
<pin_list>
<pin id="421" dir="0" index="0" bw="16" slack="0"/>
<pin id="422" dir="0" index="1" bw="16" slack="0"/>
<pin id="423" dir="1" index="2" bw="16" slack="0"/>
</pin_list>
<bind>
<opcode="read(1150) " fcode="read"/>
<opset="REG_V_14_read/1 "/>
</bind>
</comp>

<comp id="426" class="1004" name="REG_V_15_read_read_fu_426">
<pin_list>
<pin id="427" dir="0" index="0" bw="16" slack="0"/>
<pin id="428" dir="0" index="1" bw="16" slack="0"/>
<pin id="429" dir="1" index="2" bw="16" slack="0"/>
</pin_list>
<bind>
<opcode="read(1150) " fcode="read"/>
<opset="REG_V_15_read/1 "/>
</bind>
</comp>

<comp id="432" class="1004" name="REG_V_16_read_read_fu_432">
<pin_list>
<pin id="433" dir="0" index="0" bw="16" slack="0"/>
<pin id="434" dir="0" index="1" bw="16" slack="0"/>
<pin id="435" dir="1" index="2" bw="16" slack="0"/>
</pin_list>
<bind>
<opcode="read(1150) " fcode="read"/>
<opset="REG_V_16_read/1 "/>
</bind>
</comp>

<comp id="438" class="1004" name="REG_V_17_read_read_fu_438">
<pin_list>
<pin id="439" dir="0" index="0" bw="16" slack="0"/>
<pin id="440" dir="0" index="1" bw="16" slack="0"/>
<pin id="441" dir="1" index="2" bw="16" slack="0"/>
</pin_list>
<bind>
<opcode="read(1150) " fcode="read"/>
<opset="REG_V_17_read/1 "/>
</bind>
</comp>

<comp id="444" class="1004" name="REG_V_18_read_read_fu_444">
<pin_list>
<pin id="445" dir="0" index="0" bw="16" slack="0"/>
<pin id="446" dir="0" index="1" bw="16" slack="0"/>
<pin id="447" dir="1" index="2" bw="16" slack="0"/>
</pin_list>
<bind>
<opcode="read(1150) " fcode="read"/>
<opset="REG_V_18_read/1 "/>
</bind>
</comp>

<comp id="450" class="1004" name="REG_V_19_read_read_fu_450">
<pin_list>
<pin id="451" dir="0" index="0" bw="16" slack="0"/>
<pin id="452" dir="0" index="1" bw="16" slack="0"/>
<pin id="453" dir="1" index="2" bw="16" slack="0"/>
</pin_list>
<bind>
<opcode="read(1150) " fcode="read"/>
<opset="REG_V_19_read/1 "/>
</bind>
</comp>

<comp id="456" class="1004" name="REG_V_20_read_read_fu_456">
<pin_list>
<pin id="457" dir="0" index="0" bw="16" slack="0"/>
<pin id="458" dir="0" index="1" bw="16" slack="0"/>
<pin id="459" dir="1" index="2" bw="16" slack="0"/>
</pin_list>
<bind>
<opcode="read(1150) " fcode="read"/>
<opset="REG_V_20_read/1 "/>
</bind>
</comp>

<comp id="462" class="1004" name="REG_V_21_read_read_fu_462">
<pin_list>
<pin id="463" dir="0" index="0" bw="16" slack="0"/>
<pin id="464" dir="0" index="1" bw="16" slack="0"/>
<pin id="465" dir="1" index="2" bw="16" slack="0"/>
</pin_list>
<bind>
<opcode="read(1150) " fcode="read"/>
<opset="REG_V_21_read/1 "/>
</bind>
</comp>

<comp id="468" class="1004" name="REG_V_22_read_read_fu_468">
<pin_list>
<pin id="469" dir="0" index="0" bw="16" slack="0"/>
<pin id="470" dir="0" index="1" bw="16" slack="0"/>
<pin id="471" dir="1" index="2" bw="16" slack="0"/>
</pin_list>
<bind>
<opcode="read(1150) " fcode="read"/>
<opset="REG_V_22_read/1 "/>
</bind>
</comp>

<comp id="474" class="1004" name="REG_V_23_read_read_fu_474">
<pin_list>
<pin id="475" dir="0" index="0" bw="16" slack="0"/>
<pin id="476" dir="0" index="1" bw="16" slack="0"/>
<pin id="477" dir="1" index="2" bw="16" slack="0"/>
</pin_list>
<bind>
<opcode="read(1150) " fcode="read"/>
<opset="REG_V_23_read/1 "/>
</bind>
</comp>

<comp id="480" class="1004" name="REG_V_24_read_read_fu_480">
<pin_list>
<pin id="481" dir="0" index="0" bw="16" slack="0"/>
<pin id="482" dir="0" index="1" bw="16" slack="0"/>
<pin id="483" dir="1" index="2" bw="16" slack="0"/>
</pin_list>
<bind>
<opcode="read(1150) " fcode="read"/>
<opset="REG_V_24_read/1 "/>
</bind>
</comp>

<comp id="486" class="1004" name="REG_V_25_read_read_fu_486">
<pin_list>
<pin id="487" dir="0" index="0" bw="16" slack="0"/>
<pin id="488" dir="0" index="1" bw="16" slack="0"/>
<pin id="489" dir="1" index="2" bw="16" slack="0"/>
</pin_list>
<bind>
<opcode="read(1150) " fcode="read"/>
<opset="REG_V_25_read/1 "/>
</bind>
</comp>

<comp id="492" class="1004" name="REG_V_26_read_read_fu_492">
<pin_list>
<pin id="493" dir="0" index="0" bw="16" slack="0"/>
<pin id="494" dir="0" index="1" bw="16" slack="0"/>
<pin id="495" dir="1" index="2" bw="16" slack="0"/>
</pin_list>
<bind>
<opcode="read(1150) " fcode="read"/>
<opset="REG_V_26_read/1 "/>
</bind>
</comp>

<comp id="498" class="1004" name="REG_V_27_read_read_fu_498">
<pin_list>
<pin id="499" dir="0" index="0" bw="16" slack="0"/>
<pin id="500" dir="0" index="1" bw="16" slack="0"/>
<pin id="501" dir="1" index="2" bw="16" slack="0"/>
</pin_list>
<bind>
<opcode="read(1150) " fcode="read"/>
<opset="REG_V_27_read/1 "/>
</bind>
</comp>

<comp id="504" class="1004" name="REG_V_28_read_read_fu_504">
<pin_list>
<pin id="505" dir="0" index="0" bw="16" slack="0"/>
<pin id="506" dir="0" index="1" bw="16" slack="0"/>
<pin id="507" dir="1" index="2" bw="16" slack="0"/>
</pin_list>
<bind>
<opcode="read(1150) " fcode="read"/>
<opset="REG_V_28_read/1 "/>
</bind>
</comp>

<comp id="510" class="1004" name="REG_V_29_read_read_fu_510">
<pin_list>
<pin id="511" dir="0" index="0" bw="16" slack="0"/>
<pin id="512" dir="0" index="1" bw="16" slack="0"/>
<pin id="513" dir="1" index="2" bw="16" slack="0"/>
</pin_list>
<bind>
<opcode="read(1150) " fcode="read"/>
<opset="REG_V_29_read/1 "/>
</bind>
</comp>

<comp id="516" class="1004" name="REG_V_30_read_read_fu_516">
<pin_list>
<pin id="517" dir="0" index="0" bw="16" slack="0"/>
<pin id="518" dir="0" index="1" bw="16" slack="0"/>
<pin id="519" dir="1" index="2" bw="16" slack="0"/>
</pin_list>
<bind>
<opcode="read(1150) " fcode="read"/>
<opset="REG_V_30_read/1 "/>
</bind>
</comp>

<comp id="522" class="1004" name="REG_V_31_read_read_fu_522">
<pin_list>
<pin id="523" dir="0" index="0" bw="16" slack="0"/>
<pin id="524" dir="0" index="1" bw="16" slack="0"/>
<pin id="525" dir="1" index="2" bw="16" slack="0"/>
</pin_list>
<bind>
<opcode="read(1150) " fcode="read"/>
<opset="REG_V_31_read/1 "/>
</bind>
</comp>

<comp id="528" class="1004" name="write_ln0_write_fu_528">
<pin_list>
<pin id="529" dir="0" index="0" bw="0" slack="0"/>
<pin id="530" dir="0" index="1" bw="16" slack="0"/>
<pin id="531" dir="0" index="2" bw="16" slack="0"/>
<pin id="532" dir="1" index="3" bw="0" slack="2147483647"/>
</pin_list>
<bind>
<opcode="write(1151) " fcode="write"/>
<opset="write_ln0/6 "/>
</bind>
</comp>

<comp id="535" class="1004" name="write_ln0_write_fu_535">
<pin_list>
<pin id="536" dir="0" index="0" bw="0" slack="0"/>
<pin id="537" dir="0" index="1" bw="16" slack="0"/>
<pin id="538" dir="0" index="2" bw="16" slack="0"/>
<pin id="539" dir="1" index="3" bw="0" slack="2147483647"/>
</pin_list>
<bind>
<opcode="write(1151) " fcode="write"/>
<opset="write_ln0/6 "/>
</bind>
</comp>

<comp id="542" class="1004" name="write_ln0_write_fu_542">
<pin_list>
<pin id="543" dir="0" index="0" bw="0" slack="0"/>
<pin id="544" dir="0" index="1" bw="16" slack="0"/>
<pin id="545" dir="0" index="2" bw="16" slack="0"/>
<pin id="546" dir="1" index="3" bw="0" slack="2147483647"/>
</pin_list>
<bind>
<opcode="write(1151) " fcode="write"/>
<opset="write_ln0/6 "/>
</bind>
</comp>

<comp id="549" class="1004" name="write_ln0_write_fu_549">
<pin_list>
<pin id="550" dir="0" index="0" bw="0" slack="0"/>
<pin id="551" dir="0" index="1" bw="16" slack="0"/>
<pin id="552" dir="0" index="2" bw="16" slack="0"/>
<pin id="553" dir="1" index="3" bw="0" slack="2147483647"/>
</pin_list>
<bind>
<opcode="write(1151) " fcode="write"/>
<opset="write_ln0/6 "/>
</bind>
</comp>

<comp id="556" class="1004" name="write_ln0_write_fu_556">
<pin_list>
<pin id="557" dir="0" index="0" bw="0" slack="0"/>
<pin id="558" dir="0" index="1" bw="16" slack="0"/>
<pin id="559" dir="0" index="2" bw="16" slack="0"/>
<pin id="560" dir="1" index="3" bw="0" slack="2147483647"/>
</pin_list>
<bind>
<opcode="write(1151) " fcode="write"/>
<opset="write_ln0/6 "/>
</bind>
</comp>

<comp id="563" class="1004" name="write_ln0_write_fu_563">
<pin_list>
<pin id="564" dir="0" index="0" bw="0" slack="0"/>
<pin id="565" dir="0" index="1" bw="16" slack="0"/>
<pin id="566" dir="0" index="2" bw="16" slack="0"/>
<pin id="567" dir="1" index="3" bw="0" slack="2147483647"/>
</pin_list>
<bind>
<opcode="write(1151) " fcode="write"/>
<opset="write_ln0/6 "/>
</bind>
</comp>

<comp id="570" class="1004" name="write_ln0_write_fu_570">
<pin_list>
<pin id="571" dir="0" index="0" bw="0" slack="0"/>
<pin id="572" dir="0" index="1" bw="16" slack="0"/>
<pin id="573" dir="0" index="2" bw="16" slack="0"/>
<pin id="574" dir="1" index="3" bw="0" slack="2147483647"/>
</pin_list>
<bind>
<opcode="write(1151) " fcode="write"/>
<opset="write_ln0/6 "/>
</bind>
</comp>

<comp id="577" class="1004" name="write_ln0_write_fu_577">
<pin_list>
<pin id="578" dir="0" index="0" bw="0" slack="0"/>
<pin id="579" dir="0" index="1" bw="16" slack="0"/>
<pin id="580" dir="0" index="2" bw="16" slack="0"/>
<pin id="581" dir="1" index="3" bw="0" slack="2147483647"/>
</pin_list>
<bind>
<opcode="write(1151) " fcode="write"/>
<opset="write_ln0/6 "/>
</bind>
</comp>

<comp id="584" class="1004" name="write_ln0_write_fu_584">
<pin_list>
<pin id="585" dir="0" index="0" bw="0" slack="0"/>
<pin id="586" dir="0" index="1" bw="16" slack="0"/>
<pin id="587" dir="0" index="2" bw="16" slack="0"/>
<pin id="588" dir="1" index="3" bw="0" slack="2147483647"/>
</pin_list>
<bind>
<opcode="write(1151) " fcode="write"/>
<opset="write_ln0/6 "/>
</bind>
</comp>

<comp id="591" class="1004" name="write_ln0_write_fu_591">
<pin_list>
<pin id="592" dir="0" index="0" bw="0" slack="0"/>
<pin id="593" dir="0" index="1" bw="16" slack="0"/>
<pin id="594" dir="0" index="2" bw="16" slack="0"/>
<pin id="595" dir="1" index="3" bw="0" slack="2147483647"/>
</pin_list>
<bind>
<opcode="write(1151) " fcode="write"/>
<opset="write_ln0/6 "/>
</bind>
</comp>

<comp id="598" class="1004" name="write_ln0_write_fu_598">
<pin_list>
<pin id="599" dir="0" index="0" bw="0" slack="0"/>
<pin id="600" dir="0" index="1" bw="16" slack="0"/>
<pin id="601" dir="0" index="2" bw="16" slack="0"/>
<pin id="602" dir="1" index="3" bw="0" slack="2147483647"/>
</pin_list>
<bind>
<opcode="write(1151) " fcode="write"/>
<opset="write_ln0/6 "/>
</bind>
</comp>

<comp id="605" class="1004" name="write_ln0_write_fu_605">
<pin_list>
<pin id="606" dir="0" index="0" bw="0" slack="0"/>
<pin id="607" dir="0" index="1" bw="16" slack="0"/>
<pin id="608" dir="0" index="2" bw="16" slack="0"/>
<pin id="609" dir="1" index="3" bw="0" slack="2147483647"/>
</pin_list>
<bind>
<opcode="write(1151) " fcode="write"/>
<opset="write_ln0/6 "/>
</bind>
</comp>

<comp id="612" class="1004" name="write_ln0_write_fu_612">
<pin_list>
<pin id="613" dir="0" index="0" bw="0" slack="0"/>
<pin id="614" dir="0" index="1" bw="16" slack="0"/>
<pin id="615" dir="0" index="2" bw="16" slack="0"/>
<pin id="616" dir="1" index="3" bw="0" slack="2147483647"/>
</pin_list>
<bind>
<opcode="write(1151) " fcode="write"/>
<opset="write_ln0/6 "/>
</bind>
</comp>

<comp id="619" class="1004" name="write_ln0_write_fu_619">
<pin_list>
<pin id="620" dir="0" index="0" bw="0" slack="0"/>
<pin id="621" dir="0" index="1" bw="16" slack="0"/>
<pin id="622" dir="0" index="2" bw="16" slack="0"/>
<pin id="623" dir="1" index="3" bw="0" slack="2147483647"/>
</pin_list>
<bind>
<opcode="write(1151) " fcode="write"/>
<opset="write_ln0/6 "/>
</bind>
</comp>

<comp id="626" class="1004" name="write_ln0_write_fu_626">
<pin_list>
<pin id="627" dir="0" index="0" bw="0" slack="0"/>
<pin id="628" dir="0" index="1" bw="16" slack="0"/>
<pin id="629" dir="0" index="2" bw="16" slack="0"/>
<pin id="630" dir="1" index="3" bw="0" slack="2147483647"/>
</pin_list>
<bind>
<opcode="write(1151) " fcode="write"/>
<opset="write_ln0/6 "/>
</bind>
</comp>

<comp id="633" class="1004" name="write_ln0_write_fu_633">
<pin_list>
<pin id="634" dir="0" index="0" bw="0" slack="0"/>
<pin id="635" dir="0" index="1" bw="16" slack="0"/>
<pin id="636" dir="0" index="2" bw="16" slack="0"/>
<pin id="637" dir="1" index="3" bw="0" slack="2147483647"/>
</pin_list>
<bind>
<opcode="write(1151) " fcode="write"/>
<opset="write_ln0/6 "/>
</bind>
</comp>

<comp id="640" class="1004" name="write_ln0_write_fu_640">
<pin_list>
<pin id="641" dir="0" index="0" bw="0" slack="0"/>
<pin id="642" dir="0" index="1" bw="16" slack="0"/>
<pin id="643" dir="0" index="2" bw="16" slack="0"/>
<pin id="644" dir="1" index="3" bw="0" slack="2147483647"/>
</pin_list>
<bind>
<opcode="write(1151) " fcode="write"/>
<opset="write_ln0/6 "/>
</bind>
</comp>

<comp id="647" class="1004" name="write_ln0_write_fu_647">
<pin_list>
<pin id="648" dir="0" index="0" bw="0" slack="0"/>
<pin id="649" dir="0" index="1" bw="16" slack="0"/>
<pin id="650" dir="0" index="2" bw="16" slack="0"/>
<pin id="651" dir="1" index="3" bw="0" slack="2147483647"/>
</pin_list>
<bind>
<opcode="write(1151) " fcode="write"/>
<opset="write_ln0/6 "/>
</bind>
</comp>

<comp id="654" class="1004" name="write_ln0_write_fu_654">
<pin_list>
<pin id="655" dir="0" index="0" bw="0" slack="0"/>
<pin id="656" dir="0" index="1" bw="16" slack="0"/>
<pin id="657" dir="0" index="2" bw="16" slack="0"/>
<pin id="658" dir="1" index="3" bw="0" slack="2147483647"/>
</pin_list>
<bind>
<opcode="write(1151) " fcode="write"/>
<opset="write_ln0/6 "/>
</bind>
</comp>

<comp id="661" class="1004" name="write_ln0_write_fu_661">
<pin_list>
<pin id="662" dir="0" index="0" bw="0" slack="0"/>
<pin id="663" dir="0" index="1" bw="16" slack="0"/>
<pin id="664" dir="0" index="2" bw="16" slack="0"/>
<pin id="665" dir="1" index="3" bw="0" slack="2147483647"/>
</pin_list>
<bind>
<opcode="write(1151) " fcode="write"/>
<opset="write_ln0/6 "/>
</bind>
</comp>

<comp id="668" class="1004" name="write_ln0_write_fu_668">
<pin_list>
<pin id="669" dir="0" index="0" bw="0" slack="0"/>
<pin id="670" dir="0" index="1" bw="16" slack="0"/>
<pin id="671" dir="0" index="2" bw="16" slack="0"/>
<pin id="672" dir="1" index="3" bw="0" slack="2147483647"/>
</pin_list>
<bind>
<opcode="write(1151) " fcode="write"/>
<opset="write_ln0/6 "/>
</bind>
</comp>

<comp id="675" class="1004" name="write_ln0_write_fu_675">
<pin_list>
<pin id="676" dir="0" index="0" bw="0" slack="0"/>
<pin id="677" dir="0" index="1" bw="16" slack="0"/>
<pin id="678" dir="0" index="2" bw="16" slack="0"/>
<pin id="679" dir="1" index="3" bw="0" slack="2147483647"/>
</pin_list>
<bind>
<opcode="write(1151) " fcode="write"/>
<opset="write_ln0/6 "/>
</bind>
</comp>

<comp id="682" class="1004" name="write_ln0_write_fu_682">
<pin_list>
<pin id="683" dir="0" index="0" bw="0" slack="0"/>
<pin id="684" dir="0" index="1" bw="16" slack="0"/>
<pin id="685" dir="0" index="2" bw="16" slack="0"/>
<pin id="686" dir="1" index="3" bw="0" slack="2147483647"/>
</pin_list>
<bind>
<opcode="write(1151) " fcode="write"/>
<opset="write_ln0/6 "/>
</bind>
</comp>

<comp id="689" class="1004" name="write_ln0_write_fu_689">
<pin_list>
<pin id="690" dir="0" index="0" bw="0" slack="0"/>
<pin id="691" dir="0" index="1" bw="16" slack="0"/>
<pin id="692" dir="0" index="2" bw="16" slack="0"/>
<pin id="693" dir="1" index="3" bw="0" slack="2147483647"/>
</pin_list>
<bind>
<opcode="write(1151) " fcode="write"/>
<opset="write_ln0/6 "/>
</bind>
</comp>

<comp id="696" class="1004" name="write_ln0_write_fu_696">
<pin_list>
<pin id="697" dir="0" index="0" bw="0" slack="0"/>
<pin id="698" dir="0" index="1" bw="16" slack="0"/>
<pin id="699" dir="0" index="2" bw="16" slack="0"/>
<pin id="700" dir="1" index="3" bw="0" slack="2147483647"/>
</pin_list>
<bind>
<opcode="write(1151) " fcode="write"/>
<opset="write_ln0/6 "/>
</bind>
</comp>

<comp id="703" class="1004" name="write_ln0_write_fu_703">
<pin_list>
<pin id="704" dir="0" index="0" bw="0" slack="0"/>
<pin id="705" dir="0" index="1" bw="16" slack="0"/>
<pin id="706" dir="0" index="2" bw="16" slack="0"/>
<pin id="707" dir="1" index="3" bw="0" slack="2147483647"/>
</pin_list>
<bind>
<opcode="write(1151) " fcode="write"/>
<opset="write_ln0/6 "/>
</bind>
</comp>

<comp id="710" class="1004" name="write_ln0_write_fu_710">
<pin_list>
<pin id="711" dir="0" index="0" bw="0" slack="0"/>
<pin id="712" dir="0" index="1" bw="16" slack="0"/>
<pin id="713" dir="0" index="2" bw="16" slack="0"/>
<pin id="714" dir="1" index="3" bw="0" slack="2147483647"/>
</pin_list>
<bind>
<opcode="write(1151) " fcode="write"/>
<opset="write_ln0/6 "/>
</bind>
</comp>

<comp id="717" class="1004" name="write_ln0_write_fu_717">
<pin_list>
<pin id="718" dir="0" index="0" bw="0" slack="0"/>
<pin id="719" dir="0" index="1" bw="16" slack="0"/>
<pin id="720" dir="0" index="2" bw="16" slack="0"/>
<pin id="721" dir="1" index="3" bw="0" slack="2147483647"/>
</pin_list>
<bind>
<opcode="write(1151) " fcode="write"/>
<opset="write_ln0/6 "/>
</bind>
</comp>

<comp id="724" class="1004" name="write_ln0_write_fu_724">
<pin_list>
<pin id="725" dir="0" index="0" bw="0" slack="0"/>
<pin id="726" dir="0" index="1" bw="16" slack="0"/>
<pin id="727" dir="0" index="2" bw="16" slack="0"/>
<pin id="728" dir="1" index="3" bw="0" slack="2147483647"/>
</pin_list>
<bind>
<opcode="write(1151) " fcode="write"/>
<opset="write_ln0/6 "/>
</bind>
</comp>

<comp id="731" class="1004" name="write_ln0_write_fu_731">
<pin_list>
<pin id="732" dir="0" index="0" bw="0" slack="0"/>
<pin id="733" dir="0" index="1" bw="16" slack="0"/>
<pin id="734" dir="0" index="2" bw="16" slack="0"/>
<pin id="735" dir="1" index="3" bw="0" slack="2147483647"/>
</pin_list>
<bind>
<opcode="write(1151) " fcode="write"/>
<opset="write_ln0/6 "/>
</bind>
</comp>

<comp id="738" class="1004" name="write_ln0_write_fu_738">
<pin_list>
<pin id="739" dir="0" index="0" bw="0" slack="0"/>
<pin id="740" dir="0" index="1" bw="16" slack="0"/>
<pin id="741" dir="0" index="2" bw="16" slack="0"/>
<pin id="742" dir="1" index="3" bw="0" slack="2147483647"/>
</pin_list>
<bind>
<opcode="write(1151) " fcode="write"/>
<opset="write_ln0/6 "/>
</bind>
</comp>

<comp id="745" class="1004" name="write_ln0_write_fu_745">
<pin_list>
<pin id="746" dir="0" index="0" bw="0" slack="0"/>
<pin id="747" dir="0" index="1" bw="16" slack="0"/>
<pin id="748" dir="0" index="2" bw="16" slack="0"/>
<pin id="749" dir="1" index="3" bw="0" slack="2147483647"/>
</pin_list>
<bind>
<opcode="write(1151) " fcode="write"/>
<opset="write_ln0/6 "/>
</bind>
</comp>

<comp id="752" class="1004" name="write_ln0_write_fu_752">
<pin_list>
<pin id="753" dir="0" index="0" bw="0" slack="0"/>
<pin id="754" dir="0" index="1" bw="32" slack="0"/>
<pin id="755" dir="0" index="2" bw="32" slack="0"/>
<pin id="756" dir="1" index="3" bw="0" slack="2147483647"/>
</pin_list>
<bind>
<opcode="write(1151) " fcode="write"/>
<opset="write_ln0/6 "/>
</bind>
</comp>

<comp id="759" class="1004" name="buffer_a_addr_gep_fu_759">
<pin_list>
<pin id="760" dir="0" index="0" bw="32" slack="0"/>
<pin id="761" dir="0" index="1" bw="1" slack="0"/>
<pin id="762" dir="0" index="2" bw="3" slack="0"/>
<pin id="763" dir="1" index="3" bw="3" slack="0"/>
</pin_list>
<bind>
<opcode="getelementptr(29) " fcode="getelementptr"/>
<opset="buffer_a_addr/1 "/>
</bind>
</comp>

<comp id="766" class="1004" name="grp_access_fu_766">
<pin_list>
<pin id="767" dir="0" index="0" bw="3" slack="0"/>
<pin id="768" dir="0" index="1" bw="32" slack="2147483647"/>
<pin id="769" dir="0" index="2" bw="0" slack="2147483647"/>
<pin id="770" dir="1" index="3" bw="32" slack="0"/>
</pin_list>
<bind>
<opcode="load(27) " fcode="load"/>
<opset="word_V/1 "/>
</bind>
</comp>

<comp id="772" class="1004" name="buffer_b_addr_gep_fu_772">
<pin_list>
<pin id="773" dir="0" index="0" bw="32" slack="0"/>
<pin id="774" dir="0" index="1" bw="1" slack="0"/>
<pin id="775" dir="0" index="2" bw="3" slack="0"/>
<pin id="776" dir="1" index="3" bw="3" slack="0"/>
</pin_list>
<bind>
<opcode="getelementptr(29) " fcode="getelementptr"/>
<opset="buffer_b_addr/1 "/>
</bind>
</comp>

<comp id="779" class="1004" name="grp_access_fu_779">
<pin_list>
<pin id="780" dir="0" index="0" bw="3" slack="0"/>
<pin id="781" dir="0" index="1" bw="32" slack="2147483647"/>
<pin id="782" dir="0" index="2" bw="0" slack="2147483647"/>
<pin id="783" dir="1" index="3" bw="32" slack="0"/>
</pin_list>
<bind>
<opcode="load(27) " fcode="load"/>
<opset="word1/1 "/>
</bind>
</comp>

<comp id="785" class="1004" name="store_ln0_store_fu_785">
<pin_list>
<pin id="786" dir="0" index="0" bw="16" slack="0"/>
<pin id="787" dir="0" index="1" bw="16" slack="0"/>
<pin id="788" dir="1" index="2" bw="0" slack="2147483647"/>
</pin_list>
<bind>
<opcode="store(28) " fcode="store"/>
<opset="store_ln0/1 "/>
</bind>
</comp>

<comp id="790" class="1004" name="store_ln0_store_fu_790">
<pin_list>
<pin id="791" dir="0" index="0" bw="16" slack="0"/>
<pin id="792" dir="0" index="1" bw="16" slack="0"/>
<pin id="793" dir="1" index="2" bw="0" slack="2147483647"/>
</pin_list>
<bind>
<opcode="store(28) " fcode="store"/>
<opset="store_ln0/1 "/>
</bind>
</comp>

<comp id="795" class="1004" name="store_ln0_store_fu_795">
<pin_list>
<pin id="796" dir="0" index="0" bw="16" slack="0"/>
<pin id="797" dir="0" index="1" bw="16" slack="0"/>
<pin id="798" dir="1" index="2" bw="0" slack="2147483647"/>
</pin_list>
<bind>
<opcode="store(28) " fcode="store"/>
<opset="store_ln0/1 "/>
</bind>
</comp>

<comp id="800" class="1004" name="store_ln0_store_fu_800">
<pin_list>
<pin id="801" dir="0" index="0" bw="16" slack="0"/>
<pin id="802" dir="0" index="1" bw="16" slack="0"/>
<pin id="803" dir="1" index="2" bw="0" slack="2147483647"/>
</pin_list>
<bind>
<opcode="store(28) " fcode="store"/>
<opset="store_ln0/1 "/>
</bind>
</comp>

<comp id="805" class="1004" name="store_ln0_store_fu_805">
<pin_list>
<pin id="806" dir="0" index="0" bw="16" slack="0"/>
<pin id="807" dir="0" index="1" bw="16" slack="0"/>
<pin id="808" dir="1" index="2" bw="0" slack="2147483647"/>
</pin_list>
<bind>
<opcode="store(28) " fcode="store"/>
<opset="store_ln0/1 "/>
</bind>
</comp>

<comp id="810" class="1004" name="store_ln0_store_fu_810">
<pin_list>
<pin id="811" dir="0" index="0" bw="16" slack="0"/>
<pin id="812" dir="0" index="1" bw="16" slack="0"/>
<pin id="813" dir="1" index="2" bw="0" slack="2147483647"/>
</pin_list>
<bind>
<opcode="store(28) " fcode="store"/>
<opset="store_ln0/1 "/>
</bind>
</comp>

<comp id="815" class="1004" name="store_ln0_store_fu_815">
<pin_list>
<pin id="816" dir="0" index="0" bw="16" slack="0"/>
<pin id="817" dir="0" index="1" bw="16" slack="0"/>
<pin id="818" dir="1" index="2" bw="0" slack="2147483647"/>
</pin_list>
<bind>
<opcode="store(28) " fcode="store"/>
<opset="store_ln0/1 "/>
</bind>
</comp>

<comp id="820" class="1004" name="store_ln0_store_fu_820">
<pin_list>
<pin id="821" dir="0" index="0" bw="16" slack="0"/>
<pin id="822" dir="0" index="1" bw="16" slack="0"/>
<pin id="823" dir="1" index="2" bw="0" slack="2147483647"/>
</pin_list>
<bind>
<opcode="store(28) " fcode="store"/>
<opset="store_ln0/1 "/>
</bind>
</comp>

<comp id="825" class="1004" name="store_ln0_store_fu_825">
<pin_list>
<pin id="826" dir="0" index="0" bw="16" slack="0"/>
<pin id="827" dir="0" index="1" bw="16" slack="0"/>
<pin id="828" dir="1" index="2" bw="0" slack="2147483647"/>
</pin_list>
<bind>
<opcode="store(28) " fcode="store"/>
<opset="store_ln0/1 "/>
</bind>
</comp>

<comp id="830" class="1004" name="store_ln0_store_fu_830">
<pin_list>
<pin id="831" dir="0" index="0" bw="16" slack="0"/>
<pin id="832" dir="0" index="1" bw="16" slack="0"/>
<pin id="833" dir="1" index="2" bw="0" slack="2147483647"/>
</pin_list>
<bind>
<opcode="store(28) " fcode="store"/>
<opset="store_ln0/1 "/>
</bind>
</comp>

<comp id="835" class="1004" name="store_ln0_store_fu_835">
<pin_list>
<pin id="836" dir="0" index="0" bw="16" slack="0"/>
<pin id="837" dir="0" index="1" bw="16" slack="0"/>
<pin id="838" dir="1" index="2" bw="0" slack="2147483647"/>
</pin_list>
<bind>
<opcode="store(28) " fcode="store"/>
<opset="store_ln0/1 "/>
</bind>
</comp>

<comp id="840" class="1004" name="store_ln0_store_fu_840">
<pin_list>
<pin id="841" dir="0" index="0" bw="16" slack="0"/>
<pin id="842" dir="0" index="1" bw="16" slack="0"/>
<pin id="843" dir="1" index="2" bw="0" slack="2147483647"/>
</pin_list>
<bind>
<opcode="store(28) " fcode="store"/>
<opset="store_ln0/1 "/>
</bind>
</comp>

<comp id="845" class="1004" name="store_ln0_store_fu_845">
<pin_list>
<pin id="846" dir="0" index="0" bw="16" slack="0"/>
<pin id="847" dir="0" index="1" bw="16" slack="0"/>
<pin id="848" dir="1" index="2" bw="0" slack="2147483647"/>
</pin_list>
<bind>
<opcode="store(28) " fcode="store"/>
<opset="store_ln0/1 "/>
</bind>
</comp>

<comp id="850" class="1004" name="store_ln0_store_fu_850">
<pin_list>
<pin id="851" dir="0" index="0" bw="16" slack="0"/>
<pin id="852" dir="0" index="1" bw="16" slack="0"/>
<pin id="853" dir="1" index="2" bw="0" slack="2147483647"/>
</pin_list>
<bind>
<opcode="store(28) " fcode="store"/>
<opset="store_ln0/1 "/>
</bind>
</comp>

<comp id="855" class="1004" name="store_ln0_store_fu_855">
<pin_list>
<pin id="856" dir="0" index="0" bw="16" slack="0"/>
<pin id="857" dir="0" index="1" bw="16" slack="0"/>
<pin id="858" dir="1" index="2" bw="0" slack="2147483647"/>
</pin_list>
<bind>
<opcode="store(28) " fcode="store"/>
<opset="store_ln0/1 "/>
</bind>
</comp>

<comp id="860" class="1004" name="store_ln0_store_fu_860">
<pin_list>
<pin id="861" dir="0" index="0" bw="16" slack="0"/>
<pin id="862" dir="0" index="1" bw="16" slack="0"/>
<pin id="863" dir="1" index="2" bw="0" slack="2147483647"/>
</pin_list>
<bind>
<opcode="store(28) " fcode="store"/>
<opset="store_ln0/1 "/>
</bind>
</comp>

<comp id="865" class="1004" name="store_ln0_store_fu_865">
<pin_list>
<pin id="866" dir="0" index="0" bw="16" slack="0"/>
<pin id="867" dir="0" index="1" bw="16" slack="0"/>
<pin id="868" dir="1" index="2" bw="0" slack="2147483647"/>
</pin_list>
<bind>
<opcode="store(28) " fcode="store"/>
<opset="store_ln0/1 "/>
</bind>
</comp>

<comp id="870" class="1004" name="store_ln0_store_fu_870">
<pin_list>
<pin id="871" dir="0" index="0" bw="16" slack="0"/>
<pin id="872" dir="0" index="1" bw="16" slack="0"/>
<pin id="873" dir="1" index="2" bw="0" slack="2147483647"/>
</pin_list>
<bind>
<opcode="store(28) " fcode="store"/>
<opset="store_ln0/1 "/>
</bind>
</comp>

<comp id="875" class="1004" name="store_ln0_store_fu_875">
<pin_list>
<pin id="876" dir="0" index="0" bw="16" slack="0"/>
<pin id="877" dir="0" index="1" bw="16" slack="0"/>
<pin id="878" dir="1" index="2" bw="0" slack="2147483647"/>
</pin_list>
<bind>
<opcode="store(28) " fcode="store"/>
<opset="store_ln0/1 "/>
</bind>
</comp>

<comp id="880" class="1004" name="store_ln0_store_fu_880">
<pin_list>
<pin id="881" dir="0" index="0" bw="16" slack="0"/>
<pin id="882" dir="0" index="1" bw="16" slack="0"/>
<pin id="883" dir="1" index="2" bw="0" slack="2147483647"/>
</pin_list>
<bind>
<opcode="store(28) " fcode="store"/>
<opset="store_ln0/1 "/>
</bind>
</comp>

<comp id="885" class="1004" name="store_ln0_store_fu_885">
<pin_list>
<pin id="886" dir="0" index="0" bw="16" slack="0"/>
<pin id="887" dir="0" index="1" bw="16" slack="0"/>
<pin id="888" dir="1" index="2" bw="0" slack="2147483647"/>
</pin_list>
<bind>
<opcode="store(28) " fcode="store"/>
<opset="store_ln0/1 "/>
</bind>
</comp>

<comp id="890" class="1004" name="store_ln0_store_fu_890">
<pin_list>
<pin id="891" dir="0" index="0" bw="16" slack="0"/>
<pin id="892" dir="0" index="1" bw="16" slack="0"/>
<pin id="893" dir="1" index="2" bw="0" slack="2147483647"/>
</pin_list>
<bind>
<opcode="store(28) " fcode="store"/>
<opset="store_ln0/1 "/>
</bind>
</comp>

<comp id="895" class="1004" name="store_ln0_store_fu_895">
<pin_list>
<pin id="896" dir="0" index="0" bw="16" slack="0"/>
<pin id="897" dir="0" index="1" bw="16" slack="0"/>
<pin id="898" dir="1" index="2" bw="0" slack="2147483647"/>
</pin_list>
<bind>
<opcode="store(28) " fcode="store"/>
<opset="store_ln0/1 "/>
</bind>
</comp>

<comp id="900" class="1004" name="store_ln0_store_fu_900">
<pin_list>
<pin id="901" dir="0" index="0" bw="16" slack="0"/>
<pin id="902" dir="0" index="1" bw="16" slack="0"/>
<pin id="903" dir="1" index="2" bw="0" slack="2147483647"/>
</pin_list>
<bind>
<opcode="store(28) " fcode="store"/>
<opset="store_ln0/1 "/>
</bind>
</comp>

<comp id="905" class="1004" name="store_ln0_store_fu_905">
<pin_list>
<pin id="906" dir="0" index="0" bw="16" slack="0"/>
<pin id="907" dir="0" index="1" bw="16" slack="0"/>
<pin id="908" dir="1" index="2" bw="0" slack="2147483647"/>
</pin_list>
<bind>
<opcode="store(28) " fcode="store"/>
<opset="store_ln0/1 "/>
</bind>
</comp>

<comp id="910" class="1004" name="store_ln0_store_fu_910">
<pin_list>
<pin id="911" dir="0" index="0" bw="16" slack="0"/>
<pin id="912" dir="0" index="1" bw="16" slack="0"/>
<pin id="913" dir="1" index="2" bw="0" slack="2147483647"/>
</pin_list>
<bind>
<opcode="store(28) " fcode="store"/>
<opset="store_ln0/1 "/>
</bind>
</comp>

<comp id="915" class="1004" name="store_ln0_store_fu_915">
<pin_list>
<pin id="916" dir="0" index="0" bw="16" slack="0"/>
<pin id="917" dir="0" index="1" bw="16" slack="0"/>
<pin id="918" dir="1" index="2" bw="0" slack="2147483647"/>
</pin_list>
<bind>
<opcode="store(28) " fcode="store"/>
<opset="store_ln0/1 "/>
</bind>
</comp>

<comp id="920" class="1004" name="store_ln0_store_fu_920">
<pin_list>
<pin id="921" dir="0" index="0" bw="16" slack="0"/>
<pin id="922" dir="0" index="1" bw="16" slack="0"/>
<pin id="923" dir="1" index="2" bw="0" slack="2147483647"/>
</pin_list>
<bind>
<opcode="store(28) " fcode="store"/>
<opset="store_ln0/1 "/>
</bind>
</comp>

<comp id="925" class="1004" name="store_ln0_store_fu_925">
<pin_list>
<pin id="926" dir="0" index="0" bw="16" slack="0"/>
<pin id="927" dir="0" index="1" bw="16" slack="0"/>
<pin id="928" dir="1" index="2" bw="0" slack="2147483647"/>
</pin_list>
<bind>
<opcode="store(28) " fcode="store"/>
<opset="store_ln0/1 "/>
</bind>
</comp>

<comp id="930" class="1004" name="store_ln0_store_fu_930">
<pin_list>
<pin id="931" dir="0" index="0" bw="16" slack="0"/>
<pin id="932" dir="0" index="1" bw="16" slack="0"/>
<pin id="933" dir="1" index="2" bw="0" slack="2147483647"/>
</pin_list>
<bind>
<opcode="store(28) " fcode="store"/>
<opset="store_ln0/1 "/>
</bind>
</comp>

<comp id="935" class="1004" name="store_ln0_store_fu_935">
<pin_list>
<pin id="936" dir="0" index="0" bw="16" slack="0"/>
<pin id="937" dir="0" index="1" bw="16" slack="0"/>
<pin id="938" dir="1" index="2" bw="0" slack="2147483647"/>
</pin_list>
<bind>
<opcode="store(28) " fcode="store"/>
<opset="store_ln0/1 "/>
</bind>
</comp>

<comp id="940" class="1004" name="store_ln0_store_fu_940">
<pin_list>
<pin id="941" dir="0" index="0" bw="16" slack="0"/>
<pin id="942" dir="0" index="1" bw="16" slack="0"/>
<pin id="943" dir="1" index="2" bw="0" slack="2147483647"/>
</pin_list>
<bind>
<opcode="store(28) " fcode="store"/>
<opset="store_ln0/1 "/>
</bind>
</comp>

<comp id="945" class="1004" name="store_ln0_store_fu_945">
<pin_list>
<pin id="946" dir="0" index="0" bw="1" slack="0"/>
<pin id="947" dir="0" index="1" bw="2" slack="0"/>
<pin id="948" dir="1" index="2" bw="0" slack="2147483647"/>
</pin_list>
<bind>
<opcode="store(28) " fcode="store"/>
<opset="store_ln0/1 "/>
</bind>
</comp>

<comp id="950" class="1004" name="store_ln0_store_fu_950">
<pin_list>
<pin id="951" dir="0" index="0" bw="1" slack="0"/>
<pin id="952" dir="0" index="1" bw="34" slack="0"/>
<pin id="953" dir="1" index="2" bw="0" slack="2147483647"/>
</pin_list>
<bind>
<opcode="store(28) " fcode="store"/>
<opset="store_ln0/1 "/>
</bind>
</comp>

<comp id="955" class="1004" name="fe_1_load_fu_955">
<pin_list>
<pin id="956" dir="0" index="0" bw="2" slack="0"/>
<pin id="957" dir="1" index="1" bw="2" slack="0"/>
</pin_list>
<bind>
<opcode="load(27) " fcode="load"/>
<opset="fe_1/1 "/>
</bind>
</comp>

<comp id="958" class="1004" name="icmp_ln66_fu_958">
<pin_list>
<pin id="959" dir="0" index="0" bw="2" slack="0"/>
<pin id="960" dir="0" index="1" bw="2" slack="0"/>
<pin id="961" dir="1" index="2" bw="1" slack="1"/>
</pin_list>
<bind>
<opcode="icmp(45) " fcode="icmp"/>
<opset="icmp_ln66/1 "/>
</bind>
</comp>

<comp id="964" class="1004" name="add_ln66_fu_964">
<pin_list>
<pin id="965" dir="0" index="0" bw="2" slack="0"/>
<pin id="966" dir="0" index="1" bw="1" slack="0"/>
<pin id="967" dir="1" index="2" bw="2" slack="0"/>
</pin_list>
<bind>
<opcode="add(8) " fcode="add"/>
<opset="add_ln66/1 "/>
</bind>
</comp>

<comp id="970" class="1004" name="fe_cast_fu_970">
<pin_list>
<pin id="971" dir="0" index="0" bw="2" slack="0"/>
<pin id="972" dir="1" index="1" bw="3" slack="0"/>
</pin_list>
<bind>
<opcode="zext(34) " fcode="zext"/>
<opset="fe_cast/1 "/>
</bind>
</comp>

<comp id="974" class="1004" name="add_ln68_fu_974">
<pin_list>
<pin id="975" dir="0" index="0" bw="2" slack="0"/>
<pin id="976" dir="0" index="1" bw="3" slack="0"/>
<pin id="977" dir="1" index="2" bw="3" slack="0"/>
</pin_list>
<bind>
<opcode="add(8) " fcode="add"/>
<opset="add_ln68/1 "/>
</bind>
</comp>

<comp id="980" class="1004" name="zext_ln68_fu_980">
<pin_list>
<pin id="981" dir="0" index="0" bw="3" slack="0"/>
<pin id="982" dir="1" index="1" bw="64" slack="0"/>
</pin_list>
<bind>
<opcode="zext(34) " fcode="zext"/>
<opset="zext_ln68/1 "/>
</bind>
</comp>

<comp id="986" class="1004" name="trunc_ln74_fu_986">
<pin_list>
<pin id="987" dir="0" index="0" bw="2" slack="0"/>
<pin id="988" dir="1" index="1" bw="1" slack="1"/>
</pin_list>
<bind>
<opcode="trunc(33) " fcode="trunc"/>
<opset="trunc_ln74/1 "/>
</bind>
</comp>

<comp id="990" class="1004" name="store_ln66_store_fu_990">
<pin_list>
<pin id="991" dir="0" index="0" bw="2" slack="0"/>
<pin id="992" dir="0" index="1" bw="2" slack="0"/>
<pin id="993" dir="1" index="2" bw="0" slack="2147483647"/>
</pin_list>
<bind>
<opcode="store(28) " fcode="store"/>
<opset="store_ln66/1 "/>
</bind>
</comp>

<comp id="995" class="1004" name="lhs_fu_995">
<pin_list>
<pin id="996" dir="0" index="0" bw="32" slack="0"/>
<pin id="997" dir="1" index="1" bw="16" slack="0"/>
</pin_list>
<bind>
<opcode="trunc(33) " fcode="trunc"/>
<opset="lhs/2 "/>
</bind>
</comp>

<comp id="999" class="1004" name="lhs_1_fu_999">
<pin_list>
<pin id="1000" dir="0" index="0" bw="16" slack="0"/>
<pin id="1001" dir="0" index="1" bw="32" slack="0"/>
<pin id="1002" dir="0" index="2" bw="6" slack="0"/>
<pin id="1003" dir="0" index="3" bw="6" slack="0"/>
<pin id="1004" dir="1" index="4" bw="16" slack="0"/>
</pin_list>
<bind>
<opcode="partselect(1002) " fcode="partselect"/>
<opset="lhs_1/2 "/>
</bind>
</comp>

<comp id="1009" class="1004" name="rhs_fu_1009">
<pin_list>
<pin id="1010" dir="0" index="0" bw="32" slack="0"/>
<pin id="1011" dir="1" index="1" bw="16" slack="0"/>
</pin_list>
<bind>
<opcode="trunc(33) " fcode="trunc"/>
<opset="rhs/2 "/>
</bind>
</comp>

<comp id="1013" class="1004" name="rhs_1_fu_1013">
<pin_list>
<pin id="1014" dir="0" index="0" bw="16" slack="0"/>
<pin id="1015" dir="0" index="1" bw="32" slack="0"/>
<pin id="1016" dir="0" index="2" bw="6" slack="0"/>
<pin id="1017" dir="0" index="3" bw="6" slack="0"/>
<pin id="1018" dir="1" index="4" bw="16" slack="0"/>
</pin_list>
<bind>
<opcode="partselect(1002) " fcode="partselect"/>
<opset="rhs_1/2 "/>
</bind>
</comp>

<comp id="1023" class="1004" name="REG_V_48_load_1_load_fu_1023">
<pin_list>
<pin id="1024" dir="0" index="0" bw="16" slack="1"/>
<pin id="1025" dir="1" index="1" bw="16" slack="0"/>
</pin_list>
<bind>
<opcode="load(27) " fcode="load"/>
<opset="REG_V_48_load_1/2 "/>
</bind>
</comp>

<comp id="1026" class="1004" name="REG_V_49_load_1_load_fu_1026">
<pin_list>
<pin id="1027" dir="0" index="0" bw="16" slack="1"/>
<pin id="1028" dir="1" index="1" bw="16" slack="0"/>
</pin_list>
<bind>
<opcode="load(27) " fcode="load"/>
<opset="REG_V_49_load_1/2 "/>
</bind>
</comp>

<comp id="1029" class="1004" name="REG_V_50_load_1_load_fu_1029">
<pin_list>
<pin id="1030" dir="0" index="0" bw="16" slack="1"/>
<pin id="1031" dir="1" index="1" bw="16" slack="0"/>
</pin_list>
<bind>
<opcode="load(27) " fcode="load"/>
<opset="REG_V_50_load_1/2 "/>
</bind>
</comp>

<comp id="1032" class="1004" name="REG_V_51_load_1_load_fu_1032">
<pin_list>
<pin id="1033" dir="0" index="0" bw="16" slack="1"/>
<pin id="1034" dir="1" index="1" bw="16" slack="0"/>
</pin_list>
<bind>
<opcode="load(27) " fcode="load"/>
<opset="REG_V_51_load_1/2 "/>
</bind>
</comp>

<comp id="1035" class="1004" name="REG_V_52_load_1_load_fu_1035">
<pin_list>
<pin id="1036" dir="0" index="0" bw="16" slack="1"/>
<pin id="1037" dir="1" index="1" bw="16" slack="0"/>
</pin_list>
<bind>
<opcode="load(27) " fcode="load"/>
<opset="REG_V_52_load_1/2 "/>
</bind>
</comp>

<comp id="1038" class="1004" name="REG_V_53_load_1_load_fu_1038">
<pin_list>
<pin id="1039" dir="0" index="0" bw="16" slack="1"/>
<pin id="1040" dir="1" index="1" bw="16" slack="0"/>
</pin_list>
<bind>
<opcode="load(27) " fcode="load"/>
<opset="REG_V_53_load_1/2 "/>
</bind>
</comp>

<comp id="1041" class="1004" name="REG_V_54_load_1_load_fu_1041">
<pin_list>
<pin id="1042" dir="0" index="0" bw="16" slack="1"/>
<pin id="1043" dir="1" index="1" bw="16" slack="0"/>
</pin_list>
<bind>
<opcode="load(27) " fcode="load"/>
<opset="REG_V_54_load_1/2 "/>
</bind>
</comp>

<comp id="1044" class="1004" name="REG_V_55_load_1_load_fu_1044">
<pin_list>
<pin id="1045" dir="0" index="0" bw="16" slack="1"/>
<pin id="1046" dir="1" index="1" bw="16" slack="0"/>
</pin_list>
<bind>
<opcode="load(27) " fcode="load"/>
<opset="REG_V_55_load_1/2 "/>
</bind>
</comp>

<comp id="1047" class="1004" name="REG_V_78_fu_1047">
<pin_list>
<pin id="1048" dir="0" index="0" bw="1" slack="1"/>
<pin id="1049" dir="0" index="1" bw="16" slack="0"/>
<pin id="1050" dir="0" index="2" bw="16" slack="0"/>
<pin id="1051" dir="1" index="3" bw="16" slack="0"/>
</pin_list>
<bind>
<opcode="select(49) " fcode="select"/>
<opset="REG_V_78/2 "/>
</bind>
</comp>

<comp id="1054" class="1004" name="REG_V_79_fu_1054">
<pin_list>
<pin id="1055" dir="0" index="0" bw="1" slack="1"/>
<pin id="1056" dir="0" index="1" bw="16" slack="0"/>
<pin id="1057" dir="0" index="2" bw="16" slack="0"/>
<pin id="1058" dir="1" index="3" bw="16" slack="0"/>
</pin_list>
<bind>
<opcode="select(49) " fcode="select"/>
<opset="REG_V_79/2 "/>
</bind>
</comp>

<comp id="1061" class="1004" name="REG_V_83_fu_1061">
<pin_list>
<pin id="1062" dir="0" index="0" bw="1" slack="1"/>
<pin id="1063" dir="0" index="1" bw="16" slack="0"/>
<pin id="1064" dir="0" index="2" bw="16" slack="0"/>
<pin id="1065" dir="1" index="3" bw="16" slack="0"/>
</pin_list>
<bind>
<opcode="select(49) " fcode="select"/>
<opset="REG_V_83/2 "/>
</bind>
</comp>

<comp id="1068" class="1004" name="REG_V_82_fu_1068">
<pin_list>
<pin id="1069" dir="0" index="0" bw="1" slack="1"/>
<pin id="1070" dir="0" index="1" bw="16" slack="0"/>
<pin id="1071" dir="0" index="2" bw="16" slack="0"/>
<pin id="1072" dir="1" index="3" bw="16" slack="0"/>
</pin_list>
<bind>
<opcode="select(49) " fcode="select"/>
<opset="REG_V_82/2 "/>
</bind>
</comp>

<comp id="1075" class="1004" name="REG_V_81_fu_1075">
<pin_list>
<pin id="1076" dir="0" index="0" bw="1" slack="1"/>
<pin id="1077" dir="0" index="1" bw="16" slack="0"/>
<pin id="1078" dir="0" index="2" bw="16" slack="0"/>
<pin id="1079" dir="1" index="3" bw="16" slack="0"/>
</pin_list>
<bind>
<opcode="select(49) " fcode="select"/>
<opset="REG_V_81/2 "/>
</bind>
</comp>

<comp id="1082" class="1004" name="REG_V_80_fu_1082">
<pin_list>
<pin id="1083" dir="0" index="0" bw="1" slack="1"/>
<pin id="1084" dir="0" index="1" bw="16" slack="0"/>
<pin id="1085" dir="0" index="2" bw="16" slack="0"/>
<pin id="1086" dir="1" index="3" bw="16" slack="0"/>
</pin_list>
<bind>
<opcode="select(49) " fcode="select"/>
<opset="REG_V_80/2 "/>
</bind>
</comp>

<comp id="1089" class="1004" name="select_ln77_6_fu_1089">
<pin_list>
<pin id="1090" dir="0" index="0" bw="1" slack="1"/>
<pin id="1091" dir="0" index="1" bw="16" slack="0"/>
<pin id="1092" dir="0" index="2" bw="16" slack="0"/>
<pin id="1093" dir="1" index="3" bw="16" slack="0"/>
</pin_list>
<bind>
<opcode="select(49) " fcode="select"/>
<opset="select_ln77_6/2 "/>
</bind>
</comp>

<comp id="1096" class="1004" name="select_ln77_7_fu_1096">
<pin_list>
<pin id="1097" dir="0" index="0" bw="1" slack="1"/>
<pin id="1098" dir="0" index="1" bw="16" slack="0"/>
<pin id="1099" dir="0" index="2" bw="16" slack="0"/>
<pin id="1100" dir="1" index="3" bw="16" slack="0"/>
</pin_list>
<bind>
<opcode="select(49) " fcode="select"/>
<opset="select_ln77_7/2 "/>
</bind>
</comp>

<comp id="1103" class="1004" name="store_ln77_store_fu_1103">
<pin_list>
<pin id="1104" dir="0" index="0" bw="16" slack="0"/>
<pin id="1105" dir="0" index="1" bw="16" slack="1"/>
<pin id="1106" dir="1" index="2" bw="0" slack="2147483647"/>
</pin_list>
<bind>
<opcode="store(28) " fcode="store"/>
<opset="store_ln77/2 "/>
</bind>
</comp>

<comp id="1108" class="1004" name="store_ln77_store_fu_1108">
<pin_list>
<pin id="1109" dir="0" index="0" bw="16" slack="0"/>
<pin id="1110" dir="0" index="1" bw="16" slack="1"/>
<pin id="1111" dir="1" index="2" bw="0" slack="2147483647"/>
</pin_list>
<bind>
<opcode="store(28) " fcode="store"/>
<opset="store_ln77/2 "/>
</bind>
</comp>

<comp id="1113" class="1004" name="store_ln77_store_fu_1113">
<pin_list>
<pin id="1114" dir="0" index="0" bw="16" slack="0"/>
<pin id="1115" dir="0" index="1" bw="16" slack="1"/>
<pin id="1116" dir="1" index="2" bw="0" slack="2147483647"/>
</pin_list>
<bind>
<opcode="store(28) " fcode="store"/>
<opset="store_ln77/2 "/>
</bind>
</comp>

<comp id="1118" class="1004" name="store_ln77_store_fu_1118">
<pin_list>
<pin id="1119" dir="0" index="0" bw="16" slack="0"/>
<pin id="1120" dir="0" index="1" bw="16" slack="1"/>
<pin id="1121" dir="1" index="2" bw="0" slack="2147483647"/>
</pin_list>
<bind>
<opcode="store(28) " fcode="store"/>
<opset="store_ln77/2 "/>
</bind>
</comp>

<comp id="1123" class="1004" name="store_ln77_store_fu_1123">
<pin_list>
<pin id="1124" dir="0" index="0" bw="16" slack="0"/>
<pin id="1125" dir="0" index="1" bw="16" slack="1"/>
<pin id="1126" dir="1" index="2" bw="0" slack="2147483647"/>
</pin_list>
<bind>
<opcode="store(28) " fcode="store"/>
<opset="store_ln77/2 "/>
</bind>
</comp>

<comp id="1128" class="1004" name="store_ln77_store_fu_1128">
<pin_list>
<pin id="1129" dir="0" index="0" bw="16" slack="0"/>
<pin id="1130" dir="0" index="1" bw="16" slack="1"/>
<pin id="1131" dir="1" index="2" bw="0" slack="2147483647"/>
</pin_list>
<bind>
<opcode="store(28) " fcode="store"/>
<opset="store_ln77/2 "/>
</bind>
</comp>

<comp id="1133" class="1004" name="store_ln77_store_fu_1133">
<pin_list>
<pin id="1134" dir="0" index="0" bw="16" slack="0"/>
<pin id="1135" dir="0" index="1" bw="16" slack="1"/>
<pin id="1136" dir="1" index="2" bw="0" slack="2147483647"/>
</pin_list>
<bind>
<opcode="store(28) " fcode="store"/>
<opset="store_ln77/2 "/>
</bind>
</comp>

<comp id="1138" class="1004" name="store_ln77_store_fu_1138">
<pin_list>
<pin id="1139" dir="0" index="0" bw="16" slack="0"/>
<pin id="1140" dir="0" index="1" bw="16" slack="1"/>
<pin id="1141" dir="1" index="2" bw="0" slack="2147483647"/>
</pin_list>
<bind>
<opcode="store(28) " fcode="store"/>
<opset="store_ln77/2 "/>
</bind>
</comp>

<comp id="1143" class="1004" name="REG_V_40_load_1_load_fu_1143">
<pin_list>
<pin id="1144" dir="0" index="0" bw="16" slack="1"/>
<pin id="1145" dir="1" index="1" bw="16" slack="0"/>
</pin_list>
<bind>
<opcode="load(27) " fcode="load"/>
<opset="REG_V_40_load_1/2 "/>
</bind>
</comp>

<comp id="1146" class="1004" name="REG_V_41_load_1_load_fu_1146">
<pin_list>
<pin id="1147" dir="0" index="0" bw="16" slack="1"/>
<pin id="1148" dir="1" index="1" bw="16" slack="0"/>
</pin_list>
<bind>
<opcode="load(27) " fcode="load"/>
<opset="REG_V_41_load_1/2 "/>
</bind>
</comp>

<comp id="1149" class="1004" name="REG_V_42_load_1_load_fu_1149">
<pin_list>
<pin id="1150" dir="0" index="0" bw="16" slack="1"/>
<pin id="1151" dir="1" index="1" bw="16" slack="0"/>
</pin_list>
<bind>
<opcode="load(27) " fcode="load"/>
<opset="REG_V_42_load_1/2 "/>
</bind>
</comp>

<comp id="1152" class="1004" name="REG_V_43_load_1_load_fu_1152">
<pin_list>
<pin id="1153" dir="0" index="0" bw="16" slack="1"/>
<pin id="1154" dir="1" index="1" bw="16" slack="0"/>
</pin_list>
<bind>
<opcode="load(27) " fcode="load"/>
<opset="REG_V_43_load_1/2 "/>
</bind>
</comp>

<comp id="1155" class="1004" name="REG_V_44_load_1_load_fu_1155">
<pin_list>
<pin id="1156" dir="0" index="0" bw="16" slack="1"/>
<pin id="1157" dir="1" index="1" bw="16" slack="0"/>
</pin_list>
<bind>
<opcode="load(27) " fcode="load"/>
<opset="REG_V_44_load_1/2 "/>
</bind>
</comp>

<comp id="1158" class="1004" name="REG_V_45_load_1_load_fu_1158">
<pin_list>
<pin id="1159" dir="0" index="0" bw="16" slack="1"/>
<pin id="1160" dir="1" index="1" bw="16" slack="0"/>
</pin_list>
<bind>
<opcode="load(27) " fcode="load"/>
<opset="REG_V_45_load_1/2 "/>
</bind>
</comp>

<comp id="1161" class="1004" name="REG_V_46_load_1_load_fu_1161">
<pin_list>
<pin id="1162" dir="0" index="0" bw="16" slack="1"/>
<pin id="1163" dir="1" index="1" bw="16" slack="0"/>
</pin_list>
<bind>
<opcode="load(27) " fcode="load"/>
<opset="REG_V_46_load_1/2 "/>
</bind>
</comp>

<comp id="1164" class="1004" name="REG_V_47_load_1_load_fu_1164">
<pin_list>
<pin id="1165" dir="0" index="0" bw="16" slack="1"/>
<pin id="1166" dir="1" index="1" bw="16" slack="0"/>
</pin_list>
<bind>
<opcode="load(27) " fcode="load"/>
<opset="REG_V_47_load_1/2 "/>
</bind>
</comp>

<comp id="1167" class="1004" name="REG_V_74_fu_1167">
<pin_list>
<pin id="1168" dir="0" index="0" bw="1" slack="1"/>
<pin id="1169" dir="0" index="1" bw="16" slack="0"/>
<pin id="1170" dir="0" index="2" bw="16" slack="0"/>
<pin id="1171" dir="1" index="3" bw="16" slack="0"/>
</pin_list>
<bind>
<opcode="select(49) " fcode="select"/>
<opset="REG_V_74/2 "/>
</bind>
</comp>

<comp id="1174" class="1004" name="REG_V_75_fu_1174">
<pin_list>
<pin id="1175" dir="0" index="0" bw="1" slack="1"/>
<pin id="1176" dir="0" index="1" bw="16" slack="0"/>
<pin id="1177" dir="0" index="2" bw="16" slack="0"/>
<pin id="1178" dir="1" index="3" bw="16" slack="0"/>
</pin_list>
<bind>
<opcode="select(49) " fcode="select"/>
<opset="REG_V_75/2 "/>
</bind>
</comp>

<comp id="1181" class="1004" name="select_ln75_4_fu_1181">
<pin_list>
<pin id="1182" dir="0" index="0" bw="1" slack="1"/>
<pin id="1183" dir="0" index="1" bw="16" slack="0"/>
<pin id="1184" dir="0" index="2" bw="16" slack="0"/>
<pin id="1185" dir="1" index="3" bw="16" slack="0"/>
</pin_list>
<bind>
<opcode="select(49) " fcode="select"/>
<opset="select_ln75_4/2 "/>
</bind>
</comp>

<comp id="1188" class="1004" name="select_ln75_5_fu_1188">
<pin_list>
<pin id="1189" dir="0" index="0" bw="1" slack="1"/>
<pin id="1190" dir="0" index="1" bw="16" slack="0"/>
<pin id="1191" dir="0" index="2" bw="16" slack="0"/>
<pin id="1192" dir="1" index="3" bw="16" slack="0"/>
</pin_list>
<bind>
<opcode="select(49) " fcode="select"/>
<opset="select_ln75_5/2 "/>
</bind>
</comp>

<comp id="1195" class="1004" name="select_ln76_4_fu_1195">
<pin_list>
<pin id="1196" dir="0" index="0" bw="1" slack="1"/>
<pin id="1197" dir="0" index="1" bw="16" slack="0"/>
<pin id="1198" dir="0" index="2" bw="16" slack="0"/>
<pin id="1199" dir="1" index="3" bw="16" slack="0"/>
</pin_list>
<bind>
<opcode="select(49) " fcode="select"/>
<opset="select_ln76_4/2 "/>
</bind>
</comp>

<comp id="1202" class="1004" name="select_ln76_5_fu_1202">
<pin_list>
<pin id="1203" dir="0" index="0" bw="1" slack="1"/>
<pin id="1204" dir="0" index="1" bw="16" slack="0"/>
<pin id="1205" dir="0" index="2" bw="16" slack="0"/>
<pin id="1206" dir="1" index="3" bw="16" slack="0"/>
</pin_list>
<bind>
<opcode="select(49) " fcode="select"/>
<opset="select_ln76_5/2 "/>
</bind>
</comp>

<comp id="1209" class="1004" name="select_ln77_4_fu_1209">
<pin_list>
<pin id="1210" dir="0" index="0" bw="1" slack="1"/>
<pin id="1211" dir="0" index="1" bw="16" slack="0"/>
<pin id="1212" dir="0" index="2" bw="16" slack="0"/>
<pin id="1213" dir="1" index="3" bw="16" slack="0"/>
</pin_list>
<bind>
<opcode="select(49) " fcode="select"/>
<opset="select_ln77_4/2 "/>
</bind>
</comp>

<comp id="1216" class="1004" name="select_ln77_5_fu_1216">
<pin_list>
<pin id="1217" dir="0" index="0" bw="1" slack="1"/>
<pin id="1218" dir="0" index="1" bw="16" slack="0"/>
<pin id="1219" dir="0" index="2" bw="16" slack="0"/>
<pin id="1220" dir="1" index="3" bw="16" slack="0"/>
</pin_list>
<bind>
<opcode="select(49) " fcode="select"/>
<opset="select_ln77_5/2 "/>
</bind>
</comp>

<comp id="1223" class="1004" name="store_ln77_store_fu_1223">
<pin_list>
<pin id="1224" dir="0" index="0" bw="16" slack="0"/>
<pin id="1225" dir="0" index="1" bw="16" slack="1"/>
<pin id="1226" dir="1" index="2" bw="0" slack="2147483647"/>
</pin_list>
<bind>
<opcode="store(28) " fcode="store"/>
<opset="store_ln77/2 "/>
</bind>
</comp>

<comp id="1228" class="1004" name="store_ln77_store_fu_1228">
<pin_list>
<pin id="1229" dir="0" index="0" bw="16" slack="0"/>
<pin id="1230" dir="0" index="1" bw="16" slack="1"/>
<pin id="1231" dir="1" index="2" bw="0" slack="2147483647"/>
</pin_list>
<bind>
<opcode="store(28) " fcode="store"/>
<opset="store_ln77/2 "/>
</bind>
</comp>

<comp id="1233" class="1004" name="store_ln77_store_fu_1233">
<pin_list>
<pin id="1234" dir="0" index="0" bw="16" slack="0"/>
<pin id="1235" dir="0" index="1" bw="16" slack="1"/>
<pin id="1236" dir="1" index="2" bw="0" slack="2147483647"/>
</pin_list>
<bind>
<opcode="store(28) " fcode="store"/>
<opset="store_ln77/2 "/>
</bind>
</comp>

<comp id="1238" class="1004" name="store_ln77_store_fu_1238">
<pin_list>
<pin id="1239" dir="0" index="0" bw="16" slack="0"/>
<pin id="1240" dir="0" index="1" bw="16" slack="1"/>
<pin id="1241" dir="1" index="2" bw="0" slack="2147483647"/>
</pin_list>
<bind>
<opcode="store(28) " fcode="store"/>
<opset="store_ln77/2 "/>
</bind>
</comp>

<comp id="1243" class="1004" name="store_ln77_store_fu_1243">
<pin_list>
<pin id="1244" dir="0" index="0" bw="16" slack="0"/>
<pin id="1245" dir="0" index="1" bw="16" slack="1"/>
<pin id="1246" dir="1" index="2" bw="0" slack="2147483647"/>
</pin_list>
<bind>
<opcode="store(28) " fcode="store"/>
<opset="store_ln77/2 "/>
</bind>
</comp>

<comp id="1248" class="1004" name="store_ln77_store_fu_1248">
<pin_list>
<pin id="1249" dir="0" index="0" bw="16" slack="0"/>
<pin id="1250" dir="0" index="1" bw="16" slack="1"/>
<pin id="1251" dir="1" index="2" bw="0" slack="2147483647"/>
</pin_list>
<bind>
<opcode="store(28) " fcode="store"/>
<opset="store_ln77/2 "/>
</bind>
</comp>

<comp id="1253" class="1004" name="store_ln77_store_fu_1253">
<pin_list>
<pin id="1254" dir="0" index="0" bw="16" slack="0"/>
<pin id="1255" dir="0" index="1" bw="16" slack="1"/>
<pin id="1256" dir="1" index="2" bw="0" slack="2147483647"/>
</pin_list>
<bind>
<opcode="store(28) " fcode="store"/>
<opset="store_ln77/2 "/>
</bind>
</comp>

<comp id="1258" class="1004" name="store_ln77_store_fu_1258">
<pin_list>
<pin id="1259" dir="0" index="0" bw="16" slack="0"/>
<pin id="1260" dir="0" index="1" bw="16" slack="1"/>
<pin id="1261" dir="1" index="2" bw="0" slack="2147483647"/>
</pin_list>
<bind>
<opcode="store(28) " fcode="store"/>
<opset="store_ln77/2 "/>
</bind>
</comp>

<comp id="1263" class="1004" name="REG_V_32_load_1_load_fu_1263">
<pin_list>
<pin id="1264" dir="0" index="0" bw="16" slack="1"/>
<pin id="1265" dir="1" index="1" bw="16" slack="0"/>
</pin_list>
<bind>
<opcode="load(27) " fcode="load"/>
<opset="REG_V_32_load_1/2 "/>
</bind>
</comp>

<comp id="1266" class="1004" name="REG_V_33_load_1_load_fu_1266">
<pin_list>
<pin id="1267" dir="0" index="0" bw="16" slack="1"/>
<pin id="1268" dir="1" index="1" bw="16" slack="0"/>
</pin_list>
<bind>
<opcode="load(27) " fcode="load"/>
<opset="REG_V_33_load_1/2 "/>
</bind>
</comp>

<comp id="1269" class="1004" name="REG_V_34_load_1_load_fu_1269">
<pin_list>
<pin id="1270" dir="0" index="0" bw="16" slack="1"/>
<pin id="1271" dir="1" index="1" bw="16" slack="0"/>
</pin_list>
<bind>
<opcode="load(27) " fcode="load"/>
<opset="REG_V_34_load_1/2 "/>
</bind>
</comp>

<comp id="1272" class="1004" name="REG_V_35_load_1_load_fu_1272">
<pin_list>
<pin id="1273" dir="0" index="0" bw="16" slack="1"/>
<pin id="1274" dir="1" index="1" bw="16" slack="0"/>
</pin_list>
<bind>
<opcode="load(27) " fcode="load"/>
<opset="REG_V_35_load_1/2 "/>
</bind>
</comp>

<comp id="1275" class="1004" name="REG_V_36_load_1_load_fu_1275">
<pin_list>
<pin id="1276" dir="0" index="0" bw="16" slack="1"/>
<pin id="1277" dir="1" index="1" bw="16" slack="0"/>
</pin_list>
<bind>
<opcode="load(27) " fcode="load"/>
<opset="REG_V_36_load_1/2 "/>
</bind>
</comp>

<comp id="1278" class="1004" name="REG_V_37_load_1_load_fu_1278">
<pin_list>
<pin id="1279" dir="0" index="0" bw="16" slack="1"/>
<pin id="1280" dir="1" index="1" bw="16" slack="0"/>
</pin_list>
<bind>
<opcode="load(27) " fcode="load"/>
<opset="REG_V_37_load_1/2 "/>
</bind>
</comp>

<comp id="1281" class="1004" name="REG_V_38_load_1_load_fu_1281">
<pin_list>
<pin id="1282" dir="0" index="0" bw="16" slack="1"/>
<pin id="1283" dir="1" index="1" bw="16" slack="0"/>
</pin_list>
<bind>
<opcode="load(27) " fcode="load"/>
<opset="REG_V_38_load_1/2 "/>
</bind>
</comp>

<comp id="1284" class="1004" name="REG_V_39_load_1_load_fu_1284">
<pin_list>
<pin id="1285" dir="0" index="0" bw="16" slack="1"/>
<pin id="1286" dir="1" index="1" bw="16" slack="0"/>
</pin_list>
<bind>
<opcode="load(27) " fcode="load"/>
<opset="REG_V_39_load_1/2 "/>
</bind>
</comp>

<comp id="1287" class="1004" name="REG_V_72_fu_1287">
<pin_list>
<pin id="1288" dir="0" index="0" bw="1" slack="1"/>
<pin id="1289" dir="0" index="1" bw="16" slack="0"/>
<pin id="1290" dir="0" index="2" bw="16" slack="0"/>
<pin id="1291" dir="1" index="3" bw="16" slack="0"/>
</pin_list>
<bind>
<opcode="select(49) " fcode="select"/>
<opset="REG_V_72/2 "/>
</bind>
</comp>

<comp id="1294" class="1004" name="REG_V_73_fu_1294">
<pin_list>
<pin id="1295" dir="0" index="0" bw="1" slack="1"/>
<pin id="1296" dir="0" index="1" bw="16" slack="0"/>
<pin id="1297" dir="0" index="2" bw="16" slack="0"/>
<pin id="1298" dir="1" index="3" bw="16" slack="0"/>
</pin_list>
<bind>
<opcode="select(49) " fcode="select"/>
<opset="REG_V_73/2 "/>
</bind>
</comp>

<comp id="1301" class="1004" name="select_ln75_2_fu_1301">
<pin_list>
<pin id="1302" dir="0" index="0" bw="1" slack="1"/>
<pin id="1303" dir="0" index="1" bw="16" slack="0"/>
<pin id="1304" dir="0" index="2" bw="16" slack="0"/>
<pin id="1305" dir="1" index="3" bw="16" slack="0"/>
</pin_list>
<bind>
<opcode="select(49) " fcode="select"/>
<opset="select_ln75_2/2 "/>
</bind>
</comp>

<comp id="1308" class="1004" name="select_ln75_3_fu_1308">
<pin_list>
<pin id="1309" dir="0" index="0" bw="1" slack="1"/>
<pin id="1310" dir="0" index="1" bw="16" slack="0"/>
<pin id="1311" dir="0" index="2" bw="16" slack="0"/>
<pin id="1312" dir="1" index="3" bw="16" slack="0"/>
</pin_list>
<bind>
<opcode="select(49) " fcode="select"/>
<opset="select_ln75_3/2 "/>
</bind>
</comp>

<comp id="1315" class="1004" name="select_ln76_2_fu_1315">
<pin_list>
<pin id="1316" dir="0" index="0" bw="1" slack="1"/>
<pin id="1317" dir="0" index="1" bw="16" slack="0"/>
<pin id="1318" dir="0" index="2" bw="16" slack="0"/>
<pin id="1319" dir="1" index="3" bw="16" slack="0"/>
</pin_list>
<bind>
<opcode="select(49) " fcode="select"/>
<opset="select_ln76_2/2 "/>
</bind>
</comp>

<comp id="1322" class="1004" name="select_ln76_3_fu_1322">
<pin_list>
<pin id="1323" dir="0" index="0" bw="1" slack="1"/>
<pin id="1324" dir="0" index="1" bw="16" slack="0"/>
<pin id="1325" dir="0" index="2" bw="16" slack="0"/>
<pin id="1326" dir="1" index="3" bw="16" slack="0"/>
</pin_list>
<bind>
<opcode="select(49) " fcode="select"/>
<opset="select_ln76_3/2 "/>
</bind>
</comp>

<comp id="1329" class="1004" name="select_ln77_2_fu_1329">
<pin_list>
<pin id="1330" dir="0" index="0" bw="1" slack="1"/>
<pin id="1331" dir="0" index="1" bw="16" slack="0"/>
<pin id="1332" dir="0" index="2" bw="16" slack="0"/>
<pin id="1333" dir="1" index="3" bw="16" slack="0"/>
</pin_list>
<bind>
<opcode="select(49) " fcode="select"/>
<opset="select_ln77_2/2 "/>
</bind>
</comp>

<comp id="1336" class="1004" name="select_ln77_3_fu_1336">
<pin_list>
<pin id="1337" dir="0" index="0" bw="1" slack="1"/>
<pin id="1338" dir="0" index="1" bw="16" slack="0"/>
<pin id="1339" dir="0" index="2" bw="16" slack="0"/>
<pin id="1340" dir="1" index="3" bw="16" slack="0"/>
</pin_list>
<bind>
<opcode="select(49) " fcode="select"/>
<opset="select_ln77_3/2 "/>
</bind>
</comp>

<comp id="1343" class="1004" name="store_ln77_store_fu_1343">
<pin_list>
<pin id="1344" dir="0" index="0" bw="16" slack="0"/>
<pin id="1345" dir="0" index="1" bw="16" slack="1"/>
<pin id="1346" dir="1" index="2" bw="0" slack="2147483647"/>
</pin_list>
<bind>
<opcode="store(28) " fcode="store"/>
<opset="store_ln77/2 "/>
</bind>
</comp>

<comp id="1348" class="1004" name="store_ln77_store_fu_1348">
<pin_list>
<pin id="1349" dir="0" index="0" bw="16" slack="0"/>
<pin id="1350" dir="0" index="1" bw="16" slack="1"/>
<pin id="1351" dir="1" index="2" bw="0" slack="2147483647"/>
</pin_list>
<bind>
<opcode="store(28) " fcode="store"/>
<opset="store_ln77/2 "/>
</bind>
</comp>

<comp id="1353" class="1004" name="store_ln77_store_fu_1353">
<pin_list>
<pin id="1354" dir="0" index="0" bw="16" slack="0"/>
<pin id="1355" dir="0" index="1" bw="16" slack="1"/>
<pin id="1356" dir="1" index="2" bw="0" slack="2147483647"/>
</pin_list>
<bind>
<opcode="store(28) " fcode="store"/>
<opset="store_ln77/2 "/>
</bind>
</comp>

<comp id="1358" class="1004" name="store_ln77_store_fu_1358">
<pin_list>
<pin id="1359" dir="0" index="0" bw="16" slack="0"/>
<pin id="1360" dir="0" index="1" bw="16" slack="1"/>
<pin id="1361" dir="1" index="2" bw="0" slack="2147483647"/>
</pin_list>
<bind>
<opcode="store(28) " fcode="store"/>
<opset="store_ln77/2 "/>
</bind>
</comp>

<comp id="1363" class="1004" name="store_ln77_store_fu_1363">
<pin_list>
<pin id="1364" dir="0" index="0" bw="16" slack="0"/>
<pin id="1365" dir="0" index="1" bw="16" slack="1"/>
<pin id="1366" dir="1" index="2" bw="0" slack="2147483647"/>
</pin_list>
<bind>
<opcode="store(28) " fcode="store"/>
<opset="store_ln77/2 "/>
</bind>
</comp>

<comp id="1368" class="1004" name="store_ln77_store_fu_1368">
<pin_list>
<pin id="1369" dir="0" index="0" bw="16" slack="0"/>
<pin id="1370" dir="0" index="1" bw="16" slack="1"/>
<pin id="1371" dir="1" index="2" bw="0" slack="2147483647"/>
</pin_list>
<bind>
<opcode="store(28) " fcode="store"/>
<opset="store_ln77/2 "/>
</bind>
</comp>

<comp id="1373" class="1004" name="store_ln77_store_fu_1373">
<pin_list>
<pin id="1374" dir="0" index="0" bw="16" slack="0"/>
<pin id="1375" dir="0" index="1" bw="16" slack="1"/>
<pin id="1376" dir="1" index="2" bw="0" slack="2147483647"/>
</pin_list>
<bind>
<opcode="store(28) " fcode="store"/>
<opset="store_ln77/2 "/>
</bind>
</comp>

<comp id="1378" class="1004" name="store_ln77_store_fu_1378">
<pin_list>
<pin id="1379" dir="0" index="0" bw="16" slack="0"/>
<pin id="1380" dir="0" index="1" bw="16" slack="1"/>
<pin id="1381" dir="1" index="2" bw="0" slack="2147483647"/>
</pin_list>
<bind>
<opcode="store(28) " fcode="store"/>
<opset="store_ln77/2 "/>
</bind>
</comp>

<comp id="1383" class="1004" name="REG_V_56_load_1_load_fu_1383">
<pin_list>
<pin id="1384" dir="0" index="0" bw="16" slack="1"/>
<pin id="1385" dir="1" index="1" bw="16" slack="0"/>
</pin_list>
<bind>
<opcode="load(27) " fcode="load"/>
<opset="REG_V_56_load_1/2 "/>
</bind>
</comp>

<comp id="1386" class="1004" name="REG_V_57_load_1_load_fu_1386">
<pin_list>
<pin id="1387" dir="0" index="0" bw="16" slack="1"/>
<pin id="1388" dir="1" index="1" bw="16" slack="0"/>
</pin_list>
<bind>
<opcode="load(27) " fcode="load"/>
<opset="REG_V_57_load_1/2 "/>
</bind>
</comp>

<comp id="1389" class="1004" name="REG_V_58_load_1_load_fu_1389">
<pin_list>
<pin id="1390" dir="0" index="0" bw="16" slack="1"/>
<pin id="1391" dir="1" index="1" bw="16" slack="0"/>
</pin_list>
<bind>
<opcode="load(27) " fcode="load"/>
<opset="REG_V_58_load_1/2 "/>
</bind>
</comp>

<comp id="1392" class="1004" name="REG_V_59_load_1_load_fu_1392">
<pin_list>
<pin id="1393" dir="0" index="0" bw="16" slack="1"/>
<pin id="1394" dir="1" index="1" bw="16" slack="0"/>
</pin_list>
<bind>
<opcode="load(27) " fcode="load"/>
<opset="REG_V_59_load_1/2 "/>
</bind>
</comp>

<comp id="1395" class="1004" name="REG_V_60_load_1_load_fu_1395">
<pin_list>
<pin id="1396" dir="0" index="0" bw="16" slack="1"/>
<pin id="1397" dir="1" index="1" bw="16" slack="0"/>
</pin_list>
<bind>
<opcode="load(27) " fcode="load"/>
<opset="REG_V_60_load_1/2 "/>
</bind>
</comp>

<comp id="1398" class="1004" name="REG_V_61_load_1_load_fu_1398">
<pin_list>
<pin id="1399" dir="0" index="0" bw="16" slack="1"/>
<pin id="1400" dir="1" index="1" bw="16" slack="0"/>
</pin_list>
<bind>
<opcode="load(27) " fcode="load"/>
<opset="REG_V_61_load_1/2 "/>
</bind>
</comp>

<comp id="1401" class="1004" name="REG_V_62_load_1_load_fu_1401">
<pin_list>
<pin id="1402" dir="0" index="0" bw="16" slack="1"/>
<pin id="1403" dir="1" index="1" bw="16" slack="0"/>
</pin_list>
<bind>
<opcode="load(27) " fcode="load"/>
<opset="REG_V_62_load_1/2 "/>
</bind>
</comp>

<comp id="1404" class="1004" name="REG_V_63_load_1_load_fu_1404">
<pin_list>
<pin id="1405" dir="0" index="0" bw="16" slack="1"/>
<pin id="1406" dir="1" index="1" bw="16" slack="0"/>
</pin_list>
<bind>
<opcode="load(27) " fcode="load"/>
<opset="REG_V_63_load_1/2 "/>
</bind>
</comp>

<comp id="1407" class="1004" name="REG_V_65_fu_1407">
<pin_list>
<pin id="1408" dir="0" index="0" bw="1" slack="1"/>
<pin id="1409" dir="0" index="1" bw="16" slack="0"/>
<pin id="1410" dir="0" index="2" bw="16" slack="0"/>
<pin id="1411" dir="1" index="3" bw="16" slack="0"/>
</pin_list>
<bind>
<opcode="select(49) " fcode="select"/>
<opset="REG_V_65/2 "/>
</bind>
</comp>

<comp id="1414" class="1004" name="REG_V_66_fu_1414">
<pin_list>
<pin id="1415" dir="0" index="0" bw="1" slack="1"/>
<pin id="1416" dir="0" index="1" bw="16" slack="0"/>
<pin id="1417" dir="0" index="2" bw="16" slack="0"/>
<pin id="1418" dir="1" index="3" bw="16" slack="0"/>
</pin_list>
<bind>
<opcode="select(49) " fcode="select"/>
<opset="REG_V_66/2 "/>
</bind>
</comp>

<comp id="1421" class="1004" name="select_ln75_fu_1421">
<pin_list>
<pin id="1422" dir="0" index="0" bw="1" slack="1"/>
<pin id="1423" dir="0" index="1" bw="16" slack="0"/>
<pin id="1424" dir="0" index="2" bw="16" slack="0"/>
<pin id="1425" dir="1" index="3" bw="16" slack="0"/>
</pin_list>
<bind>
<opcode="select(49) " fcode="select"/>
<opset="select_ln75/2 "/>
</bind>
</comp>

<comp id="1428" class="1004" name="select_ln75_1_fu_1428">
<pin_list>
<pin id="1429" dir="0" index="0" bw="1" slack="1"/>
<pin id="1430" dir="0" index="1" bw="16" slack="0"/>
<pin id="1431" dir="0" index="2" bw="16" slack="0"/>
<pin id="1432" dir="1" index="3" bw="16" slack="0"/>
</pin_list>
<bind>
<opcode="select(49) " fcode="select"/>
<opset="select_ln75_1/2 "/>
</bind>
</comp>

<comp id="1435" class="1004" name="select_ln76_fu_1435">
<pin_list>
<pin id="1436" dir="0" index="0" bw="1" slack="1"/>
<pin id="1437" dir="0" index="1" bw="16" slack="0"/>
<pin id="1438" dir="0" index="2" bw="16" slack="0"/>
<pin id="1439" dir="1" index="3" bw="16" slack="0"/>
</pin_list>
<bind>
<opcode="select(49) " fcode="select"/>
<opset="select_ln76/2 "/>
</bind>
</comp>

<comp id="1442" class="1004" name="select_ln76_1_fu_1442">
<pin_list>
<pin id="1443" dir="0" index="0" bw="1" slack="1"/>
<pin id="1444" dir="0" index="1" bw="16" slack="0"/>
<pin id="1445" dir="0" index="2" bw="16" slack="0"/>
<pin id="1446" dir="1" index="3" bw="16" slack="0"/>
</pin_list>
<bind>
<opcode="select(49) " fcode="select"/>
<opset="select_ln76_1/2 "/>
</bind>
</comp>

<comp id="1449" class="1004" name="select_ln77_fu_1449">
<pin_list>
<pin id="1450" dir="0" index="0" bw="1" slack="1"/>
<pin id="1451" dir="0" index="1" bw="16" slack="0"/>
<pin id="1452" dir="0" index="2" bw="16" slack="0"/>
<pin id="1453" dir="1" index="3" bw="16" slack="0"/>
</pin_list>
<bind>
<opcode="select(49) " fcode="select"/>
<opset="select_ln77/2 "/>
</bind>
</comp>

<comp id="1456" class="1004" name="select_ln77_1_fu_1456">
<pin_list>
<pin id="1457" dir="0" index="0" bw="1" slack="1"/>
<pin id="1458" dir="0" index="1" bw="16" slack="0"/>
<pin id="1459" dir="0" index="2" bw="16" slack="0"/>
<pin id="1460" dir="1" index="3" bw="16" slack="0"/>
</pin_list>
<bind>
<opcode="select(49) " fcode="select"/>
<opset="select_ln77_1/2 "/>
</bind>
</comp>

<comp id="1463" class="1004" name="store_ln77_store_fu_1463">
<pin_list>
<pin id="1464" dir="0" index="0" bw="16" slack="0"/>
<pin id="1465" dir="0" index="1" bw="16" slack="1"/>
<pin id="1466" dir="1" index="2" bw="0" slack="2147483647"/>
</pin_list>
<bind>
<opcode="store(28) " fcode="store"/>
<opset="store_ln77/2 "/>
</bind>
</comp>

<comp id="1468" class="1004" name="store_ln77_store_fu_1468">
<pin_list>
<pin id="1469" dir="0" index="0" bw="16" slack="0"/>
<pin id="1470" dir="0" index="1" bw="16" slack="1"/>
<pin id="1471" dir="1" index="2" bw="0" slack="2147483647"/>
</pin_list>
<bind>
<opcode="store(28) " fcode="store"/>
<opset="store_ln77/2 "/>
</bind>
</comp>

<comp id="1473" class="1004" name="store_ln77_store_fu_1473">
<pin_list>
<pin id="1474" dir="0" index="0" bw="16" slack="0"/>
<pin id="1475" dir="0" index="1" bw="16" slack="1"/>
<pin id="1476" dir="1" index="2" bw="0" slack="2147483647"/>
</pin_list>
<bind>
<opcode="store(28) " fcode="store"/>
<opset="store_ln77/2 "/>
</bind>
</comp>

<comp id="1478" class="1004" name="store_ln77_store_fu_1478">
<pin_list>
<pin id="1479" dir="0" index="0" bw="16" slack="0"/>
<pin id="1480" dir="0" index="1" bw="16" slack="1"/>
<pin id="1481" dir="1" index="2" bw="0" slack="2147483647"/>
</pin_list>
<bind>
<opcode="store(28) " fcode="store"/>
<opset="store_ln77/2 "/>
</bind>
</comp>

<comp id="1483" class="1004" name="store_ln77_store_fu_1483">
<pin_list>
<pin id="1484" dir="0" index="0" bw="16" slack="0"/>
<pin id="1485" dir="0" index="1" bw="16" slack="1"/>
<pin id="1486" dir="1" index="2" bw="0" slack="2147483647"/>
</pin_list>
<bind>
<opcode="store(28) " fcode="store"/>
<opset="store_ln77/2 "/>
</bind>
</comp>

<comp id="1488" class="1004" name="store_ln77_store_fu_1488">
<pin_list>
<pin id="1489" dir="0" index="0" bw="16" slack="0"/>
<pin id="1490" dir="0" index="1" bw="16" slack="1"/>
<pin id="1491" dir="1" index="2" bw="0" slack="2147483647"/>
</pin_list>
<bind>
<opcode="store(28) " fcode="store"/>
<opset="store_ln77/2 "/>
</bind>
</comp>

<comp id="1493" class="1004" name="store_ln77_store_fu_1493">
<pin_list>
<pin id="1494" dir="0" index="0" bw="16" slack="0"/>
<pin id="1495" dir="0" index="1" bw="16" slack="1"/>
<pin id="1496" dir="1" index="2" bw="0" slack="2147483647"/>
</pin_list>
<bind>
<opcode="store(28) " fcode="store"/>
<opset="store_ln77/2 "/>
</bind>
</comp>

<comp id="1498" class="1004" name="store_ln77_store_fu_1498">
<pin_list>
<pin id="1499" dir="0" index="0" bw="16" slack="0"/>
<pin id="1500" dir="0" index="1" bw="16" slack="1"/>
<pin id="1501" dir="1" index="2" bw="0" slack="2147483647"/>
</pin_list>
<bind>
<opcode="store(28) " fcode="store"/>
<opset="store_ln77/2 "/>
</bind>
</comp>

<comp id="1503" class="1004" name="zext_ln186_17_fu_1503">
<pin_list>
<pin id="1504" dir="0" index="0" bw="16" slack="0"/>
<pin id="1505" dir="1" index="1" bw="32" slack="0"/>
</pin_list>
<bind>
<opcode="zext(34) " fcode="zext"/>
<opset="zext_ln186_17/2 "/>
</bind>
</comp>

<comp id="1507" class="1004" name="zext_ln186_18_fu_1507">
<pin_list>
<pin id="1508" dir="0" index="0" bw="16" slack="0"/>
<pin id="1509" dir="1" index="1" bw="32" slack="0"/>
</pin_list>
<bind>
<opcode="zext(34) " fcode="zext"/>
<opset="zext_ln186_18/2 "/>
</bind>
</comp>

<comp id="1511" class="1004" name="zext_ln186_fu_1511">
<pin_list>
<pin id="1512" dir="0" index="0" bw="16" slack="1"/>
<pin id="1513" dir="1" index="1" bw="32" slack="0"/>
</pin_list>
<bind>
<opcode="zext(34) " fcode="zext"/>
<opset="zext_ln186/3 "/>
</bind>
</comp>

<comp id="1514" class="1004" name="zext_ln186_16_fu_1514">
<pin_list>
<pin id="1515" dir="0" index="0" bw="16" slack="1"/>
<pin id="1516" dir="1" index="1" bw="32" slack="0"/>
</pin_list>
<bind>
<opcode="zext(34) " fcode="zext"/>
<opset="zext_ln186_16/3 "/>
</bind>
</comp>

<comp id="1517" class="1004" name="zext_ln186_20_fu_1517">
<pin_list>
<pin id="1518" dir="0" index="0" bw="32" slack="0"/>
<pin id="1519" dir="1" index="1" bw="33" slack="0"/>
</pin_list>
<bind>
<opcode="zext(34) " fcode="zext"/>
<opset="zext_ln186_20/5 "/>
</bind>
</comp>

<comp id="1520" class="1004" name="self_sum_V_2_load_fu_1520">
<pin_list>
<pin id="1521" dir="0" index="0" bw="34" slack="5"/>
<pin id="1522" dir="1" index="1" bw="34" slack="0"/>
</pin_list>
<bind>
<opcode="load(27) " fcode="load"/>
<opset="self_sum_V_2/6 "/>
</bind>
</comp>

<comp id="1523" class="1004" name="empty_fu_1523">
<pin_list>
<pin id="1524" dir="0" index="0" bw="34" slack="0"/>
<pin id="1525" dir="1" index="1" bw="32" slack="0"/>
</pin_list>
<bind>
<opcode="trunc(33) " fcode="trunc"/>
<opset="empty/6 "/>
</bind>
</comp>

<comp id="1528" class="1004" name="zext_ln840_fu_1528">
<pin_list>
<pin id="1529" dir="0" index="0" bw="33" slack="0"/>
<pin id="1530" dir="1" index="1" bw="34" slack="0"/>
</pin_list>
<bind>
<opcode="zext(34) " fcode="zext"/>
<opset="zext_ln840/6 "/>
</bind>
</comp>

<comp id="1531" class="1004" name="self_sum_V_3_fu_1531">
<pin_list>
<pin id="1532" dir="0" index="0" bw="33" slack="0"/>
<pin id="1533" dir="0" index="1" bw="34" slack="0"/>
<pin id="1534" dir="1" index="2" bw="34" slack="0"/>
</pin_list>
<bind>
<opcode="add(8) " fcode="add"/>
<opset="self_sum_V_3/6 "/>
</bind>
</comp>

<comp id="1537" class="1004" name="store_ln66_store_fu_1537">
<pin_list>
<pin id="1538" dir="0" index="0" bw="34" slack="0"/>
<pin id="1539" dir="0" index="1" bw="34" slack="5"/>
<pin id="1540" dir="1" index="2" bw="0" slack="2147483647"/>
</pin_list>
<bind>
<opcode="store(28) " fcode="store"/>
<opset="store_ln66/6 "/>
</bind>
</comp>

<comp id="1542" class="1004" name="REG_V_32_load_load_fu_1542">
<pin_list>
<pin id="1543" dir="0" index="0" bw="16" slack="5"/>
<pin id="1544" dir="1" index="1" bw="16" slack="0"/>
</pin_list>
<bind>
<opcode="load(27) " fcode="load"/>
<opset="REG_V_32_load/6 "/>
</bind>
</comp>

<comp id="1546" class="1004" name="REG_V_33_load_load_fu_1546">
<pin_list>
<pin id="1547" dir="0" index="0" bw="16" slack="5"/>
<pin id="1548" dir="1" index="1" bw="16" slack="0"/>
</pin_list>
<bind>
<opcode="load(27) " fcode="load"/>
<opset="REG_V_33_load/6 "/>
</bind>
</comp>

<comp id="1550" class="1004" name="REG_V_34_load_load_fu_1550">
<pin_list>
<pin id="1551" dir="0" index="0" bw="16" slack="5"/>
<pin id="1552" dir="1" index="1" bw="16" slack="0"/>
</pin_list>
<bind>
<opcode="load(27) " fcode="load"/>
<opset="REG_V_34_load/6 "/>
</bind>
</comp>

<comp id="1554" class="1004" name="REG_V_35_load_load_fu_1554">
<pin_list>
<pin id="1555" dir="0" index="0" bw="16" slack="5"/>
<pin id="1556" dir="1" index="1" bw="16" slack="0"/>
</pin_list>
<bind>
<opcode="load(27) " fcode="load"/>
<opset="REG_V_35_load/6 "/>
</bind>
</comp>

<comp id="1558" class="1004" name="REG_V_36_load_load_fu_1558">
<pin_list>
<pin id="1559" dir="0" index="0" bw="16" slack="5"/>
<pin id="1560" dir="1" index="1" bw="16" slack="0"/>
</pin_list>
<bind>
<opcode="load(27) " fcode="load"/>
<opset="REG_V_36_load/6 "/>
</bind>
</comp>

<comp id="1562" class="1004" name="REG_V_37_load_load_fu_1562">
<pin_list>
<pin id="1563" dir="0" index="0" bw="16" slack="5"/>
<pin id="1564" dir="1" index="1" bw="16" slack="0"/>
</pin_list>
<bind>
<opcode="load(27) " fcode="load"/>
<opset="REG_V_37_load/6 "/>
</bind>
</comp>

<comp id="1566" class="1004" name="REG_V_38_load_load_fu_1566">
<pin_list>
<pin id="1567" dir="0" index="0" bw="16" slack="5"/>
<pin id="1568" dir="1" index="1" bw="16" slack="0"/>
</pin_list>
<bind>
<opcode="load(27) " fcode="load"/>
<opset="REG_V_38_load/6 "/>
</bind>
</comp>

<comp id="1570" class="1004" name="REG_V_39_load_load_fu_1570">
<pin_list>
<pin id="1571" dir="0" index="0" bw="16" slack="5"/>
<pin id="1572" dir="1" index="1" bw="16" slack="0"/>
</pin_list>
<bind>
<opcode="load(27) " fcode="load"/>
<opset="REG_V_39_load/6 "/>
</bind>
</comp>

<comp id="1574" class="1004" name="REG_V_40_load_load_fu_1574">
<pin_list>
<pin id="1575" dir="0" index="0" bw="16" slack="5"/>
<pin id="1576" dir="1" index="1" bw="16" slack="0"/>
</pin_list>
<bind>
<opcode="load(27) " fcode="load"/>
<opset="REG_V_40_load/6 "/>
</bind>
</comp>

<comp id="1578" class="1004" name="REG_V_41_load_load_fu_1578">
<pin_list>
<pin id="1579" dir="0" index="0" bw="16" slack="5"/>
<pin id="1580" dir="1" index="1" bw="16" slack="0"/>
</pin_list>
<bind>
<opcode="load(27) " fcode="load"/>
<opset="REG_V_41_load/6 "/>
</bind>
</comp>

<comp id="1582" class="1004" name="REG_V_42_load_load_fu_1582">
<pin_list>
<pin id="1583" dir="0" index="0" bw="16" slack="5"/>
<pin id="1584" dir="1" index="1" bw="16" slack="0"/>
</pin_list>
<bind>
<opcode="load(27) " fcode="load"/>
<opset="REG_V_42_load/6 "/>
</bind>
</comp>

<comp id="1586" class="1004" name="REG_V_43_load_load_fu_1586">
<pin_list>
<pin id="1587" dir="0" index="0" bw="16" slack="5"/>
<pin id="1588" dir="1" index="1" bw="16" slack="0"/>
</pin_list>
<bind>
<opcode="load(27) " fcode="load"/>
<opset="REG_V_43_load/6 "/>
</bind>
</comp>

<comp id="1590" class="1004" name="REG_V_44_load_load_fu_1590">
<pin_list>
<pin id="1591" dir="0" index="0" bw="16" slack="5"/>
<pin id="1592" dir="1" index="1" bw="16" slack="0"/>
</pin_list>
<bind>
<opcode="load(27) " fcode="load"/>
<opset="REG_V_44_load/6 "/>
</bind>
</comp>

<comp id="1594" class="1004" name="REG_V_45_load_load_fu_1594">
<pin_list>
<pin id="1595" dir="0" index="0" bw="16" slack="5"/>
<pin id="1596" dir="1" index="1" bw="16" slack="0"/>
</pin_list>
<bind>
<opcode="load(27) " fcode="load"/>
<opset="REG_V_45_load/6 "/>
</bind>
</comp>

<comp id="1598" class="1004" name="REG_V_46_load_load_fu_1598">
<pin_list>
<pin id="1599" dir="0" index="0" bw="16" slack="5"/>
<pin id="1600" dir="1" index="1" bw="16" slack="0"/>
</pin_list>
<bind>
<opcode="load(27) " fcode="load"/>
<opset="REG_V_46_load/6 "/>
</bind>
</comp>

<comp id="1602" class="1004" name="REG_V_47_load_load_fu_1602">
<pin_list>
<pin id="1603" dir="0" index="0" bw="16" slack="5"/>
<pin id="1604" dir="1" index="1" bw="16" slack="0"/>
</pin_list>
<bind>
<opcode="load(27) " fcode="load"/>
<opset="REG_V_47_load/6 "/>
</bind>
</comp>

<comp id="1606" class="1004" name="REG_V_48_load_load_fu_1606">
<pin_list>
<pin id="1607" dir="0" index="0" bw="16" slack="5"/>
<pin id="1608" dir="1" index="1" bw="16" slack="0"/>
</pin_list>
<bind>
<opcode="load(27) " fcode="load"/>
<opset="REG_V_48_load/6 "/>
</bind>
</comp>

<comp id="1610" class="1004" name="REG_V_49_load_load_fu_1610">
<pin_list>
<pin id="1611" dir="0" index="0" bw="16" slack="5"/>
<pin id="1612" dir="1" index="1" bw="16" slack="0"/>
</pin_list>
<bind>
<opcode="load(27) " fcode="load"/>
<opset="REG_V_49_load/6 "/>
</bind>
</comp>

<comp id="1614" class="1004" name="REG_V_50_load_load_fu_1614">
<pin_list>
<pin id="1615" dir="0" index="0" bw="16" slack="5"/>
<pin id="1616" dir="1" index="1" bw="16" slack="0"/>
</pin_list>
<bind>
<opcode="load(27) " fcode="load"/>
<opset="REG_V_50_load/6 "/>
</bind>
</comp>

<comp id="1618" class="1004" name="REG_V_51_load_load_fu_1618">
<pin_list>
<pin id="1619" dir="0" index="0" bw="16" slack="5"/>
<pin id="1620" dir="1" index="1" bw="16" slack="0"/>
</pin_list>
<bind>
<opcode="load(27) " fcode="load"/>
<opset="REG_V_51_load/6 "/>
</bind>
</comp>

<comp id="1622" class="1004" name="REG_V_52_load_load_fu_1622">
<pin_list>
<pin id="1623" dir="0" index="0" bw="16" slack="5"/>
<pin id="1624" dir="1" index="1" bw="16" slack="0"/>
</pin_list>
<bind>
<opcode="load(27) " fcode="load"/>
<opset="REG_V_52_load/6 "/>
</bind>
</comp>

<comp id="1626" class="1004" name="REG_V_53_load_load_fu_1626">
<pin_list>
<pin id="1627" dir="0" index="0" bw="16" slack="5"/>
<pin id="1628" dir="1" index="1" bw="16" slack="0"/>
</pin_list>
<bind>
<opcode="load(27) " fcode="load"/>
<opset="REG_V_53_load/6 "/>
</bind>
</comp>

<comp id="1630" class="1004" name="REG_V_54_load_load_fu_1630">
<pin_list>
<pin id="1631" dir="0" index="0" bw="16" slack="5"/>
<pin id="1632" dir="1" index="1" bw="16" slack="0"/>
</pin_list>
<bind>
<opcode="load(27) " fcode="load"/>
<opset="REG_V_54_load/6 "/>
</bind>
</comp>

<comp id="1634" class="1004" name="REG_V_55_load_load_fu_1634">
<pin_list>
<pin id="1635" dir="0" index="0" bw="16" slack="5"/>
<pin id="1636" dir="1" index="1" bw="16" slack="0"/>
</pin_list>
<bind>
<opcode="load(27) " fcode="load"/>
<opset="REG_V_55_load/6 "/>
</bind>
</comp>

<comp id="1638" class="1004" name="REG_V_56_load_load_fu_1638">
<pin_list>
<pin id="1639" dir="0" index="0" bw="16" slack="5"/>
<pin id="1640" dir="1" index="1" bw="16" slack="0"/>
</pin_list>
<bind>
<opcode="load(27) " fcode="load"/>
<opset="REG_V_56_load/6 "/>
</bind>
</comp>

<comp id="1642" class="1004" name="REG_V_57_load_load_fu_1642">
<pin_list>
<pin id="1643" dir="0" index="0" bw="16" slack="5"/>
<pin id="1644" dir="1" index="1" bw="16" slack="0"/>
</pin_list>
<bind>
<opcode="load(27) " fcode="load"/>
<opset="REG_V_57_load/6 "/>
</bind>
</comp>

<comp id="1646" class="1004" name="REG_V_58_load_load_fu_1646">
<pin_list>
<pin id="1647" dir="0" index="0" bw="16" slack="5"/>
<pin id="1648" dir="1" index="1" bw="16" slack="0"/>
</pin_list>
<bind>
<opcode="load(27) " fcode="load"/>
<opset="REG_V_58_load/6 "/>
</bind>
</comp>

<comp id="1650" class="1004" name="REG_V_59_load_load_fu_1650">
<pin_list>
<pin id="1651" dir="0" index="0" bw="16" slack="5"/>
<pin id="1652" dir="1" index="1" bw="16" slack="0"/>
</pin_list>
<bind>
<opcode="load(27) " fcode="load"/>
<opset="REG_V_59_load/6 "/>
</bind>
</comp>

<comp id="1654" class="1004" name="REG_V_60_load_load_fu_1654">
<pin_list>
<pin id="1655" dir="0" index="0" bw="16" slack="5"/>
<pin id="1656" dir="1" index="1" bw="16" slack="0"/>
</pin_list>
<bind>
<opcode="load(27) " fcode="load"/>
<opset="REG_V_60_load/6 "/>
</bind>
</comp>

<comp id="1658" class="1004" name="REG_V_61_load_load_fu_1658">
<pin_list>
<pin id="1659" dir="0" index="0" bw="16" slack="5"/>
<pin id="1660" dir="1" index="1" bw="16" slack="0"/>
</pin_list>
<bind>
<opcode="load(27) " fcode="load"/>
<opset="REG_V_61_load/6 "/>
</bind>
</comp>

<comp id="1662" class="1004" name="REG_V_62_load_load_fu_1662">
<pin_list>
<pin id="1663" dir="0" index="0" bw="16" slack="5"/>
<pin id="1664" dir="1" index="1" bw="16" slack="0"/>
</pin_list>
<bind>
<opcode="load(27) " fcode="load"/>
<opset="REG_V_62_load/6 "/>
</bind>
</comp>

<comp id="1666" class="1004" name="REG_V_63_load_load_fu_1666">
<pin_list>
<pin id="1667" dir="0" index="0" bw="16" slack="5"/>
<pin id="1668" dir="1" index="1" bw="16" slack="0"/>
</pin_list>
<bind>
<opcode="load(27) " fcode="load"/>
<opset="REG_V_63_load/6 "/>
</bind>
</comp>

<comp id="1670" class="1007" name="grp_fu_1670">
<pin_list>
<pin id="1671" dir="0" index="0" bw="16" slack="0"/>
<pin id="1672" dir="0" index="1" bw="16" slack="0"/>
<pin id="1673" dir="1" index="2" bw="32" slack="0"/>
</pin_list>
<bind>
<opcode="mul(12) " fcode="mul"/>
<opset="ret_V_4/2 "/>
</bind>
</comp>

<comp id="1677" class="1007" name="grp_fu_1677">
<pin_list>
<pin id="1678" dir="0" index="0" bw="16" slack="0"/>
<pin id="1679" dir="0" index="1" bw="16" slack="0"/>
<pin id="1680" dir="0" index="2" bw="32" slack="0"/>
<pin id="1681" dir="1" index="3" bw="33" slack="0"/>
</pin_list>
<bind>
<opcode="muladd(1172) " fcode="muladd"/>
<opset="ret_V_3/3 zext_ln186_19/5 ret_V/5 "/>
</bind>
</comp>

<comp id="1686" class="1005" name="self_sum_V_reg_1686">
<pin_list>
<pin id="1687" dir="0" index="0" bw="34" slack="0"/>
<pin id="1688" dir="1" index="1" bw="34" slack="0"/>
</pin_list>
<bind>
<opset="self_sum_V "/>
</bind>
</comp>

<comp id="1693" class="1005" name="fe_reg_1693">
<pin_list>
<pin id="1694" dir="0" index="0" bw="2" slack="0"/>
<pin id="1695" dir="1" index="1" bw="2" slack="0"/>
</pin_list>
<bind>
<opset="fe "/>
</bind>
</comp>

<comp id="1700" class="1005" name="REG_V_32_reg_1700">
<pin_list>
<pin id="1701" dir="0" index="0" bw="16" slack="0"/>
<pin id="1702" dir="1" index="1" bw="16" slack="0"/>
</pin_list>
<bind>
<opset="REG_V_32 "/>
</bind>
</comp>

<comp id="1708" class="1005" name="REG_V_33_reg_1708">
<pin_list>
<pin id="1709" dir="0" index="0" bw="16" slack="0"/>
<pin id="1710" dir="1" index="1" bw="16" slack="0"/>
</pin_list>
<bind>
<opset="REG_V_33 "/>
</bind>
</comp>

<comp id="1716" class="1005" name="REG_V_34_reg_1716">
<pin_list>
<pin id="1717" dir="0" index="0" bw="16" slack="0"/>
<pin id="1718" dir="1" index="1" bw="16" slack="0"/>
</pin_list>
<bind>
<opset="REG_V_34 "/>
</bind>
</comp>

<comp id="1724" class="1005" name="REG_V_35_reg_1724">
<pin_list>
<pin id="1725" dir="0" index="0" bw="16" slack="0"/>
<pin id="1726" dir="1" index="1" bw="16" slack="0"/>
</pin_list>
<bind>
<opset="REG_V_35 "/>
</bind>
</comp>

<comp id="1732" class="1005" name="REG_V_36_reg_1732">
<pin_list>
<pin id="1733" dir="0" index="0" bw="16" slack="0"/>
<pin id="1734" dir="1" index="1" bw="16" slack="0"/>
</pin_list>
<bind>
<opset="REG_V_36 "/>
</bind>
</comp>

<comp id="1740" class="1005" name="REG_V_37_reg_1740">
<pin_list>
<pin id="1741" dir="0" index="0" bw="16" slack="0"/>
<pin id="1742" dir="1" index="1" bw="16" slack="0"/>
</pin_list>
<bind>
<opset="REG_V_37 "/>
</bind>
</comp>

<comp id="1748" class="1005" name="REG_V_38_reg_1748">
<pin_list>
<pin id="1749" dir="0" index="0" bw="16" slack="0"/>
<pin id="1750" dir="1" index="1" bw="16" slack="0"/>
</pin_list>
<bind>
<opset="REG_V_38 "/>
</bind>
</comp>

<comp id="1756" class="1005" name="REG_V_39_reg_1756">
<pin_list>
<pin id="1757" dir="0" index="0" bw="16" slack="0"/>
<pin id="1758" dir="1" index="1" bw="16" slack="0"/>
</pin_list>
<bind>
<opset="REG_V_39 "/>
</bind>
</comp>

<comp id="1764" class="1005" name="REG_V_40_reg_1764">
<pin_list>
<pin id="1765" dir="0" index="0" bw="16" slack="0"/>
<pin id="1766" dir="1" index="1" bw="16" slack="0"/>
</pin_list>
<bind>
<opset="REG_V_40 "/>
</bind>
</comp>

<comp id="1772" class="1005" name="REG_V_41_reg_1772">
<pin_list>
<pin id="1773" dir="0" index="0" bw="16" slack="0"/>
<pin id="1774" dir="1" index="1" bw="16" slack="0"/>
</pin_list>
<bind>
<opset="REG_V_41 "/>
</bind>
</comp>

<comp id="1780" class="1005" name="REG_V_42_reg_1780">
<pin_list>
<pin id="1781" dir="0" index="0" bw="16" slack="0"/>
<pin id="1782" dir="1" index="1" bw="16" slack="0"/>
</pin_list>
<bind>
<opset="REG_V_42 "/>
</bind>
</comp>

<comp id="1788" class="1005" name="REG_V_43_reg_1788">
<pin_list>
<pin id="1789" dir="0" index="0" bw="16" slack="0"/>
<pin id="1790" dir="1" index="1" bw="16" slack="0"/>
</pin_list>
<bind>
<opset="REG_V_43 "/>
</bind>
</comp>

<comp id="1796" class="1005" name="REG_V_44_reg_1796">
<pin_list>
<pin id="1797" dir="0" index="0" bw="16" slack="0"/>
<pin id="1798" dir="1" index="1" bw="16" slack="0"/>
</pin_list>
<bind>
<opset="REG_V_44 "/>
</bind>
</comp>

<comp id="1804" class="1005" name="REG_V_45_reg_1804">
<pin_list>
<pin id="1805" dir="0" index="0" bw="16" slack="0"/>
<pin id="1806" dir="1" index="1" bw="16" slack="0"/>
</pin_list>
<bind>
<opset="REG_V_45 "/>
</bind>
</comp>

<comp id="1812" class="1005" name="REG_V_46_reg_1812">
<pin_list>
<pin id="1813" dir="0" index="0" bw="16" slack="0"/>
<pin id="1814" dir="1" index="1" bw="16" slack="0"/>
</pin_list>
<bind>
<opset="REG_V_46 "/>
</bind>
</comp>

<comp id="1820" class="1005" name="REG_V_47_reg_1820">
<pin_list>
<pin id="1821" dir="0" index="0" bw="16" slack="0"/>
<pin id="1822" dir="1" index="1" bw="16" slack="0"/>
</pin_list>
<bind>
<opset="REG_V_47 "/>
</bind>
</comp>

<comp id="1828" class="1005" name="REG_V_48_reg_1828">
<pin_list>
<pin id="1829" dir="0" index="0" bw="16" slack="0"/>
<pin id="1830" dir="1" index="1" bw="16" slack="0"/>
</pin_list>
<bind>
<opset="REG_V_48 "/>
</bind>
</comp>

<comp id="1836" class="1005" name="REG_V_49_reg_1836">
<pin_list>
<pin id="1837" dir="0" index="0" bw="16" slack="0"/>
<pin id="1838" dir="1" index="1" bw="16" slack="0"/>
</pin_list>
<bind>
<opset="REG_V_49 "/>
</bind>
</comp>

<comp id="1844" class="1005" name="REG_V_50_reg_1844">
<pin_list>
<pin id="1845" dir="0" index="0" bw="16" slack="0"/>
<pin id="1846" dir="1" index="1" bw="16" slack="0"/>
</pin_list>
<bind>
<opset="REG_V_50 "/>
</bind>
</comp>

<comp id="1852" class="1005" name="REG_V_51_reg_1852">
<pin_list>
<pin id="1853" dir="0" index="0" bw="16" slack="0"/>
<pin id="1854" dir="1" index="1" bw="16" slack="0"/>
</pin_list>
<bind>
<opset="REG_V_51 "/>
</bind>
</comp>

<comp id="1860" class="1005" name="REG_V_52_reg_1860">
<pin_list>
<pin id="1861" dir="0" index="0" bw="16" slack="0"/>
<pin id="1862" dir="1" index="1" bw="16" slack="0"/>
</pin_list>
<bind>
<opset="REG_V_52 "/>
</bind>
</comp>

<comp id="1868" class="1005" name="REG_V_53_reg_1868">
<pin_list>
<pin id="1869" dir="0" index="0" bw="16" slack="0"/>
<pin id="1870" dir="1" index="1" bw="16" slack="0"/>
</pin_list>
<bind>
<opset="REG_V_53 "/>
</bind>
</comp>

<comp id="1876" class="1005" name="REG_V_54_reg_1876">
<pin_list>
<pin id="1877" dir="0" index="0" bw="16" slack="0"/>
<pin id="1878" dir="1" index="1" bw="16" slack="0"/>
</pin_list>
<bind>
<opset="REG_V_54 "/>
</bind>
</comp>

<comp id="1884" class="1005" name="REG_V_55_reg_1884">
<pin_list>
<pin id="1885" dir="0" index="0" bw="16" slack="0"/>
<pin id="1886" dir="1" index="1" bw="16" slack="0"/>
</pin_list>
<bind>
<opset="REG_V_55 "/>
</bind>
</comp>

<comp id="1892" class="1005" name="REG_V_56_reg_1892">
<pin_list>
<pin id="1893" dir="0" index="0" bw="16" slack="0"/>
<pin id="1894" dir="1" index="1" bw="16" slack="0"/>
</pin_list>
<bind>
<opset="REG_V_56 "/>
</bind>
</comp>

<comp id="1900" class="1005" name="REG_V_57_reg_1900">
<pin_list>
<pin id="1901" dir="0" index="0" bw="16" slack="0"/>
<pin id="1902" dir="1" index="1" bw="16" slack="0"/>
</pin_list>
<bind>
<opset="REG_V_57 "/>
</bind>
</comp>

<comp id="1908" class="1005" name="REG_V_58_reg_1908">
<pin_list>
<pin id="1909" dir="0" index="0" bw="16" slack="0"/>
<pin id="1910" dir="1" index="1" bw="16" slack="0"/>
</pin_list>
<bind>
<opset="REG_V_58 "/>
</bind>
</comp>

<comp id="1916" class="1005" name="REG_V_59_reg_1916">
<pin_list>
<pin id="1917" dir="0" index="0" bw="16" slack="0"/>
<pin id="1918" dir="1" index="1" bw="16" slack="0"/>
</pin_list>
<bind>
<opset="REG_V_59 "/>
</bind>
</comp>

<comp id="1924" class="1005" name="REG_V_60_reg_1924">
<pin_list>
<pin id="1925" dir="0" index="0" bw="16" slack="0"/>
<pin id="1926" dir="1" index="1" bw="16" slack="0"/>
</pin_list>
<bind>
<opset="REG_V_60 "/>
</bind>
</comp>

<comp id="1932" class="1005" name="REG_V_61_reg_1932">
<pin_list>
<pin id="1933" dir="0" index="0" bw="16" slack="0"/>
<pin id="1934" dir="1" index="1" bw="16" slack="0"/>
</pin_list>
<bind>
<opset="REG_V_61 "/>
</bind>
</comp>

<comp id="1940" class="1005" name="REG_V_62_reg_1940">
<pin_list>
<pin id="1941" dir="0" index="0" bw="16" slack="0"/>
<pin id="1942" dir="1" index="1" bw="16" slack="0"/>
</pin_list>
<bind>
<opset="REG_V_62 "/>
</bind>
</comp>

<comp id="1948" class="1005" name="REG_V_63_reg_1948">
<pin_list>
<pin id="1949" dir="0" index="0" bw="16" slack="0"/>
<pin id="1950" dir="1" index="1" bw="16" slack="0"/>
</pin_list>
<bind>
<opset="REG_V_63 "/>
</bind>
</comp>

<comp id="1956" class="1005" name="tmp_7_read_reg_1956">
<pin_list>
<pin id="1957" dir="0" index="0" bw="2" slack="1"/>
<pin id="1958" dir="1" index="1" bw="2" slack="2147483647"/>
</pin_list>
<bind>
<opset="tmp_7_read "/>
</bind>
</comp>

<comp id="1960" class="1005" name="icmp_ln66_reg_1960">
<pin_list>
<pin id="1961" dir="0" index="0" bw="1" slack="1"/>
<pin id="1962" dir="1" index="1" bw="1" slack="2147483647"/>
</pin_list>
<bind>
<opset="icmp_ln66 "/>
</bind>
</comp>

<comp id="1964" class="1005" name="buffer_a_addr_reg_1964">
<pin_list>
<pin id="1965" dir="0" index="0" bw="3" slack="1"/>
<pin id="1966" dir="1" index="1" bw="3" slack="1"/>
</pin_list>
<bind>
<opset="buffer_a_addr "/>
</bind>
</comp>

<comp id="1969" class="1005" name="buffer_b_addr_reg_1969">
<pin_list>
<pin id="1970" dir="0" index="0" bw="3" slack="1"/>
<pin id="1971" dir="1" index="1" bw="3" slack="1"/>
</pin_list>
<bind>
<opset="buffer_b_addr "/>
</bind>
</comp>

<comp id="1974" class="1005" name="trunc_ln74_reg_1974">
<pin_list>
<pin id="1975" dir="0" index="0" bw="1" slack="1"/>
<pin id="1976" dir="1" index="1" bw="1" slack="1"/>
</pin_list>
<bind>
<opset="trunc_ln74 "/>
</bind>
</comp>

<comp id="2010" class="1005" name="lhs_reg_2010">
<pin_list>
<pin id="2011" dir="0" index="0" bw="16" slack="1"/>
<pin id="2012" dir="1" index="1" bw="16" slack="1"/>
</pin_list>
<bind>
<opset="lhs "/>
</bind>
</comp>

<comp id="2015" class="1005" name="rhs_reg_2015">
<pin_list>
<pin id="2016" dir="0" index="0" bw="16" slack="1"/>
<pin id="2017" dir="1" index="1" bw="16" slack="1"/>
</pin_list>
<bind>
<opset="rhs "/>
</bind>
</comp>

<comp id="2020" class="1005" name="zext_ln186_17_reg_2020">
<pin_list>
<pin id="2021" dir="0" index="0" bw="32" slack="1"/>
<pin id="2022" dir="1" index="1" bw="32" slack="1"/>
</pin_list>
<bind>
<opset="zext_ln186_17 "/>
</bind>
</comp>

<comp id="2025" class="1005" name="zext_ln186_18_reg_2025">
<pin_list>
<pin id="2026" dir="0" index="0" bw="32" slack="1"/>
<pin id="2027" dir="1" index="1" bw="32" slack="1"/>
</pin_list>
<bind>
<opset="zext_ln186_18 "/>
</bind>
</comp>

<comp id="2030" class="1005" name="zext_ln186_reg_2030">
<pin_list>
<pin id="2031" dir="0" index="0" bw="32" slack="1"/>
<pin id="2032" dir="1" index="1" bw="32" slack="1"/>
</pin_list>
<bind>
<opset="zext_ln186 "/>
</bind>
</comp>

<comp id="2035" class="1005" name="zext_ln186_16_reg_2035">
<pin_list>
<pin id="2036" dir="0" index="0" bw="32" slack="1"/>
<pin id="2037" dir="1" index="1" bw="32" slack="1"/>
</pin_list>
<bind>
<opset="zext_ln186_16 "/>
</bind>
</comp>

<comp id="2040" class="1005" name="zext_ln186_20_reg_2040">
<pin_list>
<pin id="2041" dir="0" index="0" bw="33" slack="1"/>
<pin id="2042" dir="1" index="1" bw="33" slack="1"/>
</pin_list>
<bind>
<opset="zext_ln186_20 "/>
</bind>
</comp>

</comp_list>

<net_list>
<net id="191"><net_src comp="138" pin="0"/><net_sink comp="188" pin=0"/></net>

<net id="195"><net_src comp="138" pin="0"/><net_sink comp="192" pin=0"/></net>

<net id="199"><net_src comp="138" pin="0"/><net_sink comp="196" pin=0"/></net>

<net id="203"><net_src comp="138" pin="0"/><net_sink comp="200" pin=0"/></net>

<net id="207"><net_src comp="138" pin="0"/><net_sink comp="204" pin=0"/></net>

<net id="211"><net_src comp="138" pin="0"/><net_sink comp="208" pin=0"/></net>

<net id="215"><net_src comp="138" pin="0"/><net_sink comp="212" pin=0"/></net>

<net id="219"><net_src comp="138" pin="0"/><net_sink comp="216" pin=0"/></net>

<net id="223"><net_src comp="138" pin="0"/><net_sink comp="220" pin=0"/></net>

<net id="227"><net_src comp="138" pin="0"/><net_sink comp="224" pin=0"/></net>

<net id="231"><net_src comp="138" pin="0"/><net_sink comp="228" pin=0"/></net>

<net id="235"><net_src comp="138" pin="0"/><net_sink comp="232" pin=0"/></net>

<net id="239"><net_src comp="138" pin="0"/><net_sink comp="236" pin=0"/></net>

<net id="243"><net_src comp="138" pin="0"/><net_sink comp="240" pin=0"/></net>

<net id="247"><net_src comp="138" pin="0"/><net_sink comp="244" pin=0"/></net>

<net id="251"><net_src comp="138" pin="0"/><net_sink comp="248" pin=0"/></net>

<net id="255"><net_src comp="138" pin="0"/><net_sink comp="252" pin=0"/></net>

<net id="259"><net_src comp="138" pin="0"/><net_sink comp="256" pin=0"/></net>

<net id="263"><net_src comp="138" pin="0"/><net_sink comp="260" pin=0"/></net>

<net id="267"><net_src comp="138" pin="0"/><net_sink comp="264" pin=0"/></net>

<net id="271"><net_src comp="138" pin="0"/><net_sink comp="268" pin=0"/></net>

<net id="275"><net_src comp="138" pin="0"/><net_sink comp="272" pin=0"/></net>

<net id="279"><net_src comp="138" pin="0"/><net_sink comp="276" pin=0"/></net>

<net id="283"><net_src comp="138" pin="0"/><net_sink comp="280" pin=0"/></net>

<net id="287"><net_src comp="138" pin="0"/><net_sink comp="284" pin=0"/></net>

<net id="291"><net_src comp="138" pin="0"/><net_sink comp="288" pin=0"/></net>

<net id="295"><net_src comp="138" pin="0"/><net_sink comp="292" pin=0"/></net>

<net id="299"><net_src comp="138" pin="0"/><net_sink comp="296" pin=0"/></net>

<net id="303"><net_src comp="138" pin="0"/><net_sink comp="300" pin=0"/></net>

<net id="307"><net_src comp="138" pin="0"/><net_sink comp="304" pin=0"/></net>

<net id="311"><net_src comp="138" pin="0"/><net_sink comp="308" pin=0"/></net>

<net id="315"><net_src comp="138" pin="0"/><net_sink comp="312" pin=0"/></net>

<net id="319"><net_src comp="138" pin="0"/><net_sink comp="316" pin=0"/></net>

<net id="323"><net_src comp="138" pin="0"/><net_sink comp="320" pin=0"/></net>

<net id="328"><net_src comp="150" pin="0"/><net_sink comp="324" pin=0"/></net>

<net id="329"><net_src comp="70" pin="0"/><net_sink comp="324" pin=1"/></net>

<net id="334"><net_src comp="152" pin="0"/><net_sink comp="330" pin=0"/></net>

<net id="335"><net_src comp="64" pin="0"/><net_sink comp="330" pin=1"/></net>

<net id="340"><net_src comp="154" pin="0"/><net_sink comp="336" pin=0"/></net>

<net id="341"><net_src comp="62" pin="0"/><net_sink comp="336" pin=1"/></net>

<net id="346"><net_src comp="154" pin="0"/><net_sink comp="342" pin=0"/></net>

<net id="347"><net_src comp="60" pin="0"/><net_sink comp="342" pin=1"/></net>

<net id="352"><net_src comp="154" pin="0"/><net_sink comp="348" pin=0"/></net>

<net id="353"><net_src comp="58" pin="0"/><net_sink comp="348" pin=1"/></net>

<net id="358"><net_src comp="154" pin="0"/><net_sink comp="354" pin=0"/></net>

<net id="359"><net_src comp="56" pin="0"/><net_sink comp="354" pin=1"/></net>

<net id="364"><net_src comp="154" pin="0"/><net_sink comp="360" pin=0"/></net>

<net id="365"><net_src comp="54" pin="0"/><net_sink comp="360" pin=1"/></net>

<net id="370"><net_src comp="154" pin="0"/><net_sink comp="366" pin=0"/></net>

<net id="371"><net_src comp="52" pin="0"/><net_sink comp="366" pin=1"/></net>

<net id="376"><net_src comp="154" pin="0"/><net_sink comp="372" pin=0"/></net>

<net id="377"><net_src comp="50" pin="0"/><net_sink comp="372" pin=1"/></net>

<net id="382"><net_src comp="154" pin="0"/><net_sink comp="378" pin=0"/></net>

<net id="383"><net_src comp="48" pin="0"/><net_sink comp="378" pin=1"/></net>

<net id="388"><net_src comp="154" pin="0"/><net_sink comp="384" pin=0"/></net>

<net id="389"><net_src comp="46" pin="0"/><net_sink comp="384" pin=1"/></net>

<net id="394"><net_src comp="154" pin="0"/><net_sink comp="390" pin=0"/></net>

<net id="395"><net_src comp="44" pin="0"/><net_sink comp="390" pin=1"/></net>

<net id="400"><net_src comp="154" pin="0"/><net_sink comp="396" pin=0"/></net>

<net id="401"><net_src comp="42" pin="0"/><net_sink comp="396" pin=1"/></net>

<net id="406"><net_src comp="154" pin="0"/><net_sink comp="402" pin=0"/></net>

<net id="407"><net_src comp="40" pin="0"/><net_sink comp="402" pin=1"/></net>

<net id="412"><net_src comp="154" pin="0"/><net_sink comp="408" pin=0"/></net>

<net id="413"><net_src comp="38" pin="0"/><net_sink comp="408" pin=1"/></net>

<net id="418"><net_src comp="154" pin="0"/><net_sink comp="414" pin=0"/></net>

<net id="419"><net_src comp="36" pin="0"/><net_sink comp="414" pin=1"/></net>

<net id="424"><net_src comp="154" pin="0"/><net_sink comp="420" pin=0"/></net>

<net id="425"><net_src comp="34" pin="0"/><net_sink comp="420" pin=1"/></net>

<net id="430"><net_src comp="154" pin="0"/><net_sink comp="426" pin=0"/></net>

<net id="431"><net_src comp="32" pin="0"/><net_sink comp="426" pin=1"/></net>

<net id="436"><net_src comp="154" pin="0"/><net_sink comp="432" pin=0"/></net>

<net id="437"><net_src comp="30" pin="0"/><net_sink comp="432" pin=1"/></net>

<net id="442"><net_src comp="154" pin="0"/><net_sink comp="438" pin=0"/></net>

<net id="443"><net_src comp="28" pin="0"/><net_sink comp="438" pin=1"/></net>

<net id="448"><net_src comp="154" pin="0"/><net_sink comp="444" pin=0"/></net>

<net id="449"><net_src comp="26" pin="0"/><net_sink comp="444" pin=1"/></net>

<net id="454"><net_src comp="154" pin="0"/><net_sink comp="450" pin=0"/></net>

<net id="455"><net_src comp="24" pin="0"/><net_sink comp="450" pin=1"/></net>

<net id="460"><net_src comp="154" pin="0"/><net_sink comp="456" pin=0"/></net>

<net id="461"><net_src comp="22" pin="0"/><net_sink comp="456" pin=1"/></net>

<net id="466"><net_src comp="154" pin="0"/><net_sink comp="462" pin=0"/></net>

<net id="467"><net_src comp="20" pin="0"/><net_sink comp="462" pin=1"/></net>

<net id="472"><net_src comp="154" pin="0"/><net_sink comp="468" pin=0"/></net>

<net id="473"><net_src comp="18" pin="0"/><net_sink comp="468" pin=1"/></net>

<net id="478"><net_src comp="154" pin="0"/><net_sink comp="474" pin=0"/></net>

<net id="479"><net_src comp="16" pin="0"/><net_sink comp="474" pin=1"/></net>

<net id="484"><net_src comp="154" pin="0"/><net_sink comp="480" pin=0"/></net>

<net id="485"><net_src comp="14" pin="0"/><net_sink comp="480" pin=1"/></net>

<net id="490"><net_src comp="154" pin="0"/><net_sink comp="486" pin=0"/></net>

<net id="491"><net_src comp="12" pin="0"/><net_sink comp="486" pin=1"/></net>

<net id="496"><net_src comp="154" pin="0"/><net_sink comp="492" pin=0"/></net>

<net id="497"><net_src comp="10" pin="0"/><net_sink comp="492" pin=1"/></net>

<net id="502"><net_src comp="154" pin="0"/><net_sink comp="498" pin=0"/></net>

<net id="503"><net_src comp="8" pin="0"/><net_sink comp="498" pin=1"/></net>

<net id="508"><net_src comp="154" pin="0"/><net_sink comp="504" pin=0"/></net>

<net id="509"><net_src comp="6" pin="0"/><net_sink comp="504" pin=1"/></net>

<net id="514"><net_src comp="154" pin="0"/><net_sink comp="510" pin=0"/></net>

<net id="515"><net_src comp="4" pin="0"/><net_sink comp="510" pin=1"/></net>

<net id="520"><net_src comp="154" pin="0"/><net_sink comp="516" pin=0"/></net>

<net id="521"><net_src comp="2" pin="0"/><net_sink comp="516" pin=1"/></net>

<net id="526"><net_src comp="154" pin="0"/><net_sink comp="522" pin=0"/></net>

<net id="527"><net_src comp="0" pin="0"/><net_sink comp="522" pin=1"/></net>

<net id="533"><net_src comp="184" pin="0"/><net_sink comp="528" pin=0"/></net>

<net id="534"><net_src comp="72" pin="0"/><net_sink comp="528" pin=1"/></net>

<net id="540"><net_src comp="184" pin="0"/><net_sink comp="535" pin=0"/></net>

<net id="541"><net_src comp="74" pin="0"/><net_sink comp="535" pin=1"/></net>

<net id="547"><net_src comp="184" pin="0"/><net_sink comp="542" pin=0"/></net>

<net id="548"><net_src comp="76" pin="0"/><net_sink comp="542" pin=1"/></net>

<net id="554"><net_src comp="184" pin="0"/><net_sink comp="549" pin=0"/></net>

<net id="555"><net_src comp="78" pin="0"/><net_sink comp="549" pin=1"/></net>

<net id="561"><net_src comp="184" pin="0"/><net_sink comp="556" pin=0"/></net>

<net id="562"><net_src comp="80" pin="0"/><net_sink comp="556" pin=1"/></net>

<net id="568"><net_src comp="184" pin="0"/><net_sink comp="563" pin=0"/></net>

<net id="569"><net_src comp="82" pin="0"/><net_sink comp="563" pin=1"/></net>

<net id="575"><net_src comp="184" pin="0"/><net_sink comp="570" pin=0"/></net>

<net id="576"><net_src comp="84" pin="0"/><net_sink comp="570" pin=1"/></net>

<net id="582"><net_src comp="184" pin="0"/><net_sink comp="577" pin=0"/></net>

<net id="583"><net_src comp="86" pin="0"/><net_sink comp="577" pin=1"/></net>

<net id="589"><net_src comp="184" pin="0"/><net_sink comp="584" pin=0"/></net>

<net id="590"><net_src comp="88" pin="0"/><net_sink comp="584" pin=1"/></net>

<net id="596"><net_src comp="184" pin="0"/><net_sink comp="591" pin=0"/></net>

<net id="597"><net_src comp="90" pin="0"/><net_sink comp="591" pin=1"/></net>

<net id="603"><net_src comp="184" pin="0"/><net_sink comp="598" pin=0"/></net>

<net id="604"><net_src comp="92" pin="0"/><net_sink comp="598" pin=1"/></net>

<net id="610"><net_src comp="184" pin="0"/><net_sink comp="605" pin=0"/></net>

<net id="611"><net_src comp="94" pin="0"/><net_sink comp="605" pin=1"/></net>

<net id="617"><net_src comp="184" pin="0"/><net_sink comp="612" pin=0"/></net>

<net id="618"><net_src comp="96" pin="0"/><net_sink comp="612" pin=1"/></net>

<net id="624"><net_src comp="184" pin="0"/><net_sink comp="619" pin=0"/></net>

<net id="625"><net_src comp="98" pin="0"/><net_sink comp="619" pin=1"/></net>

<net id="631"><net_src comp="184" pin="0"/><net_sink comp="626" pin=0"/></net>

<net id="632"><net_src comp="100" pin="0"/><net_sink comp="626" pin=1"/></net>

<net id="638"><net_src comp="184" pin="0"/><net_sink comp="633" pin=0"/></net>

<net id="639"><net_src comp="102" pin="0"/><net_sink comp="633" pin=1"/></net>

<net id="645"><net_src comp="184" pin="0"/><net_sink comp="640" pin=0"/></net>

<net id="646"><net_src comp="104" pin="0"/><net_sink comp="640" pin=1"/></net>

<net id="652"><net_src comp="184" pin="0"/><net_sink comp="647" pin=0"/></net>

<net id="653"><net_src comp="106" pin="0"/><net_sink comp="647" pin=1"/></net>

<net id="659"><net_src comp="184" pin="0"/><net_sink comp="654" pin=0"/></net>

<net id="660"><net_src comp="108" pin="0"/><net_sink comp="654" pin=1"/></net>

<net id="666"><net_src comp="184" pin="0"/><net_sink comp="661" pin=0"/></net>

<net id="667"><net_src comp="110" pin="0"/><net_sink comp="661" pin=1"/></net>

<net id="673"><net_src comp="184" pin="0"/><net_sink comp="668" pin=0"/></net>

<net id="674"><net_src comp="112" pin="0"/><net_sink comp="668" pin=1"/></net>

<net id="680"><net_src comp="184" pin="0"/><net_sink comp="675" pin=0"/></net>

<net id="681"><net_src comp="114" pin="0"/><net_sink comp="675" pin=1"/></net>

<net id="687"><net_src comp="184" pin="0"/><net_sink comp="682" pin=0"/></net>

<net id="688"><net_src comp="116" pin="0"/><net_sink comp="682" pin=1"/></net>

<net id="694"><net_src comp="184" pin="0"/><net_sink comp="689" pin=0"/></net>

<net id="695"><net_src comp="118" pin="0"/><net_sink comp="689" pin=1"/></net>

<net id="701"><net_src comp="184" pin="0"/><net_sink comp="696" pin=0"/></net>

<net id="702"><net_src comp="120" pin="0"/><net_sink comp="696" pin=1"/></net>

<net id="708"><net_src comp="184" pin="0"/><net_sink comp="703" pin=0"/></net>

<net id="709"><net_src comp="122" pin="0"/><net_sink comp="703" pin=1"/></net>

<net id="715"><net_src comp="184" pin="0"/><net_sink comp="710" pin=0"/></net>

<net id="716"><net_src comp="124" pin="0"/><net_sink comp="710" pin=1"/></net>

<net id="722"><net_src comp="184" pin="0"/><net_sink comp="717" pin=0"/></net>

<net id="723"><net_src comp="126" pin="0"/><net_sink comp="717" pin=1"/></net>

<net id="729"><net_src comp="184" pin="0"/><net_sink comp="724" pin=0"/></net>

<net id="730"><net_src comp="128" pin="0"/><net_sink comp="724" pin=1"/></net>

<net id="736"><net_src comp="184" pin="0"/><net_sink comp="731" pin=0"/></net>

<net id="737"><net_src comp="130" pin="0"/><net_sink comp="731" pin=1"/></net>

<net id="743"><net_src comp="184" pin="0"/><net_sink comp="738" pin=0"/></net>

<net id="744"><net_src comp="132" pin="0"/><net_sink comp="738" pin=1"/></net>

<net id="750"><net_src comp="184" pin="0"/><net_sink comp="745" pin=0"/></net>

<net id="751"><net_src comp="134" pin="0"/><net_sink comp="745" pin=1"/></net>

<net id="757"><net_src comp="186" pin="0"/><net_sink comp="752" pin=0"/></net>

<net id="758"><net_src comp="136" pin="0"/><net_sink comp="752" pin=1"/></net>

<net id="764"><net_src comp="66" pin="0"/><net_sink comp="759" pin=0"/></net>

<net id="765"><net_src comp="164" pin="0"/><net_sink comp="759" pin=1"/></net>

<net id="771"><net_src comp="759" pin="3"/><net_sink comp="766" pin=0"/></net>

<net id="777"><net_src comp="68" pin="0"/><net_sink comp="772" pin=0"/></net>

<net id="778"><net_src comp="164" pin="0"/><net_sink comp="772" pin=1"/></net>

<net id="784"><net_src comp="772" pin="3"/><net_sink comp="779" pin=0"/></net>

<net id="789"><net_src comp="522" pin="2"/><net_sink comp="785" pin=0"/></net>

<net id="794"><net_src comp="516" pin="2"/><net_sink comp="790" pin=0"/></net>

<net id="799"><net_src comp="510" pin="2"/><net_sink comp="795" pin=0"/></net>

<net id="804"><net_src comp="504" pin="2"/><net_sink comp="800" pin=0"/></net>

<net id="809"><net_src comp="498" pin="2"/><net_sink comp="805" pin=0"/></net>

<net id="814"><net_src comp="492" pin="2"/><net_sink comp="810" pin=0"/></net>

<net id="819"><net_src comp="486" pin="2"/><net_sink comp="815" pin=0"/></net>

<net id="824"><net_src comp="480" pin="2"/><net_sink comp="820" pin=0"/></net>

<net id="829"><net_src comp="474" pin="2"/><net_sink comp="825" pin=0"/></net>

<net id="834"><net_src comp="468" pin="2"/><net_sink comp="830" pin=0"/></net>

<net id="839"><net_src comp="462" pin="2"/><net_sink comp="835" pin=0"/></net>

<net id="844"><net_src comp="456" pin="2"/><net_sink comp="840" pin=0"/></net>

<net id="849"><net_src comp="450" pin="2"/><net_sink comp="845" pin=0"/></net>

<net id="854"><net_src comp="444" pin="2"/><net_sink comp="850" pin=0"/></net>

<net id="859"><net_src comp="438" pin="2"/><net_sink comp="855" pin=0"/></net>

<net id="864"><net_src comp="432" pin="2"/><net_sink comp="860" pin=0"/></net>

<net id="869"><net_src comp="426" pin="2"/><net_sink comp="865" pin=0"/></net>

<net id="874"><net_src comp="420" pin="2"/><net_sink comp="870" pin=0"/></net>

<net id="879"><net_src comp="414" pin="2"/><net_sink comp="875" pin=0"/></net>

<net id="884"><net_src comp="408" pin="2"/><net_sink comp="880" pin=0"/></net>

<net id="889"><net_src comp="402" pin="2"/><net_sink comp="885" pin=0"/></net>

<net id="894"><net_src comp="396" pin="2"/><net_sink comp="890" pin=0"/></net>

<net id="899"><net_src comp="390" pin="2"/><net_sink comp="895" pin=0"/></net>

<net id="904"><net_src comp="384" pin="2"/><net_sink comp="900" pin=0"/></net>

<net id="909"><net_src comp="378" pin="2"/><net_sink comp="905" pin=0"/></net>

<net id="914"><net_src comp="372" pin="2"/><net_sink comp="910" pin=0"/></net>

<net id="919"><net_src comp="366" pin="2"/><net_sink comp="915" pin=0"/></net>

<net id="924"><net_src comp="360" pin="2"/><net_sink comp="920" pin=0"/></net>

<net id="929"><net_src comp="354" pin="2"/><net_sink comp="925" pin=0"/></net>

<net id="934"><net_src comp="348" pin="2"/><net_sink comp="930" pin=0"/></net>

<net id="939"><net_src comp="342" pin="2"/><net_sink comp="935" pin=0"/></net>

<net id="944"><net_src comp="336" pin="2"/><net_sink comp="940" pin=0"/></net>

<net id="949"><net_src comp="156" pin="0"/><net_sink comp="945" pin=0"/></net>

<net id="954"><net_src comp="158" pin="0"/><net_sink comp="950" pin=0"/></net>

<net id="962"><net_src comp="955" pin="1"/><net_sink comp="958" pin=0"/></net>

<net id="963"><net_src comp="160" pin="0"/><net_sink comp="958" pin=1"/></net>

<net id="968"><net_src comp="955" pin="1"/><net_sink comp="964" pin=0"/></net>

<net id="969"><net_src comp="162" pin="0"/><net_sink comp="964" pin=1"/></net>

<net id="973"><net_src comp="955" pin="1"/><net_sink comp="970" pin=0"/></net>

<net id="978"><net_src comp="970" pin="1"/><net_sink comp="974" pin=0"/></net>

<net id="979"><net_src comp="330" pin="2"/><net_sink comp="974" pin=1"/></net>

<net id="983"><net_src comp="974" pin="2"/><net_sink comp="980" pin=0"/></net>

<net id="984"><net_src comp="980" pin="1"/><net_sink comp="759" pin=2"/></net>

<net id="985"><net_src comp="980" pin="1"/><net_sink comp="772" pin=2"/></net>

<net id="989"><net_src comp="955" pin="1"/><net_sink comp="986" pin=0"/></net>

<net id="994"><net_src comp="964" pin="2"/><net_sink comp="990" pin=0"/></net>

<net id="998"><net_src comp="766" pin="3"/><net_sink comp="995" pin=0"/></net>

<net id="1005"><net_src comp="170" pin="0"/><net_sink comp="999" pin=0"/></net>

<net id="1006"><net_src comp="766" pin="3"/><net_sink comp="999" pin=1"/></net>

<net id="1007"><net_src comp="172" pin="0"/><net_sink comp="999" pin=2"/></net>

<net id="1008"><net_src comp="174" pin="0"/><net_sink comp="999" pin=3"/></net>

<net id="1012"><net_src comp="779" pin="3"/><net_sink comp="1009" pin=0"/></net>

<net id="1019"><net_src comp="170" pin="0"/><net_sink comp="1013" pin=0"/></net>

<net id="1020"><net_src comp="779" pin="3"/><net_sink comp="1013" pin=1"/></net>

<net id="1021"><net_src comp="172" pin="0"/><net_sink comp="1013" pin=2"/></net>

<net id="1022"><net_src comp="174" pin="0"/><net_sink comp="1013" pin=3"/></net>

<net id="1052"><net_src comp="995" pin="1"/><net_sink comp="1047" pin=1"/></net>

<net id="1053"><net_src comp="1029" pin="1"/><net_sink comp="1047" pin=2"/></net>

<net id="1059"><net_src comp="1023" pin="1"/><net_sink comp="1054" pin=1"/></net>

<net id="1060"><net_src comp="995" pin="1"/><net_sink comp="1054" pin=2"/></net>

<net id="1066"><net_src comp="999" pin="4"/><net_sink comp="1061" pin=1"/></net>

<net id="1067"><net_src comp="1032" pin="1"/><net_sink comp="1061" pin=2"/></net>

<net id="1073"><net_src comp="1026" pin="1"/><net_sink comp="1068" pin=1"/></net>

<net id="1074"><net_src comp="999" pin="4"/><net_sink comp="1068" pin=2"/></net>

<net id="1080"><net_src comp="1009" pin="1"/><net_sink comp="1075" pin=1"/></net>

<net id="1081"><net_src comp="1041" pin="1"/><net_sink comp="1075" pin=2"/></net>

<net id="1087"><net_src comp="1035" pin="1"/><net_sink comp="1082" pin=1"/></net>

<net id="1088"><net_src comp="1009" pin="1"/><net_sink comp="1082" pin=2"/></net>

<net id="1094"><net_src comp="1013" pin="4"/><net_sink comp="1089" pin=1"/></net>

<net id="1095"><net_src comp="1044" pin="1"/><net_sink comp="1089" pin=2"/></net>

<net id="1101"><net_src comp="1038" pin="1"/><net_sink comp="1096" pin=1"/></net>

<net id="1102"><net_src comp="1013" pin="4"/><net_sink comp="1096" pin=2"/></net>

<net id="1107"><net_src comp="1089" pin="3"/><net_sink comp="1103" pin=0"/></net>

<net id="1112"><net_src comp="1075" pin="3"/><net_sink comp="1108" pin=0"/></net>

<net id="1117"><net_src comp="1096" pin="3"/><net_sink comp="1113" pin=0"/></net>

<net id="1122"><net_src comp="1082" pin="3"/><net_sink comp="1118" pin=0"/></net>

<net id="1127"><net_src comp="1061" pin="3"/><net_sink comp="1123" pin=0"/></net>

<net id="1132"><net_src comp="1047" pin="3"/><net_sink comp="1128" pin=0"/></net>

<net id="1137"><net_src comp="1068" pin="3"/><net_sink comp="1133" pin=0"/></net>

<net id="1142"><net_src comp="1054" pin="3"/><net_sink comp="1138" pin=0"/></net>

<net id="1172"><net_src comp="995" pin="1"/><net_sink comp="1167" pin=1"/></net>

<net id="1173"><net_src comp="1149" pin="1"/><net_sink comp="1167" pin=2"/></net>

<net id="1179"><net_src comp="1143" pin="1"/><net_sink comp="1174" pin=1"/></net>

<net id="1180"><net_src comp="995" pin="1"/><net_sink comp="1174" pin=2"/></net>

<net id="1186"><net_src comp="999" pin="4"/><net_sink comp="1181" pin=1"/></net>

<net id="1187"><net_src comp="1152" pin="1"/><net_sink comp="1181" pin=2"/></net>

<net id="1193"><net_src comp="1146" pin="1"/><net_sink comp="1188" pin=1"/></net>

<net id="1194"><net_src comp="999" pin="4"/><net_sink comp="1188" pin=2"/></net>

<net id="1200"><net_src comp="1009" pin="1"/><net_sink comp="1195" pin=1"/></net>

<net id="1201"><net_src comp="1161" pin="1"/><net_sink comp="1195" pin=2"/></net>

<net id="1207"><net_src comp="1155" pin="1"/><net_sink comp="1202" pin=1"/></net>

<net id="1208"><net_src comp="1009" pin="1"/><net_sink comp="1202" pin=2"/></net>

<net id="1214"><net_src comp="1013" pin="4"/><net_sink comp="1209" pin=1"/></net>

<net id="1215"><net_src comp="1164" pin="1"/><net_sink comp="1209" pin=2"/></net>

<net id="1221"><net_src comp="1158" pin="1"/><net_sink comp="1216" pin=1"/></net>

<net id="1222"><net_src comp="1013" pin="4"/><net_sink comp="1216" pin=2"/></net>

<net id="1227"><net_src comp="1209" pin="3"/><net_sink comp="1223" pin=0"/></net>

<net id="1232"><net_src comp="1195" pin="3"/><net_sink comp="1228" pin=0"/></net>

<net id="1237"><net_src comp="1216" pin="3"/><net_sink comp="1233" pin=0"/></net>

<net id="1242"><net_src comp="1202" pin="3"/><net_sink comp="1238" pin=0"/></net>

<net id="1247"><net_src comp="1181" pin="3"/><net_sink comp="1243" pin=0"/></net>

<net id="1252"><net_src comp="1167" pin="3"/><net_sink comp="1248" pin=0"/></net>

<net id="1257"><net_src comp="1188" pin="3"/><net_sink comp="1253" pin=0"/></net>

<net id="1262"><net_src comp="1174" pin="3"/><net_sink comp="1258" pin=0"/></net>

<net id="1292"><net_src comp="995" pin="1"/><net_sink comp="1287" pin=1"/></net>

<net id="1293"><net_src comp="1269" pin="1"/><net_sink comp="1287" pin=2"/></net>

<net id="1299"><net_src comp="1263" pin="1"/><net_sink comp="1294" pin=1"/></net>

<net id="1300"><net_src comp="995" pin="1"/><net_sink comp="1294" pin=2"/></net>

<net id="1306"><net_src comp="999" pin="4"/><net_sink comp="1301" pin=1"/></net>

<net id="1307"><net_src comp="1272" pin="1"/><net_sink comp="1301" pin=2"/></net>

<net id="1313"><net_src comp="1266" pin="1"/><net_sink comp="1308" pin=1"/></net>

<net id="1314"><net_src comp="999" pin="4"/><net_sink comp="1308" pin=2"/></net>

<net id="1320"><net_src comp="1009" pin="1"/><net_sink comp="1315" pin=1"/></net>

<net id="1321"><net_src comp="1281" pin="1"/><net_sink comp="1315" pin=2"/></net>

<net id="1327"><net_src comp="1275" pin="1"/><net_sink comp="1322" pin=1"/></net>

<net id="1328"><net_src comp="1009" pin="1"/><net_sink comp="1322" pin=2"/></net>

<net id="1334"><net_src comp="1013" pin="4"/><net_sink comp="1329" pin=1"/></net>

<net id="1335"><net_src comp="1284" pin="1"/><net_sink comp="1329" pin=2"/></net>

<net id="1341"><net_src comp="1278" pin="1"/><net_sink comp="1336" pin=1"/></net>

<net id="1342"><net_src comp="1013" pin="4"/><net_sink comp="1336" pin=2"/></net>

<net id="1347"><net_src comp="1329" pin="3"/><net_sink comp="1343" pin=0"/></net>

<net id="1352"><net_src comp="1315" pin="3"/><net_sink comp="1348" pin=0"/></net>

<net id="1357"><net_src comp="1336" pin="3"/><net_sink comp="1353" pin=0"/></net>

<net id="1362"><net_src comp="1322" pin="3"/><net_sink comp="1358" pin=0"/></net>

<net id="1367"><net_src comp="1301" pin="3"/><net_sink comp="1363" pin=0"/></net>

<net id="1372"><net_src comp="1287" pin="3"/><net_sink comp="1368" pin=0"/></net>

<net id="1377"><net_src comp="1308" pin="3"/><net_sink comp="1373" pin=0"/></net>

<net id="1382"><net_src comp="1294" pin="3"/><net_sink comp="1378" pin=0"/></net>

<net id="1412"><net_src comp="995" pin="1"/><net_sink comp="1407" pin=1"/></net>

<net id="1413"><net_src comp="1389" pin="1"/><net_sink comp="1407" pin=2"/></net>

<net id="1419"><net_src comp="1383" pin="1"/><net_sink comp="1414" pin=1"/></net>

<net id="1420"><net_src comp="995" pin="1"/><net_sink comp="1414" pin=2"/></net>

<net id="1426"><net_src comp="999" pin="4"/><net_sink comp="1421" pin=1"/></net>

<net id="1427"><net_src comp="1392" pin="1"/><net_sink comp="1421" pin=2"/></net>

<net id="1433"><net_src comp="1386" pin="1"/><net_sink comp="1428" pin=1"/></net>

<net id="1434"><net_src comp="999" pin="4"/><net_sink comp="1428" pin=2"/></net>

<net id="1440"><net_src comp="1009" pin="1"/><net_sink comp="1435" pin=1"/></net>

<net id="1441"><net_src comp="1401" pin="1"/><net_sink comp="1435" pin=2"/></net>

<net id="1447"><net_src comp="1395" pin="1"/><net_sink comp="1442" pin=1"/></net>

<net id="1448"><net_src comp="1009" pin="1"/><net_sink comp="1442" pin=2"/></net>

<net id="1454"><net_src comp="1013" pin="4"/><net_sink comp="1449" pin=1"/></net>

<net id="1455"><net_src comp="1404" pin="1"/><net_sink comp="1449" pin=2"/></net>

<net id="1461"><net_src comp="1398" pin="1"/><net_sink comp="1456" pin=1"/></net>

<net id="1462"><net_src comp="1013" pin="4"/><net_sink comp="1456" pin=2"/></net>

<net id="1467"><net_src comp="1449" pin="3"/><net_sink comp="1463" pin=0"/></net>

<net id="1472"><net_src comp="1435" pin="3"/><net_sink comp="1468" pin=0"/></net>

<net id="1477"><net_src comp="1456" pin="3"/><net_sink comp="1473" pin=0"/></net>

<net id="1482"><net_src comp="1442" pin="3"/><net_sink comp="1478" pin=0"/></net>

<net id="1487"><net_src comp="1421" pin="3"/><net_sink comp="1483" pin=0"/></net>

<net id="1492"><net_src comp="1407" pin="3"/><net_sink comp="1488" pin=0"/></net>

<net id="1497"><net_src comp="1428" pin="3"/><net_sink comp="1493" pin=0"/></net>

<net id="1502"><net_src comp="1414" pin="3"/><net_sink comp="1498" pin=0"/></net>

<net id="1506"><net_src comp="999" pin="4"/><net_sink comp="1503" pin=0"/></net>

<net id="1510"><net_src comp="1013" pin="4"/><net_sink comp="1507" pin=0"/></net>

<net id="1526"><net_src comp="1520" pin="1"/><net_sink comp="1523" pin=0"/></net>

<net id="1527"><net_src comp="1523" pin="1"/><net_sink comp="752" pin=2"/></net>

<net id="1535"><net_src comp="1528" pin="1"/><net_sink comp="1531" pin=0"/></net>

<net id="1536"><net_src comp="1520" pin="1"/><net_sink comp="1531" pin=1"/></net>

<net id="1541"><net_src comp="1531" pin="2"/><net_sink comp="1537" pin=0"/></net>

<net id="1545"><net_src comp="1542" pin="1"/><net_sink comp="745" pin=2"/></net>

<net id="1549"><net_src comp="1546" pin="1"/><net_sink comp="738" pin=2"/></net>

<net id="1553"><net_src comp="1550" pin="1"/><net_sink comp="731" pin=2"/></net>

<net id="1557"><net_src comp="1554" pin="1"/><net_sink comp="724" pin=2"/></net>

<net id="1561"><net_src comp="1558" pin="1"/><net_sink comp="717" pin=2"/></net>

<net id="1565"><net_src comp="1562" pin="1"/><net_sink comp="710" pin=2"/></net>

<net id="1569"><net_src comp="1566" pin="1"/><net_sink comp="703" pin=2"/></net>

<net id="1573"><net_src comp="1570" pin="1"/><net_sink comp="696" pin=2"/></net>

<net id="1577"><net_src comp="1574" pin="1"/><net_sink comp="689" pin=2"/></net>

<net id="1581"><net_src comp="1578" pin="1"/><net_sink comp="682" pin=2"/></net>

<net id="1585"><net_src comp="1582" pin="1"/><net_sink comp="675" pin=2"/></net>

<net id="1589"><net_src comp="1586" pin="1"/><net_sink comp="668" pin=2"/></net>

<net id="1593"><net_src comp="1590" pin="1"/><net_sink comp="661" pin=2"/></net>

<net id="1597"><net_src comp="1594" pin="1"/><net_sink comp="654" pin=2"/></net>

<net id="1601"><net_src comp="1598" pin="1"/><net_sink comp="647" pin=2"/></net>

<net id="1605"><net_src comp="1602" pin="1"/><net_sink comp="640" pin=2"/></net>

<net id="1609"><net_src comp="1606" pin="1"/><net_sink comp="633" pin=2"/></net>

<net id="1613"><net_src comp="1610" pin="1"/><net_sink comp="626" pin=2"/></net>

<net id="1617"><net_src comp="1614" pin="1"/><net_sink comp="619" pin=2"/></net>

<net id="1621"><net_src comp="1618" pin="1"/><net_sink comp="612" pin=2"/></net>

<net id="1625"><net_src comp="1622" pin="1"/><net_sink comp="605" pin=2"/></net>

<net id="1629"><net_src comp="1626" pin="1"/><net_sink comp="598" pin=2"/></net>

<net id="1633"><net_src comp="1630" pin="1"/><net_sink comp="591" pin=2"/></net>

<net id="1637"><net_src comp="1634" pin="1"/><net_sink comp="584" pin=2"/></net>

<net id="1641"><net_src comp="1638" pin="1"/><net_sink comp="577" pin=2"/></net>

<net id="1645"><net_src comp="1642" pin="1"/><net_sink comp="570" pin=2"/></net>

<net id="1649"><net_src comp="1646" pin="1"/><net_sink comp="563" pin=2"/></net>

<net id="1653"><net_src comp="1650" pin="1"/><net_sink comp="556" pin=2"/></net>

<net id="1657"><net_src comp="1654" pin="1"/><net_sink comp="549" pin=2"/></net>

<net id="1661"><net_src comp="1658" pin="1"/><net_sink comp="542" pin=2"/></net>

<net id="1665"><net_src comp="1662" pin="1"/><net_sink comp="535" pin=2"/></net>

<net id="1669"><net_src comp="1666" pin="1"/><net_sink comp="528" pin=2"/></net>

<net id="1674"><net_src comp="1507" pin="1"/><net_sink comp="1670" pin=0"/></net>

<net id="1675"><net_src comp="1503" pin="1"/><net_sink comp="1670" pin=1"/></net>

<net id="1676"><net_src comp="1670" pin="2"/><net_sink comp="1517" pin=0"/></net>

<net id="1682"><net_src comp="1514" pin="1"/><net_sink comp="1677" pin=0"/></net>

<net id="1683"><net_src comp="1511" pin="1"/><net_sink comp="1677" pin=1"/></net>

<net id="1684"><net_src comp="1517" pin="1"/><net_sink comp="1677" pin=2"/></net>

<net id="1685"><net_src comp="1677" pin="3"/><net_sink comp="1528" pin=0"/></net>

<net id="1689"><net_src comp="188" pin="1"/><net_sink comp="1686" pin=0"/></net>

<net id="1690"><net_src comp="1686" pin="1"/><net_sink comp="950" pin=1"/></net>

<net id="1691"><net_src comp="1686" pin="1"/><net_sink comp="1520" pin=0"/></net>

<net id="1692"><net_src comp="1686" pin="1"/><net_sink comp="1537" pin=1"/></net>

<net id="1696"><net_src comp="192" pin="1"/><net_sink comp="1693" pin=0"/></net>

<net id="1697"><net_src comp="1693" pin="1"/><net_sink comp="945" pin=1"/></net>

<net id="1698"><net_src comp="1693" pin="1"/><net_sink comp="955" pin=0"/></net>

<net id="1699"><net_src comp="1693" pin="1"/><net_sink comp="990" pin=1"/></net>

<net id="1703"><net_src comp="196" pin="1"/><net_sink comp="1700" pin=0"/></net>

<net id="1704"><net_src comp="1700" pin="1"/><net_sink comp="940" pin=1"/></net>

<net id="1705"><net_src comp="1700" pin="1"/><net_sink comp="1263" pin=0"/></net>

<net id="1706"><net_src comp="1700" pin="1"/><net_sink comp="1378" pin=1"/></net>

<net id="1707"><net_src comp="1700" pin="1"/><net_sink comp="1542" pin=0"/></net>

<net id="1711"><net_src comp="200" pin="1"/><net_sink comp="1708" pin=0"/></net>

<net id="1712"><net_src comp="1708" pin="1"/><net_sink comp="935" pin=1"/></net>

<net id="1713"><net_src comp="1708" pin="1"/><net_sink comp="1266" pin=0"/></net>

<net id="1714"><net_src comp="1708" pin="1"/><net_sink comp="1373" pin=1"/></net>

<net id="1715"><net_src comp="1708" pin="1"/><net_sink comp="1546" pin=0"/></net>

<net id="1719"><net_src comp="204" pin="1"/><net_sink comp="1716" pin=0"/></net>

<net id="1720"><net_src comp="1716" pin="1"/><net_sink comp="930" pin=1"/></net>

<net id="1721"><net_src comp="1716" pin="1"/><net_sink comp="1269" pin=0"/></net>

<net id="1722"><net_src comp="1716" pin="1"/><net_sink comp="1368" pin=1"/></net>

<net id="1723"><net_src comp="1716" pin="1"/><net_sink comp="1550" pin=0"/></net>

<net id="1727"><net_src comp="208" pin="1"/><net_sink comp="1724" pin=0"/></net>

<net id="1728"><net_src comp="1724" pin="1"/><net_sink comp="925" pin=1"/></net>

<net id="1729"><net_src comp="1724" pin="1"/><net_sink comp="1272" pin=0"/></net>

<net id="1730"><net_src comp="1724" pin="1"/><net_sink comp="1363" pin=1"/></net>

<net id="1731"><net_src comp="1724" pin="1"/><net_sink comp="1554" pin=0"/></net>

<net id="1735"><net_src comp="212" pin="1"/><net_sink comp="1732" pin=0"/></net>

<net id="1736"><net_src comp="1732" pin="1"/><net_sink comp="920" pin=1"/></net>

<net id="1737"><net_src comp="1732" pin="1"/><net_sink comp="1275" pin=0"/></net>

<net id="1738"><net_src comp="1732" pin="1"/><net_sink comp="1358" pin=1"/></net>

<net id="1739"><net_src comp="1732" pin="1"/><net_sink comp="1558" pin=0"/></net>

<net id="1743"><net_src comp="216" pin="1"/><net_sink comp="1740" pin=0"/></net>

<net id="1744"><net_src comp="1740" pin="1"/><net_sink comp="915" pin=1"/></net>

<net id="1745"><net_src comp="1740" pin="1"/><net_sink comp="1278" pin=0"/></net>

<net id="1746"><net_src comp="1740" pin="1"/><net_sink comp="1353" pin=1"/></net>

<net id="1747"><net_src comp="1740" pin="1"/><net_sink comp="1562" pin=0"/></net>

<net id="1751"><net_src comp="220" pin="1"/><net_sink comp="1748" pin=0"/></net>

<net id="1752"><net_src comp="1748" pin="1"/><net_sink comp="910" pin=1"/></net>

<net id="1753"><net_src comp="1748" pin="1"/><net_sink comp="1281" pin=0"/></net>

<net id="1754"><net_src comp="1748" pin="1"/><net_sink comp="1348" pin=1"/></net>

<net id="1755"><net_src comp="1748" pin="1"/><net_sink comp="1566" pin=0"/></net>

<net id="1759"><net_src comp="224" pin="1"/><net_sink comp="1756" pin=0"/></net>

<net id="1760"><net_src comp="1756" pin="1"/><net_sink comp="905" pin=1"/></net>

<net id="1761"><net_src comp="1756" pin="1"/><net_sink comp="1284" pin=0"/></net>

<net id="1762"><net_src comp="1756" pin="1"/><net_sink comp="1343" pin=1"/></net>

<net id="1763"><net_src comp="1756" pin="1"/><net_sink comp="1570" pin=0"/></net>

<net id="1767"><net_src comp="228" pin="1"/><net_sink comp="1764" pin=0"/></net>

<net id="1768"><net_src comp="1764" pin="1"/><net_sink comp="900" pin=1"/></net>

<net id="1769"><net_src comp="1764" pin="1"/><net_sink comp="1143" pin=0"/></net>

<net id="1770"><net_src comp="1764" pin="1"/><net_sink comp="1258" pin=1"/></net>

<net id="1771"><net_src comp="1764" pin="1"/><net_sink comp="1574" pin=0"/></net>

<net id="1775"><net_src comp="232" pin="1"/><net_sink comp="1772" pin=0"/></net>

<net id="1776"><net_src comp="1772" pin="1"/><net_sink comp="895" pin=1"/></net>

<net id="1777"><net_src comp="1772" pin="1"/><net_sink comp="1146" pin=0"/></net>

<net id="1778"><net_src comp="1772" pin="1"/><net_sink comp="1253" pin=1"/></net>

<net id="1779"><net_src comp="1772" pin="1"/><net_sink comp="1578" pin=0"/></net>

<net id="1783"><net_src comp="236" pin="1"/><net_sink comp="1780" pin=0"/></net>

<net id="1784"><net_src comp="1780" pin="1"/><net_sink comp="890" pin=1"/></net>

<net id="1785"><net_src comp="1780" pin="1"/><net_sink comp="1149" pin=0"/></net>

<net id="1786"><net_src comp="1780" pin="1"/><net_sink comp="1248" pin=1"/></net>

<net id="1787"><net_src comp="1780" pin="1"/><net_sink comp="1582" pin=0"/></net>

<net id="1791"><net_src comp="240" pin="1"/><net_sink comp="1788" pin=0"/></net>

<net id="1792"><net_src comp="1788" pin="1"/><net_sink comp="885" pin=1"/></net>

<net id="1793"><net_src comp="1788" pin="1"/><net_sink comp="1152" pin=0"/></net>

<net id="1794"><net_src comp="1788" pin="1"/><net_sink comp="1243" pin=1"/></net>

<net id="1795"><net_src comp="1788" pin="1"/><net_sink comp="1586" pin=0"/></net>

<net id="1799"><net_src comp="244" pin="1"/><net_sink comp="1796" pin=0"/></net>

<net id="1800"><net_src comp="1796" pin="1"/><net_sink comp="880" pin=1"/></net>

<net id="1801"><net_src comp="1796" pin="1"/><net_sink comp="1155" pin=0"/></net>

<net id="1802"><net_src comp="1796" pin="1"/><net_sink comp="1238" pin=1"/></net>

<net id="1803"><net_src comp="1796" pin="1"/><net_sink comp="1590" pin=0"/></net>

<net id="1807"><net_src comp="248" pin="1"/><net_sink comp="1804" pin=0"/></net>

<net id="1808"><net_src comp="1804" pin="1"/><net_sink comp="875" pin=1"/></net>

<net id="1809"><net_src comp="1804" pin="1"/><net_sink comp="1158" pin=0"/></net>

<net id="1810"><net_src comp="1804" pin="1"/><net_sink comp="1233" pin=1"/></net>

<net id="1811"><net_src comp="1804" pin="1"/><net_sink comp="1594" pin=0"/></net>

<net id="1815"><net_src comp="252" pin="1"/><net_sink comp="1812" pin=0"/></net>

<net id="1816"><net_src comp="1812" pin="1"/><net_sink comp="870" pin=1"/></net>

<net id="1817"><net_src comp="1812" pin="1"/><net_sink comp="1161" pin=0"/></net>

<net id="1818"><net_src comp="1812" pin="1"/><net_sink comp="1228" pin=1"/></net>

<net id="1819"><net_src comp="1812" pin="1"/><net_sink comp="1598" pin=0"/></net>

<net id="1823"><net_src comp="256" pin="1"/><net_sink comp="1820" pin=0"/></net>

<net id="1824"><net_src comp="1820" pin="1"/><net_sink comp="865" pin=1"/></net>

<net id="1825"><net_src comp="1820" pin="1"/><net_sink comp="1164" pin=0"/></net>

<net id="1826"><net_src comp="1820" pin="1"/><net_sink comp="1223" pin=1"/></net>

<net id="1827"><net_src comp="1820" pin="1"/><net_sink comp="1602" pin=0"/></net>

<net id="1831"><net_src comp="260" pin="1"/><net_sink comp="1828" pin=0"/></net>

<net id="1832"><net_src comp="1828" pin="1"/><net_sink comp="860" pin=1"/></net>

<net id="1833"><net_src comp="1828" pin="1"/><net_sink comp="1023" pin=0"/></net>

<net id="1834"><net_src comp="1828" pin="1"/><net_sink comp="1138" pin=1"/></net>

<net id="1835"><net_src comp="1828" pin="1"/><net_sink comp="1606" pin=0"/></net>

<net id="1839"><net_src comp="264" pin="1"/><net_sink comp="1836" pin=0"/></net>

<net id="1840"><net_src comp="1836" pin="1"/><net_sink comp="855" pin=1"/></net>

<net id="1841"><net_src comp="1836" pin="1"/><net_sink comp="1026" pin=0"/></net>

<net id="1842"><net_src comp="1836" pin="1"/><net_sink comp="1133" pin=1"/></net>

<net id="1843"><net_src comp="1836" pin="1"/><net_sink comp="1610" pin=0"/></net>

<net id="1847"><net_src comp="268" pin="1"/><net_sink comp="1844" pin=0"/></net>

<net id="1848"><net_src comp="1844" pin="1"/><net_sink comp="850" pin=1"/></net>

<net id="1849"><net_src comp="1844" pin="1"/><net_sink comp="1029" pin=0"/></net>

<net id="1850"><net_src comp="1844" pin="1"/><net_sink comp="1128" pin=1"/></net>

<net id="1851"><net_src comp="1844" pin="1"/><net_sink comp="1614" pin=0"/></net>

<net id="1855"><net_src comp="272" pin="1"/><net_sink comp="1852" pin=0"/></net>

<net id="1856"><net_src comp="1852" pin="1"/><net_sink comp="845" pin=1"/></net>

<net id="1857"><net_src comp="1852" pin="1"/><net_sink comp="1032" pin=0"/></net>

<net id="1858"><net_src comp="1852" pin="1"/><net_sink comp="1123" pin=1"/></net>

<net id="1859"><net_src comp="1852" pin="1"/><net_sink comp="1618" pin=0"/></net>

<net id="1863"><net_src comp="276" pin="1"/><net_sink comp="1860" pin=0"/></net>

<net id="1864"><net_src comp="1860" pin="1"/><net_sink comp="840" pin=1"/></net>

<net id="1865"><net_src comp="1860" pin="1"/><net_sink comp="1035" pin=0"/></net>

<net id="1866"><net_src comp="1860" pin="1"/><net_sink comp="1118" pin=1"/></net>

<net id="1867"><net_src comp="1860" pin="1"/><net_sink comp="1622" pin=0"/></net>

<net id="1871"><net_src comp="280" pin="1"/><net_sink comp="1868" pin=0"/></net>

<net id="1872"><net_src comp="1868" pin="1"/><net_sink comp="835" pin=1"/></net>

<net id="1873"><net_src comp="1868" pin="1"/><net_sink comp="1038" pin=0"/></net>

<net id="1874"><net_src comp="1868" pin="1"/><net_sink comp="1113" pin=1"/></net>

<net id="1875"><net_src comp="1868" pin="1"/><net_sink comp="1626" pin=0"/></net>

<net id="1879"><net_src comp="284" pin="1"/><net_sink comp="1876" pin=0"/></net>

<net id="1880"><net_src comp="1876" pin="1"/><net_sink comp="830" pin=1"/></net>

<net id="1881"><net_src comp="1876" pin="1"/><net_sink comp="1041" pin=0"/></net>

<net id="1882"><net_src comp="1876" pin="1"/><net_sink comp="1108" pin=1"/></net>

<net id="1883"><net_src comp="1876" pin="1"/><net_sink comp="1630" pin=0"/></net>

<net id="1887"><net_src comp="288" pin="1"/><net_sink comp="1884" pin=0"/></net>

<net id="1888"><net_src comp="1884" pin="1"/><net_sink comp="825" pin=1"/></net>

<net id="1889"><net_src comp="1884" pin="1"/><net_sink comp="1044" pin=0"/></net>

<net id="1890"><net_src comp="1884" pin="1"/><net_sink comp="1103" pin=1"/></net>

<net id="1891"><net_src comp="1884" pin="1"/><net_sink comp="1634" pin=0"/></net>

<net id="1895"><net_src comp="292" pin="1"/><net_sink comp="1892" pin=0"/></net>

<net id="1896"><net_src comp="1892" pin="1"/><net_sink comp="820" pin=1"/></net>

<net id="1897"><net_src comp="1892" pin="1"/><net_sink comp="1383" pin=0"/></net>

<net id="1898"><net_src comp="1892" pin="1"/><net_sink comp="1498" pin=1"/></net>

<net id="1899"><net_src comp="1892" pin="1"/><net_sink comp="1638" pin=0"/></net>

<net id="1903"><net_src comp="296" pin="1"/><net_sink comp="1900" pin=0"/></net>

<net id="1904"><net_src comp="1900" pin="1"/><net_sink comp="815" pin=1"/></net>

<net id="1905"><net_src comp="1900" pin="1"/><net_sink comp="1386" pin=0"/></net>

<net id="1906"><net_src comp="1900" pin="1"/><net_sink comp="1493" pin=1"/></net>

<net id="1907"><net_src comp="1900" pin="1"/><net_sink comp="1642" pin=0"/></net>

<net id="1911"><net_src comp="300" pin="1"/><net_sink comp="1908" pin=0"/></net>

<net id="1912"><net_src comp="1908" pin="1"/><net_sink comp="810" pin=1"/></net>

<net id="1913"><net_src comp="1908" pin="1"/><net_sink comp="1389" pin=0"/></net>

<net id="1914"><net_src comp="1908" pin="1"/><net_sink comp="1488" pin=1"/></net>

<net id="1915"><net_src comp="1908" pin="1"/><net_sink comp="1646" pin=0"/></net>

<net id="1919"><net_src comp="304" pin="1"/><net_sink comp="1916" pin=0"/></net>

<net id="1920"><net_src comp="1916" pin="1"/><net_sink comp="805" pin=1"/></net>

<net id="1921"><net_src comp="1916" pin="1"/><net_sink comp="1392" pin=0"/></net>

<net id="1922"><net_src comp="1916" pin="1"/><net_sink comp="1483" pin=1"/></net>

<net id="1923"><net_src comp="1916" pin="1"/><net_sink comp="1650" pin=0"/></net>

<net id="1927"><net_src comp="308" pin="1"/><net_sink comp="1924" pin=0"/></net>

<net id="1928"><net_src comp="1924" pin="1"/><net_sink comp="800" pin=1"/></net>

<net id="1929"><net_src comp="1924" pin="1"/><net_sink comp="1395" pin=0"/></net>

<net id="1930"><net_src comp="1924" pin="1"/><net_sink comp="1478" pin=1"/></net>

<net id="1931"><net_src comp="1924" pin="1"/><net_sink comp="1654" pin=0"/></net>

<net id="1935"><net_src comp="312" pin="1"/><net_sink comp="1932" pin=0"/></net>

<net id="1936"><net_src comp="1932" pin="1"/><net_sink comp="795" pin=1"/></net>

<net id="1937"><net_src comp="1932" pin="1"/><net_sink comp="1398" pin=0"/></net>

<net id="1938"><net_src comp="1932" pin="1"/><net_sink comp="1473" pin=1"/></net>

<net id="1939"><net_src comp="1932" pin="1"/><net_sink comp="1658" pin=0"/></net>

<net id="1943"><net_src comp="316" pin="1"/><net_sink comp="1940" pin=0"/></net>

<net id="1944"><net_src comp="1940" pin="1"/><net_sink comp="790" pin=1"/></net>

<net id="1945"><net_src comp="1940" pin="1"/><net_sink comp="1401" pin=0"/></net>

<net id="1946"><net_src comp="1940" pin="1"/><net_sink comp="1468" pin=1"/></net>

<net id="1947"><net_src comp="1940" pin="1"/><net_sink comp="1662" pin=0"/></net>

<net id="1951"><net_src comp="320" pin="1"/><net_sink comp="1948" pin=0"/></net>

<net id="1952"><net_src comp="1948" pin="1"/><net_sink comp="785" pin=1"/></net>

<net id="1953"><net_src comp="1948" pin="1"/><net_sink comp="1404" pin=0"/></net>

<net id="1954"><net_src comp="1948" pin="1"/><net_sink comp="1463" pin=1"/></net>

<net id="1955"><net_src comp="1948" pin="1"/><net_sink comp="1666" pin=0"/></net>

<net id="1959"><net_src comp="324" pin="2"/><net_sink comp="1956" pin=0"/></net>

<net id="1963"><net_src comp="958" pin="2"/><net_sink comp="1960" pin=0"/></net>

<net id="1967"><net_src comp="759" pin="3"/><net_sink comp="1964" pin=0"/></net>

<net id="1968"><net_src comp="1964" pin="1"/><net_sink comp="766" pin=0"/></net>

<net id="1972"><net_src comp="772" pin="3"/><net_sink comp="1969" pin=0"/></net>

<net id="1973"><net_src comp="1969" pin="1"/><net_sink comp="779" pin=0"/></net>

<net id="1977"><net_src comp="986" pin="1"/><net_sink comp="1974" pin=0"/></net>

<net id="1978"><net_src comp="1974" pin="1"/><net_sink comp="1047" pin=0"/></net>

<net id="1979"><net_src comp="1974" pin="1"/><net_sink comp="1054" pin=0"/></net>

<net id="1980"><net_src comp="1974" pin="1"/><net_sink comp="1061" pin=0"/></net>

<net id="1981"><net_src comp="1974" pin="1"/><net_sink comp="1068" pin=0"/></net>

<net id="1982"><net_src comp="1974" pin="1"/><net_sink comp="1075" pin=0"/></net>

<net id="1983"><net_src comp="1974" pin="1"/><net_sink comp="1082" pin=0"/></net>

<net id="1984"><net_src comp="1974" pin="1"/><net_sink comp="1089" pin=0"/></net>

<net id="1985"><net_src comp="1974" pin="1"/><net_sink comp="1096" pin=0"/></net>

<net id="1986"><net_src comp="1974" pin="1"/><net_sink comp="1167" pin=0"/></net>

<net id="1987"><net_src comp="1974" pin="1"/><net_sink comp="1174" pin=0"/></net>

<net id="1988"><net_src comp="1974" pin="1"/><net_sink comp="1181" pin=0"/></net>

<net id="1989"><net_src comp="1974" pin="1"/><net_sink comp="1188" pin=0"/></net>

<net id="1990"><net_src comp="1974" pin="1"/><net_sink comp="1195" pin=0"/></net>

<net id="1991"><net_src comp="1974" pin="1"/><net_sink comp="1202" pin=0"/></net>

<net id="1992"><net_src comp="1974" pin="1"/><net_sink comp="1209" pin=0"/></net>

<net id="1993"><net_src comp="1974" pin="1"/><net_sink comp="1216" pin=0"/></net>

<net id="1994"><net_src comp="1974" pin="1"/><net_sink comp="1287" pin=0"/></net>

<net id="1995"><net_src comp="1974" pin="1"/><net_sink comp="1294" pin=0"/></net>

<net id="1996"><net_src comp="1974" pin="1"/><net_sink comp="1301" pin=0"/></net>

<net id="1997"><net_src comp="1974" pin="1"/><net_sink comp="1308" pin=0"/></net>

<net id="1998"><net_src comp="1974" pin="1"/><net_sink comp="1315" pin=0"/></net>

<net id="1999"><net_src comp="1974" pin="1"/><net_sink comp="1322" pin=0"/></net>

<net id="2000"><net_src comp="1974" pin="1"/><net_sink comp="1329" pin=0"/></net>

<net id="2001"><net_src comp="1974" pin="1"/><net_sink comp="1336" pin=0"/></net>

<net id="2002"><net_src comp="1974" pin="1"/><net_sink comp="1407" pin=0"/></net>

<net id="2003"><net_src comp="1974" pin="1"/><net_sink comp="1414" pin=0"/></net>

<net id="2004"><net_src comp="1974" pin="1"/><net_sink comp="1421" pin=0"/></net>

<net id="2005"><net_src comp="1974" pin="1"/><net_sink comp="1428" pin=0"/></net>

<net id="2006"><net_src comp="1974" pin="1"/><net_sink comp="1435" pin=0"/></net>

<net id="2007"><net_src comp="1974" pin="1"/><net_sink comp="1442" pin=0"/></net>

<net id="2008"><net_src comp="1974" pin="1"/><net_sink comp="1449" pin=0"/></net>

<net id="2009"><net_src comp="1974" pin="1"/><net_sink comp="1456" pin=0"/></net>

<net id="2013"><net_src comp="995" pin="1"/><net_sink comp="2010" pin=0"/></net>

<net id="2014"><net_src comp="2010" pin="1"/><net_sink comp="1511" pin=0"/></net>

<net id="2018"><net_src comp="1009" pin="1"/><net_sink comp="2015" pin=0"/></net>

<net id="2019"><net_src comp="2015" pin="1"/><net_sink comp="1514" pin=0"/></net>

<net id="2023"><net_src comp="1503" pin="1"/><net_sink comp="2020" pin=0"/></net>

<net id="2024"><net_src comp="2020" pin="1"/><net_sink comp="1670" pin=1"/></net>

<net id="2028"><net_src comp="1507" pin="1"/><net_sink comp="2025" pin=0"/></net>

<net id="2029"><net_src comp="2025" pin="1"/><net_sink comp="1670" pin=0"/></net>

<net id="2033"><net_src comp="1511" pin="1"/><net_sink comp="2030" pin=0"/></net>

<net id="2034"><net_src comp="2030" pin="1"/><net_sink comp="1677" pin=1"/></net>

<net id="2038"><net_src comp="1514" pin="1"/><net_sink comp="2035" pin=0"/></net>

<net id="2039"><net_src comp="2035" pin="1"/><net_sink comp="1677" pin=0"/></net>

<net id="2043"><net_src comp="1517" pin="1"/><net_sink comp="2040" pin=0"/></net>

<net id="2044"><net_src comp="2040" pin="1"/><net_sink comp="1677" pin=0"/></net>

</net_list>

</model> 
---------------- Datapath Model END ------------------

* FSMD analyzer results:
  - Output states:
	Port: buffer_a | {}
	Port: buffer_b | {}
	Port: REG_V_63_out | {6 }
	Port: REG_V_62_out | {6 }
	Port: REG_V_61_out | {6 }
	Port: REG_V_60_out | {6 }
	Port: REG_V_59_out | {6 }
	Port: REG_V_58_out | {6 }
	Port: REG_V_57_out | {6 }
	Port: REG_V_56_out | {6 }
	Port: REG_V_55_out | {6 }
	Port: REG_V_54_out | {6 }
	Port: REG_V_53_out | {6 }
	Port: REG_V_52_out | {6 }
	Port: REG_V_51_out | {6 }
	Port: REG_V_50_out | {6 }
	Port: REG_V_49_out | {6 }
	Port: REG_V_48_out | {6 }
	Port: REG_V_47_out | {6 }
	Port: REG_V_46_out | {6 }
	Port: REG_V_45_out | {6 }
	Port: REG_V_44_out | {6 }
	Port: REG_V_43_out | {6 }
	Port: REG_V_42_out | {6 }
	Port: REG_V_41_out | {6 }
	Port: REG_V_40_out | {6 }
	Port: REG_V_39_out | {6 }
	Port: REG_V_38_out | {6 }
	Port: REG_V_37_out | {6 }
	Port: REG_V_36_out | {6 }
	Port: REG_V_35_out | {6 }
	Port: REG_V_34_out | {6 }
	Port: REG_V_33_out | {6 }
	Port: REG_V_32_out | {6 }
	Port: self_sum_V_out | {6 }
 - Input state : 
	Port: compute2in_Pipeline_VITIS_LOOP_66_2 : REG_V_31 | {1 }
	Port: compute2in_Pipeline_VITIS_LOOP_66_2 : REG_V_30 | {1 }
	Port: compute2in_Pipeline_VITIS_LOOP_66_2 : REG_V_29 | {1 }
	Port: compute2in_Pipeline_VITIS_LOOP_66_2 : REG_V_28 | {1 }
	Port: compute2in_Pipeline_VITIS_LOOP_66_2 : REG_V_27 | {1 }
	Port: compute2in_Pipeline_VITIS_LOOP_66_2 : REG_V_26 | {1 }
	Port: compute2in_Pipeline_VITIS_LOOP_66_2 : REG_V_25 | {1 }
	Port: compute2in_Pipeline_VITIS_LOOP_66_2 : REG_V_24 | {1 }
	Port: compute2in_Pipeline_VITIS_LOOP_66_2 : REG_V_23 | {1 }
	Port: compute2in_Pipeline_VITIS_LOOP_66_2 : REG_V_22 | {1 }
	Port: compute2in_Pipeline_VITIS_LOOP_66_2 : REG_V_21 | {1 }
	Port: compute2in_Pipeline_VITIS_LOOP_66_2 : REG_V_20 | {1 }
	Port: compute2in_Pipeline_VITIS_LOOP_66_2 : REG_V_19 | {1 }
	Port: compute2in_Pipeline_VITIS_LOOP_66_2 : REG_V_18 | {1 }
	Port: compute2in_Pipeline_VITIS_LOOP_66_2 : REG_V_17 | {1 }
	Port: compute2in_Pipeline_VITIS_LOOP_66_2 : REG_V_16 | {1 }
	Port: compute2in_Pipeline_VITIS_LOOP_66_2 : REG_V_15 | {1 }
	Port: compute2in_Pipeline_VITIS_LOOP_66_2 : REG_V_14 | {1 }
	Port: compute2in_Pipeline_VITIS_LOOP_66_2 : REG_V_13 | {1 }
	Port: compute2in_Pipeline_VITIS_LOOP_66_2 : REG_V_12 | {1 }
	Port: compute2in_Pipeline_VITIS_LOOP_66_2 : REG_V_11 | {1 }
	Port: compute2in_Pipeline_VITIS_LOOP_66_2 : REG_V_10 | {1 }
	Port: compute2in_Pipeline_VITIS_LOOP_66_2 : REG_V_9 | {1 }
	Port: compute2in_Pipeline_VITIS_LOOP_66_2 : REG_V_8 | {1 }
	Port: compute2in_Pipeline_VITIS_LOOP_66_2 : REG_V_7 | {1 }
	Port: compute2in_Pipeline_VITIS_LOOP_66_2 : REG_V_6 | {1 }
	Port: compute2in_Pipeline_VITIS_LOOP_66_2 : REG_V_5 | {1 }
	Port: compute2in_Pipeline_VITIS_LOOP_66_2 : REG_V_4 | {1 }
	Port: compute2in_Pipeline_VITIS_LOOP_66_2 : REG_V_3 | {1 }
	Port: compute2in_Pipeline_VITIS_LOOP_66_2 : REG_V_2 | {1 }
	Port: compute2in_Pipeline_VITIS_LOOP_66_2 : REG_V_1 | {1 }
	Port: compute2in_Pipeline_VITIS_LOOP_66_2 : REG_V | {1 }
	Port: compute2in_Pipeline_VITIS_LOOP_66_2 : tmp_8 | {1 }
	Port: compute2in_Pipeline_VITIS_LOOP_66_2 : buffer_a | {1 2 }
	Port: compute2in_Pipeline_VITIS_LOOP_66_2 : buffer_b | {1 2 }
	Port: compute2in_Pipeline_VITIS_LOOP_66_2 : tmp_7 | {1 }
  - Chain level:
	State 1
		store_ln0 : 1
		store_ln0 : 1
		fe_1 : 1
		icmp_ln66 : 2
		add_ln66 : 2
		br_ln66 : 3
		fe_cast : 2
		add_ln68 : 3
		zext_ln68 : 4
		buffer_a_addr : 5
		word_V : 6
		buffer_b_addr : 5
		word1 : 6
		trunc_ln74 : 2
		store_ln66 : 3
	State 2
		lhs : 1
		lhs_1 : 1
		rhs : 1
		rhs_1 : 1
		REG_V_78 : 2
		REG_V_79 : 2
		REG_V_83 : 2
		REG_V_82 : 2
		REG_V_81 : 2
		REG_V_80 : 2
		select_ln77_6 : 2
		select_ln77_7 : 2
		store_ln77 : 3
		store_ln77 : 3
		store_ln77 : 3
		store_ln77 : 3
		store_ln77 : 3
		store_ln77 : 3
		store_ln77 : 3
		store_ln77 : 3
		REG_V_74 : 2
		REG_V_75 : 2
		select_ln75_4 : 2
		select_ln75_5 : 2
		select_ln76_4 : 2
		select_ln76_5 : 2
		select_ln77_4 : 2
		select_ln77_5 : 2
		store_ln77 : 3
		store_ln77 : 3
		store_ln77 : 3
		store_ln77 : 3
		store_ln77 : 3
		store_ln77 : 3
		store_ln77 : 3
		store_ln77 : 3
		REG_V_72 : 2
		REG_V_73 : 2
		select_ln75_2 : 2
		select_ln75_3 : 2
		select_ln76_2 : 2
		select_ln76_3 : 2
		select_ln77_2 : 2
		select_ln77_3 : 2
		store_ln77 : 3
		store_ln77 : 3
		store_ln77 : 3
		store_ln77 : 3
		store_ln77 : 3
		store_ln77 : 3
		store_ln77 : 3
		store_ln77 : 3
		REG_V_65 : 2
		REG_V_66 : 2
		select_ln75 : 2
		select_ln75_1 : 2
		select_ln76 : 2
		select_ln76_1 : 2
		select_ln77 : 2
		select_ln77_1 : 2
		store_ln77 : 3
		store_ln77 : 3
		store_ln77 : 3
		store_ln77 : 3
		store_ln77 : 3
		store_ln77 : 3
		store_ln77 : 3
		store_ln77 : 3
		zext_ln186_17 : 2
		zext_ln186_18 : 2
		ret_V_4 : 3
	State 3
		ret_V_3 : 1
	State 4
	State 5
		zext_ln186_19 : 1
		zext_ln186_20 : 1
		ret_V : 2
	State 6
		empty : 1
		zext_ln840 : 1
		self_sum_V_3 : 2
		store_ln66 : 3
		write_ln0 : 1
		write_ln0 : 1
		write_ln0 : 1
		write_ln0 : 1
		write_ln0 : 1
		write_ln0 : 1
		write_ln0 : 1
		write_ln0 : 1
		write_ln0 : 1
		write_ln0 : 1
		write_ln0 : 1
		write_ln0 : 1
		write_ln0 : 1
		write_ln0 : 1
		write_ln0 : 1
		write_ln0 : 1
		write_ln0 : 1
		write_ln0 : 1
		write_ln0 : 1
		write_ln0 : 1
		write_ln0 : 1
		write_ln0 : 1
		write_ln0 : 1
		write_ln0 : 1
		write_ln0 : 1
		write_ln0 : 1
		write_ln0 : 1
		write_ln0 : 1
		write_ln0 : 1
		write_ln0 : 1
		write_ln0 : 1
		write_ln0 : 1
		write_ln0 : 2


============================================================
+ Verbose Summary: Datapath Resource usage 
============================================================

* Functional unit list:
|----------|---------------------------|---------|---------|---------|
| Operation|      Functional Unit      |   DSP   |    FF   |   LUT   |
|----------|---------------------------|---------|---------|---------|
|          |      REG_V_78_fu_1047     |    0    |    0    |    16   |
|          |      REG_V_79_fu_1054     |    0    |    0    |    16   |
|          |      REG_V_83_fu_1061     |    0    |    0    |    16   |
|          |      REG_V_82_fu_1068     |    0    |    0    |    16   |
|          |      REG_V_81_fu_1075     |    0    |    0    |    16   |
|          |      REG_V_80_fu_1082     |    0    |    0    |    16   |
|          |   select_ln77_6_fu_1089   |    0    |    0    |    16   |
|          |   select_ln77_7_fu_1096   |    0    |    0    |    16   |
|          |      REG_V_74_fu_1167     |    0    |    0    |    16   |
|          |      REG_V_75_fu_1174     |    0    |    0    |    16   |
|          |   select_ln75_4_fu_1181   |    0    |    0    |    16   |
|          |   select_ln75_5_fu_1188   |    0    |    0    |    16   |
|          |   select_ln76_4_fu_1195   |    0    |    0    |    16   |
|          |   select_ln76_5_fu_1202   |    0    |    0    |    16   |
|          |   select_ln77_4_fu_1209   |    0    |    0    |    16   |
|  select  |   select_ln77_5_fu_1216   |    0    |    0    |    16   |
|          |      REG_V_72_fu_1287     |    0    |    0    |    16   |
|          |      REG_V_73_fu_1294     |    0    |    0    |    16   |
|          |   select_ln75_2_fu_1301   |    0    |    0    |    16   |
|          |   select_ln75_3_fu_1308   |    0    |    0    |    16   |
|          |   select_ln76_2_fu_1315   |    0    |    0    |    16   |
|          |   select_ln76_3_fu_1322   |    0    |    0    |    16   |
|          |   select_ln77_2_fu_1329   |    0    |    0    |    16   |
|          |   select_ln77_3_fu_1336   |    0    |    0    |    16   |
|          |      REG_V_65_fu_1407     |    0    |    0    |    16   |
|          |      REG_V_66_fu_1414     |    0    |    0    |    16   |
|          |    select_ln75_fu_1421    |    0    |    0    |    16   |
|          |   select_ln75_1_fu_1428   |    0    |    0    |    16   |
|          |    select_ln76_fu_1435    |    0    |    0    |    16   |
|          |   select_ln76_1_fu_1442   |    0    |    0    |    16   |
|          |    select_ln77_fu_1449    |    0    |    0    |    16   |
|          |   select_ln77_1_fu_1456   |    0    |    0    |    16   |
|----------|---------------------------|---------|---------|---------|
|          |      add_ln66_fu_964      |    0    |    0    |    9    |
|    add   |      add_ln68_fu_974      |    0    |    0    |    10   |
|          |    self_sum_V_3_fu_1531   |    0    |    0    |    41   |
|----------|---------------------------|---------|---------|---------|
|   icmp   |      icmp_ln66_fu_958     |    0    |    0    |    8    |
|----------|---------------------------|---------|---------|---------|
|    mul   |        grp_fu_1670        |    1    |    0    |    0    |
|----------|---------------------------|---------|---------|---------|
|  muladd  |        grp_fu_1677        |    1    |    0    |    0    |
|----------|---------------------------|---------|---------|---------|
|          |   tmp_7_read_read_fu_324  |    0    |    0    |    0    |
|          |   tmp_8_read_read_fu_330  |    0    |    0    |    0    |
|          |   REG_V_read_read_fu_336  |    0    |    0    |    0    |
|          |  REG_V_1_read_read_fu_342 |    0    |    0    |    0    |
|          |  REG_V_2_read_read_fu_348 |    0    |    0    |    0    |
|          |  REG_V_3_read_read_fu_354 |    0    |    0    |    0    |
|          |  REG_V_4_read_read_fu_360 |    0    |    0    |    0    |
|          |  REG_V_5_read_read_fu_366 |    0    |    0    |    0    |
|          |  REG_V_6_read_read_fu_372 |    0    |    0    |    0    |
|          |  REG_V_7_read_read_fu_378 |    0    |    0    |    0    |
|          |  REG_V_8_read_read_fu_384 |    0    |    0    |    0    |
|          |  REG_V_9_read_read_fu_390 |    0    |    0    |    0    |
|          | REG_V_10_read_read_fu_396 |    0    |    0    |    0    |
|          | REG_V_11_read_read_fu_402 |    0    |    0    |    0    |
|          | REG_V_12_read_read_fu_408 |    0    |    0    |    0    |
|          | REG_V_13_read_read_fu_414 |    0    |    0    |    0    |
|   read   | REG_V_14_read_read_fu_420 |    0    |    0    |    0    |
|          | REG_V_15_read_read_fu_426 |    0    |    0    |    0    |
|          | REG_V_16_read_read_fu_432 |    0    |    0    |    0    |
|          | REG_V_17_read_read_fu_438 |    0    |    0    |    0    |
|          | REG_V_18_read_read_fu_444 |    0    |    0    |    0    |
|          | REG_V_19_read_read_fu_450 |    0    |    0    |    0    |
|          | REG_V_20_read_read_fu_456 |    0    |    0    |    0    |
|          | REG_V_21_read_read_fu_462 |    0    |    0    |    0    |
|          | REG_V_22_read_read_fu_468 |    0    |    0    |    0    |
|          | REG_V_23_read_read_fu_474 |    0    |    0    |    0    |
|          | REG_V_24_read_read_fu_480 |    0    |    0    |    0    |
|          | REG_V_25_read_read_fu_486 |    0    |    0    |    0    |
|          | REG_V_26_read_read_fu_492 |    0    |    0    |    0    |
|          | REG_V_27_read_read_fu_498 |    0    |    0    |    0    |
|          | REG_V_28_read_read_fu_504 |    0    |    0    |    0    |
|          | REG_V_29_read_read_fu_510 |    0    |    0    |    0    |
|          | REG_V_30_read_read_fu_516 |    0    |    0    |    0    |
|          | REG_V_31_read_read_fu_522 |    0    |    0    |    0    |
|----------|---------------------------|---------|---------|---------|
|          |   write_ln0_write_fu_528  |    0    |    0    |    0    |
|          |   write_ln0_write_fu_535  |    0    |    0    |    0    |
|          |   write_ln0_write_fu_542  |    0    |    0    |    0    |
|          |   write_ln0_write_fu_549  |    0    |    0    |    0    |
|          |   write_ln0_write_fu_556  |    0    |    0    |    0    |
|          |   write_ln0_write_fu_563  |    0    |    0    |    0    |
|          |   write_ln0_write_fu_570  |    0    |    0    |    0    |
|          |   write_ln0_write_fu_577  |    0    |    0    |    0    |
|          |   write_ln0_write_fu_584  |    0    |    0    |    0    |
|          |   write_ln0_write_fu_591  |    0    |    0    |    0    |
|          |   write_ln0_write_fu_598  |    0    |    0    |    0    |
|          |   write_ln0_write_fu_605  |    0    |    0    |    0    |
|          |   write_ln0_write_fu_612  |    0    |    0    |    0    |
|          |   write_ln0_write_fu_619  |    0    |    0    |    0    |
|          |   write_ln0_write_fu_626  |    0    |    0    |    0    |
|          |   write_ln0_write_fu_633  |    0    |    0    |    0    |
|   write  |   write_ln0_write_fu_640  |    0    |    0    |    0    |
|          |   write_ln0_write_fu_647  |    0    |    0    |    0    |
|          |   write_ln0_write_fu_654  |    0    |    0    |    0    |
|          |   write_ln0_write_fu_661  |    0    |    0    |    0    |
|          |   write_ln0_write_fu_668  |    0    |    0    |    0    |
|          |   write_ln0_write_fu_675  |    0    |    0    |    0    |
|          |   write_ln0_write_fu_682  |    0    |    0    |    0    |
|          |   write_ln0_write_fu_689  |    0    |    0    |    0    |
|          |   write_ln0_write_fu_696  |    0    |    0    |    0    |
|          |   write_ln0_write_fu_703  |    0    |    0    |    0    |
|          |   write_ln0_write_fu_710  |    0    |    0    |    0    |
|          |   write_ln0_write_fu_717  |    0    |    0    |    0    |
|          |   write_ln0_write_fu_724  |    0    |    0    |    0    |
|          |   write_ln0_write_fu_731  |    0    |    0    |    0    |
|          |   write_ln0_write_fu_738  |    0    |    0    |    0    |
|          |   write_ln0_write_fu_745  |    0    |    0    |    0    |
|          |   write_ln0_write_fu_752  |    0    |    0    |    0    |
|----------|---------------------------|---------|---------|---------|
|          |       fe_cast_fu_970      |    0    |    0    |    0    |
|          |      zext_ln68_fu_980     |    0    |    0    |    0    |
|          |   zext_ln186_17_fu_1503   |    0    |    0    |    0    |
|   zext   |   zext_ln186_18_fu_1507   |    0    |    0    |    0    |
|          |     zext_ln186_fu_1511    |    0    |    0    |    0    |
|          |   zext_ln186_16_fu_1514   |    0    |    0    |    0    |
|          |   zext_ln186_20_fu_1517   |    0    |    0    |    0    |
|          |     zext_ln840_fu_1528    |    0    |    0    |    0    |
|----------|---------------------------|---------|---------|---------|
|          |     trunc_ln74_fu_986     |    0    |    0    |    0    |
|   trunc  |         lhs_fu_995        |    0    |    0    |    0    |
|          |        rhs_fu_1009        |    0    |    0    |    0    |
|          |       empty_fu_1523       |    0    |    0    |    0    |
|----------|---------------------------|---------|---------|---------|
|partselect|        lhs_1_fu_999       |    0    |    0    |    0    |
|          |       rhs_1_fu_1013       |    0    |    0    |    0    |
|----------|---------------------------|---------|---------|---------|
|   Total  |                           |    2    |    0    |   580   |
|----------|---------------------------|---------|---------|---------|

Memories:
N/A

* Register list:
+----------------------+--------+
|                      |   FF   |
+----------------------+--------+
|   REG_V_32_reg_1700  |   16   |
|   REG_V_33_reg_1708  |   16   |
|   REG_V_34_reg_1716  |   16   |
|   REG_V_35_reg_1724  |   16   |
|   REG_V_36_reg_1732  |   16   |
|   REG_V_37_reg_1740  |   16   |
|   REG_V_38_reg_1748  |   16   |
|   REG_V_39_reg_1756  |   16   |
|   REG_V_40_reg_1764  |   16   |
|   REG_V_41_reg_1772  |   16   |
|   REG_V_42_reg_1780  |   16   |
|   REG_V_43_reg_1788  |   16   |
|   REG_V_44_reg_1796  |   16   |
|   REG_V_45_reg_1804  |   16   |
|   REG_V_46_reg_1812  |   16   |
|   REG_V_47_reg_1820  |   16   |
|   REG_V_48_reg_1828  |   16   |
|   REG_V_49_reg_1836  |   16   |
|   REG_V_50_reg_1844  |   16   |
|   REG_V_51_reg_1852  |   16   |
|   REG_V_52_reg_1860  |   16   |
|   REG_V_53_reg_1868  |   16   |
|   REG_V_54_reg_1876  |   16   |
|   REG_V_55_reg_1884  |   16   |
|   REG_V_56_reg_1892  |   16   |
|   REG_V_57_reg_1900  |   16   |
|   REG_V_58_reg_1908  |   16   |
|   REG_V_59_reg_1916  |   16   |
|   REG_V_60_reg_1924  |   16   |
|   REG_V_61_reg_1932  |   16   |
|   REG_V_62_reg_1940  |   16   |
|   REG_V_63_reg_1948  |   16   |
|buffer_a_addr_reg_1964|    3   |
|buffer_b_addr_reg_1969|    3   |
|      fe_reg_1693     |    2   |
|  icmp_ln66_reg_1960  |    1   |
|     lhs_reg_2010     |   16   |
|     rhs_reg_2015     |   16   |
|  self_sum_V_reg_1686 |   34   |
|  tmp_7_read_reg_1956 |    2   |
|  trunc_ln74_reg_1974 |    1   |
|zext_ln186_16_reg_2035|   32   |
|zext_ln186_17_reg_2020|   32   |
|zext_ln186_18_reg_2025|   32   |
|zext_ln186_20_reg_2040|   33   |
|  zext_ln186_reg_2030 |   32   |
+----------------------+--------+
|         Total        |   751  |
+----------------------+--------+

* Multiplexer (MUX) list: 
|-------------------|------|------|------|--------||---------||---------|
|        Comp       |  Pin | Size |  BW  | S x BW ||  Delay  ||   LUT   |
|-------------------|------|------|------|--------||---------||---------|
| grp_access_fu_766 |  p0  |   2  |   3  |    6   ||    9    |
| grp_access_fu_779 |  p0  |   2  |   3  |    6   ||    9    |
|    grp_fu_1670    |  p0  |   2  |  16  |   32   ||    9    |
|    grp_fu_1670    |  p1  |   2  |  16  |   32   ||    9    |
|    grp_fu_1677    |  p0  |   3  |  16  |   48   ||    14   |
|    grp_fu_1677    |  p1  |   2  |  16  |   32   ||    9    |
|-------------------|------|------|------|--------||---------||---------|
|       Total       |      |      |      |   156  ||  2.611  ||    59   |
|-------------------|------|------|------|--------||---------||---------|



* Summary:
+-----------+--------+--------+--------+--------+
|           |   DSP  |  Delay |   FF   |   LUT  |
+-----------+--------+--------+--------+--------+
|  Function |    2   |    -   |    0   |   580  |
|   Memory  |    -   |    -   |    -   |    -   |
|Multiplexer|    -   |    2   |    -   |   59   |
|  Register |    -   |    -   |   751  |    -   |
+-----------+--------+--------+--------+--------+
|   Total   |    2   |    2   |   751  |   639  |
+-----------+--------+--------+--------+--------+
