

================================================================
== Vitis HLS Report for 'compute2in'
================================================================
* Date:           Mon Sep 14 03:39:06 2026

* Version:        2022.2 (Build 3670227 on Oct 13 2022)
* Project:        Compute_block2in
* Solution:       solution1 (Vivado IP Flow Target)
* Product family: zynquplus
* Target device:  xczu7ev-ffvc1156-2-e


================================================================
== Performance Estimates
================================================================
+ Timing: 
    * Summary: 
    +--------+----------+----------+------------+
    |  Clock |  Target  | Estimated| Uncertainty|
    +--------+----------+----------+------------+
    |ap_clk  |  10.00 ns|  2.240 ns|     2.70 ns|
    +--------+----------+----------+------------+

+ Latency: 
    * Summary: 
    +---------+---------+----------+----------+-----+-----+---------+
    |  Latency (cycles) |  Latency (absolute) |  Interval | Pipeline|
    |   min   |   max   |    min   |    max   | min | max |   Type  |
    +---------+---------+----------+----------+-----+-----+---------+
    |       65|      105|  0.650 us|  1.050 us|   66|  106|       no|
    +---------+---------+----------+----------+-----+-----+---------+

    + Detail: 
        * Instance: 
        +------------------------------------------------+-------------------------------------+---------+---------+-----------+-----------+-----+-----+---------+
        |                                                |                                     |  Latency (cycles) |   Latency (absolute)  |  Interval | Pipeline|
        |                    Instance                    |                Module               |   min   |   max   |    min    |    max    | min | max |   Type  |
        +------------------------------------------------+-------------------------------------+---------+---------+-----------+-----------+-----+-----+---------+
        |grp_compute2in_Pipeline_VITIS_LOOP_66_2_fu_389  |compute2in_Pipeline_VITIS_LOOP_66_2  |        9|        9|  90.000 ns|  90.000 ns|    9|    9|       no|
        |grp_compute2in_Pipeline_VITIS_LOOP_87_3_fu_464  |compute2in_Pipeline_VITIS_LOOP_87_3  |        2|       12|  20.000 ns|   0.120 us|    2|   12|       no|
        +------------------------------------------------+-------------------------------------+---------+---------+-----------+-----------+-----+-----+---------+

        * Loop: 
        +-------------------+---------+---------+----------+-----------+-----------+------+----------+
        |                   |  Latency (cycles) | Iteration|  Initiation Interval  | Trip |          |
        |     Loop Name     |   min   |   max   |  Latency |  achieved |   target  | Count| Pipelined|
        +-------------------+---------+---------+----------+-----------+-----------+------+----------+
        |- VITIS_LOOP_63_1  |       64|      104|   16 ~ 26|          -|          -|     4|        no|
        +-------------------+---------+---------+----------+-----------+-----------+------+----------+



================================================================
== Utilization Estimates
================================================================
* Summary: 
+-----------------+---------+------+--------+--------+-----+
|       Name      | BRAM_18K|  DSP |   FF   |   LUT  | URAM|
+-----------------+---------+------+--------+--------+-----+
|DSP              |        -|     -|       -|       -|    -|
|Expression       |        -|     -|       0|      67|    -|
|FIFO             |        -|     -|       -|       -|    -|
|Instance         |        -|    10|    1660|    1866|    -|
|Memory           |        -|     -|       -|       -|    -|
|Multiplexer      |        -|     -|       -|     156|    -|
|Register         |        -|     -|     697|       -|    -|
+-----------------+---------+------+--------+--------+-----+
|Total            |        0|    10|    2357|    2089|    0|
+-----------------+---------+------+--------+--------+-----+
|Available        |      624|  1728|  460800|  230400|   96|
+-----------------+---------+------+--------+--------+-----+
|Utilization (%)  |        0|    ~0|      ~0|      ~0|    0|
+-----------------+---------+------+--------+--------+-----+

+ Detail: 
    * Instance: 
    +------------------------------------------------+-------------------------------------+---------+----+------+-----+-----+
    |                    Instance                    |                Module               | BRAM_18K| DSP|  FF  | LUT | URAM|
    +------------------------------------------------+-------------------------------------+---------+----+------+-----+-----+
    |grp_compute2in_Pipeline_VITIS_LOOP_66_2_fu_389  |compute2in_Pipeline_VITIS_LOOP_66_2  |        0|   2|   658|  955|    0|
    |grp_compute2in_Pipeline_VITIS_LOOP_87_3_fu_464  |compute2in_Pipeline_VITIS_LOOP_87_3  |        0|   8|  1002|  891|    0|
    |mux_42_32_1_1_U146                              |mux_42_32_1_1                        |        0|   0|     0|   20|    0|
    +------------------------------------------------+-------------------------------------+---------+----+------+-----+-----+
    |Total                                           |                                     |        0|  10|  1660| 1866|    0|
    +------------------------------------------------+-------------------------------------+---------+----+------+-----+-----+

    * DSP: 
    N/A

    * Memory: 
    N/A

    * FIFO: 
    N/A

    * Expression: 
    +----------------------+----------+----+---+----+------------+------------+
    |     Variable Name    | Operation| DSP| FF| LUT| Bitwidth P0| Bitwidth P1|
    +----------------------+----------+----+---+----+------------+------------+
    |add_ln63_1_fu_572_p2  |         +|   0|  0|   9|           2|           1|
    |add_ln63_fu_888_p2    |         +|   0|  0|  10|           3|           1|
    |add_ln83_fu_870_p2    |         +|   0|  0|  39|          32|          32|
    |icmp_ln63_fu_566_p2   |      icmp|   0|  0|   9|           3|           4|
    +----------------------+----------+----+---+----+------------+------------+
    |Total                 |          |   0|  0|  67|          40|          38|
    +----------------------+----------+----+---+----+------------+------------+

    * Multiplexer: 
    +------------------------------------------------------+----+-----------+-----+-----------+
    |                         Name                         | LUT| Input Size| Bits| Total Bits|
    +------------------------------------------------------+----+-----------+-----+-----------+
    |ap_NS_fsm                                             |  37|          7|    1|          7|
    |ap_sig_allocacmp_dummy_1                              |   9|          2|    1|          2|
    |buffer_2_address0                                     |  14|          3|    4|         12|
    |buffer_2_ce0                                          |  14|          3|    1|          3|
    |buffer_2_d0                                           |  14|          3|   32|         96|
    |buffer_2_we0                                          |  14|          3|    1|          3|
    |compute2in_ap_int_32_ap_int_32_ap_int_32_bool_REG1    |   9|          2|   32|         64|
    |compute2in_ap_int_32_ap_int_32_ap_int_32_bool_REG1_5  |   9|          2|   32|         64|
    |dummy_fu_366                                          |   9|          2|    1|          2|
    |i_fu_98                                               |   9|          2|    3|          6|
    |indvars_iv424_fu_230                                  |   9|          2|    2|          4|
    |p_ZZ10compute2inP6ap_intILi32EES1_S1_bE4REG1_10       |   9|          2|   32|         64|
    +------------------------------------------------------+----+-----------+-----+-----------+
    |Total                                                 | 156|         33|  142|        327|
    +------------------------------------------------------+----+-----------+-----+-----------+

    * Register: 
    +-------------------------------------------------------------+----+----+-----+-----------+
    |                             Name                            | FF | LUT| Bits| Const Bits|
    +-------------------------------------------------------------+----+----+-----+-----------+
    |REG_V_10_fu_142                                              |  16|   0|   16|          0|
    |REG_V_11_fu_146                                              |  16|   0|   16|          0|
    |REG_V_12_fu_150                                              |  16|   0|   16|          0|
    |REG_V_13_fu_154                                              |  16|   0|   16|          0|
    |REG_V_14_fu_158                                              |  16|   0|   16|          0|
    |REG_V_15_fu_162                                              |  16|   0|   16|          0|
    |REG_V_16_fu_166                                              |  16|   0|   16|          0|
    |REG_V_17_fu_170                                              |  16|   0|   16|          0|
    |REG_V_18_fu_174                                              |  16|   0|   16|          0|
    |REG_V_19_fu_178                                              |  16|   0|   16|          0|
    |REG_V_1_fu_106                                               |  16|   0|   16|          0|
    |REG_V_20_fu_182                                              |  16|   0|   16|          0|
    |REG_V_21_fu_186                                              |  16|   0|   16|          0|
    |REG_V_22_fu_190                                              |  16|   0|   16|          0|
    |REG_V_23_fu_194                                              |  16|   0|   16|          0|
    |REG_V_24_fu_198                                              |  16|   0|   16|          0|
    |REG_V_25_fu_202                                              |  16|   0|   16|          0|
    |REG_V_26_fu_206                                              |  16|   0|   16|          0|
    |REG_V_27_fu_210                                              |  16|   0|   16|          0|
    |REG_V_28_fu_214                                              |  16|   0|   16|          0|
    |REG_V_29_fu_218                                              |  16|   0|   16|          0|
    |REG_V_2_fu_110                                               |  16|   0|   16|          0|
    |REG_V_30_fu_222                                              |  16|   0|   16|          0|
    |REG_V_31_fu_226                                              |  16|   0|   16|          0|
    |REG_V_3_fu_114                                               |  16|   0|   16|          0|
    |REG_V_4_fu_118                                               |  16|   0|   16|          0|
    |REG_V_5_fu_122                                               |  16|   0|   16|          0|
    |REG_V_6_fu_126                                               |  16|   0|   16|          0|
    |REG_V_7_fu_130                                               |  16|   0|   16|          0|
    |REG_V_8_fu_134                                               |  16|   0|   16|          0|
    |REG_V_9_fu_138                                               |  16|   0|   16|          0|
    |REG_V_fu_102                                                 |  16|   0|   16|          0|
    |add_ln63_1_reg_1492                                          |   2|   0|    2|          0|
    |ap_CS_fsm                                                    |   6|   0|    6|          0|
    |compute2in_ap_int_32_ap_int_32_ap_int_32_bool_REG1           |  32|   0|   32|          0|
    |compute2in_ap_int_32_ap_int_32_ap_int_32_bool_REG1_5         |  32|   0|   32|          0|
    |dummy_fu_366                                                 |   1|   0|    1|          0|
    |empty_19_reg_1593                                            |   2|   0|    2|          0|
    |empty_20_reg_1602                                            |   2|   0|    3|          1|
    |grp_compute2in_Pipeline_VITIS_LOOP_66_2_fu_389_ap_start_reg  |   1|   0|    1|          0|
    |grp_compute2in_Pipeline_VITIS_LOOP_87_3_fu_464_ap_start_reg  |   1|   0|    1|          0|
    |i_1_reg_1478                                                 |   3|   0|    3|          0|
    |i_fu_98                                                      |   3|   0|    3|          0|
    |indvars_iv424_fu_230                                         |   2|   0|    2|          0|
    |indvars_iv424_load_reg_1484                                  |   2|   0|    2|          0|
    |p_ZZ10compute2inP6ap_intILi32EES1_S1_bE4REG1_10              |  32|   0|   32|          0|
    |p_ZZ10compute2inP6ap_intILi32EES1_S1_bE4REG1_15              |  32|   0|   32|          0|
    |self_sum_V_loc_fu_234                                        |  32|   0|   32|          0|
    +-------------------------------------------------------------+----+----+-----+-----------+
    |Total                                                        | 697|   0|  698|          1|
    +-------------------------------------------------------------+----+----+-----+-----------+



================================================================
== Interface
================================================================
* Summary: 
+-------------------+-----+-----+------------+--------------+--------------+
|     RTL Ports     | Dir | Bits|  Protocol  | Source Object|    C Type    |
+-------------------+-----+-----+------------+--------------+--------------+
|ap_clk             |   in|    1|  ap_ctrl_hs|    compute2in|  return value|
|ap_rst             |   in|    1|  ap_ctrl_hs|    compute2in|  return value|
|ap_start           |   in|    1|  ap_ctrl_hs|    compute2in|  return value|
|ap_done            |  out|    1|  ap_ctrl_hs|    compute2in|  return value|
|ap_idle            |  out|    1|  ap_ctrl_hs|    compute2in|  return value|
|ap_ready           |  out|    1|  ap_ctrl_hs|    compute2in|  return value|
|buffer_a_address0  |  out|    3|   ap_memory|      buffer_a|         array|
|buffer_a_ce0       |  out|    1|   ap_memory|      buffer_a|         array|
|buffer_a_q0        |   in|   32|   ap_memory|      buffer_a|         array|
|buffer_b_address0  |  out|    3|   ap_memory|      buffer_b|         array|
|buffer_b_ce0       |  out|    1|   ap_memory|      buffer_b|         array|
|buffer_b_q0        |   in|   32|   ap_memory|      buffer_b|         array|
|buffer_2_address0  |  out|    4|   ap_memory|      buffer_2|         array|
|buffer_2_ce0       |  out|    1|   ap_memory|      buffer_2|         array|
|buffer_2_we0       |  out|    1|   ap_memory|      buffer_2|         array|
|buffer_2_d0        |  out|   32|   ap_memory|      buffer_2|         array|
|phase              |   in|    1|     ap_none|         phase|        scalar|
+-------------------+-----+-----+------------+--------------+--------------+

============================================================
+ Verbose Summary: Synthesis Manager
============================================================
InlineROM: 1
ExposeGlobal: 0
============================================================
+ Verbose Summary: CDFG Model
============================================================
IsTopModel: 1
ResetActiveHigh: 1
IsCombinational: 2
IsDatapathOnly: 2
HasWiredReturn: 1
HasMFsm: 0
HasVarLatency: 1
IsPipeline: 0
IsRtlPipelined: 0
IsInstanceOverlapped: 0
IsDontTouch: 0
HasImplIP: 0
IsGatedGlobalClock: 0


============================================================
+ Verbose Summary: Schedule
============================================================
* Number of FSM states : 6
* Pipeline : 0
* Dataflow Pipeline: 0

* FSM state transitions: 
1 --> 2 
2 --> 3 
3 --> 4 
4 --> 5 
5 --> 6 
6 --> 2 

* FSM state operations: 

State 1 <SV = 0> <Delay = 0.42>
ST_1 : Operation 7 [1/1] (0.00ns)   --->   "%i = alloca i32 1"   --->   Operation 7 'alloca' 'i' <Predicate = true> <Delay = 0.00>
ST_1 : Operation 8 [1/1] (0.00ns)   --->   "%REG_V = alloca i32 1"   --->   Operation 8 'alloca' 'REG_V' <Predicate = true> <Delay = 0.00>
ST_1 : Operation 9 [1/1] (0.00ns)   --->   "%REG_V_1 = alloca i32 1"   --->   Operation 9 'alloca' 'REG_V_1' <Predicate = true> <Delay = 0.00>
ST_1 : Operation 10 [1/1] (0.00ns)   --->   "%REG_V_2 = alloca i32 1"   --->   Operation 10 'alloca' 'REG_V_2' <Predicate = true> <Delay = 0.00>
ST_1 : Operation 11 [1/1] (0.00ns)   --->   "%REG_V_3 = alloca i32 1"   --->   Operation 11 'alloca' 'REG_V_3' <Predicate = true> <Delay = 0.00>
ST_1 : Operation 12 [1/1] (0.00ns)   --->   "%REG_V_4 = alloca i32 1"   --->   Operation 12 'alloca' 'REG_V_4' <Predicate = true> <Delay = 0.00>
ST_1 : Operation 13 [1/1] (0.00ns)   --->   "%REG_V_5 = alloca i32 1"   --->   Operation 13 'alloca' 'REG_V_5' <Predicate = true> <Delay = 0.00>
ST_1 : Operation 14 [1/1] (0.00ns)   --->   "%REG_V_6 = alloca i32 1"   --->   Operation 14 'alloca' 'REG_V_6' <Predicate = true> <Delay = 0.00>
ST_1 : Operation 15 [1/1] (0.00ns)   --->   "%REG_V_7 = alloca i32 1"   --->   Operation 15 'alloca' 'REG_V_7' <Predicate = true> <Delay = 0.00>
ST_1 : Operation 16 [1/1] (0.00ns)   --->   "%REG_V_8 = alloca i32 1"   --->   Operation 16 'alloca' 'REG_V_8' <Predicate = true> <Delay = 0.00>
ST_1 : Operation 17 [1/1] (0.00ns)   --->   "%REG_V_9 = alloca i32 1"   --->   Operation 17 'alloca' 'REG_V_9' <Predicate = true> <Delay = 0.00>
ST_1 : Operation 18 [1/1] (0.00ns)   --->   "%REG_V_10 = alloca i32 1"   --->   Operation 18 'alloca' 'REG_V_10' <Predicate = true> <Delay = 0.00>
ST_1 : Operation 19 [1/1] (0.00ns)   --->   "%REG_V_11 = alloca i32 1"   --->   Operation 19 'alloca' 'REG_V_11' <Predicate = true> <Delay = 0.00>
ST_1 : Operation 20 [1/1] (0.00ns)   --->   "%REG_V_12 = alloca i32 1"   --->   Operation 20 'alloca' 'REG_V_12' <Predicate = true> <Delay = 0.00>
ST_1 : Operation 21 [1/1] (0.00ns)   --->   "%REG_V_13 = alloca i32 1"   --->   Operation 21 'alloca' 'REG_V_13' <Predicate = true> <Delay = 0.00>
ST_1 : Operation 22 [1/1] (0.00ns)   --->   "%REG_V_14 = alloca i32 1"   --->   Operation 22 'alloca' 'REG_V_14' <Predicate = true> <Delay = 0.00>
ST_1 : Operation 23 [1/1] (0.00ns)   --->   "%REG_V_15 = alloca i32 1"   --->   Operation 23 'alloca' 'REG_V_15' <Predicate = true> <Delay = 0.00>
ST_1 : Operation 24 [1/1] (0.00ns)   --->   "%REG_V_16 = alloca i32 1"   --->   Operation 24 'alloca' 'REG_V_16' <Predicate = true> <Delay = 0.00>
ST_1 : Operation 25 [1/1] (0.00ns)   --->   "%REG_V_17 = alloca i32 1"   --->   Operation 25 'alloca' 'REG_V_17' <Predicate = true> <Delay = 0.00>
ST_1 : Operation 26 [1/1] (0.00ns)   --->   "%REG_V_18 = alloca i32 1"   --->   Operation 26 'alloca' 'REG_V_18' <Predicate = true> <Delay = 0.00>
ST_1 : Operation 27 [1/1] (0.00ns)   --->   "%REG_V_19 = alloca i32 1"   --->   Operation 27 'alloca' 'REG_V_19' <Predicate = true> <Delay = 0.00>
ST_1 : Operation 28 [1/1] (0.00ns)   --->   "%REG_V_20 = alloca i32 1"   --->   Operation 28 'alloca' 'REG_V_20' <Predicate = true> <Delay = 0.00>
ST_1 : Operation 29 [1/1] (0.00ns)   --->   "%REG_V_21 = alloca i32 1"   --->   Operation 29 'alloca' 'REG_V_21' <Predicate = true> <Delay = 0.00>
ST_1 : Operation 30 [1/1] (0.00ns)   --->   "%REG_V_22 = alloca i32 1"   --->   Operation 30 'alloca' 'REG_V_22' <Predicate = true> <Delay = 0.00>
ST_1 : Operation 31 [1/1] (0.00ns)   --->   "%REG_V_23 = alloca i32 1"   --->   Operation 31 'alloca' 'REG_V_23' <Predicate = true> <Delay = 0.00>
ST_1 : Operation 32 [1/1] (0.00ns)   --->   "%REG_V_24 = alloca i32 1"   --->   Operation 32 'alloca' 'REG_V_24' <Predicate = true> <Delay = 0.00>
ST_1 : Operation 33 [1/1] (0.00ns)   --->   "%REG_V_25 = alloca i32 1"   --->   Operation 33 'alloca' 'REG_V_25' <Predicate = true> <Delay = 0.00>
ST_1 : Operation 34 [1/1] (0.00ns)   --->   "%REG_V_26 = alloca i32 1"   --->   Operation 34 'alloca' 'REG_V_26' <Predicate = true> <Delay = 0.00>
ST_1 : Operation 35 [1/1] (0.00ns)   --->   "%REG_V_27 = alloca i32 1"   --->   Operation 35 'alloca' 'REG_V_27' <Predicate = true> <Delay = 0.00>
ST_1 : Operation 36 [1/1] (0.00ns)   --->   "%REG_V_28 = alloca i32 1"   --->   Operation 36 'alloca' 'REG_V_28' <Predicate = true> <Delay = 0.00>
ST_1 : Operation 37 [1/1] (0.00ns)   --->   "%REG_V_29 = alloca i32 1"   --->   Operation 37 'alloca' 'REG_V_29' <Predicate = true> <Delay = 0.00>
ST_1 : Operation 38 [1/1] (0.00ns)   --->   "%REG_V_30 = alloca i32 1"   --->   Operation 38 'alloca' 'REG_V_30' <Predicate = true> <Delay = 0.00>
ST_1 : Operation 39 [1/1] (0.00ns)   --->   "%REG_V_31 = alloca i32 1"   --->   Operation 39 'alloca' 'REG_V_31' <Predicate = true> <Delay = 0.00>
ST_1 : Operation 40 [1/1] (0.00ns)   --->   "%indvars_iv424 = alloca i32 1"   --->   Operation 40 'alloca' 'indvars_iv424' <Predicate = true> <Delay = 0.00>
ST_1 : Operation 41 [1/1] (0.00ns)   --->   "%phase_read = read i1 @_ssdm_op_Read.ap_auto.i1, i1 %phase"   --->   Operation 41 'read' 'phase_read' <Predicate = true> <Delay = 0.00>
ST_1 : Operation 42 [1/1] (0.00ns)   --->   "%self_sum_V_loc = alloca i64 1"   --->   Operation 42 'alloca' 'self_sum_V_loc' <Predicate = true> <Delay = 0.00>
ST_1 : Operation 43 [1/1] (0.00ns)   --->   "%REG_V_32_loc = alloca i64 1"   --->   Operation 43 'alloca' 'REG_V_32_loc' <Predicate = true> <Delay = 0.00>
ST_1 : Operation 44 [1/1] (0.00ns)   --->   "%REG_V_33_loc = alloca i64 1"   --->   Operation 44 'alloca' 'REG_V_33_loc' <Predicate = true> <Delay = 0.00>
ST_1 : Operation 45 [1/1] (0.00ns)   --->   "%REG_V_34_loc = alloca i64 1"   --->   Operation 45 'alloca' 'REG_V_34_loc' <Predicate = true> <Delay = 0.00>
ST_1 : Operation 46 [1/1] (0.00ns)   --->   "%REG_V_35_loc = alloca i64 1"   --->   Operation 46 'alloca' 'REG_V_35_loc' <Predicate = true> <Delay = 0.00>
ST_1 : Operation 47 [1/1] (0.00ns)   --->   "%REG_V_36_loc = alloca i64 1"   --->   Operation 47 'alloca' 'REG_V_36_loc' <Predicate = true> <Delay = 0.00>
ST_1 : Operation 48 [1/1] (0.00ns)   --->   "%REG_V_37_loc = alloca i64 1"   --->   Operation 48 'alloca' 'REG_V_37_loc' <Predicate = true> <Delay = 0.00>
ST_1 : Operation 49 [1/1] (0.00ns)   --->   "%REG_V_38_loc = alloca i64 1"   --->   Operation 49 'alloca' 'REG_V_38_loc' <Predicate = true> <Delay = 0.00>
ST_1 : Operation 50 [1/1] (0.00ns)   --->   "%REG_V_39_loc = alloca i64 1"   --->   Operation 50 'alloca' 'REG_V_39_loc' <Predicate = true> <Delay = 0.00>
ST_1 : Operation 51 [1/1] (0.00ns)   --->   "%REG_V_40_loc = alloca i64 1"   --->   Operation 51 'alloca' 'REG_V_40_loc' <Predicate = true> <Delay = 0.00>
ST_1 : Operation 52 [1/1] (0.00ns)   --->   "%REG_V_41_loc = alloca i64 1"   --->   Operation 52 'alloca' 'REG_V_41_loc' <Predicate = true> <Delay = 0.00>
ST_1 : Operation 53 [1/1] (0.00ns)   --->   "%REG_V_42_loc = alloca i64 1"   --->   Operation 53 'alloca' 'REG_V_42_loc' <Predicate = true> <Delay = 0.00>
ST_1 : Operation 54 [1/1] (0.00ns)   --->   "%REG_V_43_loc = alloca i64 1"   --->   Operation 54 'alloca' 'REG_V_43_loc' <Predicate = true> <Delay = 0.00>
ST_1 : Operation 55 [1/1] (0.00ns)   --->   "%REG_V_44_loc = alloca i64 1"   --->   Operation 55 'alloca' 'REG_V_44_loc' <Predicate = true> <Delay = 0.00>
ST_1 : Operation 56 [1/1] (0.00ns)   --->   "%REG_V_45_loc = alloca i64 1"   --->   Operation 56 'alloca' 'REG_V_45_loc' <Predicate = true> <Delay = 0.00>
ST_1 : Operation 57 [1/1] (0.00ns)   --->   "%REG_V_46_loc = alloca i64 1"   --->   Operation 57 'alloca' 'REG_V_46_loc' <Predicate = true> <Delay = 0.00>
ST_1 : Operation 58 [1/1] (0.00ns)   --->   "%REG_V_47_loc = alloca i64 1"   --->   Operation 58 'alloca' 'REG_V_47_loc' <Predicate = true> <Delay = 0.00>
ST_1 : Operation 59 [1/1] (0.00ns)   --->   "%REG_V_48_loc = alloca i64 1"   --->   Operation 59 'alloca' 'REG_V_48_loc' <Predicate = true> <Delay = 0.00>
ST_1 : Operation 60 [1/1] (0.00ns)   --->   "%REG_V_49_loc = alloca i64 1"   --->   Operation 60 'alloca' 'REG_V_49_loc' <Predicate = true> <Delay = 0.00>
ST_1 : Operation 61 [1/1] (0.00ns)   --->   "%REG_V_50_loc = alloca i64 1"   --->   Operation 61 'alloca' 'REG_V_50_loc' <Predicate = true> <Delay = 0.00>
ST_1 : Operation 62 [1/1] (0.00ns)   --->   "%REG_V_51_loc = alloca i64 1"   --->   Operation 62 'alloca' 'REG_V_51_loc' <Predicate = true> <Delay = 0.00>
ST_1 : Operation 63 [1/1] (0.00ns)   --->   "%REG_V_52_loc = alloca i64 1"   --->   Operation 63 'alloca' 'REG_V_52_loc' <Predicate = true> <Delay = 0.00>
ST_1 : Operation 64 [1/1] (0.00ns)   --->   "%REG_V_53_loc = alloca i64 1"   --->   Operation 64 'alloca' 'REG_V_53_loc' <Predicate = true> <Delay = 0.00>
ST_1 : Operation 65 [1/1] (0.00ns)   --->   "%REG_V_54_loc = alloca i64 1"   --->   Operation 65 'alloca' 'REG_V_54_loc' <Predicate = true> <Delay = 0.00>
ST_1 : Operation 66 [1/1] (0.00ns)   --->   "%REG_V_55_loc = alloca i64 1"   --->   Operation 66 'alloca' 'REG_V_55_loc' <Predicate = true> <Delay = 0.00>
ST_1 : Operation 67 [1/1] (0.00ns)   --->   "%REG_V_56_loc = alloca i64 1"   --->   Operation 67 'alloca' 'REG_V_56_loc' <Predicate = true> <Delay = 0.00>
ST_1 : Operation 68 [1/1] (0.00ns)   --->   "%REG_V_57_loc = alloca i64 1"   --->   Operation 68 'alloca' 'REG_V_57_loc' <Predicate = true> <Delay = 0.00>
ST_1 : Operation 69 [1/1] (0.00ns)   --->   "%REG_V_58_loc = alloca i64 1"   --->   Operation 69 'alloca' 'REG_V_58_loc' <Predicate = true> <Delay = 0.00>
ST_1 : Operation 70 [1/1] (0.00ns)   --->   "%REG_V_59_loc = alloca i64 1"   --->   Operation 70 'alloca' 'REG_V_59_loc' <Predicate = true> <Delay = 0.00>
ST_1 : Operation 71 [1/1] (0.00ns)   --->   "%REG_V_60_loc = alloca i64 1"   --->   Operation 71 'alloca' 'REG_V_60_loc' <Predicate = true> <Delay = 0.00>
ST_1 : Operation 72 [1/1] (0.00ns)   --->   "%REG_V_61_loc = alloca i64 1"   --->   Operation 72 'alloca' 'REG_V_61_loc' <Predicate = true> <Delay = 0.00>
ST_1 : Operation 73 [1/1] (0.00ns)   --->   "%REG_V_62_loc = alloca i64 1"   --->   Operation 73 'alloca' 'REG_V_62_loc' <Predicate = true> <Delay = 0.00>
ST_1 : Operation 74 [1/1] (0.00ns)   --->   "%REG_V_63_loc = alloca i64 1"   --->   Operation 74 'alloca' 'REG_V_63_loc' <Predicate = true> <Delay = 0.00>
ST_1 : Operation 75 [1/1] (0.00ns)   --->   "%spectopmodule_ln36 = spectopmodule void @_ssdm_op_SpecTopModule, void @empty_1" [Compute_block2in/Compute2in.cpp:36]   --->   Operation 75 'spectopmodule' 'spectopmodule_ln36' <Predicate = true> <Delay = 0.00>
ST_1 : Operation 76 [1/1] (0.00ns)   --->   "%specinterface_ln36 = specinterface void @_ssdm_op_SpecInterface, i32 0, void @empty_2, i32 0, i32 0, void @empty, i32 0, i32 0, void @empty, void @empty, void @empty, i32 0, i32 0, i32 0, i32 0, void @empty, void @empty, i32 4294967295, i32 0" [Compute_block2in/Compute2in.cpp:36]   --->   Operation 76 'specinterface' 'specinterface_ln36' <Predicate = true> <Delay = 0.00>
ST_1 : Operation 77 [1/1] (0.00ns)   --->   "%specinterface_ln0 = specinterface void @_ssdm_op_SpecInterface, i32 %buffer_a, void @empty_6, i32 0, i32 0, void @empty, i32 4294967295, i32 0, void @empty, void @empty, void @empty, i32 0, i32 0, i32 0, i32 0, void @empty, void @empty, i32 4294967295, i32 0"   --->   Operation 77 'specinterface' 'specinterface_ln0' <Predicate = true> <Delay = 0.00>
ST_1 : Operation 78 [1/1] (0.00ns)   --->   "%specbitsmap_ln0 = specbitsmap void @_ssdm_op_SpecBitsMap, i32 %buffer_a"   --->   Operation 78 'specbitsmap' 'specbitsmap_ln0' <Predicate = true> <Delay = 0.00>
ST_1 : Operation 79 [1/1] (0.00ns)   --->   "%specinterface_ln0 = specinterface void @_ssdm_op_SpecInterface, i32 %buffer_b, void @empty_6, i32 0, i32 0, void @empty, i32 4294967295, i32 0, void @empty, void @empty, void @empty, i32 0, i32 0, i32 0, i32 0, void @empty, void @empty, i32 4294967295, i32 0"   --->   Operation 79 'specinterface' 'specinterface_ln0' <Predicate = true> <Delay = 0.00>
ST_1 : Operation 80 [1/1] (0.00ns)   --->   "%specbitsmap_ln0 = specbitsmap void @_ssdm_op_SpecBitsMap, i32 %buffer_b"   --->   Operation 80 'specbitsmap' 'specbitsmap_ln0' <Predicate = true> <Delay = 0.00>
ST_1 : Operation 81 [1/1] (0.00ns)   --->   "%specinterface_ln0 = specinterface void @_ssdm_op_SpecInterface, i32 %buffer_2, void @empty_6, i32 0, i32 0, void @empty, i32 4294967295, i32 0, void @empty, void @empty, void @empty, i32 0, i32 0, i32 0, i32 0, void @empty, void @empty, i32 4294967295, i32 0"   --->   Operation 81 'specinterface' 'specinterface_ln0' <Predicate = true> <Delay = 0.00>
ST_1 : Operation 82 [1/1] (0.00ns)   --->   "%specbitsmap_ln0 = specbitsmap void @_ssdm_op_SpecBitsMap, i32 %buffer_2"   --->   Operation 82 'specbitsmap' 'specbitsmap_ln0' <Predicate = true> <Delay = 0.00>
ST_1 : Operation 83 [1/1] (0.00ns)   --->   "%specbitsmap_ln0 = specbitsmap void @_ssdm_op_SpecBitsMap, i1 %phase"   --->   Operation 83 'specbitsmap' 'specbitsmap_ln0' <Predicate = true> <Delay = 0.00>
ST_1 : Operation 84 [1/1] (0.00ns)   --->   "%specinterface_ln0 = specinterface void @_ssdm_op_SpecInterface, i1 %phase, void @empty_0, i32 0, i32 0, void @empty, i32 0, i32 0, void @empty, void @empty, void @empty, i32 0, i32 0, i32 0, i32 0, void @empty, void @empty, i32 4294967295, i32 0"   --->   Operation 84 'specinterface' 'specinterface_ln0' <Predicate = true> <Delay = 0.00>
ST_1 : Operation 85 [1/1] (0.00ns)   --->   "%dummy = alloca i64 1"   --->   Operation 85 'alloca' 'dummy' <Predicate = true> <Delay = 0.00>
ST_1 : Operation 86 [1/1] (0.42ns)   --->   "%store_ln56 = store i1 0, i1 %dummy" [Compute_block2in/Compute2in.cpp:56]   --->   Operation 86 'store' 'store_ln56' <Predicate = true> <Delay = 0.42>
ST_1 : Operation 87 [1/1] (0.00ns)   --->   "%dummy_1 = load i1 %dummy" [Compute_block2in/Compute2in.cpp:58]   --->   Operation 87 'load' 'dummy_1' <Predicate = true> <Delay = 0.00>
ST_1 : Operation 88 [1/1] (0.42ns)   --->   "%store_ln58 = store i1 %dummy_1, i1 %dummy" [Compute_block2in/Compute2in.cpp:58]   --->   Operation 88 'store' 'store_ln58' <Predicate = true> <Delay = 0.42>
ST_1 : Operation 89 [1/1] (0.42ns)   --->   "%store_ln63 = store i2 0, i2 %indvars_iv424" [Compute_block2in/Compute2in.cpp:63]   --->   Operation 89 'store' 'store_ln63' <Predicate = true> <Delay = 0.42>
ST_1 : Operation 90 [1/1] (0.42ns)   --->   "%store_ln63 = store i3 0, i3 %i" [Compute_block2in/Compute2in.cpp:63]   --->   Operation 90 'store' 'store_ln63' <Predicate = true> <Delay = 0.42>
ST_1 : Operation 91 [1/1] (0.00ns)   --->   "%br_ln63 = br void %VITIS_LOOP_66_2" [Compute_block2in/Compute2in.cpp:63]   --->   Operation 91 'br' 'br_ln63' <Predicate = true> <Delay = 0.00>

State 2 <SV = 1> <Delay = 1.93>
ST_2 : Operation 92 [1/1] (0.00ns)   --->   "%i_1 = load i3 %i"   --->   Operation 92 'load' 'i_1' <Predicate = true> <Delay = 0.00>
ST_2 : Operation 93 [1/1] (0.00ns)   --->   "%indvars_iv424_load = load i2 %indvars_iv424" [Compute_block2in/Compute2in.cpp:63]   --->   Operation 93 'load' 'indvars_iv424_load' <Predicate = true> <Delay = 0.00>
ST_2 : Operation 94 [1/1] (0.58ns)   --->   "%icmp_ln63 = icmp_eq  i3 %i_1, i3 4" [Compute_block2in/Compute2in.cpp:63]   --->   Operation 94 'icmp' 'icmp_ln63' <Predicate = true> <Delay = 0.58> <CoreInst = "Cmp">   --->   Core 9 'Cmp' <Latency = 0> <II = 1> <Delay = 0.72> <FuncUnit> <Opcode : 'icmp'> <InPorts = 2> <OutPorts = 1>
ST_2 : Operation 95 [1/1] (0.00ns)   --->   "%empty = speclooptripcount i32 @_ssdm_op_SpecLoopTripCount, i64 4, i64 4, i64 4"   --->   Operation 95 'speclooptripcount' 'empty' <Predicate = true> <Delay = 0.00>
ST_2 : Operation 96 [1/1] (0.54ns)   --->   "%add_ln63_1 = add i2 %indvars_iv424_load, i2 1" [Compute_block2in/Compute2in.cpp:63]   --->   Operation 96 'add' 'add_ln63_1' <Predicate = true> <Delay = 0.54> <CoreInst = "Adder">   --->   Core 1 'Adder' <Latency = 0> <II = 1> <Delay = 0.54> <FuncUnit> <Opcode : 'add' 'sub'> <InPorts = 2> <OutPorts = 1>
ST_2 : Operation 97 [1/1] (0.00ns)   --->   "%br_ln63 = br i1 %icmp_ln63, void %VITIS_LOOP_66_2.split, void %for.end155" [Compute_block2in/Compute2in.cpp:63]   --->   Operation 97 'br' 'br_ln63' <Predicate = true> <Delay = 0.00>
ST_2 : Operation 98 [1/1] (0.00ns)   --->   "%REG_V_load = load i16 %REG_V"   --->   Operation 98 'load' 'REG_V_load' <Predicate = (!icmp_ln63)> <Delay = 0.00>
ST_2 : Operation 99 [1/1] (0.00ns)   --->   "%REG_V_1_load = load i16 %REG_V_1"   --->   Operation 99 'load' 'REG_V_1_load' <Predicate = (!icmp_ln63)> <Delay = 0.00>
ST_2 : Operation 100 [1/1] (0.00ns)   --->   "%REG_V_2_load = load i16 %REG_V_2"   --->   Operation 100 'load' 'REG_V_2_load' <Predicate = (!icmp_ln63)> <Delay = 0.00>
ST_2 : Operation 101 [1/1] (0.00ns)   --->   "%REG_V_3_load = load i16 %REG_V_3"   --->   Operation 101 'load' 'REG_V_3_load' <Predicate = (!icmp_ln63)> <Delay = 0.00>
ST_2 : Operation 102 [1/1] (0.00ns)   --->   "%REG_V_4_load = load i16 %REG_V_4"   --->   Operation 102 'load' 'REG_V_4_load' <Predicate = (!icmp_ln63)> <Delay = 0.00>
ST_2 : Operation 103 [1/1] (0.00ns)   --->   "%REG_V_5_load = load i16 %REG_V_5"   --->   Operation 103 'load' 'REG_V_5_load' <Predicate = (!icmp_ln63)> <Delay = 0.00>
ST_2 : Operation 104 [1/1] (0.00ns)   --->   "%REG_V_6_load = load i16 %REG_V_6"   --->   Operation 104 'load' 'REG_V_6_load' <Predicate = (!icmp_ln63)> <Delay = 0.00>
ST_2 : Operation 105 [1/1] (0.00ns)   --->   "%REG_V_7_load = load i16 %REG_V_7"   --->   Operation 105 'load' 'REG_V_7_load' <Predicate = (!icmp_ln63)> <Delay = 0.00>
ST_2 : Operation 106 [1/1] (0.00ns)   --->   "%REG_V_8_load = load i16 %REG_V_8"   --->   Operation 106 'load' 'REG_V_8_load' <Predicate = (!icmp_ln63)> <Delay = 0.00>
ST_2 : Operation 107 [1/1] (0.00ns)   --->   "%REG_V_9_load = load i16 %REG_V_9"   --->   Operation 107 'load' 'REG_V_9_load' <Predicate = (!icmp_ln63)> <Delay = 0.00>
ST_2 : Operation 108 [1/1] (0.00ns)   --->   "%REG_V_10_load = load i16 %REG_V_10"   --->   Operation 108 'load' 'REG_V_10_load' <Predicate = (!icmp_ln63)> <Delay = 0.00>
ST_2 : Operation 109 [1/1] (0.00ns)   --->   "%REG_V_11_load = load i16 %REG_V_11"   --->   Operation 109 'load' 'REG_V_11_load' <Predicate = (!icmp_ln63)> <Delay = 0.00>
ST_2 : Operation 110 [1/1] (0.00ns)   --->   "%REG_V_12_load = load i16 %REG_V_12"   --->   Operation 110 'load' 'REG_V_12_load' <Predicate = (!icmp_ln63)> <Delay = 0.00>
ST_2 : Operation 111 [1/1] (0.00ns)   --->   "%REG_V_13_load = load i16 %REG_V_13"   --->   Operation 111 'load' 'REG_V_13_load' <Predicate = (!icmp_ln63)> <Delay = 0.00>
ST_2 : Operation 112 [1/1] (0.00ns)   --->   "%REG_V_14_load = load i16 %REG_V_14"   --->   Operation 112 'load' 'REG_V_14_load' <Predicate = (!icmp_ln63)> <Delay = 0.00>
ST_2 : Operation 113 [1/1] (0.00ns)   --->   "%REG_V_15_load = load i16 %REG_V_15"   --->   Operation 113 'load' 'REG_V_15_load' <Predicate = (!icmp_ln63)> <Delay = 0.00>
ST_2 : Operation 114 [1/1] (0.00ns)   --->   "%REG_V_16_load = load i16 %REG_V_16"   --->   Operation 114 'load' 'REG_V_16_load' <Predicate = (!icmp_ln63)> <Delay = 0.00>
ST_2 : Operation 115 [1/1] (0.00ns)   --->   "%REG_V_17_load = load i16 %REG_V_17"   --->   Operation 115 'load' 'REG_V_17_load' <Predicate = (!icmp_ln63)> <Delay = 0.00>
ST_2 : Operation 116 [1/1] (0.00ns)   --->   "%REG_V_18_load = load i16 %REG_V_18"   --->   Operation 116 'load' 'REG_V_18_load' <Predicate = (!icmp_ln63)> <Delay = 0.00>
ST_2 : Operation 117 [1/1] (0.00ns)   --->   "%REG_V_19_load = load i16 %REG_V_19"   --->   Operation 117 'load' 'REG_V_19_load' <Predicate = (!icmp_ln63)> <Delay = 0.00>
ST_2 : Operation 118 [1/1] (0.00ns)   --->   "%REG_V_20_load = load i16 %REG_V_20"   --->   Operation 118 'load' 'REG_V_20_load' <Predicate = (!icmp_ln63)> <Delay = 0.00>
ST_2 : Operation 119 [1/1] (0.00ns)   --->   "%REG_V_21_load = load i16 %REG_V_21"   --->   Operation 119 'load' 'REG_V_21_load' <Predicate = (!icmp_ln63)> <Delay = 0.00>
ST_2 : Operation 120 [1/1] (0.00ns)   --->   "%REG_V_22_load = load i16 %REG_V_22"   --->   Operation 120 'load' 'REG_V_22_load' <Predicate = (!icmp_ln63)> <Delay = 0.00>
ST_2 : Operation 121 [1/1] (0.00ns)   --->   "%REG_V_23_load = load i16 %REG_V_23"   --->   Operation 121 'load' 'REG_V_23_load' <Predicate = (!icmp_ln63)> <Delay = 0.00>
ST_2 : Operation 122 [1/1] (0.00ns)   --->   "%REG_V_24_load = load i16 %REG_V_24"   --->   Operation 122 'load' 'REG_V_24_load' <Predicate = (!icmp_ln63)> <Delay = 0.00>
ST_2 : Operation 123 [1/1] (0.00ns)   --->   "%REG_V_25_load = load i16 %REG_V_25"   --->   Operation 123 'load' 'REG_V_25_load' <Predicate = (!icmp_ln63)> <Delay = 0.00>
ST_2 : Operation 124 [1/1] (0.00ns)   --->   "%REG_V_26_load = load i16 %REG_V_26"   --->   Operation 124 'load' 'REG_V_26_load' <Predicate = (!icmp_ln63)> <Delay = 0.00>
ST_2 : Operation 125 [1/1] (0.00ns)   --->   "%REG_V_27_load = load i16 %REG_V_27"   --->   Operation 125 'load' 'REG_V_27_load' <Predicate = (!icmp_ln63)> <Delay = 0.00>
ST_2 : Operation 126 [1/1] (0.00ns)   --->   "%REG_V_28_load = load i16 %REG_V_28"   --->   Operation 126 'load' 'REG_V_28_load' <Predicate = (!icmp_ln63)> <Delay = 0.00>
ST_2 : Operation 127 [1/1] (0.00ns)   --->   "%REG_V_29_load = load i16 %REG_V_29"   --->   Operation 127 'load' 'REG_V_29_load' <Predicate = (!icmp_ln63)> <Delay = 0.00>
ST_2 : Operation 128 [1/1] (0.00ns)   --->   "%REG_V_30_load = load i16 %REG_V_30"   --->   Operation 128 'load' 'REG_V_30_load' <Predicate = (!icmp_ln63)> <Delay = 0.00>
ST_2 : Operation 129 [1/1] (0.00ns)   --->   "%REG_V_31_load = load i16 %REG_V_31"   --->   Operation 129 'load' 'REG_V_31_load' <Predicate = (!icmp_ln63)> <Delay = 0.00>
ST_2 : Operation 130 [1/1] (0.00ns)   --->   "%empty_19 = trunc i3 %i_1"   --->   Operation 130 'trunc' 'empty_19' <Predicate = (!icmp_ln63)> <Delay = 0.00>
ST_2 : Operation 131 [1/1] (0.00ns)   --->   "%empty_20 = shl i3 %i_1, i3 1"   --->   Operation 131 'shl' 'empty_20' <Predicate = (!icmp_ln63)> <Delay = 0.00>
ST_2 : Operation 132 [2/2] (1.34ns)   --->   "%call_ln0 = call void @compute2in_Pipeline_VITIS_LOOP_66_2, i16 %REG_V_31_load, i16 %REG_V_30_load, i16 %REG_V_29_load, i16 %REG_V_28_load, i16 %REG_V_27_load, i16 %REG_V_26_load, i16 %REG_V_25_load, i16 %REG_V_24_load, i16 %REG_V_23_load, i16 %REG_V_22_load, i16 %REG_V_21_load, i16 %REG_V_20_load, i16 %REG_V_19_load, i16 %REG_V_18_load, i16 %REG_V_17_load, i16 %REG_V_16_load, i16 %REG_V_15_load, i16 %REG_V_14_load, i16 %REG_V_13_load, i16 %REG_V_12_load, i16 %REG_V_11_load, i16 %REG_V_10_load, i16 %REG_V_9_load, i16 %REG_V_8_load, i16 %REG_V_7_load, i16 %REG_V_6_load, i16 %REG_V_5_load, i16 %REG_V_4_load, i16 %REG_V_3_load, i16 %REG_V_2_load, i16 %REG_V_1_load, i16 %REG_V_load, i3 %empty_20, i32 %buffer_a, i32 %buffer_b, i2 %empty_19, i16 %REG_V_63_loc, i16 %REG_V_62_loc, i16 %REG_V_61_loc, i16 %REG_V_60_loc, i16 %REG_V_59_loc, i16 %REG_V_58_loc, i16 %REG_V_57_loc, i16 %REG_V_56_loc, i16 %REG_V_55_loc, i16 %REG_V_54_loc, i16 %REG_V_53_loc, i16 %REG_V_52_loc, i16 %REG_V_51_loc, i16 %REG_V_50_loc, i16 %REG_V_49_loc, i16 %REG_V_48_loc, i16 %REG_V_47_loc, i16 %REG_V_46_loc, i16 %REG_V_45_loc, i16 %REG_V_44_loc, i16 %REG_V_43_loc, i16 %REG_V_42_loc, i16 %REG_V_41_loc, i16 %REG_V_40_loc, i16 %REG_V_39_loc, i16 %REG_V_38_loc, i16 %REG_V_37_loc, i16 %REG_V_36_loc, i16 %REG_V_35_loc, i16 %REG_V_34_loc, i16 %REG_V_33_loc, i16 %REG_V_32_loc, i32 %self_sum_V_loc"   --->   Operation 132 'call' 'call_ln0' <Predicate = (!icmp_ln63)> <Delay = 1.34> <CoreType = "Generic">   --->   Core 0 '' <Latency = 0> <II = 1> <Delay = 1.00> <Generic> <Opcode : >
ST_2 : Operation 133 [1/1] (0.00ns)   --->   "%ret_ln105 = ret" [Compute_block2in/Compute2in.cpp:105]   --->   Operation 133 'ret' 'ret_ln105' <Predicate = (icmp_ln63)> <Delay = 0.00>

State 3 <SV = 2> <Delay = 0.00>
ST_3 : Operation 134 [1/2] (0.00ns)   --->   "%call_ln0 = call void @compute2in_Pipeline_VITIS_LOOP_66_2, i16 %REG_V_31_load, i16 %REG_V_30_load, i16 %REG_V_29_load, i16 %REG_V_28_load, i16 %REG_V_27_load, i16 %REG_V_26_load, i16 %REG_V_25_load, i16 %REG_V_24_load, i16 %REG_V_23_load, i16 %REG_V_22_load, i16 %REG_V_21_load, i16 %REG_V_20_load, i16 %REG_V_19_load, i16 %REG_V_18_load, i16 %REG_V_17_load, i16 %REG_V_16_load, i16 %REG_V_15_load, i16 %REG_V_14_load, i16 %REG_V_13_load, i16 %REG_V_12_load, i16 %REG_V_11_load, i16 %REG_V_10_load, i16 %REG_V_9_load, i16 %REG_V_8_load, i16 %REG_V_7_load, i16 %REG_V_6_load, i16 %REG_V_5_load, i16 %REG_V_4_load, i16 %REG_V_3_load, i16 %REG_V_2_load, i16 %REG_V_1_load, i16 %REG_V_load, i3 %empty_20, i32 %buffer_a, i32 %buffer_b, i2 %empty_19, i16 %REG_V_63_loc, i16 %REG_V_62_loc, i16 %REG_V_61_loc, i16 %REG_V_60_loc, i16 %REG_V_59_loc, i16 %REG_V_58_loc, i16 %REG_V_57_loc, i16 %REG_V_56_loc, i16 %REG_V_55_loc, i16 %REG_V_54_loc, i16 %REG_V_53_loc, i16 %REG_V_52_loc, i16 %REG_V_51_loc, i16 %REG_V_50_loc, i16 %REG_V_49_loc, i16 %REG_V_48_loc, i16 %REG_V_47_loc, i16 %REG_V_46_loc, i16 %REG_V_45_loc, i16 %REG_V_44_loc, i16 %REG_V_43_loc, i16 %REG_V_42_loc, i16 %REG_V_41_loc, i16 %REG_V_40_loc, i16 %REG_V_39_loc, i16 %REG_V_38_loc, i16 %REG_V_37_loc, i16 %REG_V_36_loc, i16 %REG_V_35_loc, i16 %REG_V_34_loc, i16 %REG_V_33_loc, i16 %REG_V_32_loc, i32 %self_sum_V_loc"   --->   Operation 134 'call' 'call_ln0' <Predicate = true> <Delay = 0.00> <CoreType = "Generic">   --->   Core 0 '' <Latency = 0> <II = 1> <Delay = 1.00> <Generic> <Opcode : >

State 4 <SV = 3> <Delay = 2.21>
ST_4 : Operation 135 [1/1] (0.00ns)   --->   "%specloopname_ln50 = specloopname void @_ssdm_op_SpecLoopName, void @empty_5" [Compute_block2in/Compute2in.cpp:50]   --->   Operation 135 'specloopname' 'specloopname_ln50' <Predicate = true> <Delay = 0.00>
ST_4 : Operation 136 [1/1] (0.00ns)   --->   "%REG_V_63_loc_load = load i16 %REG_V_63_loc"   --->   Operation 136 'load' 'REG_V_63_loc_load' <Predicate = true> <Delay = 0.00>
ST_4 : Operation 137 [1/1] (0.00ns)   --->   "%REG_V_62_loc_load = load i16 %REG_V_62_loc"   --->   Operation 137 'load' 'REG_V_62_loc_load' <Predicate = true> <Delay = 0.00>
ST_4 : Operation 138 [1/1] (0.00ns)   --->   "%REG_V_61_loc_load = load i16 %REG_V_61_loc"   --->   Operation 138 'load' 'REG_V_61_loc_load' <Predicate = true> <Delay = 0.00>
ST_4 : Operation 139 [1/1] (0.00ns)   --->   "%REG_V_60_loc_load = load i16 %REG_V_60_loc"   --->   Operation 139 'load' 'REG_V_60_loc_load' <Predicate = true> <Delay = 0.00>
ST_4 : Operation 140 [1/1] (0.00ns)   --->   "%REG_V_59_loc_load = load i16 %REG_V_59_loc"   --->   Operation 140 'load' 'REG_V_59_loc_load' <Predicate = true> <Delay = 0.00>
ST_4 : Operation 141 [1/1] (0.00ns)   --->   "%REG_V_58_loc_load = load i16 %REG_V_58_loc"   --->   Operation 141 'load' 'REG_V_58_loc_load' <Predicate = true> <Delay = 0.00>
ST_4 : Operation 142 [1/1] (0.00ns)   --->   "%REG_V_57_loc_load = load i16 %REG_V_57_loc"   --->   Operation 142 'load' 'REG_V_57_loc_load' <Predicate = true> <Delay = 0.00>
ST_4 : Operation 143 [1/1] (0.00ns)   --->   "%REG_V_56_loc_load = load i16 %REG_V_56_loc"   --->   Operation 143 'load' 'REG_V_56_loc_load' <Predicate = true> <Delay = 0.00>
ST_4 : Operation 144 [1/1] (0.00ns)   --->   "%REG_V_55_loc_load = load i16 %REG_V_55_loc"   --->   Operation 144 'load' 'REG_V_55_loc_load' <Predicate = true> <Delay = 0.00>
ST_4 : Operation 145 [1/1] (0.00ns)   --->   "%REG_V_54_loc_load = load i16 %REG_V_54_loc"   --->   Operation 145 'load' 'REG_V_54_loc_load' <Predicate = true> <Delay = 0.00>
ST_4 : Operation 146 [1/1] (0.00ns)   --->   "%REG_V_53_loc_load = load i16 %REG_V_53_loc"   --->   Operation 146 'load' 'REG_V_53_loc_load' <Predicate = true> <Delay = 0.00>
ST_4 : Operation 147 [1/1] (0.00ns)   --->   "%REG_V_52_loc_load = load i16 %REG_V_52_loc"   --->   Operation 147 'load' 'REG_V_52_loc_load' <Predicate = true> <Delay = 0.00>
ST_4 : Operation 148 [1/1] (0.00ns)   --->   "%REG_V_51_loc_load = load i16 %REG_V_51_loc"   --->   Operation 148 'load' 'REG_V_51_loc_load' <Predicate = true> <Delay = 0.00>
ST_4 : Operation 149 [1/1] (0.00ns)   --->   "%REG_V_50_loc_load = load i16 %REG_V_50_loc"   --->   Operation 149 'load' 'REG_V_50_loc_load' <Predicate = true> <Delay = 0.00>
ST_4 : Operation 150 [1/1] (0.00ns)   --->   "%REG_V_49_loc_load = load i16 %REG_V_49_loc"   --->   Operation 150 'load' 'REG_V_49_loc_load' <Predicate = true> <Delay = 0.00>
ST_4 : Operation 151 [1/1] (0.00ns)   --->   "%REG_V_48_loc_load = load i16 %REG_V_48_loc"   --->   Operation 151 'load' 'REG_V_48_loc_load' <Predicate = true> <Delay = 0.00>
ST_4 : Operation 152 [1/1] (0.00ns)   --->   "%REG_V_47_loc_load = load i16 %REG_V_47_loc"   --->   Operation 152 'load' 'REG_V_47_loc_load' <Predicate = true> <Delay = 0.00>
ST_4 : Operation 153 [1/1] (0.00ns)   --->   "%REG_V_46_loc_load = load i16 %REG_V_46_loc"   --->   Operation 153 'load' 'REG_V_46_loc_load' <Predicate = true> <Delay = 0.00>
ST_4 : Operation 154 [1/1] (0.00ns)   --->   "%REG_V_45_loc_load = load i16 %REG_V_45_loc"   --->   Operation 154 'load' 'REG_V_45_loc_load' <Predicate = true> <Delay = 0.00>
ST_4 : Operation 155 [1/1] (0.00ns)   --->   "%REG_V_44_loc_load = load i16 %REG_V_44_loc"   --->   Operation 155 'load' 'REG_V_44_loc_load' <Predicate = true> <Delay = 0.00>
ST_4 : Operation 156 [1/1] (0.00ns)   --->   "%REG_V_43_loc_load = load i16 %REG_V_43_loc"   --->   Operation 156 'load' 'REG_V_43_loc_load' <Predicate = true> <Delay = 0.00>
ST_4 : Operation 157 [1/1] (0.00ns)   --->   "%REG_V_42_loc_load = load i16 %REG_V_42_loc"   --->   Operation 157 'load' 'REG_V_42_loc_load' <Predicate = true> <Delay = 0.00>
ST_4 : Operation 158 [1/1] (0.00ns)   --->   "%REG_V_41_loc_load = load i16 %REG_V_41_loc"   --->   Operation 158 'load' 'REG_V_41_loc_load' <Predicate = true> <Delay = 0.00>
ST_4 : Operation 159 [1/1] (0.00ns)   --->   "%REG_V_40_loc_load = load i16 %REG_V_40_loc"   --->   Operation 159 'load' 'REG_V_40_loc_load' <Predicate = true> <Delay = 0.00>
ST_4 : Operation 160 [1/1] (0.00ns)   --->   "%REG_V_39_loc_load = load i16 %REG_V_39_loc"   --->   Operation 160 'load' 'REG_V_39_loc_load' <Predicate = true> <Delay = 0.00>
ST_4 : Operation 161 [1/1] (0.00ns)   --->   "%REG_V_38_loc_load = load i16 %REG_V_38_loc"   --->   Operation 161 'load' 'REG_V_38_loc_load' <Predicate = true> <Delay = 0.00>
ST_4 : Operation 162 [1/1] (0.00ns)   --->   "%REG_V_37_loc_load = load i16 %REG_V_37_loc"   --->   Operation 162 'load' 'REG_V_37_loc_load' <Predicate = true> <Delay = 0.00>
ST_4 : Operation 163 [1/1] (0.00ns)   --->   "%REG_V_36_loc_load = load i16 %REG_V_36_loc"   --->   Operation 163 'load' 'REG_V_36_loc_load' <Predicate = true> <Delay = 0.00>
ST_4 : Operation 164 [1/1] (0.00ns)   --->   "%REG_V_35_loc_load = load i16 %REG_V_35_loc"   --->   Operation 164 'load' 'REG_V_35_loc_load' <Predicate = true> <Delay = 0.00>
ST_4 : Operation 165 [1/1] (0.00ns)   --->   "%REG_V_34_loc_load = load i16 %REG_V_34_loc"   --->   Operation 165 'load' 'REG_V_34_loc_load' <Predicate = true> <Delay = 0.00>
ST_4 : Operation 166 [1/1] (0.00ns)   --->   "%REG_V_33_loc_load = load i16 %REG_V_33_loc"   --->   Operation 166 'load' 'REG_V_33_loc_load' <Predicate = true> <Delay = 0.00>
ST_4 : Operation 167 [1/1] (0.00ns)   --->   "%REG_V_32_loc_load = load i16 %REG_V_32_loc"   --->   Operation 167 'load' 'REG_V_32_loc_load' <Predicate = true> <Delay = 0.00>
ST_4 : Operation 168 [1/1] (0.00ns)   --->   "%self_sum_V_loc_load = load i32 %self_sum_V_loc"   --->   Operation 168 'load' 'self_sum_V_loc_load' <Predicate = true> <Delay = 0.00>
ST_4 : Operation 169 [1/1] (0.00ns)   --->   "%br_ln82 = br i1 %phase_read, void %if.end, void %if.then" [Compute_block2in/Compute2in.cpp:82]   --->   Operation 169 'br' 'br_ln82' <Predicate = true> <Delay = 0.00>
ST_4 : Operation 170 [1/1] (0.44ns)   --->   "%switch_ln85 = switch i2 %empty_19, void %arrayidx76.case.15, i2 0, void %arrayidx76.case.0, i2 1, void %arrayidx76.case.5, i2 2, void %arrayidx76.case.10" [Compute_block2in/Compute2in.cpp:85]   --->   Operation 170 'switch' 'switch_ln85' <Predicate = (!phase_read)> <Delay = 0.44>
ST_4 : Operation 171 [1/1] (0.00ns)   --->   "%store_ln85 = store i32 %self_sum_V_loc_load, i32 %p_ZZ10compute2inP6ap_intILi32EES1_S1_bE4REG1_10" [Compute_block2in/Compute2in.cpp:85]   --->   Operation 171 'store' 'store_ln85' <Predicate = (!phase_read & empty_19 == 2)> <Delay = 0.00>
ST_4 : Operation 172 [1/1] (0.00ns)   --->   "%br_ln85 = br void %arrayidx76.exit" [Compute_block2in/Compute2in.cpp:85]   --->   Operation 172 'br' 'br_ln85' <Predicate = (!phase_read & empty_19 == 2)> <Delay = 0.00>
ST_4 : Operation 173 [1/1] (0.00ns)   --->   "%store_ln85 = store i32 %self_sum_V_loc_load, i32 %compute2in_ap_int_32_ap_int_32_ap_int_32_bool_REG1_5" [Compute_block2in/Compute2in.cpp:85]   --->   Operation 173 'store' 'store_ln85' <Predicate = (!phase_read & empty_19 == 1)> <Delay = 0.00>
ST_4 : Operation 174 [1/1] (0.00ns)   --->   "%br_ln85 = br void %arrayidx76.exit" [Compute_block2in/Compute2in.cpp:85]   --->   Operation 174 'br' 'br_ln85' <Predicate = (!phase_read & empty_19 == 1)> <Delay = 0.00>
ST_4 : Operation 175 [1/1] (0.00ns)   --->   "%store_ln85 = store i32 %self_sum_V_loc_load, i32 %compute2in_ap_int_32_ap_int_32_ap_int_32_bool_REG1" [Compute_block2in/Compute2in.cpp:85]   --->   Operation 175 'store' 'store_ln85' <Predicate = (!phase_read & empty_19 == 0)> <Delay = 0.00>
ST_4 : Operation 176 [1/1] (0.00ns)   --->   "%br_ln85 = br void %arrayidx76.exit" [Compute_block2in/Compute2in.cpp:85]   --->   Operation 176 'br' 'br_ln85' <Predicate = (!phase_read & empty_19 == 0)> <Delay = 0.00>
ST_4 : Operation 177 [1/1] (0.00ns)   --->   "%store_ln85 = store i32 %self_sum_V_loc_load, i32 %p_ZZ10compute2inP6ap_intILi32EES1_S1_bE4REG1_15" [Compute_block2in/Compute2in.cpp:85]   --->   Operation 177 'store' 'store_ln85' <Predicate = (!phase_read & empty_19 == 3)> <Delay = 0.00>
ST_4 : Operation 178 [1/1] (0.00ns)   --->   "%br_ln85 = br void %arrayidx76.exit" [Compute_block2in/Compute2in.cpp:85]   --->   Operation 178 'br' 'br_ln85' <Predicate = (!phase_read & empty_19 == 3)> <Delay = 0.00>
ST_4 : Operation 179 [1/1] (0.00ns)   --->   "%br_ln0 = br void %VITIS_LOOP_87_3"   --->   Operation 179 'br' 'br_ln0' <Predicate = (!phase_read)> <Delay = 0.00>
ST_4 : Operation 180 [1/1] (0.00ns)   --->   "%compute2in_ap_int_32_ap_int_32_ap_int_32_bool_REG1_load = load i32 %compute2in_ap_int_32_ap_int_32_ap_int_32_bool_REG1"   --->   Operation 180 'load' 'compute2in_ap_int_32_ap_int_32_ap_int_32_bool_REG1_load' <Predicate = (phase_read)> <Delay = 0.00>
ST_4 : Operation 181 [1/1] (0.00ns)   --->   "%compute2in_ap_int_32_ap_int_32_ap_int_32_bool_REG1_5_load = load i32 %compute2in_ap_int_32_ap_int_32_ap_int_32_bool_REG1_5"   --->   Operation 181 'load' 'compute2in_ap_int_32_ap_int_32_ap_int_32_bool_REG1_5_load' <Predicate = (phase_read)> <Delay = 0.00>
ST_4 : Operation 182 [1/1] (0.00ns)   --->   "%p_ZZ10compute2inP6ap_intILi32EES1_S1_bE4REG1_10_load = load i32 %p_ZZ10compute2inP6ap_intILi32EES1_S1_bE4REG1_10"   --->   Operation 182 'load' 'p_ZZ10compute2inP6ap_intILi32EES1_S1_bE4REG1_10_load' <Predicate = (phase_read)> <Delay = 0.00>
ST_4 : Operation 183 [1/1] (0.00ns)   --->   "%compute2in_ap_int_32_ap_int_32_ap_int_32_bool_REG1 = load i32 %p_ZZ10compute2inP6ap_intILi32EES1_S1_bE4REG1_15"   --->   Operation 183 'load' 'compute2in_ap_int_32_ap_int_32_ap_int_32_bool_REG1' <Predicate = (phase_read)> <Delay = 0.00>
ST_4 : Operation 184 [1/1] (0.52ns)   --->   "%tmp = mux i32 @_ssdm_op_Mux.ap_auto.4i32.i2, i32 %compute2in_ap_int_32_ap_int_32_ap_int_32_bool_REG1_load, i32 %compute2in_ap_int_32_ap_int_32_ap_int_32_bool_REG1_5_load, i32 %p_ZZ10compute2inP6ap_intILi32EES1_S1_bE4REG1_10_load, i32 %compute2in_ap_int_32_ap_int_32_ap_int_32_bool_REG1, i2 %empty_19"   --->   Operation 184 'mux' 'tmp' <Predicate = (phase_read)> <Delay = 0.52> <CoreInst = "Multiplexer">   --->   Core 76 'Multiplexer' <Latency = 0> <II = 1> <Delay = 0.52> <FuncUnit> <Opcode : 'mux'> <InPorts = 2> <OutPorts = 1>
ST_4 : Operation 185 [1/1] (1.01ns)   --->   "%add_ln83 = add i32 %tmp, i32 %self_sum_V_loc_load" [Compute_block2in/Compute2in.cpp:83]   --->   Operation 185 'add' 'add_ln83' <Predicate = (phase_read)> <Delay = 1.01> <CoreInst = "Adder">   --->   Core 1 'Adder' <Latency = 0> <II = 1> <Delay = 1.01> <FuncUnit> <Opcode : 'add' 'sub'> <InPorts = 2> <OutPorts = 1>
ST_4 : Operation 186 [1/1] (0.00ns)   --->   "%lshr_ln = bitconcatenate i4 @_ssdm_op_BitConcatenate.i4.i2.i2, i2 %empty_19, i2 %empty_19" [Compute_block2in/Compute2in.cpp:83]   --->   Operation 186 'bitconcatenate' 'lshr_ln' <Predicate = (phase_read)> <Delay = 0.00>
ST_4 : Operation 187 [1/1] (0.00ns)   --->   "%zext_ln83 = zext i4 %lshr_ln" [Compute_block2in/Compute2in.cpp:83]   --->   Operation 187 'zext' 'zext_ln83' <Predicate = (phase_read)> <Delay = 0.00>
ST_4 : Operation 188 [1/1] (0.00ns)   --->   "%buffer_2_addr = getelementptr i32 %buffer_2, i64 0, i64 %zext_ln83" [Compute_block2in/Compute2in.cpp:83]   --->   Operation 188 'getelementptr' 'buffer_2_addr' <Predicate = (phase_read)> <Delay = 0.00>
ST_4 : Operation 189 [1/1] (0.67ns)   --->   "%store_ln83 = store i32 %add_ln83, i4 %buffer_2_addr" [Compute_block2in/Compute2in.cpp:83]   --->   Operation 189 'store' 'store_ln83' <Predicate = (phase_read)> <Delay = 0.67> <CoreInst = "RAM">   --->   Core 83 'RAM' <Latency = 1> <II = 1> <Delay = 0.67> <Storage> <Opcode : 'load' 'store'> <Ports = 2> <Width = 32> <Depth = 16> <RAM>
ST_4 : Operation 190 [1/1] (0.00ns)   --->   "%br_ln83 = br void %VITIS_LOOP_87_3" [Compute_block2in/Compute2in.cpp:83]   --->   Operation 190 'br' 'br_ln83' <Predicate = (phase_read)> <Delay = 0.00>
ST_4 : Operation 191 [1/1] (0.67ns)   --->   "%add_ln63 = add i3 %i_1, i3 1" [Compute_block2in/Compute2in.cpp:63]   --->   Operation 191 'add' 'add_ln63' <Predicate = true> <Delay = 0.67> <CoreInst = "Adder">   --->   Core 1 'Adder' <Latency = 0> <II = 1> <Delay = 0.67> <FuncUnit> <Opcode : 'add' 'sub'> <InPorts = 2> <OutPorts = 1>
ST_4 : Operation 192 [1/1] (0.42ns)   --->   "%store_ln63 = store i2 %add_ln63_1, i2 %indvars_iv424" [Compute_block2in/Compute2in.cpp:63]   --->   Operation 192 'store' 'store_ln63' <Predicate = true> <Delay = 0.42>
ST_4 : Operation 193 [1/1] (0.00ns)   --->   "%store_ln63 = store i16 %REG_V_63_loc_load, i16 %REG_V_31" [Compute_block2in/Compute2in.cpp:63]   --->   Operation 193 'store' 'store_ln63' <Predicate = true> <Delay = 0.00>
ST_4 : Operation 194 [1/1] (0.00ns)   --->   "%store_ln63 = store i16 %REG_V_62_loc_load, i16 %REG_V_30" [Compute_block2in/Compute2in.cpp:63]   --->   Operation 194 'store' 'store_ln63' <Predicate = true> <Delay = 0.00>
ST_4 : Operation 195 [1/1] (0.00ns)   --->   "%store_ln63 = store i16 %REG_V_61_loc_load, i16 %REG_V_29" [Compute_block2in/Compute2in.cpp:63]   --->   Operation 195 'store' 'store_ln63' <Predicate = true> <Delay = 0.00>
ST_4 : Operation 196 [1/1] (0.00ns)   --->   "%store_ln63 = store i16 %REG_V_60_loc_load, i16 %REG_V_28" [Compute_block2in/Compute2in.cpp:63]   --->   Operation 196 'store' 'store_ln63' <Predicate = true> <Delay = 0.00>
ST_4 : Operation 197 [1/1] (0.00ns)   --->   "%store_ln63 = store i16 %REG_V_59_loc_load, i16 %REG_V_27" [Compute_block2in/Compute2in.cpp:63]   --->   Operation 197 'store' 'store_ln63' <Predicate = true> <Delay = 0.00>
ST_4 : Operation 198 [1/1] (0.00ns)   --->   "%store_ln63 = store i16 %REG_V_58_loc_load, i16 %REG_V_26" [Compute_block2in/Compute2in.cpp:63]   --->   Operation 198 'store' 'store_ln63' <Predicate = true> <Delay = 0.00>
ST_4 : Operation 199 [1/1] (0.00ns)   --->   "%store_ln63 = store i16 %REG_V_57_loc_load, i16 %REG_V_25" [Compute_block2in/Compute2in.cpp:63]   --->   Operation 199 'store' 'store_ln63' <Predicate = true> <Delay = 0.00>
ST_4 : Operation 200 [1/1] (0.00ns)   --->   "%store_ln63 = store i16 %REG_V_56_loc_load, i16 %REG_V_24" [Compute_block2in/Compute2in.cpp:63]   --->   Operation 200 'store' 'store_ln63' <Predicate = true> <Delay = 0.00>
ST_4 : Operation 201 [1/1] (0.00ns)   --->   "%store_ln63 = store i16 %REG_V_55_loc_load, i16 %REG_V_23" [Compute_block2in/Compute2in.cpp:63]   --->   Operation 201 'store' 'store_ln63' <Predicate = true> <Delay = 0.00>
ST_4 : Operation 202 [1/1] (0.00ns)   --->   "%store_ln63 = store i16 %REG_V_54_loc_load, i16 %REG_V_22" [Compute_block2in/Compute2in.cpp:63]   --->   Operation 202 'store' 'store_ln63' <Predicate = true> <Delay = 0.00>
ST_4 : Operation 203 [1/1] (0.00ns)   --->   "%store_ln63 = store i16 %REG_V_53_loc_load, i16 %REG_V_21" [Compute_block2in/Compute2in.cpp:63]   --->   Operation 203 'store' 'store_ln63' <Predicate = true> <Delay = 0.00>
ST_4 : Operation 204 [1/1] (0.00ns)   --->   "%store_ln63 = store i16 %REG_V_52_loc_load, i16 %REG_V_20" [Compute_block2in/Compute2in.cpp:63]   --->   Operation 204 'store' 'store_ln63' <Predicate = true> <Delay = 0.00>
ST_4 : Operation 205 [1/1] (0.00ns)   --->   "%store_ln63 = store i16 %REG_V_51_loc_load, i16 %REG_V_19" [Compute_block2in/Compute2in.cpp:63]   --->   Operation 205 'store' 'store_ln63' <Predicate = true> <Delay = 0.00>
ST_4 : Operation 206 [1/1] (0.00ns)   --->   "%store_ln63 = store i16 %REG_V_50_loc_load, i16 %REG_V_18" [Compute_block2in/Compute2in.cpp:63]   --->   Operation 206 'store' 'store_ln63' <Predicate = true> <Delay = 0.00>
ST_4 : Operation 207 [1/1] (0.00ns)   --->   "%store_ln63 = store i16 %REG_V_49_loc_load, i16 %REG_V_17" [Compute_block2in/Compute2in.cpp:63]   --->   Operation 207 'store' 'store_ln63' <Predicate = true> <Delay = 0.00>
ST_4 : Operation 208 [1/1] (0.00ns)   --->   "%store_ln63 = store i16 %REG_V_48_loc_load, i16 %REG_V_16" [Compute_block2in/Compute2in.cpp:63]   --->   Operation 208 'store' 'store_ln63' <Predicate = true> <Delay = 0.00>
ST_4 : Operation 209 [1/1] (0.00ns)   --->   "%store_ln63 = store i16 %REG_V_47_loc_load, i16 %REG_V_15" [Compute_block2in/Compute2in.cpp:63]   --->   Operation 209 'store' 'store_ln63' <Predicate = true> <Delay = 0.00>
ST_4 : Operation 210 [1/1] (0.00ns)   --->   "%store_ln63 = store i16 %REG_V_46_loc_load, i16 %REG_V_14" [Compute_block2in/Compute2in.cpp:63]   --->   Operation 210 'store' 'store_ln63' <Predicate = true> <Delay = 0.00>
ST_4 : Operation 211 [1/1] (0.00ns)   --->   "%store_ln63 = store i16 %REG_V_45_loc_load, i16 %REG_V_13" [Compute_block2in/Compute2in.cpp:63]   --->   Operation 211 'store' 'store_ln63' <Predicate = true> <Delay = 0.00>
ST_4 : Operation 212 [1/1] (0.00ns)   --->   "%store_ln63 = store i16 %REG_V_44_loc_load, i16 %REG_V_12" [Compute_block2in/Compute2in.cpp:63]   --->   Operation 212 'store' 'store_ln63' <Predicate = true> <Delay = 0.00>
ST_4 : Operation 213 [1/1] (0.00ns)   --->   "%store_ln63 = store i16 %REG_V_43_loc_load, i16 %REG_V_11" [Compute_block2in/Compute2in.cpp:63]   --->   Operation 213 'store' 'store_ln63' <Predicate = true> <Delay = 0.00>
ST_4 : Operation 214 [1/1] (0.00ns)   --->   "%store_ln63 = store i16 %REG_V_42_loc_load, i16 %REG_V_10" [Compute_block2in/Compute2in.cpp:63]   --->   Operation 214 'store' 'store_ln63' <Predicate = true> <Delay = 0.00>
ST_4 : Operation 215 [1/1] (0.00ns)   --->   "%store_ln63 = store i16 %REG_V_41_loc_load, i16 %REG_V_9" [Compute_block2in/Compute2in.cpp:63]   --->   Operation 215 'store' 'store_ln63' <Predicate = true> <Delay = 0.00>
ST_4 : Operation 216 [1/1] (0.00ns)   --->   "%store_ln63 = store i16 %REG_V_40_loc_load, i16 %REG_V_8" [Compute_block2in/Compute2in.cpp:63]   --->   Operation 216 'store' 'store_ln63' <Predicate = true> <Delay = 0.00>
ST_4 : Operation 217 [1/1] (0.00ns)   --->   "%store_ln63 = store i16 %REG_V_39_loc_load, i16 %REG_V_7" [Compute_block2in/Compute2in.cpp:63]   --->   Operation 217 'store' 'store_ln63' <Predicate = true> <Delay = 0.00>
ST_4 : Operation 218 [1/1] (0.00ns)   --->   "%store_ln63 = store i16 %REG_V_38_loc_load, i16 %REG_V_6" [Compute_block2in/Compute2in.cpp:63]   --->   Operation 218 'store' 'store_ln63' <Predicate = true> <Delay = 0.00>
ST_4 : Operation 219 [1/1] (0.00ns)   --->   "%store_ln63 = store i16 %REG_V_37_loc_load, i16 %REG_V_5" [Compute_block2in/Compute2in.cpp:63]   --->   Operation 219 'store' 'store_ln63' <Predicate = true> <Delay = 0.00>
ST_4 : Operation 220 [1/1] (0.00ns)   --->   "%store_ln63 = store i16 %REG_V_36_loc_load, i16 %REG_V_4" [Compute_block2in/Compute2in.cpp:63]   --->   Operation 220 'store' 'store_ln63' <Predicate = true> <Delay = 0.00>
ST_4 : Operation 221 [1/1] (0.00ns)   --->   "%store_ln63 = store i16 %REG_V_35_loc_load, i16 %REG_V_3" [Compute_block2in/Compute2in.cpp:63]   --->   Operation 221 'store' 'store_ln63' <Predicate = true> <Delay = 0.00>
ST_4 : Operation 222 [1/1] (0.00ns)   --->   "%store_ln63 = store i16 %REG_V_34_loc_load, i16 %REG_V_2" [Compute_block2in/Compute2in.cpp:63]   --->   Operation 222 'store' 'store_ln63' <Predicate = true> <Delay = 0.00>
ST_4 : Operation 223 [1/1] (0.00ns)   --->   "%store_ln63 = store i16 %REG_V_33_loc_load, i16 %REG_V_1" [Compute_block2in/Compute2in.cpp:63]   --->   Operation 223 'store' 'store_ln63' <Predicate = true> <Delay = 0.00>
ST_4 : Operation 224 [1/1] (0.00ns)   --->   "%store_ln63 = store i16 %REG_V_32_loc_load, i16 %REG_V" [Compute_block2in/Compute2in.cpp:63]   --->   Operation 224 'store' 'store_ln63' <Predicate = true> <Delay = 0.00>
ST_4 : Operation 225 [1/1] (0.42ns)   --->   "%store_ln63 = store i3 %add_ln63, i3 %i" [Compute_block2in/Compute2in.cpp:63]   --->   Operation 225 'store' 'store_ln63' <Predicate = true> <Delay = 0.42>

State 5 <SV = 4> <Delay = 1.06>
ST_5 : Operation 226 [2/2] (1.06ns)   --->   "%call_ln63 = call void @compute2in_Pipeline_VITIS_LOOP_87_3, i3 %i_1, i32 %buffer_2, i16 %REG_V_32_loc_load, i16 %REG_V_40_loc_load, i16 %REG_V_48_loc_load, i16 %REG_V_56_loc_load, i2 %indvars_iv424_load, i16 %REG_V_36_loc_load, i16 %REG_V_44_loc_load, i16 %REG_V_52_loc_load, i16 %REG_V_60_loc_load, i16 %REG_V_33_loc_load, i16 %REG_V_41_loc_load, i16 %REG_V_49_loc_load, i16 %REG_V_57_loc_load, i16 %REG_V_37_loc_load, i16 %REG_V_45_loc_load, i16 %REG_V_53_loc_load, i16 %REG_V_61_loc_load, i16 %REG_V_34_loc_load, i16 %REG_V_42_loc_load, i16 %REG_V_50_loc_load, i16 %REG_V_58_loc_load, i16 %REG_V_38_loc_load, i16 %REG_V_46_loc_load, i16 %REG_V_54_loc_load, i16 %REG_V_62_loc_load, i16 %REG_V_35_loc_load, i16 %REG_V_43_loc_load, i16 %REG_V_51_loc_load, i16 %REG_V_59_loc_load, i16 %REG_V_39_loc_load, i16 %REG_V_47_loc_load, i16 %REG_V_55_loc_load, i16 %REG_V_63_loc_load, i2 %empty_19, i3 %i_1, i1 %phase_read, i32 %compute2in_ap_int_32_ap_int_32_ap_int_32_bool_REG1, i32 %compute2in_ap_int_32_ap_int_32_ap_int_32_bool_REG1_1, i32 %compute2in_ap_int_32_ap_int_32_ap_int_32_bool_REG1_2, i32 %compute2in_ap_int_32_ap_int_32_ap_int_32_bool_REG1_3, i32 %compute2in_ap_int_32_ap_int_32_ap_int_32_bool_REG1_4, i32 %compute2in_ap_int_32_ap_int_32_ap_int_32_bool_REG1_5, i32 %compute2in_ap_int_32_ap_int_32_ap_int_32_bool_REG1_6, i32 %compute2in_ap_int_32_ap_int_32_ap_int_32_bool_REG1_7, i32 %compute2in_ap_int_32_ap_int_32_ap_int_32_bool_REG1_8, i32 %compute2in_ap_int_32_ap_int_32_ap_int_32_bool_REG1_9, i32 %p_ZZ10compute2inP6ap_intILi32EES1_S1_bE4REG1_10, i32 %p_ZZ10compute2inP6ap_intILi32EES1_S1_bE4REG1_11, i32 %p_ZZ10compute2inP6ap_intILi32EES1_S1_bE4REG1_12, i32 %p_ZZ10compute2inP6ap_intILi32EES1_S1_bE4REG1_13, i32 %p_ZZ10compute2inP6ap_intILi32EES1_S1_bE4REG1_14" [Compute_block2in/Compute2in.cpp:63]   --->   Operation 226 'call' 'call_ln63' <Predicate = true> <Delay = 1.06> <CoreType = "Generic">   --->   Core 0 '' <Latency = 0> <II = 1> <Delay = 1.00> <Generic> <Opcode : >

State 6 <SV = 5> <Delay = 0.00>
ST_6 : Operation 227 [1/2] (0.00ns)   --->   "%call_ln63 = call void @compute2in_Pipeline_VITIS_LOOP_87_3, i3 %i_1, i32 %buffer_2, i16 %REG_V_32_loc_load, i16 %REG_V_40_loc_load, i16 %REG_V_48_loc_load, i16 %REG_V_56_loc_load, i2 %indvars_iv424_load, i16 %REG_V_36_loc_load, i16 %REG_V_44_loc_load, i16 %REG_V_52_loc_load, i16 %REG_V_60_loc_load, i16 %REG_V_33_loc_load, i16 %REG_V_41_loc_load, i16 %REG_V_49_loc_load, i16 %REG_V_57_loc_load, i16 %REG_V_37_loc_load, i16 %REG_V_45_loc_load, i16 %REG_V_53_loc_load, i16 %REG_V_61_loc_load, i16 %REG_V_34_loc_load, i16 %REG_V_42_loc_load, i16 %REG_V_50_loc_load, i16 %REG_V_58_loc_load, i16 %REG_V_38_loc_load, i16 %REG_V_46_loc_load, i16 %REG_V_54_loc_load, i16 %REG_V_62_loc_load, i16 %REG_V_35_loc_load, i16 %REG_V_43_loc_load, i16 %REG_V_51_loc_load, i16 %REG_V_59_loc_load, i16 %REG_V_39_loc_load, i16 %REG_V_47_loc_load, i16 %REG_V_55_loc_load, i16 %REG_V_63_loc_load, i2 %empty_19, i3 %i_1, i1 %phase_read, i32 %compute2in_ap_int_32_ap_int_32_ap_int_32_bool_REG1, i32 %compute2in_ap_int_32_ap_int_32_ap_int_32_bool_REG1_1, i32 %compute2in_ap_int_32_ap_int_32_ap_int_32_bool_REG1_2, i32 %compute2in_ap_int_32_ap_int_32_ap_int_32_bool_REG1_3, i32 %compute2in_ap_int_32_ap_int_32_ap_int_32_bool_REG1_4, i32 %compute2in_ap_int_32_ap_int_32_ap_int_32_bool_REG1_5, i32 %compute2in_ap_int_32_ap_int_32_ap_int_32_bool_REG1_6, i32 %compute2in_ap_int_32_ap_int_32_ap_int_32_bool_REG1_7, i32 %compute2in_ap_int_32_ap_int_32_ap_int_32_bool_REG1_8, i32 %compute2in_ap_int_32_ap_int_32_ap_int_32_bool_REG1_9, i32 %p_ZZ10compute2inP6ap_intILi32EES1_S1_bE4REG1_10, i32 %p_ZZ10compute2inP6ap_intILi32EES1_S1_bE4REG1_11, i32 %p_ZZ10compute2inP6ap_intILi32EES1_S1_bE4REG1_12, i32 %p_ZZ10compute2inP6ap_intILi32EES1_S1_bE4REG1_13, i32 %p_ZZ10compute2inP6ap_intILi32EES1_S1_bE4REG1_14" [Compute_block2in/Compute2in.cpp:63]   --->   Operation 227 'call' 'call_ln63' <Predicate = true> <Delay = 0.00> <CoreType = "Generic">   --->   Core 0 '' <Latency = 0> <II = 1> <Delay = 1.00> <Generic> <Opcode : >
ST_6 : Operation 228 [1/1] (0.00ns)   --->   "%br_ln63 = br void %VITIS_LOOP_66_2" [Compute_block2in/Compute2in.cpp:63]   --->   Operation 228 'br' 'br_ln63' <Predicate = true> <Delay = 0.00>


============================================================
+ Verbose Summary: Binding
============================================================
STG Binding: 
---------------- STG Properties BEGIN ----------------
- Is combinational: 0
- Is one-state seq: 0
- Is datapath-only: 0
- Is pipelined: 0
- Is top level: 1
Port [ Return ] is wired: 1; IO mode=ap_ctrl_hs:ce=0
Port [ buffer_a]:  wired=1; compound=1; hidden=0; nouse=0; global=0; static=0; extern=0; dir=0; type=1; pingpong=0; private_global=0; MemPort=[13]; IO mode=ap_memory:ce=0
Port [ buffer_b]:  wired=1; compound=1; hidden=0; nouse=0; global=0; static=0; extern=0; dir=0; type=1; pingpong=0; private_global=0; MemPort=[13]; IO mode=ap_memory:ce=0
Port [ buffer_2]:  wired=1; compound=1; hidden=0; nouse=0; global=0; static=0; extern=0; dir=1; type=1; pingpong=0; private_global=0; MemPort=[03]; IO mode=ap_memory:ce=0
Port [ phase]:  wired=1; compound=0; hidden=0; nouse=0; global=0; static=0; extern=0; dir=0; type=0; pingpong=0; private_global=0; IO mode=ap_none:ce=0
Port [ compute2in_ap_int_32_ap_int_32_ap_int_32_bool_REG1]:  wired=0; compound=0; hidden=1; nouse=0; global=1; static=1; extern=0; dir=2; type=0; pingpong=0; private_global=1; IO mode=ap_ovld:ce=0
Port [ compute2in_ap_int_32_ap_int_32_ap_int_32_bool_REG1_5]:  wired=0; compound=0; hidden=1; nouse=0; global=1; static=1; extern=0; dir=2; type=0; pingpong=0; private_global=1; IO mode=ap_ovld:ce=0
Port [ p_ZZ10compute2inP6ap_intILi32EES1_S1_bE4REG1_10]:  wired=0; compound=0; hidden=1; nouse=0; global=1; static=1; extern=0; dir=2; type=0; pingpong=0; private_global=1; IO mode=ap_ovld:ce=0
Port [ p_ZZ10compute2inP6ap_intILi32EES1_S1_bE4REG1_15]:  wired=0; compound=0; hidden=1; nouse=0; global=1; static=1; extern=0; dir=2; type=0; pingpong=0; private_global=1; IO mode=ap_ovld:ce=0
Port [ compute2in_ap_int_32_ap_int_32_ap_int_32_bool_REG1_1]:  wired=0; compound=0; hidden=1; nouse=1; global=1; static=1; extern=0; dir=2; type=0; pingpong=0; private_global=0; IO mode=ap_ovld:ce=0
Port [ compute2in_ap_int_32_ap_int_32_ap_int_32_bool_REG1_2]:  wired=0; compound=0; hidden=1; nouse=1; global=1; static=1; extern=0; dir=2; type=0; pingpong=0; private_global=0; IO mode=ap_ovld:ce=0
Port [ compute2in_ap_int_32_ap_int_32_ap_int_32_bool_REG1_3]:  wired=0; compound=0; hidden=1; nouse=1; global=1; static=1; extern=0; dir=2; type=0; pingpong=0; private_global=0; IO mode=ap_ovld:ce=0
Port [ compute2in_ap_int_32_ap_int_32_ap_int_32_bool_REG1_4]:  wired=0; compound=0; hidden=1; nouse=1; global=1; static=1; extern=0; dir=2; type=0; pingpong=0; private_global=0; IO mode=ap_ovld:ce=0
Port [ compute2in_ap_int_32_ap_int_32_ap_int_32_bool_REG1_6]:  wired=0; compound=0; hidden=1; nouse=1; global=1; static=1; extern=0; dir=2; type=0; pingpong=0; private_global=0; IO mode=ap_ovld:ce=0
Port [ compute2in_ap_int_32_ap_int_32_ap_int_32_bool_REG1_7]:  wired=0; compound=0; hidden=1; nouse=1; global=1; static=1; extern=0; dir=2; type=0; pingpong=0; private_global=0; IO mode=ap_ovld:ce=0
Port [ compute2in_ap_int_32_ap_int_32_ap_int_32_bool_REG1_8]:  wired=0; compound=0; hidden=1; nouse=1; global=1; static=1; extern=0; dir=2; type=0; pingpong=0; private_global=0; IO mode=ap_ovld:ce=0
Port [ compute2in_ap_int_32_ap_int_32_ap_int_32_bool_REG1_9]:  wired=0; compound=0; hidden=1; nouse=1; global=1; static=1; extern=0; dir=2; type=0; pingpong=0; private_global=0; IO mode=ap_ovld:ce=0
Port [ p_ZZ10compute2inP6ap_intILi32EES1_S1_bE4REG1_11]:  wired=0; compound=0; hidden=1; nouse=1; global=1; static=1; extern=0; dir=2; type=0; pingpong=0; private_global=0; IO mode=ap_ovld:ce=0
Port [ p_ZZ10compute2inP6ap_intILi32EES1_S1_bE4REG1_12]:  wired=0; compound=0; hidden=1; nouse=1; global=1; static=1; extern=0; dir=2; type=0; pingpong=0; private_global=0; IO mode=ap_ovld:ce=0
Port [ p_ZZ10compute2inP6ap_intILi32EES1_S1_bE4REG1_13]:  wired=0; compound=0; hidden=1; nouse=1; global=1; static=1; extern=0; dir=2; type=0; pingpong=0; private_global=0; IO mode=ap_ovld:ce=0
Port [ p_ZZ10compute2inP6ap_intILi32EES1_S1_bE4REG1_14]:  wired=0; compound=0; hidden=1; nouse=1; global=1; static=1; extern=0; dir=2; type=0; pingpong=0; private_global=0; IO mode=ap_ovld:ce=0
---------------- STG Properties END ------------------

---------------- Datapath Model BEGIN ----------------

<LifeTime>
<method=bitvector/>
i                                                         (alloca           ) [ 0111111]
REG_V                                                     (alloca           ) [ 0011111]
REG_V_1                                                   (alloca           ) [ 0011111]
REG_V_2                                                   (alloca           ) [ 0011111]
REG_V_3                                                   (alloca           ) [ 0011111]
REG_V_4                                                   (alloca           ) [ 0011111]
REG_V_5                                                   (alloca           ) [ 0011111]
REG_V_6                                                   (alloca           ) [ 0011111]
REG_V_7                                                   (alloca           ) [ 0011111]
REG_V_8                                                   (alloca           ) [ 0011111]
REG_V_9                                                   (alloca           ) [ 0011111]
REG_V_10                                                  (alloca           ) [ 0011111]
REG_V_11                                                  (alloca           ) [ 0011111]
REG_V_12                                                  (alloca           ) [ 0011111]
REG_V_13                                                  (alloca           ) [ 0011111]
REG_V_14                                                  (alloca           ) [ 0011111]
REG_V_15                                                  (alloca           ) [ 0011111]
REG_V_16                                                  (alloca           ) [ 0011111]
REG_V_17                                                  (alloca           ) [ 0011111]
REG_V_18                                                  (alloca           ) [ 0011111]
REG_V_19                                                  (alloca           ) [ 0011111]
REG_V_20                                                  (alloca           ) [ 0011111]
REG_V_21                                                  (alloca           ) [ 0011111]
REG_V_22                                                  (alloca           ) [ 0011111]
REG_V_23                                                  (alloca           ) [ 0011111]
REG_V_24                                                  (alloca           ) [ 0011111]
REG_V_25                                                  (alloca           ) [ 0011111]
REG_V_26                                                  (alloca           ) [ 0011111]
REG_V_27                                                  (alloca           ) [ 0011111]
REG_V_28                                                  (alloca           ) [ 0011111]
REG_V_29                                                  (alloca           ) [ 0011111]
REG_V_30                                                  (alloca           ) [ 0011111]
REG_V_31                                                  (alloca           ) [ 0011111]
indvars_iv424                                             (alloca           ) [ 0111111]
phase_read                                                (read             ) [ 0011111]
self_sum_V_loc                                            (alloca           ) [ 0011111]
REG_V_32_loc                                              (alloca           ) [ 0011111]
REG_V_33_loc                                              (alloca           ) [ 0011111]
REG_V_34_loc                                              (alloca           ) [ 0011111]
REG_V_35_loc                                              (alloca           ) [ 0011111]
REG_V_36_loc                                              (alloca           ) [ 0011111]
REG_V_37_loc                                              (alloca           ) [ 0011111]
REG_V_38_loc                                              (alloca           ) [ 0011111]
REG_V_39_loc                                              (alloca           ) [ 0011111]
REG_V_40_loc                                              (alloca           ) [ 0011111]
REG_V_41_loc                                              (alloca           ) [ 0011111]
REG_V_42_loc                                              (alloca           ) [ 0011111]
REG_V_43_loc                                              (alloca           ) [ 0011111]
REG_V_44_loc                                              (alloca           ) [ 0011111]
REG_V_45_loc                                              (alloca           ) [ 0011111]
REG_V_46_loc                                              (alloca           ) [ 0011111]
REG_V_47_loc                                              (alloca           ) [ 0011111]
REG_V_48_loc                                              (alloca           ) [ 0011111]
REG_V_49_loc                                              (alloca           ) [ 0011111]
REG_V_50_loc                                              (alloca           ) [ 0011111]
REG_V_51_loc                                              (alloca           ) [ 0011111]
REG_V_52_loc                                              (alloca           ) [ 0011111]
REG_V_53_loc                                              (alloca           ) [ 0011111]
REG_V_54_loc                                              (alloca           ) [ 0011111]
REG_V_55_loc                                              (alloca           ) [ 0011111]
REG_V_56_loc                                              (alloca           ) [ 0011111]
REG_V_57_loc                                              (alloca           ) [ 0011111]
REG_V_58_loc                                              (alloca           ) [ 0011111]
REG_V_59_loc                                              (alloca           ) [ 0011111]
REG_V_60_loc                                              (alloca           ) [ 0011111]
REG_V_61_loc                                              (alloca           ) [ 0011111]
REG_V_62_loc                                              (alloca           ) [ 0011111]
REG_V_63_loc                                              (alloca           ) [ 0011111]
spectopmodule_ln36                                        (spectopmodule    ) [ 0000000]
specinterface_ln36                                        (specinterface    ) [ 0000000]
specinterface_ln0                                         (specinterface    ) [ 0000000]
specbitsmap_ln0                                           (specbitsmap      ) [ 0000000]
specinterface_ln0                                         (specinterface    ) [ 0000000]
specbitsmap_ln0                                           (specbitsmap      ) [ 0000000]
specinterface_ln0                                         (specinterface    ) [ 0000000]
specbitsmap_ln0                                           (specbitsmap      ) [ 0000000]
specbitsmap_ln0                                           (specbitsmap      ) [ 0000000]
specinterface_ln0                                         (specinterface    ) [ 0000000]
dummy                                                     (alloca           ) [ 0100000]
store_ln56                                                (store            ) [ 0000000]
dummy_1                                                   (load             ) [ 0000000]
store_ln58                                                (store            ) [ 0000000]
store_ln63                                                (store            ) [ 0000000]
store_ln63                                                (store            ) [ 0000000]
br_ln63                                                   (br               ) [ 0000000]
i_1                                                       (load             ) [ 0001111]
indvars_iv424_load                                        (load             ) [ 0001111]
icmp_ln63                                                 (icmp             ) [ 0011111]
empty                                                     (speclooptripcount) [ 0000000]
add_ln63_1                                                (add              ) [ 0001100]
br_ln63                                                   (br               ) [ 0000000]
REG_V_load                                                (load             ) [ 0001000]
REG_V_1_load                                              (load             ) [ 0001000]
REG_V_2_load                                              (load             ) [ 0001000]
REG_V_3_load                                              (load             ) [ 0001000]
REG_V_4_load                                              (load             ) [ 0001000]
REG_V_5_load                                              (load             ) [ 0001000]
REG_V_6_load                                              (load             ) [ 0001000]
REG_V_7_load                                              (load             ) [ 0001000]
REG_V_8_load                                              (load             ) [ 0001000]
REG_V_9_load                                              (load             ) [ 0001000]
REG_V_10_load                                             (load             ) [ 0001000]
REG_V_11_load                                             (load             ) [ 0001000]
REG_V_12_load                                             (load             ) [ 0001000]
REG_V_13_load                                             (load             ) [ 0001000]
REG_V_14_load                                             (load             ) [ 0001000]
REG_V_15_load                                             (load             ) [ 0001000]
REG_V_16_load                                             (load             ) [ 0001000]
REG_V_17_load                                             (load             ) [ 0001000]
REG_V_18_load                                             (load             ) [ 0001000]
REG_V_19_load                                             (load             ) [ 0001000]
REG_V_20_load                                             (load             ) [ 0001000]
REG_V_21_load                                             (load             ) [ 0001000]
REG_V_22_load                                             (load             ) [ 0001000]
REG_V_23_load                                             (load             ) [ 0001000]
REG_V_24_load                                             (load             ) [ 0001000]
REG_V_25_load                                             (load             ) [ 0001000]
REG_V_26_load                                             (load             ) [ 0001000]
REG_V_27_load                                             (load             ) [ 0001000]
REG_V_28_load                                             (load             ) [ 0001000]
REG_V_29_load                                             (load             ) [ 0001000]
REG_V_30_load                                             (load             ) [ 0001000]
REG_V_31_load                                             (load             ) [ 0001000]
empty_19                                                  (trunc            ) [ 0001111]
empty_20                                                  (shl              ) [ 0001000]
ret_ln105                                                 (ret              ) [ 0000000]
call_ln0                                                  (call             ) [ 0000000]
specloopname_ln50                                         (specloopname     ) [ 0000000]
REG_V_63_loc_load                                         (load             ) [ 0000011]
REG_V_62_loc_load                                         (load             ) [ 0000011]
REG_V_61_loc_load                                         (load             ) [ 0000011]
REG_V_60_loc_load                                         (load             ) [ 0000011]
REG_V_59_loc_load                                         (load             ) [ 0000011]
REG_V_58_loc_load                                         (load             ) [ 0000011]
REG_V_57_loc_load                                         (load             ) [ 0000011]
REG_V_56_loc_load                                         (load             ) [ 0000011]
REG_V_55_loc_load                                         (load             ) [ 0000011]
REG_V_54_loc_load                                         (load             ) [ 0000011]
REG_V_53_loc_load                                         (load             ) [ 0000011]
REG_V_52_loc_load                                         (load             ) [ 0000011]
REG_V_51_loc_load                                         (load             ) [ 0000011]
REG_V_50_loc_load                                         (load             ) [ 0000011]
REG_V_49_loc_load                                         (load             ) [ 0000011]
REG_V_48_loc_load                                         (load             ) [ 0000011]
REG_V_47_loc_load                                         (load             ) [ 0000011]
REG_V_46_loc_load                                         (load             ) [ 0000011]
REG_V_45_loc_load                                         (load             ) [ 0000011]
REG_V_44_loc_load                                         (load             ) [ 0000011]
REG_V_43_loc_load                                         (load             ) [ 0000011]
REG_V_42_loc_load                                         (load             ) [ 0000011]
REG_V_41_loc_load                                         (load             ) [ 0000011]
REG_V_40_loc_load                                         (load             ) [ 0000011]
REG_V_39_loc_load                                         (load             ) [ 0000011]
REG_V_38_loc_load                                         (load             ) [ 0000011]
REG_V_37_loc_load                                         (load             ) [ 0000011]
REG_V_36_loc_load                                         (load             ) [ 0000011]
REG_V_35_loc_load                                         (load             ) [ 0000011]
REG_V_34_loc_load                                         (load             ) [ 0000011]
REG_V_33_loc_load                                         (load             ) [ 0000011]
REG_V_32_loc_load                                         (load             ) [ 0000011]
self_sum_V_loc_load                                       (load             ) [ 0000000]
br_ln82                                                   (br               ) [ 0000000]
switch_ln85                                               (switch           ) [ 0000000]
store_ln85                                                (store            ) [ 0000000]
br_ln85                                                   (br               ) [ 0000000]
store_ln85                                                (store            ) [ 0000000]
br_ln85                                                   (br               ) [ 0000000]
store_ln85                                                (store            ) [ 0000000]
br_ln85                                                   (br               ) [ 0000000]
store_ln85                                                (store            ) [ 0000000]
br_ln85                                                   (br               ) [ 0000000]
br_ln0                                                    (br               ) [ 0000000]
compute2in_ap_int_32_ap_int_32_ap_int_32_bool_REG1_load   (load             ) [ 0000000]
compute2in_ap_int_32_ap_int_32_ap_int_32_bool_REG1_5_load (load             ) [ 0000000]
p_ZZ10compute2inP6ap_intILi32EES1_S1_bE4REG1_10_load      (load             ) [ 0000000]
compute2in_ap_int_32_ap_int_32_ap_int_32_bool_REG1        (load             ) [ 0000000]
tmp                                                       (mux              ) [ 0000000]
add_ln83                                                  (add              ) [ 0000000]
lshr_ln                                                   (bitconcatenate   ) [ 0000000]
zext_ln83                                                 (zext             ) [ 0000000]
buffer_2_addr                                             (getelementptr    ) [ 0000000]
store_ln83                                                (store            ) [ 0000000]
br_ln83                                                   (br               ) [ 0000000]
add_ln63                                                  (add              ) [ 0000000]
store_ln63                                                (store            ) [ 0000000]
store_ln63                                                (store            ) [ 0000000]
store_ln63                                                (store            ) [ 0000000]
store_ln63                                                (store            ) [ 0000000]
store_ln63                                                (store            ) [ 0000000]
store_ln63                                                (store            ) [ 0000000]
store_ln63                                                (store            ) [ 0000000]
store_ln63                                                (store            ) [ 0000000]
store_ln63                                                (store            ) [ 0000000]
store_ln63                                                (store            ) [ 0000000]
store_ln63                                                (store            ) [ 0000000]
store_ln63                                                (store            ) [ 0000000]
store_ln63                                                (store            ) [ 0000000]
store_ln63                                                (store            ) [ 0000000]
store_ln63                                                (store            ) [ 0000000]
store_ln63                                                (store            ) [ 0000000]
store_ln63                                                (store            ) [ 0000000]
store_ln63                                                (store            ) [ 0000000]
store_ln63                                                (store            ) [ 0000000]
store_ln63                                                (store            ) [ 0000000]
store_ln63                                                (store            ) [ 0000000]
store_ln63                                                (store            ) [ 0000000]
store_ln63                                                (store            ) [ 0000000]
store_ln63                                                (store            ) [ 0000000]
store_ln63                                                (store            ) [ 0000000]
store_ln63                                                (store            ) [ 0000000]
store_ln63                                                (store            ) [ 0000000]
store_ln63                                                (store            ) [ 0000000]
store_ln63                                                (store            ) [ 0000000]
store_ln63                                                (store            ) [ 0000000]
store_ln63                                                (store            ) [ 0000000]
store_ln63                                                (store            ) [ 0000000]
store_ln63                                                (store            ) [ 0000000]
store_ln63                                                (store            ) [ 0000000]
call_ln63                                                 (call             ) [ 0000000]
br_ln63                                                   (br               ) [ 0000000]
</LifeTime>

<model>

<comp_list>
<comp id="0" class="1000" name="buffer_a">
<pin_list>
<pin id="1" dir="1" index="0" bw="1" slack="0"/>
</pin_list>
<bind>
<StgValue><ssdm name="buffer_a"/><MemPortTyVec>1 3 </MemPortTyVec>
</StgValue>
</bind>
</comp>

<comp id="2" class="1000" name="buffer_b">
<pin_list>
<pin id="3" dir="1" index="0" bw="1" slack="0"/>
</pin_list>
<bind>
<StgValue><ssdm name="buffer_b"/><MemPortTyVec>1 3 </MemPortTyVec>
</StgValue>
</bind>
</comp>

<comp id="4" class="1000" name="buffer_2">
<pin_list>
<pin id="5" dir="1" index="0" bw="1" slack="0"/>
</pin_list>
<bind>
<StgValue><ssdm name="buffer_2"/><MemPortTyVec>0 3 </MemPortTyVec>
</StgValue>
</bind>
</comp>

<comp id="6" class="1000" name="phase">
<pin_list>
<pin id="7" dir="1" index="0" bw="1" slack="0"/>
</pin_list>
<bind>
<StgValue><ssdm name="phase"/></StgValue>
</bind>
</comp>

<comp id="8" class="1000" name="compute2in_ap_int_32_ap_int_32_ap_int_32_bool_REG1">
<pin_list>
<pin id="9" dir="1" index="0" bw="1" slack="0"/>
</pin_list>
<bind>
<StgValue><ssdm name="compute2in_ap_int_32_ap_int_32_ap_int_32_bool_REG1"/></StgValue>
</bind>
</comp>

<comp id="10" class="1000" name="compute2in_ap_int_32_ap_int_32_ap_int_32_bool_REG1_5">
<pin_list>
<pin id="11" dir="1" index="0" bw="1" slack="0"/>
</pin_list>
<bind>
<StgValue><ssdm name="compute2in_ap_int_32_ap_int_32_ap_int_32_bool_REG1_5"/></StgValue>
</bind>
</comp>

<comp id="12" class="1000" name="p_ZZ10compute2inP6ap_intILi32EES1_S1_bE4REG1_10">
<pin_list>
<pin id="13" dir="1" index="0" bw="1" slack="0"/>
</pin_list>
<bind>
<StgValue><ssdm name="p_ZZ10compute2inP6ap_intILi32EES1_S1_bE4REG1_10"/></StgValue>
</bind>
</comp>

<comp id="14" class="1000" name="p_ZZ10compute2inP6ap_intILi32EES1_S1_bE4REG1_15">
<pin_list>
<pin id="15" dir="1" index="0" bw="1" slack="0"/>
</pin_list>
<bind>
<StgValue><ssdm name="p_ZZ10compute2inP6ap_intILi32EES1_S1_bE4REG1_15"/></StgValue>
</bind>
</comp>

<comp id="16" class="1000" name="compute2in_ap_int_32_ap_int_32_ap_int_32_bool_REG1_1">
<pin_list>
<pin id="17" dir="1" index="0" bw="1" slack="0"/>
</pin_list>
<bind>
<StgValue><ssdm name="compute2in_ap_int_32_ap_int_32_ap_int_32_bool_REG1_1"/></StgValue>
</bind>
</comp>

<comp id="18" class="1000" name="compute2in_ap_int_32_ap_int_32_ap_int_32_bool_REG1_2">
<pin_list>
<pin id="19" dir="1" index="0" bw="1" slack="0"/>
</pin_list>
<bind>
<StgValue><ssdm name="compute2in_ap_int_32_ap_int_32_ap_int_32_bool_REG1_2"/></StgValue>
</bind>
</comp>

<comp id="20" class="1000" name="compute2in_ap_int_32_ap_int_32_ap_int_32_bool_REG1_3">
<pin_list>
<pin id="21" dir="1" index="0" bw="1" slack="0"/>
</pin_list>
<bind>
<StgValue><ssdm name="compute2in_ap_int_32_ap_int_32_ap_int_32_bool_REG1_3"/></StgValue>
</bind>
</comp>

<comp id="22" class="1000" name="compute2in_ap_int_32_ap_int_32_ap_int_32_bool_REG1_4">
<pin_list>
<pin id="23" dir="1" index="0" bw="1" slack="0"/>
</pin_list>
<bind>
<StgValue><ssdm name="compute2in_ap_int_32_ap_int_32_ap_int_32_bool_REG1_4"/></StgValue>
</bind>
</comp>

<comp id="24" class="1000" name="compute2in_ap_int_32_ap_int_32_ap_int_32_bool_REG1_6">
<pin_list>
<pin id="25" dir="1" index="0" bw="1" slack="0"/>
</pin_list>
<bind>
<StgValue><ssdm name="compute2in_ap_int_32_ap_int_32_ap_int_32_bool_REG1_6"/></StgValue>
</bind>
</comp>

<comp id="26" class="1000" name="compute2in_ap_int_32_ap_int_32_ap_int_32_bool_REG1_7">
<pin_list>
<pin id="27" dir="1" index="0" bw="1" slack="0"/>
</pin_list>
<bind>
<StgValue><ssdm name="compute2in_ap_int_32_ap_int_32_ap_int_32_bool_REG1_7"/></StgValue>
</bind>
</comp>

<comp id="28" class="1000" name="compute2in_ap_int_32_ap_int_32_ap_int_32_bool_REG1_8">
<pin_list>
<pin id="29" dir="1" index="0" bw="1" slack="0"/>
</pin_list>
<bind>
<StgValue><ssdm name="compute2in_ap_int_32_ap_int_32_ap_int_32_bool_REG1_8"/></StgValue>
</bind>
</comp>

<comp id="30" class="1000" name="compute2in_ap_int_32_ap_int_32_ap_int_32_bool_REG1_9">
<pin_list>
<pin id="31" dir="1" index="0" bw="1" slack="0"/>
</pin_list>
<bind>
<StgValue><ssdm name="compute2in_ap_int_32_ap_int_32_ap_int_32_bool_REG1_9"/></StgValue>
</bind>
</comp>

<comp id="32" class="1000" name="p_ZZ10compute2inP6ap_intILi32EES1_S1_bE4REG1_11">
<pin_list>
<pin id="33" dir="1" index="0" bw="1" slack="0"/>
</pin_list>
<bind>
<StgValue><ssdm name="p_ZZ10compute2inP6ap_intILi32EES1_S1_bE4REG1_11"/></StgValue>
</bind>
</comp>

<comp id="34" class="1000" name="p_ZZ10compute2inP6ap_intILi32EES1_S1_bE4REG1_12">
<pin_list>
<pin id="35" dir="1" index="0" bw="1" slack="0"/>
</pin_list>
<bind>
<StgValue><ssdm name="p_ZZ10compute2inP6ap_intILi32EES1_S1_bE4REG1_12"/></StgValue>
</bind>
</comp>

<comp id="36" class="1000" name="p_ZZ10compute2inP6ap_intILi32EES1_S1_bE4REG1_13">
<pin_list>
<pin id="37" dir="1" index="0" bw="1" slack="0"/>
</pin_list>
<bind>
<StgValue><ssdm name="p_ZZ10compute2inP6ap_intILi32EES1_S1_bE4REG1_13"/></StgValue>
</bind>
</comp>

<comp id="38" class="1000" name="p_ZZ10compute2inP6ap_intILi32EES1_S1_bE4REG1_14">
<pin_list>
<pin id="39" dir="1" index="0" bw="1" slack="0"/>
</pin_list>
<bind>
<StgValue><ssdm name="p_ZZ10compute2inP6ap_intILi32EES1_S1_bE4REG1_14"/></StgValue>
</bind>
</comp>

<comp id="40" class="1001" name="const_40">
<pin_list>
<pin id="41" dir="1" index="0" bw="1" slack="0"/>
</pin_list>
<bind>
<StgValue><ssdm name=""/></StgValue>
</bind>
</comp>

<comp id="42" class="1001" name="const_42">
<pin_list>
<pin id="43" dir="1" index="0" bw="1" slack="0"/>
</pin_list>
<bind>
<StgValue><ssdm name="_ssdm_op_Read.ap_auto.i1"/></StgValue>
</bind>
</comp>

<comp id="44" class="1001" name="const_44">
<pin_list>
<pin id="45" dir="1" index="0" bw="1" slack="0"/>
</pin_list>
<bind>
<StgValue><ssdm name=""/></StgValue>
</bind>
</comp>

<comp id="46" class="1001" name="const_46">
<pin_list>
<pin id="47" dir="1" index="0" bw="1" slack="2147483647"/>
</pin_list>
<bind>
<StgValue><ssdm name="_ssdm_op_SpecTopModule"/></StgValue>
</bind>
</comp>

<comp id="48" class="1001" name="const_48">
<pin_list>
<pin id="49" dir="1" index="0" bw="1" slack="2147483647"/>
</pin_list>
<bind>
<StgValue><ssdm name="empty_1"/></StgValue>
</bind>
</comp>

<comp id="50" class="1001" name="const_50">
<pin_list>
<pin id="51" dir="1" index="0" bw="1" slack="2147483647"/>
</pin_list>
<bind>
<StgValue><ssdm name="_ssdm_op_SpecInterface"/></StgValue>
</bind>
</comp>

<comp id="52" class="1001" name="const_52">
<pin_list>
<pin id="53" dir="1" index="0" bw="1" slack="2147483647"/>
</pin_list>
<bind>
<StgValue><ssdm name=""/></StgValue>
</bind>
</comp>

<comp id="54" class="1001" name="const_54">
<pin_list>
<pin id="55" dir="1" index="0" bw="1" slack="2147483647"/>
</pin_list>
<bind>
<StgValue><ssdm name="empty_2"/></StgValue>
</bind>
</comp>

<comp id="56" class="1001" name="const_56">
<pin_list>
<pin id="57" dir="1" index="0" bw="1" slack="2147483647"/>
</pin_list>
<bind>
<StgValue><ssdm name="empty"/></StgValue>
</bind>
</comp>

<comp id="58" class="1001" name="const_58">
<pin_list>
<pin id="59" dir="1" index="0" bw="1" slack="2147483647"/>
</pin_list>
<bind>
<StgValue><ssdm name=""/></StgValue>
</bind>
</comp>

<comp id="60" class="1001" name="const_60">
<pin_list>
<pin id="61" dir="1" index="0" bw="1" slack="2147483647"/>
</pin_list>
<bind>
<StgValue><ssdm name="empty_6"/></StgValue>
</bind>
</comp>

<comp id="62" class="1001" name="const_62">
<pin_list>
<pin id="63" dir="1" index="0" bw="1" slack="2147483647"/>
</pin_list>
<bind>
<StgValue><ssdm name="_ssdm_op_SpecBitsMap"/></StgValue>
</bind>
</comp>

<comp id="64" class="1001" name="const_64">
<pin_list>
<pin id="65" dir="1" index="0" bw="1" slack="2147483647"/>
</pin_list>
<bind>
<StgValue><ssdm name="empty_0"/></StgValue>
</bind>
</comp>

<comp id="66" class="1001" name="const_66">
<pin_list>
<pin id="67" dir="1" index="0" bw="1" slack="0"/>
</pin_list>
<bind>
<StgValue><ssdm name=""/></StgValue>
</bind>
</comp>

<comp id="68" class="1001" name="const_68">
<pin_list>
<pin id="69" dir="1" index="0" bw="1" slack="0"/>
</pin_list>
<bind>
<StgValue><ssdm name=""/></StgValue>
</bind>
</comp>

<comp id="70" class="1001" name="const_70">
<pin_list>
<pin id="71" dir="1" index="0" bw="1" slack="0"/>
</pin_list>
<bind>
<StgValue><ssdm name=""/></StgValue>
</bind>
</comp>

<comp id="72" class="1001" name="const_72">
<pin_list>
<pin id="73" dir="1" index="0" bw="1" slack="0"/>
</pin_list>
<bind>
<StgValue><ssdm name=""/></StgValue>
</bind>
</comp>

<comp id="74" class="1001" name="const_74">
<pin_list>
<pin id="75" dir="1" index="0" bw="1" slack="2147483647"/>
</pin_list>
<bind>
<StgValue><ssdm name="_ssdm_op_SpecLoopTripCount"/></StgValue>
</bind>
</comp>

<comp id="76" class="1001" name="const_76">
<pin_list>
<pin id="77" dir="1" index="0" bw="1" slack="2147483647"/>
</pin_list>
<bind>
<StgValue><ssdm name=""/></StgValue>
</bind>
</comp>

<comp id="78" class="1001" name="const_78">
<pin_list>
<pin id="79" dir="1" index="0" bw="1" slack="0"/>
</pin_list>
<bind>
<StgValue><ssdm name=""/></StgValue>
</bind>
</comp>

<comp id="80" class="1001" name="const_80">
<pin_list>
<pin id="81" dir="1" index="0" bw="1" slack="0"/>
</pin_list>
<bind>
<StgValue><ssdm name=""/></StgValue>
</bind>
</comp>

<comp id="82" class="1001" name="const_82">
<pin_list>
<pin id="83" dir="1" index="0" bw="1" slack="0"/>
</pin_list>
<bind>
<StgValue><ssdm name="compute2in_Pipeline_VITIS_LOOP_66_2"/></StgValue>
</bind>
</comp>

<comp id="84" class="1001" name="const_84">
<pin_list>
<pin id="85" dir="1" index="0" bw="1" slack="2147483647"/>
</pin_list>
<bind>
<StgValue><ssdm name="_ssdm_op_SpecLoopName"/></StgValue>
</bind>
</comp>

<comp id="86" class="1001" name="const_86">
<pin_list>
<pin id="87" dir="1" index="0" bw="1" slack="2147483647"/>
</pin_list>
<bind>
<StgValue><ssdm name="empty_5"/></StgValue>
</bind>
</comp>

<comp id="88" class="1001" name="const_88">
<pin_list>
<pin id="89" dir="1" index="0" bw="1" slack="2147483647"/>
</pin_list>
<bind>
<StgValue><ssdm name=""/></StgValue>
</bind>
</comp>

<comp id="90" class="1001" name="const_90">
<pin_list>
<pin id="91" dir="1" index="0" bw="1" slack="0"/>
</pin_list>
<bind>
<StgValue><ssdm name="_ssdm_op_Mux.ap_auto.4i32.i2"/></StgValue>
</bind>
</comp>

<comp id="92" class="1001" name="const_92">
<pin_list>
<pin id="93" dir="1" index="0" bw="1" slack="0"/>
</pin_list>
<bind>
<StgValue><ssdm name="_ssdm_op_BitConcatenate.i4.i2.i2"/></StgValue>
</bind>
</comp>

<comp id="94" class="1001" name="const_94">
<pin_list>
<pin id="95" dir="1" index="0" bw="1" slack="0"/>
</pin_list>
<bind>
<StgValue><ssdm name=""/></StgValue>
</bind>
</comp>

<comp id="96" class="1001" name="const_96">
<pin_list>
<pin id="97" dir="1" index="0" bw="1" slack="0"/>
</pin_list>
<bind>
<StgValue><ssdm name="compute2in_Pipeline_VITIS_LOOP_87_3"/></StgValue>
</bind>
</comp>

<comp id="98" class="1004" name="i_fu_98">
<pin_list>
<pin id="99" dir="0" index="0" bw="1" slack="0"/>
<pin id="100" dir="1" index="1" bw="3" slack="0"/>
</pin_list>
<bind>
<opcode="alloca(26) " fcode="alloca"/>
<opset="i/1 "/>
</bind>
</comp>

<comp id="102" class="1004" name="REG_V_fu_102">
<pin_list>
<pin id="103" dir="0" index="0" bw="1" slack="0"/>
<pin id="104" dir="1" index="1" bw="16" slack="1"/>
</pin_list>
<bind>
<opcode="alloca(26) " fcode="alloca"/>
<opset="REG_V/1 "/>
</bind>
</comp>

<comp id="106" class="1004" name="REG_V_1_fu_106">
<pin_list>
<pin id="107" dir="0" index="0" bw="1" slack="0"/>
<pin id="108" dir="1" index="1" bw="16" slack="1"/>
</pin_list>
<bind>
<opcode="alloca(26) " fcode="alloca"/>
<opset="REG_V_1/1 "/>
</bind>
</comp>

<comp id="110" class="1004" name="REG_V_2_fu_110">
<pin_list>
<pin id="111" dir="0" index="0" bw="1" slack="0"/>
<pin id="112" dir="1" index="1" bw="16" slack="1"/>
</pin_list>
<bind>
<opcode="alloca(26) " fcode="alloca"/>
<opset="REG_V_2/1 "/>
</bind>
</comp>

<comp id="114" class="1004" name="REG_V_3_fu_114">
<pin_list>
<pin id="115" dir="0" index="0" bw="1" slack="0"/>
<pin id="116" dir="1" index="1" bw="16" slack="1"/>
</pin_list>
<bind>
<opcode="alloca(26) " fcode="alloca"/>
<opset="REG_V_3/1 "/>
</bind>
</comp>

<comp id="118" class="1004" name="REG_V_4_fu_118">
<pin_list>
<pin id="119" dir="0" index="0" bw="1" slack="0"/>
<pin id="120" dir="1" index="1" bw="16" slack="1"/>
</pin_list>
<bind>
<opcode="alloca(26) " fcode="alloca"/>
<opset="REG_V_4/1 "/>
</bind>
</comp>

<comp id="122" class="1004" name="REG_V_5_fu_122">
<pin_list>
<pin id="123" dir="0" index="0" bw="1" slack="0"/>
<pin id="124" dir="1" index="1" bw="16" slack="1"/>
</pin_list>
<bind>
<opcode="alloca(26) " fcode="alloca"/>
<opset="REG_V_5/1 "/>
</bind>
</comp>

<comp id="126" class="1004" name="REG_V_6_fu_126">
<pin_list>
<pin id="127" dir="0" index="0" bw="1" slack="0"/>
<pin id="128" dir="1" index="1" bw="16" slack="1"/>
</pin_list>
<bind>
<opcode="alloca(26) " fcode="alloca"/>
<opset="REG_V_6/1 "/>
</bind>
</comp>

<comp id="130" class="1004" name="REG_V_7_fu_130">
<pin_list>
<pin id="131" dir="0" index="0" bw="1" slack="0"/>
<pin id="132" dir="1" index="1" bw="16" slack="1"/>
</pin_list>
<bind>
<opcode="alloca(26) " fcode="alloca"/>
<opset="REG_V_7/1 "/>
</bind>
</comp>

<comp id="134" class="1004" name="REG_V_8_fu_134">
<pin_list>
<pin id="135" dir="0" index="0" bw="1" slack="0"/>
<pin id="136" dir="1" index="1" bw="16" slack="1"/>
</pin_list>
<bind>
<opcode="alloca(26) " fcode="alloca"/>
<opset="REG_V_8/1 "/>
</bind>
</comp>

<comp id="138" class="1004" name="REG_V_9_fu_138">
<pin_list>
<pin id="139" dir="0" index="0" bw="1" slack="0"/>
<pin id="140" dir="1" index="1" bw="16" slack="1"/>
</pin_list>
<bind>
<opcode="alloca(26) " fcode="alloca"/>
<opset="REG_V_9/1 "/>
</bind>
</comp>

<comp id="142" class="1004" name="REG_V_10_fu_142">
<pin_list>
<pin id="143" dir="0" index="0" bw="1" slack="0"/>
<pin id="144" dir="1" index="1" bw="16" slack="1"/>
</pin_list>
<bind>
<opcode="alloca(26) " fcode="alloca"/>
<opset="REG_V_10/1 "/>
</bind>
</comp>

<comp id="146" class="1004" name="REG_V_11_fu_146">
<pin_list>
<pin id="147" dir="0" index="0" bw="1" slack="0"/>
<pin id="148" dir="1" index="1" bw="16" slack="1"/>
</pin_list>
<bind>
<opcode="alloca(26) " fcode="alloca"/>
<opset="REG_V_11/1 "/>
</bind>
</comp>

<comp id="150" class="1004" name="REG_V_12_fu_150">
<pin_list>
<pin id="151" dir="0" index="0" bw="1" slack="0"/>
<pin id="152" dir="1" index="1" bw="16" slack="1"/>
</pin_list>
<bind>
<opcode="alloca(26) " fcode="alloca"/>
<opset="REG_V_12/1 "/>
</bind>
</comp>

<comp id="154" class="1004" name="REG_V_13_fu_154">
<pin_list>
<pin id="155" dir="0" index="0" bw="1" slack="0"/>
<pin id="156" dir="1" index="1" bw="16" slack="1"/>
</pin_list>
<bind>
<opcode="alloca(26) " fcode="alloca"/>
<opset="REG_V_13/1 "/>
</bind>
</comp>

<comp id="158" class="1004" name="REG_V_14_fu_158">
<pin_list>
<pin id="159" dir="0" index="0" bw="1" slack="0"/>
<pin id="160" dir="1" index="1" bw="16" slack="1"/>
</pin_list>
<bind>
<opcode="alloca(26) " fcode="alloca"/>
<opset="REG_V_14/1 "/>
</bind>
</comp>

<comp id="162" class="1004" name="REG_V_15_fu_162">
<pin_list>
<pin id="163" dir="0" index="0" bw="1" slack="0"/>
<pin id="164" dir="1" index="1" bw="16" slack="1"/>
</pin_list>
<bind>
<opcode="alloca(26) " fcode="alloca"/>
<opset="REG_V_15/1 "/>
</bind>
</comp>

<comp id="166" class="1004" name="REG_V_16_fu_166">
<pin_list>
<pin id="167" dir="0" index="0" bw="1" slack="0"/>
<pin id="168" dir="1" index="1" bw="16" slack="1"/>
</pin_list>
<bind>
<opcode="alloca(26) " fcode="alloca"/>
<opset="REG_V_16/1 "/>
</bind>
</comp>

<comp id="170" class="1004" name="REG_V_17_fu_170">
<pin_list>
<pin id="171" dir="0" index="0" bw="1" slack="0"/>
<pin id="172" dir="1" index="1" bw="16" slack="1"/>
</pin_list>
<bind>
<opcode="alloca(26) " fcode="alloca"/>
<opset="REG_V_17/1 "/>
</bind>
</comp>

<comp id="174" class="1004" name="REG_V_18_fu_174">
<pin_list>
<pin id="175" dir="0" index="0" bw="1" slack="0"/>
<pin id="176" dir="1" index="1" bw="16" slack="1"/>
</pin_list>
<bind>
<opcode="alloca(26) " fcode="alloca"/>
<opset="REG_V_18/1 "/>
</bind>
</comp>

<comp id="178" class="1004" name="REG_V_19_fu_178">
<pin_list>
<pin id="179" dir="0" index="0" bw="1" slack="0"/>
<pin id="180" dir="1" index="1" bw="16" slack="1"/>
</pin_list>
<bind>
<opcode="alloca(26) " fcode="alloca"/>
<opset="REG_V_19/1 "/>
</bind>
</comp>

<comp id="182" class="1004" name="REG_V_20_fu_182">
<pin_list>
<pin id="183" dir="0" index="0" bw="1" slack="0"/>
<pin id="184" dir="1" index="1" bw="16" slack="1"/>
</pin_list>
<bind>
<opcode="alloca(26) " fcode="alloca"/>
<opset="REG_V_20/1 "/>
</bind>
</comp>

<comp id="186" class="1004" name="REG_V_21_fu_186">
<pin_list>
<pin id="187" dir="0" index="0" bw="1" slack="0"/>
<pin id="188" dir="1" index="1" bw="16" slack="1"/>
</pin_list>
<bind>
<opcode="alloca(26) " fcode="alloca"/>
<opset="REG_V_21/1 "/>
</bind>
</comp>

<comp id="190" class="1004" name="REG_V_22_fu_190">
<pin_list>
<pin id="191" dir="0" index="0" bw="1" slack="0"/>
<pin id="192" dir="1" index="1" bw="16" slack="1"/>
</pin_list>
<bind>
<opcode="alloca(26) " fcode="alloca"/>
<opset="REG_V_22/1 "/>
</bind>
</comp>

<comp id="194" class="1004" name="REG_V_23_fu_194">
<pin_list>
<pin id="195" dir="0" index="0" bw="1" slack="0"/>
<pin id="196" dir="1" index="1" bw="16" slack="1"/>
</pin_list>
<bind>
<opcode="alloca(26) " fcode="alloca"/>
<opset="REG_V_23/1 "/>
</bind>
</comp>

<comp id="198" class="1004" name="REG_V_24_fu_198">
<pin_list>
<pin id="199" dir="0" index="0" bw="1" slack="0"/>
<pin id="200" dir="1" index="1" bw="16" slack="1"/>
</pin_list>
<bind>
<opcode="alloca(26) " fcode="alloca"/>
<opset="REG_V_24/1 "/>
</bind>
</comp>

<comp id="202" class="1004" name="REG_V_25_fu_202">
<pin_list>
<pin id="203" dir="0" index="0" bw="1" slack="0"/>
<pin id="204" dir="1" index="1" bw="16" slack="1"/>
</pin_list>
<bind>
<opcode="alloca(26) " fcode="alloca"/>
<opset="REG_V_25/1 "/>
</bind>
</comp>

<comp id="206" class="1004" name="REG_V_26_fu_206">
<pin_list>
<pin id="207" dir="0" index="0" bw="1" slack="0"/>
<pin id="208" dir="1" index="1" bw="16" slack="1"/>
</pin_list>
<bind>
<opcode="alloca(26) " fcode="alloca"/>
<opset="REG_V_26/1 "/>
</bind>
</comp>

<comp id="210" class="1004" name="REG_V_27_fu_210">
<pin_list>
<pin id="211" dir="0" index="0" bw="1" slack="0"/>
<pin id="212" dir="1" index="1" bw="16" slack="1"/>
</pin_list>
<bind>
<opcode="alloca(26) " fcode="alloca"/>
<opset="REG_V_27/1 "/>
</bind>
</comp>

<comp id="214" class="1004" name="REG_V_28_fu_214">
<pin_list>
<pin id="215" dir="0" index="0" bw="1" slack="0"/>
<pin id="216" dir="1" index="1" bw="16" slack="1"/>
</pin_list>
<bind>
<opcode="alloca(26) " fcode="alloca"/>
<opset="REG_V_28/1 "/>
</bind>
</comp>

<comp id="218" class="1004" name="REG_V_29_fu_218">
<pin_list>
<pin id="219" dir="0" index="0" bw="1" slack="0"/>
<pin id="220" dir="1" index="1" bw="16" slack="1"/>
</pin_list>
<bind>
<opcode="alloca(26) " fcode="alloca"/>
<opset="REG_V_29/1 "/>
</bind>
</comp>

<comp id="222" class="1004" name="REG_V_30_fu_222">
<pin_list>
<pin id="223" dir="0" index="0" bw="1" slack="0"/>
<pin id="224" dir="1" index="1" bw="16" slack="1"/>
</pin_list>
<bind>
<opcode="alloca(26) " fcode="alloca"/>
<opset="REG_V_30/1 "/>
</bind>
</comp>

<comp id="226" class="1004" name="REG_V_31_fu_226">
<pin_list>
<pin id="227" dir="0" index="0" bw="1" slack="0"/>
<pin id="228" dir="1" index="1" bw="16" slack="1"/>
</pin_list>
<bind>
<opcode="alloca(26) " fcode="alloca"/>
<opset="REG_V_31/1 "/>
</bind>
</comp>

<comp id="230" class="1004" name="indvars_iv424_fu_230">
<pin_list>
<pin id="231" dir="0" index="0" bw="1" slack="0"/>
<pin id="232" dir="1" index="1" bw="2" slack="0"/>
</pin_list>
<bind>
<opcode="alloca(26) " fcode="alloca"/>
<opset="indvars_iv424/1 "/>
</bind>
</comp>

<comp id="234" class="1004" name="self_sum_V_loc_fu_234">
<pin_list>
<pin id="235" dir="0" index="0" bw="1" slack="0"/>
<pin id="236" dir="1" index="1" bw="32" slack="1"/>
</pin_list>
<bind>
<opcode="alloca(26) " fcode="alloca"/>
<opset="self_sum_V_loc/1 "/>
</bind>
</comp>

<comp id="238" class="1004" name="REG_V_32_loc_fu_238">
<pin_list>
<pin id="239" dir="0" index="0" bw="1" slack="0"/>
<pin id="240" dir="1" index="1" bw="16" slack="1"/>
</pin_list>
<bind>
<opcode="alloca(26) " fcode="alloca"/>
<opset="REG_V_32_loc/1 "/>
</bind>
</comp>

<comp id="242" class="1004" name="REG_V_33_loc_fu_242">
<pin_list>
<pin id="243" dir="0" index="0" bw="1" slack="0"/>
<pin id="244" dir="1" index="1" bw="16" slack="1"/>
</pin_list>
<bind>
<opcode="alloca(26) " fcode="alloca"/>
<opset="REG_V_33_loc/1 "/>
</bind>
</comp>

<comp id="246" class="1004" name="REG_V_34_loc_fu_246">
<pin_list>
<pin id="247" dir="0" index="0" bw="1" slack="0"/>
<pin id="248" dir="1" index="1" bw="16" slack="1"/>
</pin_list>
<bind>
<opcode="alloca(26) " fcode="alloca"/>
<opset="REG_V_34_loc/1 "/>
</bind>
</comp>

<comp id="250" class="1004" name="REG_V_35_loc_fu_250">
<pin_list>
<pin id="251" dir="0" index="0" bw="1" slack="0"/>
<pin id="252" dir="1" index="1" bw="16" slack="1"/>
</pin_list>
<bind>
<opcode="alloca(26) " fcode="alloca"/>
<opset="REG_V_35_loc/1 "/>
</bind>
</comp>

<comp id="254" class="1004" name="REG_V_36_loc_fu_254">
<pin_list>
<pin id="255" dir="0" index="0" bw="1" slack="0"/>
<pin id="256" dir="1" index="1" bw="16" slack="1"/>
</pin_list>
<bind>
<opcode="alloca(26) " fcode="alloca"/>
<opset="REG_V_36_loc/1 "/>
</bind>
</comp>

<comp id="258" class="1004" name="REG_V_37_loc_fu_258">
<pin_list>
<pin id="259" dir="0" index="0" bw="1" slack="0"/>
<pin id="260" dir="1" index="1" bw="16" slack="1"/>
</pin_list>
<bind>
<opcode="alloca(26) " fcode="alloca"/>
<opset="REG_V_37_loc/1 "/>
</bind>
</comp>

<comp id="262" class="1004" name="REG_V_38_loc_fu_262">
<pin_list>
<pin id="263" dir="0" index="0" bw="1" slack="0"/>
<pin id="264" dir="1" index="1" bw="16" slack="1"/>
</pin_list>
<bind>
<opcode="alloca(26) " fcode="alloca"/>
<opset="REG_V_38_loc/1 "/>
</bind>
</comp>

<comp id="266" class="1004" name="REG_V_39_loc_fu_266">
<pin_list>
<pin id="267" dir="0" index="0" bw="1" slack="0"/>
<pin id="268" dir="1" index="1" bw="16" slack="1"/>
</pin_list>
<bind>
<opcode="alloca(26) " fcode="alloca"/>
<opset="REG_V_39_loc/1 "/>
</bind>
</comp>

<comp id="270" class="1004" name="REG_V_40_loc_fu_270">
<pin_list>
<pin id="271" dir="0" index="0" bw="1" slack="0"/>
<pin id="272" dir="1" index="1" bw="16" slack="1"/>
</pin_list>
<bind>
<opcode="alloca(26) " fcode="alloca"/>
<opset="REG_V_40_loc/1 "/>
</bind>
</comp>

<comp id="274" class="1004" name="REG_V_41_loc_fu_274">
<pin_list>
<pin id="275" dir="0" index="0" bw="1" slack="0"/>
<pin id="276" dir="1" index="1" bw="16" slack="1"/>
</pin_list>
<bind>
<opcode="alloca(26) " fcode="alloca"/>
<opset="REG_V_41_loc/1 "/>
</bind>
</comp>

<comp id="278" class="1004" name="REG_V_42_loc_fu_278">
<pin_list>
<pin id="279" dir="0" index="0" bw="1" slack="0"/>
<pin id="280" dir="1" index="1" bw="16" slack="1"/>
</pin_list>
<bind>
<opcode="alloca(26) " fcode="alloca"/>
<opset="REG_V_42_loc/1 "/>
</bind>
</comp>

<comp id="282" class="1004" name="REG_V_43_loc_fu_282">
<pin_list>
<pin id="283" dir="0" index="0" bw="1" slack="0"/>
<pin id="284" dir="1" index="1" bw="16" slack="1"/>
</pin_list>
<bind>
<opcode="alloca(26) " fcode="alloca"/>
<opset="REG_V_43_loc/1 "/>
</bind>
</comp>

<comp id="286" class="1004" name="REG_V_44_loc_fu_286">
<pin_list>
<pin id="287" dir="0" index="0" bw="1" slack="0"/>
<pin id="288" dir="1" index="1" bw="16" slack="1"/>
</pin_list>
<bind>
<opcode="alloca(26) " fcode="alloca"/>
<opset="REG_V_44_loc/1 "/>
</bind>
</comp>

<comp id="290" class="1004" name="REG_V_45_loc_fu_290">
<pin_list>
<pin id="291" dir="0" index="0" bw="1" slack="0"/>
<pin id="292" dir="1" index="1" bw="16" slack="1"/>
</pin_list>
<bind>
<opcode="alloca(26) " fcode="alloca"/>
<opset="REG_V_45_loc/1 "/>
</bind>
</comp>

<comp id="294" class="1004" name="REG_V_46_loc_fu_294">
<pin_list>
<pin id="295" dir="0" index="0" bw="1" slack="0"/>
<pin id="296" dir="1" index="1" bw="16" slack="1"/>
</pin_list>
<bind>
<opcode="alloca(26) " fcode="alloca"/>
<opset="REG_V_46_loc/1 "/>
</bind>
</comp>

<comp id="298" class="1004" name="REG_V_47_loc_fu_298">
<pin_list>
<pin id="299" dir="0" index="0" bw="1" slack="0"/>
<pin id="300" dir="1" index="1" bw="16" slack="1"/>
</pin_list>
<bind>
<opcode="alloca(26) " fcode="alloca"/>
<opset="REG_V_47_loc/1 "/>
</bind>
</comp>

<comp id="302" class="1004" name="REG_V_48_loc_fu_302">
<pin_list>
<pin id="303" dir="0" index="0" bw="1" slack="0"/>
<pin id="304" dir="1" index="1" bw="16" slack="1"/>
</pin_list>
<bind>
<opcode="alloca(26) " fcode="alloca"/>
<opset="REG_V_48_loc/1 "/>
</bind>
</comp>

<comp id="306" class="1004" name="REG_V_49_loc_fu_306">
<pin_list>
<pin id="307" dir="0" index="0" bw="1" slack="0"/>
<pin id="308" dir="1" index="1" bw="16" slack="1"/>
</pin_list>
<bind>
<opcode="alloca(26) " fcode="alloca"/>
<opset="REG_V_49_loc/1 "/>
</bind>
</comp>

<comp id="310" class="1004" name="REG_V_50_loc_fu_310">
<pin_list>
<pin id="311" dir="0" index="0" bw="1" slack="0"/>
<pin id="312" dir="1" index="1" bw="16" slack="1"/>
</pin_list>
<bind>
<opcode="alloca(26) " fcode="alloca"/>
<opset="REG_V_50_loc/1 "/>
</bind>
</comp>

<comp id="314" class="1004" name="REG_V_51_loc_fu_314">
<pin_list>
<pin id="315" dir="0" index="0" bw="1" slack="0"/>
<pin id="316" dir="1" index="1" bw="16" slack="1"/>
</pin_list>
<bind>
<opcode="alloca(26) " fcode="alloca"/>
<opset="REG_V_51_loc/1 "/>
</bind>
</comp>

<comp id="318" class="1004" name="REG_V_52_loc_fu_318">
<pin_list>
<pin id="319" dir="0" index="0" bw="1" slack="0"/>
<pin id="320" dir="1" index="1" bw="16" slack="1"/>
</pin_list>
<bind>
<opcode="alloca(26) " fcode="alloca"/>
<opset="REG_V_52_loc/1 "/>
</bind>
</comp>

<comp id="322" class="1004" name="REG_V_53_loc_fu_322">
<pin_list>
<pin id="323" dir="0" index="0" bw="1" slack="0"/>
<pin id="324" dir="1" index="1" bw="16" slack="1"/>
</pin_list>
<bind>
<opcode="alloca(26) " fcode="alloca"/>
<opset="REG_V_53_loc/1 "/>
</bind>
</comp>

<comp id="326" class="1004" name="REG_V_54_loc_fu_326">
<pin_list>
<pin id="327" dir="0" index="0" bw="1" slack="0"/>
<pin id="328" dir="1" index="1" bw="16" slack="1"/>
</pin_list>
<bind>
<opcode="alloca(26) " fcode="alloca"/>
<opset="REG_V_54_loc/1 "/>
</bind>
</comp>

<comp id="330" class="1004" name="REG_V_55_loc_fu_330">
<pin_list>
<pin id="331" dir="0" index="0" bw="1" slack="0"/>
<pin id="332" dir="1" index="1" bw="16" slack="1"/>
</pin_list>
<bind>
<opcode="alloca(26) " fcode="alloca"/>
<opset="REG_V_55_loc/1 "/>
</bind>
</comp>

<comp id="334" class="1004" name="REG_V_56_loc_fu_334">
<pin_list>
<pin id="335" dir="0" index="0" bw="1" slack="0"/>
<pin id="336" dir="1" index="1" bw="16" slack="1"/>
</pin_list>
<bind>
<opcode="alloca(26) " fcode="alloca"/>
<opset="REG_V_56_loc/1 "/>
</bind>
</comp>

<comp id="338" class="1004" name="REG_V_57_loc_fu_338">
<pin_list>
<pin id="339" dir="0" index="0" bw="1" slack="0"/>
<pin id="340" dir="1" index="1" bw="16" slack="1"/>
</pin_list>
<bind>
<opcode="alloca(26) " fcode="alloca"/>
<opset="REG_V_57_loc/1 "/>
</bind>
</comp>

<comp id="342" class="1004" name="REG_V_58_loc_fu_342">
<pin_list>
<pin id="343" dir="0" index="0" bw="1" slack="0"/>
<pin id="344" dir="1" index="1" bw="16" slack="1"/>
</pin_list>
<bind>
<opcode="alloca(26) " fcode="alloca"/>
<opset="REG_V_58_loc/1 "/>
</bind>
</comp>

<comp id="346" class="1004" name="REG_V_59_loc_fu_346">
<pin_list>
<pin id="347" dir="0" index="0" bw="1" slack="0"/>
<pin id="348" dir="1" index="1" bw="16" slack="1"/>
</pin_list>
<bind>
<opcode="alloca(26) " fcode="alloca"/>
<opset="REG_V_59_loc/1 "/>
</bind>
</comp>

<comp id="350" class="1004" name="REG_V_60_loc_fu_350">
<pin_list>
<pin id="351" dir="0" index="0" bw="1" slack="0"/>
<pin id="352" dir="1" index="1" bw="16" slack="1"/>
</pin_list>
<bind>
<opcode="alloca(26) " fcode="alloca"/>
<opset="REG_V_60_loc/1 "/>
</bind>
</comp>

<comp id="354" class="1004" name="REG_V_61_loc_fu_354">
<pin_list>
<pin id="355" dir="0" index="0" bw="1" slack="0"/>
<pin id="356" dir="1" index="1" bw="16" slack="1"/>
</pin_list>
<bind>
<opcode="alloca(26) " fcode="alloca"/>
<opset="REG_V_61_loc/1 "/>
</bind>
</comp>

<comp id="358" class="1004" name="REG_V_62_loc_fu_358">
<pin_list>
<pin id="359" dir="0" index="0" bw="1" slack="0"/>
<pin id="360" dir="1" index="1" bw="16" slack="1"/>
</pin_list>
<bind>
<opcode="alloca(26) " fcode="alloca"/>
<opset="REG_V_62_loc/1 "/>
</bind>
</comp>

<comp id="362" class="1004" name="REG_V_63_loc_fu_362">
<pin_list>
<pin id="363" dir="0" index="0" bw="1" slack="0"/>
<pin id="364" dir="1" index="1" bw="16" slack="1"/>
</pin_list>
<bind>
<opcode="alloca(26) " fcode="alloca"/>
<opset="REG_V_63_loc/1 "/>
</bind>
</comp>

<comp id="366" class="1004" name="dummy_fu_366">
<pin_list>
<pin id="367" dir="0" index="0" bw="1" slack="0"/>
<pin id="368" dir="1" index="1" bw="1" slack="0"/>
</pin_list>
<bind>
<opcode="alloca(26) " fcode="alloca"/>
<opset="dummy/1 "/>
</bind>
</comp>

<comp id="370" class="1004" name="phase_read_read_fu_370">
<pin_list>
<pin id="371" dir="0" index="0" bw="1" slack="0"/>
<pin id="372" dir="0" index="1" bw="1" slack="0"/>
<pin id="373" dir="1" index="2" bw="1" slack="3"/>
</pin_list>
<bind>
<opcode="read(1150) " fcode="read"/>
<opset="phase_read/1 "/>
</bind>
</comp>

<comp id="376" class="1004" name="buffer_2_addr_gep_fu_376">
<pin_list>
<pin id="377" dir="0" index="0" bw="32" slack="0"/>
<pin id="378" dir="0" index="1" bw="1" slack="0"/>
<pin id="379" dir="0" index="2" bw="4" slack="0"/>
<pin id="380" dir="1" index="3" bw="4" slack="0"/>
</pin_list>
<bind>
<opcode="getelementptr(29) " fcode="getelementptr"/>
<opset="buffer_2_addr/4 "/>
</bind>
</comp>

<comp id="383" class="1004" name="store_ln83_access_fu_383">
<pin_list>
<pin id="384" dir="0" index="0" bw="4" slack="0"/>
<pin id="385" dir="0" index="1" bw="32" slack="0"/>
<pin id="386" dir="0" index="2" bw="0" slack="2147483647"/>
<pin id="387" dir="1" index="3" bw="32" slack="2147483647"/>
</pin_list>
<bind>
<opcode="store(28) " fcode="store"/>
<opset="store_ln83/4 "/>
</bind>
</comp>

<comp id="389" class="1004" name="grp_compute2in_Pipeline_VITIS_LOOP_66_2_fu_389">
<pin_list>
<pin id="390" dir="0" index="0" bw="0" slack="0"/>
<pin id="391" dir="0" index="1" bw="16" slack="0"/>
<pin id="392" dir="0" index="2" bw="16" slack="0"/>
<pin id="393" dir="0" index="3" bw="16" slack="0"/>
<pin id="394" dir="0" index="4" bw="16" slack="0"/>
<pin id="395" dir="0" index="5" bw="16" slack="0"/>
<pin id="396" dir="0" index="6" bw="16" slack="0"/>
<pin id="397" dir="0" index="7" bw="16" slack="0"/>
<pin id="398" dir="0" index="8" bw="16" slack="0"/>
<pin id="399" dir="0" index="9" bw="16" slack="0"/>
<pin id="400" dir="0" index="10" bw="16" slack="0"/>
<pin id="401" dir="0" index="11" bw="16" slack="0"/>
<pin id="402" dir="0" index="12" bw="16" slack="0"/>
<pin id="403" dir="0" index="13" bw="16" slack="0"/>
<pin id="404" dir="0" index="14" bw="16" slack="0"/>
<pin id="405" dir="0" index="15" bw="16" slack="0"/>
<pin id="406" dir="0" index="16" bw="16" slack="0"/>
<pin id="407" dir="0" index="17" bw="16" slack="0"/>
<pin id="408" dir="0" index="18" bw="16" slack="0"/>
<pin id="409" dir="0" index="19" bw="16" slack="0"/>
<pin id="410" dir="0" index="20" bw="16" slack="0"/>
<pin id="411" dir="0" index="21" bw="16" slack="0"/>
<pin id="412" dir="0" index="22" bw="16" slack="0"/>
<pin id="413" dir="0" index="23" bw="16" slack="0"/>
<pin id="414" dir="0" index="24" bw="16" slack="0"/>
<pin id="415" dir="0" index="25" bw="16" slack="0"/>
<pin id="416" dir="0" index="26" bw="16" slack="0"/>
<pin id="417" dir="0" index="27" bw="16" slack="0"/>
<pin id="418" dir="0" index="28" bw="16" slack="0"/>
<pin id="419" dir="0" index="29" bw="16" slack="0"/>
<pin id="420" dir="0" index="30" bw="16" slack="0"/>
<pin id="421" dir="0" index="31" bw="16" slack="0"/>
<pin id="422" dir="0" index="32" bw="16" slack="0"/>
<pin id="423" dir="0" index="33" bw="3" slack="0"/>
<pin id="424" dir="0" index="34" bw="32" slack="0"/>
<pin id="425" dir="0" index="35" bw="32" slack="0"/>
<pin id="426" dir="0" index="36" bw="2" slack="0"/>
<pin id="427" dir="0" index="37" bw="16" slack="1"/>
<pin id="428" dir="0" index="38" bw="16" slack="1"/>
<pin id="429" dir="0" index="39" bw="16" slack="1"/>
<pin id="430" dir="0" index="40" bw="16" slack="1"/>
<pin id="431" dir="0" index="41" bw="16" slack="1"/>
<pin id="432" dir="0" index="42" bw="16" slack="1"/>
<pin id="433" dir="0" index="43" bw="16" slack="1"/>
<pin id="434" dir="0" index="44" bw="16" slack="1"/>
<pin id="435" dir="0" index="45" bw="16" slack="1"/>
<pin id="436" dir="0" index="46" bw="16" slack="1"/>
<pin id="437" dir="0" index="47" bw="16" slack="1"/>
<pin id="438" dir="0" index="48" bw="16" slack="1"/>
<pin id="439" dir="0" index="49" bw="16" slack="1"/>
<pin id="440" dir="0" index="50" bw="16" slack="1"/>
<pin id="441" dir="0" index="51" bw="16" slack="1"/>
<pin id="442" dir="0" index="52" bw="16" slack="1"/>
<pin id="443" dir="0" index="53" bw="16" slack="1"/>
<pin id="444" dir="0" index="54" bw="16" slack="1"/>
<pin id="445" dir="0" index="55" bw="16" slack="1"/>
<pin id="446" dir="0" index="56" bw="16" slack="1"/>
<pin id="447" dir="0" index="57" bw="16" slack="1"/>
<pin id="448" dir="0" index="58" bw="16" slack="1"/>
<pin id="449" dir="0" index="59" bw="16" slack="1"/>
<pin id="450" dir="0" index="60" bw="16" slack="1"/>
<pin id="451" dir="0" index="61" bw="16" slack="1"/>
<pin id="452" dir="0" index="62" bw="16" slack="1"/>
<pin id="453" dir="0" index="63" bw="16" slack="1"/>
<pin id="454" dir="0" index="64" bw="16" slack="1"/>
<pin id="455" dir="0" index="65" bw="16" slack="1"/>
<pin id="456" dir="0" index="66" bw="16" slack="1"/>
<pin id="457" dir="0" index="67" bw="16" slack="1"/>
<pin id="458" dir="0" index="68" bw="16" slack="1"/>
<pin id="459" dir="0" index="69" bw="32" slack="1"/>
<pin id="460" dir="1" index="70" bw="0" slack="2147483647"/>
</pin_list>
<bind>
<opcode="call(48) " fcode="call"/>
<opset="call_ln0/2 "/>
</bind>
</comp>

<comp id="464" class="1004" name="grp_compute2in_Pipeline_VITIS_LOOP_87_3_fu_464">
<pin_list>
<pin id="465" dir="0" index="0" bw="0" slack="0"/>
<pin id="466" dir="0" index="1" bw="3" slack="3"/>
<pin id="467" dir="0" index="2" bw="32" slack="0"/>
<pin id="468" dir="0" index="3" bw="16" slack="2147483647"/>
<pin id="469" dir="0" index="4" bw="16" slack="2147483647"/>
<pin id="470" dir="0" index="5" bw="16" slack="2147483647"/>
<pin id="471" dir="0" index="6" bw="16" slack="2147483647"/>
<pin id="472" dir="0" index="7" bw="2" slack="3"/>
<pin id="473" dir="0" index="8" bw="16" slack="2147483647"/>
<pin id="474" dir="0" index="9" bw="16" slack="2147483647"/>
<pin id="475" dir="0" index="10" bw="16" slack="2147483647"/>
<pin id="476" dir="0" index="11" bw="16" slack="2147483647"/>
<pin id="477" dir="0" index="12" bw="16" slack="2147483647"/>
<pin id="478" dir="0" index="13" bw="16" slack="2147483647"/>
<pin id="479" dir="0" index="14" bw="16" slack="2147483647"/>
<pin id="480" dir="0" index="15" bw="16" slack="2147483647"/>
<pin id="481" dir="0" index="16" bw="16" slack="2147483647"/>
<pin id="482" dir="0" index="17" bw="16" slack="2147483647"/>
<pin id="483" dir="0" index="18" bw="16" slack="2147483647"/>
<pin id="484" dir="0" index="19" bw="16" slack="2147483647"/>
<pin id="485" dir="0" index="20" bw="16" slack="2147483647"/>
<pin id="486" dir="0" index="21" bw="16" slack="2147483647"/>
<pin id="487" dir="0" index="22" bw="16" slack="2147483647"/>
<pin id="488" dir="0" index="23" bw="16" slack="2147483647"/>
<pin id="489" dir="0" index="24" bw="16" slack="2147483647"/>
<pin id="490" dir="0" index="25" bw="16" slack="2147483647"/>
<pin id="491" dir="0" index="26" bw="16" slack="2147483647"/>
<pin id="492" dir="0" index="27" bw="16" slack="2147483647"/>
<pin id="493" dir="0" index="28" bw="16" slack="2147483647"/>
<pin id="494" dir="0" index="29" bw="16" slack="2147483647"/>
<pin id="495" dir="0" index="30" bw="16" slack="2147483647"/>
<pin id="496" dir="0" index="31" bw="16" slack="2147483647"/>
<pin id="497" dir="0" index="32" bw="16" slack="2147483647"/>
<pin id="498" dir="0" index="33" bw="16" slack="2147483647"/>
<pin id="499" dir="0" index="34" bw="16" slack="2147483647"/>
<pin id="500" dir="0" index="35" bw="16" slack="2147483647"/>
<pin id="501" dir="0" index="36" bw="2" slack="3"/>
<pin id="502" dir="0" index="37" bw="3" slack="3"/>
<pin id="503" dir="0" index="38" bw="1" slack="4"/>
<pin id="504" dir="0" index="39" bw="32" slack="0"/>
<pin id="505" dir="0" index="40" bw="32" slack="0"/>
<pin id="506" dir="0" index="41" bw="32" slack="0"/>
<pin id="507" dir="0" index="42" bw="32" slack="0"/>
<pin id="508" dir="0" index="43" bw="32" slack="0"/>
<pin id="509" dir="0" index="44" bw="32" slack="0"/>
<pin id="510" dir="0" index="45" bw="32" slack="0"/>
<pin id="511" dir="0" index="46" bw="32" slack="0"/>
<pin id="512" dir="0" index="47" bw="32" slack="0"/>
<pin id="513" dir="0" index="48" bw="32" slack="0"/>
<pin id="514" dir="0" index="49" bw="32" slack="0"/>
<pin id="515" dir="0" index="50" bw="32" slack="0"/>
<pin id="516" dir="0" index="51" bw="32" slack="0"/>
<pin id="517" dir="0" index="52" bw="32" slack="0"/>
<pin id="518" dir="0" index="53" bw="32" slack="0"/>
<pin id="519" dir="1" index="54" bw="0" slack="2147483647"/>
</pin_list>
<bind>
<opcode="call(48) " fcode="call"/>
<opset="call_ln63/5 "/>
</bind>
</comp>

<comp id="537" class="1004" name="store_ln56_store_fu_537">
<pin_list>
<pin id="538" dir="0" index="0" bw="1" slack="0"/>
<pin id="539" dir="0" index="1" bw="1" slack="0"/>
<pin id="540" dir="1" index="2" bw="0" slack="2147483647"/>
</pin_list>
<bind>
<opcode="store(28) " fcode="store"/>
<opset="store_ln56/1 "/>
</bind>
</comp>

<comp id="542" class="1004" name="dummy_1_load_fu_542">
<pin_list>
<pin id="543" dir="0" index="0" bw="1" slack="0"/>
<pin id="544" dir="1" index="1" bw="1" slack="0"/>
</pin_list>
<bind>
<opcode="load(27) " fcode="load"/>
<opset="dummy_1/1 "/>
</bind>
</comp>

<comp id="545" class="1004" name="store_ln58_store_fu_545">
<pin_list>
<pin id="546" dir="0" index="0" bw="1" slack="0"/>
<pin id="547" dir="0" index="1" bw="1" slack="0"/>
<pin id="548" dir="1" index="2" bw="0" slack="2147483647"/>
</pin_list>
<bind>
<opcode="store(28) " fcode="store"/>
<opset="store_ln58/1 "/>
</bind>
</comp>

<comp id="550" class="1004" name="store_ln63_store_fu_550">
<pin_list>
<pin id="551" dir="0" index="0" bw="1" slack="0"/>
<pin id="552" dir="0" index="1" bw="2" slack="0"/>
<pin id="553" dir="1" index="2" bw="0" slack="2147483647"/>
</pin_list>
<bind>
<opcode="store(28) " fcode="store"/>
<opset="store_ln63/1 "/>
</bind>
</comp>

<comp id="555" class="1004" name="store_ln63_store_fu_555">
<pin_list>
<pin id="556" dir="0" index="0" bw="1" slack="0"/>
<pin id="557" dir="0" index="1" bw="3" slack="0"/>
<pin id="558" dir="1" index="2" bw="0" slack="2147483647"/>
</pin_list>
<bind>
<opcode="store(28) " fcode="store"/>
<opset="store_ln63/1 "/>
</bind>
</comp>

<comp id="560" class="1004" name="i_1_load_fu_560">
<pin_list>
<pin id="561" dir="0" index="0" bw="3" slack="1"/>
<pin id="562" dir="1" index="1" bw="3" slack="0"/>
</pin_list>
<bind>
<opcode="load(27) " fcode="load"/>
<opset="i_1/2 "/>
</bind>
</comp>

<comp id="563" class="1004" name="indvars_iv424_load_load_fu_563">
<pin_list>
<pin id="564" dir="0" index="0" bw="2" slack="1"/>
<pin id="565" dir="1" index="1" bw="2" slack="0"/>
</pin_list>
<bind>
<opcode="load(27) " fcode="load"/>
<opset="indvars_iv424_load/2 "/>
</bind>
</comp>

<comp id="566" class="1004" name="icmp_ln63_fu_566">
<pin_list>
<pin id="567" dir="0" index="0" bw="3" slack="0"/>
<pin id="568" dir="0" index="1" bw="3" slack="0"/>
<pin id="569" dir="1" index="2" bw="1" slack="2147483647"/>
</pin_list>
<bind>
<opcode="icmp(45) " fcode="icmp"/>
<opset="icmp_ln63/2 "/>
</bind>
</comp>

<comp id="572" class="1004" name="add_ln63_1_fu_572">
<pin_list>
<pin id="573" dir="0" index="0" bw="2" slack="0"/>
<pin id="574" dir="0" index="1" bw="1" slack="0"/>
<pin id="575" dir="1" index="2" bw="2" slack="2"/>
</pin_list>
<bind>
<opcode="add(8) " fcode="add"/>
<opset="add_ln63_1/2 "/>
</bind>
</comp>

<comp id="578" class="1004" name="REG_V_load_load_fu_578">
<pin_list>
<pin id="579" dir="0" index="0" bw="16" slack="1"/>
<pin id="580" dir="1" index="1" bw="16" slack="0"/>
</pin_list>
<bind>
<opcode="load(27) " fcode="load"/>
<opset="REG_V_load/2 "/>
</bind>
</comp>

<comp id="582" class="1004" name="REG_V_1_load_load_fu_582">
<pin_list>
<pin id="583" dir="0" index="0" bw="16" slack="1"/>
<pin id="584" dir="1" index="1" bw="16" slack="0"/>
</pin_list>
<bind>
<opcode="load(27) " fcode="load"/>
<opset="REG_V_1_load/2 "/>
</bind>
</comp>

<comp id="586" class="1004" name="REG_V_2_load_load_fu_586">
<pin_list>
<pin id="587" dir="0" index="0" bw="16" slack="1"/>
<pin id="588" dir="1" index="1" bw="16" slack="0"/>
</pin_list>
<bind>
<opcode="load(27) " fcode="load"/>
<opset="REG_V_2_load/2 "/>
</bind>
</comp>

<comp id="590" class="1004" name="REG_V_3_load_load_fu_590">
<pin_list>
<pin id="591" dir="0" index="0" bw="16" slack="1"/>
<pin id="592" dir="1" index="1" bw="16" slack="0"/>
</pin_list>
<bind>
<opcode="load(27) " fcode="load"/>
<opset="REG_V_3_load/2 "/>
</bind>
</comp>

<comp id="594" class="1004" name="REG_V_4_load_load_fu_594">
<pin_list>
<pin id="595" dir="0" index="0" bw="16" slack="1"/>
<pin id="596" dir="1" index="1" bw="16" slack="0"/>
</pin_list>
<bind>
<opcode="load(27) " fcode="load"/>
<opset="REG_V_4_load/2 "/>
</bind>
</comp>

<comp id="598" class="1004" name="REG_V_5_load_load_fu_598">
<pin_list>
<pin id="599" dir="0" index="0" bw="16" slack="1"/>
<pin id="600" dir="1" index="1" bw="16" slack="0"/>
</pin_list>
<bind>
<opcode="load(27) " fcode="load"/>
<opset="REG_V_5_load/2 "/>
</bind>
</comp>

<comp id="602" class="1004" name="REG_V_6_load_load_fu_602">
<pin_list>
<pin id="603" dir="0" index="0" bw="16" slack="1"/>
<pin id="604" dir="1" index="1" bw="16" slack="0"/>
</pin_list>
<bind>
<opcode="load(27) " fcode="load"/>
<opset="REG_V_6_load/2 "/>
</bind>
</comp>

<comp id="606" class="1004" name="REG_V_7_load_load_fu_606">
<pin_list>
<pin id="607" dir="0" index="0" bw="16" slack="1"/>
<pin id="608" dir="1" index="1" bw="16" slack="0"/>
</pin_list>
<bind>
<opcode="load(27) " fcode="load"/>
<opset="REG_V_7_load/2 "/>
</bind>
</comp>

<comp id="610" class="1004" name="REG_V_8_load_load_fu_610">
<pin_list>
<pin id="611" dir="0" index="0" bw="16" slack="1"/>
<pin id="612" dir="1" index="1" bw="16" slack="0"/>
</pin_list>
<bind>
<opcode="load(27) " fcode="load"/>
<opset="REG_V_8_load/2 "/>
</bind>
</comp>

<comp id="614" class="1004" name="REG_V_9_load_load_fu_614">
<pin_list>
<pin id="615" dir="0" index="0" bw="16" slack="1"/>
<pin id="616" dir="1" index="1" bw="16" slack="0"/>
</pin_list>
<bind>
<opcode="load(27) " fcode="load"/>
<opset="REG_V_9_load/2 "/>
</bind>
</comp>

<comp id="618" class="1004" name="REG_V_10_load_load_fu_618">
<pin_list>
<pin id="619" dir="0" index="0" bw="16" slack="1"/>
<pin id="620" dir="1" index="1" bw="16" slack="0"/>
</pin_list>
<bind>
<opcode="load(27) " fcode="load"/>
<opset="REG_V_10_load/2 "/>
</bind>
</comp>

<comp id="622" class="1004" name="REG_V_11_load_load_fu_622">
<pin_list>
<pin id="623" dir="0" index="0" bw="16" slack="1"/>
<pin id="624" dir="1" index="1" bw="16" slack="0"/>
</pin_list>
<bind>
<opcode="load(27) " fcode="load"/>
<opset="REG_V_11_load/2 "/>
</bind>
</comp>

<comp id="626" class="1004" name="REG_V_12_load_load_fu_626">
<pin_list>
<pin id="627" dir="0" index="0" bw="16" slack="1"/>
<pin id="628" dir="1" index="1" bw="16" slack="0"/>
</pin_list>
<bind>
<opcode="load(27) " fcode="load"/>
<opset="REG_V_12_load/2 "/>
</bind>
</comp>

<comp id="630" class="1004" name="REG_V_13_load_load_fu_630">
<pin_list>
<pin id="631" dir="0" index="0" bw="16" slack="1"/>
<pin id="632" dir="1" index="1" bw="16" slack="0"/>
</pin_list>
<bind>
<opcode="load(27) " fcode="load"/>
<opset="REG_V_13_load/2 "/>
</bind>
</comp>

<comp id="634" class="1004" name="REG_V_14_load_load_fu_634">
<pin_list>
<pin id="635" dir="0" index="0" bw="16" slack="1"/>
<pin id="636" dir="1" index="1" bw="16" slack="0"/>
</pin_list>
<bind>
<opcode="load(27) " fcode="load"/>
<opset="REG_V_14_load/2 "/>
</bind>
</comp>

<comp id="638" class="1004" name="REG_V_15_load_load_fu_638">
<pin_list>
<pin id="639" dir="0" index="0" bw="16" slack="1"/>
<pin id="640" dir="1" index="1" bw="16" slack="0"/>
</pin_list>
<bind>
<opcode="load(27) " fcode="load"/>
<opset="REG_V_15_load/2 "/>
</bind>
</comp>

<comp id="642" class="1004" name="REG_V_16_load_load_fu_642">
<pin_list>
<pin id="643" dir="0" index="0" bw="16" slack="1"/>
<pin id="644" dir="1" index="1" bw="16" slack="0"/>
</pin_list>
<bind>
<opcode="load(27) " fcode="load"/>
<opset="REG_V_16_load/2 "/>
</bind>
</comp>

<comp id="646" class="1004" name="REG_V_17_load_load_fu_646">
<pin_list>
<pin id="647" dir="0" index="0" bw="16" slack="1"/>
<pin id="648" dir="1" index="1" bw="16" slack="0"/>
</pin_list>
<bind>
<opcode="load(27) " fcode="load"/>
<opset="REG_V_17_load/2 "/>
</bind>
</comp>

<comp id="650" class="1004" name="REG_V_18_load_load_fu_650">
<pin_list>
<pin id="651" dir="0" index="0" bw="16" slack="1"/>
<pin id="652" dir="1" index="1" bw="16" slack="0"/>
</pin_list>
<bind>
<opcode="load(27) " fcode="load"/>
<opset="REG_V_18_load/2 "/>
</bind>
</comp>

<comp id="654" class="1004" name="REG_V_19_load_load_fu_654">
<pin_list>
<pin id="655" dir="0" index="0" bw="16" slack="1"/>
<pin id="656" dir="1" index="1" bw="16" slack="0"/>
</pin_list>
<bind>
<opcode="load(27) " fcode="load"/>
<opset="REG_V_19_load/2 "/>
</bind>
</comp>

<comp id="658" class="1004" name="REG_V_20_load_load_fu_658">
<pin_list>
<pin id="659" dir="0" index="0" bw="16" slack="1"/>
<pin id="660" dir="1" index="1" bw="16" slack="0"/>
</pin_list>
<bind>
<opcode="load(27) " fcode="load"/>
<opset="REG_V_20_load/2 "/>
</bind>
</comp>

<comp id="662" class="1004" name="REG_V_21_load_load_fu_662">
<pin_list>
<pin id="663" dir="0" index="0" bw="16" slack="1"/>
<pin id="664" dir="1" index="1" bw="16" slack="0"/>
</pin_list>
<bind>
<opcode="load(27) " fcode="load"/>
<opset="REG_V_21_load/2 "/>
</bind>
</comp>

<comp id="666" class="1004" name="REG_V_22_load_load_fu_666">
<pin_list>
<pin id="667" dir="0" index="0" bw="16" slack="1"/>
<pin id="668" dir="1" index="1" bw="16" slack="0"/>
</pin_list>
<bind>
<opcode="load(27) " fcode="load"/>
<opset="REG_V_22_load/2 "/>
</bind>
</comp>

<comp id="670" class="1004" name="REG_V_23_load_load_fu_670">
<pin_list>
<pin id="671" dir="0" index="0" bw="16" slack="1"/>
<pin id="672" dir="1" index="1" bw="16" slack="0"/>
</pin_list>
<bind>
<opcode="load(27) " fcode="load"/>
<opset="REG_V_23_load/2 "/>
</bind>
</comp>

<comp id="674" class="1004" name="REG_V_24_load_load_fu_674">
<pin_list>
<pin id="675" dir="0" index="0" bw="16" slack="1"/>
<pin id="676" dir="1" index="1" bw="16" slack="0"/>
</pin_list>
<bind>
<opcode="load(27) " fcode="load"/>
<opset="REG_V_24_load/2 "/>
</bind>
</comp>

<comp id="678" class="1004" name="REG_V_25_load_load_fu_678">
<pin_list>
<pin id="679" dir="0" index="0" bw="16" slack="1"/>
<pin id="680" dir="1" index="1" bw="16" slack="0"/>
</pin_list>
<bind>
<opcode="load(27) " fcode="load"/>
<opset="REG_V_25_load/2 "/>
</bind>
</comp>

<comp id="682" class="1004" name="REG_V_26_load_load_fu_682">
<pin_list>
<pin id="683" dir="0" index="0" bw="16" slack="1"/>
<pin id="684" dir="1" index="1" bw="16" slack="0"/>
</pin_list>
<bind>
<opcode="load(27) " fcode="load"/>
<opset="REG_V_26_load/2 "/>
</bind>
</comp>

<comp id="686" class="1004" name="REG_V_27_load_load_fu_686">
<pin_list>
<pin id="687" dir="0" index="0" bw="16" slack="1"/>
<pin id="688" dir="1" index="1" bw="16" slack="0"/>
</pin_list>
<bind>
<opcode="load(27) " fcode="load"/>
<opset="REG_V_27_load/2 "/>
</bind>
</comp>

<comp id="690" class="1004" name="REG_V_28_load_load_fu_690">
<pin_list>
<pin id="691" dir="0" index="0" bw="16" slack="1"/>
<pin id="692" dir="1" index="1" bw="16" slack="0"/>
</pin_list>
<bind>
<opcode="load(27) " fcode="load"/>
<opset="REG_V_28_load/2 "/>
</bind>
</comp>

<comp id="694" class="1004" name="REG_V_29_load_load_fu_694">
<pin_list>
<pin id="695" dir="0" index="0" bw="16" slack="1"/>
<pin id="696" dir="1" index="1" bw="16" slack="0"/>
</pin_list>
<bind>
<opcode="load(27) " fcode="load"/>
<opset="REG_V_29_load/2 "/>
</bind>
</comp>

<comp id="698" class="1004" name="REG_V_30_load_load_fu_698">
<pin_list>
<pin id="699" dir="0" index="0" bw="16" slack="1"/>
<pin id="700" dir="1" index="1" bw="16" slack="0"/>
</pin_list>
<bind>
<opcode="load(27) " fcode="load"/>
<opset="REG_V_30_load/2 "/>
</bind>
</comp>

<comp id="702" class="1004" name="REG_V_31_load_load_fu_702">
<pin_list>
<pin id="703" dir="0" index="0" bw="16" slack="1"/>
<pin id="704" dir="1" index="1" bw="16" slack="0"/>
</pin_list>
<bind>
<opcode="load(27) " fcode="load"/>
<opset="REG_V_31_load/2 "/>
</bind>
</comp>

<comp id="706" class="1004" name="empty_19_fu_706">
<pin_list>
<pin id="707" dir="0" index="0" bw="3" slack="0"/>
<pin id="708" dir="1" index="1" bw="2" slack="0"/>
</pin_list>
<bind>
<opcode="trunc(33) " fcode="trunc"/>
<opset="empty_19/2 "/>
</bind>
</comp>

<comp id="711" class="1004" name="empty_20_fu_711">
<pin_list>
<pin id="712" dir="0" index="0" bw="3" slack="0"/>
<pin id="713" dir="0" index="1" bw="1" slack="0"/>
<pin id="714" dir="1" index="2" bw="3" slack="0"/>
</pin_list>
<bind>
<opcode="shl(20) " fcode="shl"/>
<opset="empty_20/2 "/>
</bind>
</comp>

<comp id="718" class="1004" name="REG_V_63_loc_load_load_fu_718">
<pin_list>
<pin id="719" dir="0" index="0" bw="16" slack="3"/>
<pin id="720" dir="1" index="1" bw="16" slack="0"/>
</pin_list>
<bind>
<opcode="load(27) " fcode="load"/>
<opset="REG_V_63_loc_load/4 "/>
</bind>
</comp>

<comp id="721" class="1004" name="REG_V_62_loc_load_load_fu_721">
<pin_list>
<pin id="722" dir="0" index="0" bw="16" slack="3"/>
<pin id="723" dir="1" index="1" bw="16" slack="0"/>
</pin_list>
<bind>
<opcode="load(27) " fcode="load"/>
<opset="REG_V_62_loc_load/4 "/>
</bind>
</comp>

<comp id="724" class="1004" name="REG_V_61_loc_load_load_fu_724">
<pin_list>
<pin id="725" dir="0" index="0" bw="16" slack="3"/>
<pin id="726" dir="1" index="1" bw="16" slack="0"/>
</pin_list>
<bind>
<opcode="load(27) " fcode="load"/>
<opset="REG_V_61_loc_load/4 "/>
</bind>
</comp>

<comp id="727" class="1004" name="REG_V_60_loc_load_load_fu_727">
<pin_list>
<pin id="728" dir="0" index="0" bw="16" slack="3"/>
<pin id="729" dir="1" index="1" bw="16" slack="0"/>
</pin_list>
<bind>
<opcode="load(27) " fcode="load"/>
<opset="REG_V_60_loc_load/4 "/>
</bind>
</comp>

<comp id="730" class="1004" name="REG_V_59_loc_load_load_fu_730">
<pin_list>
<pin id="731" dir="0" index="0" bw="16" slack="3"/>
<pin id="732" dir="1" index="1" bw="16" slack="0"/>
</pin_list>
<bind>
<opcode="load(27) " fcode="load"/>
<opset="REG_V_59_loc_load/4 "/>
</bind>
</comp>

<comp id="733" class="1004" name="REG_V_58_loc_load_load_fu_733">
<pin_list>
<pin id="734" dir="0" index="0" bw="16" slack="3"/>
<pin id="735" dir="1" index="1" bw="16" slack="0"/>
</pin_list>
<bind>
<opcode="load(27) " fcode="load"/>
<opset="REG_V_58_loc_load/4 "/>
</bind>
</comp>

<comp id="736" class="1004" name="REG_V_57_loc_load_load_fu_736">
<pin_list>
<pin id="737" dir="0" index="0" bw="16" slack="3"/>
<pin id="738" dir="1" index="1" bw="16" slack="0"/>
</pin_list>
<bind>
<opcode="load(27) " fcode="load"/>
<opset="REG_V_57_loc_load/4 "/>
</bind>
</comp>

<comp id="739" class="1004" name="REG_V_56_loc_load_load_fu_739">
<pin_list>
<pin id="740" dir="0" index="0" bw="16" slack="3"/>
<pin id="741" dir="1" index="1" bw="16" slack="0"/>
</pin_list>
<bind>
<opcode="load(27) " fcode="load"/>
<opset="REG_V_56_loc_load/4 "/>
</bind>
</comp>

<comp id="742" class="1004" name="REG_V_55_loc_load_load_fu_742">
<pin_list>
<pin id="743" dir="0" index="0" bw="16" slack="3"/>
<pin id="744" dir="1" index="1" bw="16" slack="0"/>
</pin_list>
<bind>
<opcode="load(27) " fcode="load"/>
<opset="REG_V_55_loc_load/4 "/>
</bind>
</comp>

<comp id="745" class="1004" name="REG_V_54_loc_load_load_fu_745">
<pin_list>
<pin id="746" dir="0" index="0" bw="16" slack="3"/>
<pin id="747" dir="1" index="1" bw="16" slack="0"/>
</pin_list>
<bind>
<opcode="load(27) " fcode="load"/>
<opset="REG_V_54_loc_load/4 "/>
</bind>
</comp>

<comp id="748" class="1004" name="REG_V_53_loc_load_load_fu_748">
<pin_list>
<pin id="749" dir="0" index="0" bw="16" slack="3"/>
<pin id="750" dir="1" index="1" bw="16" slack="0"/>
</pin_list>
<bind>
<opcode="load(27) " fcode="load"/>
<opset="REG_V_53_loc_load/4 "/>
</bind>
</comp>

<comp id="751" class="1004" name="REG_V_52_loc_load_load_fu_751">
<pin_list>
<pin id="752" dir="0" index="0" bw="16" slack="3"/>
<pin id="753" dir="1" index="1" bw="16" slack="0"/>
</pin_list>
<bind>
<opcode="load(27) " fcode="load"/>
<opset="REG_V_52_loc_load/4 "/>
</bind>
</comp>

<comp id="754" class="1004" name="REG_V_51_loc_load_load_fu_754">
<pin_list>
<pin id="755" dir="0" index="0" bw="16" slack="3"/>
<pin id="756" dir="1" index="1" bw="16" slack="0"/>
</pin_list>
<bind>
<opcode="load(27) " fcode="load"/>
<opset="REG_V_51_loc_load/4 "/>
</bind>
</comp>

<comp id="757" class="1004" name="REG_V_50_loc_load_load_fu_757">
<pin_list>
<pin id="758" dir="0" index="0" bw="16" slack="3"/>
<pin id="759" dir="1" index="1" bw="16" slack="0"/>
</pin_list>
<bind>
<opcode="load(27) " fcode="load"/>
<opset="REG_V_50_loc_load/4 "/>
</bind>
</comp>

<comp id="760" class="1004" name="REG_V_49_loc_load_load_fu_760">
<pin_list>
<pin id="761" dir="0" index="0" bw="16" slack="3"/>
<pin id="762" dir="1" index="1" bw="16" slack="0"/>
</pin_list>
<bind>
<opcode="load(27) " fcode="load"/>
<opset="REG_V_49_loc_load/4 "/>
</bind>
</comp>

<comp id="763" class="1004" name="REG_V_48_loc_load_load_fu_763">
<pin_list>
<pin id="764" dir="0" index="0" bw="16" slack="3"/>
<pin id="765" dir="1" index="1" bw="16" slack="0"/>
</pin_list>
<bind>
<opcode="load(27) " fcode="load"/>
<opset="REG_V_48_loc_load/4 "/>
</bind>
</comp>

<comp id="766" class="1004" name="REG_V_47_loc_load_load_fu_766">
<pin_list>
<pin id="767" dir="0" index="0" bw="16" slack="3"/>
<pin id="768" dir="1" index="1" bw="16" slack="0"/>
</pin_list>
<bind>
<opcode="load(27) " fcode="load"/>
<opset="REG_V_47_loc_load/4 "/>
</bind>
</comp>

<comp id="769" class="1004" name="REG_V_46_loc_load_load_fu_769">
<pin_list>
<pin id="770" dir="0" index="0" bw="16" slack="3"/>
<pin id="771" dir="1" index="1" bw="16" slack="0"/>
</pin_list>
<bind>
<opcode="load(27) " fcode="load"/>
<opset="REG_V_46_loc_load/4 "/>
</bind>
</comp>

<comp id="772" class="1004" name="REG_V_45_loc_load_load_fu_772">
<pin_list>
<pin id="773" dir="0" index="0" bw="16" slack="3"/>
<pin id="774" dir="1" index="1" bw="16" slack="0"/>
</pin_list>
<bind>
<opcode="load(27) " fcode="load"/>
<opset="REG_V_45_loc_load/4 "/>
</bind>
</comp>

<comp id="775" class="1004" name="REG_V_44_loc_load_load_fu_775">
<pin_list>
<pin id="776" dir="0" index="0" bw="16" slack="3"/>
<pin id="777" dir="1" index="1" bw="16" slack="0"/>
</pin_list>
<bind>
<opcode="load(27) " fcode="load"/>
<opset="REG_V_44_loc_load/4 "/>
</bind>
</comp>

<comp id="778" class="1004" name="REG_V_43_loc_load_load_fu_778">
<pin_list>
<pin id="779" dir="0" index="0" bw="16" slack="3"/>
<pin id="780" dir="1" index="1" bw="16" slack="0"/>
</pin_list>
<bind>
<opcode="load(27) " fcode="load"/>
<opset="REG_V_43_loc_load/4 "/>
</bind>
</comp>

<comp id="781" class="1004" name="REG_V_42_loc_load_load_fu_781">
<pin_list>
<pin id="782" dir="0" index="0" bw="16" slack="3"/>
<pin id="783" dir="1" index="1" bw="16" slack="0"/>
</pin_list>
<bind>
<opcode="load(27) " fcode="load"/>
<opset="REG_V_42_loc_load/4 "/>
</bind>
</comp>

<comp id="784" class="1004" name="REG_V_41_loc_load_load_fu_784">
<pin_list>
<pin id="785" dir="0" index="0" bw="16" slack="3"/>
<pin id="786" dir="1" index="1" bw="16" slack="0"/>
</pin_list>
<bind>
<opcode="load(27) " fcode="load"/>
<opset="REG_V_41_loc_load/4 "/>
</bind>
</comp>

<comp id="787" class="1004" name="REG_V_40_loc_load_load_fu_787">
<pin_list>
<pin id="788" dir="0" index="0" bw="16" slack="3"/>
<pin id="789" dir="1" index="1" bw="16" slack="0"/>
</pin_list>
<bind>
<opcode="load(27) " fcode="load"/>
<opset="REG_V_40_loc_load/4 "/>
</bind>
</comp>

<comp id="790" class="1004" name="REG_V_39_loc_load_load_fu_790">
<pin_list>
<pin id="791" dir="0" index="0" bw="16" slack="3"/>
<pin id="792" dir="1" index="1" bw="16" slack="0"/>
</pin_list>
<bind>
<opcode="load(27) " fcode="load"/>
<opset="REG_V_39_loc_load/4 "/>
</bind>
</comp>

<comp id="793" class="1004" name="REG_V_38_loc_load_load_fu_793">
<pin_list>
<pin id="794" dir="0" index="0" bw="16" slack="3"/>
<pin id="795" dir="1" index="1" bw="16" slack="0"/>
</pin_list>
<bind>
<opcode="load(27) " fcode="load"/>
<opset="REG_V_38_loc_load/4 "/>
</bind>
</comp>

<comp id="796" class="1004" name="REG_V_37_loc_load_load_fu_796">
<pin_list>
<pin id="797" dir="0" index="0" bw="16" slack="3"/>
<pin id="798" dir="1" index="1" bw="16" slack="0"/>
</pin_list>
<bind>
<opcode="load(27) " fcode="load"/>
<opset="REG_V_37_loc_load/4 "/>
</bind>
</comp>

<comp id="799" class="1004" name="REG_V_36_loc_load_load_fu_799">
<pin_list>
<pin id="800" dir="0" index="0" bw="16" slack="3"/>
<pin id="801" dir="1" index="1" bw="16" slack="0"/>
</pin_list>
<bind>
<opcode="load(27) " fcode="load"/>
<opset="REG_V_36_loc_load/4 "/>
</bind>
</comp>

<comp id="802" class="1004" name="REG_V_35_loc_load_load_fu_802">
<pin_list>
<pin id="803" dir="0" index="0" bw="16" slack="3"/>
<pin id="804" dir="1" index="1" bw="16" slack="0"/>
</pin_list>
<bind>
<opcode="load(27) " fcode="load"/>
<opset="REG_V_35_loc_load/4 "/>
</bind>
</comp>

<comp id="805" class="1004" name="REG_V_34_loc_load_load_fu_805">
<pin_list>
<pin id="806" dir="0" index="0" bw="16" slack="3"/>
<pin id="807" dir="1" index="1" bw="16" slack="0"/>
</pin_list>
<bind>
<opcode="load(27) " fcode="load"/>
<opset="REG_V_34_loc_load/4 "/>
</bind>
</comp>

<comp id="808" class="1004" name="REG_V_33_loc_load_load_fu_808">
<pin_list>
<pin id="809" dir="0" index="0" bw="16" slack="3"/>
<pin id="810" dir="1" index="1" bw="16" slack="0"/>
</pin_list>
<bind>
<opcode="load(27) " fcode="load"/>
<opset="REG_V_33_loc_load/4 "/>
</bind>
</comp>

<comp id="811" class="1004" name="REG_V_32_loc_load_load_fu_811">
<pin_list>
<pin id="812" dir="0" index="0" bw="16" slack="3"/>
<pin id="813" dir="1" index="1" bw="16" slack="0"/>
</pin_list>
<bind>
<opcode="load(27) " fcode="load"/>
<opset="REG_V_32_loc_load/4 "/>
</bind>
</comp>

<comp id="814" class="1004" name="self_sum_V_loc_load_load_fu_814">
<pin_list>
<pin id="815" dir="0" index="0" bw="32" slack="3"/>
<pin id="816" dir="1" index="1" bw="32" slack="0"/>
</pin_list>
<bind>
<opcode="load(27) " fcode="load"/>
<opset="self_sum_V_loc_load/4 "/>
</bind>
</comp>

<comp id="817" class="1004" name="store_ln85_store_fu_817">
<pin_list>
<pin id="818" dir="0" index="0" bw="32" slack="0"/>
<pin id="819" dir="0" index="1" bw="32" slack="0"/>
<pin id="820" dir="1" index="2" bw="0" slack="2147483647"/>
</pin_list>
<bind>
<opcode="store(28) " fcode="store"/>
<opset="store_ln85/4 "/>
</bind>
</comp>

<comp id="823" class="1004" name="store_ln85_store_fu_823">
<pin_list>
<pin id="824" dir="0" index="0" bw="32" slack="0"/>
<pin id="825" dir="0" index="1" bw="32" slack="0"/>
<pin id="826" dir="1" index="2" bw="0" slack="2147483647"/>
</pin_list>
<bind>
<opcode="store(28) " fcode="store"/>
<opset="store_ln85/4 "/>
</bind>
</comp>

<comp id="829" class="1004" name="store_ln85_store_fu_829">
<pin_list>
<pin id="830" dir="0" index="0" bw="32" slack="0"/>
<pin id="831" dir="0" index="1" bw="32" slack="0"/>
<pin id="832" dir="1" index="2" bw="0" slack="2147483647"/>
</pin_list>
<bind>
<opcode="store(28) " fcode="store"/>
<opset="store_ln85/4 "/>
</bind>
</comp>

<comp id="835" class="1004" name="store_ln85_store_fu_835">
<pin_list>
<pin id="836" dir="0" index="0" bw="32" slack="0"/>
<pin id="837" dir="0" index="1" bw="32" slack="0"/>
<pin id="838" dir="1" index="2" bw="0" slack="2147483647"/>
</pin_list>
<bind>
<opcode="store(28) " fcode="store"/>
<opset="store_ln85/4 "/>
</bind>
</comp>

<comp id="841" class="1004" name="compute2in_ap_int_32_ap_int_32_ap_int_32_bool_REG1_load_load_fu_841">
<pin_list>
<pin id="842" dir="0" index="0" bw="32" slack="0"/>
<pin id="843" dir="1" index="1" bw="32" slack="0"/>
</pin_list>
<bind>
<opcode="load(27) " fcode="load"/>
<opset="compute2in_ap_int_32_ap_int_32_ap_int_32_bool_REG1_load/4 "/>
</bind>
</comp>

<comp id="845" class="1004" name="compute2in_ap_int_32_ap_int_32_ap_int_32_bool_REG1_5_load_load_fu_845">
<pin_list>
<pin id="846" dir="0" index="0" bw="32" slack="0"/>
<pin id="847" dir="1" index="1" bw="32" slack="0"/>
</pin_list>
<bind>
<opcode="load(27) " fcode="load"/>
<opset="compute2in_ap_int_32_ap_int_32_ap_int_32_bool_REG1_5_load/4 "/>
</bind>
</comp>

<comp id="849" class="1004" name="p_ZZ10compute2inP6ap_intILi32EES1_S1_bE4REG1_10_load_load_fu_849">
<pin_list>
<pin id="850" dir="0" index="0" bw="32" slack="0"/>
<pin id="851" dir="1" index="1" bw="32" slack="0"/>
</pin_list>
<bind>
<opcode="load(27) " fcode="load"/>
<opset="p_ZZ10compute2inP6ap_intILi32EES1_S1_bE4REG1_10_load/4 "/>
</bind>
</comp>

<comp id="853" class="1004" name="compute2in_ap_int_32_ap_int_32_ap_int_32_bool_REG1_load_fu_853">
<pin_list>
<pin id="854" dir="0" index="0" bw="32" slack="0"/>
<pin id="855" dir="1" index="1" bw="32" slack="0"/>
</pin_list>
<bind>
<opcode="load(27) " fcode="load"/>
<opset="compute2in_ap_int_32_ap_int_32_ap_int_32_bool_REG1/4 "/>
</bind>
</comp>

<comp id="857" class="1004" name="tmp_fu_857">
<pin_list>
<pin id="858" dir="0" index="0" bw="32" slack="0"/>
<pin id="859" dir="0" index="1" bw="32" slack="0"/>
<pin id="860" dir="0" index="2" bw="32" slack="0"/>
<pin id="861" dir="0" index="3" bw="32" slack="0"/>
<pin id="862" dir="0" index="4" bw="32" slack="0"/>
<pin id="863" dir="0" index="5" bw="2" slack="2"/>
<pin id="864" dir="1" index="6" bw="32" slack="0"/>
</pin_list>
<bind>
<opcode="mux(1196) " fcode="mux"/>
<opset="tmp/4 "/>
</bind>
</comp>

<comp id="870" class="1004" name="add_ln83_fu_870">
<pin_list>
<pin id="871" dir="0" index="0" bw="32" slack="0"/>
<pin id="872" dir="0" index="1" bw="32" slack="0"/>
<pin id="873" dir="1" index="2" bw="32" slack="0"/>
</pin_list>
<bind>
<opcode="add(8) " fcode="add"/>
<opset="add_ln83/4 "/>
</bind>
</comp>

<comp id="877" class="1004" name="lshr_ln_fu_877">
<pin_list>
<pin id="878" dir="0" index="0" bw="4" slack="0"/>
<pin id="879" dir="0" index="1" bw="2" slack="2"/>
<pin id="880" dir="0" index="2" bw="2" slack="2"/>
<pin id="881" dir="1" index="3" bw="4" slack="0"/>
</pin_list>
<bind>
<opcode="bitconcatenate(1004) " fcode="bitconcatenate"/>
<opset="lshr_ln/4 "/>
</bind>
</comp>

<comp id="883" class="1004" name="zext_ln83_fu_883">
<pin_list>
<pin id="884" dir="0" index="0" bw="4" slack="0"/>
<pin id="885" dir="1" index="1" bw="64" slack="0"/>
</pin_list>
<bind>
<opcode="zext(34) " fcode="zext"/>
<opset="zext_ln83/4 "/>
</bind>
</comp>

<comp id="888" class="1004" name="add_ln63_fu_888">
<pin_list>
<pin id="889" dir="0" index="0" bw="3" slack="2147483647"/>
<pin id="890" dir="0" index="1" bw="1" slack="0"/>
<pin id="891" dir="1" index="2" bw="3" slack="0"/>
</pin_list>
<bind>
<opcode="add(8) " fcode="add"/>
<opset="add_ln63/4 "/>
</bind>
</comp>

<comp id="893" class="1004" name="store_ln63_store_fu_893">
<pin_list>
<pin id="894" dir="0" index="0" bw="2" slack="2"/>
<pin id="895" dir="0" index="1" bw="2" slack="3"/>
<pin id="896" dir="1" index="2" bw="0" slack="2147483647"/>
</pin_list>
<bind>
<opcode="store(28) " fcode="store"/>
<opset="store_ln63/4 "/>
</bind>
</comp>

<comp id="897" class="1004" name="store_ln63_store_fu_897">
<pin_list>
<pin id="898" dir="0" index="0" bw="16" slack="0"/>
<pin id="899" dir="0" index="1" bw="16" slack="3"/>
<pin id="900" dir="1" index="2" bw="0" slack="2147483647"/>
</pin_list>
<bind>
<opcode="store(28) " fcode="store"/>
<opset="store_ln63/4 "/>
</bind>
</comp>

<comp id="902" class="1004" name="store_ln63_store_fu_902">
<pin_list>
<pin id="903" dir="0" index="0" bw="16" slack="0"/>
<pin id="904" dir="0" index="1" bw="16" slack="3"/>
<pin id="905" dir="1" index="2" bw="0" slack="2147483647"/>
</pin_list>
<bind>
<opcode="store(28) " fcode="store"/>
<opset="store_ln63/4 "/>
</bind>
</comp>

<comp id="907" class="1004" name="store_ln63_store_fu_907">
<pin_list>
<pin id="908" dir="0" index="0" bw="16" slack="0"/>
<pin id="909" dir="0" index="1" bw="16" slack="3"/>
<pin id="910" dir="1" index="2" bw="0" slack="2147483647"/>
</pin_list>
<bind>
<opcode="store(28) " fcode="store"/>
<opset="store_ln63/4 "/>
</bind>
</comp>

<comp id="912" class="1004" name="store_ln63_store_fu_912">
<pin_list>
<pin id="913" dir="0" index="0" bw="16" slack="0"/>
<pin id="914" dir="0" index="1" bw="16" slack="3"/>
<pin id="915" dir="1" index="2" bw="0" slack="2147483647"/>
</pin_list>
<bind>
<opcode="store(28) " fcode="store"/>
<opset="store_ln63/4 "/>
</bind>
</comp>

<comp id="917" class="1004" name="store_ln63_store_fu_917">
<pin_list>
<pin id="918" dir="0" index="0" bw="16" slack="0"/>
<pin id="919" dir="0" index="1" bw="16" slack="3"/>
<pin id="920" dir="1" index="2" bw="0" slack="2147483647"/>
</pin_list>
<bind>
<opcode="store(28) " fcode="store"/>
<opset="store_ln63/4 "/>
</bind>
</comp>

<comp id="922" class="1004" name="store_ln63_store_fu_922">
<pin_list>
<pin id="923" dir="0" index="0" bw="16" slack="0"/>
<pin id="924" dir="0" index="1" bw="16" slack="3"/>
<pin id="925" dir="1" index="2" bw="0" slack="2147483647"/>
</pin_list>
<bind>
<opcode="store(28) " fcode="store"/>
<opset="store_ln63/4 "/>
</bind>
</comp>

<comp id="927" class="1004" name="store_ln63_store_fu_927">
<pin_list>
<pin id="928" dir="0" index="0" bw="16" slack="0"/>
<pin id="929" dir="0" index="1" bw="16" slack="3"/>
<pin id="930" dir="1" index="2" bw="0" slack="2147483647"/>
</pin_list>
<bind>
<opcode="store(28) " fcode="store"/>
<opset="store_ln63/4 "/>
</bind>
</comp>

<comp id="932" class="1004" name="store_ln63_store_fu_932">
<pin_list>
<pin id="933" dir="0" index="0" bw="16" slack="0"/>
<pin id="934" dir="0" index="1" bw="16" slack="3"/>
<pin id="935" dir="1" index="2" bw="0" slack="2147483647"/>
</pin_list>
<bind>
<opcode="store(28) " fcode="store"/>
<opset="store_ln63/4 "/>
</bind>
</comp>

<comp id="937" class="1004" name="store_ln63_store_fu_937">
<pin_list>
<pin id="938" dir="0" index="0" bw="16" slack="0"/>
<pin id="939" dir="0" index="1" bw="16" slack="3"/>
<pin id="940" dir="1" index="2" bw="0" slack="2147483647"/>
</pin_list>
<bind>
<opcode="store(28) " fcode="store"/>
<opset="store_ln63/4 "/>
</bind>
</comp>

<comp id="942" class="1004" name="store_ln63_store_fu_942">
<pin_list>
<pin id="943" dir="0" index="0" bw="16" slack="0"/>
<pin id="944" dir="0" index="1" bw="16" slack="3"/>
<pin id="945" dir="1" index="2" bw="0" slack="2147483647"/>
</pin_list>
<bind>
<opcode="store(28) " fcode="store"/>
<opset="store_ln63/4 "/>
</bind>
</comp>

<comp id="947" class="1004" name="store_ln63_store_fu_947">
<pin_list>
<pin id="948" dir="0" index="0" bw="16" slack="0"/>
<pin id="949" dir="0" index="1" bw="16" slack="3"/>
<pin id="950" dir="1" index="2" bw="0" slack="2147483647"/>
</pin_list>
<bind>
<opcode="store(28) " fcode="store"/>
<opset="store_ln63/4 "/>
</bind>
</comp>

<comp id="952" class="1004" name="store_ln63_store_fu_952">
<pin_list>
<pin id="953" dir="0" index="0" bw="16" slack="0"/>
<pin id="954" dir="0" index="1" bw="16" slack="3"/>
<pin id="955" dir="1" index="2" bw="0" slack="2147483647"/>
</pin_list>
<bind>
<opcode="store(28) " fcode="store"/>
<opset="store_ln63/4 "/>
</bind>
</comp>

<comp id="957" class="1004" name="store_ln63_store_fu_957">
<pin_list>
<pin id="958" dir="0" index="0" bw="16" slack="0"/>
<pin id="959" dir="0" index="1" bw="16" slack="3"/>
<pin id="960" dir="1" index="2" bw="0" slack="2147483647"/>
</pin_list>
<bind>
<opcode="store(28) " fcode="store"/>
<opset="store_ln63/4 "/>
</bind>
</comp>

<comp id="962" class="1004" name="store_ln63_store_fu_962">
<pin_list>
<pin id="963" dir="0" index="0" bw="16" slack="0"/>
<pin id="964" dir="0" index="1" bw="16" slack="3"/>
<pin id="965" dir="1" index="2" bw="0" slack="2147483647"/>
</pin_list>
<bind>
<opcode="store(28) " fcode="store"/>
<opset="store_ln63/4 "/>
</bind>
</comp>

<comp id="967" class="1004" name="store_ln63_store_fu_967">
<pin_list>
<pin id="968" dir="0" index="0" bw="16" slack="0"/>
<pin id="969" dir="0" index="1" bw="16" slack="3"/>
<pin id="970" dir="1" index="2" bw="0" slack="2147483647"/>
</pin_list>
<bind>
<opcode="store(28) " fcode="store"/>
<opset="store_ln63/4 "/>
</bind>
</comp>

<comp id="972" class="1004" name="store_ln63_store_fu_972">
<pin_list>
<pin id="973" dir="0" index="0" bw="16" slack="0"/>
<pin id="974" dir="0" index="1" bw="16" slack="3"/>
<pin id="975" dir="1" index="2" bw="0" slack="2147483647"/>
</pin_list>
<bind>
<opcode="store(28) " fcode="store"/>
<opset="store_ln63/4 "/>
</bind>
</comp>

<comp id="977" class="1004" name="store_ln63_store_fu_977">
<pin_list>
<pin id="978" dir="0" index="0" bw="16" slack="0"/>
<pin id="979" dir="0" index="1" bw="16" slack="3"/>
<pin id="980" dir="1" index="2" bw="0" slack="2147483647"/>
</pin_list>
<bind>
<opcode="store(28) " fcode="store"/>
<opset="store_ln63/4 "/>
</bind>
</comp>

<comp id="982" class="1004" name="store_ln63_store_fu_982">
<pin_list>
<pin id="983" dir="0" index="0" bw="16" slack="0"/>
<pin id="984" dir="0" index="1" bw="16" slack="3"/>
<pin id="985" dir="1" index="2" bw="0" slack="2147483647"/>
</pin_list>
<bind>
<opcode="store(28) " fcode="store"/>
<opset="store_ln63/4 "/>
</bind>
</comp>

<comp id="987" class="1004" name="store_ln63_store_fu_987">
<pin_list>
<pin id="988" dir="0" index="0" bw="16" slack="0"/>
<pin id="989" dir="0" index="1" bw="16" slack="3"/>
<pin id="990" dir="1" index="2" bw="0" slack="2147483647"/>
</pin_list>
<bind>
<opcode="store(28) " fcode="store"/>
<opset="store_ln63/4 "/>
</bind>
</comp>

<comp id="992" class="1004" name="store_ln63_store_fu_992">
<pin_list>
<pin id="993" dir="0" index="0" bw="16" slack="0"/>
<pin id="994" dir="0" index="1" bw="16" slack="3"/>
<pin id="995" dir="1" index="2" bw="0" slack="2147483647"/>
</pin_list>
<bind>
<opcode="store(28) " fcode="store"/>
<opset="store_ln63/4 "/>
</bind>
</comp>

<comp id="997" class="1004" name="store_ln63_store_fu_997">
<pin_list>
<pin id="998" dir="0" index="0" bw="16" slack="0"/>
<pin id="999" dir="0" index="1" bw="16" slack="3"/>
<pin id="1000" dir="1" index="2" bw="0" slack="2147483647"/>
</pin_list>
<bind>
<opcode="store(28) " fcode="store"/>
<opset="store_ln63/4 "/>
</bind>
</comp>

<comp id="1002" class="1004" name="store_ln63_store_fu_1002">
<pin_list>
<pin id="1003" dir="0" index="0" bw="16" slack="0"/>
<pin id="1004" dir="0" index="1" bw="16" slack="3"/>
<pin id="1005" dir="1" index="2" bw="0" slack="2147483647"/>
</pin_list>
<bind>
<opcode="store(28) " fcode="store"/>
<opset="store_ln63/4 "/>
</bind>
</comp>

<comp id="1007" class="1004" name="store_ln63_store_fu_1007">
<pin_list>
<pin id="1008" dir="0" index="0" bw="16" slack="0"/>
<pin id="1009" dir="0" index="1" bw="16" slack="3"/>
<pin id="1010" dir="1" index="2" bw="0" slack="2147483647"/>
</pin_list>
<bind>
<opcode="store(28) " fcode="store"/>
<opset="store_ln63/4 "/>
</bind>
</comp>

<comp id="1012" class="1004" name="store_ln63_store_fu_1012">
<pin_list>
<pin id="1013" dir="0" index="0" bw="16" slack="0"/>
<pin id="1014" dir="0" index="1" bw="16" slack="3"/>
<pin id="1015" dir="1" index="2" bw="0" slack="2147483647"/>
</pin_list>
<bind>
<opcode="store(28) " fcode="store"/>
<opset="store_ln63/4 "/>
</bind>
</comp>

<comp id="1017" class="1004" name="store_ln63_store_fu_1017">
<pin_list>
<pin id="1018" dir="0" index="0" bw="16" slack="0"/>
<pin id="1019" dir="0" index="1" bw="16" slack="3"/>
<pin id="1020" dir="1" index="2" bw="0" slack="2147483647"/>
</pin_list>
<bind>
<opcode="store(28) " fcode="store"/>
<opset="store_ln63/4 "/>
</bind>
</comp>

<comp id="1022" class="1004" name="store_ln63_store_fu_1022">
<pin_list>
<pin id="1023" dir="0" index="0" bw="16" slack="0"/>
<pin id="1024" dir="0" index="1" bw="16" slack="3"/>
<pin id="1025" dir="1" index="2" bw="0" slack="2147483647"/>
</pin_list>
<bind>
<opcode="store(28) " fcode="store"/>
<opset="store_ln63/4 "/>
</bind>
</comp>

<comp id="1027" class="1004" name="store_ln63_store_fu_1027">
<pin_list>
<pin id="1028" dir="0" index="0" bw="16" slack="0"/>
<pin id="1029" dir="0" index="1" bw="16" slack="3"/>
<pin id="1030" dir="1" index="2" bw="0" slack="2147483647"/>
</pin_list>
<bind>
<opcode="store(28) " fcode="store"/>
<opset="store_ln63/4 "/>
</bind>
</comp>

<comp id="1032" class="1004" name="store_ln63_store_fu_1032">
<pin_list>
<pin id="1033" dir="0" index="0" bw="16" slack="0"/>
<pin id="1034" dir="0" index="1" bw="16" slack="3"/>
<pin id="1035" dir="1" index="2" bw="0" slack="2147483647"/>
</pin_list>
<bind>
<opcode="store(28) " fcode="store"/>
<opset="store_ln63/4 "/>
</bind>
</comp>

<comp id="1037" class="1004" name="store_ln63_store_fu_1037">
<pin_list>
<pin id="1038" dir="0" index="0" bw="16" slack="0"/>
<pin id="1039" dir="0" index="1" bw="16" slack="3"/>
<pin id="1040" dir="1" index="2" bw="0" slack="2147483647"/>
</pin_list>
<bind>
<opcode="store(28) " fcode="store"/>
<opset="store_ln63/4 "/>
</bind>
</comp>

<comp id="1042" class="1004" name="store_ln63_store_fu_1042">
<pin_list>
<pin id="1043" dir="0" index="0" bw="16" slack="0"/>
<pin id="1044" dir="0" index="1" bw="16" slack="3"/>
<pin id="1045" dir="1" index="2" bw="0" slack="2147483647"/>
</pin_list>
<bind>
<opcode="store(28) " fcode="store"/>
<opset="store_ln63/4 "/>
</bind>
</comp>

<comp id="1047" class="1004" name="store_ln63_store_fu_1047">
<pin_list>
<pin id="1048" dir="0" index="0" bw="16" slack="0"/>
<pin id="1049" dir="0" index="1" bw="16" slack="3"/>
<pin id="1050" dir="1" index="2" bw="0" slack="2147483647"/>
</pin_list>
<bind>
<opcode="store(28) " fcode="store"/>
<opset="store_ln63/4 "/>
</bind>
</comp>

<comp id="1052" class="1004" name="store_ln63_store_fu_1052">
<pin_list>
<pin id="1053" dir="0" index="0" bw="16" slack="0"/>
<pin id="1054" dir="0" index="1" bw="16" slack="3"/>
<pin id="1055" dir="1" index="2" bw="0" slack="2147483647"/>
</pin_list>
<bind>
<opcode="store(28) " fcode="store"/>
<opset="store_ln63/4 "/>
</bind>
</comp>

<comp id="1057" class="1004" name="store_ln63_store_fu_1057">
<pin_list>
<pin id="1058" dir="0" index="0" bw="3" slack="0"/>
<pin id="1059" dir="0" index="1" bw="3" slack="3"/>
<pin id="1060" dir="1" index="2" bw="0" slack="2147483647"/>
</pin_list>
<bind>
<opcode="store(28) " fcode="store"/>
<opset="store_ln63/4 "/>
</bind>
</comp>

<comp id="1062" class="1005" name="i_reg_1062">
<pin_list>
<pin id="1063" dir="0" index="0" bw="3" slack="0"/>
<pin id="1064" dir="1" index="1" bw="3" slack="0"/>
</pin_list>
<bind>
<opset="i "/>
</bind>
</comp>

<comp id="1069" class="1005" name="REG_V_reg_1069">
<pin_list>
<pin id="1070" dir="0" index="0" bw="16" slack="1"/>
<pin id="1071" dir="1" index="1" bw="16" slack="1"/>
</pin_list>
<bind>
<opset="REG_V "/>
</bind>
</comp>

<comp id="1075" class="1005" name="REG_V_1_reg_1075">
<pin_list>
<pin id="1076" dir="0" index="0" bw="16" slack="1"/>
<pin id="1077" dir="1" index="1" bw="16" slack="1"/>
</pin_list>
<bind>
<opset="REG_V_1 "/>
</bind>
</comp>

<comp id="1081" class="1005" name="REG_V_2_reg_1081">
<pin_list>
<pin id="1082" dir="0" index="0" bw="16" slack="1"/>
<pin id="1083" dir="1" index="1" bw="16" slack="1"/>
</pin_list>
<bind>
<opset="REG_V_2 "/>
</bind>
</comp>

<comp id="1087" class="1005" name="REG_V_3_reg_1087">
<pin_list>
<pin id="1088" dir="0" index="0" bw="16" slack="1"/>
<pin id="1089" dir="1" index="1" bw="16" slack="1"/>
</pin_list>
<bind>
<opset="REG_V_3 "/>
</bind>
</comp>

<comp id="1093" class="1005" name="REG_V_4_reg_1093">
<pin_list>
<pin id="1094" dir="0" index="0" bw="16" slack="1"/>
<pin id="1095" dir="1" index="1" bw="16" slack="1"/>
</pin_list>
<bind>
<opset="REG_V_4 "/>
</bind>
</comp>

<comp id="1099" class="1005" name="REG_V_5_reg_1099">
<pin_list>
<pin id="1100" dir="0" index="0" bw="16" slack="1"/>
<pin id="1101" dir="1" index="1" bw="16" slack="1"/>
</pin_list>
<bind>
<opset="REG_V_5 "/>
</bind>
</comp>

<comp id="1105" class="1005" name="REG_V_6_reg_1105">
<pin_list>
<pin id="1106" dir="0" index="0" bw="16" slack="1"/>
<pin id="1107" dir="1" index="1" bw="16" slack="1"/>
</pin_list>
<bind>
<opset="REG_V_6 "/>
</bind>
</comp>

<comp id="1111" class="1005" name="REG_V_7_reg_1111">
<pin_list>
<pin id="1112" dir="0" index="0" bw="16" slack="1"/>
<pin id="1113" dir="1" index="1" bw="16" slack="1"/>
</pin_list>
<bind>
<opset="REG_V_7 "/>
</bind>
</comp>

<comp id="1117" class="1005" name="REG_V_8_reg_1117">
<pin_list>
<pin id="1118" dir="0" index="0" bw="16" slack="1"/>
<pin id="1119" dir="1" index="1" bw="16" slack="1"/>
</pin_list>
<bind>
<opset="REG_V_8 "/>
</bind>
</comp>

<comp id="1123" class="1005" name="REG_V_9_reg_1123">
<pin_list>
<pin id="1124" dir="0" index="0" bw="16" slack="1"/>
<pin id="1125" dir="1" index="1" bw="16" slack="1"/>
</pin_list>
<bind>
<opset="REG_V_9 "/>
</bind>
</comp>

<comp id="1129" class="1005" name="REG_V_10_reg_1129">
<pin_list>
<pin id="1130" dir="0" index="0" bw="16" slack="1"/>
<pin id="1131" dir="1" index="1" bw="16" slack="1"/>
</pin_list>
<bind>
<opset="REG_V_10 "/>
</bind>
</comp>

<comp id="1135" class="1005" name="REG_V_11_reg_1135">
<pin_list>
<pin id="1136" dir="0" index="0" bw="16" slack="1"/>
<pin id="1137" dir="1" index="1" bw="16" slack="1"/>
</pin_list>
<bind>
<opset="REG_V_11 "/>
</bind>
</comp>

<comp id="1141" class="1005" name="REG_V_12_reg_1141">
<pin_list>
<pin id="1142" dir="0" index="0" bw="16" slack="1"/>
<pin id="1143" dir="1" index="1" bw="16" slack="1"/>
</pin_list>
<bind>
<opset="REG_V_12 "/>
</bind>
</comp>

<comp id="1147" class="1005" name="REG_V_13_reg_1147">
<pin_list>
<pin id="1148" dir="0" index="0" bw="16" slack="1"/>
<pin id="1149" dir="1" index="1" bw="16" slack="1"/>
</pin_list>
<bind>
<opset="REG_V_13 "/>
</bind>
</comp>

<comp id="1153" class="1005" name="REG_V_14_reg_1153">
<pin_list>
<pin id="1154" dir="0" index="0" bw="16" slack="1"/>
<pin id="1155" dir="1" index="1" bw="16" slack="1"/>
</pin_list>
<bind>
<opset="REG_V_14 "/>
</bind>
</comp>

<comp id="1159" class="1005" name="REG_V_15_reg_1159">
<pin_list>
<pin id="1160" dir="0" index="0" bw="16" slack="1"/>
<pin id="1161" dir="1" index="1" bw="16" slack="1"/>
</pin_list>
<bind>
<opset="REG_V_15 "/>
</bind>
</comp>

<comp id="1165" class="1005" name="REG_V_16_reg_1165">
<pin_list>
<pin id="1166" dir="0" index="0" bw="16" slack="1"/>
<pin id="1167" dir="1" index="1" bw="16" slack="1"/>
</pin_list>
<bind>
<opset="REG_V_16 "/>
</bind>
</comp>

<comp id="1171" class="1005" name="REG_V_17_reg_1171">
<pin_list>
<pin id="1172" dir="0" index="0" bw="16" slack="1"/>
<pin id="1173" dir="1" index="1" bw="16" slack="1"/>
</pin_list>
<bind>
<opset="REG_V_17 "/>
</bind>
</comp>

<comp id="1177" class="1005" name="REG_V_18_reg_1177">
<pin_list>
<pin id="1178" dir="0" index="0" bw="16" slack="1"/>
<pin id="1179" dir="1" index="1" bw="16" slack="1"/>
</pin_list>
<bind>
<opset="REG_V_18 "/>
</bind>
</comp>

<comp id="1183" class="1005" name="REG_V_19_reg_1183">
<pin_list>
<pin id="1184" dir="0" index="0" bw="16" slack="1"/>
<pin id="1185" dir="1" index="1" bw="16" slack="1"/>
</pin_list>
<bind>
<opset="REG_V_19 "/>
</bind>
</comp>

<comp id="1189" class="1005" name="REG_V_20_reg_1189">
<pin_list>
<pin id="1190" dir="0" index="0" bw="16" slack="1"/>
<pin id="1191" dir="1" index="1" bw="16" slack="1"/>
</pin_list>
<bind>
<opset="REG_V_20 "/>
</bind>
</comp>

<comp id="1195" class="1005" name="REG_V_21_reg_1195">
<pin_list>
<pin id="1196" dir="0" index="0" bw="16" slack="1"/>
<pin id="1197" dir="1" index="1" bw="16" slack="1"/>
</pin_list>
<bind>
<opset="REG_V_21 "/>
</bind>
</comp>

<comp id="1201" class="1005" name="REG_V_22_reg_1201">
<pin_list>
<pin id="1202" dir="0" index="0" bw="16" slack="1"/>
<pin id="1203" dir="1" index="1" bw="16" slack="1"/>
</pin_list>
<bind>
<opset="REG_V_22 "/>
</bind>
</comp>

<comp id="1207" class="1005" name="REG_V_23_reg_1207">
<pin_list>
<pin id="1208" dir="0" index="0" bw="16" slack="1"/>
<pin id="1209" dir="1" index="1" bw="16" slack="1"/>
</pin_list>
<bind>
<opset="REG_V_23 "/>
</bind>
</comp>

<comp id="1213" class="1005" name="REG_V_24_reg_1213">
<pin_list>
<pin id="1214" dir="0" index="0" bw="16" slack="1"/>
<pin id="1215" dir="1" index="1" bw="16" slack="1"/>
</pin_list>
<bind>
<opset="REG_V_24 "/>
</bind>
</comp>

<comp id="1219" class="1005" name="REG_V_25_reg_1219">
<pin_list>
<pin id="1220" dir="0" index="0" bw="16" slack="1"/>
<pin id="1221" dir="1" index="1" bw="16" slack="1"/>
</pin_list>
<bind>
<opset="REG_V_25 "/>
</bind>
</comp>

<comp id="1225" class="1005" name="REG_V_26_reg_1225">
<pin_list>
<pin id="1226" dir="0" index="0" bw="16" slack="1"/>
<pin id="1227" dir="1" index="1" bw="16" slack="1"/>
</pin_list>
<bind>
<opset="REG_V_26 "/>
</bind>
</comp>

<comp id="1231" class="1005" name="REG_V_27_reg_1231">
<pin_list>
<pin id="1232" dir="0" index="0" bw="16" slack="1"/>
<pin id="1233" dir="1" index="1" bw="16" slack="1"/>
</pin_list>
<bind>
<opset="REG_V_27 "/>
</bind>
</comp>

<comp id="1237" class="1005" name="REG_V_28_reg_1237">
<pin_list>
<pin id="1238" dir="0" index="0" bw="16" slack="1"/>
<pin id="1239" dir="1" index="1" bw="16" slack="1"/>
</pin_list>
<bind>
<opset="REG_V_28 "/>
</bind>
</comp>

<comp id="1243" class="1005" name="REG_V_29_reg_1243">
<pin_list>
<pin id="1244" dir="0" index="0" bw="16" slack="1"/>
<pin id="1245" dir="1" index="1" bw="16" slack="1"/>
</pin_list>
<bind>
<opset="REG_V_29 "/>
</bind>
</comp>

<comp id="1249" class="1005" name="REG_V_30_reg_1249">
<pin_list>
<pin id="1250" dir="0" index="0" bw="16" slack="1"/>
<pin id="1251" dir="1" index="1" bw="16" slack="1"/>
</pin_list>
<bind>
<opset="REG_V_30 "/>
</bind>
</comp>

<comp id="1255" class="1005" name="REG_V_31_reg_1255">
<pin_list>
<pin id="1256" dir="0" index="0" bw="16" slack="1"/>
<pin id="1257" dir="1" index="1" bw="16" slack="1"/>
</pin_list>
<bind>
<opset="REG_V_31 "/>
</bind>
</comp>

<comp id="1261" class="1005" name="indvars_iv424_reg_1261">
<pin_list>
<pin id="1262" dir="0" index="0" bw="2" slack="0"/>
<pin id="1263" dir="1" index="1" bw="2" slack="0"/>
</pin_list>
<bind>
<opset="indvars_iv424 "/>
</bind>
</comp>

<comp id="1268" class="1005" name="phase_read_reg_1268">
<pin_list>
<pin id="1269" dir="0" index="0" bw="1" slack="3"/>
<pin id="1270" dir="1" index="1" bw="1" slack="4"/>
</pin_list>
<bind>
<opset="phase_read "/>
</bind>
</comp>

<comp id="1273" class="1005" name="self_sum_V_loc_reg_1273">
<pin_list>
<pin id="1274" dir="0" index="0" bw="32" slack="1"/>
<pin id="1275" dir="1" index="1" bw="32" slack="1"/>
</pin_list>
<bind>
<opset="self_sum_V_loc "/>
</bind>
</comp>

<comp id="1279" class="1005" name="REG_V_32_loc_reg_1279">
<pin_list>
<pin id="1280" dir="0" index="0" bw="16" slack="1"/>
<pin id="1281" dir="1" index="1" bw="16" slack="1"/>
</pin_list>
<bind>
<opset="REG_V_32_loc "/>
</bind>
</comp>

<comp id="1285" class="1005" name="REG_V_33_loc_reg_1285">
<pin_list>
<pin id="1286" dir="0" index="0" bw="16" slack="1"/>
<pin id="1287" dir="1" index="1" bw="16" slack="1"/>
</pin_list>
<bind>
<opset="REG_V_33_loc "/>
</bind>
</comp>

<comp id="1291" class="1005" name="REG_V_34_loc_reg_1291">
<pin_list>
<pin id="1292" dir="0" index="0" bw="16" slack="1"/>
<pin id="1293" dir="1" index="1" bw="16" slack="1"/>
</pin_list>
<bind>
<opset="REG_V_34_loc "/>
</bind>
</comp>

<comp id="1297" class="1005" name="REG_V_35_loc_reg_1297">
<pin_list>
<pin id="1298" dir="0" index="0" bw="16" slack="1"/>
<pin id="1299" dir="1" index="1" bw="16" slack="1"/>
</pin_list>
<bind>
<opset="REG_V_35_loc "/>
</bind>
</comp>

<comp id="1303" class="1005" name="REG_V_36_loc_reg_1303">
<pin_list>
<pin id="1304" dir="0" index="0" bw="16" slack="1"/>
<pin id="1305" dir="1" index="1" bw="16" slack="1"/>
</pin_list>
<bind>
<opset="REG_V_36_loc "/>
</bind>
</comp>

<comp id="1309" class="1005" name="REG_V_37_loc_reg_1309">
<pin_list>
<pin id="1310" dir="0" index="0" bw="16" slack="1"/>
<pin id="1311" dir="1" index="1" bw="16" slack="1"/>
</pin_list>
<bind>
<opset="REG_V_37_loc "/>
</bind>
</comp>

<comp id="1315" class="1005" name="REG_V_38_loc_reg_1315">
<pin_list>
<pin id="1316" dir="0" index="0" bw="16" slack="1"/>
<pin id="1317" dir="1" index="1" bw="16" slack="1"/>
</pin_list>
<bind>
<opset="REG_V_38_loc "/>
</bind>
</comp>

<comp id="1321" class="1005" name="REG_V_39_loc_reg_1321">
<pin_list>
<pin id="1322" dir="0" index="0" bw="16" slack="1"/>
<pin id="1323" dir="1" index="1" bw="16" slack="1"/>
</pin_list>
<bind>
<opset="REG_V_39_loc "/>
</bind>
</comp>

<comp id="1327" class="1005" name="REG_V_40_loc_reg_1327">
<pin_list>
<pin id="1328" dir="0" index="0" bw="16" slack="1"/>
<pin id="1329" dir="1" index="1" bw="16" slack="1"/>
</pin_list>
<bind>
<opset="REG_V_40_loc "/>
</bind>
</comp>

<comp id="1333" class="1005" name="REG_V_41_loc_reg_1333">
<pin_list>
<pin id="1334" dir="0" index="0" bw="16" slack="1"/>
<pin id="1335" dir="1" index="1" bw="16" slack="1"/>
</pin_list>
<bind>
<opset="REG_V_41_loc "/>
</bind>
</comp>

<comp id="1339" class="1005" name="REG_V_42_loc_reg_1339">
<pin_list>
<pin id="1340" dir="0" index="0" bw="16" slack="1"/>
<pin id="1341" dir="1" index="1" bw="16" slack="1"/>
</pin_list>
<bind>
<opset="REG_V_42_loc "/>
</bind>
</comp>

<comp id="1345" class="1005" name="REG_V_43_loc_reg_1345">
<pin_list>
<pin id="1346" dir="0" index="0" bw="16" slack="1"/>
<pin id="1347" dir="1" index="1" bw="16" slack="1"/>
</pin_list>
<bind>
<opset="REG_V_43_loc "/>
</bind>
</comp>

<comp id="1351" class="1005" name="REG_V_44_loc_reg_1351">
<pin_list>
<pin id="1352" dir="0" index="0" bw="16" slack="1"/>
<pin id="1353" dir="1" index="1" bw="16" slack="1"/>
</pin_list>
<bind>
<opset="REG_V_44_loc "/>
</bind>
</comp>

<comp id="1357" class="1005" name="REG_V_45_loc_reg_1357">
<pin_list>
<pin id="1358" dir="0" index="0" bw="16" slack="1"/>
<pin id="1359" dir="1" index="1" bw="16" slack="1"/>
</pin_list>
<bind>
<opset="REG_V_45_loc "/>
</bind>
</comp>

<comp id="1363" class="1005" name="REG_V_46_loc_reg_1363">
<pin_list>
<pin id="1364" dir="0" index="0" bw="16" slack="1"/>
<pin id="1365" dir="1" index="1" bw="16" slack="1"/>
</pin_list>
<bind>
<opset="REG_V_46_loc "/>
</bind>
</comp>

<comp id="1369" class="1005" name="REG_V_47_loc_reg_1369">
<pin_list>
<pin id="1370" dir="0" index="0" bw="16" slack="1"/>
<pin id="1371" dir="1" index="1" bw="16" slack="1"/>
</pin_list>
<bind>
<opset="REG_V_47_loc "/>
</bind>
</comp>

<comp id="1375" class="1005" name="REG_V_48_loc_reg_1375">
<pin_list>
<pin id="1376" dir="0" index="0" bw="16" slack="1"/>
<pin id="1377" dir="1" index="1" bw="16" slack="1"/>
</pin_list>
<bind>
<opset="REG_V_48_loc "/>
</bind>
</comp>

<comp id="1381" class="1005" name="REG_V_49_loc_reg_1381">
<pin_list>
<pin id="1382" dir="0" index="0" bw="16" slack="1"/>
<pin id="1383" dir="1" index="1" bw="16" slack="1"/>
</pin_list>
<bind>
<opset="REG_V_49_loc "/>
</bind>
</comp>

<comp id="1387" class="1005" name="REG_V_50_loc_reg_1387">
<pin_list>
<pin id="1388" dir="0" index="0" bw="16" slack="1"/>
<pin id="1389" dir="1" index="1" bw="16" slack="1"/>
</pin_list>
<bind>
<opset="REG_V_50_loc "/>
</bind>
</comp>

<comp id="1393" class="1005" name="REG_V_51_loc_reg_1393">
<pin_list>
<pin id="1394" dir="0" index="0" bw="16" slack="1"/>
<pin id="1395" dir="1" index="1" bw="16" slack="1"/>
</pin_list>
<bind>
<opset="REG_V_51_loc "/>
</bind>
</comp>

<comp id="1399" class="1005" name="REG_V_52_loc_reg_1399">
<pin_list>
<pin id="1400" dir="0" index="0" bw="16" slack="1"/>
<pin id="1401" dir="1" index="1" bw="16" slack="1"/>
</pin_list>
<bind>
<opset="REG_V_52_loc "/>
</bind>
</comp>

<comp id="1405" class="1005" name="REG_V_53_loc_reg_1405">
<pin_list>
<pin id="1406" dir="0" index="0" bw="16" slack="1"/>
<pin id="1407" dir="1" index="1" bw="16" slack="1"/>
</pin_list>
<bind>
<opset="REG_V_53_loc "/>
</bind>
</comp>

<comp id="1411" class="1005" name="REG_V_54_loc_reg_1411">
<pin_list>
<pin id="1412" dir="0" index="0" bw="16" slack="1"/>
<pin id="1413" dir="1" index="1" bw="16" slack="1"/>
</pin_list>
<bind>
<opset="REG_V_54_loc "/>
</bind>
</comp>

<comp id="1417" class="1005" name="REG_V_55_loc_reg_1417">
<pin_list>
<pin id="1418" dir="0" index="0" bw="16" slack="1"/>
<pin id="1419" dir="1" index="1" bw="16" slack="1"/>
</pin_list>
<bind>
<opset="REG_V_55_loc "/>
</bind>
</comp>

<comp id="1423" class="1005" name="REG_V_56_loc_reg_1423">
<pin_list>
<pin id="1424" dir="0" index="0" bw="16" slack="1"/>
<pin id="1425" dir="1" index="1" bw="16" slack="1"/>
</pin_list>
<bind>
<opset="REG_V_56_loc "/>
</bind>
</comp>

<comp id="1429" class="1005" name="REG_V_57_loc_reg_1429">
<pin_list>
<pin id="1430" dir="0" index="0" bw="16" slack="1"/>
<pin id="1431" dir="1" index="1" bw="16" slack="1"/>
</pin_list>
<bind>
<opset="REG_V_57_loc "/>
</bind>
</comp>

<comp id="1435" class="1005" name="REG_V_58_loc_reg_1435">
<pin_list>
<pin id="1436" dir="0" index="0" bw="16" slack="1"/>
<pin id="1437" dir="1" index="1" bw="16" slack="1"/>
</pin_list>
<bind>
<opset="REG_V_58_loc "/>
</bind>
</comp>

<comp id="1441" class="1005" name="REG_V_59_loc_reg_1441">
<pin_list>
<pin id="1442" dir="0" index="0" bw="16" slack="1"/>
<pin id="1443" dir="1" index="1" bw="16" slack="1"/>
</pin_list>
<bind>
<opset="REG_V_59_loc "/>
</bind>
</comp>

<comp id="1447" class="1005" name="REG_V_60_loc_reg_1447">
<pin_list>
<pin id="1448" dir="0" index="0" bw="16" slack="1"/>
<pin id="1449" dir="1" index="1" bw="16" slack="1"/>
</pin_list>
<bind>
<opset="REG_V_60_loc "/>
</bind>
</comp>

<comp id="1453" class="1005" name="REG_V_61_loc_reg_1453">
<pin_list>
<pin id="1454" dir="0" index="0" bw="16" slack="1"/>
<pin id="1455" dir="1" index="1" bw="16" slack="1"/>
</pin_list>
<bind>
<opset="REG_V_61_loc "/>
</bind>
</comp>

<comp id="1459" class="1005" name="REG_V_62_loc_reg_1459">
<pin_list>
<pin id="1460" dir="0" index="0" bw="16" slack="1"/>
<pin id="1461" dir="1" index="1" bw="16" slack="1"/>
</pin_list>
<bind>
<opset="REG_V_62_loc "/>
</bind>
</comp>

<comp id="1465" class="1005" name="REG_V_63_loc_reg_1465">
<pin_list>
<pin id="1466" dir="0" index="0" bw="16" slack="1"/>
<pin id="1467" dir="1" index="1" bw="16" slack="1"/>
</pin_list>
<bind>
<opset="REG_V_63_loc "/>
</bind>
</comp>

<comp id="1471" class="1005" name="dummy_reg_1471">
<pin_list>
<pin id="1472" dir="0" index="0" bw="1" slack="0"/>
<pin id="1473" dir="1" index="1" bw="1" slack="0"/>
</pin_list>
<bind>
<opset="dummy "/>
</bind>
</comp>

<comp id="1478" class="1005" name="i_1_reg_1478">
<pin_list>
<pin id="1479" dir="0" index="0" bw="3" slack="3"/>
<pin id="1480" dir="1" index="1" bw="3" slack="3"/>
</pin_list>
<bind>
<opset="i_1 "/>
</bind>
</comp>

<comp id="1484" class="1005" name="indvars_iv424_load_reg_1484">
<pin_list>
<pin id="1485" dir="0" index="0" bw="2" slack="3"/>
<pin id="1486" dir="1" index="1" bw="2" slack="3"/>
</pin_list>
<bind>
<opset="indvars_iv424_load "/>
</bind>
</comp>

<comp id="1492" class="1005" name="add_ln63_1_reg_1492">
<pin_list>
<pin id="1493" dir="0" index="0" bw="2" slack="2"/>
<pin id="1494" dir="1" index="1" bw="2" slack="2"/>
</pin_list>
<bind>
<opset="add_ln63_1 "/>
</bind>
</comp>

<comp id="1593" class="1005" name="empty_19_reg_1593">
<pin_list>
<pin id="1594" dir="0" index="0" bw="2" slack="1"/>
<pin id="1595" dir="1" index="1" bw="2" slack="1"/>
</pin_list>
<bind>
<opset="empty_19 "/>
</bind>
</comp>

<comp id="1602" class="1005" name="empty_20_reg_1602">
<pin_list>
<pin id="1603" dir="0" index="0" bw="3" slack="1"/>
<pin id="1604" dir="1" index="1" bw="3" slack="1"/>
</pin_list>
<bind>
<opset="empty_20 "/>
</bind>
</comp>

</comp_list>

<net_list>
<net id="101"><net_src comp="40" pin="0"/><net_sink comp="98" pin=0"/></net>

<net id="105"><net_src comp="40" pin="0"/><net_sink comp="102" pin=0"/></net>

<net id="109"><net_src comp="40" pin="0"/><net_sink comp="106" pin=0"/></net>

<net id="113"><net_src comp="40" pin="0"/><net_sink comp="110" pin=0"/></net>

<net id="117"><net_src comp="40" pin="0"/><net_sink comp="114" pin=0"/></net>

<net id="121"><net_src comp="40" pin="0"/><net_sink comp="118" pin=0"/></net>

<net id="125"><net_src comp="40" pin="0"/><net_sink comp="122" pin=0"/></net>

<net id="129"><net_src comp="40" pin="0"/><net_sink comp="126" pin=0"/></net>

<net id="133"><net_src comp="40" pin="0"/><net_sink comp="130" pin=0"/></net>

<net id="137"><net_src comp="40" pin="0"/><net_sink comp="134" pin=0"/></net>

<net id="141"><net_src comp="40" pin="0"/><net_sink comp="138" pin=0"/></net>

<net id="145"><net_src comp="40" pin="0"/><net_sink comp="142" pin=0"/></net>

<net id="149"><net_src comp="40" pin="0"/><net_sink comp="146" pin=0"/></net>

<net id="153"><net_src comp="40" pin="0"/><net_sink comp="150" pin=0"/></net>

<net id="157"><net_src comp="40" pin="0"/><net_sink comp="154" pin=0"/></net>

<net id="161"><net_src comp="40" pin="0"/><net_sink comp="158" pin=0"/></net>

<net id="165"><net_src comp="40" pin="0"/><net_sink comp="162" pin=0"/></net>

<net id="169"><net_src comp="40" pin="0"/><net_sink comp="166" pin=0"/></net>

<net id="173"><net_src comp="40" pin="0"/><net_sink comp="170" pin=0"/></net>

<net id="177"><net_src comp="40" pin="0"/><net_sink comp="174" pin=0"/></net>

<net id="181"><net_src comp="40" pin="0"/><net_sink comp="178" pin=0"/></net>

<net id="185"><net_src comp="40" pin="0"/><net_sink comp="182" pin=0"/></net>

<net id="189"><net_src comp="40" pin="0"/><net_sink comp="186" pin=0"/></net>

<net id="193"><net_src comp="40" pin="0"/><net_sink comp="190" pin=0"/></net>

<net id="197"><net_src comp="40" pin="0"/><net_sink comp="194" pin=0"/></net>

<net id="201"><net_src comp="40" pin="0"/><net_sink comp="198" pin=0"/></net>

<net id="205"><net_src comp="40" pin="0"/><net_sink comp="202" pin=0"/></net>

<net id="209"><net_src comp="40" pin="0"/><net_sink comp="206" pin=0"/></net>

<net id="213"><net_src comp="40" pin="0"/><net_sink comp="210" pin=0"/></net>

<net id="217"><net_src comp="40" pin="0"/><net_sink comp="214" pin=0"/></net>

<net id="221"><net_src comp="40" pin="0"/><net_sink comp="218" pin=0"/></net>

<net id="225"><net_src comp="40" pin="0"/><net_sink comp="222" pin=0"/></net>

<net id="229"><net_src comp="40" pin="0"/><net_sink comp="226" pin=0"/></net>

<net id="233"><net_src comp="40" pin="0"/><net_sink comp="230" pin=0"/></net>

<net id="237"><net_src comp="44" pin="0"/><net_sink comp="234" pin=0"/></net>

<net id="241"><net_src comp="44" pin="0"/><net_sink comp="238" pin=0"/></net>

<net id="245"><net_src comp="44" pin="0"/><net_sink comp="242" pin=0"/></net>

<net id="249"><net_src comp="44" pin="0"/><net_sink comp="246" pin=0"/></net>

<net id="253"><net_src comp="44" pin="0"/><net_sink comp="250" pin=0"/></net>

<net id="257"><net_src comp="44" pin="0"/><net_sink comp="254" pin=0"/></net>

<net id="261"><net_src comp="44" pin="0"/><net_sink comp="258" pin=0"/></net>

<net id="265"><net_src comp="44" pin="0"/><net_sink comp="262" pin=0"/></net>

<net id="269"><net_src comp="44" pin="0"/><net_sink comp="266" pin=0"/></net>

<net id="273"><net_src comp="44" pin="0"/><net_sink comp="270" pin=0"/></net>

<net id="277"><net_src comp="44" pin="0"/><net_sink comp="274" pin=0"/></net>

<net id="281"><net_src comp="44" pin="0"/><net_sink comp="278" pin=0"/></net>

<net id="285"><net_src comp="44" pin="0"/><net_sink comp="282" pin=0"/></net>

<net id="289"><net_src comp="44" pin="0"/><net_sink comp="286" pin=0"/></net>

<net id="293"><net_src comp="44" pin="0"/><net_sink comp="290" pin=0"/></net>

<net id="297"><net_src comp="44" pin="0"/><net_sink comp="294" pin=0"/></net>

<net id="301"><net_src comp="44" pin="0"/><net_sink comp="298" pin=0"/></net>

<net id="305"><net_src comp="44" pin="0"/><net_sink comp="302" pin=0"/></net>

<net id="309"><net_src comp="44" pin="0"/><net_sink comp="306" pin=0"/></net>

<net id="313"><net_src comp="44" pin="0"/><net_sink comp="310" pin=0"/></net>

<net id="317"><net_src comp="44" pin="0"/><net_sink comp="314" pin=0"/></net>

<net id="321"><net_src comp="44" pin="0"/><net_sink comp="318" pin=0"/></net>

<net id="325"><net_src comp="44" pin="0"/><net_sink comp="322" pin=0"/></net>

<net id="329"><net_src comp="44" pin="0"/><net_sink comp="326" pin=0"/></net>

<net id="333"><net_src comp="44" pin="0"/><net_sink comp="330" pin=0"/></net>

<net id="337"><net_src comp="44" pin="0"/><net_sink comp="334" pin=0"/></net>

<net id="341"><net_src comp="44" pin="0"/><net_sink comp="338" pin=0"/></net>

<net id="345"><net_src comp="44" pin="0"/><net_sink comp="342" pin=0"/></net>

<net id="349"><net_src comp="44" pin="0"/><net_sink comp="346" pin=0"/></net>

<net id="353"><net_src comp="44" pin="0"/><net_sink comp="350" pin=0"/></net>

<net id="357"><net_src comp="44" pin="0"/><net_sink comp="354" pin=0"/></net>

<net id="361"><net_src comp="44" pin="0"/><net_sink comp="358" pin=0"/></net>

<net id="365"><net_src comp="44" pin="0"/><net_sink comp="362" pin=0"/></net>

<net id="369"><net_src comp="44" pin="0"/><net_sink comp="366" pin=0"/></net>

<net id="374"><net_src comp="42" pin="0"/><net_sink comp="370" pin=0"/></net>

<net id="375"><net_src comp="6" pin="0"/><net_sink comp="370" pin=1"/></net>

<net id="381"><net_src comp="4" pin="0"/><net_sink comp="376" pin=0"/></net>

<net id="382"><net_src comp="94" pin="0"/><net_sink comp="376" pin=1"/></net>

<net id="388"><net_src comp="376" pin="3"/><net_sink comp="383" pin=0"/></net>

<net id="461"><net_src comp="82" pin="0"/><net_sink comp="389" pin=0"/></net>

<net id="462"><net_src comp="0" pin="0"/><net_sink comp="389" pin=34"/></net>

<net id="463"><net_src comp="2" pin="0"/><net_sink comp="389" pin=35"/></net>

<net id="520"><net_src comp="96" pin="0"/><net_sink comp="464" pin=0"/></net>

<net id="521"><net_src comp="4" pin="0"/><net_sink comp="464" pin=2"/></net>

<net id="522"><net_src comp="8" pin="0"/><net_sink comp="464" pin=39"/></net>

<net id="523"><net_src comp="16" pin="0"/><net_sink comp="464" pin=40"/></net>

<net id="524"><net_src comp="18" pin="0"/><net_sink comp="464" pin=41"/></net>

<net id="525"><net_src comp="20" pin="0"/><net_sink comp="464" pin=42"/></net>

<net id="526"><net_src comp="22" pin="0"/><net_sink comp="464" pin=43"/></net>

<net id="527"><net_src comp="10" pin="0"/><net_sink comp="464" pin=44"/></net>

<net id="528"><net_src comp="24" pin="0"/><net_sink comp="464" pin=45"/></net>

<net id="529"><net_src comp="26" pin="0"/><net_sink comp="464" pin=46"/></net>

<net id="530"><net_src comp="28" pin="0"/><net_sink comp="464" pin=47"/></net>

<net id="531"><net_src comp="30" pin="0"/><net_sink comp="464" pin=48"/></net>

<net id="532"><net_src comp="12" pin="0"/><net_sink comp="464" pin=49"/></net>

<net id="533"><net_src comp="32" pin="0"/><net_sink comp="464" pin=50"/></net>

<net id="534"><net_src comp="34" pin="0"/><net_sink comp="464" pin=51"/></net>

<net id="535"><net_src comp="36" pin="0"/><net_sink comp="464" pin=52"/></net>

<net id="536"><net_src comp="38" pin="0"/><net_sink comp="464" pin=53"/></net>

<net id="541"><net_src comp="66" pin="0"/><net_sink comp="537" pin=0"/></net>

<net id="549"><net_src comp="542" pin="1"/><net_sink comp="545" pin=0"/></net>

<net id="554"><net_src comp="68" pin="0"/><net_sink comp="550" pin=0"/></net>

<net id="559"><net_src comp="70" pin="0"/><net_sink comp="555" pin=0"/></net>

<net id="570"><net_src comp="560" pin="1"/><net_sink comp="566" pin=0"/></net>

<net id="571"><net_src comp="72" pin="0"/><net_sink comp="566" pin=1"/></net>

<net id="576"><net_src comp="563" pin="1"/><net_sink comp="572" pin=0"/></net>

<net id="577"><net_src comp="78" pin="0"/><net_sink comp="572" pin=1"/></net>

<net id="581"><net_src comp="578" pin="1"/><net_sink comp="389" pin=32"/></net>

<net id="585"><net_src comp="582" pin="1"/><net_sink comp="389" pin=31"/></net>

<net id="589"><net_src comp="586" pin="1"/><net_sink comp="389" pin=30"/></net>

<net id="593"><net_src comp="590" pin="1"/><net_sink comp="389" pin=29"/></net>

<net id="597"><net_src comp="594" pin="1"/><net_sink comp="389" pin=28"/></net>

<net id="601"><net_src comp="598" pin="1"/><net_sink comp="389" pin=27"/></net>

<net id="605"><net_src comp="602" pin="1"/><net_sink comp="389" pin=26"/></net>

<net id="609"><net_src comp="606" pin="1"/><net_sink comp="389" pin=25"/></net>

<net id="613"><net_src comp="610" pin="1"/><net_sink comp="389" pin=24"/></net>

<net id="617"><net_src comp="614" pin="1"/><net_sink comp="389" pin=23"/></net>

<net id="621"><net_src comp="618" pin="1"/><net_sink comp="389" pin=22"/></net>

<net id="625"><net_src comp="622" pin="1"/><net_sink comp="389" pin=21"/></net>

<net id="629"><net_src comp="626" pin="1"/><net_sink comp="389" pin=20"/></net>

<net id="633"><net_src comp="630" pin="1"/><net_sink comp="389" pin=19"/></net>

<net id="637"><net_src comp="634" pin="1"/><net_sink comp="389" pin=18"/></net>

<net id="641"><net_src comp="638" pin="1"/><net_sink comp="389" pin=17"/></net>

<net id="645"><net_src comp="642" pin="1"/><net_sink comp="389" pin=16"/></net>

<net id="649"><net_src comp="646" pin="1"/><net_sink comp="389" pin=15"/></net>

<net id="653"><net_src comp="650" pin="1"/><net_sink comp="389" pin=14"/></net>

<net id="657"><net_src comp="654" pin="1"/><net_sink comp="389" pin=13"/></net>

<net id="661"><net_src comp="658" pin="1"/><net_sink comp="389" pin=12"/></net>

<net id="665"><net_src comp="662" pin="1"/><net_sink comp="389" pin=11"/></net>

<net id="669"><net_src comp="666" pin="1"/><net_sink comp="389" pin=10"/></net>

<net id="673"><net_src comp="670" pin="1"/><net_sink comp="389" pin=9"/></net>

<net id="677"><net_src comp="674" pin="1"/><net_sink comp="389" pin=8"/></net>

<net id="681"><net_src comp="678" pin="1"/><net_sink comp="389" pin=7"/></net>

<net id="685"><net_src comp="682" pin="1"/><net_sink comp="389" pin=6"/></net>

<net id="689"><net_src comp="686" pin="1"/><net_sink comp="389" pin=5"/></net>

<net id="693"><net_src comp="690" pin="1"/><net_sink comp="389" pin=4"/></net>

<net id="697"><net_src comp="694" pin="1"/><net_sink comp="389" pin=3"/></net>

<net id="701"><net_src comp="698" pin="1"/><net_sink comp="389" pin=2"/></net>

<net id="705"><net_src comp="702" pin="1"/><net_sink comp="389" pin=1"/></net>

<net id="709"><net_src comp="560" pin="1"/><net_sink comp="706" pin=0"/></net>

<net id="710"><net_src comp="706" pin="1"/><net_sink comp="389" pin=36"/></net>

<net id="715"><net_src comp="560" pin="1"/><net_sink comp="711" pin=0"/></net>

<net id="716"><net_src comp="80" pin="0"/><net_sink comp="711" pin=1"/></net>

<net id="717"><net_src comp="711" pin="2"/><net_sink comp="389" pin=33"/></net>

<net id="821"><net_src comp="814" pin="1"/><net_sink comp="817" pin=0"/></net>

<net id="822"><net_src comp="12" pin="0"/><net_sink comp="817" pin=1"/></net>

<net id="827"><net_src comp="814" pin="1"/><net_sink comp="823" pin=0"/></net>

<net id="828"><net_src comp="10" pin="0"/><net_sink comp="823" pin=1"/></net>

<net id="833"><net_src comp="814" pin="1"/><net_sink comp="829" pin=0"/></net>

<net id="834"><net_src comp="8" pin="0"/><net_sink comp="829" pin=1"/></net>

<net id="839"><net_src comp="814" pin="1"/><net_sink comp="835" pin=0"/></net>

<net id="840"><net_src comp="14" pin="0"/><net_sink comp="835" pin=1"/></net>

<net id="844"><net_src comp="8" pin="0"/><net_sink comp="841" pin=0"/></net>

<net id="848"><net_src comp="10" pin="0"/><net_sink comp="845" pin=0"/></net>

<net id="852"><net_src comp="12" pin="0"/><net_sink comp="849" pin=0"/></net>

<net id="856"><net_src comp="14" pin="0"/><net_sink comp="853" pin=0"/></net>

<net id="865"><net_src comp="90" pin="0"/><net_sink comp="857" pin=0"/></net>

<net id="866"><net_src comp="841" pin="1"/><net_sink comp="857" pin=1"/></net>

<net id="867"><net_src comp="845" pin="1"/><net_sink comp="857" pin=2"/></net>

<net id="868"><net_src comp="849" pin="1"/><net_sink comp="857" pin=3"/></net>

<net id="869"><net_src comp="853" pin="1"/><net_sink comp="857" pin=4"/></net>

<net id="874"><net_src comp="857" pin="6"/><net_sink comp="870" pin=0"/></net>

<net id="875"><net_src comp="814" pin="1"/><net_sink comp="870" pin=1"/></net>

<net id="876"><net_src comp="870" pin="2"/><net_sink comp="383" pin=1"/></net>

<net id="882"><net_src comp="92" pin="0"/><net_sink comp="877" pin=0"/></net>

<net id="886"><net_src comp="877" pin="3"/><net_sink comp="883" pin=0"/></net>

<net id="887"><net_src comp="883" pin="1"/><net_sink comp="376" pin=2"/></net>

<net id="892"><net_src comp="80" pin="0"/><net_sink comp="888" pin=1"/></net>

<net id="901"><net_src comp="718" pin="1"/><net_sink comp="897" pin=0"/></net>

<net id="906"><net_src comp="721" pin="1"/><net_sink comp="902" pin=0"/></net>

<net id="911"><net_src comp="724" pin="1"/><net_sink comp="907" pin=0"/></net>

<net id="916"><net_src comp="727" pin="1"/><net_sink comp="912" pin=0"/></net>

<net id="921"><net_src comp="730" pin="1"/><net_sink comp="917" pin=0"/></net>

<net id="926"><net_src comp="733" pin="1"/><net_sink comp="922" pin=0"/></net>

<net id="931"><net_src comp="736" pin="1"/><net_sink comp="927" pin=0"/></net>

<net id="936"><net_src comp="739" pin="1"/><net_sink comp="932" pin=0"/></net>

<net id="941"><net_src comp="742" pin="1"/><net_sink comp="937" pin=0"/></net>

<net id="946"><net_src comp="745" pin="1"/><net_sink comp="942" pin=0"/></net>

<net id="951"><net_src comp="748" pin="1"/><net_sink comp="947" pin=0"/></net>

<net id="956"><net_src comp="751" pin="1"/><net_sink comp="952" pin=0"/></net>

<net id="961"><net_src comp="754" pin="1"/><net_sink comp="957" pin=0"/></net>

<net id="966"><net_src comp="757" pin="1"/><net_sink comp="962" pin=0"/></net>

<net id="971"><net_src comp="760" pin="1"/><net_sink comp="967" pin=0"/></net>

<net id="976"><net_src comp="763" pin="1"/><net_sink comp="972" pin=0"/></net>

<net id="981"><net_src comp="766" pin="1"/><net_sink comp="977" pin=0"/></net>

<net id="986"><net_src comp="769" pin="1"/><net_sink comp="982" pin=0"/></net>

<net id="991"><net_src comp="772" pin="1"/><net_sink comp="987" pin=0"/></net>

<net id="996"><net_src comp="775" pin="1"/><net_sink comp="992" pin=0"/></net>

<net id="1001"><net_src comp="778" pin="1"/><net_sink comp="997" pin=0"/></net>

<net id="1006"><net_src comp="781" pin="1"/><net_sink comp="1002" pin=0"/></net>

<net id="1011"><net_src comp="784" pin="1"/><net_sink comp="1007" pin=0"/></net>

<net id="1016"><net_src comp="787" pin="1"/><net_sink comp="1012" pin=0"/></net>

<net id="1021"><net_src comp="790" pin="1"/><net_sink comp="1017" pin=0"/></net>

<net id="1026"><net_src comp="793" pin="1"/><net_sink comp="1022" pin=0"/></net>

<net id="1031"><net_src comp="796" pin="1"/><net_sink comp="1027" pin=0"/></net>

<net id="1036"><net_src comp="799" pin="1"/><net_sink comp="1032" pin=0"/></net>

<net id="1041"><net_src comp="802" pin="1"/><net_sink comp="1037" pin=0"/></net>

<net id="1046"><net_src comp="805" pin="1"/><net_sink comp="1042" pin=0"/></net>

<net id="1051"><net_src comp="808" pin="1"/><net_sink comp="1047" pin=0"/></net>

<net id="1056"><net_src comp="811" pin="1"/><net_sink comp="1052" pin=0"/></net>

<net id="1061"><net_src comp="888" pin="2"/><net_sink comp="1057" pin=0"/></net>

<net id="1065"><net_src comp="98" pin="1"/><net_sink comp="1062" pin=0"/></net>

<net id="1066"><net_src comp="1062" pin="1"/><net_sink comp="555" pin=1"/></net>

<net id="1067"><net_src comp="1062" pin="1"/><net_sink comp="560" pin=0"/></net>

<net id="1068"><net_src comp="1062" pin="1"/><net_sink comp="1057" pin=1"/></net>

<net id="1072"><net_src comp="102" pin="1"/><net_sink comp="1069" pin=0"/></net>

<net id="1073"><net_src comp="1069" pin="1"/><net_sink comp="578" pin=0"/></net>

<net id="1074"><net_src comp="1069" pin="1"/><net_sink comp="1052" pin=1"/></net>

<net id="1078"><net_src comp="106" pin="1"/><net_sink comp="1075" pin=0"/></net>

<net id="1079"><net_src comp="1075" pin="1"/><net_sink comp="582" pin=0"/></net>

<net id="1080"><net_src comp="1075" pin="1"/><net_sink comp="1047" pin=1"/></net>

<net id="1084"><net_src comp="110" pin="1"/><net_sink comp="1081" pin=0"/></net>

<net id="1085"><net_src comp="1081" pin="1"/><net_sink comp="586" pin=0"/></net>

<net id="1086"><net_src comp="1081" pin="1"/><net_sink comp="1042" pin=1"/></net>

<net id="1090"><net_src comp="114" pin="1"/><net_sink comp="1087" pin=0"/></net>

<net id="1091"><net_src comp="1087" pin="1"/><net_sink comp="590" pin=0"/></net>

<net id="1092"><net_src comp="1087" pin="1"/><net_sink comp="1037" pin=1"/></net>

<net id="1096"><net_src comp="118" pin="1"/><net_sink comp="1093" pin=0"/></net>

<net id="1097"><net_src comp="1093" pin="1"/><net_sink comp="594" pin=0"/></net>

<net id="1098"><net_src comp="1093" pin="1"/><net_sink comp="1032" pin=1"/></net>

<net id="1102"><net_src comp="122" pin="1"/><net_sink comp="1099" pin=0"/></net>

<net id="1103"><net_src comp="1099" pin="1"/><net_sink comp="598" pin=0"/></net>

<net id="1104"><net_src comp="1099" pin="1"/><net_sink comp="1027" pin=1"/></net>

<net id="1108"><net_src comp="126" pin="1"/><net_sink comp="1105" pin=0"/></net>

<net id="1109"><net_src comp="1105" pin="1"/><net_sink comp="602" pin=0"/></net>

<net id="1110"><net_src comp="1105" pin="1"/><net_sink comp="1022" pin=1"/></net>

<net id="1114"><net_src comp="130" pin="1"/><net_sink comp="1111" pin=0"/></net>

<net id="1115"><net_src comp="1111" pin="1"/><net_sink comp="606" pin=0"/></net>

<net id="1116"><net_src comp="1111" pin="1"/><net_sink comp="1017" pin=1"/></net>

<net id="1120"><net_src comp="134" pin="1"/><net_sink comp="1117" pin=0"/></net>

<net id="1121"><net_src comp="1117" pin="1"/><net_sink comp="610" pin=0"/></net>

<net id="1122"><net_src comp="1117" pin="1"/><net_sink comp="1012" pin=1"/></net>

<net id="1126"><net_src comp="138" pin="1"/><net_sink comp="1123" pin=0"/></net>

<net id="1127"><net_src comp="1123" pin="1"/><net_sink comp="614" pin=0"/></net>

<net id="1128"><net_src comp="1123" pin="1"/><net_sink comp="1007" pin=1"/></net>

<net id="1132"><net_src comp="142" pin="1"/><net_sink comp="1129" pin=0"/></net>

<net id="1133"><net_src comp="1129" pin="1"/><net_sink comp="618" pin=0"/></net>

<net id="1134"><net_src comp="1129" pin="1"/><net_sink comp="1002" pin=1"/></net>

<net id="1138"><net_src comp="146" pin="1"/><net_sink comp="1135" pin=0"/></net>

<net id="1139"><net_src comp="1135" pin="1"/><net_sink comp="622" pin=0"/></net>

<net id="1140"><net_src comp="1135" pin="1"/><net_sink comp="997" pin=1"/></net>

<net id="1144"><net_src comp="150" pin="1"/><net_sink comp="1141" pin=0"/></net>

<net id="1145"><net_src comp="1141" pin="1"/><net_sink comp="626" pin=0"/></net>

<net id="1146"><net_src comp="1141" pin="1"/><net_sink comp="992" pin=1"/></net>

<net id="1150"><net_src comp="154" pin="1"/><net_sink comp="1147" pin=0"/></net>

<net id="1151"><net_src comp="1147" pin="1"/><net_sink comp="630" pin=0"/></net>

<net id="1152"><net_src comp="1147" pin="1"/><net_sink comp="987" pin=1"/></net>

<net id="1156"><net_src comp="158" pin="1"/><net_sink comp="1153" pin=0"/></net>

<net id="1157"><net_src comp="1153" pin="1"/><net_sink comp="634" pin=0"/></net>

<net id="1158"><net_src comp="1153" pin="1"/><net_sink comp="982" pin=1"/></net>

<net id="1162"><net_src comp="162" pin="1"/><net_sink comp="1159" pin=0"/></net>

<net id="1163"><net_src comp="1159" pin="1"/><net_sink comp="638" pin=0"/></net>

<net id="1164"><net_src comp="1159" pin="1"/><net_sink comp="977" pin=1"/></net>

<net id="1168"><net_src comp="166" pin="1"/><net_sink comp="1165" pin=0"/></net>

<net id="1169"><net_src comp="1165" pin="1"/><net_sink comp="642" pin=0"/></net>

<net id="1170"><net_src comp="1165" pin="1"/><net_sink comp="972" pin=1"/></net>

<net id="1174"><net_src comp="170" pin="1"/><net_sink comp="1171" pin=0"/></net>

<net id="1175"><net_src comp="1171" pin="1"/><net_sink comp="646" pin=0"/></net>

<net id="1176"><net_src comp="1171" pin="1"/><net_sink comp="967" pin=1"/></net>

<net id="1180"><net_src comp="174" pin="1"/><net_sink comp="1177" pin=0"/></net>

<net id="1181"><net_src comp="1177" pin="1"/><net_sink comp="650" pin=0"/></net>

<net id="1182"><net_src comp="1177" pin="1"/><net_sink comp="962" pin=1"/></net>

<net id="1186"><net_src comp="178" pin="1"/><net_sink comp="1183" pin=0"/></net>

<net id="1187"><net_src comp="1183" pin="1"/><net_sink comp="654" pin=0"/></net>

<net id="1188"><net_src comp="1183" pin="1"/><net_sink comp="957" pin=1"/></net>

<net id="1192"><net_src comp="182" pin="1"/><net_sink comp="1189" pin=0"/></net>

<net id="1193"><net_src comp="1189" pin="1"/><net_sink comp="658" pin=0"/></net>

<net id="1194"><net_src comp="1189" pin="1"/><net_sink comp="952" pin=1"/></net>

<net id="1198"><net_src comp="186" pin="1"/><net_sink comp="1195" pin=0"/></net>

<net id="1199"><net_src comp="1195" pin="1"/><net_sink comp="662" pin=0"/></net>

<net id="1200"><net_src comp="1195" pin="1"/><net_sink comp="947" pin=1"/></net>

<net id="1204"><net_src comp="190" pin="1"/><net_sink comp="1201" pin=0"/></net>

<net id="1205"><net_src comp="1201" pin="1"/><net_sink comp="666" pin=0"/></net>

<net id="1206"><net_src comp="1201" pin="1"/><net_sink comp="942" pin=1"/></net>

<net id="1210"><net_src comp="194" pin="1"/><net_sink comp="1207" pin=0"/></net>

<net id="1211"><net_src comp="1207" pin="1"/><net_sink comp="670" pin=0"/></net>

<net id="1212"><net_src comp="1207" pin="1"/><net_sink comp="937" pin=1"/></net>

<net id="1216"><net_src comp="198" pin="1"/><net_sink comp="1213" pin=0"/></net>

<net id="1217"><net_src comp="1213" pin="1"/><net_sink comp="674" pin=0"/></net>

<net id="1218"><net_src comp="1213" pin="1"/><net_sink comp="932" pin=1"/></net>

<net id="1222"><net_src comp="202" pin="1"/><net_sink comp="1219" pin=0"/></net>

<net id="1223"><net_src comp="1219" pin="1"/><net_sink comp="678" pin=0"/></net>

<net id="1224"><net_src comp="1219" pin="1"/><net_sink comp="927" pin=1"/></net>

<net id="1228"><net_src comp="206" pin="1"/><net_sink comp="1225" pin=0"/></net>

<net id="1229"><net_src comp="1225" pin="1"/><net_sink comp="682" pin=0"/></net>

<net id="1230"><net_src comp="1225" pin="1"/><net_sink comp="922" pin=1"/></net>

<net id="1234"><net_src comp="210" pin="1"/><net_sink comp="1231" pin=0"/></net>

<net id="1235"><net_src comp="1231" pin="1"/><net_sink comp="686" pin=0"/></net>

<net id="1236"><net_src comp="1231" pin="1"/><net_sink comp="917" pin=1"/></net>

<net id="1240"><net_src comp="214" pin="1"/><net_sink comp="1237" pin=0"/></net>

<net id="1241"><net_src comp="1237" pin="1"/><net_sink comp="690" pin=0"/></net>

<net id="1242"><net_src comp="1237" pin="1"/><net_sink comp="912" pin=1"/></net>

<net id="1246"><net_src comp="218" pin="1"/><net_sink comp="1243" pin=0"/></net>

<net id="1247"><net_src comp="1243" pin="1"/><net_sink comp="694" pin=0"/></net>

<net id="1248"><net_src comp="1243" pin="1"/><net_sink comp="907" pin=1"/></net>

<net id="1252"><net_src comp="222" pin="1"/><net_sink comp="1249" pin=0"/></net>

<net id="1253"><net_src comp="1249" pin="1"/><net_sink comp="698" pin=0"/></net>

<net id="1254"><net_src comp="1249" pin="1"/><net_sink comp="902" pin=1"/></net>

<net id="1258"><net_src comp="226" pin="1"/><net_sink comp="1255" pin=0"/></net>

<net id="1259"><net_src comp="1255" pin="1"/><net_sink comp="702" pin=0"/></net>

<net id="1260"><net_src comp="1255" pin="1"/><net_sink comp="897" pin=1"/></net>

<net id="1264"><net_src comp="230" pin="1"/><net_sink comp="1261" pin=0"/></net>

<net id="1265"><net_src comp="1261" pin="1"/><net_sink comp="550" pin=1"/></net>

<net id="1266"><net_src comp="1261" pin="1"/><net_sink comp="563" pin=0"/></net>

<net id="1267"><net_src comp="1261" pin="1"/><net_sink comp="893" pin=1"/></net>

<net id="1271"><net_src comp="370" pin="2"/><net_sink comp="1268" pin=0"/></net>

<net id="1272"><net_src comp="1268" pin="1"/><net_sink comp="464" pin=38"/></net>

<net id="1276"><net_src comp="234" pin="1"/><net_sink comp="1273" pin=0"/></net>

<net id="1277"><net_src comp="1273" pin="1"/><net_sink comp="389" pin=69"/></net>

<net id="1278"><net_src comp="1273" pin="1"/><net_sink comp="814" pin=0"/></net>

<net id="1282"><net_src comp="238" pin="1"/><net_sink comp="1279" pin=0"/></net>

<net id="1283"><net_src comp="1279" pin="1"/><net_sink comp="389" pin=68"/></net>

<net id="1284"><net_src comp="1279" pin="1"/><net_sink comp="811" pin=0"/></net>

<net id="1288"><net_src comp="242" pin="1"/><net_sink comp="1285" pin=0"/></net>

<net id="1289"><net_src comp="1285" pin="1"/><net_sink comp="389" pin=67"/></net>

<net id="1290"><net_src comp="1285" pin="1"/><net_sink comp="808" pin=0"/></net>

<net id="1294"><net_src comp="246" pin="1"/><net_sink comp="1291" pin=0"/></net>

<net id="1295"><net_src comp="1291" pin="1"/><net_sink comp="389" pin=66"/></net>

<net id="1296"><net_src comp="1291" pin="1"/><net_sink comp="805" pin=0"/></net>

<net id="1300"><net_src comp="250" pin="1"/><net_sink comp="1297" pin=0"/></net>

<net id="1301"><net_src comp="1297" pin="1"/><net_sink comp="389" pin=65"/></net>

<net id="1302"><net_src comp="1297" pin="1"/><net_sink comp="802" pin=0"/></net>

<net id="1306"><net_src comp="254" pin="1"/><net_sink comp="1303" pin=0"/></net>

<net id="1307"><net_src comp="1303" pin="1"/><net_sink comp="389" pin=64"/></net>

<net id="1308"><net_src comp="1303" pin="1"/><net_sink comp="799" pin=0"/></net>

<net id="1312"><net_src comp="258" pin="1"/><net_sink comp="1309" pin=0"/></net>

<net id="1313"><net_src comp="1309" pin="1"/><net_sink comp="389" pin=63"/></net>

<net id="1314"><net_src comp="1309" pin="1"/><net_sink comp="796" pin=0"/></net>

<net id="1318"><net_src comp="262" pin="1"/><net_sink comp="1315" pin=0"/></net>

<net id="1319"><net_src comp="1315" pin="1"/><net_sink comp="389" pin=62"/></net>

<net id="1320"><net_src comp="1315" pin="1"/><net_sink comp="793" pin=0"/></net>

<net id="1324"><net_src comp="266" pin="1"/><net_sink comp="1321" pin=0"/></net>

<net id="1325"><net_src comp="1321" pin="1"/><net_sink comp="389" pin=61"/></net>

<net id="1326"><net_src comp="1321" pin="1"/><net_sink comp="790" pin=0"/></net>

<net id="1330"><net_src comp="270" pin="1"/><net_sink comp="1327" pin=0"/></net>

<net id="1331"><net_src comp="1327" pin="1"/><net_sink comp="389" pin=60"/></net>

<net id="1332"><net_src comp="1327" pin="1"/><net_sink comp="787" pin=0"/></net>

<net id="1336"><net_src comp="274" pin="1"/><net_sink comp="1333" pin=0"/></net>

<net id="1337"><net_src comp="1333" pin="1"/><net_sink comp="389" pin=59"/></net>

<net id="1338"><net_src comp="1333" pin="1"/><net_sink comp="784" pin=0"/></net>

<net id="1342"><net_src comp="278" pin="1"/><net_sink comp="1339" pin=0"/></net>

<net id="1343"><net_src comp="1339" pin="1"/><net_sink comp="389" pin=58"/></net>

<net id="1344"><net_src comp="1339" pin="1"/><net_sink comp="781" pin=0"/></net>

<net id="1348"><net_src comp="282" pin="1"/><net_sink comp="1345" pin=0"/></net>

<net id="1349"><net_src comp="1345" pin="1"/><net_sink comp="389" pin=57"/></net>

<net id="1350"><net_src comp="1345" pin="1"/><net_sink comp="778" pin=0"/></net>

<net id="1354"><net_src comp="286" pin="1"/><net_sink comp="1351" pin=0"/></net>

<net id="1355"><net_src comp="1351" pin="1"/><net_sink comp="389" pin=56"/></net>

<net id="1356"><net_src comp="1351" pin="1"/><net_sink comp="775" pin=0"/></net>

<net id="1360"><net_src comp="290" pin="1"/><net_sink comp="1357" pin=0"/></net>

<net id="1361"><net_src comp="1357" pin="1"/><net_sink comp="389" pin=55"/></net>

<net id="1362"><net_src comp="1357" pin="1"/><net_sink comp="772" pin=0"/></net>

<net id="1366"><net_src comp="294" pin="1"/><net_sink comp="1363" pin=0"/></net>

<net id="1367"><net_src comp="1363" pin="1"/><net_sink comp="389" pin=54"/></net>

<net id="1368"><net_src comp="1363" pin="1"/><net_sink comp="769" pin=0"/></net>

<net id="1372"><net_src comp="298" pin="1"/><net_sink comp="1369" pin=0"/></net>

<net id="1373"><net_src comp="1369" pin="1"/><net_sink comp="389" pin=53"/></net>

<net id="1374"><net_src comp="1369" pin="1"/><net_sink comp="766" pin=0"/></net>

<net id="1378"><net_src comp="302" pin="1"/><net_sink comp="1375" pin=0"/></net>

<net id="1379"><net_src comp="1375" pin="1"/><net_sink comp="389" pin=52"/></net>

<net id="1380"><net_src comp="1375" pin="1"/><net_sink comp="763" pin=0"/></net>

<net id="1384"><net_src comp="306" pin="1"/><net_sink comp="1381" pin=0"/></net>

<net id="1385"><net_src comp="1381" pin="1"/><net_sink comp="389" pin=51"/></net>

<net id="1386"><net_src comp="1381" pin="1"/><net_sink comp="760" pin=0"/></net>

<net id="1390"><net_src comp="310" pin="1"/><net_sink comp="1387" pin=0"/></net>

<net id="1391"><net_src comp="1387" pin="1"/><net_sink comp="389" pin=50"/></net>

<net id="1392"><net_src comp="1387" pin="1"/><net_sink comp="757" pin=0"/></net>

<net id="1396"><net_src comp="314" pin="1"/><net_sink comp="1393" pin=0"/></net>

<net id="1397"><net_src comp="1393" pin="1"/><net_sink comp="389" pin=49"/></net>

<net id="1398"><net_src comp="1393" pin="1"/><net_sink comp="754" pin=0"/></net>

<net id="1402"><net_src comp="318" pin="1"/><net_sink comp="1399" pin=0"/></net>

<net id="1403"><net_src comp="1399" pin="1"/><net_sink comp="389" pin=48"/></net>

<net id="1404"><net_src comp="1399" pin="1"/><net_sink comp="751" pin=0"/></net>

<net id="1408"><net_src comp="322" pin="1"/><net_sink comp="1405" pin=0"/></net>

<net id="1409"><net_src comp="1405" pin="1"/><net_sink comp="389" pin=47"/></net>

<net id="1410"><net_src comp="1405" pin="1"/><net_sink comp="748" pin=0"/></net>

<net id="1414"><net_src comp="326" pin="1"/><net_sink comp="1411" pin=0"/></net>

<net id="1415"><net_src comp="1411" pin="1"/><net_sink comp="389" pin=46"/></net>

<net id="1416"><net_src comp="1411" pin="1"/><net_sink comp="745" pin=0"/></net>

<net id="1420"><net_src comp="330" pin="1"/><net_sink comp="1417" pin=0"/></net>

<net id="1421"><net_src comp="1417" pin="1"/><net_sink comp="389" pin=45"/></net>

<net id="1422"><net_src comp="1417" pin="1"/><net_sink comp="742" pin=0"/></net>

<net id="1426"><net_src comp="334" pin="1"/><net_sink comp="1423" pin=0"/></net>

<net id="1427"><net_src comp="1423" pin="1"/><net_sink comp="389" pin=44"/></net>

<net id="1428"><net_src comp="1423" pin="1"/><net_sink comp="739" pin=0"/></net>

<net id="1432"><net_src comp="338" pin="1"/><net_sink comp="1429" pin=0"/></net>

<net id="1433"><net_src comp="1429" pin="1"/><net_sink comp="389" pin=43"/></net>

<net id="1434"><net_src comp="1429" pin="1"/><net_sink comp="736" pin=0"/></net>

<net id="1438"><net_src comp="342" pin="1"/><net_sink comp="1435" pin=0"/></net>

<net id="1439"><net_src comp="1435" pin="1"/><net_sink comp="389" pin=42"/></net>

<net id="1440"><net_src comp="1435" pin="1"/><net_sink comp="733" pin=0"/></net>

<net id="1444"><net_src comp="346" pin="1"/><net_sink comp="1441" pin=0"/></net>

<net id="1445"><net_src comp="1441" pin="1"/><net_sink comp="389" pin=41"/></net>

<net id="1446"><net_src comp="1441" pin="1"/><net_sink comp="730" pin=0"/></net>

<net id="1450"><net_src comp="350" pin="1"/><net_sink comp="1447" pin=0"/></net>

<net id="1451"><net_src comp="1447" pin="1"/><net_sink comp="389" pin=40"/></net>

<net id="1452"><net_src comp="1447" pin="1"/><net_sink comp="727" pin=0"/></net>

<net id="1456"><net_src comp="354" pin="1"/><net_sink comp="1453" pin=0"/></net>

<net id="1457"><net_src comp="1453" pin="1"/><net_sink comp="389" pin=39"/></net>

<net id="1458"><net_src comp="1453" pin="1"/><net_sink comp="724" pin=0"/></net>

<net id="1462"><net_src comp="358" pin="1"/><net_sink comp="1459" pin=0"/></net>

<net id="1463"><net_src comp="1459" pin="1"/><net_sink comp="389" pin=38"/></net>

<net id="1464"><net_src comp="1459" pin="1"/><net_sink comp="721" pin=0"/></net>

<net id="1468"><net_src comp="362" pin="1"/><net_sink comp="1465" pin=0"/></net>

<net id="1469"><net_src comp="1465" pin="1"/><net_sink comp="389" pin=37"/></net>

<net id="1470"><net_src comp="1465" pin="1"/><net_sink comp="718" pin=0"/></net>

<net id="1474"><net_src comp="366" pin="1"/><net_sink comp="1471" pin=0"/></net>

<net id="1475"><net_src comp="1471" pin="1"/><net_sink comp="537" pin=1"/></net>

<net id="1476"><net_src comp="1471" pin="1"/><net_sink comp="542" pin=0"/></net>

<net id="1477"><net_src comp="1471" pin="1"/><net_sink comp="545" pin=1"/></net>

<net id="1481"><net_src comp="560" pin="1"/><net_sink comp="1478" pin=0"/></net>

<net id="1482"><net_src comp="1478" pin="1"/><net_sink comp="464" pin=1"/></net>

<net id="1483"><net_src comp="1478" pin="1"/><net_sink comp="464" pin=37"/></net>

<net id="1487"><net_src comp="563" pin="1"/><net_sink comp="1484" pin=0"/></net>

<net id="1488"><net_src comp="1484" pin="1"/><net_sink comp="464" pin=7"/></net>

<net id="1495"><net_src comp="572" pin="2"/><net_sink comp="1492" pin=0"/></net>

<net id="1496"><net_src comp="1492" pin="1"/><net_sink comp="893" pin=0"/></net>

<net id="1596"><net_src comp="706" pin="1"/><net_sink comp="1593" pin=0"/></net>

<net id="1597"><net_src comp="1593" pin="1"/><net_sink comp="389" pin=36"/></net>

<net id="1598"><net_src comp="1593" pin="1"/><net_sink comp="857" pin=5"/></net>

<net id="1599"><net_src comp="1593" pin="1"/><net_sink comp="877" pin=1"/></net>

<net id="1600"><net_src comp="1593" pin="1"/><net_sink comp="877" pin=2"/></net>

<net id="1601"><net_src comp="1593" pin="1"/><net_sink comp="464" pin=36"/></net>

<net id="1605"><net_src comp="711" pin="2"/><net_sink comp="1602" pin=0"/></net>

<net id="1606"><net_src comp="1602" pin="1"/><net_sink comp="389" pin=33"/></net>

</net_list>

</model> 
---------------- Datapath Model END ------------------

* FSMD analyzer results:
  - Output states:
	Port: buffer_2 | {4 5 6 }
	Port: compute2in_ap_int_32_ap_int_32_ap_int_32_bool_REG1 | {4 5 6 }
	Port: compute2in_ap_int_32_ap_int_32_ap_int_32_bool_REG1_5 | {4 5 6 }
	Port: p_ZZ10compute2inP6ap_intILi32EES1_S1_bE4REG1_10 | {4 5 6 }
	Port: p_ZZ10compute2inP6ap_intILi32EES1_S1_bE4REG1_15 | {4 }
	Port: compute2in_ap_int_32_ap_int_32_ap_int_32_bool_REG1_1 | {5 6 }
	Port: compute2in_ap_int_32_ap_int_32_ap_int_32_bool_REG1_2 | {5 6 }
	Port: compute2in_ap_int_32_ap_int_32_ap_int_32_bool_REG1_3 | {5 6 }
	Port: compute2in_ap_int_32_ap_int_32_ap_int_32_bool_REG1_4 | {5 6 }
	Port: compute2in_ap_int_32_ap_int_32_ap_int_32_bool_REG1_6 | {5 6 }
	Port: compute2in_ap_int_32_ap_int_32_ap_int_32_bool_REG1_7 | {5 6 }
	Port: compute2in_ap_int_32_ap_int_32_ap_int_32_bool_REG1_8 | {5 6 }
	Port: compute2in_ap_int_32_ap_int_32_ap_int_32_bool_REG1_9 | {5 6 }
	Port: p_ZZ10compute2inP6ap_intILi32EES1_S1_bE4REG1_11 | {5 6 }
	Port: p_ZZ10compute2inP6ap_intILi32EES1_S1_bE4REG1_12 | {5 6 }
	Port: p_ZZ10compute2inP6ap_intILi32EES1_S1_bE4REG1_13 | {5 6 }
	Port: p_ZZ10compute2inP6ap_intILi32EES1_S1_bE4REG1_14 | {5 6 }
 - Input state : 
	Port: compute2in : buffer_a | {2 3 }
	Port: compute2in : buffer_b | {2 3 }
	Port: compute2in : phase | {1 }
	Port: compute2in : compute2in_ap_int_32_ap_int_32_ap_int_32_bool_REG1 | {4 5 6 }
	Port: compute2in : compute2in_ap_int_32_ap_int_32_ap_int_32_bool_REG1_5 | {4 5 6 }
	Port: compute2in : p_ZZ10compute2inP6ap_intILi32EES1_S1_bE4REG1_10 | {4 5 6 }
	Port: compute2in : p_ZZ10compute2inP6ap_intILi32EES1_S1_bE4REG1_15 | {4 }
	Port: compute2in : compute2in_ap_int_32_ap_int_32_ap_int_32_bool_REG1_1 | {5 6 }
	Port: compute2in : compute2in_ap_int_32_ap_int_32_ap_int_32_bool_REG1_2 | {5 6 }
	Port: compute2in : compute2in_ap_int_32_ap_int_32_ap_int_32_bool_REG1_3 | {5 6 }
	Port: compute2in : compute2in_ap_int_32_ap_int_32_ap_int_32_bool_REG1_4 | {5 6 }
	Port: compute2in : compute2in_ap_int_32_ap_int_32_ap_int_32_bool_REG1_6 | {5 6 }
	Port: compute2in : compute2in_ap_int_32_ap_int_32_ap_int_32_bool_REG1_7 | {5 6 }
	Port: compute2in : compute2in_ap_int_32_ap_int_32_ap_int_32_bool_REG1_8 | {5 6 }
	Port: compute2in : compute2in_ap_int_32_ap_int_32_ap_int_32_bool_REG1_9 | {5 6 }
	Port: compute2in : p_ZZ10compute2inP6ap_intILi32EES1_S1_bE4REG1_11 | {5 6 }
	Port: compute2in : p_ZZ10compute2inP6ap_intILi32EES1_S1_bE4REG1_12 | {5 6 }
	Port: compute2in : p_ZZ10compute2inP6ap_intILi32EES1_S1_bE4REG1_13 | {5 6 }
	Port: compute2in : p_ZZ10compute2inP6ap_intILi32EES1_S1_bE4REG1_14 | {5 6 }
  - Chain level:
	State 1
		store_ln56 : 1
		dummy_1 : 1
		store_ln58 : 2
		store_ln63 : 1
		store_ln63 : 1
	State 2
		icmp_ln63 : 1
		add_ln63_1 : 1
		br_ln63 : 2
		empty_19 : 1
		empty_20 : 1
		call_ln0 : 1
	State 3
	State 4
		store_ln85 : 1
		store_ln85 : 1
		store_ln85 : 1
		store_ln85 : 1
		tmp : 1
		add_ln83 : 2
		zext_ln83 : 1
		buffer_2_addr : 2
		store_ln83 : 3
		store_ln63 : 1
		store_ln63 : 1
		store_ln63 : 1
		store_ln63 : 1
		store_ln63 : 1
		store_ln63 : 1
		store_ln63 : 1
		store_ln63 : 1
		store_ln63 : 1
		store_ln63 : 1
		store_ln63 : 1
		store_ln63 : 1
		store_ln63 : 1
		store_ln63 : 1
		store_ln63 : 1
		store_ln63 : 1
		store_ln63 : 1
		store_ln63 : 1
		store_ln63 : 1
		store_ln63 : 1
		store_ln63 : 1
		store_ln63 : 1
		store_ln63 : 1
		store_ln63 : 1
		store_ln63 : 1
		store_ln63 : 1
		store_ln63 : 1
		store_ln63 : 1
		store_ln63 : 1
		store_ln63 : 1
		store_ln63 : 1
		store_ln63 : 1
		store_ln63 : 1
	State 5
	State 6


============================================================
+ Verbose Summary: Datapath Resource usage 
============================================================

* Functional unit list:
|----------|------------------------------------------------|---------|---------|---------|---------|
| Operation|                 Functional Unit                |   DSP   |  Delay  |    FF   |   LUT   |
|----------|------------------------------------------------|---------|---------|---------|---------|
|   call   | grp_compute2in_Pipeline_VITIS_LOOP_66_2_fu_389 |    2    |  2.611  |   751   |   639   |
|          | grp_compute2in_Pipeline_VITIS_LOOP_87_3_fu_464 |    8    |  7.882  |   1478  |   794   |
|----------|------------------------------------------------|---------|---------|---------|---------|
|          |                add_ln63_1_fu_572               |    0    |    0    |    0    |    9    |
|    add   |                 add_ln83_fu_870                |    0    |    0    |    0    |    39   |
|          |                 add_ln63_fu_888                |    0    |    0    |    0    |    10   |
|----------|------------------------------------------------|---------|---------|---------|---------|
|    mux   |                   tmp_fu_857                   |    0    |    0    |    0    |    20   |
|----------|------------------------------------------------|---------|---------|---------|---------|
|   icmp   |                icmp_ln63_fu_566                |    0    |    0    |    0    |    8    |
|----------|------------------------------------------------|---------|---------|---------|---------|
|   read   |             phase_read_read_fu_370             |    0    |    0    |    0    |    0    |
|----------|------------------------------------------------|---------|---------|---------|---------|
|   trunc  |                 empty_19_fu_706                |    0    |    0    |    0    |    0    |
|----------|------------------------------------------------|---------|---------|---------|---------|
|    shl   |                 empty_20_fu_711                |    0    |    0    |    0    |    0    |
|----------|------------------------------------------------|---------|---------|---------|---------|
|bitconcatenate|                 lshr_ln_fu_877                 |    0    |    0    |    0    |    0    |
|----------|------------------------------------------------|---------|---------|---------|---------|
|   zext   |                zext_ln83_fu_883                |    0    |    0    |    0    |    0    |
|----------|------------------------------------------------|---------|---------|---------|---------|
|   Total  |                                                |    10   |  10.493 |   2229  |   1519  |
|----------|------------------------------------------------|---------|---------|---------|---------|

Memories:
N/A

* Register list:
+---------------------------+--------+
|                           |   FF   |
+---------------------------+--------+
|     REG_V_10_reg_1129     |   16   |
|     REG_V_11_reg_1135     |   16   |
|     REG_V_12_reg_1141     |   16   |
|     REG_V_13_reg_1147     |   16   |
|     REG_V_14_reg_1153     |   16   |
|     REG_V_15_reg_1159     |   16   |
|     REG_V_16_reg_1165     |   16   |
|     REG_V_17_reg_1171     |   16   |
|     REG_V_18_reg_1177     |   16   |
|     REG_V_19_reg_1183     |   16   |
|      REG_V_1_reg_1075     |   16   |
|     REG_V_20_reg_1189     |   16   |
|     REG_V_21_reg_1195     |   16   |
|     REG_V_22_reg_1201     |   16   |
|     REG_V_23_reg_1207     |   16   |
|     REG_V_24_reg_1213     |   16   |
|     REG_V_25_reg_1219     |   16   |
|     REG_V_26_reg_1225     |   16   |
|     REG_V_27_reg_1231     |   16   |
|     REG_V_28_reg_1237     |   16   |
|     REG_V_29_reg_1243     |   16   |
|      REG_V_2_reg_1081     |   16   |
|     REG_V_30_reg_1249     |   16   |
|     REG_V_31_reg_1255     |   16   |
|   REG_V_32_loc_reg_1279   |   16   |
|   REG_V_33_loc_reg_1285   |   16   |
|   REG_V_34_loc_reg_1291   |   16   |
|   REG_V_35_loc_reg_1297   |   16   |
|   REG_V_36_loc_reg_1303   |   16   |
|   REG_V_37_loc_reg_1309   |   16   |
|   REG_V_38_loc_reg_1315   |   16   |
|   REG_V_39_loc_reg_1321   |   16   |
|      REG_V_3_reg_1087     |   16   |
|   REG_V_40_loc_reg_1327   |   16   |
|   REG_V_41_loc_reg_1333   |   16   |
|   REG_V_42_loc_reg_1339   |   16   |
|   REG_V_43_loc_reg_1345   |   16   |
|   REG_V_44_loc_reg_1351   |   16   |
|   REG_V_45_loc_reg_1357   |   16   |
|   REG_V_46_loc_reg_1363   |   16   |
|   REG_V_47_loc_reg_1369   |   16   |
|   REG_V_48_loc_reg_1375   |   16   |
|   REG_V_49_loc_reg_1381   |   16   |
|      REG_V_4_reg_1093     |   16   |
|   REG_V_50_loc_reg_1387   |   16   |
|   REG_V_51_loc_reg_1393   |   16   |
|   REG_V_52_loc_reg_1399   |   16   |
|   REG_V_53_loc_reg_1405   |   16   |
|   REG_V_54_loc_reg_1411   |   16   |
|   REG_V_55_loc_reg_1417   |   16   |
|   REG_V_56_loc_reg_1423   |   16   |
|   REG_V_57_loc_reg_1429   |   16   |
|   REG_V_58_loc_reg_1435   |   16   |
|   REG_V_59_loc_reg_1441   |   16   |
|      REG_V_5_reg_1099     |   16   |
|   REG_V_60_loc_reg_1447   |   16   |
|   REG_V_61_loc_reg_1453   |   16   |
|   REG_V_62_loc_reg_1459   |   16   |
|   REG_V_63_loc_reg_1465   |   16   |
|      REG_V_6_reg_1105     |   16   |
|      REG_V_7_reg_1111     |   16   |
|      REG_V_8_reg_1117     |   16   |
|      REG_V_9_reg_1123     |   16   |
|       REG_V_reg_1069      |   16   |
|    add_ln63_1_reg_1492    |    2   |
|       dummy_reg_1471      |    1   |
|     empty_19_reg_1593     |    2   |
|     empty_20_reg_1602     |    3   |
|        i_1_reg_1478       |    3   |
|         i_reg_1062        |    3   |
|indvars_iv424_load_reg_1484|    2   |
|   indvars_iv424_reg_1261  |    2   |
|    phase_read_reg_1268    |    1   |
|  self_sum_V_loc_reg_1273  |   32   |
+---------------------------+--------+
|           Total           |  1075  |
+---------------------------+--------+

* Multiplexer (MUX) list: 
|------------------------------------------------|------|------|------|--------||---------||---------|
|                      Comp                      |  Pin | Size |  BW  | S x BW ||  Delay  ||   LUT   |
|------------------------------------------------|------|------|------|--------||---------||---------|
| grp_compute2in_Pipeline_VITIS_LOOP_66_2_fu_389 |  p33 |   2  |   3  |    6   ||    9    |
| grp_compute2in_Pipeline_VITIS_LOOP_66_2_fu_389 |  p36 |   2  |   2  |    4   ||    9    |
|------------------------------------------------|------|------|------|--------||---------||---------|
|                      Total                     |      |      |      |   10   ||  0.854  ||    18   |
|------------------------------------------------|------|------|------|--------||---------||---------|



* Summary:
+-----------+--------+--------+--------+--------+
|           |   DSP  |  Delay |   FF   |   LUT  |
+-----------+--------+--------+--------+--------+
|  Function |   10   |   10   |  2229  |  1519  |
|   Memory  |    -   |    -   |    -   |    -   |
|Multiplexer|    -   |    0   |    -   |   18   |
|  Register |    -   |    -   |  1075  |    -   |
+-----------+--------+--------+--------+--------+
|   Total   |   10   |   11   |  3304  |  1537  |
+-----------+--------+--------+--------+--------+
