

================================================================
== Vitis HLS Report for 'compute_Pipeline_VITIS_LOOP_81_3'
================================================================
* Date:           Thu Sep 10 22:43:38 2026

* Version:        2022.2 (Build 3670227 on Oct 13 2022)
* Project:        Compute_block
* Solution:       solution1 (Vivado IP Flow Target)
* Product family: zynquplus
* Target device:  xczu7ev-ffvc1156-2-e


================================================================
== Performance Estimates
================================================================
+ Timing: 
    * Summary: 
    +--------+----------+----------+------------+
    |  Clock |  Target  | Estimated| Uncertainty|
    +--------+----------+----------+------------+
    |ap_clk  |  10.00 ns|  2.240 ns|     2.70 ns|
    +--------+----------+----------+------------+

+ Latency: 
    * Summary: 
    +---------+---------+-----------+----------+-----+-----+---------+
    |  Latency (cycles) |  Latency (absolute)  |  Interval | Pipeline|
    |   min   |   max   |    min    |    max   | min | max |   Type  |
    +---------+---------+-----------+----------+-----+-----+---------+
    |        2|       12|  20.000 ns|  0.120 us|    2|   12|       no|
    +---------+---------+-----------+----------+-----+-----+---------+

    + Detail: 
        * Instance: 
        N/A

        * Loop: 
        +-------------------+---------+---------+----------+-----------+-----------+-------+----------+
        |                   |  Latency (cycles) | Iteration|  Initiation Interval  |  Trip |          |
        |     Loop Name     |   min   |   max   |  Latency |  achieved |   target  | Count | Pipelined|
        +-------------------+---------+---------+----------+-----------+-----------+-------+----------+
        |- VITIS_LOOP_81_3  |        0|       10|         7|          2|          1|  0 ~ 3|       yes|
        +-------------------+---------+---------+----------+-----------+-----------+-------+----------+



================================================================
== Utilization Estimates
================================================================
* Summary: 
+-----------------+---------+------+--------+--------+-----+
|       Name      | BRAM_18K|  DSP |   FF   |   LUT  | URAM|
+-----------------+---------+------+--------+--------+-----+
|DSP              |        -|     8|       -|       -|    -|
|Expression       |        -|     -|       0|     220|    -|
|FIFO             |        -|     -|       -|       -|    -|
|Instance         |        -|     -|       0|     402|    -|
|Memory           |        -|     -|       -|       -|    -|
|Multiplexer      |        -|     -|       -|     237|    -|
|Register         |        -|     -|    1002|      32|    -|
+-----------------+---------+------+--------+--------+-----+
|Total            |        0|     8|    1002|     891|    0|
+-----------------+---------+------+--------+--------+-----+
|Available        |      624|  1728|  460800|  230400|   96|
+-----------------+---------+------+--------+--------+-----+
|Utilization (%)  |        0|    ~0|      ~0|      ~0|    0|
+-----------------+---------+------+--------+--------+-----+

+ Detail: 
    * Instance: 
    +--------------------+----------------+---------+----+---+----+-----+
    |      Instance      |     Module     | BRAM_18K| DSP| FF| LUT| URAM|
    +--------------------+----------------+---------+----+---+----+-----+
    |mux_124_32_1_1_U91  |mux_124_32_1_1  |        0|   0|  0|  65|    0|
    |mux_154_32_1_1_U90  |mux_154_32_1_1  |        0|   0|  0|  65|    0|
    |mux_32_16_1_1_U75   |mux_32_16_1_1   |        0|   0|  0|  14|    0|
    |mux_32_16_1_1_U77   |mux_32_16_1_1   |        0|   0|  0|  14|    0|
    |mux_32_16_1_1_U78   |mux_32_16_1_1   |        0|   0|  0|  14|    0|
    |mux_32_16_1_1_U80   |mux_32_16_1_1   |        0|   0|  0|  14|    0|
    |mux_32_16_1_1_U84   |mux_32_16_1_1   |        0|   0|  0|  14|    0|
    |mux_32_16_1_1_U85   |mux_32_16_1_1   |        0|   0|  0|  14|    0|
    |mux_32_16_1_1_U88   |mux_32_16_1_1   |        0|   0|  0|  14|    0|
    |mux_32_16_1_1_U89   |mux_32_16_1_1   |        0|   0|  0|  14|    0|
    |mux_42_16_1_1_U74   |mux_42_16_1_1   |        0|   0|  0|  20|    0|
    |mux_42_16_1_1_U76   |mux_42_16_1_1   |        0|   0|  0|  20|    0|
    |mux_42_16_1_1_U79   |mux_42_16_1_1   |        0|   0|  0|  20|    0|
    |mux_42_16_1_1_U81   |mux_42_16_1_1   |        0|   0|  0|  20|    0|
    |mux_42_16_1_1_U82   |mux_42_16_1_1   |        0|   0|  0|  20|    0|
    |mux_42_16_1_1_U83   |mux_42_16_1_1   |        0|   0|  0|  20|    0|
    |mux_42_16_1_1_U86   |mux_42_16_1_1   |        0|   0|  0|  20|    0|
    |mux_42_16_1_1_U87   |mux_42_16_1_1   |        0|   0|  0|  20|    0|
    +--------------------+----------------+---------+----+---+----+-----+
    |Total               |                |        0|   0|  0| 402|    0|
    +--------------------+----------------+---------+----+---+----+-----+

    * DSP: 
    +--------------------------------------+----------------------------------+--------------+
    |               Instance               |              Module              |  Expression  |
    +--------------------------------------+----------------------------------+--------------+
    |mac_muladd_16ns_16ns_32ns_32_4_1_U96  |mac_muladd_16ns_16ns_32ns_32_4_1  |  i0 + i1 * i2|
    |mac_muladd_16ns_16ns_32ns_32_4_1_U97  |mac_muladd_16ns_16ns_32ns_32_4_1  |  i0 + i1 * i2|
    |mac_muladd_16ns_16ns_32ns_32_4_1_U98  |mac_muladd_16ns_16ns_32ns_32_4_1  |  i0 + i1 * i2|
    |mac_muladd_16ns_16ns_32ns_32_4_1_U99  |mac_muladd_16ns_16ns_32ns_32_4_1  |  i0 + i1 * i2|
    |mul_mul_16ns_16ns_32_4_1_U92          |mul_mul_16ns_16ns_32_4_1          |       i0 * i1|
    |mul_mul_16ns_16ns_32_4_1_U93          |mul_mul_16ns_16ns_32_4_1          |       i0 * i1|
    |mul_mul_16ns_16ns_32_4_1_U94          |mul_mul_16ns_16ns_32_4_1          |       i0 * i1|
    |mul_mul_16ns_16ns_32_4_1_U95          |mul_mul_16ns_16ns_32_4_1          |       i0 * i1|
    +--------------------------------------+----------------------------------+--------------+

    * Memory: 
    N/A

    * FIFO: 
    N/A

    * Expression: 
    +-----------------------+----------+----+---+----+------------+------------+
    |     Variable Name     | Operation| DSP| FF| LUT| Bitwidth P0| Bitwidth P1|
    +-----------------------+----------+----+---+----+------------+------------+
    |add_ln186_fu_925_p2    |         +|   0|  0|  39|          32|          32|
    |add_ln81_fu_451_p2     |         +|   0|  0|   9|           2|           1|
    |add_ln89_3_fu_697_p2   |         +|   0|  0|  39|          32|          32|
    |add_ln89_fu_902_p2     |         +|   0|  0|  39|          32|          32|
    |add_ln90_1_fu_1018_p2  |         +|   0|  0|  32|          32|          32|
    |add_ln90_fu_1023_p2    |         +|   0|  0|  32|          32|          32|
    |add_ln93_fu_915_p2     |         +|   0|  0|  12|           4|           4|
    |ap_condition_855       |       and|   0|  0|   2|           1|           1|
    |ap_condition_859       |       and|   0|  0|   2|           1|           1|
    |ap_condition_862       |       and|   0|  0|   2|           1|           1|
    |ap_condition_867       |       and|   0|  0|   2|           1|           1|
    |icmp_ln81_fu_445_p2    |      icmp|   0|  0|   8|           3|           3|
    |ap_enable_pp0          |       xor|   0|  0|   2|           1|           2|
    +-----------------------+----------+----+---+----+------------+------------+
    |Total                  |          |   0|  0| 220|         174|         174|
    +-----------------------+----------+----+---+----+------------+------------+

    * Multiplexer: 
    +------------------------------------------------------------------------------------------+----+-----------+-----+-----------+
    |                                           Name                                           | LUT| Input Size| Bits| Total Bits|
    +------------------------------------------------------------------------------------------+----+-----------+-----+-----------+
    |ap_NS_fsm                                                                                 |  14|          3|    1|          3|
    |ap_done_int                                                                               |   9|          2|    1|          2|
    |ap_enable_reg_pp0_iter0                                                                   |   9|          2|    1|          2|
    |ap_enable_reg_pp0_iter1                                                                   |   9|          2|    1|          2|
    |ap_enable_reg_pp0_iter3                                                                   |   9|          2|    1|          2|
    |ap_loop_exit_ready_pp0_iter1_reg                                                          |   9|          2|    1|          2|
    |ap_loop_exit_ready_pp0_iter2_reg                                                          |   9|          2|    1|          2|
    |ap_sig_allocacmp_com_1                                                                    |   9|          2|    2|          4|
    |buffer_2_address0                                                                         |  14|          3|    4|         12|
    |buffer_2_d0                                                                               |  14|          3|   32|         96|
    |com_fu_182                                                                                |   9|          2|    2|          4|
    |compute_ap_int_64_ap_int_32_bool_hls_stream_ap_uint_32_0_hls_stream_ap_uint_32_0_REG_s_0  |   9|          2|   32|         64|
    |compute_ap_int_64_ap_int_32_bool_hls_stream_ap_uint_32_0_hls_stream_ap_uint_32_0_REG_s_o  |  14|          3|   32|         96|
    |compute_ap_int_ap_int_bool_stream_stream_ap_uint_32_0_REG1                                |   9|          2|   32|         64|
    |compute_ap_int_ap_int_bool_stream_stream_ap_uint_32_0_REG1_1                              |   9|          2|   32|         64|
    |compute_ap_int_ap_int_bool_stream_stream_ap_uint_32_0_REG1_2                              |   9|          2|   32|         64|
    |compute_ap_int_ap_int_bool_stream_stream_ap_uint_32_0_REG1_3                              |   9|          2|   32|         64|
    |compute_ap_int_ap_int_bool_stream_stream_ap_uint_32_0_REG1_4_o                            |  14|          3|   32|         96|
    |compute_ap_int_ap_int_bool_stream_stream_ap_uint_32_0_REG1_5                              |   9|          2|   32|         64|
    |compute_ap_int_ap_int_bool_stream_stream_ap_uint_32_0_REG1_6                              |   9|          2|   32|         64|
    |compute_ap_int_ap_int_bool_stream_stream_ap_uint_32_0_REG1_7                              |   9|          2|   32|         64|
    |compute_ap_int_ap_int_bool_stream_stream_ap_uint_32_0_REG1_8                              |   9|          2|   32|         64|
    |compute_ap_int_ap_int_bool_stream_stream_ap_uint_32_0_REG1_9_o                            |  14|          3|   32|         96|
    +------------------------------------------------------------------------------------------+----+-----------+-----+-----------+
    |Total                                                                                     | 237|         52|  431|        995|
    +------------------------------------------------------------------------------------------+----+-----------+-----+-----------+

    * Register: 
    +----------------------------------------------------------------------------------------------------+----+----+-----+-----------+
    |                                                Name                                                | FF | LUT| Bits| Const Bits|
    +----------------------------------------------------------------------------------------------------+----+----+-----+-----------+
    |add_ln1_reg_1365                                                                                    |   4|   0|    4|          0|
    |add_ln840_reg_1360                                                                                  |  32|   0|   32|          0|
    |add_ln89_3_reg_1355                                                                                 |  32|   0|   32|          0|
    |add_ln93_1_reg_1371                                                                                 |   4|   0|    4|          0|
    |ap_CS_fsm                                                                                           |   2|   0|    2|          0|
    |ap_done_reg                                                                                         |   1|   0|    1|          0|
    |ap_enable_reg_pp0_iter0_reg                                                                         |   1|   0|    1|          0|
    |ap_enable_reg_pp0_iter1                                                                             |   1|   0|    1|          0|
    |ap_enable_reg_pp0_iter2                                                                             |   1|   0|    1|          0|
    |ap_enable_reg_pp0_iter3                                                                             |   1|   0|    1|          0|
    |ap_loop_exit_ready_pp0_iter1_reg                                                                    |   1|   0|    1|          0|
    |ap_loop_exit_ready_pp0_iter2_reg                                                                    |   1|   0|    1|          0|
    |com_1_reg_1234                                                                                      |   2|   0|    2|          0|
    |com_fu_182                                                                                          |   2|   0|    2|          0|
    |compute_ap_int_64_ap_int_32_bool_hls_stream_ap_uint_32_0_hls_stream_ap_uint_32_0_REG_s_0            |  32|   0|   32|          0|
    |compute_ap_int_64_ap_int_32_bool_hls_stream_ap_uint_32_0_hls_stream_ap_uint_32_0_REG_s_1            |  32|   0|   32|          0|
    |compute_ap_int_64_ap_int_32_bool_hls_stream_ap_uint_32_0_hls_stream_ap_uint_32_0_REG_s_18_reg_1431  |  32|   0|   32|          0|
    |compute_ap_int_64_ap_int_32_bool_hls_stream_ap_uint_32_0_hls_stream_ap_uint_32_0_REG_s_2            |  32|   0|   32|          0|
    |compute_ap_int_64_ap_int_32_bool_hls_stream_ap_uint_32_0_hls_stream_ap_uint_32_0_REG_s_3            |  32|   0|   32|          0|
    |compute_ap_int_64_ap_int_32_bool_hls_stream_ap_uint_32_0_hls_stream_ap_uint_32_0_REG_s_reg_1426     |  32|   0|   32|          0|
    |compute_ap_int_ap_int_bool_stream_stream_ap_uint_32_0_REG1                                          |  32|   0|   32|          0|
    |compute_ap_int_ap_int_bool_stream_stream_ap_uint_32_0_REG1_1                                        |  32|   0|   32|          0|
    |compute_ap_int_ap_int_bool_stream_stream_ap_uint_32_0_REG1_1_load_reg_1416                          |  32|   0|   32|          0|
    |compute_ap_int_ap_int_bool_stream_stream_ap_uint_32_0_REG1_2                                        |  32|   0|   32|          0|
    |compute_ap_int_ap_int_bool_stream_stream_ap_uint_32_0_REG1_2_load_reg_1411                          |  32|   0|   32|          0|
    |compute_ap_int_ap_int_bool_stream_stream_ap_uint_32_0_REG1_3                                        |  32|   0|   32|          0|
    |compute_ap_int_ap_int_bool_stream_stream_ap_uint_32_0_REG1_3_load_reg_1406                          |  32|   0|   32|          0|
    |compute_ap_int_ap_int_bool_stream_stream_ap_uint_32_0_REG1_4_load_reg_1401                          |  32|   0|   32|          0|
    |compute_ap_int_ap_int_bool_stream_stream_ap_uint_32_0_REG1_5                                        |  32|   0|   32|          0|
    |compute_ap_int_ap_int_bool_stream_stream_ap_uint_32_0_REG1_5_load_reg_1396                          |  32|   0|   32|          0|
    |compute_ap_int_ap_int_bool_stream_stream_ap_uint_32_0_REG1_6                                        |  32|   0|   32|          0|
    |compute_ap_int_ap_int_bool_stream_stream_ap_uint_32_0_REG1_6_load_reg_1391                          |  32|   0|   32|          0|
    |compute_ap_int_ap_int_bool_stream_stream_ap_uint_32_0_REG1_7                                        |  32|   0|   32|          0|
    |compute_ap_int_ap_int_bool_stream_stream_ap_uint_32_0_REG1_7_load_reg_1386                          |  32|   0|   32|          0|
    |compute_ap_int_ap_int_bool_stream_stream_ap_uint_32_0_REG1_8                                        |  32|   0|   32|          0|
    |compute_ap_int_ap_int_bool_stream_stream_ap_uint_32_0_REG1_8_load_reg_1381                          |  32|   0|   32|          0|
    |compute_ap_int_ap_int_bool_stream_stream_ap_uint_32_0_REG1_9_load_reg_1376                          |  32|   0|   32|          0|
    |compute_ap_int_ap_int_bool_stream_stream_ap_uint_32_0_REG1_load_reg_1421                            |  32|   0|   32|          0|
    |icmp_ln81_reg_1245                                                                                  |   1|   0|    1|          0|
    |icmp_ln81_reg_1245_pp0_iter1_reg                                                                    |   1|   0|    1|          0|
    |mul_ln1494_7_reg_1349                                                                               |  32|   0|   32|          0|
    |mul_ln1494_7_reg_1349_pp0_iter2_reg                                                                 |  32|   0|   32|          0|
    |tmp_4_reg_1289                                                                                      |  16|   0|   16|          0|
    |zext_ln60_cast_reg_1229                                                                             |   3|   0|    4|          1|
    |com_1_reg_1234                                                                                      |  64|  32|    2|          0|
    +----------------------------------------------------------------------------------------------------+----+----+-----+-----------+
    |Total                                                                                               |1002|  32|  941|          1|
    +----------------------------------------------------------------------------------------------------+----+----+-----+-----------+



================================================================
== Interface
================================================================
* Summary: 
+-------------------------------------------------------------------------------------------------+-----+-----+------------+----------------------------------------------------------------------------------------+--------------+
|                                            RTL Ports                                            | Dir | Bits|  Protocol  |                                      Source Object                                     |    C Type    |
+-------------------------------------------------------------------------------------------------+-----+-----+------------+----------------------------------------------------------------------------------------+--------------+
|ap_clk                                                                                           |   in|    1|  ap_ctrl_hs|                                                        compute_Pipeline_VITIS_LOOP_81_3|  return value|
|ap_rst                                                                                           |   in|    1|  ap_ctrl_hs|                                                        compute_Pipeline_VITIS_LOOP_81_3|  return value|
|ap_start                                                                                         |   in|    1|  ap_ctrl_hs|                                                        compute_Pipeline_VITIS_LOOP_81_3|  return value|
|ap_done                                                                                          |  out|    1|  ap_ctrl_hs|                                                        compute_Pipeline_VITIS_LOOP_81_3|  return value|
|ap_idle                                                                                          |  out|    1|  ap_ctrl_hs|                                                        compute_Pipeline_VITIS_LOOP_81_3|  return value|
|ap_ready                                                                                         |  out|    1|  ap_ctrl_hs|                                                        compute_Pipeline_VITIS_LOOP_81_3|  return value|
|i                                                                                                |   in|    3|     ap_none|                                                                                       i|        scalar|
|buffer_2_address0                                                                                |  out|    4|   ap_memory|                                                                                buffer_2|         array|
|buffer_2_ce0                                                                                     |  out|    1|   ap_memory|                                                                                buffer_2|         array|
|buffer_2_we0                                                                                     |  out|    1|   ap_memory|                                                                                buffer_2|         array|
|buffer_2_d0                                                                                      |  out|   32|   ap_memory|                                                                                buffer_2|         array|
|REG_V_32_reload                                                                                  |   in|   16|     ap_none|                                                                         REG_V_32_reload|        scalar|
|REG_V_40_reload                                                                                  |   in|   16|     ap_none|                                                                         REG_V_40_reload|        scalar|
|REG_V_48_reload                                                                                  |   in|   16|     ap_none|                                                                         REG_V_48_reload|        scalar|
|REG_V_56_reload                                                                                  |   in|   16|     ap_none|                                                                         REG_V_56_reload|        scalar|
|indvars_iv1                                                                                      |   in|    2|     ap_none|                                                                             indvars_iv1|        scalar|
|REG_V_36_reload                                                                                  |   in|   16|     ap_none|                                                                         REG_V_36_reload|        scalar|
|REG_V_44_reload                                                                                  |   in|   16|     ap_none|                                                                         REG_V_44_reload|        scalar|
|REG_V_52_reload                                                                                  |   in|   16|     ap_none|                                                                         REG_V_52_reload|        scalar|
|REG_V_60_reload                                                                                  |   in|   16|     ap_none|                                                                         REG_V_60_reload|        scalar|
|REG_V_33_reload                                                                                  |   in|   16|     ap_none|                                                                         REG_V_33_reload|        scalar|
|REG_V_41_reload                                                                                  |   in|   16|     ap_none|                                                                         REG_V_41_reload|        scalar|
|REG_V_49_reload                                                                                  |   in|   16|     ap_none|                                                                         REG_V_49_reload|        scalar|
|REG_V_57_reload                                                                                  |   in|   16|     ap_none|                                                                         REG_V_57_reload|        scalar|
|REG_V_37_reload                                                                                  |   in|   16|     ap_none|                                                                         REG_V_37_reload|        scalar|
|REG_V_45_reload                                                                                  |   in|   16|     ap_none|                                                                         REG_V_45_reload|        scalar|
|REG_V_53_reload                                                                                  |   in|   16|     ap_none|                                                                         REG_V_53_reload|        scalar|
|REG_V_61_reload                                                                                  |   in|   16|     ap_none|                                                                         REG_V_61_reload|        scalar|
|REG_V_34_reload                                                                                  |   in|   16|     ap_none|                                                                         REG_V_34_reload|        scalar|
|REG_V_42_reload                                                                                  |   in|   16|     ap_none|                                                                         REG_V_42_reload|        scalar|
|REG_V_50_reload                                                                                  |   in|   16|     ap_none|                                                                         REG_V_50_reload|        scalar|
|REG_V_58_reload                                                                                  |   in|   16|     ap_none|                                                                         REG_V_58_reload|        scalar|
|REG_V_38_reload                                                                                  |   in|   16|     ap_none|                                                                         REG_V_38_reload|        scalar|
|REG_V_46_reload                                                                                  |   in|   16|     ap_none|                                                                         REG_V_46_reload|        scalar|
|REG_V_54_reload                                                                                  |   in|   16|     ap_none|                                                                         REG_V_54_reload|        scalar|
|REG_V_62_reload                                                                                  |   in|   16|     ap_none|                                                                         REG_V_62_reload|        scalar|
|REG_V_35_reload                                                                                  |   in|   16|     ap_none|                                                                         REG_V_35_reload|        scalar|
|REG_V_43_reload                                                                                  |   in|   16|     ap_none|                                                                         REG_V_43_reload|        scalar|
|REG_V_51_reload                                                                                  |   in|   16|     ap_none|                                                                         REG_V_51_reload|        scalar|
|REG_V_59_reload                                                                                  |   in|   16|     ap_none|                                                                         REG_V_59_reload|        scalar|
|REG_V_39_reload                                                                                  |   in|   16|     ap_none|                                                                         REG_V_39_reload|        scalar|
|REG_V_47_reload                                                                                  |   in|   16|     ap_none|                                                                         REG_V_47_reload|        scalar|
|REG_V_55_reload                                                                                  |   in|   16|     ap_none|                                                                         REG_V_55_reload|        scalar|
|REG_V_63_reload                                                                                  |   in|   16|     ap_none|                                                                         REG_V_63_reload|        scalar|
|i_cast                                                                                           |   in|    2|     ap_none|                                                                                  i_cast|        scalar|
|zext_ln60                                                                                        |   in|    3|     ap_none|                                                                               zext_ln60|        scalar|
|phase                                                                                            |   in|    1|     ap_none|                                                                                   phase|        scalar|
|compute_ap_int_ap_int_bool_stream_stream_ap_uint_32_0_REG1_9_i                                   |   in|   32|     ap_ovld|                            compute_ap_int_ap_int_bool_stream_stream_ap_uint_32_0_REG1_9|       pointer|
|compute_ap_int_ap_int_bool_stream_stream_ap_uint_32_0_REG1_9_o                                   |  out|   32|     ap_ovld|                            compute_ap_int_ap_int_bool_stream_stream_ap_uint_32_0_REG1_9|       pointer|
|compute_ap_int_ap_int_bool_stream_stream_ap_uint_32_0_REG1_9_o_ap_vld                            |  out|    1|     ap_ovld|                            compute_ap_int_ap_int_bool_stream_stream_ap_uint_32_0_REG1_9|       pointer|
|compute_ap_int_ap_int_bool_stream_stream_ap_uint_32_0_REG1_4_i                                   |   in|   32|     ap_ovld|                            compute_ap_int_ap_int_bool_stream_stream_ap_uint_32_0_REG1_4|       pointer|
|compute_ap_int_ap_int_bool_stream_stream_ap_uint_32_0_REG1_4_o                                   |  out|   32|     ap_ovld|                            compute_ap_int_ap_int_bool_stream_stream_ap_uint_32_0_REG1_4|       pointer|
|compute_ap_int_ap_int_bool_stream_stream_ap_uint_32_0_REG1_4_o_ap_vld                            |  out|    1|     ap_ovld|                            compute_ap_int_ap_int_bool_stream_stream_ap_uint_32_0_REG1_4|       pointer|
|compute_ap_int_64_ap_int_32_bool_hls_stream_ap_uint_32_0_hls_stream_ap_uint_32_0_REG_s_i         |   in|   32|     ap_ovld|  compute_ap_int_64_ap_int_32_bool_hls_stream_ap_uint_32_0_hls_stream_ap_uint_32_0_REG_s|       pointer|
|compute_ap_int_64_ap_int_32_bool_hls_stream_ap_uint_32_0_hls_stream_ap_uint_32_0_REG_s_o         |  out|   32|     ap_ovld|  compute_ap_int_64_ap_int_32_bool_hls_stream_ap_uint_32_0_hls_stream_ap_uint_32_0_REG_s|       pointer|
|compute_ap_int_64_ap_int_32_bool_hls_stream_ap_uint_32_0_hls_stream_ap_uint_32_0_REG_s_o_ap_vld  |  out|    1|     ap_ovld|  compute_ap_int_64_ap_int_32_bool_hls_stream_ap_uint_32_0_hls_stream_ap_uint_32_0_REG_s|       pointer|
+-------------------------------------------------------------------------------------------------+-----+-----+------------+----------------------------------------------------------------------------------------+--------------+

============================================================
+ Verbose Summary: Synthesis Manager
============================================================
InlineROM: 1
ExposeGlobal: 0
============================================================
+ Verbose Summary: CDFG Model
============================================================
IsTopModel: 0
ResetActiveHigh: 1
IsCombinational: 2
IsDatapathOnly: 2
HasWiredReturn: 1
HasMFsm: 2
HasVarLatency: 1
IsPipeline: 0
IsRtlPipelined: 0
IsInstanceOverlapped: 0
IsDontTouch: 0
HasImplIP: 0
IsGatedGlobalClock: 0

+ Individual pipeline summary: 
  * Pipeline-0: initiation interval (II) = 2, depth = 7


============================================================
+ Verbose Summary: Schedule
============================================================
* Number of FSM states : 7
* Pipeline : 1
  Pipeline-0 : II = 2, D = 7, States = { 1 2 3 4 5 6 7 }
* Dataflow Pipeline: 0

* FSM state transitions: 
1 --> 2 
2 --> 3 
3 --> 4 
4 --> 5 
5 --> 6 
6 --> 7 
7 --> 

* FSM state operations: 

State 1 <SV = 0> <Delay = 1.06>
ST_1 : Operation 10 [1/1] (0.00ns)   --->   "%com = alloca i32 1"   --->   Operation 10 'alloca' 'com' <Predicate = true> <Delay = 0.00>
ST_1 : Operation 11 [1/1] (0.00ns)   --->   "%phase_read = read i1 @_ssdm_op_Read.ap_auto.i1, i1 %phase"   --->   Operation 11 'read' 'phase_read' <Predicate = true> <Delay = 0.00>
ST_1 : Operation 12 [1/1] (0.00ns)   --->   "%zext_ln60_read = read i3 @_ssdm_op_Read.ap_auto.i3, i3 %zext_ln60"   --->   Operation 12 'read' 'zext_ln60_read' <Predicate = true> <Delay = 0.00>
ST_1 : Operation 13 [1/1] (0.00ns)   --->   "%i_cast_read = read i2 @_ssdm_op_Read.ap_auto.i2, i2 %i_cast"   --->   Operation 13 'read' 'i_cast_read' <Predicate = true> <Delay = 0.00>
ST_1 : Operation 14 [1/1] (0.00ns)   --->   "%REG_V_63_reload_read = read i16 @_ssdm_op_Read.ap_auto.i16, i16 %REG_V_63_reload"   --->   Operation 14 'read' 'REG_V_63_reload_read' <Predicate = true> <Delay = 0.00>
ST_1 : Operation 15 [1/1] (0.00ns)   --->   "%REG_V_55_reload_read = read i16 @_ssdm_op_Read.ap_auto.i16, i16 %REG_V_55_reload"   --->   Operation 15 'read' 'REG_V_55_reload_read' <Predicate = true> <Delay = 0.00>
ST_1 : Operation 16 [1/1] (0.00ns)   --->   "%REG_V_47_reload_read = read i16 @_ssdm_op_Read.ap_auto.i16, i16 %REG_V_47_reload"   --->   Operation 16 'read' 'REG_V_47_reload_read' <Predicate = true> <Delay = 0.00>
ST_1 : Operation 17 [1/1] (0.00ns)   --->   "%REG_V_39_reload_read = read i16 @_ssdm_op_Read.ap_auto.i16, i16 %REG_V_39_reload"   --->   Operation 17 'read' 'REG_V_39_reload_read' <Predicate = true> <Delay = 0.00>
ST_1 : Operation 18 [1/1] (0.00ns)   --->   "%REG_V_59_reload_read = read i16 @_ssdm_op_Read.ap_auto.i16, i16 %REG_V_59_reload"   --->   Operation 18 'read' 'REG_V_59_reload_read' <Predicate = true> <Delay = 0.00>
ST_1 : Operation 19 [1/1] (0.00ns)   --->   "%REG_V_51_reload_read = read i16 @_ssdm_op_Read.ap_auto.i16, i16 %REG_V_51_reload"   --->   Operation 19 'read' 'REG_V_51_reload_read' <Predicate = true> <Delay = 0.00>
ST_1 : Operation 20 [1/1] (0.00ns)   --->   "%REG_V_43_reload_read = read i16 @_ssdm_op_Read.ap_auto.i16, i16 %REG_V_43_reload"   --->   Operation 20 'read' 'REG_V_43_reload_read' <Predicate = true> <Delay = 0.00>
ST_1 : Operation 21 [1/1] (0.00ns)   --->   "%REG_V_35_reload_read = read i16 @_ssdm_op_Read.ap_auto.i16, i16 %REG_V_35_reload"   --->   Operation 21 'read' 'REG_V_35_reload_read' <Predicate = true> <Delay = 0.00>
ST_1 : Operation 22 [1/1] (0.00ns)   --->   "%REG_V_62_reload_read = read i16 @_ssdm_op_Read.ap_auto.i16, i16 %REG_V_62_reload"   --->   Operation 22 'read' 'REG_V_62_reload_read' <Predicate = true> <Delay = 0.00>
ST_1 : Operation 23 [1/1] (0.00ns)   --->   "%REG_V_54_reload_read = read i16 @_ssdm_op_Read.ap_auto.i16, i16 %REG_V_54_reload"   --->   Operation 23 'read' 'REG_V_54_reload_read' <Predicate = true> <Delay = 0.00>
ST_1 : Operation 24 [1/1] (0.00ns)   --->   "%REG_V_46_reload_read = read i16 @_ssdm_op_Read.ap_auto.i16, i16 %REG_V_46_reload"   --->   Operation 24 'read' 'REG_V_46_reload_read' <Predicate = true> <Delay = 0.00>
ST_1 : Operation 25 [1/1] (0.00ns)   --->   "%REG_V_38_reload_read = read i16 @_ssdm_op_Read.ap_auto.i16, i16 %REG_V_38_reload"   --->   Operation 25 'read' 'REG_V_38_reload_read' <Predicate = true> <Delay = 0.00>
ST_1 : Operation 26 [1/1] (0.00ns)   --->   "%REG_V_58_reload_read = read i16 @_ssdm_op_Read.ap_auto.i16, i16 %REG_V_58_reload"   --->   Operation 26 'read' 'REG_V_58_reload_read' <Predicate = true> <Delay = 0.00>
ST_1 : Operation 27 [1/1] (0.00ns)   --->   "%REG_V_50_reload_read = read i16 @_ssdm_op_Read.ap_auto.i16, i16 %REG_V_50_reload"   --->   Operation 27 'read' 'REG_V_50_reload_read' <Predicate = true> <Delay = 0.00>
ST_1 : Operation 28 [1/1] (0.00ns)   --->   "%REG_V_42_reload_read = read i16 @_ssdm_op_Read.ap_auto.i16, i16 %REG_V_42_reload"   --->   Operation 28 'read' 'REG_V_42_reload_read' <Predicate = true> <Delay = 0.00>
ST_1 : Operation 29 [1/1] (0.00ns)   --->   "%REG_V_34_reload_read = read i16 @_ssdm_op_Read.ap_auto.i16, i16 %REG_V_34_reload"   --->   Operation 29 'read' 'REG_V_34_reload_read' <Predicate = true> <Delay = 0.00>
ST_1 : Operation 30 [1/1] (0.00ns)   --->   "%REG_V_61_reload_read = read i16 @_ssdm_op_Read.ap_auto.i16, i16 %REG_V_61_reload"   --->   Operation 30 'read' 'REG_V_61_reload_read' <Predicate = true> <Delay = 0.00>
ST_1 : Operation 31 [1/1] (0.00ns)   --->   "%REG_V_53_reload_read = read i16 @_ssdm_op_Read.ap_auto.i16, i16 %REG_V_53_reload"   --->   Operation 31 'read' 'REG_V_53_reload_read' <Predicate = true> <Delay = 0.00>
ST_1 : Operation 32 [1/1] (0.00ns)   --->   "%REG_V_45_reload_read = read i16 @_ssdm_op_Read.ap_auto.i16, i16 %REG_V_45_reload"   --->   Operation 32 'read' 'REG_V_45_reload_read' <Predicate = true> <Delay = 0.00>
ST_1 : Operation 33 [1/1] (0.00ns)   --->   "%REG_V_37_reload_read = read i16 @_ssdm_op_Read.ap_auto.i16, i16 %REG_V_37_reload"   --->   Operation 33 'read' 'REG_V_37_reload_read' <Predicate = true> <Delay = 0.00>
ST_1 : Operation 34 [1/1] (0.00ns)   --->   "%REG_V_57_reload_read = read i16 @_ssdm_op_Read.ap_auto.i16, i16 %REG_V_57_reload"   --->   Operation 34 'read' 'REG_V_57_reload_read' <Predicate = true> <Delay = 0.00>
ST_1 : Operation 35 [1/1] (0.00ns)   --->   "%REG_V_49_reload_read = read i16 @_ssdm_op_Read.ap_auto.i16, i16 %REG_V_49_reload"   --->   Operation 35 'read' 'REG_V_49_reload_read' <Predicate = true> <Delay = 0.00>
ST_1 : Operation 36 [1/1] (0.00ns)   --->   "%REG_V_41_reload_read = read i16 @_ssdm_op_Read.ap_auto.i16, i16 %REG_V_41_reload"   --->   Operation 36 'read' 'REG_V_41_reload_read' <Predicate = true> <Delay = 0.00>
ST_1 : Operation 37 [1/1] (0.00ns)   --->   "%REG_V_33_reload_read = read i16 @_ssdm_op_Read.ap_auto.i16, i16 %REG_V_33_reload"   --->   Operation 37 'read' 'REG_V_33_reload_read' <Predicate = true> <Delay = 0.00>
ST_1 : Operation 38 [1/1] (0.00ns)   --->   "%REG_V_60_reload_read = read i16 @_ssdm_op_Read.ap_auto.i16, i16 %REG_V_60_reload"   --->   Operation 38 'read' 'REG_V_60_reload_read' <Predicate = true> <Delay = 0.00>
ST_1 : Operation 39 [1/1] (0.00ns)   --->   "%REG_V_52_reload_read = read i16 @_ssdm_op_Read.ap_auto.i16, i16 %REG_V_52_reload"   --->   Operation 39 'read' 'REG_V_52_reload_read' <Predicate = true> <Delay = 0.00>
ST_1 : Operation 40 [1/1] (0.00ns)   --->   "%REG_V_44_reload_read = read i16 @_ssdm_op_Read.ap_auto.i16, i16 %REG_V_44_reload"   --->   Operation 40 'read' 'REG_V_44_reload_read' <Predicate = true> <Delay = 0.00>
ST_1 : Operation 41 [1/1] (0.00ns)   --->   "%REG_V_36_reload_read = read i16 @_ssdm_op_Read.ap_auto.i16, i16 %REG_V_36_reload"   --->   Operation 41 'read' 'REG_V_36_reload_read' <Predicate = true> <Delay = 0.00>
ST_1 : Operation 42 [1/1] (0.00ns)   --->   "%indvars_iv1_read = read i2 @_ssdm_op_Read.ap_auto.i2, i2 %indvars_iv1"   --->   Operation 42 'read' 'indvars_iv1_read' <Predicate = true> <Delay = 0.00>
ST_1 : Operation 43 [1/1] (0.00ns)   --->   "%REG_V_56_reload_read = read i16 @_ssdm_op_Read.ap_auto.i16, i16 %REG_V_56_reload"   --->   Operation 43 'read' 'REG_V_56_reload_read' <Predicate = true> <Delay = 0.00>
ST_1 : Operation 44 [1/1] (0.00ns)   --->   "%REG_V_48_reload_read = read i16 @_ssdm_op_Read.ap_auto.i16, i16 %REG_V_48_reload"   --->   Operation 44 'read' 'REG_V_48_reload_read' <Predicate = true> <Delay = 0.00>
ST_1 : Operation 45 [1/1] (0.00ns)   --->   "%REG_V_40_reload_read = read i16 @_ssdm_op_Read.ap_auto.i16, i16 %REG_V_40_reload"   --->   Operation 45 'read' 'REG_V_40_reload_read' <Predicate = true> <Delay = 0.00>
ST_1 : Operation 46 [1/1] (0.00ns)   --->   "%REG_V_32_reload_read = read i16 @_ssdm_op_Read.ap_auto.i16, i16 %REG_V_32_reload"   --->   Operation 46 'read' 'REG_V_32_reload_read' <Predicate = true> <Delay = 0.00>
ST_1 : Operation 47 [1/1] (0.00ns)   --->   "%i_read = read i3 @_ssdm_op_Read.ap_auto.i3, i3 %i"   --->   Operation 47 'read' 'i_read' <Predicate = true> <Delay = 0.00>
ST_1 : Operation 48 [1/1] (0.00ns)   --->   "%zext_ln60_cast = zext i3 %zext_ln60_read"   --->   Operation 48 'zext' 'zext_ln60_cast' <Predicate = true> <Delay = 0.00>
ST_1 : Operation 49 [1/1] (0.00ns)   --->   "%specinterface_ln0 = specinterface void @_ssdm_op_SpecInterface, i32 %buffer_2, void @empty_10, i32 0, i32 0, void @empty_11, i32 4294967295, i32 0, void @empty_11, void @empty_11, void @empty_11, i32 0, i32 0, i32 0, i32 0, void @empty_11, void @empty_11, i32 4294967295, i32 0"   --->   Operation 49 'specinterface' 'specinterface_ln0' <Predicate = true> <Delay = 0.00>
ST_1 : Operation 50 [1/1] (0.42ns)   --->   "%store_ln0 = store i2 0, i2 %com"   --->   Operation 50 'store' 'store_ln0' <Predicate = true> <Delay = 0.42>
ST_1 : Operation 51 [1/1] (0.00ns)   --->   "%br_ln0 = br void %VITIS_LOOP_84_4"   --->   Operation 51 'br' 'br_ln0' <Predicate = true> <Delay = 0.00>
ST_1 : Operation 52 [1/1] (0.00ns)   --->   "%com_1 = load i2 %com" [Compute_block/Compute.cpp:81]   --->   Operation 52 'load' 'com_1' <Predicate = true> <Delay = 0.00>
ST_1 : Operation 53 [1/1] (0.00ns)   --->   "%com_cast = zext i2 %com_1" [Compute_block/Compute.cpp:81]   --->   Operation 53 'zext' 'com_cast' <Predicate = true> <Delay = 0.00>
ST_1 : Operation 54 [1/1] (0.00ns)   --->   "%specpipeline_ln0 = specpipeline void @_ssdm_op_SpecPipeline, i32 4294967295, i32 0, i32 1, i32 0, void @p_str"   --->   Operation 54 'specpipeline' 'specpipeline_ln0' <Predicate = true> <Delay = 0.00>
ST_1 : Operation 55 [1/1] (0.58ns)   --->   "%icmp_ln81 = icmp_eq  i3 %com_cast, i3 %i_read" [Compute_block/Compute.cpp:81]   --->   Operation 55 'icmp' 'icmp_ln81' <Predicate = true> <Delay = 0.58> <CoreInst = "Cmp">   --->   Core 9 'Cmp' <Latency = 0> <II = 1> <Delay = 0.58> <FuncUnit> <Opcode : 'icmp'> <InPorts = 2> <OutPorts = 1>
ST_1 : Operation 56 [1/1] (0.00ns)   --->   "%empty = speclooptripcount i32 @_ssdm_op_SpecLoopTripCount, i64 0, i64 3, i64 0"   --->   Operation 56 'speclooptripcount' 'empty' <Predicate = true> <Delay = 0.00>
ST_1 : Operation 57 [1/1] (0.54ns)   --->   "%add_ln81 = add i2 %com_1, i2 1" [Compute_block/Compute.cpp:81]   --->   Operation 57 'add' 'add_ln81' <Predicate = true> <Delay = 0.54> <CoreInst = "Adder">   --->   Core 1 'Adder' <Latency = 0> <II = 1> <Delay = 0.54> <FuncUnit> <Opcode : 'add' 'sub'> <InPorts = 2> <OutPorts = 1>
ST_1 : Operation 58 [1/1] (0.00ns)   --->   "%br_ln81 = br i1 %icmp_ln81, void %VITIS_LOOP_84_4.split, void %for.inc153.loopexit.exitStub" [Compute_block/Compute.cpp:81]   --->   Operation 58 'br' 'br_ln81' <Predicate = true> <Delay = 0.00>
ST_1 : Operation 59 [1/1] (0.52ns)   --->   "%tmp_7 = mux i16 @_ssdm_op_Mux.ap_auto.4i16.i2, i16 %REG_V_32_reload_read, i16 %REG_V_40_reload_read, i16 %REG_V_48_reload_read, i16 %REG_V_56_reload_read, i2 %indvars_iv1_read"   --->   Operation 59 'mux' 'tmp_7' <Predicate = (!icmp_ln81)> <Delay = 0.52> <CoreInst = "Multiplexer">   --->   Core 76 'Multiplexer' <Latency = 0> <II = 1> <Delay = 0.52> <FuncUnit> <Opcode : 'mux'> <InPorts = 2> <OutPorts = 1>
ST_1 : Operation 60 [1/1] (0.00ns)   --->   "%zext_ln186 = zext i16 %tmp_7"   --->   Operation 60 'zext' 'zext_ln186' <Predicate = (!icmp_ln81)> <Delay = 0.00>
ST_1 : Operation 61 [1/1] (0.47ns)   --->   "%tmp_1 = mux i16 @_ssdm_op_Mux.ap_auto.3i16.i2, i16 %REG_V_36_reload_read, i16 %REG_V_44_reload_read, i16 %REG_V_52_reload_read, i2 %com_1"   --->   Operation 61 'mux' 'tmp_1' <Predicate = (!icmp_ln81)> <Delay = 0.47> <CoreInst = "Multiplexer">   --->   Core 76 'Multiplexer' <Latency = 0> <II = 1> <Delay = 0.47> <FuncUnit> <Opcode : 'mux'> <InPorts = 2> <OutPorts = 1>
ST_1 : Operation 62 [1/1] (0.00ns)   --->   "%zext_ln186_1 = zext i16 %tmp_1"   --->   Operation 62 'zext' 'zext_ln186_1' <Predicate = (!icmp_ln81)> <Delay = 0.00>
ST_1 : Operation 63 [4/4] (0.53ns) (root node of the DSP)   --->   "%mul_ln1494 = mul i32 %zext_ln186_1, i32 %zext_ln186"   --->   Operation 63 'mul' 'mul_ln1494' <Predicate = (!icmp_ln81)> <Delay = 0.53> <CoreInst = "DSP48">   --->   Core 127 'DSP48' <Latency = 3> <II = 1> <Delay = 0.53> <IPBlock> <Opcode : 'mul' 'add' 'sub' 'select'> <InPorts = 0> <OutPorts = 1> <Sync> <CReg>
ST_1 : Operation 64 [1/1] (0.52ns)   --->   "%tmp_7_1 = mux i16 @_ssdm_op_Mux.ap_auto.4i16.i2, i16 %REG_V_33_reload_read, i16 %REG_V_41_reload_read, i16 %REG_V_49_reload_read, i16 %REG_V_57_reload_read, i2 %indvars_iv1_read"   --->   Operation 64 'mux' 'tmp_7_1' <Predicate = (!icmp_ln81)> <Delay = 0.52> <CoreInst = "Multiplexer">   --->   Core 76 'Multiplexer' <Latency = 0> <II = 1> <Delay = 0.52> <FuncUnit> <Opcode : 'mux'> <InPorts = 2> <OutPorts = 1>
ST_1 : Operation 65 [1/1] (0.00ns)   --->   "%zext_ln186_4 = zext i16 %tmp_7_1"   --->   Operation 65 'zext' 'zext_ln186_4' <Predicate = (!icmp_ln81)> <Delay = 0.00>
ST_1 : Operation 66 [1/1] (0.47ns)   --->   "%tmp_1_1 = mux i16 @_ssdm_op_Mux.ap_auto.3i16.i2, i16 %REG_V_37_reload_read, i16 %REG_V_45_reload_read, i16 %REG_V_53_reload_read, i2 %com_1"   --->   Operation 66 'mux' 'tmp_1_1' <Predicate = (!icmp_ln81)> <Delay = 0.47> <CoreInst = "Multiplexer">   --->   Core 76 'Multiplexer' <Latency = 0> <II = 1> <Delay = 0.47> <FuncUnit> <Opcode : 'mux'> <InPorts = 2> <OutPorts = 1>
ST_1 : Operation 67 [1/1] (0.00ns)   --->   "%zext_ln186_5 = zext i16 %tmp_1_1"   --->   Operation 67 'zext' 'zext_ln186_5' <Predicate = (!icmp_ln81)> <Delay = 0.00>
ST_1 : Operation 68 [4/4] (0.53ns) (root node of the DSP)   --->   "%mul_ln1494_2 = mul i32 %zext_ln186_5, i32 %zext_ln186_4"   --->   Operation 68 'mul' 'mul_ln1494_2' <Predicate = (!icmp_ln81)> <Delay = 0.53> <CoreInst = "DSP48">   --->   Core 127 'DSP48' <Latency = 3> <II = 1> <Delay = 0.53> <IPBlock> <Opcode : 'mul' 'add' 'sub' 'select'> <InPorts = 0> <OutPorts = 1> <Sync> <CReg>
ST_1 : Operation 69 [1/1] (0.47ns)   --->   "%tmp_2_1 = mux i16 @_ssdm_op_Mux.ap_auto.3i16.i2, i16 %REG_V_33_reload_read, i16 %REG_V_41_reload_read, i16 %REG_V_49_reload_read, i2 %com_1"   --->   Operation 69 'mux' 'tmp_2_1' <Predicate = (!icmp_ln81)> <Delay = 0.47> <CoreInst = "Multiplexer">   --->   Core 76 'Multiplexer' <Latency = 0> <II = 1> <Delay = 0.47> <FuncUnit> <Opcode : 'mux'> <InPorts = 2> <OutPorts = 1>
ST_1 : Operation 70 [1/1] (0.00ns)   --->   "%zext_ln186_6 = zext i16 %tmp_2_1"   --->   Operation 70 'zext' 'zext_ln186_6' <Predicate = (!icmp_ln81)> <Delay = 0.00>
ST_1 : Operation 71 [1/1] (0.52ns)   --->   "%tmp_11_1 = mux i16 @_ssdm_op_Mux.ap_auto.4i16.i2, i16 %REG_V_37_reload_read, i16 %REG_V_45_reload_read, i16 %REG_V_53_reload_read, i16 %REG_V_61_reload_read, i2 %indvars_iv1_read"   --->   Operation 71 'mux' 'tmp_11_1' <Predicate = (!icmp_ln81)> <Delay = 0.52> <CoreInst = "Multiplexer">   --->   Core 76 'Multiplexer' <Latency = 0> <II = 1> <Delay = 0.52> <FuncUnit> <Opcode : 'mux'> <InPorts = 2> <OutPorts = 1>
ST_1 : Operation 72 [1/1] (0.00ns)   --->   "%zext_ln186_7 = zext i16 %tmp_11_1"   --->   Operation 72 'zext' 'zext_ln186_7' <Predicate = (!icmp_ln81)> <Delay = 0.00>
ST_1 : Operation 73 [4/4] (0.53ns) (root node of the DSP)   --->   "%mul_ln1494_3 = mul i32 %zext_ln186_7, i32 %zext_ln186_6"   --->   Operation 73 'mul' 'mul_ln1494_3' <Predicate = (!icmp_ln81)> <Delay = 0.53> <CoreInst = "DSP48">   --->   Core 127 'DSP48' <Latency = 3> <II = 1> <Delay = 0.53> <IPBlock> <Opcode : 'mul' 'add' 'sub' 'select'> <InPorts = 0> <OutPorts = 1> <Sync> <CReg>
ST_1 : Operation 74 [1/1] (0.47ns)   --->   "%tmp_2_3 = mux i16 @_ssdm_op_Mux.ap_auto.3i16.i2, i16 %REG_V_35_reload_read, i16 %REG_V_43_reload_read, i16 %REG_V_51_reload_read, i2 %com_1"   --->   Operation 74 'mux' 'tmp_2_3' <Predicate = (!icmp_ln81)> <Delay = 0.47> <CoreInst = "Multiplexer">   --->   Core 76 'Multiplexer' <Latency = 0> <II = 1> <Delay = 0.47> <FuncUnit> <Opcode : 'mux'> <InPorts = 2> <OutPorts = 1>
ST_1 : Operation 75 [1/1] (0.00ns)   --->   "%zext_ln186_14 = zext i16 %tmp_2_3"   --->   Operation 75 'zext' 'zext_ln186_14' <Predicate = (!icmp_ln81)> <Delay = 0.00>
ST_1 : Operation 76 [1/1] (0.52ns)   --->   "%tmp_11_3 = mux i16 @_ssdm_op_Mux.ap_auto.4i16.i2, i16 %REG_V_39_reload_read, i16 %REG_V_47_reload_read, i16 %REG_V_55_reload_read, i16 %REG_V_63_reload_read, i2 %indvars_iv1_read"   --->   Operation 76 'mux' 'tmp_11_3' <Predicate = (!icmp_ln81)> <Delay = 0.52> <CoreInst = "Multiplexer">   --->   Core 76 'Multiplexer' <Latency = 0> <II = 1> <Delay = 0.52> <FuncUnit> <Opcode : 'mux'> <InPorts = 2> <OutPorts = 1>
ST_1 : Operation 77 [1/1] (0.00ns)   --->   "%zext_ln186_15 = zext i16 %tmp_11_3"   --->   Operation 77 'zext' 'zext_ln186_15' <Predicate = (!icmp_ln81)> <Delay = 0.00>
ST_1 : Operation 78 [4/4] (0.53ns) (root node of the DSP)   --->   "%mul_ln1494_7 = mul i32 %zext_ln186_15, i32 %zext_ln186_14"   --->   Operation 78 'mul' 'mul_ln1494_7' <Predicate = (!icmp_ln81)> <Delay = 0.53> <CoreInst = "DSP48">   --->   Core 127 'DSP48' <Latency = 3> <II = 1> <Delay = 0.53> <IPBlock> <Opcode : 'mul' 'add' 'sub' 'select'> <InPorts = 0> <OutPorts = 1> <Sync> <CReg>
ST_1 : Operation 79 [1/1] (0.00ns)   --->   "%br_ln88 = br i1 %phase_read, void %if.end148, void %if.then113" [Compute_block/Compute.cpp:88]   --->   Operation 79 'br' 'br_ln88' <Predicate = (!icmp_ln81)> <Delay = 0.00>
ST_1 : Operation 80 [1/1] (0.42ns)   --->   "%store_ln81 = store i2 %add_ln81, i2 %com" [Compute_block/Compute.cpp:81]   --->   Operation 80 'store' 'store_ln81' <Predicate = (!icmp_ln81)> <Delay = 0.42>
ST_1 : Operation 81 [1/1] (0.00ns)   --->   "%br_ln81 = br void %VITIS_LOOP_84_4" [Compute_block/Compute.cpp:81]   --->   Operation 81 'br' 'br_ln81' <Predicate = (!icmp_ln81)> <Delay = 0.00>

State 2 <SV = 1> <Delay = 1.52>
ST_2 : Operation 82 [3/4] (0.53ns) (root node of the DSP)   --->   "%mul_ln1494 = mul i32 %zext_ln186_1, i32 %zext_ln186"   --->   Operation 82 'mul' 'mul_ln1494' <Predicate = (!icmp_ln81)> <Delay = 0.53> <CoreInst = "DSP48">   --->   Core 127 'DSP48' <Latency = 3> <II = 1> <Delay = 0.53> <IPBlock> <Opcode : 'mul' 'add' 'sub' 'select'> <InPorts = 0> <OutPorts = 1> <Sync> <CReg>
ST_2 : Operation 83 [1/1] (0.52ns)   --->   "%tmp_4 = mux i16 @_ssdm_op_Mux.ap_auto.4i16.i2, i16 %REG_V_36_reload_read, i16 %REG_V_44_reload_read, i16 %REG_V_52_reload_read, i16 %REG_V_60_reload_read, i2 %indvars_iv1_read"   --->   Operation 83 'mux' 'tmp_4' <Predicate = (!icmp_ln81)> <Delay = 0.52> <CoreInst = "Multiplexer">   --->   Core 76 'Multiplexer' <Latency = 0> <II = 1> <Delay = 0.52> <FuncUnit> <Opcode : 'mux'> <InPorts = 2> <OutPorts = 1>
ST_2 : Operation 84 [3/4] (0.53ns) (root node of the DSP)   --->   "%mul_ln1494_2 = mul i32 %zext_ln186_5, i32 %zext_ln186_4"   --->   Operation 84 'mul' 'mul_ln1494_2' <Predicate = (!icmp_ln81)> <Delay = 0.53> <CoreInst = "DSP48">   --->   Core 127 'DSP48' <Latency = 3> <II = 1> <Delay = 0.53> <IPBlock> <Opcode : 'mul' 'add' 'sub' 'select'> <InPorts = 0> <OutPorts = 1> <Sync> <CReg>
ST_2 : Operation 85 [3/4] (0.53ns) (root node of the DSP)   --->   "%mul_ln1494_3 = mul i32 %zext_ln186_7, i32 %zext_ln186_6"   --->   Operation 85 'mul' 'mul_ln1494_3' <Predicate = (!icmp_ln81)> <Delay = 0.53> <CoreInst = "DSP48">   --->   Core 127 'DSP48' <Latency = 3> <II = 1> <Delay = 0.53> <IPBlock> <Opcode : 'mul' 'add' 'sub' 'select'> <InPorts = 0> <OutPorts = 1> <Sync> <CReg>
ST_2 : Operation 86 [1/1] (0.52ns)   --->   "%tmp_7_2 = mux i16 @_ssdm_op_Mux.ap_auto.4i16.i2, i16 %REG_V_34_reload_read, i16 %REG_V_42_reload_read, i16 %REG_V_50_reload_read, i16 %REG_V_58_reload_read, i2 %indvars_iv1_read"   --->   Operation 86 'mux' 'tmp_7_2' <Predicate = (!icmp_ln81)> <Delay = 0.52> <CoreInst = "Multiplexer">   --->   Core 76 'Multiplexer' <Latency = 0> <II = 1> <Delay = 0.52> <FuncUnit> <Opcode : 'mux'> <InPorts = 2> <OutPorts = 1>
ST_2 : Operation 87 [1/1] (0.00ns)   --->   "%zext_ln186_8 = zext i16 %tmp_7_2"   --->   Operation 87 'zext' 'zext_ln186_8' <Predicate = (!icmp_ln81)> <Delay = 0.00>
ST_2 : Operation 88 [1/1] (0.47ns)   --->   "%tmp_1_2 = mux i16 @_ssdm_op_Mux.ap_auto.3i16.i2, i16 %REG_V_38_reload_read, i16 %REG_V_46_reload_read, i16 %REG_V_54_reload_read, i2 %com_1"   --->   Operation 88 'mux' 'tmp_1_2' <Predicate = (!icmp_ln81)> <Delay = 0.47> <CoreInst = "Multiplexer">   --->   Core 76 'Multiplexer' <Latency = 0> <II = 1> <Delay = 0.47> <FuncUnit> <Opcode : 'mux'> <InPorts = 2> <OutPorts = 1>
ST_2 : Operation 89 [1/1] (0.00ns)   --->   "%zext_ln186_9 = zext i16 %tmp_1_2"   --->   Operation 89 'zext' 'zext_ln186_9' <Predicate = (!icmp_ln81)> <Delay = 0.00>
ST_2 : Operation 90 [3/3] (0.99ns) (grouped into DSP with root node add_ln89_1)   --->   "%mul_ln1494_4 = mul i32 %zext_ln186_9, i32 %zext_ln186_8"   --->   Operation 90 'mul' 'mul_ln1494_4' <Predicate = (!icmp_ln81)> <Delay = 0.99> <CoreInst = "DSP48">   --->   Core 127 'DSP48' <Latency = 3> <II = 1> <Delay = 0.53> <IPBlock> <Opcode : 'mul' 'add' 'sub' 'select'> <InPorts = 0> <OutPorts = 1> <Sync> <CReg>
ST_2 : Operation 91 [1/1] (0.47ns)   --->   "%tmp_2_2 = mux i16 @_ssdm_op_Mux.ap_auto.3i16.i2, i16 %REG_V_34_reload_read, i16 %REG_V_42_reload_read, i16 %REG_V_50_reload_read, i2 %com_1"   --->   Operation 91 'mux' 'tmp_2_2' <Predicate = (!icmp_ln81)> <Delay = 0.47> <CoreInst = "Multiplexer">   --->   Core 76 'Multiplexer' <Latency = 0> <II = 1> <Delay = 0.47> <FuncUnit> <Opcode : 'mux'> <InPorts = 2> <OutPorts = 1>
ST_2 : Operation 92 [1/1] (0.00ns)   --->   "%zext_ln186_10 = zext i16 %tmp_2_2"   --->   Operation 92 'zext' 'zext_ln186_10' <Predicate = (!icmp_ln81)> <Delay = 0.00>
ST_2 : Operation 93 [1/1] (0.52ns)   --->   "%tmp_11_2 = mux i16 @_ssdm_op_Mux.ap_auto.4i16.i2, i16 %REG_V_38_reload_read, i16 %REG_V_46_reload_read, i16 %REG_V_54_reload_read, i16 %REG_V_62_reload_read, i2 %indvars_iv1_read"   --->   Operation 93 'mux' 'tmp_11_2' <Predicate = (!icmp_ln81)> <Delay = 0.52> <CoreInst = "Multiplexer">   --->   Core 76 'Multiplexer' <Latency = 0> <II = 1> <Delay = 0.52> <FuncUnit> <Opcode : 'mux'> <InPorts = 2> <OutPorts = 1>
ST_2 : Operation 94 [1/1] (0.00ns)   --->   "%zext_ln186_11 = zext i16 %tmp_11_2"   --->   Operation 94 'zext' 'zext_ln186_11' <Predicate = (!icmp_ln81)> <Delay = 0.00>
ST_2 : Operation 95 [3/3] (0.99ns) (grouped into DSP with root node add_ln840)   --->   "%mul_ln1494_5 = mul i32 %zext_ln186_11, i32 %zext_ln186_10"   --->   Operation 95 'mul' 'mul_ln1494_5' <Predicate = (!icmp_ln81)> <Delay = 0.99> <CoreInst = "DSP48">   --->   Core 127 'DSP48' <Latency = 3> <II = 1> <Delay = 0.53> <IPBlock> <Opcode : 'mul' 'add' 'sub' 'select'> <InPorts = 0> <OutPorts = 1> <Sync> <CReg>
ST_2 : Operation 96 [1/1] (0.52ns)   --->   "%tmp_7_3 = mux i16 @_ssdm_op_Mux.ap_auto.4i16.i2, i16 %REG_V_35_reload_read, i16 %REG_V_43_reload_read, i16 %REG_V_51_reload_read, i16 %REG_V_59_reload_read, i2 %indvars_iv1_read"   --->   Operation 96 'mux' 'tmp_7_3' <Predicate = (!icmp_ln81)> <Delay = 0.52> <CoreInst = "Multiplexer">   --->   Core 76 'Multiplexer' <Latency = 0> <II = 1> <Delay = 0.52> <FuncUnit> <Opcode : 'mux'> <InPorts = 2> <OutPorts = 1>
ST_2 : Operation 97 [1/1] (0.00ns)   --->   "%zext_ln186_12 = zext i16 %tmp_7_3"   --->   Operation 97 'zext' 'zext_ln186_12' <Predicate = (!icmp_ln81)> <Delay = 0.00>
ST_2 : Operation 98 [1/1] (0.47ns)   --->   "%tmp_1_3 = mux i16 @_ssdm_op_Mux.ap_auto.3i16.i2, i16 %REG_V_39_reload_read, i16 %REG_V_47_reload_read, i16 %REG_V_55_reload_read, i2 %com_1"   --->   Operation 98 'mux' 'tmp_1_3' <Predicate = (!icmp_ln81)> <Delay = 0.47> <CoreInst = "Multiplexer">   --->   Core 76 'Multiplexer' <Latency = 0> <II = 1> <Delay = 0.47> <FuncUnit> <Opcode : 'mux'> <InPorts = 2> <OutPorts = 1>
ST_2 : Operation 99 [1/1] (0.00ns)   --->   "%zext_ln186_13 = zext i16 %tmp_1_3"   --->   Operation 99 'zext' 'zext_ln186_13' <Predicate = (!icmp_ln81)> <Delay = 0.00>
ST_2 : Operation 100 [3/3] (0.99ns) (grouped into DSP with root node add_ln89_2)   --->   "%mul_ln1494_6 = mul i32 %zext_ln186_13, i32 %zext_ln186_12"   --->   Operation 100 'mul' 'mul_ln1494_6' <Predicate = (!icmp_ln81)> <Delay = 0.99> <CoreInst = "DSP48">   --->   Core 127 'DSP48' <Latency = 3> <II = 1> <Delay = 0.53> <IPBlock> <Opcode : 'mul' 'add' 'sub' 'select'> <InPorts = 0> <OutPorts = 1> <Sync> <CReg>
ST_2 : Operation 101 [3/4] (0.53ns) (root node of the DSP)   --->   "%mul_ln1494_7 = mul i32 %zext_ln186_15, i32 %zext_ln186_14"   --->   Operation 101 'mul' 'mul_ln1494_7' <Predicate = (!icmp_ln81)> <Delay = 0.53> <CoreInst = "DSP48">   --->   Core 127 'DSP48' <Latency = 3> <II = 1> <Delay = 0.53> <IPBlock> <Opcode : 'mul' 'add' 'sub' 'select'> <InPorts = 0> <OutPorts = 1> <Sync> <CReg>

State 3 <SV = 2> <Delay = 0.99>
ST_3 : Operation 102 [2/4] (0.53ns) (root node of the DSP)   --->   "%mul_ln1494 = mul i32 %zext_ln186_1, i32 %zext_ln186"   --->   Operation 102 'mul' 'mul_ln1494' <Predicate = true> <Delay = 0.53> <CoreInst = "DSP48">   --->   Core 127 'DSP48' <Latency = 3> <II = 1> <Delay = 0.53> <IPBlock> <Opcode : 'mul' 'add' 'sub' 'select'> <InPorts = 0> <OutPorts = 1> <Sync> <CReg>
ST_3 : Operation 103 [2/4] (0.53ns) (root node of the DSP)   --->   "%mul_ln1494_2 = mul i32 %zext_ln186_5, i32 %zext_ln186_4"   --->   Operation 103 'mul' 'mul_ln1494_2' <Predicate = true> <Delay = 0.53> <CoreInst = "DSP48">   --->   Core 127 'DSP48' <Latency = 3> <II = 1> <Delay = 0.53> <IPBlock> <Opcode : 'mul' 'add' 'sub' 'select'> <InPorts = 0> <OutPorts = 1> <Sync> <CReg>
ST_3 : Operation 104 [2/4] (0.53ns) (root node of the DSP)   --->   "%mul_ln1494_3 = mul i32 %zext_ln186_7, i32 %zext_ln186_6"   --->   Operation 104 'mul' 'mul_ln1494_3' <Predicate = true> <Delay = 0.53> <CoreInst = "DSP48">   --->   Core 127 'DSP48' <Latency = 3> <II = 1> <Delay = 0.53> <IPBlock> <Opcode : 'mul' 'add' 'sub' 'select'> <InPorts = 0> <OutPorts = 1> <Sync> <CReg>
ST_3 : Operation 105 [2/3] (0.99ns) (grouped into DSP with root node add_ln89_1)   --->   "%mul_ln1494_4 = mul i32 %zext_ln186_9, i32 %zext_ln186_8"   --->   Operation 105 'mul' 'mul_ln1494_4' <Predicate = true> <Delay = 0.99> <CoreInst = "DSP48">   --->   Core 127 'DSP48' <Latency = 3> <II = 1> <Delay = 0.53> <IPBlock> <Opcode : 'mul' 'add' 'sub' 'select'> <InPorts = 0> <OutPorts = 1> <Sync> <CReg>
ST_3 : Operation 106 [2/3] (0.99ns) (grouped into DSP with root node add_ln840)   --->   "%mul_ln1494_5 = mul i32 %zext_ln186_11, i32 %zext_ln186_10"   --->   Operation 106 'mul' 'mul_ln1494_5' <Predicate = true> <Delay = 0.99> <CoreInst = "DSP48">   --->   Core 127 'DSP48' <Latency = 3> <II = 1> <Delay = 0.53> <IPBlock> <Opcode : 'mul' 'add' 'sub' 'select'> <InPorts = 0> <OutPorts = 1> <Sync> <CReg>
ST_3 : Operation 107 [2/3] (0.99ns) (grouped into DSP with root node add_ln89_2)   --->   "%mul_ln1494_6 = mul i32 %zext_ln186_13, i32 %zext_ln186_12"   --->   Operation 107 'mul' 'mul_ln1494_6' <Predicate = true> <Delay = 0.99> <CoreInst = "DSP48">   --->   Core 127 'DSP48' <Latency = 3> <II = 1> <Delay = 0.53> <IPBlock> <Opcode : 'mul' 'add' 'sub' 'select'> <InPorts = 0> <OutPorts = 1> <Sync> <CReg>
ST_3 : Operation 108 [2/4] (0.53ns) (root node of the DSP)   --->   "%mul_ln1494_7 = mul i32 %zext_ln186_15, i32 %zext_ln186_14"   --->   Operation 108 'mul' 'mul_ln1494_7' <Predicate = true> <Delay = 0.53> <CoreInst = "DSP48">   --->   Core 127 'DSP48' <Latency = 3> <II = 1> <Delay = 0.53> <IPBlock> <Opcode : 'mul' 'add' 'sub' 'select'> <InPorts = 0> <OutPorts = 1> <Sync> <CReg>

State 4 <SV = 3> <Delay = 1.47>
ST_4 : Operation 109 [1/4] (0.00ns) (root node of the DSP)   --->   "%mul_ln1494 = mul i32 %zext_ln186_1, i32 %zext_ln186"   --->   Operation 109 'mul' 'mul_ln1494' <Predicate = true> <Delay = 0.00> <CoreInst = "DSP48">   --->   Core 127 'DSP48' <Latency = 3> <II = 1> <Delay = 0.53> <IPBlock> <Opcode : 'mul' 'add' 'sub' 'select'> <InPorts = 0> <OutPorts = 1> <Sync> <CReg>
ST_4 : Operation 110 [1/1] (0.47ns)   --->   "%tmp_2 = mux i16 @_ssdm_op_Mux.ap_auto.3i16.i2, i16 %REG_V_32_reload_read, i16 %REG_V_40_reload_read, i16 %REG_V_48_reload_read, i2 %com_1"   --->   Operation 110 'mux' 'tmp_2' <Predicate = true> <Delay = 0.47> <CoreInst = "Multiplexer">   --->   Core 76 'Multiplexer' <Latency = 0> <II = 1> <Delay = 0.47> <FuncUnit> <Opcode : 'mux'> <InPorts = 2> <OutPorts = 1>
ST_4 : Operation 111 [1/1] (0.00ns)   --->   "%zext_ln186_2 = zext i16 %tmp_2"   --->   Operation 111 'zext' 'zext_ln186_2' <Predicate = true> <Delay = 0.00>
ST_4 : Operation 112 [1/1] (0.00ns)   --->   "%zext_ln186_3 = zext i16 %tmp_4"   --->   Operation 112 'zext' 'zext_ln186_3' <Predicate = true> <Delay = 0.00>
ST_4 : Operation 113 [3/3] (0.99ns) (grouped into DSP with root node add_ln840_1)   --->   "%mul_ln1494_1 = mul i32 %zext_ln186_3, i32 %zext_ln186_2"   --->   Operation 113 'mul' 'mul_ln1494_1' <Predicate = true> <Delay = 0.99> <CoreInst = "DSP48">   --->   Core 127 'DSP48' <Latency = 3> <II = 1> <Delay = 0.53> <IPBlock> <Opcode : 'mul' 'add' 'sub' 'select'> <InPorts = 0> <OutPorts = 1> <Sync> <CReg>
ST_4 : Operation 114 [1/4] (0.00ns) (root node of the DSP)   --->   "%mul_ln1494_2 = mul i32 %zext_ln186_5, i32 %zext_ln186_4"   --->   Operation 114 'mul' 'mul_ln1494_2' <Predicate = true> <Delay = 0.00> <CoreInst = "DSP48">   --->   Core 127 'DSP48' <Latency = 3> <II = 1> <Delay = 0.53> <IPBlock> <Opcode : 'mul' 'add' 'sub' 'select'> <InPorts = 0> <OutPorts = 1> <Sync> <CReg>
ST_4 : Operation 115 [1/4] (0.00ns) (root node of the DSP)   --->   "%mul_ln1494_3 = mul i32 %zext_ln186_7, i32 %zext_ln186_6"   --->   Operation 115 'mul' 'mul_ln1494_3' <Predicate = true> <Delay = 0.00> <CoreInst = "DSP48">   --->   Core 127 'DSP48' <Latency = 3> <II = 1> <Delay = 0.53> <IPBlock> <Opcode : 'mul' 'add' 'sub' 'select'> <InPorts = 0> <OutPorts = 1> <Sync> <CReg>
ST_4 : Operation 116 [1/3] (0.00ns) (grouped into DSP with root node add_ln89_1)   --->   "%mul_ln1494_4 = mul i32 %zext_ln186_9, i32 %zext_ln186_8"   --->   Operation 116 'mul' 'mul_ln1494_4' <Predicate = true> <Delay = 0.00> <CoreInst = "DSP48">   --->   Core 127 'DSP48' <Latency = 3> <II = 1> <Delay = 0.53> <IPBlock> <Opcode : 'mul' 'add' 'sub' 'select'> <InPorts = 0> <OutPorts = 1> <Sync> <CReg>
ST_4 : Operation 117 [1/3] (0.00ns) (grouped into DSP with root node add_ln840)   --->   "%mul_ln1494_5 = mul i32 %zext_ln186_11, i32 %zext_ln186_10"   --->   Operation 117 'mul' 'mul_ln1494_5' <Predicate = true> <Delay = 0.00> <CoreInst = "DSP48">   --->   Core 127 'DSP48' <Latency = 3> <II = 1> <Delay = 0.53> <IPBlock> <Opcode : 'mul' 'add' 'sub' 'select'> <InPorts = 0> <OutPorts = 1> <Sync> <CReg>
ST_4 : Operation 118 [1/3] (0.00ns) (grouped into DSP with root node add_ln89_2)   --->   "%mul_ln1494_6 = mul i32 %zext_ln186_13, i32 %zext_ln186_12"   --->   Operation 118 'mul' 'mul_ln1494_6' <Predicate = true> <Delay = 0.00> <CoreInst = "DSP48">   --->   Core 127 'DSP48' <Latency = 3> <II = 1> <Delay = 0.53> <IPBlock> <Opcode : 'mul' 'add' 'sub' 'select'> <InPorts = 0> <OutPorts = 1> <Sync> <CReg>
ST_4 : Operation 119 [2/2] (0.64ns) (root node of the DSP)   --->   "%add_ln89_1 = add i32 %mul_ln1494, i32 %mul_ln1494_4" [Compute_block/Compute.cpp:89]   --->   Operation 119 'add' 'add_ln89_1' <Predicate = true> <Delay = 0.64> <CoreInst = "DSP48">   --->   Core 127 'DSP48' <Latency = 3> <II = 1> <Delay = 0.53> <IPBlock> <Opcode : 'mul' 'add' 'sub' 'select'> <InPorts = 0> <OutPorts = 1> <Sync> <CReg>
ST_4 : Operation 120 [2/2] (0.64ns) (root node of the DSP)   --->   "%add_ln89_2 = add i32 %mul_ln1494_2, i32 %mul_ln1494_6" [Compute_block/Compute.cpp:89]   --->   Operation 120 'add' 'add_ln89_2' <Predicate = true> <Delay = 0.64> <CoreInst = "DSP48">   --->   Core 127 'DSP48' <Latency = 3> <II = 1> <Delay = 0.53> <IPBlock> <Opcode : 'mul' 'add' 'sub' 'select'> <InPorts = 0> <OutPorts = 1> <Sync> <CReg>
ST_4 : Operation 121 [1/4] (0.00ns) (root node of the DSP)   --->   "%mul_ln1494_7 = mul i32 %zext_ln186_15, i32 %zext_ln186_14"   --->   Operation 121 'mul' 'mul_ln1494_7' <Predicate = true> <Delay = 0.00> <CoreInst = "DSP48">   --->   Core 127 'DSP48' <Latency = 3> <II = 1> <Delay = 0.53> <IPBlock> <Opcode : 'mul' 'add' 'sub' 'select'> <InPorts = 0> <OutPorts = 1> <Sync> <CReg>
ST_4 : Operation 122 [2/2] (0.64ns) (root node of the DSP)   --->   "%add_ln840 = add i32 %mul_ln1494_3, i32 %mul_ln1494_5"   --->   Operation 122 'add' 'add_ln840' <Predicate = true> <Delay = 0.64> <CoreInst = "DSP48">   --->   Core 127 'DSP48' <Latency = 3> <II = 1> <Delay = 0.53> <IPBlock> <Opcode : 'mul' 'add' 'sub' 'select'> <InPorts = 0> <OutPorts = 1> <Sync> <CReg>

State 5 <SV = 4> <Delay = 2.08>
ST_5 : Operation 123 [2/3] (0.99ns) (grouped into DSP with root node add_ln840_1)   --->   "%mul_ln1494_1 = mul i32 %zext_ln186_3, i32 %zext_ln186_2"   --->   Operation 123 'mul' 'mul_ln1494_1' <Predicate = true> <Delay = 0.99> <CoreInst = "DSP48">   --->   Core 127 'DSP48' <Latency = 3> <II = 1> <Delay = 0.53> <IPBlock> <Opcode : 'mul' 'add' 'sub' 'select'> <InPorts = 0> <OutPorts = 1> <Sync> <CReg>
ST_5 : Operation 124 [1/2] (0.64ns) (root node of the DSP)   --->   "%add_ln89_1 = add i32 %mul_ln1494, i32 %mul_ln1494_4" [Compute_block/Compute.cpp:89]   --->   Operation 124 'add' 'add_ln89_1' <Predicate = true> <Delay = 0.64> <CoreInst = "DSP48">   --->   Core 127 'DSP48' <Latency = 3> <II = 1> <Delay = 0.53> <IPBlock> <Opcode : 'mul' 'add' 'sub' 'select'> <InPorts = 0> <OutPorts = 1> <Sync> <CReg>
ST_5 : Operation 125 [1/2] (0.64ns) (root node of the DSP)   --->   "%add_ln89_2 = add i32 %mul_ln1494_2, i32 %mul_ln1494_6" [Compute_block/Compute.cpp:89]   --->   Operation 125 'add' 'add_ln89_2' <Predicate = true> <Delay = 0.64> <CoreInst = "DSP48">   --->   Core 127 'DSP48' <Latency = 3> <II = 1> <Delay = 0.53> <IPBlock> <Opcode : 'mul' 'add' 'sub' 'select'> <InPorts = 0> <OutPorts = 1> <Sync> <CReg>
ST_5 : Operation 126 [1/1] (1.01ns)   --->   "%add_ln89_3 = add i32 %add_ln89_2, i32 %add_ln89_1" [Compute_block/Compute.cpp:89]   --->   Operation 126 'add' 'add_ln89_3' <Predicate = true> <Delay = 1.01> <CoreInst = "Adder">   --->   Core 1 'Adder' <Latency = 0> <II = 1> <Delay = 1.01> <FuncUnit> <Opcode : 'add' 'sub'> <InPorts = 2> <OutPorts = 1>
ST_5 : Operation 127 [1/2] (0.64ns) (root node of the DSP)   --->   "%add_ln840 = add i32 %mul_ln1494_3, i32 %mul_ln1494_5"   --->   Operation 127 'add' 'add_ln840' <Predicate = true> <Delay = 0.64> <CoreInst = "DSP48">   --->   Core 127 'DSP48' <Latency = 3> <II = 1> <Delay = 0.53> <IPBlock> <Opcode : 'mul' 'add' 'sub' 'select'> <InPorts = 0> <OutPorts = 1> <Sync> <CReg>
ST_5 : Operation 128 [1/1] (0.00ns)   --->   "%add_ln1 = bitconcatenate i4 @_ssdm_op_BitConcatenate.i4.i2.i2, i2 %i_cast_read, i2 %com_1" [Compute_block/Compute.cpp:92]   --->   Operation 128 'bitconcatenate' 'add_ln1' <Predicate = true> <Delay = 0.00>
ST_5 : Operation 129 [1/1] (0.44ns)   --->   "%switch_ln92 = switch i4 %add_ln1, void %arrayidx142.case.14, i4 0, void %arrayidx142.case.0, i4 1, void %arrayidx142.case.1, i4 2, void %arrayidx142.case.2, i4 3, void %arrayidx142.case.3, i4 4, void %arrayidx142.case.4, i4 5, void %arrayidx142.case.5, i4 6, void %arrayidx142.case.6, i4 7, void %arrayidx142.case.7, i4 8, void %arrayidx142.case.8, i4 9, void %arrayidx142.case.9, i4 10, void %arrayidx142.case.10, i4 11, void %arrayidx142.case.11, i4 12, void %arrayidx142.case.12, i4 13, void %arrayidx142.case.13" [Compute_block/Compute.cpp:92]   --->   Operation 129 'switch' 'switch_ln92' <Predicate = (!phase_read)> <Delay = 0.44>
ST_5 : Operation 130 [1/1] (0.00ns)   --->   "%store_ln92 = store i32 %add_ln89_3, i32 %compute_ap_int_64_ap_int_32_bool_hls_stream_ap_uint_32_0_hls_stream_ap_uint_32_0_REG_s_2" [Compute_block/Compute.cpp:92]   --->   Operation 130 'store' 'store_ln92' <Predicate = (!phase_read & add_ln1 == 13)> <Delay = 0.00>
ST_5 : Operation 131 [1/1] (0.00ns)   --->   "%br_ln92 = br void %arrayidx142.exit" [Compute_block/Compute.cpp:92]   --->   Operation 131 'br' 'br_ln92' <Predicate = (!phase_read & add_ln1 == 13)> <Delay = 0.00>
ST_5 : Operation 132 [1/1] (0.00ns)   --->   "%store_ln92 = store i32 %add_ln89_3, i32 %compute_ap_int_64_ap_int_32_bool_hls_stream_ap_uint_32_0_hls_stream_ap_uint_32_0_REG_s_1" [Compute_block/Compute.cpp:92]   --->   Operation 132 'store' 'store_ln92' <Predicate = (!phase_read & add_ln1 == 12)> <Delay = 0.00>
ST_5 : Operation 133 [1/1] (0.00ns)   --->   "%br_ln92 = br void %arrayidx142.exit" [Compute_block/Compute.cpp:92]   --->   Operation 133 'br' 'br_ln92' <Predicate = (!phase_read & add_ln1 == 12)> <Delay = 0.00>
ST_5 : Operation 134 [1/1] (0.42ns)   --->   "%store_ln92 = store i32 %add_ln89_3, i32 %compute_ap_int_64_ap_int_32_bool_hls_stream_ap_uint_32_0_hls_stream_ap_uint_32_0_REG_s_0" [Compute_block/Compute.cpp:92]   --->   Operation 134 'store' 'store_ln92' <Predicate = (!phase_read & add_ln1 == 11)> <Delay = 0.42>
ST_5 : Operation 135 [1/1] (0.00ns)   --->   "%br_ln92 = br void %arrayidx142.exit" [Compute_block/Compute.cpp:92]   --->   Operation 135 'br' 'br_ln92' <Predicate = (!phase_read & add_ln1 == 11)> <Delay = 0.00>
ST_5 : Operation 136 [1/1] (0.42ns)   --->   "%store_ln92 = store i32 %add_ln89_3, i32 %compute_ap_int_64_ap_int_32_bool_hls_stream_ap_uint_32_0_hls_stream_ap_uint_32_0_REG_s" [Compute_block/Compute.cpp:92]   --->   Operation 136 'store' 'store_ln92' <Predicate = (!phase_read & add_ln1 == 10)> <Delay = 0.42>
ST_5 : Operation 137 [1/1] (0.00ns)   --->   "%br_ln92 = br void %arrayidx142.exit" [Compute_block/Compute.cpp:92]   --->   Operation 137 'br' 'br_ln92' <Predicate = (!phase_read & add_ln1 == 10)> <Delay = 0.00>
ST_5 : Operation 138 [1/1] (0.42ns)   --->   "%store_ln92 = store i32 %add_ln89_3, i32 %compute_ap_int_ap_int_bool_stream_stream_ap_uint_32_0_REG1" [Compute_block/Compute.cpp:92]   --->   Operation 138 'store' 'store_ln92' <Predicate = (!phase_read & add_ln1 == 9)> <Delay = 0.42>
ST_5 : Operation 139 [1/1] (0.00ns)   --->   "%br_ln92 = br void %arrayidx142.exit" [Compute_block/Compute.cpp:92]   --->   Operation 139 'br' 'br_ln92' <Predicate = (!phase_read & add_ln1 == 9)> <Delay = 0.00>
ST_5 : Operation 140 [1/1] (0.42ns)   --->   "%store_ln92 = store i32 %add_ln89_3, i32 %compute_ap_int_ap_int_bool_stream_stream_ap_uint_32_0_REG1_1" [Compute_block/Compute.cpp:92]   --->   Operation 140 'store' 'store_ln92' <Predicate = (!phase_read & add_ln1 == 8)> <Delay = 0.42>
ST_5 : Operation 141 [1/1] (0.00ns)   --->   "%br_ln92 = br void %arrayidx142.exit" [Compute_block/Compute.cpp:92]   --->   Operation 141 'br' 'br_ln92' <Predicate = (!phase_read & add_ln1 == 8)> <Delay = 0.00>
ST_5 : Operation 142 [1/1] (0.42ns)   --->   "%store_ln92 = store i32 %add_ln89_3, i32 %compute_ap_int_ap_int_bool_stream_stream_ap_uint_32_0_REG1_2" [Compute_block/Compute.cpp:92]   --->   Operation 142 'store' 'store_ln92' <Predicate = (!phase_read & add_ln1 == 7)> <Delay = 0.42>
ST_5 : Operation 143 [1/1] (0.00ns)   --->   "%br_ln92 = br void %arrayidx142.exit" [Compute_block/Compute.cpp:92]   --->   Operation 143 'br' 'br_ln92' <Predicate = (!phase_read & add_ln1 == 7)> <Delay = 0.00>
ST_5 : Operation 144 [1/1] (0.42ns)   --->   "%store_ln92 = store i32 %add_ln89_3, i32 %compute_ap_int_ap_int_bool_stream_stream_ap_uint_32_0_REG1_3" [Compute_block/Compute.cpp:92]   --->   Operation 144 'store' 'store_ln92' <Predicate = (!phase_read & add_ln1 == 6)> <Delay = 0.42>
ST_5 : Operation 145 [1/1] (0.00ns)   --->   "%br_ln92 = br void %arrayidx142.exit" [Compute_block/Compute.cpp:92]   --->   Operation 145 'br' 'br_ln92' <Predicate = (!phase_read & add_ln1 == 6)> <Delay = 0.00>
ST_5 : Operation 146 [1/1] (0.42ns)   --->   "%store_ln92 = store i32 %add_ln89_3, i32 %compute_ap_int_ap_int_bool_stream_stream_ap_uint_32_0_REG1_4" [Compute_block/Compute.cpp:92]   --->   Operation 146 'store' 'store_ln92' <Predicate = (!phase_read & add_ln1 == 5)> <Delay = 0.42>
ST_5 : Operation 147 [1/1] (0.00ns)   --->   "%br_ln92 = br void %arrayidx142.exit" [Compute_block/Compute.cpp:92]   --->   Operation 147 'br' 'br_ln92' <Predicate = (!phase_read & add_ln1 == 5)> <Delay = 0.00>
ST_5 : Operation 148 [1/1] (0.42ns)   --->   "%store_ln92 = store i32 %add_ln89_3, i32 %compute_ap_int_ap_int_bool_stream_stream_ap_uint_32_0_REG1_5" [Compute_block/Compute.cpp:92]   --->   Operation 148 'store' 'store_ln92' <Predicate = (!phase_read & add_ln1 == 4)> <Delay = 0.42>
ST_5 : Operation 149 [1/1] (0.00ns)   --->   "%br_ln92 = br void %arrayidx142.exit" [Compute_block/Compute.cpp:92]   --->   Operation 149 'br' 'br_ln92' <Predicate = (!phase_read & add_ln1 == 4)> <Delay = 0.00>
ST_5 : Operation 150 [1/1] (0.42ns)   --->   "%store_ln92 = store i32 %add_ln89_3, i32 %compute_ap_int_ap_int_bool_stream_stream_ap_uint_32_0_REG1_6" [Compute_block/Compute.cpp:92]   --->   Operation 150 'store' 'store_ln92' <Predicate = (!phase_read & add_ln1 == 3)> <Delay = 0.42>
ST_5 : Operation 151 [1/1] (0.00ns)   --->   "%br_ln92 = br void %arrayidx142.exit" [Compute_block/Compute.cpp:92]   --->   Operation 151 'br' 'br_ln92' <Predicate = (!phase_read & add_ln1 == 3)> <Delay = 0.00>
ST_5 : Operation 152 [1/1] (0.42ns)   --->   "%store_ln92 = store i32 %add_ln89_3, i32 %compute_ap_int_ap_int_bool_stream_stream_ap_uint_32_0_REG1_7" [Compute_block/Compute.cpp:92]   --->   Operation 152 'store' 'store_ln92' <Predicate = (!phase_read & add_ln1 == 2)> <Delay = 0.42>
ST_5 : Operation 153 [1/1] (0.00ns)   --->   "%br_ln92 = br void %arrayidx142.exit" [Compute_block/Compute.cpp:92]   --->   Operation 153 'br' 'br_ln92' <Predicate = (!phase_read & add_ln1 == 2)> <Delay = 0.00>
ST_5 : Operation 154 [1/1] (0.42ns)   --->   "%store_ln92 = store i32 %add_ln89_3, i32 %compute_ap_int_ap_int_bool_stream_stream_ap_uint_32_0_REG1_8" [Compute_block/Compute.cpp:92]   --->   Operation 154 'store' 'store_ln92' <Predicate = (!phase_read & add_ln1 == 1)> <Delay = 0.42>
ST_5 : Operation 155 [1/1] (0.00ns)   --->   "%br_ln92 = br void %arrayidx142.exit" [Compute_block/Compute.cpp:92]   --->   Operation 155 'br' 'br_ln92' <Predicate = (!phase_read & add_ln1 == 1)> <Delay = 0.00>
ST_5 : Operation 156 [1/1] (0.42ns)   --->   "%store_ln92 = store i32 %add_ln89_3, i32 %compute_ap_int_ap_int_bool_stream_stream_ap_uint_32_0_REG1_9" [Compute_block/Compute.cpp:92]   --->   Operation 156 'store' 'store_ln92' <Predicate = (!phase_read & add_ln1 == 0)> <Delay = 0.42>
ST_5 : Operation 157 [1/1] (0.00ns)   --->   "%br_ln92 = br void %arrayidx142.exit" [Compute_block/Compute.cpp:92]   --->   Operation 157 'br' 'br_ln92' <Predicate = (!phase_read & add_ln1 == 0)> <Delay = 0.00>
ST_5 : Operation 158 [1/1] (0.00ns)   --->   "%store_ln92 = store i32 %add_ln89_3, i32 %compute_ap_int_64_ap_int_32_bool_hls_stream_ap_uint_32_0_hls_stream_ap_uint_32_0_REG_s_3" [Compute_block/Compute.cpp:92]   --->   Operation 158 'store' 'store_ln92' <Predicate = (!phase_read & add_ln1 == 15) | (!phase_read & add_ln1 == 14)> <Delay = 0.00>
ST_5 : Operation 159 [1/1] (0.00ns)   --->   "%br_ln92 = br void %arrayidx142.exit" [Compute_block/Compute.cpp:92]   --->   Operation 159 'br' 'br_ln92' <Predicate = (!phase_read & add_ln1 == 15) | (!phase_read & add_ln1 == 14)> <Delay = 0.00>
ST_5 : Operation 221 [1/1] (0.00ns)   --->   "%ret_ln0 = ret"   --->   Operation 221 'ret' 'ret_ln0' <Predicate = (icmp_ln81)> <Delay = 0.00>

State 6 <SV = 5> <Delay = 2.24>
ST_6 : Operation 160 [1/3] (0.00ns) (grouped into DSP with root node add_ln840_1)   --->   "%mul_ln1494_1 = mul i32 %zext_ln186_3, i32 %zext_ln186_2"   --->   Operation 160 'mul' 'mul_ln1494_1' <Predicate = true> <Delay = 0.00> <CoreInst = "DSP48">   --->   Core 127 'DSP48' <Latency = 3> <II = 1> <Delay = 0.53> <IPBlock> <Opcode : 'mul' 'add' 'sub' 'select'> <InPorts = 0> <OutPorts = 1> <Sync> <CReg>
ST_6 : Operation 161 [2/2] (0.64ns) (root node of the DSP)   --->   "%add_ln840_1 = add i32 %add_ln840, i32 %mul_ln1494_1"   --->   Operation 161 'add' 'add_ln840_1' <Predicate = true> <Delay = 0.64> <CoreInst = "DSP48">   --->   Core 127 'DSP48' <Latency = 3> <II = 1> <Delay = 0.53> <IPBlock> <Opcode : 'mul' 'add' 'sub' 'select'> <InPorts = 0> <OutPorts = 1> <Sync> <CReg>
ST_6 : Operation 162 [1/1] (0.00ns)   --->   "%zext_ln93 = zext i4 %add_ln1" [Compute_block/Compute.cpp:93]   --->   Operation 162 'zext' 'zext_ln93' <Predicate = true> <Delay = 0.00>
ST_6 : Operation 163 [1/1] (0.00ns)   --->   "%add_ln93_1 = bitconcatenate i4 @_ssdm_op_BitConcatenate.i4.i2.i2, i2 %com_1, i2 %i_cast_read" [Compute_block/Compute.cpp:93]   --->   Operation 163 'bitconcatenate' 'add_ln93_1' <Predicate = true> <Delay = 0.00>
ST_6 : Operation 164 [1/1] (0.00ns)   --->   "%br_ln93 = br void %arrayidx147.exit" [Compute_block/Compute.cpp:93]   --->   Operation 164 'br' 'br_ln93' <Predicate = (!phase_read & add_ln93_1 == 10)> <Delay = 0.00>
ST_6 : Operation 165 [1/1] (0.00ns)   --->   "%br_ln93 = br void %arrayidx147.exit" [Compute_block/Compute.cpp:93]   --->   Operation 165 'br' 'br_ln93' <Predicate = (!phase_read & add_ln93_1 == 9)> <Delay = 0.00>
ST_6 : Operation 166 [1/1] (0.00ns)   --->   "%br_ln93 = br void %arrayidx147.exit" [Compute_block/Compute.cpp:93]   --->   Operation 166 'br' 'br_ln93' <Predicate = (!phase_read & add_ln93_1 == 8)> <Delay = 0.00>
ST_6 : Operation 167 [1/1] (0.00ns)   --->   "%br_ln93 = br void %arrayidx147.exit" [Compute_block/Compute.cpp:93]   --->   Operation 167 'br' 'br_ln93' <Predicate = (!phase_read & add_ln93_1 == 7)> <Delay = 0.00>
ST_6 : Operation 168 [1/1] (0.00ns)   --->   "%br_ln93 = br void %arrayidx147.exit" [Compute_block/Compute.cpp:93]   --->   Operation 168 'br' 'br_ln93' <Predicate = (!phase_read & add_ln93_1 == 6)> <Delay = 0.00>
ST_6 : Operation 169 [1/1] (0.00ns)   --->   "%br_ln93 = br void %arrayidx147.exit" [Compute_block/Compute.cpp:93]   --->   Operation 169 'br' 'br_ln93' <Predicate = (!phase_read & add_ln93_1 == 5)> <Delay = 0.00>
ST_6 : Operation 170 [1/1] (0.00ns)   --->   "%br_ln93 = br void %arrayidx147.exit" [Compute_block/Compute.cpp:93]   --->   Operation 170 'br' 'br_ln93' <Predicate = (!phase_read & add_ln93_1 == 4)> <Delay = 0.00>
ST_6 : Operation 171 [1/1] (0.00ns)   --->   "%br_ln93 = br void %arrayidx147.exit" [Compute_block/Compute.cpp:93]   --->   Operation 171 'br' 'br_ln93' <Predicate = (!phase_read & add_ln93_1 == 3)> <Delay = 0.00>
ST_6 : Operation 172 [1/1] (0.00ns)   --->   "%br_ln93 = br void %arrayidx147.exit" [Compute_block/Compute.cpp:93]   --->   Operation 172 'br' 'br_ln93' <Predicate = (!phase_read & add_ln93_1 == 2)> <Delay = 0.00>
ST_6 : Operation 173 [1/1] (0.00ns)   --->   "%br_ln93 = br void %arrayidx147.exit" [Compute_block/Compute.cpp:93]   --->   Operation 173 'br' 'br_ln93' <Predicate = (!phase_read & add_ln93_1 == 1)> <Delay = 0.00>
ST_6 : Operation 174 [1/1] (0.00ns)   --->   "%br_ln93 = br void %arrayidx147.exit" [Compute_block/Compute.cpp:93]   --->   Operation 174 'br' 'br_ln93' <Predicate = (!phase_read & add_ln93_1 == 0)> <Delay = 0.00>
ST_6 : Operation 175 [1/1] (0.00ns)   --->   "%br_ln93 = br void %arrayidx147.exit" [Compute_block/Compute.cpp:93]   --->   Operation 175 'br' 'br_ln93' <Predicate = (!phase_read & add_ln93_1 == 15) | (!phase_read & add_ln93_1 == 14) | (!phase_read & add_ln93_1 == 13) | (!phase_read & add_ln93_1 == 12) | (!phase_read & add_ln93_1 == 11)> <Delay = 0.00>
ST_6 : Operation 176 [1/1] (0.00ns)   --->   "%compute_ap_int_ap_int_bool_stream_stream_ap_uint_32_0_REG1_9_load = load i32 %compute_ap_int_ap_int_bool_stream_stream_ap_uint_32_0_REG1_9"   --->   Operation 176 'load' 'compute_ap_int_ap_int_bool_stream_stream_ap_uint_32_0_REG1_9_load' <Predicate = (phase_read)> <Delay = 0.00>
ST_6 : Operation 177 [1/1] (0.00ns)   --->   "%compute_ap_int_ap_int_bool_stream_stream_ap_uint_32_0_REG1_8_load = load i32 %compute_ap_int_ap_int_bool_stream_stream_ap_uint_32_0_REG1_8"   --->   Operation 177 'load' 'compute_ap_int_ap_int_bool_stream_stream_ap_uint_32_0_REG1_8_load' <Predicate = (phase_read)> <Delay = 0.00>
ST_6 : Operation 178 [1/1] (0.00ns)   --->   "%compute_ap_int_ap_int_bool_stream_stream_ap_uint_32_0_REG1_7_load = load i32 %compute_ap_int_ap_int_bool_stream_stream_ap_uint_32_0_REG1_7"   --->   Operation 178 'load' 'compute_ap_int_ap_int_bool_stream_stream_ap_uint_32_0_REG1_7_load' <Predicate = (phase_read)> <Delay = 0.00>
ST_6 : Operation 179 [1/1] (0.00ns)   --->   "%compute_ap_int_ap_int_bool_stream_stream_ap_uint_32_0_REG1_6_load = load i32 %compute_ap_int_ap_int_bool_stream_stream_ap_uint_32_0_REG1_6"   --->   Operation 179 'load' 'compute_ap_int_ap_int_bool_stream_stream_ap_uint_32_0_REG1_6_load' <Predicate = (phase_read)> <Delay = 0.00>
ST_6 : Operation 180 [1/1] (0.00ns)   --->   "%compute_ap_int_ap_int_bool_stream_stream_ap_uint_32_0_REG1_5_load = load i32 %compute_ap_int_ap_int_bool_stream_stream_ap_uint_32_0_REG1_5"   --->   Operation 180 'load' 'compute_ap_int_ap_int_bool_stream_stream_ap_uint_32_0_REG1_5_load' <Predicate = (phase_read)> <Delay = 0.00>
ST_6 : Operation 181 [1/1] (0.00ns)   --->   "%compute_ap_int_ap_int_bool_stream_stream_ap_uint_32_0_REG1_4_load = load i32 %compute_ap_int_ap_int_bool_stream_stream_ap_uint_32_0_REG1_4"   --->   Operation 181 'load' 'compute_ap_int_ap_int_bool_stream_stream_ap_uint_32_0_REG1_4_load' <Predicate = (phase_read)> <Delay = 0.00>
ST_6 : Operation 182 [1/1] (0.00ns)   --->   "%compute_ap_int_ap_int_bool_stream_stream_ap_uint_32_0_REG1_3_load = load i32 %compute_ap_int_ap_int_bool_stream_stream_ap_uint_32_0_REG1_3"   --->   Operation 182 'load' 'compute_ap_int_ap_int_bool_stream_stream_ap_uint_32_0_REG1_3_load' <Predicate = (phase_read)> <Delay = 0.00>
ST_6 : Operation 183 [1/1] (0.00ns)   --->   "%compute_ap_int_ap_int_bool_stream_stream_ap_uint_32_0_REG1_2_load = load i32 %compute_ap_int_ap_int_bool_stream_stream_ap_uint_32_0_REG1_2"   --->   Operation 183 'load' 'compute_ap_int_ap_int_bool_stream_stream_ap_uint_32_0_REG1_2_load' <Predicate = (phase_read)> <Delay = 0.00>
ST_6 : Operation 184 [1/1] (0.00ns)   --->   "%compute_ap_int_ap_int_bool_stream_stream_ap_uint_32_0_REG1_1_load = load i32 %compute_ap_int_ap_int_bool_stream_stream_ap_uint_32_0_REG1_1"   --->   Operation 184 'load' 'compute_ap_int_ap_int_bool_stream_stream_ap_uint_32_0_REG1_1_load' <Predicate = (phase_read)> <Delay = 0.00>
ST_6 : Operation 185 [1/1] (0.00ns)   --->   "%compute_ap_int_ap_int_bool_stream_stream_ap_uint_32_0_REG1_load = load i32 %compute_ap_int_ap_int_bool_stream_stream_ap_uint_32_0_REG1"   --->   Operation 185 'load' 'compute_ap_int_ap_int_bool_stream_stream_ap_uint_32_0_REG1_load' <Predicate = (phase_read)> <Delay = 0.00>
ST_6 : Operation 186 [1/1] (0.00ns)   --->   "%compute_ap_int_64_ap_int_32_bool_hls_stream_ap_uint_32_0_hls_stream_ap_uint_32_0_REG_s = load i32 %compute_ap_int_64_ap_int_32_bool_hls_stream_ap_uint_32_0_hls_stream_ap_uint_32_0_REG_s"   --->   Operation 186 'load' 'compute_ap_int_64_ap_int_32_bool_hls_stream_ap_uint_32_0_hls_stream_ap_uint_32_0_REG_s' <Predicate = (phase_read)> <Delay = 0.00>
ST_6 : Operation 187 [1/1] (0.00ns)   --->   "%compute_ap_int_64_ap_int_32_bool_hls_stream_ap_uint_32_0_hls_stream_ap_uint_32_0_REG_s_18 = load i32 %compute_ap_int_64_ap_int_32_bool_hls_stream_ap_uint_32_0_hls_stream_ap_uint_32_0_REG_s_0"   --->   Operation 187 'load' 'compute_ap_int_64_ap_int_32_bool_hls_stream_ap_uint_32_0_hls_stream_ap_uint_32_0_REG_s_18' <Predicate = (phase_read)> <Delay = 0.00>
ST_6 : Operation 188 [1/1] (0.00ns)   --->   "%compute_ap_int_64_ap_int_32_bool_hls_stream_ap_uint_32_0_hls_stream_ap_uint_32_0_REG_s_19 = load i32 %compute_ap_int_64_ap_int_32_bool_hls_stream_ap_uint_32_0_hls_stream_ap_uint_32_0_REG_s_1"   --->   Operation 188 'load' 'compute_ap_int_64_ap_int_32_bool_hls_stream_ap_uint_32_0_hls_stream_ap_uint_32_0_REG_s_19' <Predicate = (phase_read)> <Delay = 0.00>
ST_6 : Operation 189 [1/1] (0.00ns)   --->   "%compute_ap_int_64_ap_int_32_bool_hls_stream_ap_uint_32_0_hls_stream_ap_uint_32_0_REG_s_20 = load i32 %compute_ap_int_64_ap_int_32_bool_hls_stream_ap_uint_32_0_hls_stream_ap_uint_32_0_REG_s_2"   --->   Operation 189 'load' 'compute_ap_int_64_ap_int_32_bool_hls_stream_ap_uint_32_0_hls_stream_ap_uint_32_0_REG_s_20' <Predicate = (phase_read)> <Delay = 0.00>
ST_6 : Operation 190 [1/1] (0.00ns)   --->   "%compute_ap_int_64_ap_int_32_bool_hls_stream_ap_uint_32_0_hls_stream_ap_uint_32_0_REG_s_21 = load i32 %compute_ap_int_64_ap_int_32_bool_hls_stream_ap_uint_32_0_hls_stream_ap_uint_32_0_REG_s_3"   --->   Operation 190 'load' 'compute_ap_int_64_ap_int_32_bool_hls_stream_ap_uint_32_0_hls_stream_ap_uint_32_0_REG_s_21' <Predicate = (phase_read)> <Delay = 0.00>
ST_6 : Operation 191 [1/1] (0.54ns)   --->   "%tmp_s = mux i32 @_ssdm_op_Mux.ap_auto.15i32.i4, i32 %compute_ap_int_ap_int_bool_stream_stream_ap_uint_32_0_REG1_9_load, i32 %compute_ap_int_ap_int_bool_stream_stream_ap_uint_32_0_REG1_8_load, i32 %compute_ap_int_ap_int_bool_stream_stream_ap_uint_32_0_REG1_7_load, i32 %compute_ap_int_ap_int_bool_stream_stream_ap_uint_32_0_REG1_6_load, i32 %compute_ap_int_ap_int_bool_stream_stream_ap_uint_32_0_REG1_5_load, i32 %compute_ap_int_ap_int_bool_stream_stream_ap_uint_32_0_REG1_4_load, i32 %compute_ap_int_ap_int_bool_stream_stream_ap_uint_32_0_REG1_3_load, i32 %compute_ap_int_ap_int_bool_stream_stream_ap_uint_32_0_REG1_2_load, i32 %compute_ap_int_ap_int_bool_stream_stream_ap_uint_32_0_REG1_1_load, i32 %compute_ap_int_ap_int_bool_stream_stream_ap_uint_32_0_REG1_load, i32 %compute_ap_int_64_ap_int_32_bool_hls_stream_ap_uint_32_0_hls_stream_ap_uint_32_0_REG_s, i32 %compute_ap_int_64_ap_int_32_bool_hls_stream_ap_uint_32_0_hls_stream_ap_uint_32_0_REG_s_18, i32 %compute_ap_int_64_ap_int_32_bool_hls_stream_ap_uint_32_0_hls_stream_ap_uint_32_0_REG_s_19, i32 %compute_ap_int_64_ap_int_32_bool_hls_stream_ap_uint_32_0_hls_stream_ap_uint_32_0_REG_s_20, i32 %compute_ap_int_64_ap_int_32_bool_hls_stream_ap_uint_32_0_hls_stream_ap_uint_32_0_REG_s_21, i4 %add_ln1"   --->   Operation 191 'mux' 'tmp_s' <Predicate = (phase_read)> <Delay = 0.54> <CoreInst = "Multiplexer">   --->   Core 76 'Multiplexer' <Latency = 0> <II = 1> <Delay = 0.54> <FuncUnit> <Opcode : 'mux'> <InPorts = 2> <OutPorts = 1>
ST_6 : Operation 192 [1/1] (1.01ns)   --->   "%add_ln89 = add i32 %tmp_s, i32 %add_ln89_3" [Compute_block/Compute.cpp:89]   --->   Operation 192 'add' 'add_ln89' <Predicate = (phase_read)> <Delay = 1.01> <CoreInst = "Adder">   --->   Core 1 'Adder' <Latency = 0> <II = 1> <Delay = 1.01> <FuncUnit> <Opcode : 'add' 'sub'> <InPorts = 2> <OutPorts = 1>
ST_6 : Operation 193 [1/1] (0.00ns)   --->   "%buffer_2_addr = getelementptr i32 %buffer_2, i64 0, i64 %zext_ln93" [Compute_block/Compute.cpp:89]   --->   Operation 193 'getelementptr' 'buffer_2_addr' <Predicate = (phase_read)> <Delay = 0.00>
ST_6 : Operation 194 [1/1] (0.67ns)   --->   "%store_ln89 = store i32 %add_ln89, i4 %buffer_2_addr" [Compute_block/Compute.cpp:89]   --->   Operation 194 'store' 'store_ln89' <Predicate = (phase_read)> <Delay = 0.67> <CoreInst = "RAM">   --->   Core 83 'RAM' <Latency = 1> <II = 1> <Delay = 0.67> <Storage> <Opcode : 'load' 'store'> <Ports = 2> <Width = 32> <Depth = 16> <RAM>

State 7 <SV = 6> <Delay = 2.13>
ST_7 : Operation 195 [1/1] (0.00ns)   --->   "%specloopname_ln81 = specloopname void @_ssdm_op_SpecLoopName, void @empty_4" [Compute_block/Compute.cpp:81]   --->   Operation 195 'specloopname' 'specloopname_ln81' <Predicate = true> <Delay = 0.00>
ST_7 : Operation 196 [1/2] (0.64ns) (root node of the DSP)   --->   "%add_ln840_1 = add i32 %add_ln840, i32 %mul_ln1494_1"   --->   Operation 196 'add' 'add_ln840_1' <Predicate = true> <Delay = 0.64> <CoreInst = "DSP48">   --->   Core 127 'DSP48' <Latency = 3> <II = 1> <Delay = 0.53> <IPBlock> <Opcode : 'mul' 'add' 'sub' 'select'> <InPorts = 0> <OutPorts = 1> <Sync> <CReg>
ST_7 : Operation 197 [1/1] (0.00ns)   --->   "%shl_ln = bitconcatenate i4 @_ssdm_op_BitConcatenate.i4.i2.i2, i2 %com_1, i2 0" [Compute_block/Compute.cpp:93]   --->   Operation 197 'bitconcatenate' 'shl_ln' <Predicate = true> <Delay = 0.00>
ST_7 : Operation 198 [1/1] (0.79ns)   --->   "%add_ln93 = add i4 %shl_ln, i4 %zext_ln60_cast" [Compute_block/Compute.cpp:93]   --->   Operation 198 'add' 'add_ln93' <Predicate = true> <Delay = 0.79> <CoreInst = "Adder">   --->   Core 1 'Adder' <Latency = 0> <II = 1> <Delay = 0.79> <FuncUnit> <Opcode : 'add' 'sub'> <InPorts = 2> <OutPorts = 1>
ST_7 : Operation 199 [1/1] (0.00ns)   --->   "%zext_ln92 = zext i4 %add_ln93" [Compute_block/Compute.cpp:92]   --->   Operation 199 'zext' 'zext_ln92' <Predicate = true> <Delay = 0.00>
ST_7 : Operation 200 [1/1] (1.01ns)   --->   "%add_ln186 = add i32 %mul_ln1494_7, i32 %add_ln840_1"   --->   Operation 200 'add' 'add_ln186' <Predicate = (!phase_read)> <Delay = 1.01> <CoreInst = "Adder">   --->   Core 1 'Adder' <Latency = 0> <II = 1> <Delay = 1.01> <FuncUnit> <Opcode : 'add' 'sub'> <InPorts = 2> <OutPorts = 1>
ST_7 : Operation 201 [1/1] (0.44ns)   --->   "%switch_ln93 = switch i4 %add_ln93_1, void %arrayidx147.case.11, i4 0, void %arrayidx147.case.0, i4 1, void %arrayidx147.case.1, i4 2, void %arrayidx147.case.2, i4 3, void %arrayidx147.case.3, i4 4, void %arrayidx147.case.4, i4 5, void %arrayidx147.case.5, i4 6, void %arrayidx147.case.6, i4 7, void %arrayidx147.case.7, i4 8, void %arrayidx147.case.8, i4 9, void %arrayidx147.case.9, i4 10, void %arrayidx147.case.10" [Compute_block/Compute.cpp:93]   --->   Operation 201 'switch' 'switch_ln93' <Predicate = (!phase_read)> <Delay = 0.44>
ST_7 : Operation 202 [1/1] (0.42ns)   --->   "%store_ln93 = store i32 %add_ln186, i32 %compute_ap_int_64_ap_int_32_bool_hls_stream_ap_uint_32_0_hls_stream_ap_uint_32_0_REG_s" [Compute_block/Compute.cpp:93]   --->   Operation 202 'store' 'store_ln93' <Predicate = (!phase_read & add_ln93_1 == 10)> <Delay = 0.42>
ST_7 : Operation 203 [1/1] (0.42ns)   --->   "%store_ln93 = store i32 %add_ln186, i32 %compute_ap_int_ap_int_bool_stream_stream_ap_uint_32_0_REG1" [Compute_block/Compute.cpp:93]   --->   Operation 203 'store' 'store_ln93' <Predicate = (!phase_read & add_ln93_1 == 9)> <Delay = 0.42>
ST_7 : Operation 204 [1/1] (0.42ns)   --->   "%store_ln93 = store i32 %add_ln186, i32 %compute_ap_int_ap_int_bool_stream_stream_ap_uint_32_0_REG1_1" [Compute_block/Compute.cpp:93]   --->   Operation 204 'store' 'store_ln93' <Predicate = (!phase_read & add_ln93_1 == 8)> <Delay = 0.42>
ST_7 : Operation 205 [1/1] (0.42ns)   --->   "%store_ln93 = store i32 %add_ln186, i32 %compute_ap_int_ap_int_bool_stream_stream_ap_uint_32_0_REG1_2" [Compute_block/Compute.cpp:93]   --->   Operation 205 'store' 'store_ln93' <Predicate = (!phase_read & add_ln93_1 == 7)> <Delay = 0.42>
ST_7 : Operation 206 [1/1] (0.42ns)   --->   "%store_ln93 = store i32 %add_ln186, i32 %compute_ap_int_ap_int_bool_stream_stream_ap_uint_32_0_REG1_3" [Compute_block/Compute.cpp:93]   --->   Operation 206 'store' 'store_ln93' <Predicate = (!phase_read & add_ln93_1 == 6)> <Delay = 0.42>
ST_7 : Operation 207 [1/1] (0.42ns)   --->   "%store_ln93 = store i32 %add_ln186, i32 %compute_ap_int_ap_int_bool_stream_stream_ap_uint_32_0_REG1_4" [Compute_block/Compute.cpp:93]   --->   Operation 207 'store' 'store_ln93' <Predicate = (!phase_read & add_ln93_1 == 5)> <Delay = 0.42>
ST_7 : Operation 208 [1/1] (0.42ns)   --->   "%store_ln93 = store i32 %add_ln186, i32 %compute_ap_int_ap_int_bool_stream_stream_ap_uint_32_0_REG1_5" [Compute_block/Compute.cpp:93]   --->   Operation 208 'store' 'store_ln93' <Predicate = (!phase_read & add_ln93_1 == 4)> <Delay = 0.42>
ST_7 : Operation 209 [1/1] (0.42ns)   --->   "%store_ln93 = store i32 %add_ln186, i32 %compute_ap_int_ap_int_bool_stream_stream_ap_uint_32_0_REG1_6" [Compute_block/Compute.cpp:93]   --->   Operation 209 'store' 'store_ln93' <Predicate = (!phase_read & add_ln93_1 == 3)> <Delay = 0.42>
ST_7 : Operation 210 [1/1] (0.42ns)   --->   "%store_ln93 = store i32 %add_ln186, i32 %compute_ap_int_ap_int_bool_stream_stream_ap_uint_32_0_REG1_7" [Compute_block/Compute.cpp:93]   --->   Operation 210 'store' 'store_ln93' <Predicate = (!phase_read & add_ln93_1 == 2)> <Delay = 0.42>
ST_7 : Operation 211 [1/1] (0.42ns)   --->   "%store_ln93 = store i32 %add_ln186, i32 %compute_ap_int_ap_int_bool_stream_stream_ap_uint_32_0_REG1_8" [Compute_block/Compute.cpp:93]   --->   Operation 211 'store' 'store_ln93' <Predicate = (!phase_read & add_ln93_1 == 1)> <Delay = 0.42>
ST_7 : Operation 212 [1/1] (0.42ns)   --->   "%store_ln93 = store i32 %add_ln186, i32 %compute_ap_int_ap_int_bool_stream_stream_ap_uint_32_0_REG1_9" [Compute_block/Compute.cpp:93]   --->   Operation 212 'store' 'store_ln93' <Predicate = (!phase_read & add_ln93_1 == 0)> <Delay = 0.42>
ST_7 : Operation 213 [1/1] (0.42ns)   --->   "%store_ln93 = store i32 %add_ln186, i32 %compute_ap_int_64_ap_int_32_bool_hls_stream_ap_uint_32_0_hls_stream_ap_uint_32_0_REG_s_0" [Compute_block/Compute.cpp:93]   --->   Operation 213 'store' 'store_ln93' <Predicate = (!phase_read & add_ln93_1 == 15) | (!phase_read & add_ln93_1 == 14) | (!phase_read & add_ln93_1 == 13) | (!phase_read & add_ln93_1 == 12) | (!phase_read & add_ln93_1 == 11)> <Delay = 0.42>
ST_7 : Operation 214 [1/1] (0.00ns)   --->   "%br_ln0 = br void %for.inc150"   --->   Operation 214 'br' 'br_ln0' <Predicate = (!phase_read)> <Delay = 0.00>
ST_7 : Operation 215 [1/1] (0.72ns)   --->   "%tmp_3 = mux i32 @_ssdm_op_Mux.ap_auto.12i32.i4, i32 %compute_ap_int_ap_int_bool_stream_stream_ap_uint_32_0_REG1_9_load, i32 %compute_ap_int_ap_int_bool_stream_stream_ap_uint_32_0_REG1_8_load, i32 %compute_ap_int_ap_int_bool_stream_stream_ap_uint_32_0_REG1_7_load, i32 %compute_ap_int_ap_int_bool_stream_stream_ap_uint_32_0_REG1_6_load, i32 %compute_ap_int_ap_int_bool_stream_stream_ap_uint_32_0_REG1_5_load, i32 %compute_ap_int_ap_int_bool_stream_stream_ap_uint_32_0_REG1_4_load, i32 %compute_ap_int_ap_int_bool_stream_stream_ap_uint_32_0_REG1_3_load, i32 %compute_ap_int_ap_int_bool_stream_stream_ap_uint_32_0_REG1_2_load, i32 %compute_ap_int_ap_int_bool_stream_stream_ap_uint_32_0_REG1_1_load, i32 %compute_ap_int_ap_int_bool_stream_stream_ap_uint_32_0_REG1_load, i32 %compute_ap_int_64_ap_int_32_bool_hls_stream_ap_uint_32_0_hls_stream_ap_uint_32_0_REG_s, i32 %compute_ap_int_64_ap_int_32_bool_hls_stream_ap_uint_32_0_hls_stream_ap_uint_32_0_REG_s_18, i4 %add_ln93_1"   --->   Operation 215 'mux' 'tmp_3' <Predicate = (phase_read)> <Delay = 0.72> <CoreInst = "Multiplexer">   --->   Core 76 'Multiplexer' <Latency = 0> <II = 1> <Delay = 0.72> <FuncUnit> <Opcode : 'mux'> <InPorts = 2> <OutPorts = 1>
ST_7 : Operation 216 [1/1] (0.00ns) (grouped into TernaryAdder)   --->   "%add_ln90_1 = add i32 %add_ln840_1, i32 %tmp_3" [Compute_block/Compute.cpp:90]   --->   Operation 216 'add' 'add_ln90_1' <Predicate = (phase_read)> <Delay = 0.00> <CoreInst = "TAddSub">   --->   Core 10 'TAddSub' <Latency = 0> <II = 1> <Delay = 0.36> <IPBlock> <Opcode : 'add' 'sub'> <InPorts = 3> <OutPorts = 1> <Sync> <CReg>
ST_7 : Operation 217 [1/1] (0.73ns) (root node of TernaryAdder)   --->   "%add_ln90 = add i32 %add_ln90_1, i32 %mul_ln1494_7" [Compute_block/Compute.cpp:90]   --->   Operation 217 'add' 'add_ln90' <Predicate = (phase_read)> <Delay = 0.73> <CoreInst = "TAddSub">   --->   Core 10 'TAddSub' <Latency = 0> <II = 1> <Delay = 0.36> <IPBlock> <Opcode : 'add' 'sub'> <InPorts = 3> <OutPorts = 1> <Sync> <CReg>
ST_7 : Operation 218 [1/1] (0.00ns)   --->   "%buffer_2_addr_1 = getelementptr i32 %buffer_2, i64 0, i64 %zext_ln92" [Compute_block/Compute.cpp:90]   --->   Operation 218 'getelementptr' 'buffer_2_addr_1' <Predicate = (phase_read)> <Delay = 0.00>
ST_7 : Operation 219 [1/1] (0.67ns)   --->   "%store_ln90 = store i32 %add_ln90, i4 %buffer_2_addr_1" [Compute_block/Compute.cpp:90]   --->   Operation 219 'store' 'store_ln90' <Predicate = (phase_read)> <Delay = 0.67> <CoreInst = "RAM">   --->   Core 83 'RAM' <Latency = 1> <II = 1> <Delay = 0.67> <Storage> <Opcode : 'load' 'store'> <Ports = 2> <Width = 32> <Depth = 16> <RAM>
ST_7 : Operation 220 [1/1] (0.00ns)   --->   "%br_ln90 = br void %for.inc150" [Compute_block/Compute.cpp:90]   --->   Operation 220 'br' 'br_ln90' <Predicate = (phase_read)> <Delay = 0.00>


============================================================
+ Verbose Summary: Binding
============================================================
STG Binding: 
---------------- STG Properties BEGIN ----------------
- Is combinational: 0
- Is one-state seq: 0
- Is datapath-only: 0
- Is pipelined: 0
- Is top level: 0
Port [ Return ] is wired: 1; IO mode=ap_ctrl_hs:ce=0
Port [ i]:  wired=1; compound=0; hidden=0; nouse=0; global=0; static=0; extern=0; dir=0; type=0; pingpong=0; private_global=0; IO mode=ap_none:ce=0
Port [ buffer_2]:  wired=1; compound=1; hidden=0; nouse=0; global=0; static=0; extern=0; dir=1; type=1; pingpong=0; private_global=0; MemPort=[03]; IO mode=ap_memory:ce=0
Port [ REG_V_32_reload]:  wired=1; compound=0; hidden=0; nouse=0; global=0; static=0; extern=0; dir=0; type=0; pingpong=0; private_global=0; IO mode=ap_none:ce=0
Port [ REG_V_40_reload]:  wired=1; compound=0; hidden=0; nouse=0; global=0; static=0; extern=0; dir=0; type=0; pingpong=0; private_global=0; IO mode=ap_none:ce=0
Port [ REG_V_48_reload]:  wired=1; compound=0; hidden=0; nouse=0; global=0; static=0; extern=0; dir=0; type=0; pingpong=0; private_global=0; IO mode=ap_none:ce=0
Port [ REG_V_56_reload]:  wired=1; compound=0; hidden=0; nouse=0; global=0; static=0; extern=0; dir=0; type=0; pingpong=0; private_global=0; IO mode=ap_none:ce=0
Port [ indvars_iv1]:  wired=1; compound=0; hidden=0; nouse=0; global=0; static=0; extern=0; dir=0; type=0; pingpong=0; private_global=0; IO mode=ap_none:ce=0
Port [ REG_V_36_reload]:  wired=1; compound=0; hidden=0; nouse=0; global=0; static=0; extern=0; dir=0; type=0; pingpong=0; private_global=0; IO mode=ap_none:ce=0
Port [ REG_V_44_reload]:  wired=1; compound=0; hidden=0; nouse=0; global=0; static=0; extern=0; dir=0; type=0; pingpong=0; private_global=0; IO mode=ap_none:ce=0
Port [ REG_V_52_reload]:  wired=1; compound=0; hidden=0; nouse=0; global=0; static=0; extern=0; dir=0; type=0; pingpong=0; private_global=0; IO mode=ap_none:ce=0
Port [ REG_V_60_reload]:  wired=1; compound=0; hidden=0; nouse=0; global=0; static=0; extern=0; dir=0; type=0; pingpong=0; private_global=0; IO mode=ap_none:ce=0
Port [ REG_V_33_reload]:  wired=1; compound=0; hidden=0; nouse=0; global=0; static=0; extern=0; dir=0; type=0; pingpong=0; private_global=0; IO mode=ap_none:ce=0
Port [ REG_V_41_reload]:  wired=1; compound=0; hidden=0; nouse=0; global=0; static=0; extern=0; dir=0; type=0; pingpong=0; private_global=0; IO mode=ap_none:ce=0
Port [ REG_V_49_reload]:  wired=1; compound=0; hidden=0; nouse=0; global=0; static=0; extern=0; dir=0; type=0; pingpong=0; private_global=0; IO mode=ap_none:ce=0
Port [ REG_V_57_reload]:  wired=1; compound=0; hidden=0; nouse=0; global=0; static=0; extern=0; dir=0; type=0; pingpong=0; private_global=0; IO mode=ap_none:ce=0
Port [ REG_V_37_reload]:  wired=1; compound=0; hidden=0; nouse=0; global=0; static=0; extern=0; dir=0; type=0; pingpong=0; private_global=0; IO mode=ap_none:ce=0
Port [ REG_V_45_reload]:  wired=1; compound=0; hidden=0; nouse=0; global=0; static=0; extern=0; dir=0; type=0; pingpong=0; private_global=0; IO mode=ap_none:ce=0
Port [ REG_V_53_reload]:  wired=1; compound=0; hidden=0; nouse=0; global=0; static=0; extern=0; dir=0; type=0; pingpong=0; private_global=0; IO mode=ap_none:ce=0
Port [ REG_V_61_reload]:  wired=1; compound=0; hidden=0; nouse=0; global=0; static=0; extern=0; dir=0; type=0; pingpong=0; private_global=0; IO mode=ap_none:ce=0
Port [ REG_V_34_reload]:  wired=1; compound=0; hidden=0; nouse=0; global=0; static=0; extern=0; dir=0; type=0; pingpong=0; private_global=0; IO mode=ap_none:ce=0
Port [ REG_V_42_reload]:  wired=1; compound=0; hidden=0; nouse=0; global=0; static=0; extern=0; dir=0; type=0; pingpong=0; private_global=0; IO mode=ap_none:ce=0
Port [ REG_V_50_reload]:  wired=1; compound=0; hidden=0; nouse=0; global=0; static=0; extern=0; dir=0; type=0; pingpong=0; private_global=0; IO mode=ap_none:ce=0
Port [ REG_V_58_reload]:  wired=1; compound=0; hidden=0; nouse=0; global=0; static=0; extern=0; dir=0; type=0; pingpong=0; private_global=0; IO mode=ap_none:ce=0
Port [ REG_V_38_reload]:  wired=1; compound=0; hidden=0; nouse=0; global=0; static=0; extern=0; dir=0; type=0; pingpong=0; private_global=0; IO mode=ap_none:ce=0
Port [ REG_V_46_reload]:  wired=1; compound=0; hidden=0; nouse=0; global=0; static=0; extern=0; dir=0; type=0; pingpong=0; private_global=0; IO mode=ap_none:ce=0
Port [ REG_V_54_reload]:  wired=1; compound=0; hidden=0; nouse=0; global=0; static=0; extern=0; dir=0; type=0; pingpong=0; private_global=0; IO mode=ap_none:ce=0
Port [ REG_V_62_reload]:  wired=1; compound=0; hidden=0; nouse=0; global=0; static=0; extern=0; dir=0; type=0; pingpong=0; private_global=0; IO mode=ap_none:ce=0
Port [ REG_V_35_reload]:  wired=1; compound=0; hidden=0; nouse=0; global=0; static=0; extern=0; dir=0; type=0; pingpong=0; private_global=0; IO mode=ap_none:ce=0
Port [ REG_V_43_reload]:  wired=1; compound=0; hidden=0; nouse=0; global=0; static=0; extern=0; dir=0; type=0; pingpong=0; private_global=0; IO mode=ap_none:ce=0
Port [ REG_V_51_reload]:  wired=1; compound=0; hidden=0; nouse=0; global=0; static=0; extern=0; dir=0; type=0; pingpong=0; private_global=0; IO mode=ap_none:ce=0
Port [ REG_V_59_reload]:  wired=1; compound=0; hidden=0; nouse=0; global=0; static=0; extern=0; dir=0; type=0; pingpong=0; private_global=0; IO mode=ap_none:ce=0
Port [ REG_V_39_reload]:  wired=1; compound=0; hidden=0; nouse=0; global=0; static=0; extern=0; dir=0; type=0; pingpong=0; private_global=0; IO mode=ap_none:ce=0
Port [ REG_V_47_reload]:  wired=1; compound=0; hidden=0; nouse=0; global=0; static=0; extern=0; dir=0; type=0; pingpong=0; private_global=0; IO mode=ap_none:ce=0
Port [ REG_V_55_reload]:  wired=1; compound=0; hidden=0; nouse=0; global=0; static=0; extern=0; dir=0; type=0; pingpong=0; private_global=0; IO mode=ap_none:ce=0
Port [ REG_V_63_reload]:  wired=1; compound=0; hidden=0; nouse=0; global=0; static=0; extern=0; dir=0; type=0; pingpong=0; private_global=0; IO mode=ap_none:ce=0
Port [ i_cast]:  wired=1; compound=0; hidden=0; nouse=0; global=0; static=0; extern=0; dir=0; type=0; pingpong=0; private_global=0; IO mode=ap_none:ce=0
Port [ zext_ln60]:  wired=1; compound=0; hidden=0; nouse=0; global=0; static=0; extern=0; dir=0; type=0; pingpong=0; private_global=0; IO mode=ap_none:ce=0
Port [ phase]:  wired=1; compound=0; hidden=0; nouse=0; global=0; static=0; extern=0; dir=0; type=0; pingpong=0; private_global=0; IO mode=ap_none:ce=0
Port [ compute_ap_int_ap_int_bool_stream_stream_ap_uint_32_0_REG1_9]:  wired=1; compound=0; hidden=0; nouse=0; global=1; static=1; extern=0; dir=2; type=0; pingpong=0; private_global=0; IO mode=ap_ovld:ce=0
Port [ compute_ap_int_ap_int_bool_stream_stream_ap_uint_32_0_REG1_8]:  wired=0; compound=0; hidden=1; nouse=0; global=1; static=1; extern=0; dir=2; type=0; pingpong=0; private_global=1; IO mode=ap_ovld:ce=0
Port [ compute_ap_int_ap_int_bool_stream_stream_ap_uint_32_0_REG1_7]:  wired=0; compound=0; hidden=1; nouse=0; global=1; static=1; extern=0; dir=2; type=0; pingpong=0; private_global=1; IO mode=ap_ovld:ce=0
Port [ compute_ap_int_ap_int_bool_stream_stream_ap_uint_32_0_REG1_6]:  wired=0; compound=0; hidden=1; nouse=0; global=1; static=1; extern=0; dir=2; type=0; pingpong=0; private_global=1; IO mode=ap_ovld:ce=0
Port [ compute_ap_int_ap_int_bool_stream_stream_ap_uint_32_0_REG1_5]:  wired=0; compound=0; hidden=1; nouse=0; global=1; static=1; extern=0; dir=2; type=0; pingpong=0; private_global=1; IO mode=ap_ovld:ce=0
Port [ compute_ap_int_ap_int_bool_stream_stream_ap_uint_32_0_REG1_4]:  wired=1; compound=0; hidden=0; nouse=0; global=1; static=1; extern=0; dir=2; type=0; pingpong=0; private_global=0; IO mode=ap_ovld:ce=0
Port [ compute_ap_int_ap_int_bool_stream_stream_ap_uint_32_0_REG1_3]:  wired=0; compound=0; hidden=1; nouse=0; global=1; static=1; extern=0; dir=2; type=0; pingpong=0; private_global=1; IO mode=ap_ovld:ce=0
Port [ compute_ap_int_ap_int_bool_stream_stream_ap_uint_32_0_REG1_2]:  wired=0; compound=0; hidden=1; nouse=0; global=1; static=1; extern=0; dir=2; type=0; pingpong=0; private_global=1; IO mode=ap_ovld:ce=0
Port [ compute_ap_int_ap_int_bool_stream_stream_ap_uint_32_0_REG1_1]:  wired=0; compound=0; hidden=1; nouse=0; global=1; static=1; extern=0; dir=2; type=0; pingpong=0; private_global=1; IO mode=ap_ovld:ce=0
Port [ compute_ap_int_ap_int_bool_stream_stream_ap_uint_32_0_REG1]:  wired=0; compound=0; hidden=1; nouse=0; global=1; static=1; extern=0; dir=2; type=0; pingpong=0; private_global=1; IO mode=ap_ovld:ce=0
Port [ compute_ap_int_64_ap_int_32_bool_hls_stream_ap_uint_32_0_hls_stream_ap_uint_32_0_REG_s]:  wired=1; compound=0; hidden=0; nouse=0; global=1; static=1; extern=0; dir=2; type=0; pingpong=0; private_global=0; IO mode=ap_ovld:ce=0
Port [ compute_ap_int_64_ap_int_32_bool_hls_stream_ap_uint_32_0_hls_stream_ap_uint_32_0_REG_s_0]:  wired=0; compound=0; hidden=1; nouse=0; global=1; static=1; extern=0; dir=2; type=0; pingpong=0; private_global=1; IO mode=ap_ovld:ce=0
Port [ compute_ap_int_64_ap_int_32_bool_hls_stream_ap_uint_32_0_hls_stream_ap_uint_32_0_REG_s_1]:  wired=0; compound=0; hidden=1; nouse=0; global=1; static=1; extern=0; dir=2; type=0; pingpong=0; private_global=1; IO mode=ap_ovld:ce=0
Port [ compute_ap_int_64_ap_int_32_bool_hls_stream_ap_uint_32_0_hls_stream_ap_uint_32_0_REG_s_2]:  wired=0; compound=0; hidden=1; nouse=0; global=1; static=1; extern=0; dir=2; type=0; pingpong=0; private_global=1; IO mode=ap_ovld:ce=0
Port [ compute_ap_int_64_ap_int_32_bool_hls_stream_ap_uint_32_0_hls_stream_ap_uint_32_0_REG_s_3]:  wired=0; compound=0; hidden=1; nouse=0; global=1; static=1; extern=0; dir=2; type=0; pingpong=0; private_global=1; IO mode=ap_ovld:ce=0
---------------- STG Properties END ------------------

---------------- Datapath Model BEGIN ----------------

<LifeTime>
<method=bitvector/>
com                                                                                       (alloca           ) [ 01000000]
phase_read                                                                                (read             ) [ 01111111]
zext_ln60_read                                                                            (read             ) [ 00000000]
i_cast_read                                                                               (read             ) [ 01111110]
REG_V_63_reload_read                                                                      (read             ) [ 00000000]
REG_V_55_reload_read                                                                      (read             ) [ 00100000]
REG_V_47_reload_read                                                                      (read             ) [ 00100000]
REG_V_39_reload_read                                                                      (read             ) [ 00100000]
REG_V_59_reload_read                                                                      (read             ) [ 00100000]
REG_V_51_reload_read                                                                      (read             ) [ 00100000]
REG_V_43_reload_read                                                                      (read             ) [ 00100000]
REG_V_35_reload_read                                                                      (read             ) [ 00100000]
REG_V_62_reload_read                                                                      (read             ) [ 00100000]
REG_V_54_reload_read                                                                      (read             ) [ 00100000]
REG_V_46_reload_read                                                                      (read             ) [ 00100000]
REG_V_38_reload_read                                                                      (read             ) [ 00100000]
REG_V_58_reload_read                                                                      (read             ) [ 00100000]
REG_V_50_reload_read                                                                      (read             ) [ 00100000]
REG_V_42_reload_read                                                                      (read             ) [ 00100000]
REG_V_34_reload_read                                                                      (read             ) [ 00100000]
REG_V_61_reload_read                                                                      (read             ) [ 00000000]
REG_V_53_reload_read                                                                      (read             ) [ 00000000]
REG_V_45_reload_read                                                                      (read             ) [ 00000000]
REG_V_37_reload_read                                                                      (read             ) [ 00000000]
REG_V_57_reload_read                                                                      (read             ) [ 00000000]
REG_V_49_reload_read                                                                      (read             ) [ 00000000]
REG_V_41_reload_read                                                                      (read             ) [ 00000000]
REG_V_33_reload_read                                                                      (read             ) [ 00000000]
REG_V_60_reload_read                                                                      (read             ) [ 00100000]
REG_V_52_reload_read                                                                      (read             ) [ 00100000]
REG_V_44_reload_read                                                                      (read             ) [ 00100000]
REG_V_36_reload_read                                                                      (read             ) [ 00100000]
indvars_iv1_read                                                                          (read             ) [ 00100000]
REG_V_56_reload_read                                                                      (read             ) [ 00000000]
REG_V_48_reload_read                                                                      (read             ) [ 01111000]
REG_V_40_reload_read                                                                      (read             ) [ 01111000]
REG_V_32_reload_read                                                                      (read             ) [ 01111000]
i_read                                                                                    (read             ) [ 00000000]
zext_ln60_cast                                                                            (zext             ) [ 01111111]
specinterface_ln0                                                                         (specinterface    ) [ 00000000]
store_ln0                                                                                 (store            ) [ 00000000]
br_ln0                                                                                    (br               ) [ 00000000]
com_1                                                                                     (load             ) [ 01111111]
com_cast                                                                                  (zext             ) [ 00000000]
specpipeline_ln0                                                                          (specpipeline     ) [ 00000000]
icmp_ln81                                                                                 (icmp             ) [ 01111100]
empty                                                                                     (speclooptripcount) [ 00000000]
add_ln81                                                                                  (add              ) [ 00000000]
br_ln81                                                                                   (br               ) [ 00000000]
tmp_7                                                                                     (mux              ) [ 00000000]
zext_ln186                                                                                (zext             ) [ 01111000]
tmp_1                                                                                     (mux              ) [ 00000000]
zext_ln186_1                                                                              (zext             ) [ 01111000]
tmp_7_1                                                                                   (mux              ) [ 00000000]
zext_ln186_4                                                                              (zext             ) [ 01111000]
tmp_1_1                                                                                   (mux              ) [ 00000000]
zext_ln186_5                                                                              (zext             ) [ 01111000]
tmp_2_1                                                                                   (mux              ) [ 00000000]
zext_ln186_6                                                                              (zext             ) [ 01111000]
tmp_11_1                                                                                  (mux              ) [ 00000000]
zext_ln186_7                                                                              (zext             ) [ 01111000]
tmp_2_3                                                                                   (mux              ) [ 00000000]
zext_ln186_14                                                                             (zext             ) [ 01111000]
tmp_11_3                                                                                  (mux              ) [ 00000000]
zext_ln186_15                                                                             (zext             ) [ 01111000]
br_ln88                                                                                   (br               ) [ 00000000]
store_ln81                                                                                (store            ) [ 00000000]
br_ln81                                                                                   (br               ) [ 00000000]
tmp_4                                                                                     (mux              ) [ 01111000]
tmp_7_2                                                                                   (mux              ) [ 00000000]
zext_ln186_8                                                                              (zext             ) [ 01111000]
tmp_1_2                                                                                   (mux              ) [ 00000000]
zext_ln186_9                                                                              (zext             ) [ 01111000]
tmp_2_2                                                                                   (mux              ) [ 00000000]
zext_ln186_10                                                                             (zext             ) [ 01111000]
tmp_11_2                                                                                  (mux              ) [ 00000000]
zext_ln186_11                                                                             (zext             ) [ 01111000]
tmp_7_3                                                                                   (mux              ) [ 00000000]
zext_ln186_12                                                                             (zext             ) [ 01111000]
tmp_1_3                                                                                   (mux              ) [ 00000000]
zext_ln186_13                                                                             (zext             ) [ 01111000]
mul_ln1494                                                                                (mul              ) [ 01000100]
tmp_2                                                                                     (mux              ) [ 00000000]
zext_ln186_2                                                                              (zext             ) [ 01100110]
zext_ln186_3                                                                              (zext             ) [ 01100110]
mul_ln1494_2                                                                              (mul              ) [ 01000100]
mul_ln1494_3                                                                              (mul              ) [ 01000100]
mul_ln1494_4                                                                              (mul              ) [ 01000100]
mul_ln1494_5                                                                              (mul              ) [ 01000100]
mul_ln1494_6                                                                              (mul              ) [ 01000100]
mul_ln1494_7                                                                              (mul              ) [ 01100111]
add_ln89_1                                                                                (add              ) [ 00000000]
add_ln89_2                                                                                (add              ) [ 00000000]
add_ln89_3                                                                                (add              ) [ 00100010]
add_ln840                                                                                 (add              ) [ 01100011]
add_ln1                                                                                   (bitconcatenate   ) [ 01100110]
switch_ln92                                                                               (switch           ) [ 00000000]
store_ln92                                                                                (store            ) [ 00000000]
br_ln92                                                                                   (br               ) [ 00000000]
store_ln92                                                                                (store            ) [ 00000000]
br_ln92                                                                                   (br               ) [ 00000000]
store_ln92                                                                                (store            ) [ 00000000]
br_ln92                                                                                   (br               ) [ 00000000]
store_ln92                                                                                (store            ) [ 00000000]
br_ln92                                                                                   (br               ) [ 00000000]
store_ln92                                                                                (store            ) [ 00000000]
br_ln92                                                                                   (br               ) [ 00000000]
store_ln92                                                                                (store            ) [ 00000000]
br_ln92                                                                                   (br               ) [ 00000000]
store_ln92                                                                                (store            ) [ 00000000]
br_ln92                                                                                   (br               ) [ 00000000]
store_ln92                                                                                (store            ) [ 00000000]
br_ln92                                                                                   (br               ) [ 00000000]
store_ln92                                                                                (store            ) [ 00000000]
br_ln92                                                                                   (br               ) [ 00000000]
store_ln92                                                                                (store            ) [ 00000000]
br_ln92                                                                                   (br               ) [ 00000000]
store_ln92                                                                                (store            ) [ 00000000]
br_ln92                                                                                   (br               ) [ 00000000]
store_ln92                                                                                (store            ) [ 00000000]
br_ln92                                                                                   (br               ) [ 00000000]
store_ln92                                                                                (store            ) [ 00000000]
br_ln92                                                                                   (br               ) [ 00000000]
store_ln92                                                                                (store            ) [ 00000000]
br_ln92                                                                                   (br               ) [ 00000000]
store_ln92                                                                                (store            ) [ 00000000]
br_ln92                                                                                   (br               ) [ 00000000]
mul_ln1494_1                                                                              (mul              ) [ 01000001]
zext_ln93                                                                                 (zext             ) [ 00000000]
add_ln93_1                                                                                (bitconcatenate   ) [ 01100011]
br_ln93                                                                                   (br               ) [ 00000000]
br_ln93                                                                                   (br               ) [ 00000000]
br_ln93                                                                                   (br               ) [ 00000000]
br_ln93                                                                                   (br               ) [ 00000000]
br_ln93                                                                                   (br               ) [ 00000000]
br_ln93                                                                                   (br               ) [ 00000000]
br_ln93                                                                                   (br               ) [ 00000000]
br_ln93                                                                                   (br               ) [ 00000000]
br_ln93                                                                                   (br               ) [ 00000000]
br_ln93                                                                                   (br               ) [ 00000000]
br_ln93                                                                                   (br               ) [ 00000000]
br_ln93                                                                                   (br               ) [ 00000000]
compute_ap_int_ap_int_bool_stream_stream_ap_uint_32_0_REG1_9_load                         (load             ) [ 01000001]
compute_ap_int_ap_int_bool_stream_stream_ap_uint_32_0_REG1_8_load                         (load             ) [ 01000001]
compute_ap_int_ap_int_bool_stream_stream_ap_uint_32_0_REG1_7_load                         (load             ) [ 01000001]
compute_ap_int_ap_int_bool_stream_stream_ap_uint_32_0_REG1_6_load                         (load             ) [ 01000001]
compute_ap_int_ap_int_bool_stream_stream_ap_uint_32_0_REG1_5_load                         (load             ) [ 01000001]
compute_ap_int_ap_int_bool_stream_stream_ap_uint_32_0_REG1_4_load                         (load             ) [ 01000001]
compute_ap_int_ap_int_bool_stream_stream_ap_uint_32_0_REG1_3_load                         (load             ) [ 01000001]
compute_ap_int_ap_int_bool_stream_stream_ap_uint_32_0_REG1_2_load                         (load             ) [ 01000001]
compute_ap_int_ap_int_bool_stream_stream_ap_uint_32_0_REG1_1_load                         (load             ) [ 01000001]
compute_ap_int_ap_int_bool_stream_stream_ap_uint_32_0_REG1_load                           (load             ) [ 01000001]
compute_ap_int_64_ap_int_32_bool_hls_stream_ap_uint_32_0_hls_stream_ap_uint_32_0_REG_s    (load             ) [ 01000001]
compute_ap_int_64_ap_int_32_bool_hls_stream_ap_uint_32_0_hls_stream_ap_uint_32_0_REG_s_18 (load             ) [ 01000001]
compute_ap_int_64_ap_int_32_bool_hls_stream_ap_uint_32_0_hls_stream_ap_uint_32_0_REG_s_19 (load             ) [ 00000000]
compute_ap_int_64_ap_int_32_bool_hls_stream_ap_uint_32_0_hls_stream_ap_uint_32_0_REG_s_20 (load             ) [ 00000000]
compute_ap_int_64_ap_int_32_bool_hls_stream_ap_uint_32_0_hls_stream_ap_uint_32_0_REG_s_21 (load             ) [ 00000000]
tmp_s                                                                                     (mux              ) [ 00000000]
add_ln89                                                                                  (add              ) [ 00000000]
buffer_2_addr                                                                             (getelementptr    ) [ 00000000]
store_ln89                                                                                (store            ) [ 00000000]
specloopname_ln81                                                                         (specloopname     ) [ 00000000]
add_ln840_1                                                                               (add              ) [ 00000000]
shl_ln                                                                                    (bitconcatenate   ) [ 00000000]
add_ln93                                                                                  (add              ) [ 00000000]
zext_ln92                                                                                 (zext             ) [ 00000000]
add_ln186                                                                                 (add              ) [ 00000000]
switch_ln93                                                                               (switch           ) [ 00000000]
store_ln93                                                                                (store            ) [ 00000000]
store_ln93                                                                                (store            ) [ 00000000]
store_ln93                                                                                (store            ) [ 00000000]
store_ln93                                                                                (store            ) [ 00000000]
store_ln93                                                                                (store            ) [ 00000000]
store_ln93                                                                                (store            ) [ 00000000]
store_ln93                                                                                (store            ) [ 00000000]
store_ln93                                                                                (store            ) [ 00000000]
store_ln93                                                                                (store            ) [ 00000000]
store_ln93                                                                                (store            ) [ 00000000]
store_ln93                                                                                (store            ) [ 00000000]
store_ln93                                                                                (store            ) [ 00000000]
br_ln0                                                                                    (br               ) [ 00000000]
tmp_3                                                                                     (mux              ) [ 00000000]
add_ln90_1                                                                                (add              ) [ 00000000]
add_ln90                                                                                  (add              ) [ 00000000]
buffer_2_addr_1                                                                           (getelementptr    ) [ 00000000]
store_ln90                                                                                (store            ) [ 00000000]
br_ln90                                                                                   (br               ) [ 00000000]
ret_ln0                                                                                   (ret              ) [ 00000000]
</LifeTime>

<model>

<comp_list>
<comp id="0" class="1000" name="i">
<pin_list>
<pin id="1" dir="1" index="0" bw="1" slack="0"/>
</pin_list>
<bind>
<StgValue><ssdm name="i"/></StgValue>
</bind>
</comp>

<comp id="2" class="1000" name="buffer_2">
<pin_list>
<pin id="3" dir="1" index="0" bw="1" slack="0"/>
</pin_list>
<bind>
<StgValue><ssdm name="buffer_2"/><MemPortTyVec>0 3 </MemPortTyVec>
</StgValue>
</bind>
</comp>

<comp id="4" class="1000" name="REG_V_32_reload">
<pin_list>
<pin id="5" dir="1" index="0" bw="1" slack="0"/>
</pin_list>
<bind>
<StgValue><ssdm name="REG_V_32_reload"/></StgValue>
</bind>
</comp>

<comp id="6" class="1000" name="REG_V_40_reload">
<pin_list>
<pin id="7" dir="1" index="0" bw="1" slack="0"/>
</pin_list>
<bind>
<StgValue><ssdm name="REG_V_40_reload"/></StgValue>
</bind>
</comp>

<comp id="8" class="1000" name="REG_V_48_reload">
<pin_list>
<pin id="9" dir="1" index="0" bw="1" slack="0"/>
</pin_list>
<bind>
<StgValue><ssdm name="REG_V_48_reload"/></StgValue>
</bind>
</comp>

<comp id="10" class="1000" name="REG_V_56_reload">
<pin_list>
<pin id="11" dir="1" index="0" bw="1" slack="0"/>
</pin_list>
<bind>
<StgValue><ssdm name="REG_V_56_reload"/></StgValue>
</bind>
</comp>

<comp id="12" class="1000" name="indvars_iv1">
<pin_list>
<pin id="13" dir="1" index="0" bw="1" slack="0"/>
</pin_list>
<bind>
<StgValue><ssdm name="indvars_iv1"/></StgValue>
</bind>
</comp>

<comp id="14" class="1000" name="REG_V_36_reload">
<pin_list>
<pin id="15" dir="1" index="0" bw="1" slack="0"/>
</pin_list>
<bind>
<StgValue><ssdm name="REG_V_36_reload"/></StgValue>
</bind>
</comp>

<comp id="16" class="1000" name="REG_V_44_reload">
<pin_list>
<pin id="17" dir="1" index="0" bw="1" slack="0"/>
</pin_list>
<bind>
<StgValue><ssdm name="REG_V_44_reload"/></StgValue>
</bind>
</comp>

<comp id="18" class="1000" name="REG_V_52_reload">
<pin_list>
<pin id="19" dir="1" index="0" bw="1" slack="0"/>
</pin_list>
<bind>
<StgValue><ssdm name="REG_V_52_reload"/></StgValue>
</bind>
</comp>

<comp id="20" class="1000" name="REG_V_60_reload">
<pin_list>
<pin id="21" dir="1" index="0" bw="1" slack="0"/>
</pin_list>
<bind>
<StgValue><ssdm name="REG_V_60_reload"/></StgValue>
</bind>
</comp>

<comp id="22" class="1000" name="REG_V_33_reload">
<pin_list>
<pin id="23" dir="1" index="0" bw="1" slack="0"/>
</pin_list>
<bind>
<StgValue><ssdm name="REG_V_33_reload"/></StgValue>
</bind>
</comp>

<comp id="24" class="1000" name="REG_V_41_reload">
<pin_list>
<pin id="25" dir="1" index="0" bw="1" slack="0"/>
</pin_list>
<bind>
<StgValue><ssdm name="REG_V_41_reload"/></StgValue>
</bind>
</comp>

<comp id="26" class="1000" name="REG_V_49_reload">
<pin_list>
<pin id="27" dir="1" index="0" bw="1" slack="0"/>
</pin_list>
<bind>
<StgValue><ssdm name="REG_V_49_reload"/></StgValue>
</bind>
</comp>

<comp id="28" class="1000" name="REG_V_57_reload">
<pin_list>
<pin id="29" dir="1" index="0" bw="1" slack="0"/>
</pin_list>
<bind>
<StgValue><ssdm name="REG_V_57_reload"/></StgValue>
</bind>
</comp>

<comp id="30" class="1000" name="REG_V_37_reload">
<pin_list>
<pin id="31" dir="1" index="0" bw="1" slack="0"/>
</pin_list>
<bind>
<StgValue><ssdm name="REG_V_37_reload"/></StgValue>
</bind>
</comp>

<comp id="32" class="1000" name="REG_V_45_reload">
<pin_list>
<pin id="33" dir="1" index="0" bw="1" slack="0"/>
</pin_list>
<bind>
<StgValue><ssdm name="REG_V_45_reload"/></StgValue>
</bind>
</comp>

<comp id="34" class="1000" name="REG_V_53_reload">
<pin_list>
<pin id="35" dir="1" index="0" bw="1" slack="0"/>
</pin_list>
<bind>
<StgValue><ssdm name="REG_V_53_reload"/></StgValue>
</bind>
</comp>

<comp id="36" class="1000" name="REG_V_61_reload">
<pin_list>
<pin id="37" dir="1" index="0" bw="1" slack="0"/>
</pin_list>
<bind>
<StgValue><ssdm name="REG_V_61_reload"/></StgValue>
</bind>
</comp>

<comp id="38" class="1000" name="REG_V_34_reload">
<pin_list>
<pin id="39" dir="1" index="0" bw="1" slack="0"/>
</pin_list>
<bind>
<StgValue><ssdm name="REG_V_34_reload"/></StgValue>
</bind>
</comp>

<comp id="40" class="1000" name="REG_V_42_reload">
<pin_list>
<pin id="41" dir="1" index="0" bw="1" slack="0"/>
</pin_list>
<bind>
<StgValue><ssdm name="REG_V_42_reload"/></StgValue>
</bind>
</comp>

<comp id="42" class="1000" name="REG_V_50_reload">
<pin_list>
<pin id="43" dir="1" index="0" bw="1" slack="0"/>
</pin_list>
<bind>
<StgValue><ssdm name="REG_V_50_reload"/></StgValue>
</bind>
</comp>

<comp id="44" class="1000" name="REG_V_58_reload">
<pin_list>
<pin id="45" dir="1" index="0" bw="1" slack="0"/>
</pin_list>
<bind>
<StgValue><ssdm name="REG_V_58_reload"/></StgValue>
</bind>
</comp>

<comp id="46" class="1000" name="REG_V_38_reload">
<pin_list>
<pin id="47" dir="1" index="0" bw="1" slack="0"/>
</pin_list>
<bind>
<StgValue><ssdm name="REG_V_38_reload"/></StgValue>
</bind>
</comp>

<comp id="48" class="1000" name="REG_V_46_reload">
<pin_list>
<pin id="49" dir="1" index="0" bw="1" slack="0"/>
</pin_list>
<bind>
<StgValue><ssdm name="REG_V_46_reload"/></StgValue>
</bind>
</comp>

<comp id="50" class="1000" name="REG_V_54_reload">
<pin_list>
<pin id="51" dir="1" index="0" bw="1" slack="0"/>
</pin_list>
<bind>
<StgValue><ssdm name="REG_V_54_reload"/></StgValue>
</bind>
</comp>

<comp id="52" class="1000" name="REG_V_62_reload">
<pin_list>
<pin id="53" dir="1" index="0" bw="1" slack="0"/>
</pin_list>
<bind>
<StgValue><ssdm name="REG_V_62_reload"/></StgValue>
</bind>
</comp>

<comp id="54" class="1000" name="REG_V_35_reload">
<pin_list>
<pin id="55" dir="1" index="0" bw="1" slack="0"/>
</pin_list>
<bind>
<StgValue><ssdm name="REG_V_35_reload"/></StgValue>
</bind>
</comp>

<comp id="56" class="1000" name="REG_V_43_reload">
<pin_list>
<pin id="57" dir="1" index="0" bw="1" slack="0"/>
</pin_list>
<bind>
<StgValue><ssdm name="REG_V_43_reload"/></StgValue>
</bind>
</comp>

<comp id="58" class="1000" name="REG_V_51_reload">
<pin_list>
<pin id="59" dir="1" index="0" bw="1" slack="0"/>
</pin_list>
<bind>
<StgValue><ssdm name="REG_V_51_reload"/></StgValue>
</bind>
</comp>

<comp id="60" class="1000" name="REG_V_59_reload">
<pin_list>
<pin id="61" dir="1" index="0" bw="1" slack="0"/>
</pin_list>
<bind>
<StgValue><ssdm name="REG_V_59_reload"/></StgValue>
</bind>
</comp>

<comp id="62" class="1000" name="REG_V_39_reload">
<pin_list>
<pin id="63" dir="1" index="0" bw="1" slack="0"/>
</pin_list>
<bind>
<StgValue><ssdm name="REG_V_39_reload"/></StgValue>
</bind>
</comp>

<comp id="64" class="1000" name="REG_V_47_reload">
<pin_list>
<pin id="65" dir="1" index="0" bw="1" slack="0"/>
</pin_list>
<bind>
<StgValue><ssdm name="REG_V_47_reload"/></StgValue>
</bind>
</comp>

<comp id="66" class="1000" name="REG_V_55_reload">
<pin_list>
<pin id="67" dir="1" index="0" bw="1" slack="0"/>
</pin_list>
<bind>
<StgValue><ssdm name="REG_V_55_reload"/></StgValue>
</bind>
</comp>

<comp id="68" class="1000" name="REG_V_63_reload">
<pin_list>
<pin id="69" dir="1" index="0" bw="1" slack="0"/>
</pin_list>
<bind>
<StgValue><ssdm name="REG_V_63_reload"/></StgValue>
</bind>
</comp>

<comp id="70" class="1000" name="i_cast">
<pin_list>
<pin id="71" dir="1" index="0" bw="1" slack="0"/>
</pin_list>
<bind>
<StgValue><ssdm name="i_cast"/></StgValue>
</bind>
</comp>

<comp id="72" class="1000" name="zext_ln60">
<pin_list>
<pin id="73" dir="1" index="0" bw="1" slack="0"/>
</pin_list>
<bind>
<StgValue><ssdm name="zext_ln60"/></StgValue>
</bind>
</comp>

<comp id="74" class="1000" name="phase">
<pin_list>
<pin id="75" dir="1" index="0" bw="1" slack="0"/>
</pin_list>
<bind>
<StgValue><ssdm name="phase"/></StgValue>
</bind>
</comp>

<comp id="76" class="1000" name="compute_ap_int_ap_int_bool_stream_stream_ap_uint_32_0_REG1_9">
<pin_list>
<pin id="77" dir="1" index="0" bw="1" slack="0"/>
</pin_list>
<bind>
<StgValue><ssdm name="compute_ap_int_ap_int_bool_stream_stream_ap_uint_32_0_REG1_9"/></StgValue>
</bind>
</comp>

<comp id="78" class="1000" name="compute_ap_int_ap_int_bool_stream_stream_ap_uint_32_0_REG1_8">
<pin_list>
<pin id="79" dir="1" index="0" bw="1" slack="0"/>
</pin_list>
<bind>
<StgValue><ssdm name="compute_ap_int_ap_int_bool_stream_stream_ap_uint_32_0_REG1_8"/></StgValue>
</bind>
</comp>

<comp id="80" class="1000" name="compute_ap_int_ap_int_bool_stream_stream_ap_uint_32_0_REG1_7">
<pin_list>
<pin id="81" dir="1" index="0" bw="1" slack="0"/>
</pin_list>
<bind>
<StgValue><ssdm name="compute_ap_int_ap_int_bool_stream_stream_ap_uint_32_0_REG1_7"/></StgValue>
</bind>
</comp>

<comp id="82" class="1000" name="compute_ap_int_ap_int_bool_stream_stream_ap_uint_32_0_REG1_6">
<pin_list>
<pin id="83" dir="1" index="0" bw="1" slack="0"/>
</pin_list>
<bind>
<StgValue><ssdm name="compute_ap_int_ap_int_bool_stream_stream_ap_uint_32_0_REG1_6"/></StgValue>
</bind>
</comp>

<comp id="84" class="1000" name="compute_ap_int_ap_int_bool_stream_stream_ap_uint_32_0_REG1_5">
<pin_list>
<pin id="85" dir="1" index="0" bw="1" slack="0"/>
</pin_list>
<bind>
<StgValue><ssdm name="compute_ap_int_ap_int_bool_stream_stream_ap_uint_32_0_REG1_5"/></StgValue>
</bind>
</comp>

<comp id="86" class="1000" name="compute_ap_int_ap_int_bool_stream_stream_ap_uint_32_0_REG1_4">
<pin_list>
<pin id="87" dir="1" index="0" bw="1" slack="0"/>
</pin_list>
<bind>
<StgValue><ssdm name="compute_ap_int_ap_int_bool_stream_stream_ap_uint_32_0_REG1_4"/></StgValue>
</bind>
</comp>

<comp id="88" class="1000" name="compute_ap_int_ap_int_bool_stream_stream_ap_uint_32_0_REG1_3">
<pin_list>
<pin id="89" dir="1" index="0" bw="1" slack="0"/>
</pin_list>
<bind>
<StgValue><ssdm name="compute_ap_int_ap_int_bool_stream_stream_ap_uint_32_0_REG1_3"/></StgValue>
</bind>
</comp>

<comp id="90" class="1000" name="compute_ap_int_ap_int_bool_stream_stream_ap_uint_32_0_REG1_2">
<pin_list>
<pin id="91" dir="1" index="0" bw="1" slack="0"/>
</pin_list>
<bind>
<StgValue><ssdm name="compute_ap_int_ap_int_bool_stream_stream_ap_uint_32_0_REG1_2"/></StgValue>
</bind>
</comp>

<comp id="92" class="1000" name="compute_ap_int_ap_int_bool_stream_stream_ap_uint_32_0_REG1_1">
<pin_list>
<pin id="93" dir="1" index="0" bw="1" slack="0"/>
</pin_list>
<bind>
<StgValue><ssdm name="compute_ap_int_ap_int_bool_stream_stream_ap_uint_32_0_REG1_1"/></StgValue>
</bind>
</comp>

<comp id="94" class="1000" name="compute_ap_int_ap_int_bool_stream_stream_ap_uint_32_0_REG1">
<pin_list>
<pin id="95" dir="1" index="0" bw="1" slack="0"/>
</pin_list>
<bind>
<StgValue><ssdm name="compute_ap_int_ap_int_bool_stream_stream_ap_uint_32_0_REG1"/></StgValue>
</bind>
</comp>

<comp id="96" class="1000" name="compute_ap_int_64_ap_int_32_bool_hls_stream_ap_uint_32_0_hls_stream_ap_uint_32_0_REG_s">
<pin_list>
<pin id="97" dir="1" index="0" bw="1" slack="0"/>
</pin_list>
<bind>
<StgValue><ssdm name="compute_ap_int_64_ap_int_32_bool_hls_stream_ap_uint_32_0_hls_stream_ap_uint_32_0_REG_s"/></StgValue>
</bind>
</comp>

<comp id="98" class="1000" name="compute_ap_int_64_ap_int_32_bool_hls_stream_ap_uint_32_0_hls_stream_ap_uint_32_0_REG_s_0">
<pin_list>
<pin id="99" dir="1" index="0" bw="1" slack="0"/>
</pin_list>
<bind>
<StgValue><ssdm name="compute_ap_int_64_ap_int_32_bool_hls_stream_ap_uint_32_0_hls_stream_ap_uint_32_0_REG_s_0"/></StgValue>
</bind>
</comp>

<comp id="100" class="1000" name="compute_ap_int_64_ap_int_32_bool_hls_stream_ap_uint_32_0_hls_stream_ap_uint_32_0_REG_s_1">
<pin_list>
<pin id="101" dir="1" index="0" bw="1" slack="0"/>
</pin_list>
<bind>
<StgValue><ssdm name="compute_ap_int_64_ap_int_32_bool_hls_stream_ap_uint_32_0_hls_stream_ap_uint_32_0_REG_s_1"/></StgValue>
</bind>
</comp>

<comp id="102" class="1000" name="compute_ap_int_64_ap_int_32_bool_hls_stream_ap_uint_32_0_hls_stream_ap_uint_32_0_REG_s_2">
<pin_list>
<pin id="103" dir="1" index="0" bw="1" slack="0"/>
</pin_list>
<bind>
<StgValue><ssdm name="compute_ap_int_64_ap_int_32_bool_hls_stream_ap_uint_32_0_hls_stream_ap_uint_32_0_REG_s_2"/></StgValue>
</bind>
</comp>

<comp id="104" class="1000" name="compute_ap_int_64_ap_int_32_bool_hls_stream_ap_uint_32_0_hls_stream_ap_uint_32_0_REG_s_3">
<pin_list>
<pin id="105" dir="1" index="0" bw="1" slack="0"/>
</pin_list>
<bind>
<StgValue><ssdm name="compute_ap_int_64_ap_int_32_bool_hls_stream_ap_uint_32_0_hls_stream_ap_uint_32_0_REG_s_3"/></StgValue>
</bind>
</comp>

<comp id="106" class="1001" name="const_106">
<pin_list>
<pin id="107" dir="1" index="0" bw="1" slack="0"/>
</pin_list>
<bind>
<StgValue><ssdm name=""/></StgValue>
</bind>
</comp>

<comp id="108" class="1001" name="const_108">
<pin_list>
<pin id="109" dir="1" index="0" bw="1" slack="0"/>
</pin_list>
<bind>
<StgValue><ssdm name="_ssdm_op_Read.ap_auto.i1"/></StgValue>
</bind>
</comp>

<comp id="110" class="1001" name="const_110">
<pin_list>
<pin id="111" dir="1" index="0" bw="1" slack="0"/>
</pin_list>
<bind>
<StgValue><ssdm name="_ssdm_op_Read.ap_auto.i3"/></StgValue>
</bind>
</comp>

<comp id="112" class="1001" name="const_112">
<pin_list>
<pin id="113" dir="1" index="0" bw="1" slack="0"/>
</pin_list>
<bind>
<StgValue><ssdm name="_ssdm_op_Read.ap_auto.i2"/></StgValue>
</bind>
</comp>

<comp id="114" class="1001" name="const_114">
<pin_list>
<pin id="115" dir="1" index="0" bw="1" slack="0"/>
</pin_list>
<bind>
<StgValue><ssdm name="_ssdm_op_Read.ap_auto.i16"/></StgValue>
</bind>
</comp>

<comp id="116" class="1001" name="const_116">
<pin_list>
<pin id="117" dir="1" index="0" bw="1" slack="2147483647"/>
</pin_list>
<bind>
<StgValue><ssdm name="_ssdm_op_SpecInterface"/></StgValue>
</bind>
</comp>

<comp id="118" class="1001" name="const_118">
<pin_list>
<pin id="119" dir="1" index="0" bw="1" slack="2147483647"/>
</pin_list>
<bind>
<StgValue><ssdm name="empty_10"/></StgValue>
</bind>
</comp>

<comp id="120" class="1001" name="const_120">
<pin_list>
<pin id="121" dir="1" index="0" bw="1" slack="2147483647"/>
</pin_list>
<bind>
<StgValue><ssdm name=""/></StgValue>
</bind>
</comp>

<comp id="122" class="1001" name="const_122">
<pin_list>
<pin id="123" dir="1" index="0" bw="1" slack="2147483647"/>
</pin_list>
<bind>
<StgValue><ssdm name="empty_11"/></StgValue>
</bind>
</comp>

<comp id="124" class="1001" name="const_124">
<pin_list>
<pin id="125" dir="1" index="0" bw="1" slack="2147483647"/>
</pin_list>
<bind>
<StgValue><ssdm name=""/></StgValue>
</bind>
</comp>

<comp id="126" class="1001" name="const_126">
<pin_list>
<pin id="127" dir="1" index="0" bw="1" slack="0"/>
</pin_list>
<bind>
<StgValue><ssdm name=""/></StgValue>
</bind>
</comp>

<comp id="128" class="1001" name="const_128">
<pin_list>
<pin id="129" dir="1" index="0" bw="1" slack="2147483647"/>
</pin_list>
<bind>
<StgValue><ssdm name="_ssdm_op_SpecPipeline"/></StgValue>
</bind>
</comp>

<comp id="130" class="1001" name="const_130">
<pin_list>
<pin id="131" dir="1" index="0" bw="1" slack="2147483647"/>
</pin_list>
<bind>
<StgValue><ssdm name="p_str"/></StgValue>
</bind>
</comp>

<comp id="132" class="1001" name="const_132">
<pin_list>
<pin id="133" dir="1" index="0" bw="1" slack="2147483647"/>
</pin_list>
<bind>
<StgValue><ssdm name="_ssdm_op_SpecLoopTripCount"/></StgValue>
</bind>
</comp>

<comp id="134" class="1001" name="const_134">
<pin_list>
<pin id="135" dir="1" index="0" bw="1" slack="0"/>
</pin_list>
<bind>
<StgValue><ssdm name=""/></StgValue>
</bind>
</comp>

<comp id="136" class="1001" name="const_136">
<pin_list>
<pin id="137" dir="1" index="0" bw="1" slack="2147483647"/>
</pin_list>
<bind>
<StgValue><ssdm name=""/></StgValue>
</bind>
</comp>

<comp id="138" class="1001" name="const_138">
<pin_list>
<pin id="139" dir="1" index="0" bw="1" slack="0"/>
</pin_list>
<bind>
<StgValue><ssdm name=""/></StgValue>
</bind>
</comp>

<comp id="140" class="1001" name="const_140">
<pin_list>
<pin id="141" dir="1" index="0" bw="1" slack="0"/>
</pin_list>
<bind>
<StgValue><ssdm name="_ssdm_op_Mux.ap_auto.4i16.i2"/></StgValue>
</bind>
</comp>

<comp id="142" class="1001" name="const_142">
<pin_list>
<pin id="143" dir="1" index="0" bw="1" slack="0"/>
</pin_list>
<bind>
<StgValue><ssdm name="_ssdm_op_Mux.ap_auto.3i16.i2"/></StgValue>
</bind>
</comp>

<comp id="144" class="1001" name="const_144">
<pin_list>
<pin id="145" dir="1" index="0" bw="1" slack="0"/>
</pin_list>
<bind>
<StgValue><ssdm name="_ssdm_op_BitConcatenate.i4.i2.i2"/></StgValue>
</bind>
</comp>

<comp id="146" class="1001" name="const_146">
<pin_list>
<pin id="147" dir="1" index="0" bw="1" slack="2147483647"/>
</pin_list>
<bind>
<StgValue><ssdm name=""/></StgValue>
</bind>
</comp>

<comp id="148" class="1001" name="const_148">
<pin_list>
<pin id="149" dir="1" index="0" bw="1" slack="2147483647"/>
</pin_list>
<bind>
<StgValue><ssdm name=""/></StgValue>
</bind>
</comp>

<comp id="150" class="1001" name="const_150">
<pin_list>
<pin id="151" dir="1" index="0" bw="1" slack="2147483647"/>
</pin_list>
<bind>
<StgValue><ssdm name=""/></StgValue>
</bind>
</comp>

<comp id="152" class="1001" name="const_152">
<pin_list>
<pin id="153" dir="1" index="0" bw="1" slack="2147483647"/>
</pin_list>
<bind>
<StgValue><ssdm name=""/></StgValue>
</bind>
</comp>

<comp id="154" class="1001" name="const_154">
<pin_list>
<pin id="155" dir="1" index="0" bw="1" slack="2147483647"/>
</pin_list>
<bind>
<StgValue><ssdm name=""/></StgValue>
</bind>
</comp>

<comp id="156" class="1001" name="const_156">
<pin_list>
<pin id="157" dir="1" index="0" bw="1" slack="2147483647"/>
</pin_list>
<bind>
<StgValue><ssdm name=""/></StgValue>
</bind>
</comp>

<comp id="158" class="1001" name="const_158">
<pin_list>
<pin id="159" dir="1" index="0" bw="1" slack="2147483647"/>
</pin_list>
<bind>
<StgValue><ssdm name=""/></StgValue>
</bind>
</comp>

<comp id="160" class="1001" name="const_160">
<pin_list>
<pin id="161" dir="1" index="0" bw="1" slack="2147483647"/>
</pin_list>
<bind>
<StgValue><ssdm name=""/></StgValue>
</bind>
</comp>

<comp id="162" class="1001" name="const_162">
<pin_list>
<pin id="163" dir="1" index="0" bw="1" slack="2147483647"/>
</pin_list>
<bind>
<StgValue><ssdm name=""/></StgValue>
</bind>
</comp>

<comp id="164" class="1001" name="const_164">
<pin_list>
<pin id="165" dir="1" index="0" bw="1" slack="2147483647"/>
</pin_list>
<bind>
<StgValue><ssdm name=""/></StgValue>
</bind>
</comp>

<comp id="166" class="1001" name="const_166">
<pin_list>
<pin id="167" dir="1" index="0" bw="1" slack="2147483647"/>
</pin_list>
<bind>
<StgValue><ssdm name=""/></StgValue>
</bind>
</comp>

<comp id="168" class="1001" name="const_168">
<pin_list>
<pin id="169" dir="1" index="0" bw="1" slack="2147483647"/>
</pin_list>
<bind>
<StgValue><ssdm name=""/></StgValue>
</bind>
</comp>

<comp id="170" class="1001" name="const_170">
<pin_list>
<pin id="171" dir="1" index="0" bw="1" slack="2147483647"/>
</pin_list>
<bind>
<StgValue><ssdm name=""/></StgValue>
</bind>
</comp>

<comp id="172" class="1001" name="const_172">
<pin_list>
<pin id="173" dir="1" index="0" bw="1" slack="2147483647"/>
</pin_list>
<bind>
<StgValue><ssdm name=""/></StgValue>
</bind>
</comp>

<comp id="174" class="1001" name="const_174">
<pin_list>
<pin id="175" dir="1" index="0" bw="1" slack="0"/>
</pin_list>
<bind>
<StgValue><ssdm name="_ssdm_op_Mux.ap_auto.15i32.i4"/></StgValue>
</bind>
</comp>

<comp id="176" class="1001" name="const_176">
<pin_list>
<pin id="177" dir="1" index="0" bw="1" slack="2147483647"/>
</pin_list>
<bind>
<StgValue><ssdm name="_ssdm_op_SpecLoopName"/></StgValue>
</bind>
</comp>

<comp id="178" class="1001" name="const_178">
<pin_list>
<pin id="179" dir="1" index="0" bw="1" slack="2147483647"/>
</pin_list>
<bind>
<StgValue><ssdm name="empty_4"/></StgValue>
</bind>
</comp>

<comp id="180" class="1001" name="const_180">
<pin_list>
<pin id="181" dir="1" index="0" bw="1" slack="0"/>
</pin_list>
<bind>
<StgValue><ssdm name="_ssdm_op_Mux.ap_auto.12i32.i4"/></StgValue>
</bind>
</comp>

<comp id="182" class="1004" name="com_fu_182">
<pin_list>
<pin id="183" dir="0" index="0" bw="1" slack="0"/>
<pin id="184" dir="1" index="1" bw="2" slack="0"/>
</pin_list>
<bind>
<opcode="alloca(26) " fcode="alloca"/>
<opset="com/1 "/>
</bind>
</comp>

<comp id="186" class="1004" name="phase_read_read_fu_186">
<pin_list>
<pin id="187" dir="0" index="0" bw="1" slack="0"/>
<pin id="188" dir="0" index="1" bw="1" slack="0"/>
<pin id="189" dir="1" index="2" bw="1" slack="4"/>
</pin_list>
<bind>
<opcode="read(1150) " fcode="read"/>
<opset="phase_read/1 "/>
</bind>
</comp>

<comp id="192" class="1004" name="zext_ln60_read_read_fu_192">
<pin_list>
<pin id="193" dir="0" index="0" bw="3" slack="0"/>
<pin id="194" dir="0" index="1" bw="3" slack="0"/>
<pin id="195" dir="1" index="2" bw="3" slack="0"/>
</pin_list>
<bind>
<opcode="read(1150) " fcode="read"/>
<opset="zext_ln60_read/1 "/>
</bind>
</comp>

<comp id="198" class="1004" name="i_cast_read_read_fu_198">
<pin_list>
<pin id="199" dir="0" index="0" bw="2" slack="0"/>
<pin id="200" dir="0" index="1" bw="2" slack="0"/>
<pin id="201" dir="1" index="2" bw="2" slack="4"/>
</pin_list>
<bind>
<opcode="read(1150) " fcode="read"/>
<opset="i_cast_read/1 "/>
</bind>
</comp>

<comp id="204" class="1004" name="REG_V_63_reload_read_read_fu_204">
<pin_list>
<pin id="205" dir="0" index="0" bw="16" slack="0"/>
<pin id="206" dir="0" index="1" bw="16" slack="0"/>
<pin id="207" dir="1" index="2" bw="16" slack="0"/>
</pin_list>
<bind>
<opcode="read(1150) " fcode="read"/>
<opset="REG_V_63_reload_read/1 "/>
</bind>
</comp>

<comp id="210" class="1004" name="REG_V_55_reload_read_read_fu_210">
<pin_list>
<pin id="211" dir="0" index="0" bw="16" slack="0"/>
<pin id="212" dir="0" index="1" bw="16" slack="0"/>
<pin id="213" dir="1" index="2" bw="16" slack="0"/>
</pin_list>
<bind>
<opcode="read(1150) " fcode="read"/>
<opset="REG_V_55_reload_read/1 "/>
</bind>
</comp>

<comp id="216" class="1004" name="REG_V_47_reload_read_read_fu_216">
<pin_list>
<pin id="217" dir="0" index="0" bw="16" slack="0"/>
<pin id="218" dir="0" index="1" bw="16" slack="0"/>
<pin id="219" dir="1" index="2" bw="16" slack="0"/>
</pin_list>
<bind>
<opcode="read(1150) " fcode="read"/>
<opset="REG_V_47_reload_read/1 "/>
</bind>
</comp>

<comp id="222" class="1004" name="REG_V_39_reload_read_read_fu_222">
<pin_list>
<pin id="223" dir="0" index="0" bw="16" slack="0"/>
<pin id="224" dir="0" index="1" bw="16" slack="0"/>
<pin id="225" dir="1" index="2" bw="16" slack="0"/>
</pin_list>
<bind>
<opcode="read(1150) " fcode="read"/>
<opset="REG_V_39_reload_read/1 "/>
</bind>
</comp>

<comp id="228" class="1004" name="REG_V_59_reload_read_read_fu_228">
<pin_list>
<pin id="229" dir="0" index="0" bw="16" slack="0"/>
<pin id="230" dir="0" index="1" bw="16" slack="0"/>
<pin id="231" dir="1" index="2" bw="16" slack="1"/>
</pin_list>
<bind>
<opcode="read(1150) " fcode="read"/>
<opset="REG_V_59_reload_read/1 "/>
</bind>
</comp>

<comp id="234" class="1004" name="REG_V_51_reload_read_read_fu_234">
<pin_list>
<pin id="235" dir="0" index="0" bw="16" slack="0"/>
<pin id="236" dir="0" index="1" bw="16" slack="0"/>
<pin id="237" dir="1" index="2" bw="16" slack="0"/>
</pin_list>
<bind>
<opcode="read(1150) " fcode="read"/>
<opset="REG_V_51_reload_read/1 "/>
</bind>
</comp>

<comp id="240" class="1004" name="REG_V_43_reload_read_read_fu_240">
<pin_list>
<pin id="241" dir="0" index="0" bw="16" slack="0"/>
<pin id="242" dir="0" index="1" bw="16" slack="0"/>
<pin id="243" dir="1" index="2" bw="16" slack="0"/>
</pin_list>
<bind>
<opcode="read(1150) " fcode="read"/>
<opset="REG_V_43_reload_read/1 "/>
</bind>
</comp>

<comp id="246" class="1004" name="REG_V_35_reload_read_read_fu_246">
<pin_list>
<pin id="247" dir="0" index="0" bw="16" slack="0"/>
<pin id="248" dir="0" index="1" bw="16" slack="0"/>
<pin id="249" dir="1" index="2" bw="16" slack="0"/>
</pin_list>
<bind>
<opcode="read(1150) " fcode="read"/>
<opset="REG_V_35_reload_read/1 "/>
</bind>
</comp>

<comp id="252" class="1004" name="REG_V_62_reload_read_read_fu_252">
<pin_list>
<pin id="253" dir="0" index="0" bw="16" slack="0"/>
<pin id="254" dir="0" index="1" bw="16" slack="0"/>
<pin id="255" dir="1" index="2" bw="16" slack="1"/>
</pin_list>
<bind>
<opcode="read(1150) " fcode="read"/>
<opset="REG_V_62_reload_read/1 "/>
</bind>
</comp>

<comp id="258" class="1004" name="REG_V_54_reload_read_read_fu_258">
<pin_list>
<pin id="259" dir="0" index="0" bw="16" slack="0"/>
<pin id="260" dir="0" index="1" bw="16" slack="0"/>
<pin id="261" dir="1" index="2" bw="16" slack="1"/>
</pin_list>
<bind>
<opcode="read(1150) " fcode="read"/>
<opset="REG_V_54_reload_read/1 "/>
</bind>
</comp>

<comp id="264" class="1004" name="REG_V_46_reload_read_read_fu_264">
<pin_list>
<pin id="265" dir="0" index="0" bw="16" slack="0"/>
<pin id="266" dir="0" index="1" bw="16" slack="0"/>
<pin id="267" dir="1" index="2" bw="16" slack="1"/>
</pin_list>
<bind>
<opcode="read(1150) " fcode="read"/>
<opset="REG_V_46_reload_read/1 "/>
</bind>
</comp>

<comp id="270" class="1004" name="REG_V_38_reload_read_read_fu_270">
<pin_list>
<pin id="271" dir="0" index="0" bw="16" slack="0"/>
<pin id="272" dir="0" index="1" bw="16" slack="0"/>
<pin id="273" dir="1" index="2" bw="16" slack="1"/>
</pin_list>
<bind>
<opcode="read(1150) " fcode="read"/>
<opset="REG_V_38_reload_read/1 "/>
</bind>
</comp>

<comp id="276" class="1004" name="REG_V_58_reload_read_read_fu_276">
<pin_list>
<pin id="277" dir="0" index="0" bw="16" slack="0"/>
<pin id="278" dir="0" index="1" bw="16" slack="0"/>
<pin id="279" dir="1" index="2" bw="16" slack="1"/>
</pin_list>
<bind>
<opcode="read(1150) " fcode="read"/>
<opset="REG_V_58_reload_read/1 "/>
</bind>
</comp>

<comp id="282" class="1004" name="REG_V_50_reload_read_read_fu_282">
<pin_list>
<pin id="283" dir="0" index="0" bw="16" slack="0"/>
<pin id="284" dir="0" index="1" bw="16" slack="0"/>
<pin id="285" dir="1" index="2" bw="16" slack="1"/>
</pin_list>
<bind>
<opcode="read(1150) " fcode="read"/>
<opset="REG_V_50_reload_read/1 "/>
</bind>
</comp>

<comp id="288" class="1004" name="REG_V_42_reload_read_read_fu_288">
<pin_list>
<pin id="289" dir="0" index="0" bw="16" slack="0"/>
<pin id="290" dir="0" index="1" bw="16" slack="0"/>
<pin id="291" dir="1" index="2" bw="16" slack="1"/>
</pin_list>
<bind>
<opcode="read(1150) " fcode="read"/>
<opset="REG_V_42_reload_read/1 "/>
</bind>
</comp>

<comp id="294" class="1004" name="REG_V_34_reload_read_read_fu_294">
<pin_list>
<pin id="295" dir="0" index="0" bw="16" slack="0"/>
<pin id="296" dir="0" index="1" bw="16" slack="0"/>
<pin id="297" dir="1" index="2" bw="16" slack="1"/>
</pin_list>
<bind>
<opcode="read(1150) " fcode="read"/>
<opset="REG_V_34_reload_read/1 "/>
</bind>
</comp>

<comp id="300" class="1004" name="REG_V_61_reload_read_read_fu_300">
<pin_list>
<pin id="301" dir="0" index="0" bw="16" slack="0"/>
<pin id="302" dir="0" index="1" bw="16" slack="0"/>
<pin id="303" dir="1" index="2" bw="16" slack="0"/>
</pin_list>
<bind>
<opcode="read(1150) " fcode="read"/>
<opset="REG_V_61_reload_read/1 "/>
</bind>
</comp>

<comp id="306" class="1004" name="REG_V_53_reload_read_read_fu_306">
<pin_list>
<pin id="307" dir="0" index="0" bw="16" slack="0"/>
<pin id="308" dir="0" index="1" bw="16" slack="0"/>
<pin id="309" dir="1" index="2" bw="16" slack="0"/>
</pin_list>
<bind>
<opcode="read(1150) " fcode="read"/>
<opset="REG_V_53_reload_read/1 "/>
</bind>
</comp>

<comp id="312" class="1004" name="REG_V_45_reload_read_read_fu_312">
<pin_list>
<pin id="313" dir="0" index="0" bw="16" slack="0"/>
<pin id="314" dir="0" index="1" bw="16" slack="0"/>
<pin id="315" dir="1" index="2" bw="16" slack="0"/>
</pin_list>
<bind>
<opcode="read(1150) " fcode="read"/>
<opset="REG_V_45_reload_read/1 "/>
</bind>
</comp>

<comp id="318" class="1004" name="REG_V_37_reload_read_read_fu_318">
<pin_list>
<pin id="319" dir="0" index="0" bw="16" slack="0"/>
<pin id="320" dir="0" index="1" bw="16" slack="0"/>
<pin id="321" dir="1" index="2" bw="16" slack="0"/>
</pin_list>
<bind>
<opcode="read(1150) " fcode="read"/>
<opset="REG_V_37_reload_read/1 "/>
</bind>
</comp>

<comp id="324" class="1004" name="REG_V_57_reload_read_read_fu_324">
<pin_list>
<pin id="325" dir="0" index="0" bw="16" slack="0"/>
<pin id="326" dir="0" index="1" bw="16" slack="0"/>
<pin id="327" dir="1" index="2" bw="16" slack="0"/>
</pin_list>
<bind>
<opcode="read(1150) " fcode="read"/>
<opset="REG_V_57_reload_read/1 "/>
</bind>
</comp>

<comp id="330" class="1004" name="REG_V_49_reload_read_read_fu_330">
<pin_list>
<pin id="331" dir="0" index="0" bw="16" slack="0"/>
<pin id="332" dir="0" index="1" bw="16" slack="0"/>
<pin id="333" dir="1" index="2" bw="16" slack="0"/>
</pin_list>
<bind>
<opcode="read(1150) " fcode="read"/>
<opset="REG_V_49_reload_read/1 "/>
</bind>
</comp>

<comp id="336" class="1004" name="REG_V_41_reload_read_read_fu_336">
<pin_list>
<pin id="337" dir="0" index="0" bw="16" slack="0"/>
<pin id="338" dir="0" index="1" bw="16" slack="0"/>
<pin id="339" dir="1" index="2" bw="16" slack="0"/>
</pin_list>
<bind>
<opcode="read(1150) " fcode="read"/>
<opset="REG_V_41_reload_read/1 "/>
</bind>
</comp>

<comp id="342" class="1004" name="REG_V_33_reload_read_read_fu_342">
<pin_list>
<pin id="343" dir="0" index="0" bw="16" slack="0"/>
<pin id="344" dir="0" index="1" bw="16" slack="0"/>
<pin id="345" dir="1" index="2" bw="16" slack="0"/>
</pin_list>
<bind>
<opcode="read(1150) " fcode="read"/>
<opset="REG_V_33_reload_read/1 "/>
</bind>
</comp>

<comp id="348" class="1004" name="REG_V_60_reload_read_read_fu_348">
<pin_list>
<pin id="349" dir="0" index="0" bw="16" slack="0"/>
<pin id="350" dir="0" index="1" bw="16" slack="0"/>
<pin id="351" dir="1" index="2" bw="16" slack="1"/>
</pin_list>
<bind>
<opcode="read(1150) " fcode="read"/>
<opset="REG_V_60_reload_read/1 "/>
</bind>
</comp>

<comp id="354" class="1004" name="REG_V_52_reload_read_read_fu_354">
<pin_list>
<pin id="355" dir="0" index="0" bw="16" slack="0"/>
<pin id="356" dir="0" index="1" bw="16" slack="0"/>
<pin id="357" dir="1" index="2" bw="16" slack="0"/>
</pin_list>
<bind>
<opcode="read(1150) " fcode="read"/>
<opset="REG_V_52_reload_read/1 "/>
</bind>
</comp>

<comp id="360" class="1004" name="REG_V_44_reload_read_read_fu_360">
<pin_list>
<pin id="361" dir="0" index="0" bw="16" slack="0"/>
<pin id="362" dir="0" index="1" bw="16" slack="0"/>
<pin id="363" dir="1" index="2" bw="16" slack="0"/>
</pin_list>
<bind>
<opcode="read(1150) " fcode="read"/>
<opset="REG_V_44_reload_read/1 "/>
</bind>
</comp>

<comp id="366" class="1004" name="REG_V_36_reload_read_read_fu_366">
<pin_list>
<pin id="367" dir="0" index="0" bw="16" slack="0"/>
<pin id="368" dir="0" index="1" bw="16" slack="0"/>
<pin id="369" dir="1" index="2" bw="16" slack="0"/>
</pin_list>
<bind>
<opcode="read(1150) " fcode="read"/>
<opset="REG_V_36_reload_read/1 "/>
</bind>
</comp>

<comp id="372" class="1004" name="indvars_iv1_read_read_fu_372">
<pin_list>
<pin id="373" dir="0" index="0" bw="2" slack="0"/>
<pin id="374" dir="0" index="1" bw="2" slack="0"/>
<pin id="375" dir="1" index="2" bw="2" slack="0"/>
</pin_list>
<bind>
<opcode="read(1150) " fcode="read"/>
<opset="indvars_iv1_read/1 "/>
</bind>
</comp>

<comp id="378" class="1004" name="REG_V_56_reload_read_read_fu_378">
<pin_list>
<pin id="379" dir="0" index="0" bw="16" slack="0"/>
<pin id="380" dir="0" index="1" bw="16" slack="0"/>
<pin id="381" dir="1" index="2" bw="16" slack="0"/>
</pin_list>
<bind>
<opcode="read(1150) " fcode="read"/>
<opset="REG_V_56_reload_read/1 "/>
</bind>
</comp>

<comp id="384" class="1004" name="REG_V_48_reload_read_read_fu_384">
<pin_list>
<pin id="385" dir="0" index="0" bw="16" slack="0"/>
<pin id="386" dir="0" index="1" bw="16" slack="0"/>
<pin id="387" dir="1" index="2" bw="16" slack="0"/>
</pin_list>
<bind>
<opcode="read(1150) " fcode="read"/>
<opset="REG_V_48_reload_read/1 "/>
</bind>
</comp>

<comp id="390" class="1004" name="REG_V_40_reload_read_read_fu_390">
<pin_list>
<pin id="391" dir="0" index="0" bw="16" slack="0"/>
<pin id="392" dir="0" index="1" bw="16" slack="0"/>
<pin id="393" dir="1" index="2" bw="16" slack="0"/>
</pin_list>
<bind>
<opcode="read(1150) " fcode="read"/>
<opset="REG_V_40_reload_read/1 "/>
</bind>
</comp>

<comp id="396" class="1004" name="REG_V_32_reload_read_read_fu_396">
<pin_list>
<pin id="397" dir="0" index="0" bw="16" slack="0"/>
<pin id="398" dir="0" index="1" bw="16" slack="0"/>
<pin id="399" dir="1" index="2" bw="16" slack="0"/>
</pin_list>
<bind>
<opcode="read(1150) " fcode="read"/>
<opset="REG_V_32_reload_read/1 "/>
</bind>
</comp>

<comp id="402" class="1004" name="i_read_read_fu_402">
<pin_list>
<pin id="403" dir="0" index="0" bw="3" slack="0"/>
<pin id="404" dir="0" index="1" bw="3" slack="0"/>
<pin id="405" dir="1" index="2" bw="3" slack="0"/>
</pin_list>
<bind>
<opcode="read(1150) " fcode="read"/>
<opset="i_read/1 "/>
</bind>
</comp>

<comp id="408" class="1004" name="buffer_2_addr_gep_fu_408">
<pin_list>
<pin id="409" dir="0" index="0" bw="32" slack="0"/>
<pin id="410" dir="0" index="1" bw="1" slack="0"/>
<pin id="411" dir="0" index="2" bw="4" slack="0"/>
<pin id="412" dir="1" index="3" bw="4" slack="0"/>
</pin_list>
<bind>
<opcode="getelementptr(29) " fcode="getelementptr"/>
<opset="buffer_2_addr/6 "/>
</bind>
</comp>

<comp id="415" class="1004" name="grp_access_fu_415">
<pin_list>
<pin id="416" dir="0" index="0" bw="4" slack="0"/>
<pin id="417" dir="0" index="1" bw="32" slack="0"/>
<pin id="418" dir="0" index="2" bw="0" slack="2147483647"/>
<pin id="419" dir="1" index="3" bw="32" slack="2147483647"/>
</pin_list>
<bind>
<opcode="store(28) " fcode="store"/>
<opset="store_ln89/6 store_ln90/7 "/>
</bind>
</comp>

<comp id="421" class="1004" name="buffer_2_addr_1_gep_fu_421">
<pin_list>
<pin id="422" dir="0" index="0" bw="32" slack="0"/>
<pin id="423" dir="0" index="1" bw="1" slack="0"/>
<pin id="424" dir="0" index="2" bw="4" slack="0"/>
<pin id="425" dir="1" index="3" bw="4" slack="0"/>
</pin_list>
<bind>
<opcode="getelementptr(29) " fcode="getelementptr"/>
<opset="buffer_2_addr_1/7 "/>
</bind>
</comp>

<comp id="429" class="1004" name="zext_ln60_cast_fu_429">
<pin_list>
<pin id="430" dir="0" index="0" bw="3" slack="0"/>
<pin id="431" dir="1" index="1" bw="4" slack="6"/>
</pin_list>
<bind>
<opcode="zext(34) " fcode="zext"/>
<opset="zext_ln60_cast/1 "/>
</bind>
</comp>

<comp id="433" class="1004" name="store_ln0_store_fu_433">
<pin_list>
<pin id="434" dir="0" index="0" bw="1" slack="0"/>
<pin id="435" dir="0" index="1" bw="2" slack="0"/>
<pin id="436" dir="1" index="2" bw="0" slack="2147483647"/>
</pin_list>
<bind>
<opcode="store(28) " fcode="store"/>
<opset="store_ln0/1 "/>
</bind>
</comp>

<comp id="438" class="1004" name="com_1_load_fu_438">
<pin_list>
<pin id="439" dir="0" index="0" bw="2" slack="0"/>
<pin id="440" dir="1" index="1" bw="2" slack="0"/>
</pin_list>
<bind>
<opcode="load(27) " fcode="load"/>
<opset="com_1/1 "/>
</bind>
</comp>

<comp id="441" class="1004" name="com_cast_fu_441">
<pin_list>
<pin id="442" dir="0" index="0" bw="2" slack="0"/>
<pin id="443" dir="1" index="1" bw="3" slack="0"/>
</pin_list>
<bind>
<opcode="zext(34) " fcode="zext"/>
<opset="com_cast/1 "/>
</bind>
</comp>

<comp id="445" class="1004" name="icmp_ln81_fu_445">
<pin_list>
<pin id="446" dir="0" index="0" bw="3" slack="0"/>
<pin id="447" dir="0" index="1" bw="3" slack="0"/>
<pin id="448" dir="1" index="2" bw="1" slack="1"/>
</pin_list>
<bind>
<opcode="icmp(45) " fcode="icmp"/>
<opset="icmp_ln81/1 "/>
</bind>
</comp>

<comp id="451" class="1004" name="add_ln81_fu_451">
<pin_list>
<pin id="452" dir="0" index="0" bw="2" slack="0"/>
<pin id="453" dir="0" index="1" bw="1" slack="0"/>
<pin id="454" dir="1" index="2" bw="2" slack="0"/>
</pin_list>
<bind>
<opcode="add(8) " fcode="add"/>
<opset="add_ln81/1 "/>
</bind>
</comp>

<comp id="457" class="1004" name="tmp_7_fu_457">
<pin_list>
<pin id="458" dir="0" index="0" bw="16" slack="0"/>
<pin id="459" dir="0" index="1" bw="16" slack="0"/>
<pin id="460" dir="0" index="2" bw="16" slack="0"/>
<pin id="461" dir="0" index="3" bw="16" slack="0"/>
<pin id="462" dir="0" index="4" bw="16" slack="0"/>
<pin id="463" dir="0" index="5" bw="2" slack="0"/>
<pin id="464" dir="1" index="6" bw="16" slack="0"/>
</pin_list>
<bind>
<opcode="mux(1196) " fcode="mux"/>
<opset="tmp_7/1 "/>
</bind>
</comp>

<comp id="471" class="1004" name="zext_ln186_fu_471">
<pin_list>
<pin id="472" dir="0" index="0" bw="16" slack="0"/>
<pin id="473" dir="1" index="1" bw="32" slack="0"/>
</pin_list>
<bind>
<opcode="zext(34) " fcode="zext"/>
<opset="zext_ln186/1 "/>
</bind>
</comp>

<comp id="475" class="1004" name="tmp_1_fu_475">
<pin_list>
<pin id="476" dir="0" index="0" bw="16" slack="0"/>
<pin id="477" dir="0" index="1" bw="16" slack="0"/>
<pin id="478" dir="0" index="2" bw="16" slack="0"/>
<pin id="479" dir="0" index="3" bw="16" slack="0"/>
<pin id="480" dir="0" index="4" bw="2" slack="0"/>
<pin id="481" dir="1" index="5" bw="16" slack="0"/>
</pin_list>
<bind>
<opcode="mux(1196) " fcode="mux"/>
<opset="tmp_1/1 "/>
</bind>
</comp>

<comp id="487" class="1004" name="zext_ln186_1_fu_487">
<pin_list>
<pin id="488" dir="0" index="0" bw="16" slack="0"/>
<pin id="489" dir="1" index="1" bw="32" slack="0"/>
</pin_list>
<bind>
<opcode="zext(34) " fcode="zext"/>
<opset="zext_ln186_1/1 "/>
</bind>
</comp>

<comp id="491" class="1004" name="tmp_7_1_fu_491">
<pin_list>
<pin id="492" dir="0" index="0" bw="16" slack="0"/>
<pin id="493" dir="0" index="1" bw="16" slack="0"/>
<pin id="494" dir="0" index="2" bw="16" slack="0"/>
<pin id="495" dir="0" index="3" bw="16" slack="0"/>
<pin id="496" dir="0" index="4" bw="16" slack="0"/>
<pin id="497" dir="0" index="5" bw="2" slack="0"/>
<pin id="498" dir="1" index="6" bw="16" slack="0"/>
</pin_list>
<bind>
<opcode="mux(1196) " fcode="mux"/>
<opset="tmp_7_1/1 "/>
</bind>
</comp>

<comp id="505" class="1004" name="zext_ln186_4_fu_505">
<pin_list>
<pin id="506" dir="0" index="0" bw="16" slack="0"/>
<pin id="507" dir="1" index="1" bw="32" slack="0"/>
</pin_list>
<bind>
<opcode="zext(34) " fcode="zext"/>
<opset="zext_ln186_4/1 "/>
</bind>
</comp>

<comp id="509" class="1004" name="tmp_1_1_fu_509">
<pin_list>
<pin id="510" dir="0" index="0" bw="16" slack="0"/>
<pin id="511" dir="0" index="1" bw="16" slack="0"/>
<pin id="512" dir="0" index="2" bw="16" slack="0"/>
<pin id="513" dir="0" index="3" bw="16" slack="0"/>
<pin id="514" dir="0" index="4" bw="2" slack="0"/>
<pin id="515" dir="1" index="5" bw="16" slack="0"/>
</pin_list>
<bind>
<opcode="mux(1196) " fcode="mux"/>
<opset="tmp_1_1/1 "/>
</bind>
</comp>

<comp id="521" class="1004" name="zext_ln186_5_fu_521">
<pin_list>
<pin id="522" dir="0" index="0" bw="16" slack="0"/>
<pin id="523" dir="1" index="1" bw="32" slack="0"/>
</pin_list>
<bind>
<opcode="zext(34) " fcode="zext"/>
<opset="zext_ln186_5/1 "/>
</bind>
</comp>

<comp id="525" class="1004" name="tmp_2_1_fu_525">
<pin_list>
<pin id="526" dir="0" index="0" bw="16" slack="0"/>
<pin id="527" dir="0" index="1" bw="16" slack="0"/>
<pin id="528" dir="0" index="2" bw="16" slack="0"/>
<pin id="529" dir="0" index="3" bw="16" slack="0"/>
<pin id="530" dir="0" index="4" bw="2" slack="0"/>
<pin id="531" dir="1" index="5" bw="16" slack="0"/>
</pin_list>
<bind>
<opcode="mux(1196) " fcode="mux"/>
<opset="tmp_2_1/1 "/>
</bind>
</comp>

<comp id="537" class="1004" name="zext_ln186_6_fu_537">
<pin_list>
<pin id="538" dir="0" index="0" bw="16" slack="0"/>
<pin id="539" dir="1" index="1" bw="32" slack="0"/>
</pin_list>
<bind>
<opcode="zext(34) " fcode="zext"/>
<opset="zext_ln186_6/1 "/>
</bind>
</comp>

<comp id="541" class="1004" name="tmp_11_1_fu_541">
<pin_list>
<pin id="542" dir="0" index="0" bw="16" slack="0"/>
<pin id="543" dir="0" index="1" bw="16" slack="0"/>
<pin id="544" dir="0" index="2" bw="16" slack="0"/>
<pin id="545" dir="0" index="3" bw="16" slack="0"/>
<pin id="546" dir="0" index="4" bw="16" slack="0"/>
<pin id="547" dir="0" index="5" bw="2" slack="0"/>
<pin id="548" dir="1" index="6" bw="16" slack="0"/>
</pin_list>
<bind>
<opcode="mux(1196) " fcode="mux"/>
<opset="tmp_11_1/1 "/>
</bind>
</comp>

<comp id="555" class="1004" name="zext_ln186_7_fu_555">
<pin_list>
<pin id="556" dir="0" index="0" bw="16" slack="0"/>
<pin id="557" dir="1" index="1" bw="32" slack="0"/>
</pin_list>
<bind>
<opcode="zext(34) " fcode="zext"/>
<opset="zext_ln186_7/1 "/>
</bind>
</comp>

<comp id="559" class="1004" name="tmp_2_3_fu_559">
<pin_list>
<pin id="560" dir="0" index="0" bw="16" slack="0"/>
<pin id="561" dir="0" index="1" bw="16" slack="0"/>
<pin id="562" dir="0" index="2" bw="16" slack="0"/>
<pin id="563" dir="0" index="3" bw="16" slack="0"/>
<pin id="564" dir="0" index="4" bw="2" slack="0"/>
<pin id="565" dir="1" index="5" bw="16" slack="0"/>
</pin_list>
<bind>
<opcode="mux(1196) " fcode="mux"/>
<opset="tmp_2_3/1 "/>
</bind>
</comp>

<comp id="571" class="1004" name="zext_ln186_14_fu_571">
<pin_list>
<pin id="572" dir="0" index="0" bw="16" slack="0"/>
<pin id="573" dir="1" index="1" bw="32" slack="0"/>
</pin_list>
<bind>
<opcode="zext(34) " fcode="zext"/>
<opset="zext_ln186_14/1 "/>
</bind>
</comp>

<comp id="575" class="1004" name="tmp_11_3_fu_575">
<pin_list>
<pin id="576" dir="0" index="0" bw="16" slack="0"/>
<pin id="577" dir="0" index="1" bw="16" slack="0"/>
<pin id="578" dir="0" index="2" bw="16" slack="0"/>
<pin id="579" dir="0" index="3" bw="16" slack="0"/>
<pin id="580" dir="0" index="4" bw="16" slack="0"/>
<pin id="581" dir="0" index="5" bw="2" slack="0"/>
<pin id="582" dir="1" index="6" bw="16" slack="0"/>
</pin_list>
<bind>
<opcode="mux(1196) " fcode="mux"/>
<opset="tmp_11_3/1 "/>
</bind>
</comp>

<comp id="589" class="1004" name="zext_ln186_15_fu_589">
<pin_list>
<pin id="590" dir="0" index="0" bw="16" slack="0"/>
<pin id="591" dir="1" index="1" bw="32" slack="0"/>
</pin_list>
<bind>
<opcode="zext(34) " fcode="zext"/>
<opset="zext_ln186_15/1 "/>
</bind>
</comp>

<comp id="593" class="1004" name="store_ln81_store_fu_593">
<pin_list>
<pin id="594" dir="0" index="0" bw="2" slack="0"/>
<pin id="595" dir="0" index="1" bw="2" slack="0"/>
<pin id="596" dir="1" index="2" bw="0" slack="2147483647"/>
</pin_list>
<bind>
<opcode="store(28) " fcode="store"/>
<opset="store_ln81/1 "/>
</bind>
</comp>

<comp id="598" class="1004" name="tmp_4_fu_598">
<pin_list>
<pin id="599" dir="0" index="0" bw="16" slack="0"/>
<pin id="600" dir="0" index="1" bw="16" slack="1"/>
<pin id="601" dir="0" index="2" bw="16" slack="1"/>
<pin id="602" dir="0" index="3" bw="16" slack="1"/>
<pin id="603" dir="0" index="4" bw="16" slack="1"/>
<pin id="604" dir="0" index="5" bw="2" slack="1"/>
<pin id="605" dir="1" index="6" bw="16" slack="2"/>
</pin_list>
<bind>
<opcode="mux(1196) " fcode="mux"/>
<opset="tmp_4/2 "/>
</bind>
</comp>

<comp id="607" class="1004" name="tmp_7_2_fu_607">
<pin_list>
<pin id="608" dir="0" index="0" bw="16" slack="0"/>
<pin id="609" dir="0" index="1" bw="16" slack="1"/>
<pin id="610" dir="0" index="2" bw="16" slack="1"/>
<pin id="611" dir="0" index="3" bw="16" slack="1"/>
<pin id="612" dir="0" index="4" bw="16" slack="1"/>
<pin id="613" dir="0" index="5" bw="2" slack="1"/>
<pin id="614" dir="1" index="6" bw="16" slack="0"/>
</pin_list>
<bind>
<opcode="mux(1196) " fcode="mux"/>
<opset="tmp_7_2/2 "/>
</bind>
</comp>

<comp id="616" class="1004" name="zext_ln186_8_fu_616">
<pin_list>
<pin id="617" dir="0" index="0" bw="16" slack="0"/>
<pin id="618" dir="1" index="1" bw="32" slack="0"/>
</pin_list>
<bind>
<opcode="zext(34) " fcode="zext"/>
<opset="zext_ln186_8/2 "/>
</bind>
</comp>

<comp id="620" class="1004" name="tmp_1_2_fu_620">
<pin_list>
<pin id="621" dir="0" index="0" bw="16" slack="0"/>
<pin id="622" dir="0" index="1" bw="16" slack="1"/>
<pin id="623" dir="0" index="2" bw="16" slack="1"/>
<pin id="624" dir="0" index="3" bw="16" slack="1"/>
<pin id="625" dir="0" index="4" bw="2" slack="1"/>
<pin id="626" dir="1" index="5" bw="16" slack="0"/>
</pin_list>
<bind>
<opcode="mux(1196) " fcode="mux"/>
<opset="tmp_1_2/2 "/>
</bind>
</comp>

<comp id="628" class="1004" name="zext_ln186_9_fu_628">
<pin_list>
<pin id="629" dir="0" index="0" bw="16" slack="0"/>
<pin id="630" dir="1" index="1" bw="32" slack="0"/>
</pin_list>
<bind>
<opcode="zext(34) " fcode="zext"/>
<opset="zext_ln186_9/2 "/>
</bind>
</comp>

<comp id="632" class="1004" name="tmp_2_2_fu_632">
<pin_list>
<pin id="633" dir="0" index="0" bw="16" slack="0"/>
<pin id="634" dir="0" index="1" bw="16" slack="1"/>
<pin id="635" dir="0" index="2" bw="16" slack="1"/>
<pin id="636" dir="0" index="3" bw="16" slack="1"/>
<pin id="637" dir="0" index="4" bw="2" slack="1"/>
<pin id="638" dir="1" index="5" bw="16" slack="0"/>
</pin_list>
<bind>
<opcode="mux(1196) " fcode="mux"/>
<opset="tmp_2_2/2 "/>
</bind>
</comp>

<comp id="640" class="1004" name="zext_ln186_10_fu_640">
<pin_list>
<pin id="641" dir="0" index="0" bw="16" slack="0"/>
<pin id="642" dir="1" index="1" bw="32" slack="0"/>
</pin_list>
<bind>
<opcode="zext(34) " fcode="zext"/>
<opset="zext_ln186_10/2 "/>
</bind>
</comp>

<comp id="644" class="1004" name="tmp_11_2_fu_644">
<pin_list>
<pin id="645" dir="0" index="0" bw="16" slack="0"/>
<pin id="646" dir="0" index="1" bw="16" slack="1"/>
<pin id="647" dir="0" index="2" bw="16" slack="1"/>
<pin id="648" dir="0" index="3" bw="16" slack="1"/>
<pin id="649" dir="0" index="4" bw="16" slack="1"/>
<pin id="650" dir="0" index="5" bw="2" slack="1"/>
<pin id="651" dir="1" index="6" bw="16" slack="0"/>
</pin_list>
<bind>
<opcode="mux(1196) " fcode="mux"/>
<opset="tmp_11_2/2 "/>
</bind>
</comp>

<comp id="653" class="1004" name="zext_ln186_11_fu_653">
<pin_list>
<pin id="654" dir="0" index="0" bw="16" slack="0"/>
<pin id="655" dir="1" index="1" bw="32" slack="0"/>
</pin_list>
<bind>
<opcode="zext(34) " fcode="zext"/>
<opset="zext_ln186_11/2 "/>
</bind>
</comp>

<comp id="657" class="1004" name="tmp_7_3_fu_657">
<pin_list>
<pin id="658" dir="0" index="0" bw="16" slack="0"/>
<pin id="659" dir="0" index="1" bw="16" slack="1"/>
<pin id="660" dir="0" index="2" bw="16" slack="1"/>
<pin id="661" dir="0" index="3" bw="16" slack="1"/>
<pin id="662" dir="0" index="4" bw="16" slack="1"/>
<pin id="663" dir="0" index="5" bw="2" slack="1"/>
<pin id="664" dir="1" index="6" bw="16" slack="0"/>
</pin_list>
<bind>
<opcode="mux(1196) " fcode="mux"/>
<opset="tmp_7_3/2 "/>
</bind>
</comp>

<comp id="666" class="1004" name="zext_ln186_12_fu_666">
<pin_list>
<pin id="667" dir="0" index="0" bw="16" slack="0"/>
<pin id="668" dir="1" index="1" bw="32" slack="0"/>
</pin_list>
<bind>
<opcode="zext(34) " fcode="zext"/>
<opset="zext_ln186_12/2 "/>
</bind>
</comp>

<comp id="670" class="1004" name="tmp_1_3_fu_670">
<pin_list>
<pin id="671" dir="0" index="0" bw="16" slack="0"/>
<pin id="672" dir="0" index="1" bw="16" slack="1"/>
<pin id="673" dir="0" index="2" bw="16" slack="1"/>
<pin id="674" dir="0" index="3" bw="16" slack="1"/>
<pin id="675" dir="0" index="4" bw="2" slack="1"/>
<pin id="676" dir="1" index="5" bw="16" slack="0"/>
</pin_list>
<bind>
<opcode="mux(1196) " fcode="mux"/>
<opset="tmp_1_3/2 "/>
</bind>
</comp>

<comp id="678" class="1004" name="zext_ln186_13_fu_678">
<pin_list>
<pin id="679" dir="0" index="0" bw="16" slack="0"/>
<pin id="680" dir="1" index="1" bw="32" slack="0"/>
</pin_list>
<bind>
<opcode="zext(34) " fcode="zext"/>
<opset="zext_ln186_13/2 "/>
</bind>
</comp>

<comp id="682" class="1004" name="tmp_2_fu_682">
<pin_list>
<pin id="683" dir="0" index="0" bw="16" slack="0"/>
<pin id="684" dir="0" index="1" bw="16" slack="3"/>
<pin id="685" dir="0" index="2" bw="16" slack="3"/>
<pin id="686" dir="0" index="3" bw="16" slack="3"/>
<pin id="687" dir="0" index="4" bw="2" slack="3"/>
<pin id="688" dir="1" index="5" bw="16" slack="0"/>
</pin_list>
<bind>
<opcode="mux(1196) " fcode="mux"/>
<opset="tmp_2/4 "/>
</bind>
</comp>

<comp id="690" class="1004" name="zext_ln186_2_fu_690">
<pin_list>
<pin id="691" dir="0" index="0" bw="16" slack="0"/>
<pin id="692" dir="1" index="1" bw="32" slack="0"/>
</pin_list>
<bind>
<opcode="zext(34) " fcode="zext"/>
<opset="zext_ln186_2/4 "/>
</bind>
</comp>

<comp id="694" class="1004" name="zext_ln186_3_fu_694">
<pin_list>
<pin id="695" dir="0" index="0" bw="16" slack="2"/>
<pin id="696" dir="1" index="1" bw="32" slack="0"/>
</pin_list>
<bind>
<opcode="zext(34) " fcode="zext"/>
<opset="zext_ln186_3/4 "/>
</bind>
</comp>

<comp id="697" class="1004" name="add_ln89_3_fu_697">
<pin_list>
<pin id="698" dir="0" index="0" bw="32" slack="0"/>
<pin id="699" dir="0" index="1" bw="32" slack="0"/>
<pin id="700" dir="1" index="2" bw="32" slack="0"/>
</pin_list>
<bind>
<opcode="add(8) " fcode="add"/>
<opset="add_ln89_3/5 "/>
</bind>
</comp>

<comp id="701" class="1004" name="add_ln1_fu_701">
<pin_list>
<pin id="702" dir="0" index="0" bw="4" slack="0"/>
<pin id="703" dir="0" index="1" bw="2" slack="4"/>
<pin id="704" dir="0" index="2" bw="2" slack="4"/>
<pin id="705" dir="1" index="3" bw="4" slack="1"/>
</pin_list>
<bind>
<opcode="bitconcatenate(1004) " fcode="bitconcatenate"/>
<opset="add_ln1/5 "/>
</bind>
</comp>

<comp id="707" class="1004" name="store_ln92_store_fu_707">
<pin_list>
<pin id="708" dir="0" index="0" bw="32" slack="0"/>
<pin id="709" dir="0" index="1" bw="32" slack="0"/>
<pin id="710" dir="1" index="2" bw="0" slack="2147483647"/>
</pin_list>
<bind>
<opcode="store(28) " fcode="store"/>
<opset="store_ln92/5 "/>
</bind>
</comp>

<comp id="713" class="1004" name="store_ln92_store_fu_713">
<pin_list>
<pin id="714" dir="0" index="0" bw="32" slack="0"/>
<pin id="715" dir="0" index="1" bw="32" slack="0"/>
<pin id="716" dir="1" index="2" bw="0" slack="2147483647"/>
</pin_list>
<bind>
<opcode="store(28) " fcode="store"/>
<opset="store_ln92/5 "/>
</bind>
</comp>

<comp id="719" class="1004" name="store_ln92_store_fu_719">
<pin_list>
<pin id="720" dir="0" index="0" bw="32" slack="0"/>
<pin id="721" dir="0" index="1" bw="32" slack="0"/>
<pin id="722" dir="1" index="2" bw="0" slack="2147483647"/>
</pin_list>
<bind>
<opcode="store(28) " fcode="store"/>
<opset="store_ln92/5 "/>
</bind>
</comp>

<comp id="725" class="1004" name="store_ln92_store_fu_725">
<pin_list>
<pin id="726" dir="0" index="0" bw="32" slack="0"/>
<pin id="727" dir="0" index="1" bw="32" slack="0"/>
<pin id="728" dir="1" index="2" bw="0" slack="2147483647"/>
</pin_list>
<bind>
<opcode="store(28) " fcode="store"/>
<opset="store_ln92/5 "/>
</bind>
</comp>

<comp id="731" class="1004" name="store_ln92_store_fu_731">
<pin_list>
<pin id="732" dir="0" index="0" bw="32" slack="0"/>
<pin id="733" dir="0" index="1" bw="32" slack="0"/>
<pin id="734" dir="1" index="2" bw="0" slack="2147483647"/>
</pin_list>
<bind>
<opcode="store(28) " fcode="store"/>
<opset="store_ln92/5 "/>
</bind>
</comp>

<comp id="737" class="1004" name="store_ln92_store_fu_737">
<pin_list>
<pin id="738" dir="0" index="0" bw="32" slack="0"/>
<pin id="739" dir="0" index="1" bw="32" slack="0"/>
<pin id="740" dir="1" index="2" bw="0" slack="2147483647"/>
</pin_list>
<bind>
<opcode="store(28) " fcode="store"/>
<opset="store_ln92/5 "/>
</bind>
</comp>

<comp id="743" class="1004" name="store_ln92_store_fu_743">
<pin_list>
<pin id="744" dir="0" index="0" bw="32" slack="0"/>
<pin id="745" dir="0" index="1" bw="32" slack="0"/>
<pin id="746" dir="1" index="2" bw="0" slack="2147483647"/>
</pin_list>
<bind>
<opcode="store(28) " fcode="store"/>
<opset="store_ln92/5 "/>
</bind>
</comp>

<comp id="749" class="1004" name="store_ln92_store_fu_749">
<pin_list>
<pin id="750" dir="0" index="0" bw="32" slack="0"/>
<pin id="751" dir="0" index="1" bw="32" slack="0"/>
<pin id="752" dir="1" index="2" bw="0" slack="2147483647"/>
</pin_list>
<bind>
<opcode="store(28) " fcode="store"/>
<opset="store_ln92/5 "/>
</bind>
</comp>

<comp id="755" class="1004" name="store_ln92_store_fu_755">
<pin_list>
<pin id="756" dir="0" index="0" bw="32" slack="0"/>
<pin id="757" dir="0" index="1" bw="32" slack="0"/>
<pin id="758" dir="1" index="2" bw="0" slack="2147483647"/>
</pin_list>
<bind>
<opcode="store(28) " fcode="store"/>
<opset="store_ln92/5 "/>
</bind>
</comp>

<comp id="761" class="1004" name="store_ln92_store_fu_761">
<pin_list>
<pin id="762" dir="0" index="0" bw="32" slack="0"/>
<pin id="763" dir="0" index="1" bw="32" slack="0"/>
<pin id="764" dir="1" index="2" bw="0" slack="2147483647"/>
</pin_list>
<bind>
<opcode="store(28) " fcode="store"/>
<opset="store_ln92/5 "/>
</bind>
</comp>

<comp id="767" class="1004" name="store_ln92_store_fu_767">
<pin_list>
<pin id="768" dir="0" index="0" bw="32" slack="0"/>
<pin id="769" dir="0" index="1" bw="32" slack="0"/>
<pin id="770" dir="1" index="2" bw="0" slack="2147483647"/>
</pin_list>
<bind>
<opcode="store(28) " fcode="store"/>
<opset="store_ln92/5 "/>
</bind>
</comp>

<comp id="773" class="1004" name="store_ln92_store_fu_773">
<pin_list>
<pin id="774" dir="0" index="0" bw="32" slack="0"/>
<pin id="775" dir="0" index="1" bw="32" slack="0"/>
<pin id="776" dir="1" index="2" bw="0" slack="2147483647"/>
</pin_list>
<bind>
<opcode="store(28) " fcode="store"/>
<opset="store_ln92/5 "/>
</bind>
</comp>

<comp id="779" class="1004" name="store_ln92_store_fu_779">
<pin_list>
<pin id="780" dir="0" index="0" bw="32" slack="0"/>
<pin id="781" dir="0" index="1" bw="32" slack="0"/>
<pin id="782" dir="1" index="2" bw="0" slack="2147483647"/>
</pin_list>
<bind>
<opcode="store(28) " fcode="store"/>
<opset="store_ln92/5 "/>
</bind>
</comp>

<comp id="785" class="1004" name="store_ln92_store_fu_785">
<pin_list>
<pin id="786" dir="0" index="0" bw="32" slack="0"/>
<pin id="787" dir="0" index="1" bw="32" slack="0"/>
<pin id="788" dir="1" index="2" bw="0" slack="2147483647"/>
</pin_list>
<bind>
<opcode="store(28) " fcode="store"/>
<opset="store_ln92/5 "/>
</bind>
</comp>

<comp id="791" class="1004" name="store_ln92_store_fu_791">
<pin_list>
<pin id="792" dir="0" index="0" bw="32" slack="0"/>
<pin id="793" dir="0" index="1" bw="32" slack="0"/>
<pin id="794" dir="1" index="2" bw="0" slack="2147483647"/>
</pin_list>
<bind>
<opcode="store(28) " fcode="store"/>
<opset="store_ln92/5 "/>
</bind>
</comp>

<comp id="797" class="1004" name="zext_ln93_fu_797">
<pin_list>
<pin id="798" dir="0" index="0" bw="4" slack="1"/>
<pin id="799" dir="1" index="1" bw="64" slack="0"/>
</pin_list>
<bind>
<opcode="zext(34) " fcode="zext"/>
<opset="zext_ln93/6 "/>
</bind>
</comp>

<comp id="801" class="1004" name="add_ln93_1_fu_801">
<pin_list>
<pin id="802" dir="0" index="0" bw="4" slack="0"/>
<pin id="803" dir="0" index="1" bw="2" slack="5"/>
<pin id="804" dir="0" index="2" bw="2" slack="5"/>
<pin id="805" dir="1" index="3" bw="4" slack="1"/>
</pin_list>
<bind>
<opcode="bitconcatenate(1004) " fcode="bitconcatenate"/>
<opset="add_ln93_1/6 "/>
</bind>
</comp>

<comp id="807" class="1004" name="compute_ap_int_ap_int_bool_stream_stream_ap_uint_32_0_REG1_9_load_load_fu_807">
<pin_list>
<pin id="808" dir="0" index="0" bw="32" slack="0"/>
<pin id="809" dir="1" index="1" bw="32" slack="0"/>
</pin_list>
<bind>
<opcode="load(27) " fcode="load"/>
<opset="compute_ap_int_ap_int_bool_stream_stream_ap_uint_32_0_REG1_9_load/6 "/>
</bind>
</comp>

<comp id="811" class="1004" name="compute_ap_int_ap_int_bool_stream_stream_ap_uint_32_0_REG1_8_load_load_fu_811">
<pin_list>
<pin id="812" dir="0" index="0" bw="32" slack="0"/>
<pin id="813" dir="1" index="1" bw="32" slack="0"/>
</pin_list>
<bind>
<opcode="load(27) " fcode="load"/>
<opset="compute_ap_int_ap_int_bool_stream_stream_ap_uint_32_0_REG1_8_load/6 "/>
</bind>
</comp>

<comp id="815" class="1004" name="compute_ap_int_ap_int_bool_stream_stream_ap_uint_32_0_REG1_7_load_load_fu_815">
<pin_list>
<pin id="816" dir="0" index="0" bw="32" slack="0"/>
<pin id="817" dir="1" index="1" bw="32" slack="0"/>
</pin_list>
<bind>
<opcode="load(27) " fcode="load"/>
<opset="compute_ap_int_ap_int_bool_stream_stream_ap_uint_32_0_REG1_7_load/6 "/>
</bind>
</comp>

<comp id="819" class="1004" name="compute_ap_int_ap_int_bool_stream_stream_ap_uint_32_0_REG1_6_load_load_fu_819">
<pin_list>
<pin id="820" dir="0" index="0" bw="32" slack="0"/>
<pin id="821" dir="1" index="1" bw="32" slack="0"/>
</pin_list>
<bind>
<opcode="load(27) " fcode="load"/>
<opset="compute_ap_int_ap_int_bool_stream_stream_ap_uint_32_0_REG1_6_load/6 "/>
</bind>
</comp>

<comp id="823" class="1004" name="compute_ap_int_ap_int_bool_stream_stream_ap_uint_32_0_REG1_5_load_load_fu_823">
<pin_list>
<pin id="824" dir="0" index="0" bw="32" slack="0"/>
<pin id="825" dir="1" index="1" bw="32" slack="0"/>
</pin_list>
<bind>
<opcode="load(27) " fcode="load"/>
<opset="compute_ap_int_ap_int_bool_stream_stream_ap_uint_32_0_REG1_5_load/6 "/>
</bind>
</comp>

<comp id="827" class="1004" name="compute_ap_int_ap_int_bool_stream_stream_ap_uint_32_0_REG1_4_load_load_fu_827">
<pin_list>
<pin id="828" dir="0" index="0" bw="32" slack="0"/>
<pin id="829" dir="1" index="1" bw="32" slack="0"/>
</pin_list>
<bind>
<opcode="load(27) " fcode="load"/>
<opset="compute_ap_int_ap_int_bool_stream_stream_ap_uint_32_0_REG1_4_load/6 "/>
</bind>
</comp>

<comp id="831" class="1004" name="compute_ap_int_ap_int_bool_stream_stream_ap_uint_32_0_REG1_3_load_load_fu_831">
<pin_list>
<pin id="832" dir="0" index="0" bw="32" slack="0"/>
<pin id="833" dir="1" index="1" bw="32" slack="0"/>
</pin_list>
<bind>
<opcode="load(27) " fcode="load"/>
<opset="compute_ap_int_ap_int_bool_stream_stream_ap_uint_32_0_REG1_3_load/6 "/>
</bind>
</comp>

<comp id="835" class="1004" name="compute_ap_int_ap_int_bool_stream_stream_ap_uint_32_0_REG1_2_load_load_fu_835">
<pin_list>
<pin id="836" dir="0" index="0" bw="32" slack="0"/>
<pin id="837" dir="1" index="1" bw="32" slack="0"/>
</pin_list>
<bind>
<opcode="load(27) " fcode="load"/>
<opset="compute_ap_int_ap_int_bool_stream_stream_ap_uint_32_0_REG1_2_load/6 "/>
</bind>
</comp>

<comp id="839" class="1004" name="compute_ap_int_ap_int_bool_stream_stream_ap_uint_32_0_REG1_1_load_load_fu_839">
<pin_list>
<pin id="840" dir="0" index="0" bw="32" slack="0"/>
<pin id="841" dir="1" index="1" bw="32" slack="0"/>
</pin_list>
<bind>
<opcode="load(27) " fcode="load"/>
<opset="compute_ap_int_ap_int_bool_stream_stream_ap_uint_32_0_REG1_1_load/6 "/>
</bind>
</comp>

<comp id="843" class="1004" name="compute_ap_int_ap_int_bool_stream_stream_ap_uint_32_0_REG1_load_load_fu_843">
<pin_list>
<pin id="844" dir="0" index="0" bw="32" slack="0"/>
<pin id="845" dir="1" index="1" bw="32" slack="0"/>
</pin_list>
<bind>
<opcode="load(27) " fcode="load"/>
<opset="compute_ap_int_ap_int_bool_stream_stream_ap_uint_32_0_REG1_load/6 "/>
</bind>
</comp>

<comp id="847" class="1004" name="compute_ap_int_64_ap_int_32_bool_hls_stream_ap_uint_32_0_hls_stream_ap_uint_32_0_REG_s_load_fu_847">
<pin_list>
<pin id="848" dir="0" index="0" bw="32" slack="0"/>
<pin id="849" dir="1" index="1" bw="32" slack="0"/>
</pin_list>
<bind>
<opcode="load(27) " fcode="load"/>
<opset="compute_ap_int_64_ap_int_32_bool_hls_stream_ap_uint_32_0_hls_stream_ap_uint_32_0_REG_s/6 "/>
</bind>
</comp>

<comp id="851" class="1004" name="compute_ap_int_64_ap_int_32_bool_hls_stream_ap_uint_32_0_hls_stream_ap_uint_32_0_REG_s_18_load_fu_851">
<pin_list>
<pin id="852" dir="0" index="0" bw="32" slack="0"/>
<pin id="853" dir="1" index="1" bw="32" slack="0"/>
</pin_list>
<bind>
<opcode="load(27) " fcode="load"/>
<opset="compute_ap_int_64_ap_int_32_bool_hls_stream_ap_uint_32_0_hls_stream_ap_uint_32_0_REG_s_18/6 "/>
</bind>
</comp>

<comp id="855" class="1004" name="compute_ap_int_64_ap_int_32_bool_hls_stream_ap_uint_32_0_hls_stream_ap_uint_32_0_REG_s_19_load_fu_855">
<pin_list>
<pin id="856" dir="0" index="0" bw="32" slack="0"/>
<pin id="857" dir="1" index="1" bw="32" slack="0"/>
</pin_list>
<bind>
<opcode="load(27) " fcode="load"/>
<opset="compute_ap_int_64_ap_int_32_bool_hls_stream_ap_uint_32_0_hls_stream_ap_uint_32_0_REG_s_19/6 "/>
</bind>
</comp>

<comp id="859" class="1004" name="compute_ap_int_64_ap_int_32_bool_hls_stream_ap_uint_32_0_hls_stream_ap_uint_32_0_REG_s_20_load_fu_859">
<pin_list>
<pin id="860" dir="0" index="0" bw="32" slack="0"/>
<pin id="861" dir="1" index="1" bw="32" slack="0"/>
</pin_list>
<bind>
<opcode="load(27) " fcode="load"/>
<opset="compute_ap_int_64_ap_int_32_bool_hls_stream_ap_uint_32_0_hls_stream_ap_uint_32_0_REG_s_20/6 "/>
</bind>
</comp>

<comp id="863" class="1004" name="compute_ap_int_64_ap_int_32_bool_hls_stream_ap_uint_32_0_hls_stream_ap_uint_32_0_REG_s_21_load_fu_863">
<pin_list>
<pin id="864" dir="0" index="0" bw="32" slack="0"/>
<pin id="865" dir="1" index="1" bw="32" slack="0"/>
</pin_list>
<bind>
<opcode="load(27) " fcode="load"/>
<opset="compute_ap_int_64_ap_int_32_bool_hls_stream_ap_uint_32_0_hls_stream_ap_uint_32_0_REG_s_21/6 "/>
</bind>
</comp>

<comp id="867" class="1004" name="tmp_s_fu_867">
<pin_list>
<pin id="868" dir="0" index="0" bw="32" slack="0"/>
<pin id="869" dir="0" index="1" bw="32" slack="0"/>
<pin id="870" dir="0" index="2" bw="32" slack="0"/>
<pin id="871" dir="0" index="3" bw="32" slack="0"/>
<pin id="872" dir="0" index="4" bw="32" slack="0"/>
<pin id="873" dir="0" index="5" bw="32" slack="0"/>
<pin id="874" dir="0" index="6" bw="32" slack="0"/>
<pin id="875" dir="0" index="7" bw="32" slack="0"/>
<pin id="876" dir="0" index="8" bw="32" slack="0"/>
<pin id="877" dir="0" index="9" bw="32" slack="0"/>
<pin id="878" dir="0" index="10" bw="32" slack="0"/>
<pin id="879" dir="0" index="11" bw="32" slack="0"/>
<pin id="880" dir="0" index="12" bw="32" slack="0"/>
<pin id="881" dir="0" index="13" bw="32" slack="0"/>
<pin id="882" dir="0" index="14" bw="32" slack="0"/>
<pin id="883" dir="0" index="15" bw="32" slack="0"/>
<pin id="884" dir="0" index="16" bw="4" slack="1"/>
<pin id="885" dir="1" index="17" bw="32" slack="0"/>
</pin_list>
<bind>
<opcode="mux(1196) " fcode="mux"/>
<opset="tmp_s/6 "/>
</bind>
</comp>

<comp id="902" class="1004" name="add_ln89_fu_902">
<pin_list>
<pin id="903" dir="0" index="0" bw="32" slack="0"/>
<pin id="904" dir="0" index="1" bw="32" slack="1"/>
<pin id="905" dir="1" index="2" bw="32" slack="0"/>
</pin_list>
<bind>
<opcode="add(8) " fcode="add"/>
<opset="add_ln89/6 "/>
</bind>
</comp>

<comp id="908" class="1004" name="shl_ln_fu_908">
<pin_list>
<pin id="909" dir="0" index="0" bw="4" slack="0"/>
<pin id="910" dir="0" index="1" bw="2" slack="6"/>
<pin id="911" dir="0" index="2" bw="1" slack="0"/>
<pin id="912" dir="1" index="3" bw="4" slack="0"/>
</pin_list>
<bind>
<opcode="bitconcatenate(1004) " fcode="bitconcatenate"/>
<opset="shl_ln/7 "/>
</bind>
</comp>

<comp id="915" class="1004" name="add_ln93_fu_915">
<pin_list>
<pin id="916" dir="0" index="0" bw="4" slack="0"/>
<pin id="917" dir="0" index="1" bw="3" slack="6"/>
<pin id="918" dir="1" index="2" bw="4" slack="0"/>
</pin_list>
<bind>
<opcode="add(8) " fcode="add"/>
<opset="add_ln93/7 "/>
</bind>
</comp>

<comp id="920" class="1004" name="zext_ln92_fu_920">
<pin_list>
<pin id="921" dir="0" index="0" bw="4" slack="0"/>
<pin id="922" dir="1" index="1" bw="64" slack="0"/>
</pin_list>
<bind>
<opcode="zext(34) " fcode="zext"/>
<opset="zext_ln92/7 "/>
</bind>
</comp>

<comp id="925" class="1004" name="add_ln186_fu_925">
<pin_list>
<pin id="926" dir="0" index="0" bw="32" slack="3"/>
<pin id="927" dir="0" index="1" bw="32" slack="0"/>
<pin id="928" dir="1" index="2" bw="32" slack="0"/>
</pin_list>
<bind>
<opcode="add(8) " fcode="add"/>
<opset="add_ln186/7 "/>
</bind>
</comp>

<comp id="929" class="1004" name="store_ln93_store_fu_929">
<pin_list>
<pin id="930" dir="0" index="0" bw="32" slack="0"/>
<pin id="931" dir="0" index="1" bw="32" slack="0"/>
<pin id="932" dir="1" index="2" bw="0" slack="2147483647"/>
</pin_list>
<bind>
<opcode="store(28) " fcode="store"/>
<opset="store_ln93/7 "/>
</bind>
</comp>

<comp id="935" class="1004" name="store_ln93_store_fu_935">
<pin_list>
<pin id="936" dir="0" index="0" bw="32" slack="0"/>
<pin id="937" dir="0" index="1" bw="32" slack="0"/>
<pin id="938" dir="1" index="2" bw="0" slack="2147483647"/>
</pin_list>
<bind>
<opcode="store(28) " fcode="store"/>
<opset="store_ln93/7 "/>
</bind>
</comp>

<comp id="941" class="1004" name="store_ln93_store_fu_941">
<pin_list>
<pin id="942" dir="0" index="0" bw="32" slack="0"/>
<pin id="943" dir="0" index="1" bw="32" slack="0"/>
<pin id="944" dir="1" index="2" bw="0" slack="2147483647"/>
</pin_list>
<bind>
<opcode="store(28) " fcode="store"/>
<opset="store_ln93/7 "/>
</bind>
</comp>

<comp id="947" class="1004" name="store_ln93_store_fu_947">
<pin_list>
<pin id="948" dir="0" index="0" bw="32" slack="0"/>
<pin id="949" dir="0" index="1" bw="32" slack="0"/>
<pin id="950" dir="1" index="2" bw="0" slack="2147483647"/>
</pin_list>
<bind>
<opcode="store(28) " fcode="store"/>
<opset="store_ln93/7 "/>
</bind>
</comp>

<comp id="953" class="1004" name="store_ln93_store_fu_953">
<pin_list>
<pin id="954" dir="0" index="0" bw="32" slack="0"/>
<pin id="955" dir="0" index="1" bw="32" slack="0"/>
<pin id="956" dir="1" index="2" bw="0" slack="2147483647"/>
</pin_list>
<bind>
<opcode="store(28) " fcode="store"/>
<opset="store_ln93/7 "/>
</bind>
</comp>

<comp id="959" class="1004" name="store_ln93_store_fu_959">
<pin_list>
<pin id="960" dir="0" index="0" bw="32" slack="0"/>
<pin id="961" dir="0" index="1" bw="32" slack="0"/>
<pin id="962" dir="1" index="2" bw="0" slack="2147483647"/>
</pin_list>
<bind>
<opcode="store(28) " fcode="store"/>
<opset="store_ln93/7 "/>
</bind>
</comp>

<comp id="965" class="1004" name="store_ln93_store_fu_965">
<pin_list>
<pin id="966" dir="0" index="0" bw="32" slack="0"/>
<pin id="967" dir="0" index="1" bw="32" slack="0"/>
<pin id="968" dir="1" index="2" bw="0" slack="2147483647"/>
</pin_list>
<bind>
<opcode="store(28) " fcode="store"/>
<opset="store_ln93/7 "/>
</bind>
</comp>

<comp id="971" class="1004" name="store_ln93_store_fu_971">
<pin_list>
<pin id="972" dir="0" index="0" bw="32" slack="0"/>
<pin id="973" dir="0" index="1" bw="32" slack="0"/>
<pin id="974" dir="1" index="2" bw="0" slack="2147483647"/>
</pin_list>
<bind>
<opcode="store(28) " fcode="store"/>
<opset="store_ln93/7 "/>
</bind>
</comp>

<comp id="977" class="1004" name="store_ln93_store_fu_977">
<pin_list>
<pin id="978" dir="0" index="0" bw="32" slack="0"/>
<pin id="979" dir="0" index="1" bw="32" slack="0"/>
<pin id="980" dir="1" index="2" bw="0" slack="2147483647"/>
</pin_list>
<bind>
<opcode="store(28) " fcode="store"/>
<opset="store_ln93/7 "/>
</bind>
</comp>

<comp id="983" class="1004" name="store_ln93_store_fu_983">
<pin_list>
<pin id="984" dir="0" index="0" bw="32" slack="0"/>
<pin id="985" dir="0" index="1" bw="32" slack="0"/>
<pin id="986" dir="1" index="2" bw="0" slack="2147483647"/>
</pin_list>
<bind>
<opcode="store(28) " fcode="store"/>
<opset="store_ln93/7 "/>
</bind>
</comp>

<comp id="989" class="1004" name="store_ln93_store_fu_989">
<pin_list>
<pin id="990" dir="0" index="0" bw="32" slack="0"/>
<pin id="991" dir="0" index="1" bw="32" slack="0"/>
<pin id="992" dir="1" index="2" bw="0" slack="2147483647"/>
</pin_list>
<bind>
<opcode="store(28) " fcode="store"/>
<opset="store_ln93/7 "/>
</bind>
</comp>

<comp id="995" class="1004" name="store_ln93_store_fu_995">
<pin_list>
<pin id="996" dir="0" index="0" bw="32" slack="0"/>
<pin id="997" dir="0" index="1" bw="32" slack="0"/>
<pin id="998" dir="1" index="2" bw="0" slack="2147483647"/>
</pin_list>
<bind>
<opcode="store(28) " fcode="store"/>
<opset="store_ln93/7 "/>
</bind>
</comp>

<comp id="1001" class="1004" name="tmp_3_fu_1001">
<pin_list>
<pin id="1002" dir="0" index="0" bw="32" slack="0"/>
<pin id="1003" dir="0" index="1" bw="32" slack="1"/>
<pin id="1004" dir="0" index="2" bw="32" slack="1"/>
<pin id="1005" dir="0" index="3" bw="32" slack="1"/>
<pin id="1006" dir="0" index="4" bw="32" slack="1"/>
<pin id="1007" dir="0" index="5" bw="32" slack="1"/>
<pin id="1008" dir="0" index="6" bw="32" slack="1"/>
<pin id="1009" dir="0" index="7" bw="32" slack="1"/>
<pin id="1010" dir="0" index="8" bw="32" slack="1"/>
<pin id="1011" dir="0" index="9" bw="32" slack="1"/>
<pin id="1012" dir="0" index="10" bw="32" slack="1"/>
<pin id="1013" dir="0" index="11" bw="32" slack="1"/>
<pin id="1014" dir="0" index="12" bw="32" slack="1"/>
<pin id="1015" dir="0" index="13" bw="4" slack="1"/>
<pin id="1016" dir="1" index="14" bw="32" slack="0"/>
</pin_list>
<bind>
<opcode="mux(1196) " fcode="mux"/>
<opset="tmp_3/7 "/>
</bind>
</comp>

<comp id="1018" class="1004" name="add_ln90_1_fu_1018">
<pin_list>
<pin id="1019" dir="0" index="0" bw="32" slack="0"/>
<pin id="1020" dir="0" index="1" bw="32" slack="0"/>
<pin id="1021" dir="1" index="2" bw="32" slack="0"/>
</pin_list>
<bind>
<opcode="add(8) " fcode="add"/>
<opset="add_ln90_1/7 "/>
</bind>
</comp>

<comp id="1023" class="1004" name="add_ln90_fu_1023">
<pin_list>
<pin id="1024" dir="0" index="0" bw="32" slack="0"/>
<pin id="1025" dir="0" index="1" bw="32" slack="3"/>
<pin id="1026" dir="1" index="2" bw="32" slack="0"/>
</pin_list>
<bind>
<opcode="add(8) " fcode="add"/>
<opset="add_ln90/7 "/>
</bind>
</comp>

<comp id="1029" class="1007" name="grp_fu_1029">
<pin_list>
<pin id="1030" dir="0" index="0" bw="16" slack="0"/>
<pin id="1031" dir="0" index="1" bw="16" slack="0"/>
<pin id="1032" dir="1" index="2" bw="32" slack="0"/>
</pin_list>
<bind>
<opcode="mul(12) " fcode="mul"/>
<opset="mul_ln1494/1 "/>
</bind>
</comp>

<comp id="1035" class="1007" name="grp_fu_1035">
<pin_list>
<pin id="1036" dir="0" index="0" bw="16" slack="0"/>
<pin id="1037" dir="0" index="1" bw="16" slack="0"/>
<pin id="1038" dir="1" index="2" bw="32" slack="0"/>
</pin_list>
<bind>
<opcode="mul(12) " fcode="mul"/>
<opset="mul_ln1494_2/1 "/>
</bind>
</comp>

<comp id="1041" class="1007" name="grp_fu_1041">
<pin_list>
<pin id="1042" dir="0" index="0" bw="16" slack="0"/>
<pin id="1043" dir="0" index="1" bw="16" slack="0"/>
<pin id="1044" dir="1" index="2" bw="32" slack="0"/>
</pin_list>
<bind>
<opcode="mul(12) " fcode="mul"/>
<opset="mul_ln1494_3/1 "/>
</bind>
</comp>

<comp id="1047" class="1007" name="grp_fu_1047">
<pin_list>
<pin id="1048" dir="0" index="0" bw="16" slack="0"/>
<pin id="1049" dir="0" index="1" bw="16" slack="0"/>
<pin id="1050" dir="1" index="2" bw="32" slack="3"/>
</pin_list>
<bind>
<opcode="mul(12) " fcode="mul"/>
<opset="mul_ln1494_7/1 "/>
</bind>
</comp>

<comp id="1053" class="1007" name="grp_fu_1053">
<pin_list>
<pin id="1054" dir="0" index="0" bw="16" slack="0"/>
<pin id="1055" dir="0" index="1" bw="16" slack="0"/>
<pin id="1056" dir="0" index="2" bw="32" slack="0"/>
<pin id="1057" dir="1" index="3" bw="32" slack="0"/>
</pin_list>
<bind>
<opcode="muladd(1172) " fcode="muladd"/>
<opset="mul_ln1494_4/2 add_ln89_1/4 "/>
</bind>
</comp>

<comp id="1062" class="1007" name="grp_fu_1062">
<pin_list>
<pin id="1063" dir="0" index="0" bw="16" slack="0"/>
<pin id="1064" dir="0" index="1" bw="16" slack="0"/>
<pin id="1065" dir="0" index="2" bw="32" slack="0"/>
<pin id="1066" dir="1" index="3" bw="32" slack="1"/>
</pin_list>
<bind>
<opcode="muladd(1172) " fcode="muladd"/>
<opset="mul_ln1494_5/2 add_ln840/4 "/>
</bind>
</comp>

<comp id="1070" class="1007" name="grp_fu_1070">
<pin_list>
<pin id="1071" dir="0" index="0" bw="16" slack="0"/>
<pin id="1072" dir="0" index="1" bw="16" slack="0"/>
<pin id="1073" dir="0" index="2" bw="32" slack="0"/>
<pin id="1074" dir="1" index="3" bw="32" slack="0"/>
</pin_list>
<bind>
<opcode="muladd(1172) " fcode="muladd"/>
<opset="mul_ln1494_6/2 add_ln89_2/4 "/>
</bind>
</comp>

<comp id="1079" class="1007" name="grp_fu_1079">
<pin_list>
<pin id="1080" dir="0" index="0" bw="16" slack="0"/>
<pin id="1081" dir="0" index="1" bw="16" slack="0"/>
<pin id="1082" dir="0" index="2" bw="32" slack="2147483647"/>
<pin id="1083" dir="1" index="3" bw="32" slack="0"/>
</pin_list>
<bind>
<opcode="muladd(1172) " fcode="muladd"/>
<opset="mul_ln1494_1/4 add_ln840_1/6 "/>
</bind>
</comp>

<comp id="1088" class="1005" name="com_reg_1088">
<pin_list>
<pin id="1089" dir="0" index="0" bw="2" slack="0"/>
<pin id="1090" dir="1" index="1" bw="2" slack="0"/>
</pin_list>
<bind>
<opset="com "/>
</bind>
</comp>

<comp id="1095" class="1005" name="phase_read_reg_1095">
<pin_list>
<pin id="1096" dir="0" index="0" bw="1" slack="4"/>
<pin id="1097" dir="1" index="1" bw="1" slack="2147483647"/>
</pin_list>
<bind>
<opset="phase_read "/>
</bind>
</comp>

<comp id="1099" class="1005" name="i_cast_read_reg_1099">
<pin_list>
<pin id="1100" dir="0" index="0" bw="2" slack="4"/>
<pin id="1101" dir="1" index="1" bw="2" slack="4"/>
</pin_list>
<bind>
<opset="i_cast_read "/>
</bind>
</comp>

<comp id="1105" class="1005" name="REG_V_55_reload_read_reg_1105">
<pin_list>
<pin id="1106" dir="0" index="0" bw="16" slack="1"/>
<pin id="1107" dir="1" index="1" bw="16" slack="1"/>
</pin_list>
<bind>
<opset="REG_V_55_reload_read "/>
</bind>
</comp>

<comp id="1110" class="1005" name="REG_V_47_reload_read_reg_1110">
<pin_list>
<pin id="1111" dir="0" index="0" bw="16" slack="1"/>
<pin id="1112" dir="1" index="1" bw="16" slack="1"/>
</pin_list>
<bind>
<opset="REG_V_47_reload_read "/>
</bind>
</comp>

<comp id="1115" class="1005" name="REG_V_39_reload_read_reg_1115">
<pin_list>
<pin id="1116" dir="0" index="0" bw="16" slack="1"/>
<pin id="1117" dir="1" index="1" bw="16" slack="1"/>
</pin_list>
<bind>
<opset="REG_V_39_reload_read "/>
</bind>
</comp>

<comp id="1120" class="1005" name="REG_V_59_reload_read_reg_1120">
<pin_list>
<pin id="1121" dir="0" index="0" bw="16" slack="1"/>
<pin id="1122" dir="1" index="1" bw="16" slack="1"/>
</pin_list>
<bind>
<opset="REG_V_59_reload_read "/>
</bind>
</comp>

<comp id="1125" class="1005" name="REG_V_51_reload_read_reg_1125">
<pin_list>
<pin id="1126" dir="0" index="0" bw="16" slack="1"/>
<pin id="1127" dir="1" index="1" bw="16" slack="1"/>
</pin_list>
<bind>
<opset="REG_V_51_reload_read "/>
</bind>
</comp>

<comp id="1130" class="1005" name="REG_V_43_reload_read_reg_1130">
<pin_list>
<pin id="1131" dir="0" index="0" bw="16" slack="1"/>
<pin id="1132" dir="1" index="1" bw="16" slack="1"/>
</pin_list>
<bind>
<opset="REG_V_43_reload_read "/>
</bind>
</comp>

<comp id="1135" class="1005" name="REG_V_35_reload_read_reg_1135">
<pin_list>
<pin id="1136" dir="0" index="0" bw="16" slack="1"/>
<pin id="1137" dir="1" index="1" bw="16" slack="1"/>
</pin_list>
<bind>
<opset="REG_V_35_reload_read "/>
</bind>
</comp>

<comp id="1140" class="1005" name="REG_V_62_reload_read_reg_1140">
<pin_list>
<pin id="1141" dir="0" index="0" bw="16" slack="1"/>
<pin id="1142" dir="1" index="1" bw="16" slack="1"/>
</pin_list>
<bind>
<opset="REG_V_62_reload_read "/>
</bind>
</comp>

<comp id="1145" class="1005" name="REG_V_54_reload_read_reg_1145">
<pin_list>
<pin id="1146" dir="0" index="0" bw="16" slack="1"/>
<pin id="1147" dir="1" index="1" bw="16" slack="1"/>
</pin_list>
<bind>
<opset="REG_V_54_reload_read "/>
</bind>
</comp>

<comp id="1151" class="1005" name="REG_V_46_reload_read_reg_1151">
<pin_list>
<pin id="1152" dir="0" index="0" bw="16" slack="1"/>
<pin id="1153" dir="1" index="1" bw="16" slack="1"/>
</pin_list>
<bind>
<opset="REG_V_46_reload_read "/>
</bind>
</comp>

<comp id="1157" class="1005" name="REG_V_38_reload_read_reg_1157">
<pin_list>
<pin id="1158" dir="0" index="0" bw="16" slack="1"/>
<pin id="1159" dir="1" index="1" bw="16" slack="1"/>
</pin_list>
<bind>
<opset="REG_V_38_reload_read "/>
</bind>
</comp>

<comp id="1163" class="1005" name="REG_V_58_reload_read_reg_1163">
<pin_list>
<pin id="1164" dir="0" index="0" bw="16" slack="1"/>
<pin id="1165" dir="1" index="1" bw="16" slack="1"/>
</pin_list>
<bind>
<opset="REG_V_58_reload_read "/>
</bind>
</comp>

<comp id="1168" class="1005" name="REG_V_50_reload_read_reg_1168">
<pin_list>
<pin id="1169" dir="0" index="0" bw="16" slack="1"/>
<pin id="1170" dir="1" index="1" bw="16" slack="1"/>
</pin_list>
<bind>
<opset="REG_V_50_reload_read "/>
</bind>
</comp>

<comp id="1174" class="1005" name="REG_V_42_reload_read_reg_1174">
<pin_list>
<pin id="1175" dir="0" index="0" bw="16" slack="1"/>
<pin id="1176" dir="1" index="1" bw="16" slack="1"/>
</pin_list>
<bind>
<opset="REG_V_42_reload_read "/>
</bind>
</comp>

<comp id="1180" class="1005" name="REG_V_34_reload_read_reg_1180">
<pin_list>
<pin id="1181" dir="0" index="0" bw="16" slack="1"/>
<pin id="1182" dir="1" index="1" bw="16" slack="1"/>
</pin_list>
<bind>
<opset="REG_V_34_reload_read "/>
</bind>
</comp>

<comp id="1186" class="1005" name="REG_V_60_reload_read_reg_1186">
<pin_list>
<pin id="1187" dir="0" index="0" bw="16" slack="1"/>
<pin id="1188" dir="1" index="1" bw="16" slack="1"/>
</pin_list>
<bind>
<opset="REG_V_60_reload_read "/>
</bind>
</comp>

<comp id="1191" class="1005" name="REG_V_52_reload_read_reg_1191">
<pin_list>
<pin id="1192" dir="0" index="0" bw="16" slack="1"/>
<pin id="1193" dir="1" index="1" bw="16" slack="1"/>
</pin_list>
<bind>
<opset="REG_V_52_reload_read "/>
</bind>
</comp>

<comp id="1196" class="1005" name="REG_V_44_reload_read_reg_1196">
<pin_list>
<pin id="1197" dir="0" index="0" bw="16" slack="1"/>
<pin id="1198" dir="1" index="1" bw="16" slack="1"/>
</pin_list>
<bind>
<opset="REG_V_44_reload_read "/>
</bind>
</comp>

<comp id="1201" class="1005" name="REG_V_36_reload_read_reg_1201">
<pin_list>
<pin id="1202" dir="0" index="0" bw="16" slack="1"/>
<pin id="1203" dir="1" index="1" bw="16" slack="1"/>
</pin_list>
<bind>
<opset="REG_V_36_reload_read "/>
</bind>
</comp>

<comp id="1206" class="1005" name="indvars_iv1_read_reg_1206">
<pin_list>
<pin id="1207" dir="0" index="0" bw="2" slack="1"/>
<pin id="1208" dir="1" index="1" bw="2" slack="1"/>
</pin_list>
<bind>
<opset="indvars_iv1_read "/>
</bind>
</comp>

<comp id="1214" class="1005" name="REG_V_48_reload_read_reg_1214">
<pin_list>
<pin id="1215" dir="0" index="0" bw="16" slack="3"/>
<pin id="1216" dir="1" index="1" bw="16" slack="3"/>
</pin_list>
<bind>
<opset="REG_V_48_reload_read "/>
</bind>
</comp>

<comp id="1219" class="1005" name="REG_V_40_reload_read_reg_1219">
<pin_list>
<pin id="1220" dir="0" index="0" bw="16" slack="3"/>
<pin id="1221" dir="1" index="1" bw="16" slack="3"/>
</pin_list>
<bind>
<opset="REG_V_40_reload_read "/>
</bind>
</comp>

<comp id="1224" class="1005" name="REG_V_32_reload_read_reg_1224">
<pin_list>
<pin id="1225" dir="0" index="0" bw="16" slack="3"/>
<pin id="1226" dir="1" index="1" bw="16" slack="3"/>
</pin_list>
<bind>
<opset="REG_V_32_reload_read "/>
</bind>
</comp>

<comp id="1229" class="1005" name="zext_ln60_cast_reg_1229">
<pin_list>
<pin id="1230" dir="0" index="0" bw="4" slack="6"/>
<pin id="1231" dir="1" index="1" bw="4" slack="6"/>
</pin_list>
<bind>
<opset="zext_ln60_cast "/>
</bind>
</comp>

<comp id="1234" class="1005" name="com_1_reg_1234">
<pin_list>
<pin id="1235" dir="0" index="0" bw="2" slack="1"/>
<pin id="1236" dir="1" index="1" bw="2" slack="1"/>
</pin_list>
<bind>
<opset="com_1 "/>
</bind>
</comp>

<comp id="1245" class="1005" name="icmp_ln81_reg_1245">
<pin_list>
<pin id="1246" dir="0" index="0" bw="1" slack="1"/>
<pin id="1247" dir="1" index="1" bw="1" slack="2147483647"/>
</pin_list>
<bind>
<opset="icmp_ln81 "/>
</bind>
</comp>

<comp id="1249" class="1005" name="zext_ln186_reg_1249">
<pin_list>
<pin id="1250" dir="0" index="0" bw="32" slack="1"/>
<pin id="1251" dir="1" index="1" bw="32" slack="1"/>
</pin_list>
<bind>
<opset="zext_ln186 "/>
</bind>
</comp>

<comp id="1254" class="1005" name="zext_ln186_1_reg_1254">
<pin_list>
<pin id="1255" dir="0" index="0" bw="32" slack="1"/>
<pin id="1256" dir="1" index="1" bw="32" slack="1"/>
</pin_list>
<bind>
<opset="zext_ln186_1 "/>
</bind>
</comp>

<comp id="1259" class="1005" name="zext_ln186_4_reg_1259">
<pin_list>
<pin id="1260" dir="0" index="0" bw="32" slack="1"/>
<pin id="1261" dir="1" index="1" bw="32" slack="1"/>
</pin_list>
<bind>
<opset="zext_ln186_4 "/>
</bind>
</comp>

<comp id="1264" class="1005" name="zext_ln186_5_reg_1264">
<pin_list>
<pin id="1265" dir="0" index="0" bw="32" slack="1"/>
<pin id="1266" dir="1" index="1" bw="32" slack="1"/>
</pin_list>
<bind>
<opset="zext_ln186_5 "/>
</bind>
</comp>

<comp id="1269" class="1005" name="zext_ln186_6_reg_1269">
<pin_list>
<pin id="1270" dir="0" index="0" bw="32" slack="1"/>
<pin id="1271" dir="1" index="1" bw="32" slack="1"/>
</pin_list>
<bind>
<opset="zext_ln186_6 "/>
</bind>
</comp>

<comp id="1274" class="1005" name="zext_ln186_7_reg_1274">
<pin_list>
<pin id="1275" dir="0" index="0" bw="32" slack="1"/>
<pin id="1276" dir="1" index="1" bw="32" slack="1"/>
</pin_list>
<bind>
<opset="zext_ln186_7 "/>
</bind>
</comp>

<comp id="1279" class="1005" name="zext_ln186_14_reg_1279">
<pin_list>
<pin id="1280" dir="0" index="0" bw="32" slack="1"/>
<pin id="1281" dir="1" index="1" bw="32" slack="1"/>
</pin_list>
<bind>
<opset="zext_ln186_14 "/>
</bind>
</comp>

<comp id="1284" class="1005" name="zext_ln186_15_reg_1284">
<pin_list>
<pin id="1285" dir="0" index="0" bw="32" slack="1"/>
<pin id="1286" dir="1" index="1" bw="32" slack="1"/>
</pin_list>
<bind>
<opset="zext_ln186_15 "/>
</bind>
</comp>

<comp id="1289" class="1005" name="tmp_4_reg_1289">
<pin_list>
<pin id="1290" dir="0" index="0" bw="16" slack="2"/>
<pin id="1291" dir="1" index="1" bw="16" slack="2"/>
</pin_list>
<bind>
<opset="tmp_4 "/>
</bind>
</comp>

<comp id="1294" class="1005" name="zext_ln186_8_reg_1294">
<pin_list>
<pin id="1295" dir="0" index="0" bw="32" slack="1"/>
<pin id="1296" dir="1" index="1" bw="32" slack="1"/>
</pin_list>
<bind>
<opset="zext_ln186_8 "/>
</bind>
</comp>

<comp id="1299" class="1005" name="zext_ln186_9_reg_1299">
<pin_list>
<pin id="1300" dir="0" index="0" bw="32" slack="1"/>
<pin id="1301" dir="1" index="1" bw="32" slack="1"/>
</pin_list>
<bind>
<opset="zext_ln186_9 "/>
</bind>
</comp>

<comp id="1304" class="1005" name="zext_ln186_10_reg_1304">
<pin_list>
<pin id="1305" dir="0" index="0" bw="32" slack="1"/>
<pin id="1306" dir="1" index="1" bw="32" slack="1"/>
</pin_list>
<bind>
<opset="zext_ln186_10 "/>
</bind>
</comp>

<comp id="1309" class="1005" name="zext_ln186_11_reg_1309">
<pin_list>
<pin id="1310" dir="0" index="0" bw="32" slack="1"/>
<pin id="1311" dir="1" index="1" bw="32" slack="1"/>
</pin_list>
<bind>
<opset="zext_ln186_11 "/>
</bind>
</comp>

<comp id="1314" class="1005" name="zext_ln186_12_reg_1314">
<pin_list>
<pin id="1315" dir="0" index="0" bw="32" slack="1"/>
<pin id="1316" dir="1" index="1" bw="32" slack="1"/>
</pin_list>
<bind>
<opset="zext_ln186_12 "/>
</bind>
</comp>

<comp id="1319" class="1005" name="zext_ln186_13_reg_1319">
<pin_list>
<pin id="1320" dir="0" index="0" bw="32" slack="1"/>
<pin id="1321" dir="1" index="1" bw="32" slack="1"/>
</pin_list>
<bind>
<opset="zext_ln186_13 "/>
</bind>
</comp>

<comp id="1324" class="1005" name="mul_ln1494_reg_1324">
<pin_list>
<pin id="1325" dir="0" index="0" bw="32" slack="1"/>
<pin id="1326" dir="1" index="1" bw="32" slack="1"/>
</pin_list>
<bind>
<opset="mul_ln1494 "/>
</bind>
</comp>

<comp id="1329" class="1005" name="zext_ln186_2_reg_1329">
<pin_list>
<pin id="1330" dir="0" index="0" bw="32" slack="1"/>
<pin id="1331" dir="1" index="1" bw="32" slack="1"/>
</pin_list>
<bind>
<opset="zext_ln186_2 "/>
</bind>
</comp>

<comp id="1334" class="1005" name="zext_ln186_3_reg_1334">
<pin_list>
<pin id="1335" dir="0" index="0" bw="32" slack="1"/>
<pin id="1336" dir="1" index="1" bw="32" slack="1"/>
</pin_list>
<bind>
<opset="zext_ln186_3 "/>
</bind>
</comp>

<comp id="1339" class="1005" name="mul_ln1494_2_reg_1339">
<pin_list>
<pin id="1340" dir="0" index="0" bw="32" slack="1"/>
<pin id="1341" dir="1" index="1" bw="32" slack="1"/>
</pin_list>
<bind>
<opset="mul_ln1494_2 "/>
</bind>
</comp>

<comp id="1344" class="1005" name="mul_ln1494_3_reg_1344">
<pin_list>
<pin id="1345" dir="0" index="0" bw="32" slack="1"/>
<pin id="1346" dir="1" index="1" bw="32" slack="1"/>
</pin_list>
<bind>
<opset="mul_ln1494_3 "/>
</bind>
</comp>

<comp id="1349" class="1005" name="mul_ln1494_7_reg_1349">
<pin_list>
<pin id="1350" dir="0" index="0" bw="32" slack="3"/>
<pin id="1351" dir="1" index="1" bw="32" slack="3"/>
</pin_list>
<bind>
<opset="mul_ln1494_7 "/>
</bind>
</comp>

<comp id="1355" class="1005" name="add_ln89_3_reg_1355">
<pin_list>
<pin id="1356" dir="0" index="0" bw="32" slack="1"/>
<pin id="1357" dir="1" index="1" bw="32" slack="1"/>
</pin_list>
<bind>
<opset="add_ln89_3 "/>
</bind>
</comp>

<comp id="1360" class="1005" name="add_ln840_reg_1360">
<pin_list>
<pin id="1361" dir="0" index="0" bw="32" slack="1"/>
<pin id="1362" dir="1" index="1" bw="32" slack="1"/>
</pin_list>
<bind>
<opset="add_ln840 "/>
</bind>
</comp>

<comp id="1365" class="1005" name="add_ln1_reg_1365">
<pin_list>
<pin id="1366" dir="0" index="0" bw="4" slack="1"/>
<pin id="1367" dir="1" index="1" bw="4" slack="1"/>
</pin_list>
<bind>
<opset="add_ln1 "/>
</bind>
</comp>

<comp id="1371" class="1005" name="add_ln93_1_reg_1371">
<pin_list>
<pin id="1372" dir="0" index="0" bw="4" slack="1"/>
<pin id="1373" dir="1" index="1" bw="4" slack="1"/>
</pin_list>
<bind>
<opset="add_ln93_1 "/>
</bind>
</comp>

<comp id="1376" class="1005" name="compute_ap_int_ap_int_bool_stream_stream_ap_uint_32_0_REG1_9_load_reg_1376">
<pin_list>
<pin id="1377" dir="0" index="0" bw="32" slack="1"/>
<pin id="1378" dir="1" index="1" bw="32" slack="1"/>
</pin_list>
<bind>
<opset="compute_ap_int_ap_int_bool_stream_stream_ap_uint_32_0_REG1_9_load "/>
</bind>
</comp>

<comp id="1381" class="1005" name="compute_ap_int_ap_int_bool_stream_stream_ap_uint_32_0_REG1_8_load_reg_1381">
<pin_list>
<pin id="1382" dir="0" index="0" bw="32" slack="1"/>
<pin id="1383" dir="1" index="1" bw="32" slack="1"/>
</pin_list>
<bind>
<opset="compute_ap_int_ap_int_bool_stream_stream_ap_uint_32_0_REG1_8_load "/>
</bind>
</comp>

<comp id="1386" class="1005" name="compute_ap_int_ap_int_bool_stream_stream_ap_uint_32_0_REG1_7_load_reg_1386">
<pin_list>
<pin id="1387" dir="0" index="0" bw="32" slack="1"/>
<pin id="1388" dir="1" index="1" bw="32" slack="1"/>
</pin_list>
<bind>
<opset="compute_ap_int_ap_int_bool_stream_stream_ap_uint_32_0_REG1_7_load "/>
</bind>
</comp>

<comp id="1391" class="1005" name="compute_ap_int_ap_int_bool_stream_stream_ap_uint_32_0_REG1_6_load_reg_1391">
<pin_list>
<pin id="1392" dir="0" index="0" bw="32" slack="1"/>
<pin id="1393" dir="1" index="1" bw="32" slack="1"/>
</pin_list>
<bind>
<opset="compute_ap_int_ap_int_bool_stream_stream_ap_uint_32_0_REG1_6_load "/>
</bind>
</comp>

<comp id="1396" class="1005" name="compute_ap_int_ap_int_bool_stream_stream_ap_uint_32_0_REG1_5_load_reg_1396">
<pin_list>
<pin id="1397" dir="0" index="0" bw="32" slack="1"/>
<pin id="1398" dir="1" index="1" bw="32" slack="1"/>
</pin_list>
<bind>
<opset="compute_ap_int_ap_int_bool_stream_stream_ap_uint_32_0_REG1_5_load "/>
</bind>
</comp>

<comp id="1401" class="1005" name="compute_ap_int_ap_int_bool_stream_stream_ap_uint_32_0_REG1_4_load_reg_1401">
<pin_list>
<pin id="1402" dir="0" index="0" bw="32" slack="1"/>
<pin id="1403" dir="1" index="1" bw="32" slack="1"/>
</pin_list>
<bind>
<opset="compute_ap_int_ap_int_bool_stream_stream_ap_uint_32_0_REG1_4_load "/>
</bind>
</comp>

<comp id="1406" class="1005" name="compute_ap_int_ap_int_bool_stream_stream_ap_uint_32_0_REG1_3_load_reg_1406">
<pin_list>
<pin id="1407" dir="0" index="0" bw="32" slack="1"/>
<pin id="1408" dir="1" index="1" bw="32" slack="1"/>
</pin_list>
<bind>
<opset="compute_ap_int_ap_int_bool_stream_stream_ap_uint_32_0_REG1_3_load "/>
</bind>
</comp>

<comp id="1411" class="1005" name="compute_ap_int_ap_int_bool_stream_stream_ap_uint_32_0_REG1_2_load_reg_1411">
<pin_list>
<pin id="1412" dir="0" index="0" bw="32" slack="1"/>
<pin id="1413" dir="1" index="1" bw="32" slack="1"/>
</pin_list>
<bind>
<opset="compute_ap_int_ap_int_bool_stream_stream_ap_uint_32_0_REG1_2_load "/>
</bind>
</comp>

<comp id="1416" class="1005" name="compute_ap_int_ap_int_bool_stream_stream_ap_uint_32_0_REG1_1_load_reg_1416">
<pin_list>
<pin id="1417" dir="0" index="0" bw="32" slack="1"/>
<pin id="1418" dir="1" index="1" bw="32" slack="1"/>
</pin_list>
<bind>
<opset="compute_ap_int_ap_int_bool_stream_stream_ap_uint_32_0_REG1_1_load "/>
</bind>
</comp>

<comp id="1421" class="1005" name="compute_ap_int_ap_int_bool_stream_stream_ap_uint_32_0_REG1_load_reg_1421">
<pin_list>
<pin id="1422" dir="0" index="0" bw="32" slack="1"/>
<pin id="1423" dir="1" index="1" bw="32" slack="1"/>
</pin_list>
<bind>
<opset="compute_ap_int_ap_int_bool_stream_stream_ap_uint_32_0_REG1_load "/>
</bind>
</comp>

<comp id="1426" class="1005" name="compute_ap_int_64_ap_int_32_bool_hls_stream_ap_uint_32_0_hls_stream_ap_uint_32_0_REG_s_reg_1426">
<pin_list>
<pin id="1427" dir="0" index="0" bw="32" slack="1"/>
<pin id="1428" dir="1" index="1" bw="32" slack="1"/>
</pin_list>
<bind>
<opset="compute_ap_int_64_ap_int_32_bool_hls_stream_ap_uint_32_0_hls_stream_ap_uint_32_0_REG_s "/>
</bind>
</comp>

<comp id="1431" class="1005" name="compute_ap_int_64_ap_int_32_bool_hls_stream_ap_uint_32_0_hls_stream_ap_uint_32_0_REG_s_18_reg_1431">
<pin_list>
<pin id="1432" dir="0" index="0" bw="32" slack="1"/>
<pin id="1433" dir="1" index="1" bw="32" slack="1"/>
</pin_list>
<bind>
<opset="compute_ap_int_64_ap_int_32_bool_hls_stream_ap_uint_32_0_hls_stream_ap_uint_32_0_REG_s_18 "/>
</bind>
</comp>

</comp_list>

<net_list>
<net id="185"><net_src comp="106" pin="0"/><net_sink comp="182" pin=0"/></net>

<net id="190"><net_src comp="108" pin="0"/><net_sink comp="186" pin=0"/></net>

<net id="191"><net_src comp="74" pin="0"/><net_sink comp="186" pin=1"/></net>

<net id="196"><net_src comp="110" pin="0"/><net_sink comp="192" pin=0"/></net>

<net id="197"><net_src comp="72" pin="0"/><net_sink comp="192" pin=1"/></net>

<net id="202"><net_src comp="112" pin="0"/><net_sink comp="198" pin=0"/></net>

<net id="203"><net_src comp="70" pin="0"/><net_sink comp="198" pin=1"/></net>

<net id="208"><net_src comp="114" pin="0"/><net_sink comp="204" pin=0"/></net>

<net id="209"><net_src comp="68" pin="0"/><net_sink comp="204" pin=1"/></net>

<net id="214"><net_src comp="114" pin="0"/><net_sink comp="210" pin=0"/></net>

<net id="215"><net_src comp="66" pin="0"/><net_sink comp="210" pin=1"/></net>

<net id="220"><net_src comp="114" pin="0"/><net_sink comp="216" pin=0"/></net>

<net id="221"><net_src comp="64" pin="0"/><net_sink comp="216" pin=1"/></net>

<net id="226"><net_src comp="114" pin="0"/><net_sink comp="222" pin=0"/></net>

<net id="227"><net_src comp="62" pin="0"/><net_sink comp="222" pin=1"/></net>

<net id="232"><net_src comp="114" pin="0"/><net_sink comp="228" pin=0"/></net>

<net id="233"><net_src comp="60" pin="0"/><net_sink comp="228" pin=1"/></net>

<net id="238"><net_src comp="114" pin="0"/><net_sink comp="234" pin=0"/></net>

<net id="239"><net_src comp="58" pin="0"/><net_sink comp="234" pin=1"/></net>

<net id="244"><net_src comp="114" pin="0"/><net_sink comp="240" pin=0"/></net>

<net id="245"><net_src comp="56" pin="0"/><net_sink comp="240" pin=1"/></net>

<net id="250"><net_src comp="114" pin="0"/><net_sink comp="246" pin=0"/></net>

<net id="251"><net_src comp="54" pin="0"/><net_sink comp="246" pin=1"/></net>

<net id="256"><net_src comp="114" pin="0"/><net_sink comp="252" pin=0"/></net>

<net id="257"><net_src comp="52" pin="0"/><net_sink comp="252" pin=1"/></net>

<net id="262"><net_src comp="114" pin="0"/><net_sink comp="258" pin=0"/></net>

<net id="263"><net_src comp="50" pin="0"/><net_sink comp="258" pin=1"/></net>

<net id="268"><net_src comp="114" pin="0"/><net_sink comp="264" pin=0"/></net>

<net id="269"><net_src comp="48" pin="0"/><net_sink comp="264" pin=1"/></net>

<net id="274"><net_src comp="114" pin="0"/><net_sink comp="270" pin=0"/></net>

<net id="275"><net_src comp="46" pin="0"/><net_sink comp="270" pin=1"/></net>

<net id="280"><net_src comp="114" pin="0"/><net_sink comp="276" pin=0"/></net>

<net id="281"><net_src comp="44" pin="0"/><net_sink comp="276" pin=1"/></net>

<net id="286"><net_src comp="114" pin="0"/><net_sink comp="282" pin=0"/></net>

<net id="287"><net_src comp="42" pin="0"/><net_sink comp="282" pin=1"/></net>

<net id="292"><net_src comp="114" pin="0"/><net_sink comp="288" pin=0"/></net>

<net id="293"><net_src comp="40" pin="0"/><net_sink comp="288" pin=1"/></net>

<net id="298"><net_src comp="114" pin="0"/><net_sink comp="294" pin=0"/></net>

<net id="299"><net_src comp="38" pin="0"/><net_sink comp="294" pin=1"/></net>

<net id="304"><net_src comp="114" pin="0"/><net_sink comp="300" pin=0"/></net>

<net id="305"><net_src comp="36" pin="0"/><net_sink comp="300" pin=1"/></net>

<net id="310"><net_src comp="114" pin="0"/><net_sink comp="306" pin=0"/></net>

<net id="311"><net_src comp="34" pin="0"/><net_sink comp="306" pin=1"/></net>

<net id="316"><net_src comp="114" pin="0"/><net_sink comp="312" pin=0"/></net>

<net id="317"><net_src comp="32" pin="0"/><net_sink comp="312" pin=1"/></net>

<net id="322"><net_src comp="114" pin="0"/><net_sink comp="318" pin=0"/></net>

<net id="323"><net_src comp="30" pin="0"/><net_sink comp="318" pin=1"/></net>

<net id="328"><net_src comp="114" pin="0"/><net_sink comp="324" pin=0"/></net>

<net id="329"><net_src comp="28" pin="0"/><net_sink comp="324" pin=1"/></net>

<net id="334"><net_src comp="114" pin="0"/><net_sink comp="330" pin=0"/></net>

<net id="335"><net_src comp="26" pin="0"/><net_sink comp="330" pin=1"/></net>

<net id="340"><net_src comp="114" pin="0"/><net_sink comp="336" pin=0"/></net>

<net id="341"><net_src comp="24" pin="0"/><net_sink comp="336" pin=1"/></net>

<net id="346"><net_src comp="114" pin="0"/><net_sink comp="342" pin=0"/></net>

<net id="347"><net_src comp="22" pin="0"/><net_sink comp="342" pin=1"/></net>

<net id="352"><net_src comp="114" pin="0"/><net_sink comp="348" pin=0"/></net>

<net id="353"><net_src comp="20" pin="0"/><net_sink comp="348" pin=1"/></net>

<net id="358"><net_src comp="114" pin="0"/><net_sink comp="354" pin=0"/></net>

<net id="359"><net_src comp="18" pin="0"/><net_sink comp="354" pin=1"/></net>

<net id="364"><net_src comp="114" pin="0"/><net_sink comp="360" pin=0"/></net>

<net id="365"><net_src comp="16" pin="0"/><net_sink comp="360" pin=1"/></net>

<net id="370"><net_src comp="114" pin="0"/><net_sink comp="366" pin=0"/></net>

<net id="371"><net_src comp="14" pin="0"/><net_sink comp="366" pin=1"/></net>

<net id="376"><net_src comp="112" pin="0"/><net_sink comp="372" pin=0"/></net>

<net id="377"><net_src comp="12" pin="0"/><net_sink comp="372" pin=1"/></net>

<net id="382"><net_src comp="114" pin="0"/><net_sink comp="378" pin=0"/></net>

<net id="383"><net_src comp="10" pin="0"/><net_sink comp="378" pin=1"/></net>

<net id="388"><net_src comp="114" pin="0"/><net_sink comp="384" pin=0"/></net>

<net id="389"><net_src comp="8" pin="0"/><net_sink comp="384" pin=1"/></net>

<net id="394"><net_src comp="114" pin="0"/><net_sink comp="390" pin=0"/></net>

<net id="395"><net_src comp="6" pin="0"/><net_sink comp="390" pin=1"/></net>

<net id="400"><net_src comp="114" pin="0"/><net_sink comp="396" pin=0"/></net>

<net id="401"><net_src comp="4" pin="0"/><net_sink comp="396" pin=1"/></net>

<net id="406"><net_src comp="110" pin="0"/><net_sink comp="402" pin=0"/></net>

<net id="407"><net_src comp="0" pin="0"/><net_sink comp="402" pin=1"/></net>

<net id="413"><net_src comp="2" pin="0"/><net_sink comp="408" pin=0"/></net>

<net id="414"><net_src comp="134" pin="0"/><net_sink comp="408" pin=1"/></net>

<net id="420"><net_src comp="408" pin="3"/><net_sink comp="415" pin=0"/></net>

<net id="426"><net_src comp="2" pin="0"/><net_sink comp="421" pin=0"/></net>

<net id="427"><net_src comp="134" pin="0"/><net_sink comp="421" pin=1"/></net>

<net id="428"><net_src comp="421" pin="3"/><net_sink comp="415" pin=0"/></net>

<net id="432"><net_src comp="192" pin="2"/><net_sink comp="429" pin=0"/></net>

<net id="437"><net_src comp="126" pin="0"/><net_sink comp="433" pin=0"/></net>

<net id="444"><net_src comp="438" pin="1"/><net_sink comp="441" pin=0"/></net>

<net id="449"><net_src comp="441" pin="1"/><net_sink comp="445" pin=0"/></net>

<net id="450"><net_src comp="402" pin="2"/><net_sink comp="445" pin=1"/></net>

<net id="455"><net_src comp="438" pin="1"/><net_sink comp="451" pin=0"/></net>

<net id="456"><net_src comp="138" pin="0"/><net_sink comp="451" pin=1"/></net>

<net id="465"><net_src comp="140" pin="0"/><net_sink comp="457" pin=0"/></net>

<net id="466"><net_src comp="396" pin="2"/><net_sink comp="457" pin=1"/></net>

<net id="467"><net_src comp="390" pin="2"/><net_sink comp="457" pin=2"/></net>

<net id="468"><net_src comp="384" pin="2"/><net_sink comp="457" pin=3"/></net>

<net id="469"><net_src comp="378" pin="2"/><net_sink comp="457" pin=4"/></net>

<net id="470"><net_src comp="372" pin="2"/><net_sink comp="457" pin=5"/></net>

<net id="474"><net_src comp="457" pin="6"/><net_sink comp="471" pin=0"/></net>

<net id="482"><net_src comp="142" pin="0"/><net_sink comp="475" pin=0"/></net>

<net id="483"><net_src comp="366" pin="2"/><net_sink comp="475" pin=1"/></net>

<net id="484"><net_src comp="360" pin="2"/><net_sink comp="475" pin=2"/></net>

<net id="485"><net_src comp="354" pin="2"/><net_sink comp="475" pin=3"/></net>

<net id="486"><net_src comp="438" pin="1"/><net_sink comp="475" pin=4"/></net>

<net id="490"><net_src comp="475" pin="5"/><net_sink comp="487" pin=0"/></net>

<net id="499"><net_src comp="140" pin="0"/><net_sink comp="491" pin=0"/></net>

<net id="500"><net_src comp="342" pin="2"/><net_sink comp="491" pin=1"/></net>

<net id="501"><net_src comp="336" pin="2"/><net_sink comp="491" pin=2"/></net>

<net id="502"><net_src comp="330" pin="2"/><net_sink comp="491" pin=3"/></net>

<net id="503"><net_src comp="324" pin="2"/><net_sink comp="491" pin=4"/></net>

<net id="504"><net_src comp="372" pin="2"/><net_sink comp="491" pin=5"/></net>

<net id="508"><net_src comp="491" pin="6"/><net_sink comp="505" pin=0"/></net>

<net id="516"><net_src comp="142" pin="0"/><net_sink comp="509" pin=0"/></net>

<net id="517"><net_src comp="318" pin="2"/><net_sink comp="509" pin=1"/></net>

<net id="518"><net_src comp="312" pin="2"/><net_sink comp="509" pin=2"/></net>

<net id="519"><net_src comp="306" pin="2"/><net_sink comp="509" pin=3"/></net>

<net id="520"><net_src comp="438" pin="1"/><net_sink comp="509" pin=4"/></net>

<net id="524"><net_src comp="509" pin="5"/><net_sink comp="521" pin=0"/></net>

<net id="532"><net_src comp="142" pin="0"/><net_sink comp="525" pin=0"/></net>

<net id="533"><net_src comp="342" pin="2"/><net_sink comp="525" pin=1"/></net>

<net id="534"><net_src comp="336" pin="2"/><net_sink comp="525" pin=2"/></net>

<net id="535"><net_src comp="330" pin="2"/><net_sink comp="525" pin=3"/></net>

<net id="536"><net_src comp="438" pin="1"/><net_sink comp="525" pin=4"/></net>

<net id="540"><net_src comp="525" pin="5"/><net_sink comp="537" pin=0"/></net>

<net id="549"><net_src comp="140" pin="0"/><net_sink comp="541" pin=0"/></net>

<net id="550"><net_src comp="318" pin="2"/><net_sink comp="541" pin=1"/></net>

<net id="551"><net_src comp="312" pin="2"/><net_sink comp="541" pin=2"/></net>

<net id="552"><net_src comp="306" pin="2"/><net_sink comp="541" pin=3"/></net>

<net id="553"><net_src comp="300" pin="2"/><net_sink comp="541" pin=4"/></net>

<net id="554"><net_src comp="372" pin="2"/><net_sink comp="541" pin=5"/></net>

<net id="558"><net_src comp="541" pin="6"/><net_sink comp="555" pin=0"/></net>

<net id="566"><net_src comp="142" pin="0"/><net_sink comp="559" pin=0"/></net>

<net id="567"><net_src comp="246" pin="2"/><net_sink comp="559" pin=1"/></net>

<net id="568"><net_src comp="240" pin="2"/><net_sink comp="559" pin=2"/></net>

<net id="569"><net_src comp="234" pin="2"/><net_sink comp="559" pin=3"/></net>

<net id="570"><net_src comp="438" pin="1"/><net_sink comp="559" pin=4"/></net>

<net id="574"><net_src comp="559" pin="5"/><net_sink comp="571" pin=0"/></net>

<net id="583"><net_src comp="140" pin="0"/><net_sink comp="575" pin=0"/></net>

<net id="584"><net_src comp="222" pin="2"/><net_sink comp="575" pin=1"/></net>

<net id="585"><net_src comp="216" pin="2"/><net_sink comp="575" pin=2"/></net>

<net id="586"><net_src comp="210" pin="2"/><net_sink comp="575" pin=3"/></net>

<net id="587"><net_src comp="204" pin="2"/><net_sink comp="575" pin=4"/></net>

<net id="588"><net_src comp="372" pin="2"/><net_sink comp="575" pin=5"/></net>

<net id="592"><net_src comp="575" pin="6"/><net_sink comp="589" pin=0"/></net>

<net id="597"><net_src comp="451" pin="2"/><net_sink comp="593" pin=0"/></net>

<net id="606"><net_src comp="140" pin="0"/><net_sink comp="598" pin=0"/></net>

<net id="615"><net_src comp="140" pin="0"/><net_sink comp="607" pin=0"/></net>

<net id="619"><net_src comp="607" pin="6"/><net_sink comp="616" pin=0"/></net>

<net id="627"><net_src comp="142" pin="0"/><net_sink comp="620" pin=0"/></net>

<net id="631"><net_src comp="620" pin="5"/><net_sink comp="628" pin=0"/></net>

<net id="639"><net_src comp="142" pin="0"/><net_sink comp="632" pin=0"/></net>

<net id="643"><net_src comp="632" pin="5"/><net_sink comp="640" pin=0"/></net>

<net id="652"><net_src comp="140" pin="0"/><net_sink comp="644" pin=0"/></net>

<net id="656"><net_src comp="644" pin="6"/><net_sink comp="653" pin=0"/></net>

<net id="665"><net_src comp="140" pin="0"/><net_sink comp="657" pin=0"/></net>

<net id="669"><net_src comp="657" pin="6"/><net_sink comp="666" pin=0"/></net>

<net id="677"><net_src comp="142" pin="0"/><net_sink comp="670" pin=0"/></net>

<net id="681"><net_src comp="670" pin="5"/><net_sink comp="678" pin=0"/></net>

<net id="689"><net_src comp="142" pin="0"/><net_sink comp="682" pin=0"/></net>

<net id="693"><net_src comp="682" pin="5"/><net_sink comp="690" pin=0"/></net>

<net id="706"><net_src comp="144" pin="0"/><net_sink comp="701" pin=0"/></net>

<net id="711"><net_src comp="697" pin="2"/><net_sink comp="707" pin=0"/></net>

<net id="712"><net_src comp="102" pin="0"/><net_sink comp="707" pin=1"/></net>

<net id="717"><net_src comp="697" pin="2"/><net_sink comp="713" pin=0"/></net>

<net id="718"><net_src comp="100" pin="0"/><net_sink comp="713" pin=1"/></net>

<net id="723"><net_src comp="697" pin="2"/><net_sink comp="719" pin=0"/></net>

<net id="724"><net_src comp="98" pin="0"/><net_sink comp="719" pin=1"/></net>

<net id="729"><net_src comp="697" pin="2"/><net_sink comp="725" pin=0"/></net>

<net id="730"><net_src comp="96" pin="0"/><net_sink comp="725" pin=1"/></net>

<net id="735"><net_src comp="697" pin="2"/><net_sink comp="731" pin=0"/></net>

<net id="736"><net_src comp="94" pin="0"/><net_sink comp="731" pin=1"/></net>

<net id="741"><net_src comp="697" pin="2"/><net_sink comp="737" pin=0"/></net>

<net id="742"><net_src comp="92" pin="0"/><net_sink comp="737" pin=1"/></net>

<net id="747"><net_src comp="697" pin="2"/><net_sink comp="743" pin=0"/></net>

<net id="748"><net_src comp="90" pin="0"/><net_sink comp="743" pin=1"/></net>

<net id="753"><net_src comp="697" pin="2"/><net_sink comp="749" pin=0"/></net>

<net id="754"><net_src comp="88" pin="0"/><net_sink comp="749" pin=1"/></net>

<net id="759"><net_src comp="697" pin="2"/><net_sink comp="755" pin=0"/></net>

<net id="760"><net_src comp="86" pin="0"/><net_sink comp="755" pin=1"/></net>

<net id="765"><net_src comp="697" pin="2"/><net_sink comp="761" pin=0"/></net>

<net id="766"><net_src comp="84" pin="0"/><net_sink comp="761" pin=1"/></net>

<net id="771"><net_src comp="697" pin="2"/><net_sink comp="767" pin=0"/></net>

<net id="772"><net_src comp="82" pin="0"/><net_sink comp="767" pin=1"/></net>

<net id="777"><net_src comp="697" pin="2"/><net_sink comp="773" pin=0"/></net>

<net id="778"><net_src comp="80" pin="0"/><net_sink comp="773" pin=1"/></net>

<net id="783"><net_src comp="697" pin="2"/><net_sink comp="779" pin=0"/></net>

<net id="784"><net_src comp="78" pin="0"/><net_sink comp="779" pin=1"/></net>

<net id="789"><net_src comp="697" pin="2"/><net_sink comp="785" pin=0"/></net>

<net id="790"><net_src comp="76" pin="0"/><net_sink comp="785" pin=1"/></net>

<net id="795"><net_src comp="697" pin="2"/><net_sink comp="791" pin=0"/></net>

<net id="796"><net_src comp="104" pin="0"/><net_sink comp="791" pin=1"/></net>

<net id="800"><net_src comp="797" pin="1"/><net_sink comp="408" pin=2"/></net>

<net id="806"><net_src comp="144" pin="0"/><net_sink comp="801" pin=0"/></net>

<net id="810"><net_src comp="76" pin="0"/><net_sink comp="807" pin=0"/></net>

<net id="814"><net_src comp="78" pin="0"/><net_sink comp="811" pin=0"/></net>

<net id="818"><net_src comp="80" pin="0"/><net_sink comp="815" pin=0"/></net>

<net id="822"><net_src comp="82" pin="0"/><net_sink comp="819" pin=0"/></net>

<net id="826"><net_src comp="84" pin="0"/><net_sink comp="823" pin=0"/></net>

<net id="830"><net_src comp="86" pin="0"/><net_sink comp="827" pin=0"/></net>

<net id="834"><net_src comp="88" pin="0"/><net_sink comp="831" pin=0"/></net>

<net id="838"><net_src comp="90" pin="0"/><net_sink comp="835" pin=0"/></net>

<net id="842"><net_src comp="92" pin="0"/><net_sink comp="839" pin=0"/></net>

<net id="846"><net_src comp="94" pin="0"/><net_sink comp="843" pin=0"/></net>

<net id="850"><net_src comp="96" pin="0"/><net_sink comp="847" pin=0"/></net>

<net id="854"><net_src comp="98" pin="0"/><net_sink comp="851" pin=0"/></net>

<net id="858"><net_src comp="100" pin="0"/><net_sink comp="855" pin=0"/></net>

<net id="862"><net_src comp="102" pin="0"/><net_sink comp="859" pin=0"/></net>

<net id="866"><net_src comp="104" pin="0"/><net_sink comp="863" pin=0"/></net>

<net id="886"><net_src comp="174" pin="0"/><net_sink comp="867" pin=0"/></net>

<net id="887"><net_src comp="807" pin="1"/><net_sink comp="867" pin=1"/></net>

<net id="888"><net_src comp="811" pin="1"/><net_sink comp="867" pin=2"/></net>

<net id="889"><net_src comp="815" pin="1"/><net_sink comp="867" pin=3"/></net>

<net id="890"><net_src comp="819" pin="1"/><net_sink comp="867" pin=4"/></net>

<net id="891"><net_src comp="823" pin="1"/><net_sink comp="867" pin=5"/></net>

<net id="892"><net_src comp="827" pin="1"/><net_sink comp="867" pin=6"/></net>

<net id="893"><net_src comp="831" pin="1"/><net_sink comp="867" pin=7"/></net>

<net id="894"><net_src comp="835" pin="1"/><net_sink comp="867" pin=8"/></net>

<net id="895"><net_src comp="839" pin="1"/><net_sink comp="867" pin=9"/></net>

<net id="896"><net_src comp="843" pin="1"/><net_sink comp="867" pin=10"/></net>

<net id="897"><net_src comp="847" pin="1"/><net_sink comp="867" pin=11"/></net>

<net id="898"><net_src comp="851" pin="1"/><net_sink comp="867" pin=12"/></net>

<net id="899"><net_src comp="855" pin="1"/><net_sink comp="867" pin=13"/></net>

<net id="900"><net_src comp="859" pin="1"/><net_sink comp="867" pin=14"/></net>

<net id="901"><net_src comp="863" pin="1"/><net_sink comp="867" pin=15"/></net>

<net id="906"><net_src comp="867" pin="17"/><net_sink comp="902" pin=0"/></net>

<net id="907"><net_src comp="902" pin="2"/><net_sink comp="415" pin=1"/></net>

<net id="913"><net_src comp="144" pin="0"/><net_sink comp="908" pin=0"/></net>

<net id="914"><net_src comp="126" pin="0"/><net_sink comp="908" pin=2"/></net>

<net id="919"><net_src comp="908" pin="3"/><net_sink comp="915" pin=0"/></net>

<net id="923"><net_src comp="915" pin="2"/><net_sink comp="920" pin=0"/></net>

<net id="924"><net_src comp="920" pin="1"/><net_sink comp="421" pin=2"/></net>

<net id="933"><net_src comp="925" pin="2"/><net_sink comp="929" pin=0"/></net>

<net id="934"><net_src comp="96" pin="0"/><net_sink comp="929" pin=1"/></net>

<net id="939"><net_src comp="925" pin="2"/><net_sink comp="935" pin=0"/></net>

<net id="940"><net_src comp="94" pin="0"/><net_sink comp="935" pin=1"/></net>

<net id="945"><net_src comp="925" pin="2"/><net_sink comp="941" pin=0"/></net>

<net id="946"><net_src comp="92" pin="0"/><net_sink comp="941" pin=1"/></net>

<net id="951"><net_src comp="925" pin="2"/><net_sink comp="947" pin=0"/></net>

<net id="952"><net_src comp="90" pin="0"/><net_sink comp="947" pin=1"/></net>

<net id="957"><net_src comp="925" pin="2"/><net_sink comp="953" pin=0"/></net>

<net id="958"><net_src comp="88" pin="0"/><net_sink comp="953" pin=1"/></net>

<net id="963"><net_src comp="925" pin="2"/><net_sink comp="959" pin=0"/></net>

<net id="964"><net_src comp="86" pin="0"/><net_sink comp="959" pin=1"/></net>

<net id="969"><net_src comp="925" pin="2"/><net_sink comp="965" pin=0"/></net>

<net id="970"><net_src comp="84" pin="0"/><net_sink comp="965" pin=1"/></net>

<net id="975"><net_src comp="925" pin="2"/><net_sink comp="971" pin=0"/></net>

<net id="976"><net_src comp="82" pin="0"/><net_sink comp="971" pin=1"/></net>

<net id="981"><net_src comp="925" pin="2"/><net_sink comp="977" pin=0"/></net>

<net id="982"><net_src comp="80" pin="0"/><net_sink comp="977" pin=1"/></net>

<net id="987"><net_src comp="925" pin="2"/><net_sink comp="983" pin=0"/></net>

<net id="988"><net_src comp="78" pin="0"/><net_sink comp="983" pin=1"/></net>

<net id="993"><net_src comp="925" pin="2"/><net_sink comp="989" pin=0"/></net>

<net id="994"><net_src comp="76" pin="0"/><net_sink comp="989" pin=1"/></net>

<net id="999"><net_src comp="925" pin="2"/><net_sink comp="995" pin=0"/></net>

<net id="1000"><net_src comp="98" pin="0"/><net_sink comp="995" pin=1"/></net>

<net id="1017"><net_src comp="180" pin="0"/><net_sink comp="1001" pin=0"/></net>

<net id="1022"><net_src comp="1001" pin="14"/><net_sink comp="1018" pin=1"/></net>

<net id="1027"><net_src comp="1018" pin="2"/><net_sink comp="1023" pin=0"/></net>

<net id="1028"><net_src comp="1023" pin="2"/><net_sink comp="415" pin=1"/></net>

<net id="1033"><net_src comp="487" pin="1"/><net_sink comp="1029" pin=0"/></net>

<net id="1034"><net_src comp="471" pin="1"/><net_sink comp="1029" pin=1"/></net>

<net id="1039"><net_src comp="521" pin="1"/><net_sink comp="1035" pin=0"/></net>

<net id="1040"><net_src comp="505" pin="1"/><net_sink comp="1035" pin=1"/></net>

<net id="1045"><net_src comp="555" pin="1"/><net_sink comp="1041" pin=0"/></net>

<net id="1046"><net_src comp="537" pin="1"/><net_sink comp="1041" pin=1"/></net>

<net id="1051"><net_src comp="589" pin="1"/><net_sink comp="1047" pin=0"/></net>

<net id="1052"><net_src comp="571" pin="1"/><net_sink comp="1047" pin=1"/></net>

<net id="1058"><net_src comp="628" pin="1"/><net_sink comp="1053" pin=0"/></net>

<net id="1059"><net_src comp="616" pin="1"/><net_sink comp="1053" pin=1"/></net>

<net id="1060"><net_src comp="1029" pin="2"/><net_sink comp="1053" pin=2"/></net>

<net id="1061"><net_src comp="1053" pin="3"/><net_sink comp="697" pin=1"/></net>

<net id="1067"><net_src comp="653" pin="1"/><net_sink comp="1062" pin=0"/></net>

<net id="1068"><net_src comp="640" pin="1"/><net_sink comp="1062" pin=1"/></net>

<net id="1069"><net_src comp="1041" pin="2"/><net_sink comp="1062" pin=2"/></net>

<net id="1075"><net_src comp="678" pin="1"/><net_sink comp="1070" pin=0"/></net>

<net id="1076"><net_src comp="666" pin="1"/><net_sink comp="1070" pin=1"/></net>

<net id="1077"><net_src comp="1035" pin="2"/><net_sink comp="1070" pin=2"/></net>

<net id="1078"><net_src comp="1070" pin="3"/><net_sink comp="697" pin=0"/></net>

<net id="1084"><net_src comp="694" pin="1"/><net_sink comp="1079" pin=0"/></net>

<net id="1085"><net_src comp="690" pin="1"/><net_sink comp="1079" pin=1"/></net>

<net id="1086"><net_src comp="1079" pin="3"/><net_sink comp="925" pin=1"/></net>

<net id="1087"><net_src comp="1079" pin="3"/><net_sink comp="1018" pin=0"/></net>

<net id="1091"><net_src comp="182" pin="1"/><net_sink comp="1088" pin=0"/></net>

<net id="1092"><net_src comp="1088" pin="1"/><net_sink comp="433" pin=1"/></net>

<net id="1093"><net_src comp="1088" pin="1"/><net_sink comp="438" pin=0"/></net>

<net id="1094"><net_src comp="1088" pin="1"/><net_sink comp="593" pin=1"/></net>

<net id="1098"><net_src comp="186" pin="2"/><net_sink comp="1095" pin=0"/></net>

<net id="1102"><net_src comp="198" pin="2"/><net_sink comp="1099" pin=0"/></net>

<net id="1103"><net_src comp="1099" pin="1"/><net_sink comp="701" pin=1"/></net>

<net id="1104"><net_src comp="1099" pin="1"/><net_sink comp="801" pin=2"/></net>

<net id="1108"><net_src comp="210" pin="2"/><net_sink comp="1105" pin=0"/></net>

<net id="1109"><net_src comp="1105" pin="1"/><net_sink comp="670" pin=3"/></net>

<net id="1113"><net_src comp="216" pin="2"/><net_sink comp="1110" pin=0"/></net>

<net id="1114"><net_src comp="1110" pin="1"/><net_sink comp="670" pin=2"/></net>

<net id="1118"><net_src comp="222" pin="2"/><net_sink comp="1115" pin=0"/></net>

<net id="1119"><net_src comp="1115" pin="1"/><net_sink comp="670" pin=1"/></net>

<net id="1123"><net_src comp="228" pin="2"/><net_sink comp="1120" pin=0"/></net>

<net id="1124"><net_src comp="1120" pin="1"/><net_sink comp="657" pin=4"/></net>

<net id="1128"><net_src comp="234" pin="2"/><net_sink comp="1125" pin=0"/></net>

<net id="1129"><net_src comp="1125" pin="1"/><net_sink comp="657" pin=3"/></net>

<net id="1133"><net_src comp="240" pin="2"/><net_sink comp="1130" pin=0"/></net>

<net id="1134"><net_src comp="1130" pin="1"/><net_sink comp="657" pin=2"/></net>

<net id="1138"><net_src comp="246" pin="2"/><net_sink comp="1135" pin=0"/></net>

<net id="1139"><net_src comp="1135" pin="1"/><net_sink comp="657" pin=1"/></net>

<net id="1143"><net_src comp="252" pin="2"/><net_sink comp="1140" pin=0"/></net>

<net id="1144"><net_src comp="1140" pin="1"/><net_sink comp="644" pin=4"/></net>

<net id="1148"><net_src comp="258" pin="2"/><net_sink comp="1145" pin=0"/></net>

<net id="1149"><net_src comp="1145" pin="1"/><net_sink comp="620" pin=3"/></net>

<net id="1150"><net_src comp="1145" pin="1"/><net_sink comp="644" pin=3"/></net>

<net id="1154"><net_src comp="264" pin="2"/><net_sink comp="1151" pin=0"/></net>

<net id="1155"><net_src comp="1151" pin="1"/><net_sink comp="620" pin=2"/></net>

<net id="1156"><net_src comp="1151" pin="1"/><net_sink comp="644" pin=2"/></net>

<net id="1160"><net_src comp="270" pin="2"/><net_sink comp="1157" pin=0"/></net>

<net id="1161"><net_src comp="1157" pin="1"/><net_sink comp="620" pin=1"/></net>

<net id="1162"><net_src comp="1157" pin="1"/><net_sink comp="644" pin=1"/></net>

<net id="1166"><net_src comp="276" pin="2"/><net_sink comp="1163" pin=0"/></net>

<net id="1167"><net_src comp="1163" pin="1"/><net_sink comp="607" pin=4"/></net>

<net id="1171"><net_src comp="282" pin="2"/><net_sink comp="1168" pin=0"/></net>

<net id="1172"><net_src comp="1168" pin="1"/><net_sink comp="607" pin=3"/></net>

<net id="1173"><net_src comp="1168" pin="1"/><net_sink comp="632" pin=3"/></net>

<net id="1177"><net_src comp="288" pin="2"/><net_sink comp="1174" pin=0"/></net>

<net id="1178"><net_src comp="1174" pin="1"/><net_sink comp="607" pin=2"/></net>

<net id="1179"><net_src comp="1174" pin="1"/><net_sink comp="632" pin=2"/></net>

<net id="1183"><net_src comp="294" pin="2"/><net_sink comp="1180" pin=0"/></net>

<net id="1184"><net_src comp="1180" pin="1"/><net_sink comp="607" pin=1"/></net>

<net id="1185"><net_src comp="1180" pin="1"/><net_sink comp="632" pin=1"/></net>

<net id="1189"><net_src comp="348" pin="2"/><net_sink comp="1186" pin=0"/></net>

<net id="1190"><net_src comp="1186" pin="1"/><net_sink comp="598" pin=4"/></net>

<net id="1194"><net_src comp="354" pin="2"/><net_sink comp="1191" pin=0"/></net>

<net id="1195"><net_src comp="1191" pin="1"/><net_sink comp="598" pin=3"/></net>

<net id="1199"><net_src comp="360" pin="2"/><net_sink comp="1196" pin=0"/></net>

<net id="1200"><net_src comp="1196" pin="1"/><net_sink comp="598" pin=2"/></net>

<net id="1204"><net_src comp="366" pin="2"/><net_sink comp="1201" pin=0"/></net>

<net id="1205"><net_src comp="1201" pin="1"/><net_sink comp="598" pin=1"/></net>

<net id="1209"><net_src comp="372" pin="2"/><net_sink comp="1206" pin=0"/></net>

<net id="1210"><net_src comp="1206" pin="1"/><net_sink comp="598" pin=5"/></net>

<net id="1211"><net_src comp="1206" pin="1"/><net_sink comp="607" pin=5"/></net>

<net id="1212"><net_src comp="1206" pin="1"/><net_sink comp="644" pin=5"/></net>

<net id="1213"><net_src comp="1206" pin="1"/><net_sink comp="657" pin=5"/></net>

<net id="1217"><net_src comp="384" pin="2"/><net_sink comp="1214" pin=0"/></net>

<net id="1218"><net_src comp="1214" pin="1"/><net_sink comp="682" pin=3"/></net>

<net id="1222"><net_src comp="390" pin="2"/><net_sink comp="1219" pin=0"/></net>

<net id="1223"><net_src comp="1219" pin="1"/><net_sink comp="682" pin=2"/></net>

<net id="1227"><net_src comp="396" pin="2"/><net_sink comp="1224" pin=0"/></net>

<net id="1228"><net_src comp="1224" pin="1"/><net_sink comp="682" pin=1"/></net>

<net id="1232"><net_src comp="429" pin="1"/><net_sink comp="1229" pin=0"/></net>

<net id="1233"><net_src comp="1229" pin="1"/><net_sink comp="915" pin=1"/></net>

<net id="1237"><net_src comp="438" pin="1"/><net_sink comp="1234" pin=0"/></net>

<net id="1238"><net_src comp="1234" pin="1"/><net_sink comp="620" pin=4"/></net>

<net id="1239"><net_src comp="1234" pin="1"/><net_sink comp="632" pin=4"/></net>

<net id="1240"><net_src comp="1234" pin="1"/><net_sink comp="670" pin=4"/></net>

<net id="1241"><net_src comp="1234" pin="1"/><net_sink comp="682" pin=4"/></net>

<net id="1242"><net_src comp="1234" pin="1"/><net_sink comp="701" pin=2"/></net>

<net id="1243"><net_src comp="1234" pin="1"/><net_sink comp="801" pin=1"/></net>

<net id="1244"><net_src comp="1234" pin="1"/><net_sink comp="908" pin=1"/></net>

<net id="1248"><net_src comp="445" pin="2"/><net_sink comp="1245" pin=0"/></net>

<net id="1252"><net_src comp="471" pin="1"/><net_sink comp="1249" pin=0"/></net>

<net id="1253"><net_src comp="1249" pin="1"/><net_sink comp="1029" pin=1"/></net>

<net id="1257"><net_src comp="487" pin="1"/><net_sink comp="1254" pin=0"/></net>

<net id="1258"><net_src comp="1254" pin="1"/><net_sink comp="1029" pin=0"/></net>

<net id="1262"><net_src comp="505" pin="1"/><net_sink comp="1259" pin=0"/></net>

<net id="1263"><net_src comp="1259" pin="1"/><net_sink comp="1035" pin=1"/></net>

<net id="1267"><net_src comp="521" pin="1"/><net_sink comp="1264" pin=0"/></net>

<net id="1268"><net_src comp="1264" pin="1"/><net_sink comp="1035" pin=0"/></net>

<net id="1272"><net_src comp="537" pin="1"/><net_sink comp="1269" pin=0"/></net>

<net id="1273"><net_src comp="1269" pin="1"/><net_sink comp="1041" pin=1"/></net>

<net id="1277"><net_src comp="555" pin="1"/><net_sink comp="1274" pin=0"/></net>

<net id="1278"><net_src comp="1274" pin="1"/><net_sink comp="1041" pin=0"/></net>

<net id="1282"><net_src comp="571" pin="1"/><net_sink comp="1279" pin=0"/></net>

<net id="1283"><net_src comp="1279" pin="1"/><net_sink comp="1047" pin=1"/></net>

<net id="1287"><net_src comp="589" pin="1"/><net_sink comp="1284" pin=0"/></net>

<net id="1288"><net_src comp="1284" pin="1"/><net_sink comp="1047" pin=0"/></net>

<net id="1292"><net_src comp="598" pin="6"/><net_sink comp="1289" pin=0"/></net>

<net id="1293"><net_src comp="1289" pin="1"/><net_sink comp="694" pin=0"/></net>

<net id="1297"><net_src comp="616" pin="1"/><net_sink comp="1294" pin=0"/></net>

<net id="1298"><net_src comp="1294" pin="1"/><net_sink comp="1053" pin=1"/></net>

<net id="1302"><net_src comp="628" pin="1"/><net_sink comp="1299" pin=0"/></net>

<net id="1303"><net_src comp="1299" pin="1"/><net_sink comp="1053" pin=0"/></net>

<net id="1307"><net_src comp="640" pin="1"/><net_sink comp="1304" pin=0"/></net>

<net id="1308"><net_src comp="1304" pin="1"/><net_sink comp="1062" pin=1"/></net>

<net id="1312"><net_src comp="653" pin="1"/><net_sink comp="1309" pin=0"/></net>

<net id="1313"><net_src comp="1309" pin="1"/><net_sink comp="1062" pin=0"/></net>

<net id="1317"><net_src comp="666" pin="1"/><net_sink comp="1314" pin=0"/></net>

<net id="1318"><net_src comp="1314" pin="1"/><net_sink comp="1070" pin=1"/></net>

<net id="1322"><net_src comp="678" pin="1"/><net_sink comp="1319" pin=0"/></net>

<net id="1323"><net_src comp="1319" pin="1"/><net_sink comp="1070" pin=0"/></net>

<net id="1327"><net_src comp="1029" pin="2"/><net_sink comp="1324" pin=0"/></net>

<net id="1328"><net_src comp="1324" pin="1"/><net_sink comp="1053" pin=0"/></net>

<net id="1332"><net_src comp="690" pin="1"/><net_sink comp="1329" pin=0"/></net>

<net id="1333"><net_src comp="1329" pin="1"/><net_sink comp="1079" pin=1"/></net>

<net id="1337"><net_src comp="694" pin="1"/><net_sink comp="1334" pin=0"/></net>

<net id="1338"><net_src comp="1334" pin="1"/><net_sink comp="1079" pin=0"/></net>

<net id="1342"><net_src comp="1035" pin="2"/><net_sink comp="1339" pin=0"/></net>

<net id="1343"><net_src comp="1339" pin="1"/><net_sink comp="1070" pin=0"/></net>

<net id="1347"><net_src comp="1041" pin="2"/><net_sink comp="1344" pin=0"/></net>

<net id="1348"><net_src comp="1344" pin="1"/><net_sink comp="1062" pin=0"/></net>

<net id="1352"><net_src comp="1047" pin="2"/><net_sink comp="1349" pin=0"/></net>

<net id="1353"><net_src comp="1349" pin="1"/><net_sink comp="925" pin=0"/></net>

<net id="1354"><net_src comp="1349" pin="1"/><net_sink comp="1023" pin=1"/></net>

<net id="1358"><net_src comp="697" pin="2"/><net_sink comp="1355" pin=0"/></net>

<net id="1359"><net_src comp="1355" pin="1"/><net_sink comp="902" pin=1"/></net>

<net id="1363"><net_src comp="1062" pin="3"/><net_sink comp="1360" pin=0"/></net>

<net id="1364"><net_src comp="1360" pin="1"/><net_sink comp="1079" pin=0"/></net>

<net id="1368"><net_src comp="701" pin="3"/><net_sink comp="1365" pin=0"/></net>

<net id="1369"><net_src comp="1365" pin="1"/><net_sink comp="797" pin=0"/></net>

<net id="1370"><net_src comp="1365" pin="1"/><net_sink comp="867" pin=16"/></net>

<net id="1374"><net_src comp="801" pin="3"/><net_sink comp="1371" pin=0"/></net>

<net id="1375"><net_src comp="1371" pin="1"/><net_sink comp="1001" pin=13"/></net>

<net id="1379"><net_src comp="807" pin="1"/><net_sink comp="1376" pin=0"/></net>

<net id="1380"><net_src comp="1376" pin="1"/><net_sink comp="1001" pin=1"/></net>

<net id="1384"><net_src comp="811" pin="1"/><net_sink comp="1381" pin=0"/></net>

<net id="1385"><net_src comp="1381" pin="1"/><net_sink comp="1001" pin=2"/></net>

<net id="1389"><net_src comp="815" pin="1"/><net_sink comp="1386" pin=0"/></net>

<net id="1390"><net_src comp="1386" pin="1"/><net_sink comp="1001" pin=3"/></net>

<net id="1394"><net_src comp="819" pin="1"/><net_sink comp="1391" pin=0"/></net>

<net id="1395"><net_src comp="1391" pin="1"/><net_sink comp="1001" pin=4"/></net>

<net id="1399"><net_src comp="823" pin="1"/><net_sink comp="1396" pin=0"/></net>

<net id="1400"><net_src comp="1396" pin="1"/><net_sink comp="1001" pin=5"/></net>

<net id="1404"><net_src comp="827" pin="1"/><net_sink comp="1401" pin=0"/></net>

<net id="1405"><net_src comp="1401" pin="1"/><net_sink comp="1001" pin=6"/></net>

<net id="1409"><net_src comp="831" pin="1"/><net_sink comp="1406" pin=0"/></net>

<net id="1410"><net_src comp="1406" pin="1"/><net_sink comp="1001" pin=7"/></net>

<net id="1414"><net_src comp="835" pin="1"/><net_sink comp="1411" pin=0"/></net>

<net id="1415"><net_src comp="1411" pin="1"/><net_sink comp="1001" pin=8"/></net>

<net id="1419"><net_src comp="839" pin="1"/><net_sink comp="1416" pin=0"/></net>

<net id="1420"><net_src comp="1416" pin="1"/><net_sink comp="1001" pin=9"/></net>

<net id="1424"><net_src comp="843" pin="1"/><net_sink comp="1421" pin=0"/></net>

<net id="1425"><net_src comp="1421" pin="1"/><net_sink comp="1001" pin=10"/></net>

<net id="1429"><net_src comp="847" pin="1"/><net_sink comp="1426" pin=0"/></net>

<net id="1430"><net_src comp="1426" pin="1"/><net_sink comp="1001" pin=11"/></net>

<net id="1434"><net_src comp="851" pin="1"/><net_sink comp="1431" pin=0"/></net>

<net id="1435"><net_src comp="1431" pin="1"/><net_sink comp="1001" pin=12"/></net>

</net_list>

</model> 
---------------- Datapath Model END ------------------

* FSMD analyzer results:
  - Output states:
	Port: buffer_2 | {6 7 }
	Port: compute_ap_int_ap_int_bool_stream_stream_ap_uint_32_0_REG1_9 | {5 7 }
	Port: compute_ap_int_ap_int_bool_stream_stream_ap_uint_32_0_REG1_8 | {5 7 }
	Port: compute_ap_int_ap_int_bool_stream_stream_ap_uint_32_0_REG1_7 | {5 7 }
	Port: compute_ap_int_ap_int_bool_stream_stream_ap_uint_32_0_REG1_6 | {5 7 }
	Port: compute_ap_int_ap_int_bool_stream_stream_ap_uint_32_0_REG1_5 | {5 7 }
	Port: compute_ap_int_ap_int_bool_stream_stream_ap_uint_32_0_REG1_4 | {5 7 }
	Port: compute_ap_int_ap_int_bool_stream_stream_ap_uint_32_0_REG1_3 | {5 7 }
	Port: compute_ap_int_ap_int_bool_stream_stream_ap_uint_32_0_REG1_2 | {5 7 }
	Port: compute_ap_int_ap_int_bool_stream_stream_ap_uint_32_0_REG1_1 | {5 7 }
	Port: compute_ap_int_ap_int_bool_stream_stream_ap_uint_32_0_REG1 | {5 7 }
	Port: compute_ap_int_64_ap_int_32_bool_hls_stream_ap_uint_32_0_hls_stream_ap_uint_32_0_REG_s | {5 7 }
	Port: compute_ap_int_64_ap_int_32_bool_hls_stream_ap_uint_32_0_hls_stream_ap_uint_32_0_REG_s_0 | {5 7 }
	Port: compute_ap_int_64_ap_int_32_bool_hls_stream_ap_uint_32_0_hls_stream_ap_uint_32_0_REG_s_1 | {5 }
	Port: compute_ap_int_64_ap_int_32_bool_hls_stream_ap_uint_32_0_hls_stream_ap_uint_32_0_REG_s_2 | {5 }
	Port: compute_ap_int_64_ap_int_32_bool_hls_stream_ap_uint_32_0_hls_stream_ap_uint_32_0_REG_s_3 | {5 }
 - Input state : 
	Port: compute_Pipeline_VITIS_LOOP_81_3 : i | {1 }
	Port: compute_Pipeline_VITIS_LOOP_81_3 : buffer_2 | {}
	Port: compute_Pipeline_VITIS_LOOP_81_3 : REG_V_32_reload | {1 }
	Port: compute_Pipeline_VITIS_LOOP_81_3 : REG_V_40_reload | {1 }
	Port: compute_Pipeline_VITIS_LOOP_81_3 : REG_V_48_reload | {1 }
	Port: compute_Pipeline_VITIS_LOOP_81_3 : REG_V_56_reload | {1 }
	Port: compute_Pipeline_VITIS_LOOP_81_3 : indvars_iv1 | {1 }
	Port: compute_Pipeline_VITIS_LOOP_81_3 : REG_V_36_reload | {1 }
	Port: compute_Pipeline_VITIS_LOOP_81_3 : REG_V_44_reload | {1 }
	Port: compute_Pipeline_VITIS_LOOP_81_3 : REG_V_52_reload | {1 }
	Port: compute_Pipeline_VITIS_LOOP_81_3 : REG_V_60_reload | {1 }
	Port: compute_Pipeline_VITIS_LOOP_81_3 : REG_V_33_reload | {1 }
	Port: compute_Pipeline_VITIS_LOOP_81_3 : REG_V_41_reload | {1 }
	Port: compute_Pipeline_VITIS_LOOP_81_3 : REG_V_49_reload | {1 }
	Port: compute_Pipeline_VITIS_LOOP_81_3 : REG_V_57_reload | {1 }
	Port: compute_Pipeline_VITIS_LOOP_81_3 : REG_V_37_reload | {1 }
	Port: compute_Pipeline_VITIS_LOOP_81_3 : REG_V_45_reload | {1 }
	Port: compute_Pipeline_VITIS_LOOP_81_3 : REG_V_53_reload | {1 }
	Port: compute_Pipeline_VITIS_LOOP_81_3 : REG_V_61_reload | {1 }
	Port: compute_Pipeline_VITIS_LOOP_81_3 : REG_V_34_reload | {1 }
	Port: compute_Pipeline_VITIS_LOOP_81_3 : REG_V_42_reload | {1 }
	Port: compute_Pipeline_VITIS_LOOP_81_3 : REG_V_50_reload | {1 }
	Port: compute_Pipeline_VITIS_LOOP_81_3 : REG_V_58_reload | {1 }
	Port: compute_Pipeline_VITIS_LOOP_81_3 : REG_V_38_reload | {1 }
	Port: compute_Pipeline_VITIS_LOOP_81_3 : REG_V_46_reload | {1 }
	Port: compute_Pipeline_VITIS_LOOP_81_3 : REG_V_54_reload | {1 }
	Port: compute_Pipeline_VITIS_LOOP_81_3 : REG_V_62_reload | {1 }
	Port: compute_Pipeline_VITIS_LOOP_81_3 : REG_V_35_reload | {1 }
	Port: compute_Pipeline_VITIS_LOOP_81_3 : REG_V_43_reload | {1 }
	Port: compute_Pipeline_VITIS_LOOP_81_3 : REG_V_51_reload | {1 }
	Port: compute_Pipeline_VITIS_LOOP_81_3 : REG_V_59_reload | {1 }
	Port: compute_Pipeline_VITIS_LOOP_81_3 : REG_V_39_reload | {1 }
	Port: compute_Pipeline_VITIS_LOOP_81_3 : REG_V_47_reload | {1 }
	Port: compute_Pipeline_VITIS_LOOP_81_3 : REG_V_55_reload | {1 }
	Port: compute_Pipeline_VITIS_LOOP_81_3 : REG_V_63_reload | {1 }
	Port: compute_Pipeline_VITIS_LOOP_81_3 : i_cast | {1 }
	Port: compute_Pipeline_VITIS_LOOP_81_3 : zext_ln60 | {1 }
	Port: compute_Pipeline_VITIS_LOOP_81_3 : phase | {1 }
	Port: compute_Pipeline_VITIS_LOOP_81_3 : compute_ap_int_ap_int_bool_stream_stream_ap_uint_32_0_REG1_9 | {6 }
	Port: compute_Pipeline_VITIS_LOOP_81_3 : compute_ap_int_ap_int_bool_stream_stream_ap_uint_32_0_REG1_8 | {6 }
	Port: compute_Pipeline_VITIS_LOOP_81_3 : compute_ap_int_ap_int_bool_stream_stream_ap_uint_32_0_REG1_7 | {6 }
	Port: compute_Pipeline_VITIS_LOOP_81_3 : compute_ap_int_ap_int_bool_stream_stream_ap_uint_32_0_REG1_6 | {6 }
	Port: compute_Pipeline_VITIS_LOOP_81_3 : compute_ap_int_ap_int_bool_stream_stream_ap_uint_32_0_REG1_5 | {6 }
	Port: compute_Pipeline_VITIS_LOOP_81_3 : compute_ap_int_ap_int_bool_stream_stream_ap_uint_32_0_REG1_4 | {6 }
	Port: compute_Pipeline_VITIS_LOOP_81_3 : compute_ap_int_ap_int_bool_stream_stream_ap_uint_32_0_REG1_3 | {6 }
	Port: compute_Pipeline_VITIS_LOOP_81_3 : compute_ap_int_ap_int_bool_stream_stream_ap_uint_32_0_REG1_2 | {6 }
	Port: compute_Pipeline_VITIS_LOOP_81_3 : compute_ap_int_ap_int_bool_stream_stream_ap_uint_32_0_REG1_1 | {6 }
	Port: compute_Pipeline_VITIS_LOOP_81_3 : compute_ap_int_ap_int_bool_stream_stream_ap_uint_32_0_REG1 | {6 }
	Port: compute_Pipeline_VITIS_LOOP_81_3 : compute_ap_int_64_ap_int_32_bool_hls_stream_ap_uint_32_0_hls_stream_ap_uint_32_0_REG_s | {6 }
	Port: compute_Pipeline_VITIS_LOOP_81_3 : compute_ap_int_64_ap_int_32_bool_hls_stream_ap_uint_32_0_hls_stream_ap_uint_32_0_REG_s_0 | {6 }
	Port: compute_Pipeline_VITIS_LOOP_81_3 : compute_ap_int_64_ap_int_32_bool_hls_stream_ap_uint_32_0_hls_stream_ap_uint_32_0_REG_s_1 | {6 }
	Port: compute_Pipeline_VITIS_LOOP_81_3 : compute_ap_int_64_ap_int_32_bool_hls_stream_ap_uint_32_0_hls_stream_ap_uint_32_0_REG_s_2 | {6 }
	Port: compute_Pipeline_VITIS_LOOP_81_3 : compute_ap_int_64_ap_int_32_bool_hls_stream_ap_uint_32_0_hls_stream_ap_uint_32_0_REG_s_3 | {6 }
  - Chain level:
	State 1
		store_ln0 : 1
		com_1 : 1
		com_cast : 2
		icmp_ln81 : 3
		add_ln81 : 2
		br_ln81 : 4
		zext_ln186 : 1
		tmp_1 : 2
		zext_ln186_1 : 3
		mul_ln1494 : 4
		zext_ln186_4 : 1
		tmp_1_1 : 2
		zext_ln186_5 : 3
		mul_ln1494_2 : 4
		tmp_2_1 : 2
		zext_ln186_6 : 3
		zext_ln186_7 : 1
		mul_ln1494_3 : 4
		tmp_2_3 : 2
		zext_ln186_14 : 3
		zext_ln186_15 : 1
		mul_ln1494_7 : 4
		store_ln81 : 3
	State 2
		zext_ln186_8 : 1
		zext_ln186_9 : 1
		mul_ln1494_4 : 2
		zext_ln186_10 : 1
		zext_ln186_11 : 1
		mul_ln1494_5 : 2
		zext_ln186_12 : 1
		zext_ln186_13 : 1
		mul_ln1494_6 : 2
	State 3
	State 4
		zext_ln186_2 : 1
		mul_ln1494_1 : 2
		add_ln89_1 : 1
		add_ln89_2 : 1
		add_ln840 : 1
	State 5
		add_ln89_3 : 1
		switch_ln92 : 1
		store_ln92 : 2
		store_ln92 : 2
		store_ln92 : 2
		store_ln92 : 2
		store_ln92 : 2
		store_ln92 : 2
		store_ln92 : 2
		store_ln92 : 2
		store_ln92 : 2
		store_ln92 : 2
		store_ln92 : 2
		store_ln92 : 2
		store_ln92 : 2
		store_ln92 : 2
		store_ln92 : 2
	State 6
		add_ln840_1 : 1
		tmp_s : 1
		add_ln89 : 2
		buffer_2_addr : 1
		store_ln89 : 3
	State 7
		add_ln93 : 1
		zext_ln92 : 2
		add_ln186 : 1
		store_ln93 : 2
		store_ln93 : 2
		store_ln93 : 2
		store_ln93 : 2
		store_ln93 : 2
		store_ln93 : 2
		store_ln93 : 2
		store_ln93 : 2
		store_ln93 : 2
		store_ln93 : 2
		store_ln93 : 2
		store_ln93 : 2
		add_ln90_1 : 1
		add_ln90 : 2
		buffer_2_addr_1 : 3
		store_ln90 : 4


============================================================
+ Verbose Summary: Datapath Resource usage 
============================================================

* Functional unit list:
|----------|----------------------------------|---------|---------|---------|
| Operation|          Functional Unit         |   DSP   |    FF   |   LUT   |
|----------|----------------------------------|---------|---------|---------|
|          |           tmp_7_fu_457           |    0    |    0    |    20   |
|          |           tmp_1_fu_475           |    0    |    0    |    14   |
|          |          tmp_7_1_fu_491          |    0    |    0    |    20   |
|          |          tmp_1_1_fu_509          |    0    |    0    |    14   |
|          |          tmp_2_1_fu_525          |    0    |    0    |    14   |
|          |          tmp_11_1_fu_541         |    0    |    0    |    20   |
|          |          tmp_2_3_fu_559          |    0    |    0    |    14   |
|          |          tmp_11_3_fu_575         |    0    |    0    |    20   |
|    mux   |           tmp_4_fu_598           |    0    |    0    |    20   |
|          |          tmp_7_2_fu_607          |    0    |    0    |    20   |
|          |          tmp_1_2_fu_620          |    0    |    0    |    14   |
|          |          tmp_2_2_fu_632          |    0    |    0    |    14   |
|          |          tmp_11_2_fu_644         |    0    |    0    |    20   |
|          |          tmp_7_3_fu_657          |    0    |    0    |    20   |
|          |          tmp_1_3_fu_670          |    0    |    0    |    14   |
|          |           tmp_2_fu_682           |    0    |    0    |    14   |
|          |           tmp_s_fu_867           |    0    |    0    |    65   |
|          |           tmp_3_fu_1001          |    0    |    0    |    65   |
|----------|----------------------------------|---------|---------|---------|
|          |          add_ln81_fu_451         |    0    |    0    |    9    |
|          |         add_ln89_3_fu_697        |    0    |    0    |    39   |
|          |          add_ln89_fu_902         |    0    |    0    |    39   |
|    add   |          add_ln93_fu_915         |    0    |    0    |    12   |
|          |         add_ln186_fu_925         |    0    |    0    |    39   |
|          |        add_ln90_1_fu_1018        |    0    |    0    |    32   |
|          |         add_ln90_fu_1023         |    0    |    0    |    32   |
|----------|----------------------------------|---------|---------|---------|
|   icmp   |         icmp_ln81_fu_445         |    0    |    0    |    8    |
|----------|----------------------------------|---------|---------|---------|
|          |            grp_fu_1029           |    1    |    0    |    0    |
|    mul   |            grp_fu_1035           |    1    |    0    |    0    |
|          |            grp_fu_1041           |    1    |    0    |    0    |
|          |            grp_fu_1047           |    1    |    0    |    0    |
|----------|----------------------------------|---------|---------|---------|
|          |            grp_fu_1053           |    1    |    0    |    0    |
|  muladd  |            grp_fu_1062           |    1    |    0    |    0    |
|          |            grp_fu_1070           |    1    |    0    |    0    |
|          |            grp_fu_1079           |    1    |    0    |    0    |
|----------|----------------------------------|---------|---------|---------|
|          |      phase_read_read_fu_186      |    0    |    0    |    0    |
|          |    zext_ln60_read_read_fu_192    |    0    |    0    |    0    |
|          |      i_cast_read_read_fu_198     |    0    |    0    |    0    |
|          | REG_V_63_reload_read_read_fu_204 |    0    |    0    |    0    |
|          | REG_V_55_reload_read_read_fu_210 |    0    |    0    |    0    |
|          | REG_V_47_reload_read_read_fu_216 |    0    |    0    |    0    |
|          | REG_V_39_reload_read_read_fu_222 |    0    |    0    |    0    |
|          | REG_V_59_reload_read_read_fu_228 |    0    |    0    |    0    |
|          | REG_V_51_reload_read_read_fu_234 |    0    |    0    |    0    |
|          | REG_V_43_reload_read_read_fu_240 |    0    |    0    |    0    |
|          | REG_V_35_reload_read_read_fu_246 |    0    |    0    |    0    |
|          | REG_V_62_reload_read_read_fu_252 |    0    |    0    |    0    |
|          | REG_V_54_reload_read_read_fu_258 |    0    |    0    |    0    |
|          | REG_V_46_reload_read_read_fu_264 |    0    |    0    |    0    |
|          | REG_V_38_reload_read_read_fu_270 |    0    |    0    |    0    |
|          | REG_V_58_reload_read_read_fu_276 |    0    |    0    |    0    |
|          | REG_V_50_reload_read_read_fu_282 |    0    |    0    |    0    |
|          | REG_V_42_reload_read_read_fu_288 |    0    |    0    |    0    |
|   read   | REG_V_34_reload_read_read_fu_294 |    0    |    0    |    0    |
|          | REG_V_61_reload_read_read_fu_300 |    0    |    0    |    0    |
|          | REG_V_53_reload_read_read_fu_306 |    0    |    0    |    0    |
|          | REG_V_45_reload_read_read_fu_312 |    0    |    0    |    0    |
|          | REG_V_37_reload_read_read_fu_318 |    0    |    0    |    0    |
|          | REG_V_57_reload_read_read_fu_324 |    0    |    0    |    0    |
|          | REG_V_49_reload_read_read_fu_330 |    0    |    0    |    0    |
|          | REG_V_41_reload_read_read_fu_336 |    0    |    0    |    0    |
|          | REG_V_33_reload_read_read_fu_342 |    0    |    0    |    0    |
|          | REG_V_60_reload_read_read_fu_348 |    0    |    0    |    0    |
|          | REG_V_52_reload_read_read_fu_354 |    0    |    0    |    0    |
|          | REG_V_44_reload_read_read_fu_360 |    0    |    0    |    0    |
|          | REG_V_36_reload_read_read_fu_366 |    0    |    0    |    0    |
|          |   indvars_iv1_read_read_fu_372   |    0    |    0    |    0    |
|          | REG_V_56_reload_read_read_fu_378 |    0    |    0    |    0    |
|          | REG_V_48_reload_read_read_fu_384 |    0    |    0    |    0    |
|          | REG_V_40_reload_read_read_fu_390 |    0    |    0    |    0    |
|          | REG_V_32_reload_read_read_fu_396 |    0    |    0    |    0    |
|          |        i_read_read_fu_402        |    0    |    0    |    0    |
|----------|----------------------------------|---------|---------|---------|
|          |       zext_ln60_cast_fu_429      |    0    |    0    |    0    |
|          |          com_cast_fu_441         |    0    |    0    |    0    |
|          |         zext_ln186_fu_471        |    0    |    0    |    0    |
|          |        zext_ln186_1_fu_487       |    0    |    0    |    0    |
|          |        zext_ln186_4_fu_505       |    0    |    0    |    0    |
|          |        zext_ln186_5_fu_521       |    0    |    0    |    0    |
|          |        zext_ln186_6_fu_537       |    0    |    0    |    0    |
|          |        zext_ln186_7_fu_555       |    0    |    0    |    0    |
|          |       zext_ln186_14_fu_571       |    0    |    0    |    0    |
|   zext   |       zext_ln186_15_fu_589       |    0    |    0    |    0    |
|          |        zext_ln186_8_fu_616       |    0    |    0    |    0    |
|          |        zext_ln186_9_fu_628       |    0    |    0    |    0    |
|          |       zext_ln186_10_fu_640       |    0    |    0    |    0    |
|          |       zext_ln186_11_fu_653       |    0    |    0    |    0    |
|          |       zext_ln186_12_fu_666       |    0    |    0    |    0    |
|          |       zext_ln186_13_fu_678       |    0    |    0    |    0    |
|          |        zext_ln186_2_fu_690       |    0    |    0    |    0    |
|          |        zext_ln186_3_fu_694       |    0    |    0    |    0    |
|          |         zext_ln93_fu_797         |    0    |    0    |    0    |
|          |         zext_ln92_fu_920         |    0    |    0    |    0    |
|----------|----------------------------------|---------|---------|---------|
|          |          add_ln1_fu_701          |    0    |    0    |    0    |
|bitconcatenate|         add_ln93_1_fu_801        |    0    |    0    |    0    |
|          |           shl_ln_fu_908          |    0    |    0    |    0    |
|----------|----------------------------------|---------|---------|---------|
|   Total  |                                  |    8    |    0    |   612   |
|----------|----------------------------------|---------|---------|---------|

Memories:
N/A

* Register list:
+--------------------------------------------------------------------------------------------------+--------+
|                                                                                                  |   FF   |
+--------------------------------------------------------------------------------------------------+--------+
|                                   REG_V_32_reload_read_reg_1224                                  |   16   |
|                                   REG_V_34_reload_read_reg_1180                                  |   16   |
|                                   REG_V_35_reload_read_reg_1135                                  |   16   |
|                                   REG_V_36_reload_read_reg_1201                                  |   16   |
|                                   REG_V_38_reload_read_reg_1157                                  |   16   |
|                                   REG_V_39_reload_read_reg_1115                                  |   16   |
|                                   REG_V_40_reload_read_reg_1219                                  |   16   |
|                                   REG_V_42_reload_read_reg_1174                                  |   16   |
|                                   REG_V_43_reload_read_reg_1130                                  |   16   |
|                                   REG_V_44_reload_read_reg_1196                                  |   16   |
|                                   REG_V_46_reload_read_reg_1151                                  |   16   |
|                                   REG_V_47_reload_read_reg_1110                                  |   16   |
|                                   REG_V_48_reload_read_reg_1214                                  |   16   |
|                                   REG_V_50_reload_read_reg_1168                                  |   16   |
|                                   REG_V_51_reload_read_reg_1125                                  |   16   |
|                                   REG_V_52_reload_read_reg_1191                                  |   16   |
|                                   REG_V_54_reload_read_reg_1145                                  |   16   |
|                                   REG_V_55_reload_read_reg_1105                                  |   16   |
|                                   REG_V_58_reload_read_reg_1163                                  |   16   |
|                                   REG_V_59_reload_read_reg_1120                                  |   16   |
|                                   REG_V_60_reload_read_reg_1186                                  |   16   |
|                                   REG_V_62_reload_read_reg_1140                                  |   16   |
|                                         add_ln1_reg_1365                                         |    4   |
|                                        add_ln840_reg_1360                                        |   32   |
|                                        add_ln89_3_reg_1355                                       |   32   |
|                                        add_ln93_1_reg_1371                                       |    4   |
|                                          com_1_reg_1234                                          |    2   |
|                                           com_reg_1088                                           |    2   |
|compute_ap_int_64_ap_int_32_bool_hls_stream_ap_uint_32_0_hls_stream_ap_uint_32_0_REG_s_18_reg_1431|   32   |
|  compute_ap_int_64_ap_int_32_bool_hls_stream_ap_uint_32_0_hls_stream_ap_uint_32_0_REG_s_reg_1426 |   32   |
|            compute_ap_int_ap_int_bool_stream_stream_ap_uint_32_0_REG1_1_load_reg_1416            |   32   |
|            compute_ap_int_ap_int_bool_stream_stream_ap_uint_32_0_REG1_2_load_reg_1411            |   32   |
|            compute_ap_int_ap_int_bool_stream_stream_ap_uint_32_0_REG1_3_load_reg_1406            |   32   |
|            compute_ap_int_ap_int_bool_stream_stream_ap_uint_32_0_REG1_4_load_reg_1401            |   32   |
|            compute_ap_int_ap_int_bool_stream_stream_ap_uint_32_0_REG1_5_load_reg_1396            |   32   |
|            compute_ap_int_ap_int_bool_stream_stream_ap_uint_32_0_REG1_6_load_reg_1391            |   32   |
|            compute_ap_int_ap_int_bool_stream_stream_ap_uint_32_0_REG1_7_load_reg_1386            |   32   |
|            compute_ap_int_ap_int_bool_stream_stream_ap_uint_32_0_REG1_8_load_reg_1381            |   32   |
|            compute_ap_int_ap_int_bool_stream_stream_ap_uint_32_0_REG1_9_load_reg_1376            |   32   |
|             compute_ap_int_ap_int_bool_stream_stream_ap_uint_32_0_REG1_load_reg_1421             |   32   |
|                                       i_cast_read_reg_1099                                       |    2   |
|                                        icmp_ln81_reg_1245                                        |    1   |
|                                     indvars_iv1_read_reg_1206                                    |    2   |
|                                       mul_ln1494_2_reg_1339                                      |   32   |
|                                       mul_ln1494_3_reg_1344                                      |   32   |
|                                       mul_ln1494_7_reg_1349                                      |   32   |
|                                        mul_ln1494_reg_1324                                       |   32   |
|                                        phase_read_reg_1095                                       |    1   |
|                                          tmp_4_reg_1289                                          |   16   |
|                                      zext_ln186_10_reg_1304                                      |   32   |
|                                      zext_ln186_11_reg_1309                                      |   32   |
|                                      zext_ln186_12_reg_1314                                      |   32   |
|                                      zext_ln186_13_reg_1319                                      |   32   |
|                                      zext_ln186_14_reg_1279                                      |   32   |
|                                      zext_ln186_15_reg_1284                                      |   32   |
|                                       zext_ln186_1_reg_1254                                      |   32   |
|                                       zext_ln186_2_reg_1329                                      |   32   |
|                                       zext_ln186_3_reg_1334                                      |   32   |
|                                       zext_ln186_4_reg_1259                                      |   32   |
|                                       zext_ln186_5_reg_1264                                      |   32   |
|                                       zext_ln186_6_reg_1269                                      |   32   |
|                                       zext_ln186_7_reg_1274                                      |   32   |
|                                       zext_ln186_8_reg_1294                                      |   32   |
|                                       zext_ln186_9_reg_1299                                      |   32   |
|                                        zext_ln186_reg_1249                                       |   32   |
|                                      zext_ln60_cast_reg_1229                                     |    4   |
+--------------------------------------------------------------------------------------------------+--------+
|                                               Total                                              |  1478  |
+--------------------------------------------------------------------------------------------------+--------+

* Multiplexer (MUX) list: 
|-------------------|------|------|------|--------||---------||---------|
|        Comp       |  Pin | Size |  BW  | S x BW ||  Delay  ||   LUT   |
|-------------------|------|------|------|--------||---------||---------|
| grp_access_fu_415 |  p0  |   2  |   4  |    8   ||    9    |
| grp_access_fu_415 |  p1  |   2  |  32  |   64   ||    9    |
|    grp_fu_1029    |  p0  |   2  |  16  |   32   ||    9    |
|    grp_fu_1029    |  p1  |   2  |  16  |   32   ||    9    |
|    grp_fu_1035    |  p0  |   2  |  16  |   32   ||    9    |
|    grp_fu_1035    |  p1  |   2  |  16  |   32   ||    9    |
|    grp_fu_1041    |  p0  |   2  |  16  |   32   ||    9    |
|    grp_fu_1041    |  p1  |   2  |  16  |   32   ||    9    |
|    grp_fu_1047    |  p0  |   2  |  16  |   32   ||    9    |
|    grp_fu_1047    |  p1  |   2  |  16  |   32   ||    9    |
|    grp_fu_1053    |  p0  |   3  |  16  |   48   ||    14   |
|    grp_fu_1053    |  p1  |   2  |  16  |   32   ||    9    |
|    grp_fu_1062    |  p0  |   3  |  16  |   48   ||    14   |
|    grp_fu_1062    |  p1  |   2  |  16  |   32   ||    9    |
|    grp_fu_1070    |  p0  |   3  |  16  |   48   ||    14   |
|    grp_fu_1070    |  p1  |   2  |  16  |   32   ||    9    |
|    grp_fu_1079    |  p0  |   3  |  16  |   48   ||    14   |
|    grp_fu_1079    |  p1  |   2  |  16  |   32   ||    9    |
|-------------------|------|------|------|--------||---------||---------|
|       Total       |      |      |      |   648  ||  7.882  ||   182   |
|-------------------|------|------|------|--------||---------||---------|



* Summary:
+-----------+--------+--------+--------+--------+
|           |   DSP  |  Delay |   FF   |   LUT  |
+-----------+--------+--------+--------+--------+
|  Function |    8   |    -   |    0   |   612  |
|   Memory  |    -   |    -   |    -   |    -   |
|Multiplexer|    -   |    7   |    -   |   182  |
|  Register |    -   |    -   |  1478  |    -   |
+-----------+--------+--------+--------+--------+
|   Total   |    8   |    7   |  1478  |   794  |
+-----------+--------+--------+--------+--------+
