

================================================================
== Vitis HLS Report for 'compute_Pipeline_VITIS_LOOP_60_1'
================================================================
* Date:           Thu Sep 10 02:53:43 2026

* Version:        2022.2 (Build 3670227 on Oct 13 2022)
* Project:        Compute_block
* Solution:       solution1 (Vivado IP Flow Target)
* Product family: zynquplus
* Target device:  xczu7ev-ffvc1156-2-e


================================================================
== Performance Estimates
================================================================
+ Timing: 
    * Summary: 
    +--------+----------+----------+------------+
    |  Clock |  Target  | Estimated| Uncertainty|
    +--------+----------+----------+------------+
    |ap_clk  |  10.00 ns|  2.092 ns|     2.70 ns|
    +--------+----------+----------+------------+

+ Latency: 
    * Summary: 
    +---------+---------+-----------+-----------+-----+-----+---------+
    |  Latency (cycles) |   Latency (absolute)  |  Interval | Pipeline|
    |   min   |   max   |    min    |    max    | min | max |   Type  |
    +---------+---------+-----------+-----------+-----+-----+---------+
    |        9|        9|  90.000 ns|  90.000 ns|    9|    9|       no|
    +---------+---------+-----------+-----------+-----+-----+---------+

    + Detail: 
        * Instance: 
        N/A

        * Loop: 
        +-------------------+---------+---------+----------+-----------+-----------+------+----------+
        |                   |  Latency (cycles) | Iteration|  Initiation Interval  | Trip |          |
        |     Loop Name     |   min   |   max   |  Latency |  achieved |   target  | Count| Pipelined|
        +-------------------+---------+---------+----------+-----------+-----------+------+----------+
        |- VITIS_LOOP_60_1  |        7|        7|         6|          1|          1|     2|       yes|
        +-------------------+---------+---------+----------+-----------+-----------+------+----------+



================================================================
== Utilization Estimates
================================================================
* Summary: 
+-----------------+---------+------+--------+--------+-----+
|       Name      | BRAM_18K|  DSP |   FF   |   LUT  | URAM|
+-----------------+---------+------+--------+--------+-----+
|DSP              |        -|     2|       -|       -|    -|
|Expression       |        -|     -|       0|     580|    -|
|FIFO             |        -|     -|       -|       -|    -|
|Instance         |        -|     -|       -|       -|    -|
|Memory           |        -|     -|       -|       -|    -|
|Multiplexer      |        -|     -|       -|     333|    -|
|Register         |        -|     -|     658|      32|    -|
+-----------------+---------+------+--------+--------+-----+
|Total            |        0|     2|     658|     945|    0|
+-----------------+---------+------+--------+--------+-----+
|Available        |      624|  1728|  460800|  230400|   96|
+-----------------+---------+------+--------+--------+-----+
|Utilization (%)  |        0|    ~0|      ~0|      ~0|    0|
+-----------------+---------+------+--------+--------+-----+

+ Detail: 
    * Instance: 
    N/A

    * DSP: 
    +-------------------------------------+----------------------------------+--------------+
    |               Instance              |              Module              |  Expression  |
    +-------------------------------------+----------------------------------+--------------+
    |mac_muladd_16ns_16ns_32ns_33_4_1_U2  |mac_muladd_16ns_16ns_32ns_33_4_1  |  i0 + i1 * i2|
    |mul_mul_16ns_16ns_32_4_1_U1          |mul_mul_16ns_16ns_32_4_1          |       i0 * i1|
    +-------------------------------------+----------------------------------+--------------+

    * Memory: 
    N/A

    * FIFO: 
    N/A

    * Expression: 
    +--------------------------+----------+----+---+----+------------+------------+
    |       Variable Name      | Operation| DSP| FF| LUT| Bitwidth P0| Bitwidth P1|
    +--------------------------+----------+----+---+----+------------+------------+
    |add_ln60_fu_949_p2        |         +|   0|  0|   9|           2|           1|
    |self_sum_V_3_fu_1519_p2   |         +|   0|  0|  41|          34|          34|
    |ap_condition_988          |       and|   0|  0|   2|           1|           1|
    |ap_condition_991          |       and|   0|  0|   2|           1|           1|
    |ap_condition_994          |       and|   0|  0|   2|           1|           1|
    |ap_condition_997          |       and|   0|  0|   2|           1|           1|
    |icmp_ln60_fu_943_p2       |      icmp|   0|  0|   8|           2|           3|
    |REG_V_65_fu_1395_p3       |    select|   0|  0|  16|           1|          16|
    |REG_V_66_fu_1402_p3       |    select|   0|  0|  16|           1|          16|
    |REG_V_72_fu_1275_p3       |    select|   0|  0|  16|           1|          16|
    |REG_V_73_fu_1282_p3       |    select|   0|  0|  16|           1|          16|
    |REG_V_74_fu_1155_p3       |    select|   0|  0|  16|           1|          16|
    |REG_V_75_fu_1162_p3       |    select|   0|  0|  16|           1|          16|
    |REG_V_78_fu_1035_p3       |    select|   0|  0|  16|           1|          16|
    |REG_V_79_fu_1042_p3       |    select|   0|  0|  16|           1|          16|
    |REG_V_80_fu_1070_p3       |    select|   0|  0|  16|           1|          16|
    |REG_V_81_fu_1063_p3       |    select|   0|  0|  16|           1|          16|
    |REG_V_82_fu_1056_p3       |    select|   0|  0|  16|           1|          16|
    |REG_V_83_fu_1049_p3       |    select|   0|  0|  16|           1|          16|
    |select_ln67_1_fu_1416_p3  |    select|   0|  0|  16|           1|          16|
    |select_ln67_2_fu_1289_p3  |    select|   0|  0|  16|           1|          16|
    |select_ln67_3_fu_1296_p3  |    select|   0|  0|  16|           1|          16|
    |select_ln67_4_fu_1169_p3  |    select|   0|  0|  16|           1|          16|
    |select_ln67_5_fu_1176_p3  |    select|   0|  0|  16|           1|          16|
    |select_ln67_fu_1409_p3    |    select|   0|  0|  16|           1|          16|
    |select_ln68_1_fu_1430_p3  |    select|   0|  0|  16|           1|          16|
    |select_ln68_2_fu_1303_p3  |    select|   0|  0|  16|           1|          16|
    |select_ln68_3_fu_1310_p3  |    select|   0|  0|  16|           1|          16|
    |select_ln68_4_fu_1183_p3  |    select|   0|  0|  16|           1|          16|
    |select_ln68_5_fu_1190_p3  |    select|   0|  0|  16|           1|          16|
    |select_ln68_fu_1423_p3    |    select|   0|  0|  16|           1|          16|
    |select_ln69_1_fu_1444_p3  |    select|   0|  0|  16|           1|          16|
    |select_ln69_2_fu_1317_p3  |    select|   0|  0|  16|           1|          16|
    |select_ln69_3_fu_1324_p3  |    select|   0|  0|  16|           1|          16|
    |select_ln69_4_fu_1197_p3  |    select|   0|  0|  16|           1|          16|
    |select_ln69_5_fu_1204_p3  |    select|   0|  0|  16|           1|          16|
    |select_ln69_6_fu_1077_p3  |    select|   0|  0|  16|           1|          16|
    |select_ln69_7_fu_1084_p3  |    select|   0|  0|  16|           1|          16|
    |select_ln69_fu_1437_p3    |    select|   0|  0|  16|           1|          16|
    |ap_enable_pp0             |       xor|   0|  0|   2|           1|           2|
    +--------------------------+----------+----+---+----+------------+------------+
    |Total                     |          |   0|  0| 580|          75|         556|
    +--------------------------+----------+----+---+----+------------+------------+

    * Multiplexer: 
    +----------------------------------+----+-----------+-----+-----------+
    |               Name               | LUT| Input Size| Bits| Total Bits|
    +----------------------------------+----+-----------+-----+-----------+
    |REG_V_32_fu_200                   |   9|          2|   16|         32|
    |REG_V_33_fu_204                   |   9|          2|   16|         32|
    |REG_V_34_fu_208                   |   9|          2|   16|         32|
    |REG_V_35_fu_212                   |   9|          2|   16|         32|
    |REG_V_36_fu_216                   |   9|          2|   16|         32|
    |REG_V_37_fu_220                   |   9|          2|   16|         32|
    |REG_V_38_fu_224                   |   9|          2|   16|         32|
    |REG_V_39_fu_228                   |   9|          2|   16|         32|
    |REG_V_40_fu_232                   |   9|          2|   16|         32|
    |REG_V_41_fu_236                   |   9|          2|   16|         32|
    |REG_V_42_fu_240                   |   9|          2|   16|         32|
    |REG_V_43_fu_244                   |   9|          2|   16|         32|
    |REG_V_44_fu_248                   |   9|          2|   16|         32|
    |REG_V_45_fu_252                   |   9|          2|   16|         32|
    |REG_V_46_fu_256                   |   9|          2|   16|         32|
    |REG_V_47_fu_260                   |   9|          2|   16|         32|
    |REG_V_48_fu_264                   |   9|          2|   16|         32|
    |REG_V_49_fu_268                   |   9|          2|   16|         32|
    |REG_V_50_fu_272                   |   9|          2|   16|         32|
    |REG_V_51_fu_276                   |   9|          2|   16|         32|
    |REG_V_52_fu_280                   |   9|          2|   16|         32|
    |REG_V_53_fu_284                   |   9|          2|   16|         32|
    |REG_V_54_fu_288                   |   9|          2|   16|         32|
    |REG_V_55_fu_292                   |   9|          2|   16|         32|
    |REG_V_56_fu_296                   |   9|          2|   16|         32|
    |REG_V_57_fu_300                   |   9|          2|   16|         32|
    |REG_V_58_fu_304                   |   9|          2|   16|         32|
    |REG_V_59_fu_308                   |   9|          2|   16|         32|
    |REG_V_60_fu_312                   |   9|          2|   16|         32|
    |REG_V_61_fu_316                   |   9|          2|   16|         32|
    |REG_V_62_fu_320                   |   9|          2|   16|         32|
    |REG_V_63_fu_324                   |   9|          2|   16|         32|
    |ap_done_int                       |   9|          2|    1|          2|
    |ap_loop_exit_ready_pp0_iter5_reg  |   9|          2|    1|          2|
    |ap_sig_allocacmp_fe_1             |   9|          2|    2|          4|
    |fe_fu_196                         |   9|          2|    2|          4|
    |self_sum_V_fu_192                 |   9|          2|   34|         68|
    +----------------------------------+----+-----------+-----+-----------+
    |Total                             | 333|         74|  552|       1104|
    +----------------------------------+----+-----------+-----+-----------+

    * Register: 
    +----------------------------------+----+----+-----+-----------+
    |               Name               | FF | LUT| Bits| Const Bits|
    +----------------------------------+----+----+-----+-----------+
    |REG_V_32_fu_200                   |  16|   0|   16|          0|
    |REG_V_33_fu_204                   |  16|   0|   16|          0|
    |REG_V_34_fu_208                   |  16|   0|   16|          0|
    |REG_V_35_fu_212                   |  16|   0|   16|          0|
    |REG_V_36_fu_216                   |  16|   0|   16|          0|
    |REG_V_37_fu_220                   |  16|   0|   16|          0|
    |REG_V_38_fu_224                   |  16|   0|   16|          0|
    |REG_V_39_fu_228                   |  16|   0|   16|          0|
    |REG_V_40_fu_232                   |  16|   0|   16|          0|
    |REG_V_41_fu_236                   |  16|   0|   16|          0|
    |REG_V_42_fu_240                   |  16|   0|   16|          0|
    |REG_V_43_fu_244                   |  16|   0|   16|          0|
    |REG_V_44_fu_248                   |  16|   0|   16|          0|
    |REG_V_45_fu_252                   |  16|   0|   16|          0|
    |REG_V_46_fu_256                   |  16|   0|   16|          0|
    |REG_V_47_fu_260                   |  16|   0|   16|          0|
    |REG_V_48_fu_264                   |  16|   0|   16|          0|
    |REG_V_49_fu_268                   |  16|   0|   16|          0|
    |REG_V_50_fu_272                   |  16|   0|   16|          0|
    |REG_V_51_fu_276                   |  16|   0|   16|          0|
    |REG_V_52_fu_280                   |  16|   0|   16|          0|
    |REG_V_53_fu_284                   |  16|   0|   16|          0|
    |REG_V_54_fu_288                   |  16|   0|   16|          0|
    |REG_V_55_fu_292                   |  16|   0|   16|          0|
    |REG_V_56_fu_296                   |  16|   0|   16|          0|
    |REG_V_57_fu_300                   |  16|   0|   16|          0|
    |REG_V_58_fu_304                   |  16|   0|   16|          0|
    |REG_V_59_fu_308                   |  16|   0|   16|          0|
    |REG_V_60_fu_312                   |  16|   0|   16|          0|
    |REG_V_61_fu_316                   |  16|   0|   16|          0|
    |REG_V_62_fu_320                   |  16|   0|   16|          0|
    |REG_V_63_fu_324                   |  16|   0|   16|          0|
    |ap_CS_fsm                         |   1|   0|    1|          0|
    |ap_done_reg                       |   1|   0|    1|          0|
    |ap_enable_reg_pp0_iter1           |   1|   0|    1|          0|
    |ap_enable_reg_pp0_iter2           |   1|   0|    1|          0|
    |ap_enable_reg_pp0_iter3           |   1|   0|    1|          0|
    |ap_enable_reg_pp0_iter4           |   1|   0|    1|          0|
    |ap_enable_reg_pp0_iter5           |   1|   0|    1|          0|
    |ap_loop_exit_ready_pp0_iter1_reg  |   1|   0|    1|          0|
    |ap_loop_exit_ready_pp0_iter2_reg  |   1|   0|    1|          0|
    |ap_loop_exit_ready_pp0_iter3_reg  |   1|   0|    1|          0|
    |ap_loop_exit_ready_pp0_iter4_reg  |   1|   0|    1|          0|
    |ap_loop_exit_ready_pp0_iter5_reg  |   1|   0|    1|          0|
    |fe_fu_196                         |   2|   0|    2|          0|
    |icmp_ln60_reg_1948                |   1|   0|    1|          0|
    |lhs_reg_1993                      |  16|   0|   16|          0|
    |rhs_reg_1998                      |  16|   0|   16|          0|
    |self_sum_V_fu_192                 |  34|   0|   34|          0|
    |trunc_ln61_reg_1952               |   1|   0|    1|          0|
    |icmp_ln60_reg_1948                |  64|  32|    1|          0|
    +----------------------------------+----+----+-----+-----------+
    |Total                             | 658|  32|  595|          0|
    +----------------------------------+----+----+-----+-----------+



================================================================
== Interface
================================================================
* Summary: 
+-----------------------+-----+-----+------------+----------------------------------+--------------+
|       RTL Ports       | Dir | Bits|  Protocol  |           Source Object          |    C Type    |
+-----------------------+-----+-----+------------+----------------------------------+--------------+
|ap_clk                 |   in|    1|  ap_ctrl_hs|  compute_Pipeline_VITIS_LOOP_60_1|  return value|
|ap_rst                 |   in|    1|  ap_ctrl_hs|  compute_Pipeline_VITIS_LOOP_60_1|  return value|
|ap_start               |   in|    1|  ap_ctrl_hs|  compute_Pipeline_VITIS_LOOP_60_1|  return value|
|ap_done                |  out|    1|  ap_ctrl_hs|  compute_Pipeline_VITIS_LOOP_60_1|  return value|
|ap_idle                |  out|    1|  ap_ctrl_hs|  compute_Pipeline_VITIS_LOOP_60_1|  return value|
|ap_ready               |  out|    1|  ap_ctrl_hs|  compute_Pipeline_VITIS_LOOP_60_1|  return value|
|REG_V_31               |   in|   16|     ap_none|                          REG_V_31|        scalar|
|REG_V_30               |   in|   16|     ap_none|                          REG_V_30|        scalar|
|REG_V_29               |   in|   16|     ap_none|                          REG_V_29|        scalar|
|REG_V_28               |   in|   16|     ap_none|                          REG_V_28|        scalar|
|REG_V_27               |   in|   16|     ap_none|                          REG_V_27|        scalar|
|REG_V_26               |   in|   16|     ap_none|                          REG_V_26|        scalar|
|REG_V_25               |   in|   16|     ap_none|                          REG_V_25|        scalar|
|REG_V_24               |   in|   16|     ap_none|                          REG_V_24|        scalar|
|REG_V_23               |   in|   16|     ap_none|                          REG_V_23|        scalar|
|REG_V_22               |   in|   16|     ap_none|                          REG_V_22|        scalar|
|REG_V_21               |   in|   16|     ap_none|                          REG_V_21|        scalar|
|REG_V_20               |   in|   16|     ap_none|                          REG_V_20|        scalar|
|REG_V_19               |   in|   16|     ap_none|                          REG_V_19|        scalar|
|REG_V_18               |   in|   16|     ap_none|                          REG_V_18|        scalar|
|REG_V_17               |   in|   16|     ap_none|                          REG_V_17|        scalar|
|REG_V_16               |   in|   16|     ap_none|                          REG_V_16|        scalar|
|REG_V_15               |   in|   16|     ap_none|                          REG_V_15|        scalar|
|REG_V_14               |   in|   16|     ap_none|                          REG_V_14|        scalar|
|REG_V_13               |   in|   16|     ap_none|                          REG_V_13|        scalar|
|REG_V_12               |   in|   16|     ap_none|                          REG_V_12|        scalar|
|REG_V_11               |   in|   16|     ap_none|                          REG_V_11|        scalar|
|REG_V_10               |   in|   16|     ap_none|                          REG_V_10|        scalar|
|REG_V_9                |   in|   16|     ap_none|                           REG_V_9|        scalar|
|REG_V_8                |   in|   16|     ap_none|                           REG_V_8|        scalar|
|REG_V_7                |   in|   16|     ap_none|                           REG_V_7|        scalar|
|REG_V_6                |   in|   16|     ap_none|                           REG_V_6|        scalar|
|REG_V_5                |   in|   16|     ap_none|                           REG_V_5|        scalar|
|REG_V_4                |   in|   16|     ap_none|                           REG_V_4|        scalar|
|REG_V_3                |   in|   16|     ap_none|                           REG_V_3|        scalar|
|REG_V_2                |   in|   16|     ap_none|                           REG_V_2|        scalar|
|REG_V_1                |   in|   16|     ap_none|                           REG_V_1|        scalar|
|REG_V                  |   in|   16|     ap_none|                             REG_V|        scalar|
|i_cast                 |   in|    2|     ap_none|                            i_cast|        scalar|
|buffer_1_address0      |  out|    3|   ap_memory|                          buffer_1|         array|
|buffer_1_ce0           |  out|    1|   ap_memory|                          buffer_1|         array|
|buffer_1_q0            |   in|   64|   ap_memory|                          buffer_1|         array|
|REG_V_63_out           |  out|   16|      ap_vld|                      REG_V_63_out|       pointer|
|REG_V_63_out_ap_vld    |  out|    1|      ap_vld|                      REG_V_63_out|       pointer|
|REG_V_62_out           |  out|   16|      ap_vld|                      REG_V_62_out|       pointer|
|REG_V_62_out_ap_vld    |  out|    1|      ap_vld|                      REG_V_62_out|       pointer|
|REG_V_61_out           |  out|   16|      ap_vld|                      REG_V_61_out|       pointer|
|REG_V_61_out_ap_vld    |  out|    1|      ap_vld|                      REG_V_61_out|       pointer|
|REG_V_60_out           |  out|   16|      ap_vld|                      REG_V_60_out|       pointer|
|REG_V_60_out_ap_vld    |  out|    1|      ap_vld|                      REG_V_60_out|       pointer|
|REG_V_59_out           |  out|   16|      ap_vld|                      REG_V_59_out|       pointer|
|REG_V_59_out_ap_vld    |  out|    1|      ap_vld|                      REG_V_59_out|       pointer|
|REG_V_58_out           |  out|   16|      ap_vld|                      REG_V_58_out|       pointer|
|REG_V_58_out_ap_vld    |  out|    1|      ap_vld|                      REG_V_58_out|       pointer|
|REG_V_57_out           |  out|   16|      ap_vld|                      REG_V_57_out|       pointer|
|REG_V_57_out_ap_vld    |  out|    1|      ap_vld|                      REG_V_57_out|       pointer|
|REG_V_56_out           |  out|   16|      ap_vld|                      REG_V_56_out|       pointer|
|REG_V_56_out_ap_vld    |  out|    1|      ap_vld|                      REG_V_56_out|       pointer|
|REG_V_55_out           |  out|   16|      ap_vld|                      REG_V_55_out|       pointer|
|REG_V_55_out_ap_vld    |  out|    1|      ap_vld|                      REG_V_55_out|       pointer|
|REG_V_54_out           |  out|   16|      ap_vld|                      REG_V_54_out|       pointer|
|REG_V_54_out_ap_vld    |  out|    1|      ap_vld|                      REG_V_54_out|       pointer|
|REG_V_53_out           |  out|   16|      ap_vld|                      REG_V_53_out|       pointer|
|REG_V_53_out_ap_vld    |  out|    1|      ap_vld|                      REG_V_53_out|       pointer|
|REG_V_52_out           |  out|   16|      ap_vld|                      REG_V_52_out|       pointer|
|REG_V_52_out_ap_vld    |  out|    1|      ap_vld|                      REG_V_52_out|       pointer|
|REG_V_51_out           |  out|   16|      ap_vld|                      REG_V_51_out|       pointer|
|REG_V_51_out_ap_vld    |  out|    1|      ap_vld|                      REG_V_51_out|       pointer|
|REG_V_50_out           |  out|   16|      ap_vld|                      REG_V_50_out|       pointer|
|REG_V_50_out_ap_vld    |  out|    1|      ap_vld|                      REG_V_50_out|       pointer|
|REG_V_49_out           |  out|   16|      ap_vld|                      REG_V_49_out|       pointer|
|REG_V_49_out_ap_vld    |  out|    1|      ap_vld|                      REG_V_49_out|       pointer|
|REG_V_48_out           |  out|   16|      ap_vld|                      REG_V_48_out|       pointer|
|REG_V_48_out_ap_vld    |  out|    1|      ap_vld|                      REG_V_48_out|       pointer|
|REG_V_47_out           |  out|   16|      ap_vld|                      REG_V_47_out|       pointer|
|REG_V_47_out_ap_vld    |  out|    1|      ap_vld|                      REG_V_47_out|       pointer|
|REG_V_46_out           |  out|   16|      ap_vld|                      REG_V_46_out|       pointer|
|REG_V_46_out_ap_vld    |  out|    1|      ap_vld|                      REG_V_46_out|       pointer|
|REG_V_45_out           |  out|   16|      ap_vld|                      REG_V_45_out|       pointer|
|REG_V_45_out_ap_vld    |  out|    1|      ap_vld|                      REG_V_45_out|       pointer|
|REG_V_44_out           |  out|   16|      ap_vld|                      REG_V_44_out|       pointer|
|REG_V_44_out_ap_vld    |  out|    1|      ap_vld|                      REG_V_44_out|       pointer|
|REG_V_43_out           |  out|   16|      ap_vld|                      REG_V_43_out|       pointer|
|REG_V_43_out_ap_vld    |  out|    1|      ap_vld|                      REG_V_43_out|       pointer|
|REG_V_42_out           |  out|   16|      ap_vld|                      REG_V_42_out|       pointer|
|REG_V_42_out_ap_vld    |  out|    1|      ap_vld|                      REG_V_42_out|       pointer|
|REG_V_41_out           |  out|   16|      ap_vld|                      REG_V_41_out|       pointer|
|REG_V_41_out_ap_vld    |  out|    1|      ap_vld|                      REG_V_41_out|       pointer|
|REG_V_40_out           |  out|   16|      ap_vld|                      REG_V_40_out|       pointer|
|REG_V_40_out_ap_vld    |  out|    1|      ap_vld|                      REG_V_40_out|       pointer|
|REG_V_39_out           |  out|   16|      ap_vld|                      REG_V_39_out|       pointer|
|REG_V_39_out_ap_vld    |  out|    1|      ap_vld|                      REG_V_39_out|       pointer|
|REG_V_38_out           |  out|   16|      ap_vld|                      REG_V_38_out|       pointer|
|REG_V_38_out_ap_vld    |  out|    1|      ap_vld|                      REG_V_38_out|       pointer|
|REG_V_37_out           |  out|   16|      ap_vld|                      REG_V_37_out|       pointer|
|REG_V_37_out_ap_vld    |  out|    1|      ap_vld|                      REG_V_37_out|       pointer|
|REG_V_36_out           |  out|   16|      ap_vld|                      REG_V_36_out|       pointer|
|REG_V_36_out_ap_vld    |  out|    1|      ap_vld|                      REG_V_36_out|       pointer|
|REG_V_35_out           |  out|   16|      ap_vld|                      REG_V_35_out|       pointer|
|REG_V_35_out_ap_vld    |  out|    1|      ap_vld|                      REG_V_35_out|       pointer|
|REG_V_34_out           |  out|   16|      ap_vld|                      REG_V_34_out|       pointer|
|REG_V_34_out_ap_vld    |  out|    1|      ap_vld|                      REG_V_34_out|       pointer|
|REG_V_33_out           |  out|   16|      ap_vld|                      REG_V_33_out|       pointer|
|REG_V_33_out_ap_vld    |  out|    1|      ap_vld|                      REG_V_33_out|       pointer|
|REG_V_32_out           |  out|   16|      ap_vld|                      REG_V_32_out|       pointer|
|REG_V_32_out_ap_vld    |  out|    1|      ap_vld|                      REG_V_32_out|       pointer|
|self_sum_V_out         |  out|   32|      ap_vld|                    self_sum_V_out|       pointer|
|self_sum_V_out_ap_vld  |  out|    1|      ap_vld|                    self_sum_V_out|       pointer|
+-----------------------+-----+-----+------------+----------------------------------+--------------+

============================================================
+ Verbose Summary: Synthesis Manager
============================================================
InlineROM: 1
ExposeGlobal: 0
============================================================
+ Verbose Summary: CDFG Model
============================================================
IsTopModel: 0
ResetActiveHigh: 1
IsCombinational: 2
IsDatapathOnly: 2
HasWiredReturn: 1
HasMFsm: 2
HasVarLatency: 1
IsPipeline: 0
IsRtlPipelined: 0
IsInstanceOverlapped: 0
IsDontTouch: 0
HasImplIP: 0
IsGatedGlobalClock: 0

+ Individual pipeline summary: 
  * Pipeline-0: initiation interval (II) = 1, depth = 6


============================================================
+ Verbose Summary: Schedule
============================================================
* Number of FSM states : 6
* Pipeline : 1
  Pipeline-0 : II = 1, D = 6, States = { 1 2 3 4 5 6 }
* Dataflow Pipeline: 0

* FSM state transitions: 
1 --> 2 
2 --> 3 
3 --> 4 
4 --> 5 
5 --> 6 
6 --> 

* FSM state operations: 

State 1 <SV = 0> <Delay = 0.97>
ST_1 : Operation 9 [1/1] (0.00ns)   --->   "%self_sum_V = alloca i32 1"   --->   Operation 9 'alloca' 'self_sum_V' <Predicate = true> <Delay = 0.00>
ST_1 : Operation 10 [1/1] (0.00ns)   --->   "%fe = alloca i32 1"   --->   Operation 10 'alloca' 'fe' <Predicate = true> <Delay = 0.00>
ST_1 : Operation 11 [1/1] (0.00ns)   --->   "%REG_V_32 = alloca i32 1"   --->   Operation 11 'alloca' 'REG_V_32' <Predicate = true> <Delay = 0.00>
ST_1 : Operation 12 [1/1] (0.00ns)   --->   "%REG_V_33 = alloca i32 1"   --->   Operation 12 'alloca' 'REG_V_33' <Predicate = true> <Delay = 0.00>
ST_1 : Operation 13 [1/1] (0.00ns)   --->   "%REG_V_34 = alloca i32 1"   --->   Operation 13 'alloca' 'REG_V_34' <Predicate = true> <Delay = 0.00>
ST_1 : Operation 14 [1/1] (0.00ns)   --->   "%REG_V_35 = alloca i32 1"   --->   Operation 14 'alloca' 'REG_V_35' <Predicate = true> <Delay = 0.00>
ST_1 : Operation 15 [1/1] (0.00ns)   --->   "%REG_V_36 = alloca i32 1"   --->   Operation 15 'alloca' 'REG_V_36' <Predicate = true> <Delay = 0.00>
ST_1 : Operation 16 [1/1] (0.00ns)   --->   "%REG_V_37 = alloca i32 1"   --->   Operation 16 'alloca' 'REG_V_37' <Predicate = true> <Delay = 0.00>
ST_1 : Operation 17 [1/1] (0.00ns)   --->   "%REG_V_38 = alloca i32 1"   --->   Operation 17 'alloca' 'REG_V_38' <Predicate = true> <Delay = 0.00>
ST_1 : Operation 18 [1/1] (0.00ns)   --->   "%REG_V_39 = alloca i32 1"   --->   Operation 18 'alloca' 'REG_V_39' <Predicate = true> <Delay = 0.00>
ST_1 : Operation 19 [1/1] (0.00ns)   --->   "%REG_V_40 = alloca i32 1"   --->   Operation 19 'alloca' 'REG_V_40' <Predicate = true> <Delay = 0.00>
ST_1 : Operation 20 [1/1] (0.00ns)   --->   "%REG_V_41 = alloca i32 1"   --->   Operation 20 'alloca' 'REG_V_41' <Predicate = true> <Delay = 0.00>
ST_1 : Operation 21 [1/1] (0.00ns)   --->   "%REG_V_42 = alloca i32 1"   --->   Operation 21 'alloca' 'REG_V_42' <Predicate = true> <Delay = 0.00>
ST_1 : Operation 22 [1/1] (0.00ns)   --->   "%REG_V_43 = alloca i32 1"   --->   Operation 22 'alloca' 'REG_V_43' <Predicate = true> <Delay = 0.00>
ST_1 : Operation 23 [1/1] (0.00ns)   --->   "%REG_V_44 = alloca i32 1"   --->   Operation 23 'alloca' 'REG_V_44' <Predicate = true> <Delay = 0.00>
ST_1 : Operation 24 [1/1] (0.00ns)   --->   "%REG_V_45 = alloca i32 1"   --->   Operation 24 'alloca' 'REG_V_45' <Predicate = true> <Delay = 0.00>
ST_1 : Operation 25 [1/1] (0.00ns)   --->   "%REG_V_46 = alloca i32 1"   --->   Operation 25 'alloca' 'REG_V_46' <Predicate = true> <Delay = 0.00>
ST_1 : Operation 26 [1/1] (0.00ns)   --->   "%REG_V_47 = alloca i32 1"   --->   Operation 26 'alloca' 'REG_V_47' <Predicate = true> <Delay = 0.00>
ST_1 : Operation 27 [1/1] (0.00ns)   --->   "%REG_V_48 = alloca i32 1"   --->   Operation 27 'alloca' 'REG_V_48' <Predicate = true> <Delay = 0.00>
ST_1 : Operation 28 [1/1] (0.00ns)   --->   "%REG_V_49 = alloca i32 1"   --->   Operation 28 'alloca' 'REG_V_49' <Predicate = true> <Delay = 0.00>
ST_1 : Operation 29 [1/1] (0.00ns)   --->   "%REG_V_50 = alloca i32 1"   --->   Operation 29 'alloca' 'REG_V_50' <Predicate = true> <Delay = 0.00>
ST_1 : Operation 30 [1/1] (0.00ns)   --->   "%REG_V_51 = alloca i32 1"   --->   Operation 30 'alloca' 'REG_V_51' <Predicate = true> <Delay = 0.00>
ST_1 : Operation 31 [1/1] (0.00ns)   --->   "%REG_V_52 = alloca i32 1"   --->   Operation 31 'alloca' 'REG_V_52' <Predicate = true> <Delay = 0.00>
ST_1 : Operation 32 [1/1] (0.00ns)   --->   "%REG_V_53 = alloca i32 1"   --->   Operation 32 'alloca' 'REG_V_53' <Predicate = true> <Delay = 0.00>
ST_1 : Operation 33 [1/1] (0.00ns)   --->   "%REG_V_54 = alloca i32 1"   --->   Operation 33 'alloca' 'REG_V_54' <Predicate = true> <Delay = 0.00>
ST_1 : Operation 34 [1/1] (0.00ns)   --->   "%REG_V_55 = alloca i32 1"   --->   Operation 34 'alloca' 'REG_V_55' <Predicate = true> <Delay = 0.00>
ST_1 : Operation 35 [1/1] (0.00ns)   --->   "%REG_V_56 = alloca i32 1"   --->   Operation 35 'alloca' 'REG_V_56' <Predicate = true> <Delay = 0.00>
ST_1 : Operation 36 [1/1] (0.00ns)   --->   "%REG_V_57 = alloca i32 1"   --->   Operation 36 'alloca' 'REG_V_57' <Predicate = true> <Delay = 0.00>
ST_1 : Operation 37 [1/1] (0.00ns)   --->   "%REG_V_58 = alloca i32 1"   --->   Operation 37 'alloca' 'REG_V_58' <Predicate = true> <Delay = 0.00>
ST_1 : Operation 38 [1/1] (0.00ns)   --->   "%REG_V_59 = alloca i32 1"   --->   Operation 38 'alloca' 'REG_V_59' <Predicate = true> <Delay = 0.00>
ST_1 : Operation 39 [1/1] (0.00ns)   --->   "%REG_V_60 = alloca i32 1"   --->   Operation 39 'alloca' 'REG_V_60' <Predicate = true> <Delay = 0.00>
ST_1 : Operation 40 [1/1] (0.00ns)   --->   "%REG_V_61 = alloca i32 1"   --->   Operation 40 'alloca' 'REG_V_61' <Predicate = true> <Delay = 0.00>
ST_1 : Operation 41 [1/1] (0.00ns)   --->   "%REG_V_62 = alloca i32 1"   --->   Operation 41 'alloca' 'REG_V_62' <Predicate = true> <Delay = 0.00>
ST_1 : Operation 42 [1/1] (0.00ns)   --->   "%REG_V_63 = alloca i32 1"   --->   Operation 42 'alloca' 'REG_V_63' <Predicate = true> <Delay = 0.00>
ST_1 : Operation 43 [1/1] (0.00ns)   --->   "%specinterface_ln0 = specinterface void @_ssdm_op_SpecInterface, i64 %buffer_1, void @empty, i32 0, i32 0, void @empty_0, i32 4294967295, i32 0, void @empty_0, void @empty_0, void @empty_0, i32 0, i32 0, i32 0, i32 0, void @empty_0, void @empty_0, i32 4294967295, i32 0"   --->   Operation 43 'specinterface' 'specinterface_ln0' <Predicate = true> <Delay = 0.00>
ST_1 : Operation 44 [1/1] (0.00ns)   --->   "%i_cast_read = read i2 @_ssdm_op_Read.ap_auto.i2, i2 %i_cast"   --->   Operation 44 'read' 'i_cast_read' <Predicate = true> <Delay = 0.00>
ST_1 : Operation 45 [1/1] (0.00ns)   --->   "%REG_V_read = read i16 @_ssdm_op_Read.ap_auto.i16, i16 %REG_V"   --->   Operation 45 'read' 'REG_V_read' <Predicate = true> <Delay = 0.00>
ST_1 : Operation 46 [1/1] (0.00ns)   --->   "%REG_V_1_read = read i16 @_ssdm_op_Read.ap_auto.i16, i16 %REG_V_1"   --->   Operation 46 'read' 'REG_V_1_read' <Predicate = true> <Delay = 0.00>
ST_1 : Operation 47 [1/1] (0.00ns)   --->   "%REG_V_2_read = read i16 @_ssdm_op_Read.ap_auto.i16, i16 %REG_V_2"   --->   Operation 47 'read' 'REG_V_2_read' <Predicate = true> <Delay = 0.00>
ST_1 : Operation 48 [1/1] (0.00ns)   --->   "%REG_V_3_read = read i16 @_ssdm_op_Read.ap_auto.i16, i16 %REG_V_3"   --->   Operation 48 'read' 'REG_V_3_read' <Predicate = true> <Delay = 0.00>
ST_1 : Operation 49 [1/1] (0.00ns)   --->   "%REG_V_4_read = read i16 @_ssdm_op_Read.ap_auto.i16, i16 %REG_V_4"   --->   Operation 49 'read' 'REG_V_4_read' <Predicate = true> <Delay = 0.00>
ST_1 : Operation 50 [1/1] (0.00ns)   --->   "%REG_V_5_read = read i16 @_ssdm_op_Read.ap_auto.i16, i16 %REG_V_5"   --->   Operation 50 'read' 'REG_V_5_read' <Predicate = true> <Delay = 0.00>
ST_1 : Operation 51 [1/1] (0.00ns)   --->   "%REG_V_6_read = read i16 @_ssdm_op_Read.ap_auto.i16, i16 %REG_V_6"   --->   Operation 51 'read' 'REG_V_6_read' <Predicate = true> <Delay = 0.00>
ST_1 : Operation 52 [1/1] (0.00ns)   --->   "%REG_V_7_read = read i16 @_ssdm_op_Read.ap_auto.i16, i16 %REG_V_7"   --->   Operation 52 'read' 'REG_V_7_read' <Predicate = true> <Delay = 0.00>
ST_1 : Operation 53 [1/1] (0.00ns)   --->   "%REG_V_8_read = read i16 @_ssdm_op_Read.ap_auto.i16, i16 %REG_V_8"   --->   Operation 53 'read' 'REG_V_8_read' <Predicate = true> <Delay = 0.00>
ST_1 : Operation 54 [1/1] (0.00ns)   --->   "%REG_V_9_read = read i16 @_ssdm_op_Read.ap_auto.i16, i16 %REG_V_9"   --->   Operation 54 'read' 'REG_V_9_read' <Predicate = true> <Delay = 0.00>
ST_1 : Operation 55 [1/1] (0.00ns)   --->   "%REG_V_10_read = read i16 @_ssdm_op_Read.ap_auto.i16, i16 %REG_V_10"   --->   Operation 55 'read' 'REG_V_10_read' <Predicate = true> <Delay = 0.00>
ST_1 : Operation 56 [1/1] (0.00ns)   --->   "%REG_V_11_read = read i16 @_ssdm_op_Read.ap_auto.i16, i16 %REG_V_11"   --->   Operation 56 'read' 'REG_V_11_read' <Predicate = true> <Delay = 0.00>
ST_1 : Operation 57 [1/1] (0.00ns)   --->   "%REG_V_12_read = read i16 @_ssdm_op_Read.ap_auto.i16, i16 %REG_V_12"   --->   Operation 57 'read' 'REG_V_12_read' <Predicate = true> <Delay = 0.00>
ST_1 : Operation 58 [1/1] (0.00ns)   --->   "%REG_V_13_read = read i16 @_ssdm_op_Read.ap_auto.i16, i16 %REG_V_13"   --->   Operation 58 'read' 'REG_V_13_read' <Predicate = true> <Delay = 0.00>
ST_1 : Operation 59 [1/1] (0.00ns)   --->   "%REG_V_14_read = read i16 @_ssdm_op_Read.ap_auto.i16, i16 %REG_V_14"   --->   Operation 59 'read' 'REG_V_14_read' <Predicate = true> <Delay = 0.00>
ST_1 : Operation 60 [1/1] (0.00ns)   --->   "%REG_V_15_read = read i16 @_ssdm_op_Read.ap_auto.i16, i16 %REG_V_15"   --->   Operation 60 'read' 'REG_V_15_read' <Predicate = true> <Delay = 0.00>
ST_1 : Operation 61 [1/1] (0.00ns)   --->   "%REG_V_16_read = read i16 @_ssdm_op_Read.ap_auto.i16, i16 %REG_V_16"   --->   Operation 61 'read' 'REG_V_16_read' <Predicate = true> <Delay = 0.00>
ST_1 : Operation 62 [1/1] (0.00ns)   --->   "%REG_V_17_read = read i16 @_ssdm_op_Read.ap_auto.i16, i16 %REG_V_17"   --->   Operation 62 'read' 'REG_V_17_read' <Predicate = true> <Delay = 0.00>
ST_1 : Operation 63 [1/1] (0.00ns)   --->   "%REG_V_18_read = read i16 @_ssdm_op_Read.ap_auto.i16, i16 %REG_V_18"   --->   Operation 63 'read' 'REG_V_18_read' <Predicate = true> <Delay = 0.00>
ST_1 : Operation 64 [1/1] (0.00ns)   --->   "%REG_V_19_read = read i16 @_ssdm_op_Read.ap_auto.i16, i16 %REG_V_19"   --->   Operation 64 'read' 'REG_V_19_read' <Predicate = true> <Delay = 0.00>
ST_1 : Operation 65 [1/1] (0.00ns)   --->   "%REG_V_20_read = read i16 @_ssdm_op_Read.ap_auto.i16, i16 %REG_V_20"   --->   Operation 65 'read' 'REG_V_20_read' <Predicate = true> <Delay = 0.00>
ST_1 : Operation 66 [1/1] (0.00ns)   --->   "%REG_V_21_read = read i16 @_ssdm_op_Read.ap_auto.i16, i16 %REG_V_21"   --->   Operation 66 'read' 'REG_V_21_read' <Predicate = true> <Delay = 0.00>
ST_1 : Operation 67 [1/1] (0.00ns)   --->   "%REG_V_22_read = read i16 @_ssdm_op_Read.ap_auto.i16, i16 %REG_V_22"   --->   Operation 67 'read' 'REG_V_22_read' <Predicate = true> <Delay = 0.00>
ST_1 : Operation 68 [1/1] (0.00ns)   --->   "%REG_V_23_read = read i16 @_ssdm_op_Read.ap_auto.i16, i16 %REG_V_23"   --->   Operation 68 'read' 'REG_V_23_read' <Predicate = true> <Delay = 0.00>
ST_1 : Operation 69 [1/1] (0.00ns)   --->   "%REG_V_24_read = read i16 @_ssdm_op_Read.ap_auto.i16, i16 %REG_V_24"   --->   Operation 69 'read' 'REG_V_24_read' <Predicate = true> <Delay = 0.00>
ST_1 : Operation 70 [1/1] (0.00ns)   --->   "%REG_V_25_read = read i16 @_ssdm_op_Read.ap_auto.i16, i16 %REG_V_25"   --->   Operation 70 'read' 'REG_V_25_read' <Predicate = true> <Delay = 0.00>
ST_1 : Operation 71 [1/1] (0.00ns)   --->   "%REG_V_26_read = read i16 @_ssdm_op_Read.ap_auto.i16, i16 %REG_V_26"   --->   Operation 71 'read' 'REG_V_26_read' <Predicate = true> <Delay = 0.00>
ST_1 : Operation 72 [1/1] (0.00ns)   --->   "%REG_V_27_read = read i16 @_ssdm_op_Read.ap_auto.i16, i16 %REG_V_27"   --->   Operation 72 'read' 'REG_V_27_read' <Predicate = true> <Delay = 0.00>
ST_1 : Operation 73 [1/1] (0.00ns)   --->   "%REG_V_28_read = read i16 @_ssdm_op_Read.ap_auto.i16, i16 %REG_V_28"   --->   Operation 73 'read' 'REG_V_28_read' <Predicate = true> <Delay = 0.00>
ST_1 : Operation 74 [1/1] (0.00ns)   --->   "%REG_V_29_read = read i16 @_ssdm_op_Read.ap_auto.i16, i16 %REG_V_29"   --->   Operation 74 'read' 'REG_V_29_read' <Predicate = true> <Delay = 0.00>
ST_1 : Operation 75 [1/1] (0.00ns)   --->   "%REG_V_30_read = read i16 @_ssdm_op_Read.ap_auto.i16, i16 %REG_V_30"   --->   Operation 75 'read' 'REG_V_30_read' <Predicate = true> <Delay = 0.00>
ST_1 : Operation 76 [1/1] (0.00ns)   --->   "%REG_V_31_read = read i16 @_ssdm_op_Read.ap_auto.i16, i16 %REG_V_31"   --->   Operation 76 'read' 'REG_V_31_read' <Predicate = true> <Delay = 0.00>
ST_1 : Operation 77 [1/1] (0.42ns)   --->   "%store_ln0 = store i16 %REG_V_31_read, i16 %REG_V_63"   --->   Operation 77 'store' 'store_ln0' <Predicate = true> <Delay = 0.42>
ST_1 : Operation 78 [1/1] (0.42ns)   --->   "%store_ln0 = store i16 %REG_V_30_read, i16 %REG_V_62"   --->   Operation 78 'store' 'store_ln0' <Predicate = true> <Delay = 0.42>
ST_1 : Operation 79 [1/1] (0.42ns)   --->   "%store_ln0 = store i16 %REG_V_29_read, i16 %REG_V_61"   --->   Operation 79 'store' 'store_ln0' <Predicate = true> <Delay = 0.42>
ST_1 : Operation 80 [1/1] (0.42ns)   --->   "%store_ln0 = store i16 %REG_V_28_read, i16 %REG_V_60"   --->   Operation 80 'store' 'store_ln0' <Predicate = true> <Delay = 0.42>
ST_1 : Operation 81 [1/1] (0.42ns)   --->   "%store_ln0 = store i16 %REG_V_27_read, i16 %REG_V_59"   --->   Operation 81 'store' 'store_ln0' <Predicate = true> <Delay = 0.42>
ST_1 : Operation 82 [1/1] (0.42ns)   --->   "%store_ln0 = store i16 %REG_V_26_read, i16 %REG_V_58"   --->   Operation 82 'store' 'store_ln0' <Predicate = true> <Delay = 0.42>
ST_1 : Operation 83 [1/1] (0.42ns)   --->   "%store_ln0 = store i16 %REG_V_25_read, i16 %REG_V_57"   --->   Operation 83 'store' 'store_ln0' <Predicate = true> <Delay = 0.42>
ST_1 : Operation 84 [1/1] (0.42ns)   --->   "%store_ln0 = store i16 %REG_V_24_read, i16 %REG_V_56"   --->   Operation 84 'store' 'store_ln0' <Predicate = true> <Delay = 0.42>
ST_1 : Operation 85 [1/1] (0.42ns)   --->   "%store_ln0 = store i16 %REG_V_23_read, i16 %REG_V_55"   --->   Operation 85 'store' 'store_ln0' <Predicate = true> <Delay = 0.42>
ST_1 : Operation 86 [1/1] (0.42ns)   --->   "%store_ln0 = store i16 %REG_V_22_read, i16 %REG_V_54"   --->   Operation 86 'store' 'store_ln0' <Predicate = true> <Delay = 0.42>
ST_1 : Operation 87 [1/1] (0.42ns)   --->   "%store_ln0 = store i16 %REG_V_21_read, i16 %REG_V_53"   --->   Operation 87 'store' 'store_ln0' <Predicate = true> <Delay = 0.42>
ST_1 : Operation 88 [1/1] (0.42ns)   --->   "%store_ln0 = store i16 %REG_V_20_read, i16 %REG_V_52"   --->   Operation 88 'store' 'store_ln0' <Predicate = true> <Delay = 0.42>
ST_1 : Operation 89 [1/1] (0.42ns)   --->   "%store_ln0 = store i16 %REG_V_19_read, i16 %REG_V_51"   --->   Operation 89 'store' 'store_ln0' <Predicate = true> <Delay = 0.42>
ST_1 : Operation 90 [1/1] (0.42ns)   --->   "%store_ln0 = store i16 %REG_V_18_read, i16 %REG_V_50"   --->   Operation 90 'store' 'store_ln0' <Predicate = true> <Delay = 0.42>
ST_1 : Operation 91 [1/1] (0.42ns)   --->   "%store_ln0 = store i16 %REG_V_17_read, i16 %REG_V_49"   --->   Operation 91 'store' 'store_ln0' <Predicate = true> <Delay = 0.42>
ST_1 : Operation 92 [1/1] (0.42ns)   --->   "%store_ln0 = store i16 %REG_V_16_read, i16 %REG_V_48"   --->   Operation 92 'store' 'store_ln0' <Predicate = true> <Delay = 0.42>
ST_1 : Operation 93 [1/1] (0.42ns)   --->   "%store_ln0 = store i16 %REG_V_15_read, i16 %REG_V_47"   --->   Operation 93 'store' 'store_ln0' <Predicate = true> <Delay = 0.42>
ST_1 : Operation 94 [1/1] (0.42ns)   --->   "%store_ln0 = store i16 %REG_V_14_read, i16 %REG_V_46"   --->   Operation 94 'store' 'store_ln0' <Predicate = true> <Delay = 0.42>
ST_1 : Operation 95 [1/1] (0.42ns)   --->   "%store_ln0 = store i16 %REG_V_13_read, i16 %REG_V_45"   --->   Operation 95 'store' 'store_ln0' <Predicate = true> <Delay = 0.42>
ST_1 : Operation 96 [1/1] (0.42ns)   --->   "%store_ln0 = store i16 %REG_V_12_read, i16 %REG_V_44"   --->   Operation 96 'store' 'store_ln0' <Predicate = true> <Delay = 0.42>
ST_1 : Operation 97 [1/1] (0.42ns)   --->   "%store_ln0 = store i16 %REG_V_11_read, i16 %REG_V_43"   --->   Operation 97 'store' 'store_ln0' <Predicate = true> <Delay = 0.42>
ST_1 : Operation 98 [1/1] (0.42ns)   --->   "%store_ln0 = store i16 %REG_V_10_read, i16 %REG_V_42"   --->   Operation 98 'store' 'store_ln0' <Predicate = true> <Delay = 0.42>
ST_1 : Operation 99 [1/1] (0.42ns)   --->   "%store_ln0 = store i16 %REG_V_9_read, i16 %REG_V_41"   --->   Operation 99 'store' 'store_ln0' <Predicate = true> <Delay = 0.42>
ST_1 : Operation 100 [1/1] (0.42ns)   --->   "%store_ln0 = store i16 %REG_V_8_read, i16 %REG_V_40"   --->   Operation 100 'store' 'store_ln0' <Predicate = true> <Delay = 0.42>
ST_1 : Operation 101 [1/1] (0.42ns)   --->   "%store_ln0 = store i16 %REG_V_7_read, i16 %REG_V_39"   --->   Operation 101 'store' 'store_ln0' <Predicate = true> <Delay = 0.42>
ST_1 : Operation 102 [1/1] (0.42ns)   --->   "%store_ln0 = store i16 %REG_V_6_read, i16 %REG_V_38"   --->   Operation 102 'store' 'store_ln0' <Predicate = true> <Delay = 0.42>
ST_1 : Operation 103 [1/1] (0.42ns)   --->   "%store_ln0 = store i16 %REG_V_5_read, i16 %REG_V_37"   --->   Operation 103 'store' 'store_ln0' <Predicate = true> <Delay = 0.42>
ST_1 : Operation 104 [1/1] (0.42ns)   --->   "%store_ln0 = store i16 %REG_V_4_read, i16 %REG_V_36"   --->   Operation 104 'store' 'store_ln0' <Predicate = true> <Delay = 0.42>
ST_1 : Operation 105 [1/1] (0.42ns)   --->   "%store_ln0 = store i16 %REG_V_3_read, i16 %REG_V_35"   --->   Operation 105 'store' 'store_ln0' <Predicate = true> <Delay = 0.42>
ST_1 : Operation 106 [1/1] (0.42ns)   --->   "%store_ln0 = store i16 %REG_V_2_read, i16 %REG_V_34"   --->   Operation 106 'store' 'store_ln0' <Predicate = true> <Delay = 0.42>
ST_1 : Operation 107 [1/1] (0.42ns)   --->   "%store_ln0 = store i16 %REG_V_1_read, i16 %REG_V_33"   --->   Operation 107 'store' 'store_ln0' <Predicate = true> <Delay = 0.42>
ST_1 : Operation 108 [1/1] (0.42ns)   --->   "%store_ln0 = store i16 %REG_V_read, i16 %REG_V_32"   --->   Operation 108 'store' 'store_ln0' <Predicate = true> <Delay = 0.42>
ST_1 : Operation 109 [1/1] (0.42ns)   --->   "%store_ln0 = store i2 0, i2 %fe"   --->   Operation 109 'store' 'store_ln0' <Predicate = true> <Delay = 0.42>
ST_1 : Operation 110 [1/1] (0.42ns)   --->   "%store_ln0 = store i34 0, i34 %self_sum_V"   --->   Operation 110 'store' 'store_ln0' <Predicate = true> <Delay = 0.42>
ST_1 : Operation 111 [1/1] (0.00ns)   --->   "%br_ln0 = br void %for.inc55"   --->   Operation 111 'br' 'br_ln0' <Predicate = true> <Delay = 0.00>
ST_1 : Operation 112 [1/1] (0.00ns)   --->   "%fe_1 = load i2 %fe" [Compute_block/Compute.cpp:61]   --->   Operation 112 'load' 'fe_1' <Predicate = true> <Delay = 0.00>
ST_1 : Operation 113 [1/1] (0.44ns)   --->   "%icmp_ln60 = icmp_eq  i2 %fe_1, i2 2" [Compute_block/Compute.cpp:60]   --->   Operation 113 'icmp' 'icmp_ln60' <Predicate = true> <Delay = 0.44> <CoreInst = "Cmp">   --->   Core 9 'Cmp' <Latency = 0> <II = 1> <Delay = 0.58> <FuncUnit> <Opcode : 'icmp'> <InPorts = 2> <OutPorts = 1>
ST_1 : Operation 114 [1/1] (0.54ns)   --->   "%add_ln60 = add i2 %fe_1, i2 1" [Compute_block/Compute.cpp:60]   --->   Operation 114 'add' 'add_ln60' <Predicate = true> <Delay = 0.54> <CoreInst = "Adder">   --->   Core 1 'Adder' <Latency = 0> <II = 1> <Delay = 0.54> <FuncUnit> <Opcode : 'add' 'sub'> <InPorts = 2> <OutPorts = 1>
ST_1 : Operation 115 [1/1] (0.00ns)   --->   "%br_ln60 = br i1 %icmp_ln60, void %for.inc55.split, void %for.end57.exitStub" [Compute_block/Compute.cpp:60]   --->   Operation 115 'br' 'br_ln60' <Predicate = true> <Delay = 0.00>
ST_1 : Operation 116 [1/1] (0.00ns)   --->   "%trunc_ln61 = trunc i2 %fe_1" [Compute_block/Compute.cpp:61]   --->   Operation 116 'trunc' 'trunc_ln61' <Predicate = (!icmp_ln60)> <Delay = 0.00>
ST_1 : Operation 117 [1/1] (0.00ns)   --->   "%add_ln = bitconcatenate i3 @_ssdm_op_BitConcatenate.i3.i2.i1, i2 %i_cast_read, i1 %trunc_ln61" [Compute_block/Compute.cpp:61]   --->   Operation 117 'bitconcatenate' 'add_ln' <Predicate = (!icmp_ln60)> <Delay = 0.00>
ST_1 : Operation 118 [1/1] (0.00ns)   --->   "%zext_ln61 = zext i3 %add_ln" [Compute_block/Compute.cpp:61]   --->   Operation 118 'zext' 'zext_ln61' <Predicate = (!icmp_ln60)> <Delay = 0.00>
ST_1 : Operation 119 [1/1] (0.00ns)   --->   "%buffer_1_addr = getelementptr i64 %buffer_1, i64 0, i64 %zext_ln61" [Compute_block/Compute.cpp:61]   --->   Operation 119 'getelementptr' 'buffer_1_addr' <Predicate = (!icmp_ln60)> <Delay = 0.00>
ST_1 : Operation 120 [2/2] (0.67ns)   --->   "%word = load i3 %buffer_1_addr" [Compute_block/Compute.cpp:61]   --->   Operation 120 'load' 'word' <Predicate = (!icmp_ln60)> <Delay = 0.67> <CoreInst = "RAM">   --->   Core 83 'RAM' <Latency = 1> <II = 1> <Delay = 0.67> <Storage> <Opcode : 'load' 'store'> <Ports = 2> <Width = 64> <Depth = 8> <RAM>
ST_1 : Operation 121 [1/1] (0.44ns)   --->   "%switch_ln66 = switch i2 %i_cast_read, void %arrayidx325.case.3, i2 0, void %arrayidx325.case.0, i2 1, void %arrayidx325.case.1, i2 2, void %arrayidx325.case.2" [Compute_block/Compute.cpp:66]   --->   Operation 121 'switch' 'switch_ln66' <Predicate = (!icmp_ln60)> <Delay = 0.44>
ST_1 : Operation 122 [1/1] (0.42ns)   --->   "%store_ln60 = store i2 %add_ln60, i2 %fe" [Compute_block/Compute.cpp:60]   --->   Operation 122 'store' 'store_ln60' <Predicate = (!icmp_ln60)> <Delay = 0.42>

State 2 <SV = 1> <Delay = 1.46>
ST_2 : Operation 123 [1/1] (0.00ns)   --->   "%specloopname_ln47 = specloopname void @_ssdm_op_SpecLoopName, void @empty_4" [Compute_block/Compute.cpp:47]   --->   Operation 123 'specloopname' 'specloopname_ln47' <Predicate = (!icmp_ln60)> <Delay = 0.00>
ST_2 : Operation 124 [1/2] (0.67ns)   --->   "%word = load i3 %buffer_1_addr" [Compute_block/Compute.cpp:61]   --->   Operation 124 'load' 'word' <Predicate = (!icmp_ln60)> <Delay = 0.67> <CoreInst = "RAM">   --->   Core 83 'RAM' <Latency = 1> <II = 1> <Delay = 0.67> <Storage> <Opcode : 'load' 'store'> <Ports = 2> <Width = 64> <Depth = 8> <RAM>
ST_2 : Operation 125 [1/1] (0.00ns)   --->   "%lhs = trunc i64 %word"   --->   Operation 125 'trunc' 'lhs' <Predicate = (!icmp_ln60)> <Delay = 0.00>
ST_2 : Operation 126 [1/1] (0.00ns)   --->   "%lhs_1 = partselect i16 @_ssdm_op_PartSelect.i16.i64.i32.i32, i64 %word, i32 16, i32 31"   --->   Operation 126 'partselect' 'lhs_1' <Predicate = (!icmp_ln60)> <Delay = 0.00>
ST_2 : Operation 127 [1/1] (0.00ns)   --->   "%rhs = partselect i16 @_ssdm_op_PartSelect.i16.i64.i32.i32, i64 %word, i32 32, i32 47"   --->   Operation 127 'partselect' 'rhs' <Predicate = (!icmp_ln60)> <Delay = 0.00>
ST_2 : Operation 128 [1/1] (0.00ns)   --->   "%rhs_1 = partselect i16 @_ssdm_op_PartSelect.i16.i64.i32.i32, i64 %word, i32 48, i32 63"   --->   Operation 128 'partselect' 'rhs_1' <Predicate = (!icmp_ln60)> <Delay = 0.00>
ST_2 : Operation 129 [1/1] (0.00ns)   --->   "%REG_V_48_load_1 = load i16 %REG_V_48" [Compute_block/Compute.cpp:66]   --->   Operation 129 'load' 'REG_V_48_load_1' <Predicate = (!icmp_ln60 & i_cast_read == 2 & trunc_ln61)> <Delay = 0.00>
ST_2 : Operation 130 [1/1] (0.00ns)   --->   "%REG_V_49_load_1 = load i16 %REG_V_49" [Compute_block/Compute.cpp:67]   --->   Operation 130 'load' 'REG_V_49_load_1' <Predicate = (!icmp_ln60 & i_cast_read == 2 & trunc_ln61)> <Delay = 0.00>
ST_2 : Operation 131 [1/1] (0.00ns)   --->   "%REG_V_50_load_1 = load i16 %REG_V_50" [Compute_block/Compute.cpp:66]   --->   Operation 131 'load' 'REG_V_50_load_1' <Predicate = (!icmp_ln60 & i_cast_read == 2 & !trunc_ln61)> <Delay = 0.00>
ST_2 : Operation 132 [1/1] (0.00ns)   --->   "%REG_V_51_load_1 = load i16 %REG_V_51" [Compute_block/Compute.cpp:67]   --->   Operation 132 'load' 'REG_V_51_load_1' <Predicate = (!icmp_ln60 & i_cast_read == 2 & !trunc_ln61)> <Delay = 0.00>
ST_2 : Operation 133 [1/1] (0.00ns)   --->   "%REG_V_52_load_1 = load i16 %REG_V_52" [Compute_block/Compute.cpp:68]   --->   Operation 133 'load' 'REG_V_52_load_1' <Predicate = (!icmp_ln60 & i_cast_read == 2 & trunc_ln61)> <Delay = 0.00>
ST_2 : Operation 134 [1/1] (0.00ns)   --->   "%REG_V_53_load_1 = load i16 %REG_V_53" [Compute_block/Compute.cpp:69]   --->   Operation 134 'load' 'REG_V_53_load_1' <Predicate = (!icmp_ln60 & i_cast_read == 2 & trunc_ln61)> <Delay = 0.00>
ST_2 : Operation 135 [1/1] (0.00ns)   --->   "%REG_V_54_load_1 = load i16 %REG_V_54" [Compute_block/Compute.cpp:68]   --->   Operation 135 'load' 'REG_V_54_load_1' <Predicate = (!icmp_ln60 & i_cast_read == 2 & !trunc_ln61)> <Delay = 0.00>
ST_2 : Operation 136 [1/1] (0.00ns)   --->   "%REG_V_55_load_1 = load i16 %REG_V_55" [Compute_block/Compute.cpp:69]   --->   Operation 136 'load' 'REG_V_55_load_1' <Predicate = (!icmp_ln60 & i_cast_read == 2 & !trunc_ln61)> <Delay = 0.00>
ST_2 : Operation 137 [1/1] (0.35ns)   --->   "%REG_V_78 = select i1 %trunc_ln61, i16 %lhs, i16 %REG_V_50_load_1" [Compute_block/Compute.cpp:66]   --->   Operation 137 'select' 'REG_V_78' <Predicate = (!icmp_ln60 & i_cast_read == 2)> <Delay = 0.35> <CoreInst = "Sel">   --->   Core 73 'Sel' <Latency = 0> <II = 1> <Delay = 0.35> <FuncUnit> <Opcode : 'select'> <InPorts = 3> <OutPorts = 1>
ST_2 : Operation 138 [1/1] (0.35ns)   --->   "%REG_V_79 = select i1 %trunc_ln61, i16 %REG_V_48_load_1, i16 %lhs" [Compute_block/Compute.cpp:66]   --->   Operation 138 'select' 'REG_V_79' <Predicate = (!icmp_ln60 & i_cast_read == 2)> <Delay = 0.35> <CoreInst = "Sel">   --->   Core 73 'Sel' <Latency = 0> <II = 1> <Delay = 0.35> <FuncUnit> <Opcode : 'select'> <InPorts = 3> <OutPorts = 1>
ST_2 : Operation 139 [1/1] (0.35ns)   --->   "%REG_V_83 = select i1 %trunc_ln61, i16 %lhs_1, i16 %REG_V_51_load_1" [Compute_block/Compute.cpp:67]   --->   Operation 139 'select' 'REG_V_83' <Predicate = (!icmp_ln60 & i_cast_read == 2)> <Delay = 0.35> <CoreInst = "Sel">   --->   Core 73 'Sel' <Latency = 0> <II = 1> <Delay = 0.35> <FuncUnit> <Opcode : 'select'> <InPorts = 3> <OutPorts = 1>
ST_2 : Operation 140 [1/1] (0.35ns)   --->   "%REG_V_82 = select i1 %trunc_ln61, i16 %REG_V_49_load_1, i16 %lhs_1" [Compute_block/Compute.cpp:67]   --->   Operation 140 'select' 'REG_V_82' <Predicate = (!icmp_ln60 & i_cast_read == 2)> <Delay = 0.35> <CoreInst = "Sel">   --->   Core 73 'Sel' <Latency = 0> <II = 1> <Delay = 0.35> <FuncUnit> <Opcode : 'select'> <InPorts = 3> <OutPorts = 1>
ST_2 : Operation 141 [1/1] (0.35ns)   --->   "%REG_V_81 = select i1 %trunc_ln61, i16 %rhs, i16 %REG_V_54_load_1" [Compute_block/Compute.cpp:68]   --->   Operation 141 'select' 'REG_V_81' <Predicate = (!icmp_ln60 & i_cast_read == 2)> <Delay = 0.35> <CoreInst = "Sel">   --->   Core 73 'Sel' <Latency = 0> <II = 1> <Delay = 0.35> <FuncUnit> <Opcode : 'select'> <InPorts = 3> <OutPorts = 1>
ST_2 : Operation 142 [1/1] (0.35ns)   --->   "%REG_V_80 = select i1 %trunc_ln61, i16 %REG_V_52_load_1, i16 %rhs" [Compute_block/Compute.cpp:68]   --->   Operation 142 'select' 'REG_V_80' <Predicate = (!icmp_ln60 & i_cast_read == 2)> <Delay = 0.35> <CoreInst = "Sel">   --->   Core 73 'Sel' <Latency = 0> <II = 1> <Delay = 0.35> <FuncUnit> <Opcode : 'select'> <InPorts = 3> <OutPorts = 1>
ST_2 : Operation 143 [1/1] (0.35ns)   --->   "%select_ln69_6 = select i1 %trunc_ln61, i16 %rhs_1, i16 %REG_V_55_load_1" [Compute_block/Compute.cpp:69]   --->   Operation 143 'select' 'select_ln69_6' <Predicate = (!icmp_ln60 & i_cast_read == 2)> <Delay = 0.35> <CoreInst = "Sel">   --->   Core 73 'Sel' <Latency = 0> <II = 1> <Delay = 0.35> <FuncUnit> <Opcode : 'select'> <InPorts = 3> <OutPorts = 1>
ST_2 : Operation 144 [1/1] (0.35ns)   --->   "%select_ln69_7 = select i1 %trunc_ln61, i16 %REG_V_53_load_1, i16 %rhs_1" [Compute_block/Compute.cpp:69]   --->   Operation 144 'select' 'select_ln69_7' <Predicate = (!icmp_ln60 & i_cast_read == 2)> <Delay = 0.35> <CoreInst = "Sel">   --->   Core 73 'Sel' <Latency = 0> <II = 1> <Delay = 0.35> <FuncUnit> <Opcode : 'select'> <InPorts = 3> <OutPorts = 1>
ST_2 : Operation 145 [1/1] (0.42ns)   --->   "%store_ln69 = store i16 %select_ln69_6, i16 %REG_V_55" [Compute_block/Compute.cpp:69]   --->   Operation 145 'store' 'store_ln69' <Predicate = (!icmp_ln60 & i_cast_read == 2)> <Delay = 0.42>
ST_2 : Operation 146 [1/1] (0.42ns)   --->   "%store_ln69 = store i16 %REG_V_81, i16 %REG_V_54" [Compute_block/Compute.cpp:69]   --->   Operation 146 'store' 'store_ln69' <Predicate = (!icmp_ln60 & i_cast_read == 2)> <Delay = 0.42>
ST_2 : Operation 147 [1/1] (0.42ns)   --->   "%store_ln69 = store i16 %select_ln69_7, i16 %REG_V_53" [Compute_block/Compute.cpp:69]   --->   Operation 147 'store' 'store_ln69' <Predicate = (!icmp_ln60 & i_cast_read == 2)> <Delay = 0.42>
ST_2 : Operation 148 [1/1] (0.42ns)   --->   "%store_ln69 = store i16 %REG_V_80, i16 %REG_V_52" [Compute_block/Compute.cpp:69]   --->   Operation 148 'store' 'store_ln69' <Predicate = (!icmp_ln60 & i_cast_read == 2)> <Delay = 0.42>
ST_2 : Operation 149 [1/1] (0.42ns)   --->   "%store_ln69 = store i16 %REG_V_83, i16 %REG_V_51" [Compute_block/Compute.cpp:69]   --->   Operation 149 'store' 'store_ln69' <Predicate = (!icmp_ln60 & i_cast_read == 2)> <Delay = 0.42>
ST_2 : Operation 150 [1/1] (0.42ns)   --->   "%store_ln69 = store i16 %REG_V_78, i16 %REG_V_50" [Compute_block/Compute.cpp:69]   --->   Operation 150 'store' 'store_ln69' <Predicate = (!icmp_ln60 & i_cast_read == 2)> <Delay = 0.42>
ST_2 : Operation 151 [1/1] (0.42ns)   --->   "%store_ln69 = store i16 %REG_V_82, i16 %REG_V_49" [Compute_block/Compute.cpp:69]   --->   Operation 151 'store' 'store_ln69' <Predicate = (!icmp_ln60 & i_cast_read == 2)> <Delay = 0.42>
ST_2 : Operation 152 [1/1] (0.42ns)   --->   "%store_ln69 = store i16 %REG_V_79, i16 %REG_V_48" [Compute_block/Compute.cpp:69]   --->   Operation 152 'store' 'store_ln69' <Predicate = (!icmp_ln60 & i_cast_read == 2)> <Delay = 0.42>
ST_2 : Operation 153 [1/1] (0.00ns)   --->   "%br_ln69 = br void %arrayidx518.exit" [Compute_block/Compute.cpp:69]   --->   Operation 153 'br' 'br_ln69' <Predicate = (!icmp_ln60 & i_cast_read == 2)> <Delay = 0.00>
ST_2 : Operation 154 [1/1] (0.00ns)   --->   "%REG_V_40_load_1 = load i16 %REG_V_40" [Compute_block/Compute.cpp:66]   --->   Operation 154 'load' 'REG_V_40_load_1' <Predicate = (!icmp_ln60 & i_cast_read == 1 & trunc_ln61)> <Delay = 0.00>
ST_2 : Operation 155 [1/1] (0.00ns)   --->   "%REG_V_41_load_1 = load i16 %REG_V_41" [Compute_block/Compute.cpp:67]   --->   Operation 155 'load' 'REG_V_41_load_1' <Predicate = (!icmp_ln60 & i_cast_read == 1 & trunc_ln61)> <Delay = 0.00>
ST_2 : Operation 156 [1/1] (0.00ns)   --->   "%REG_V_42_load_1 = load i16 %REG_V_42" [Compute_block/Compute.cpp:66]   --->   Operation 156 'load' 'REG_V_42_load_1' <Predicate = (!icmp_ln60 & i_cast_read == 1 & !trunc_ln61)> <Delay = 0.00>
ST_2 : Operation 157 [1/1] (0.00ns)   --->   "%REG_V_43_load_1 = load i16 %REG_V_43" [Compute_block/Compute.cpp:67]   --->   Operation 157 'load' 'REG_V_43_load_1' <Predicate = (!icmp_ln60 & i_cast_read == 1 & !trunc_ln61)> <Delay = 0.00>
ST_2 : Operation 158 [1/1] (0.00ns)   --->   "%REG_V_44_load_1 = load i16 %REG_V_44" [Compute_block/Compute.cpp:68]   --->   Operation 158 'load' 'REG_V_44_load_1' <Predicate = (!icmp_ln60 & i_cast_read == 1 & trunc_ln61)> <Delay = 0.00>
ST_2 : Operation 159 [1/1] (0.00ns)   --->   "%REG_V_45_load_1 = load i16 %REG_V_45" [Compute_block/Compute.cpp:69]   --->   Operation 159 'load' 'REG_V_45_load_1' <Predicate = (!icmp_ln60 & i_cast_read == 1 & trunc_ln61)> <Delay = 0.00>
ST_2 : Operation 160 [1/1] (0.00ns)   --->   "%REG_V_46_load_1 = load i16 %REG_V_46" [Compute_block/Compute.cpp:68]   --->   Operation 160 'load' 'REG_V_46_load_1' <Predicate = (!icmp_ln60 & i_cast_read == 1 & !trunc_ln61)> <Delay = 0.00>
ST_2 : Operation 161 [1/1] (0.00ns)   --->   "%REG_V_47_load_1 = load i16 %REG_V_47" [Compute_block/Compute.cpp:69]   --->   Operation 161 'load' 'REG_V_47_load_1' <Predicate = (!icmp_ln60 & i_cast_read == 1 & !trunc_ln61)> <Delay = 0.00>
ST_2 : Operation 162 [1/1] (0.35ns)   --->   "%REG_V_74 = select i1 %trunc_ln61, i16 %lhs, i16 %REG_V_42_load_1" [Compute_block/Compute.cpp:66]   --->   Operation 162 'select' 'REG_V_74' <Predicate = (!icmp_ln60 & i_cast_read == 1)> <Delay = 0.35> <CoreInst = "Sel">   --->   Core 73 'Sel' <Latency = 0> <II = 1> <Delay = 0.35> <FuncUnit> <Opcode : 'select'> <InPorts = 3> <OutPorts = 1>
ST_2 : Operation 163 [1/1] (0.35ns)   --->   "%REG_V_75 = select i1 %trunc_ln61, i16 %REG_V_40_load_1, i16 %lhs" [Compute_block/Compute.cpp:66]   --->   Operation 163 'select' 'REG_V_75' <Predicate = (!icmp_ln60 & i_cast_read == 1)> <Delay = 0.35> <CoreInst = "Sel">   --->   Core 73 'Sel' <Latency = 0> <II = 1> <Delay = 0.35> <FuncUnit> <Opcode : 'select'> <InPorts = 3> <OutPorts = 1>
ST_2 : Operation 164 [1/1] (0.35ns)   --->   "%select_ln67_4 = select i1 %trunc_ln61, i16 %lhs_1, i16 %REG_V_43_load_1" [Compute_block/Compute.cpp:67]   --->   Operation 164 'select' 'select_ln67_4' <Predicate = (!icmp_ln60 & i_cast_read == 1)> <Delay = 0.35> <CoreInst = "Sel">   --->   Core 73 'Sel' <Latency = 0> <II = 1> <Delay = 0.35> <FuncUnit> <Opcode : 'select'> <InPorts = 3> <OutPorts = 1>
ST_2 : Operation 165 [1/1] (0.35ns)   --->   "%select_ln67_5 = select i1 %trunc_ln61, i16 %REG_V_41_load_1, i16 %lhs_1" [Compute_block/Compute.cpp:67]   --->   Operation 165 'select' 'select_ln67_5' <Predicate = (!icmp_ln60 & i_cast_read == 1)> <Delay = 0.35> <CoreInst = "Sel">   --->   Core 73 'Sel' <Latency = 0> <II = 1> <Delay = 0.35> <FuncUnit> <Opcode : 'select'> <InPorts = 3> <OutPorts = 1>
ST_2 : Operation 166 [1/1] (0.35ns)   --->   "%select_ln68_4 = select i1 %trunc_ln61, i16 %rhs, i16 %REG_V_46_load_1" [Compute_block/Compute.cpp:68]   --->   Operation 166 'select' 'select_ln68_4' <Predicate = (!icmp_ln60 & i_cast_read == 1)> <Delay = 0.35> <CoreInst = "Sel">   --->   Core 73 'Sel' <Latency = 0> <II = 1> <Delay = 0.35> <FuncUnit> <Opcode : 'select'> <InPorts = 3> <OutPorts = 1>
ST_2 : Operation 167 [1/1] (0.35ns)   --->   "%select_ln68_5 = select i1 %trunc_ln61, i16 %REG_V_44_load_1, i16 %rhs" [Compute_block/Compute.cpp:68]   --->   Operation 167 'select' 'select_ln68_5' <Predicate = (!icmp_ln60 & i_cast_read == 1)> <Delay = 0.35> <CoreInst = "Sel">   --->   Core 73 'Sel' <Latency = 0> <II = 1> <Delay = 0.35> <FuncUnit> <Opcode : 'select'> <InPorts = 3> <OutPorts = 1>
ST_2 : Operation 168 [1/1] (0.35ns)   --->   "%select_ln69_4 = select i1 %trunc_ln61, i16 %rhs_1, i16 %REG_V_47_load_1" [Compute_block/Compute.cpp:69]   --->   Operation 168 'select' 'select_ln69_4' <Predicate = (!icmp_ln60 & i_cast_read == 1)> <Delay = 0.35> <CoreInst = "Sel">   --->   Core 73 'Sel' <Latency = 0> <II = 1> <Delay = 0.35> <FuncUnit> <Opcode : 'select'> <InPorts = 3> <OutPorts = 1>
ST_2 : Operation 169 [1/1] (0.35ns)   --->   "%select_ln69_5 = select i1 %trunc_ln61, i16 %REG_V_45_load_1, i16 %rhs_1" [Compute_block/Compute.cpp:69]   --->   Operation 169 'select' 'select_ln69_5' <Predicate = (!icmp_ln60 & i_cast_read == 1)> <Delay = 0.35> <CoreInst = "Sel">   --->   Core 73 'Sel' <Latency = 0> <II = 1> <Delay = 0.35> <FuncUnit> <Opcode : 'select'> <InPorts = 3> <OutPorts = 1>
ST_2 : Operation 170 [1/1] (0.42ns)   --->   "%store_ln69 = store i16 %select_ln69_4, i16 %REG_V_47" [Compute_block/Compute.cpp:69]   --->   Operation 170 'store' 'store_ln69' <Predicate = (!icmp_ln60 & i_cast_read == 1)> <Delay = 0.42>
ST_2 : Operation 171 [1/1] (0.42ns)   --->   "%store_ln69 = store i16 %select_ln68_4, i16 %REG_V_46" [Compute_block/Compute.cpp:69]   --->   Operation 171 'store' 'store_ln69' <Predicate = (!icmp_ln60 & i_cast_read == 1)> <Delay = 0.42>
ST_2 : Operation 172 [1/1] (0.42ns)   --->   "%store_ln69 = store i16 %select_ln69_5, i16 %REG_V_45" [Compute_block/Compute.cpp:69]   --->   Operation 172 'store' 'store_ln69' <Predicate = (!icmp_ln60 & i_cast_read == 1)> <Delay = 0.42>
ST_2 : Operation 173 [1/1] (0.42ns)   --->   "%store_ln69 = store i16 %select_ln68_5, i16 %REG_V_44" [Compute_block/Compute.cpp:69]   --->   Operation 173 'store' 'store_ln69' <Predicate = (!icmp_ln60 & i_cast_read == 1)> <Delay = 0.42>
ST_2 : Operation 174 [1/1] (0.42ns)   --->   "%store_ln69 = store i16 %select_ln67_4, i16 %REG_V_43" [Compute_block/Compute.cpp:69]   --->   Operation 174 'store' 'store_ln69' <Predicate = (!icmp_ln60 & i_cast_read == 1)> <Delay = 0.42>
ST_2 : Operation 175 [1/1] (0.42ns)   --->   "%store_ln69 = store i16 %REG_V_74, i16 %REG_V_42" [Compute_block/Compute.cpp:69]   --->   Operation 175 'store' 'store_ln69' <Predicate = (!icmp_ln60 & i_cast_read == 1)> <Delay = 0.42>
ST_2 : Operation 176 [1/1] (0.42ns)   --->   "%store_ln69 = store i16 %select_ln67_5, i16 %REG_V_41" [Compute_block/Compute.cpp:69]   --->   Operation 176 'store' 'store_ln69' <Predicate = (!icmp_ln60 & i_cast_read == 1)> <Delay = 0.42>
ST_2 : Operation 177 [1/1] (0.42ns)   --->   "%store_ln69 = store i16 %REG_V_75, i16 %REG_V_40" [Compute_block/Compute.cpp:69]   --->   Operation 177 'store' 'store_ln69' <Predicate = (!icmp_ln60 & i_cast_read == 1)> <Delay = 0.42>
ST_2 : Operation 178 [1/1] (0.00ns)   --->   "%br_ln69 = br void %arrayidx518.exit" [Compute_block/Compute.cpp:69]   --->   Operation 178 'br' 'br_ln69' <Predicate = (!icmp_ln60 & i_cast_read == 1)> <Delay = 0.00>
ST_2 : Operation 179 [1/1] (0.00ns)   --->   "%REG_V_32_load_1 = load i16 %REG_V_32" [Compute_block/Compute.cpp:66]   --->   Operation 179 'load' 'REG_V_32_load_1' <Predicate = (!icmp_ln60 & i_cast_read == 0 & trunc_ln61)> <Delay = 0.00>
ST_2 : Operation 180 [1/1] (0.00ns)   --->   "%REG_V_33_load_1 = load i16 %REG_V_33" [Compute_block/Compute.cpp:67]   --->   Operation 180 'load' 'REG_V_33_load_1' <Predicate = (!icmp_ln60 & i_cast_read == 0 & trunc_ln61)> <Delay = 0.00>
ST_2 : Operation 181 [1/1] (0.00ns)   --->   "%REG_V_34_load_1 = load i16 %REG_V_34" [Compute_block/Compute.cpp:66]   --->   Operation 181 'load' 'REG_V_34_load_1' <Predicate = (!icmp_ln60 & i_cast_read == 0 & !trunc_ln61)> <Delay = 0.00>
ST_2 : Operation 182 [1/1] (0.00ns)   --->   "%REG_V_35_load_1 = load i16 %REG_V_35" [Compute_block/Compute.cpp:67]   --->   Operation 182 'load' 'REG_V_35_load_1' <Predicate = (!icmp_ln60 & i_cast_read == 0 & !trunc_ln61)> <Delay = 0.00>
ST_2 : Operation 183 [1/1] (0.00ns)   --->   "%REG_V_36_load_1 = load i16 %REG_V_36" [Compute_block/Compute.cpp:68]   --->   Operation 183 'load' 'REG_V_36_load_1' <Predicate = (!icmp_ln60 & i_cast_read == 0 & trunc_ln61)> <Delay = 0.00>
ST_2 : Operation 184 [1/1] (0.00ns)   --->   "%REG_V_37_load_1 = load i16 %REG_V_37" [Compute_block/Compute.cpp:69]   --->   Operation 184 'load' 'REG_V_37_load_1' <Predicate = (!icmp_ln60 & i_cast_read == 0 & trunc_ln61)> <Delay = 0.00>
ST_2 : Operation 185 [1/1] (0.00ns)   --->   "%REG_V_38_load_1 = load i16 %REG_V_38" [Compute_block/Compute.cpp:68]   --->   Operation 185 'load' 'REG_V_38_load_1' <Predicate = (!icmp_ln60 & i_cast_read == 0 & !trunc_ln61)> <Delay = 0.00>
ST_2 : Operation 186 [1/1] (0.00ns)   --->   "%REG_V_39_load_1 = load i16 %REG_V_39" [Compute_block/Compute.cpp:69]   --->   Operation 186 'load' 'REG_V_39_load_1' <Predicate = (!icmp_ln60 & i_cast_read == 0 & !trunc_ln61)> <Delay = 0.00>
ST_2 : Operation 187 [1/1] (0.35ns)   --->   "%REG_V_72 = select i1 %trunc_ln61, i16 %lhs, i16 %REG_V_34_load_1" [Compute_block/Compute.cpp:66]   --->   Operation 187 'select' 'REG_V_72' <Predicate = (!icmp_ln60 & i_cast_read == 0)> <Delay = 0.35> <CoreInst = "Sel">   --->   Core 73 'Sel' <Latency = 0> <II = 1> <Delay = 0.35> <FuncUnit> <Opcode : 'select'> <InPorts = 3> <OutPorts = 1>
ST_2 : Operation 188 [1/1] (0.35ns)   --->   "%REG_V_73 = select i1 %trunc_ln61, i16 %REG_V_32_load_1, i16 %lhs" [Compute_block/Compute.cpp:66]   --->   Operation 188 'select' 'REG_V_73' <Predicate = (!icmp_ln60 & i_cast_read == 0)> <Delay = 0.35> <CoreInst = "Sel">   --->   Core 73 'Sel' <Latency = 0> <II = 1> <Delay = 0.35> <FuncUnit> <Opcode : 'select'> <InPorts = 3> <OutPorts = 1>
ST_2 : Operation 189 [1/1] (0.35ns)   --->   "%select_ln67_2 = select i1 %trunc_ln61, i16 %lhs_1, i16 %REG_V_35_load_1" [Compute_block/Compute.cpp:67]   --->   Operation 189 'select' 'select_ln67_2' <Predicate = (!icmp_ln60 & i_cast_read == 0)> <Delay = 0.35> <CoreInst = "Sel">   --->   Core 73 'Sel' <Latency = 0> <II = 1> <Delay = 0.35> <FuncUnit> <Opcode : 'select'> <InPorts = 3> <OutPorts = 1>
ST_2 : Operation 190 [1/1] (0.35ns)   --->   "%select_ln67_3 = select i1 %trunc_ln61, i16 %REG_V_33_load_1, i16 %lhs_1" [Compute_block/Compute.cpp:67]   --->   Operation 190 'select' 'select_ln67_3' <Predicate = (!icmp_ln60 & i_cast_read == 0)> <Delay = 0.35> <CoreInst = "Sel">   --->   Core 73 'Sel' <Latency = 0> <II = 1> <Delay = 0.35> <FuncUnit> <Opcode : 'select'> <InPorts = 3> <OutPorts = 1>
ST_2 : Operation 191 [1/1] (0.35ns)   --->   "%select_ln68_2 = select i1 %trunc_ln61, i16 %rhs, i16 %REG_V_38_load_1" [Compute_block/Compute.cpp:68]   --->   Operation 191 'select' 'select_ln68_2' <Predicate = (!icmp_ln60 & i_cast_read == 0)> <Delay = 0.35> <CoreInst = "Sel">   --->   Core 73 'Sel' <Latency = 0> <II = 1> <Delay = 0.35> <FuncUnit> <Opcode : 'select'> <InPorts = 3> <OutPorts = 1>
ST_2 : Operation 192 [1/1] (0.35ns)   --->   "%select_ln68_3 = select i1 %trunc_ln61, i16 %REG_V_36_load_1, i16 %rhs" [Compute_block/Compute.cpp:68]   --->   Operation 192 'select' 'select_ln68_3' <Predicate = (!icmp_ln60 & i_cast_read == 0)> <Delay = 0.35> <CoreInst = "Sel">   --->   Core 73 'Sel' <Latency = 0> <II = 1> <Delay = 0.35> <FuncUnit> <Opcode : 'select'> <InPorts = 3> <OutPorts = 1>
ST_2 : Operation 193 [1/1] (0.35ns)   --->   "%select_ln69_2 = select i1 %trunc_ln61, i16 %rhs_1, i16 %REG_V_39_load_1" [Compute_block/Compute.cpp:69]   --->   Operation 193 'select' 'select_ln69_2' <Predicate = (!icmp_ln60 & i_cast_read == 0)> <Delay = 0.35> <CoreInst = "Sel">   --->   Core 73 'Sel' <Latency = 0> <II = 1> <Delay = 0.35> <FuncUnit> <Opcode : 'select'> <InPorts = 3> <OutPorts = 1>
ST_2 : Operation 194 [1/1] (0.35ns)   --->   "%select_ln69_3 = select i1 %trunc_ln61, i16 %REG_V_37_load_1, i16 %rhs_1" [Compute_block/Compute.cpp:69]   --->   Operation 194 'select' 'select_ln69_3' <Predicate = (!icmp_ln60 & i_cast_read == 0)> <Delay = 0.35> <CoreInst = "Sel">   --->   Core 73 'Sel' <Latency = 0> <II = 1> <Delay = 0.35> <FuncUnit> <Opcode : 'select'> <InPorts = 3> <OutPorts = 1>
ST_2 : Operation 195 [1/1] (0.42ns)   --->   "%store_ln69 = store i16 %select_ln69_2, i16 %REG_V_39" [Compute_block/Compute.cpp:69]   --->   Operation 195 'store' 'store_ln69' <Predicate = (!icmp_ln60 & i_cast_read == 0)> <Delay = 0.42>
ST_2 : Operation 196 [1/1] (0.42ns)   --->   "%store_ln69 = store i16 %select_ln68_2, i16 %REG_V_38" [Compute_block/Compute.cpp:69]   --->   Operation 196 'store' 'store_ln69' <Predicate = (!icmp_ln60 & i_cast_read == 0)> <Delay = 0.42>
ST_2 : Operation 197 [1/1] (0.42ns)   --->   "%store_ln69 = store i16 %select_ln69_3, i16 %REG_V_37" [Compute_block/Compute.cpp:69]   --->   Operation 197 'store' 'store_ln69' <Predicate = (!icmp_ln60 & i_cast_read == 0)> <Delay = 0.42>
ST_2 : Operation 198 [1/1] (0.42ns)   --->   "%store_ln69 = store i16 %select_ln68_3, i16 %REG_V_36" [Compute_block/Compute.cpp:69]   --->   Operation 198 'store' 'store_ln69' <Predicate = (!icmp_ln60 & i_cast_read == 0)> <Delay = 0.42>
ST_2 : Operation 199 [1/1] (0.42ns)   --->   "%store_ln69 = store i16 %select_ln67_2, i16 %REG_V_35" [Compute_block/Compute.cpp:69]   --->   Operation 199 'store' 'store_ln69' <Predicate = (!icmp_ln60 & i_cast_read == 0)> <Delay = 0.42>
ST_2 : Operation 200 [1/1] (0.42ns)   --->   "%store_ln69 = store i16 %REG_V_72, i16 %REG_V_34" [Compute_block/Compute.cpp:69]   --->   Operation 200 'store' 'store_ln69' <Predicate = (!icmp_ln60 & i_cast_read == 0)> <Delay = 0.42>
ST_2 : Operation 201 [1/1] (0.42ns)   --->   "%store_ln69 = store i16 %select_ln67_3, i16 %REG_V_33" [Compute_block/Compute.cpp:69]   --->   Operation 201 'store' 'store_ln69' <Predicate = (!icmp_ln60 & i_cast_read == 0)> <Delay = 0.42>
ST_2 : Operation 202 [1/1] (0.42ns)   --->   "%store_ln69 = store i16 %REG_V_73, i16 %REG_V_32" [Compute_block/Compute.cpp:69]   --->   Operation 202 'store' 'store_ln69' <Predicate = (!icmp_ln60 & i_cast_read == 0)> <Delay = 0.42>
ST_2 : Operation 203 [1/1] (0.00ns)   --->   "%br_ln69 = br void %arrayidx518.exit" [Compute_block/Compute.cpp:69]   --->   Operation 203 'br' 'br_ln69' <Predicate = (!icmp_ln60 & i_cast_read == 0)> <Delay = 0.00>
ST_2 : Operation 204 [1/1] (0.00ns)   --->   "%REG_V_56_load_1 = load i16 %REG_V_56" [Compute_block/Compute.cpp:66]   --->   Operation 204 'load' 'REG_V_56_load_1' <Predicate = (!icmp_ln60 & i_cast_read == 3 & trunc_ln61)> <Delay = 0.00>
ST_2 : Operation 205 [1/1] (0.00ns)   --->   "%REG_V_57_load_1 = load i16 %REG_V_57" [Compute_block/Compute.cpp:67]   --->   Operation 205 'load' 'REG_V_57_load_1' <Predicate = (!icmp_ln60 & i_cast_read == 3 & trunc_ln61)> <Delay = 0.00>
ST_2 : Operation 206 [1/1] (0.00ns)   --->   "%REG_V_58_load_1 = load i16 %REG_V_58" [Compute_block/Compute.cpp:66]   --->   Operation 206 'load' 'REG_V_58_load_1' <Predicate = (!icmp_ln60 & i_cast_read == 3 & !trunc_ln61)> <Delay = 0.00>
ST_2 : Operation 207 [1/1] (0.00ns)   --->   "%REG_V_59_load_1 = load i16 %REG_V_59" [Compute_block/Compute.cpp:67]   --->   Operation 207 'load' 'REG_V_59_load_1' <Predicate = (!icmp_ln60 & i_cast_read == 3 & !trunc_ln61)> <Delay = 0.00>
ST_2 : Operation 208 [1/1] (0.00ns)   --->   "%REG_V_60_load_1 = load i16 %REG_V_60" [Compute_block/Compute.cpp:68]   --->   Operation 208 'load' 'REG_V_60_load_1' <Predicate = (!icmp_ln60 & i_cast_read == 3 & trunc_ln61)> <Delay = 0.00>
ST_2 : Operation 209 [1/1] (0.00ns)   --->   "%REG_V_61_load_1 = load i16 %REG_V_61" [Compute_block/Compute.cpp:69]   --->   Operation 209 'load' 'REG_V_61_load_1' <Predicate = (!icmp_ln60 & i_cast_read == 3 & trunc_ln61)> <Delay = 0.00>
ST_2 : Operation 210 [1/1] (0.00ns)   --->   "%REG_V_62_load_1 = load i16 %REG_V_62" [Compute_block/Compute.cpp:68]   --->   Operation 210 'load' 'REG_V_62_load_1' <Predicate = (!icmp_ln60 & i_cast_read == 3 & !trunc_ln61)> <Delay = 0.00>
ST_2 : Operation 211 [1/1] (0.00ns)   --->   "%REG_V_63_load_1 = load i16 %REG_V_63" [Compute_block/Compute.cpp:69]   --->   Operation 211 'load' 'REG_V_63_load_1' <Predicate = (!icmp_ln60 & i_cast_read == 3 & !trunc_ln61)> <Delay = 0.00>
ST_2 : Operation 212 [1/1] (0.35ns)   --->   "%REG_V_65 = select i1 %trunc_ln61, i16 %lhs, i16 %REG_V_58_load_1" [Compute_block/Compute.cpp:66]   --->   Operation 212 'select' 'REG_V_65' <Predicate = (!icmp_ln60 & i_cast_read == 3)> <Delay = 0.35> <CoreInst = "Sel">   --->   Core 73 'Sel' <Latency = 0> <II = 1> <Delay = 0.35> <FuncUnit> <Opcode : 'select'> <InPorts = 3> <OutPorts = 1>
ST_2 : Operation 213 [1/1] (0.35ns)   --->   "%REG_V_66 = select i1 %trunc_ln61, i16 %REG_V_56_load_1, i16 %lhs" [Compute_block/Compute.cpp:66]   --->   Operation 213 'select' 'REG_V_66' <Predicate = (!icmp_ln60 & i_cast_read == 3)> <Delay = 0.35> <CoreInst = "Sel">   --->   Core 73 'Sel' <Latency = 0> <II = 1> <Delay = 0.35> <FuncUnit> <Opcode : 'select'> <InPorts = 3> <OutPorts = 1>
ST_2 : Operation 214 [1/1] (0.35ns)   --->   "%select_ln67 = select i1 %trunc_ln61, i16 %lhs_1, i16 %REG_V_59_load_1" [Compute_block/Compute.cpp:67]   --->   Operation 214 'select' 'select_ln67' <Predicate = (!icmp_ln60 & i_cast_read == 3)> <Delay = 0.35> <CoreInst = "Sel">   --->   Core 73 'Sel' <Latency = 0> <II = 1> <Delay = 0.35> <FuncUnit> <Opcode : 'select'> <InPorts = 3> <OutPorts = 1>
ST_2 : Operation 215 [1/1] (0.35ns)   --->   "%select_ln67_1 = select i1 %trunc_ln61, i16 %REG_V_57_load_1, i16 %lhs_1" [Compute_block/Compute.cpp:67]   --->   Operation 215 'select' 'select_ln67_1' <Predicate = (!icmp_ln60 & i_cast_read == 3)> <Delay = 0.35> <CoreInst = "Sel">   --->   Core 73 'Sel' <Latency = 0> <II = 1> <Delay = 0.35> <FuncUnit> <Opcode : 'select'> <InPorts = 3> <OutPorts = 1>
ST_2 : Operation 216 [1/1] (0.35ns)   --->   "%select_ln68 = select i1 %trunc_ln61, i16 %rhs, i16 %REG_V_62_load_1" [Compute_block/Compute.cpp:68]   --->   Operation 216 'select' 'select_ln68' <Predicate = (!icmp_ln60 & i_cast_read == 3)> <Delay = 0.35> <CoreInst = "Sel">   --->   Core 73 'Sel' <Latency = 0> <II = 1> <Delay = 0.35> <FuncUnit> <Opcode : 'select'> <InPorts = 3> <OutPorts = 1>
ST_2 : Operation 217 [1/1] (0.35ns)   --->   "%select_ln68_1 = select i1 %trunc_ln61, i16 %REG_V_60_load_1, i16 %rhs" [Compute_block/Compute.cpp:68]   --->   Operation 217 'select' 'select_ln68_1' <Predicate = (!icmp_ln60 & i_cast_read == 3)> <Delay = 0.35> <CoreInst = "Sel">   --->   Core 73 'Sel' <Latency = 0> <II = 1> <Delay = 0.35> <FuncUnit> <Opcode : 'select'> <InPorts = 3> <OutPorts = 1>
ST_2 : Operation 218 [1/1] (0.35ns)   --->   "%select_ln69 = select i1 %trunc_ln61, i16 %rhs_1, i16 %REG_V_63_load_1" [Compute_block/Compute.cpp:69]   --->   Operation 218 'select' 'select_ln69' <Predicate = (!icmp_ln60 & i_cast_read == 3)> <Delay = 0.35> <CoreInst = "Sel">   --->   Core 73 'Sel' <Latency = 0> <II = 1> <Delay = 0.35> <FuncUnit> <Opcode : 'select'> <InPorts = 3> <OutPorts = 1>
ST_2 : Operation 219 [1/1] (0.35ns)   --->   "%select_ln69_1 = select i1 %trunc_ln61, i16 %REG_V_61_load_1, i16 %rhs_1" [Compute_block/Compute.cpp:69]   --->   Operation 219 'select' 'select_ln69_1' <Predicate = (!icmp_ln60 & i_cast_read == 3)> <Delay = 0.35> <CoreInst = "Sel">   --->   Core 73 'Sel' <Latency = 0> <II = 1> <Delay = 0.35> <FuncUnit> <Opcode : 'select'> <InPorts = 3> <OutPorts = 1>
ST_2 : Operation 220 [1/1] (0.42ns)   --->   "%store_ln69 = store i16 %select_ln69, i16 %REG_V_63" [Compute_block/Compute.cpp:69]   --->   Operation 220 'store' 'store_ln69' <Predicate = (!icmp_ln60 & i_cast_read == 3)> <Delay = 0.42>
ST_2 : Operation 221 [1/1] (0.42ns)   --->   "%store_ln69 = store i16 %select_ln68, i16 %REG_V_62" [Compute_block/Compute.cpp:69]   --->   Operation 221 'store' 'store_ln69' <Predicate = (!icmp_ln60 & i_cast_read == 3)> <Delay = 0.42>
ST_2 : Operation 222 [1/1] (0.42ns)   --->   "%store_ln69 = store i16 %select_ln69_1, i16 %REG_V_61" [Compute_block/Compute.cpp:69]   --->   Operation 222 'store' 'store_ln69' <Predicate = (!icmp_ln60 & i_cast_read == 3)> <Delay = 0.42>
ST_2 : Operation 223 [1/1] (0.42ns)   --->   "%store_ln69 = store i16 %select_ln68_1, i16 %REG_V_60" [Compute_block/Compute.cpp:69]   --->   Operation 223 'store' 'store_ln69' <Predicate = (!icmp_ln60 & i_cast_read == 3)> <Delay = 0.42>
ST_2 : Operation 224 [1/1] (0.42ns)   --->   "%store_ln69 = store i16 %select_ln67, i16 %REG_V_59" [Compute_block/Compute.cpp:69]   --->   Operation 224 'store' 'store_ln69' <Predicate = (!icmp_ln60 & i_cast_read == 3)> <Delay = 0.42>
ST_2 : Operation 225 [1/1] (0.42ns)   --->   "%store_ln69 = store i16 %REG_V_65, i16 %REG_V_58" [Compute_block/Compute.cpp:69]   --->   Operation 225 'store' 'store_ln69' <Predicate = (!icmp_ln60 & i_cast_read == 3)> <Delay = 0.42>
ST_2 : Operation 226 [1/1] (0.42ns)   --->   "%store_ln69 = store i16 %select_ln67_1, i16 %REG_V_57" [Compute_block/Compute.cpp:69]   --->   Operation 226 'store' 'store_ln69' <Predicate = (!icmp_ln60 & i_cast_read == 3)> <Delay = 0.42>
ST_2 : Operation 227 [1/1] (0.42ns)   --->   "%store_ln69 = store i16 %REG_V_66, i16 %REG_V_56" [Compute_block/Compute.cpp:69]   --->   Operation 227 'store' 'store_ln69' <Predicate = (!icmp_ln60 & i_cast_read == 3)> <Delay = 0.42>
ST_2 : Operation 228 [1/1] (0.00ns)   --->   "%br_ln69 = br void %arrayidx518.exit" [Compute_block/Compute.cpp:69]   --->   Operation 228 'br' 'br_ln69' <Predicate = (!icmp_ln60 & i_cast_read == 3)> <Delay = 0.00>
ST_2 : Operation 229 [1/1] (0.00ns)   --->   "%zext_ln186_17 = zext i16 %lhs_1"   --->   Operation 229 'zext' 'zext_ln186_17' <Predicate = (!icmp_ln60)> <Delay = 0.00>
ST_2 : Operation 230 [1/1] (0.00ns)   --->   "%zext_ln186_18 = zext i16 %rhs_1"   --->   Operation 230 'zext' 'zext_ln186_18' <Predicate = (!icmp_ln60)> <Delay = 0.00>
ST_2 : Operation 231 [4/4] (0.53ns) (root node of the DSP)   --->   "%ret_V_4 = mul i32 %zext_ln186_18, i32 %zext_ln186_17"   --->   Operation 231 'mul' 'ret_V_4' <Predicate = (!icmp_ln60)> <Delay = 0.53> <CoreInst = "DSP48">   --->   Core 127 'DSP48' <Latency = 3> <II = 1> <Delay = 0.53> <IPBlock> <Opcode : 'mul' 'add' 'sub' 'select'> <InPorts = 0> <OutPorts = 1> <Sync> <CReg>

State 3 <SV = 2> <Delay = 0.99>
ST_3 : Operation 232 [1/1] (0.00ns)   --->   "%zext_ln186 = zext i16 %lhs"   --->   Operation 232 'zext' 'zext_ln186' <Predicate = (!icmp_ln60)> <Delay = 0.00>
ST_3 : Operation 233 [1/1] (0.00ns)   --->   "%zext_ln186_16 = zext i16 %rhs"   --->   Operation 233 'zext' 'zext_ln186_16' <Predicate = (!icmp_ln60)> <Delay = 0.00>
ST_3 : Operation 234 [3/3] (0.99ns) (grouped into DSP with root node ret_V)   --->   "%ret_V_3 = mul i32 %zext_ln186_16, i32 %zext_ln186"   --->   Operation 234 'mul' 'ret_V_3' <Predicate = (!icmp_ln60)> <Delay = 0.99> <CoreInst = "DSP48">   --->   Core 127 'DSP48' <Latency = 3> <II = 1> <Delay = 0.53> <IPBlock> <Opcode : 'mul' 'add' 'sub' 'select'> <InPorts = 0> <OutPorts = 1> <Sync> <CReg>
ST_3 : Operation 235 [3/4] (0.53ns) (root node of the DSP)   --->   "%ret_V_4 = mul i32 %zext_ln186_18, i32 %zext_ln186_17"   --->   Operation 235 'mul' 'ret_V_4' <Predicate = (!icmp_ln60)> <Delay = 0.53> <CoreInst = "DSP48">   --->   Core 127 'DSP48' <Latency = 3> <II = 1> <Delay = 0.53> <IPBlock> <Opcode : 'mul' 'add' 'sub' 'select'> <InPorts = 0> <OutPorts = 1> <Sync> <CReg>

State 4 <SV = 3> <Delay = 0.99>
ST_4 : Operation 236 [2/3] (0.99ns) (grouped into DSP with root node ret_V)   --->   "%ret_V_3 = mul i32 %zext_ln186_16, i32 %zext_ln186"   --->   Operation 236 'mul' 'ret_V_3' <Predicate = (!icmp_ln60)> <Delay = 0.99> <CoreInst = "DSP48">   --->   Core 127 'DSP48' <Latency = 3> <II = 1> <Delay = 0.53> <IPBlock> <Opcode : 'mul' 'add' 'sub' 'select'> <InPorts = 0> <OutPorts = 1> <Sync> <CReg>
ST_4 : Operation 237 [2/4] (0.53ns) (root node of the DSP)   --->   "%ret_V_4 = mul i32 %zext_ln186_18, i32 %zext_ln186_17"   --->   Operation 237 'mul' 'ret_V_4' <Predicate = (!icmp_ln60)> <Delay = 0.53> <CoreInst = "DSP48">   --->   Core 127 'DSP48' <Latency = 3> <II = 1> <Delay = 0.53> <IPBlock> <Opcode : 'mul' 'add' 'sub' 'select'> <InPorts = 0> <OutPorts = 1> <Sync> <CReg>

State 5 <SV = 4> <Delay = 0.64>
ST_5 : Operation 238 [1/3] (0.00ns) (grouped into DSP with root node ret_V)   --->   "%ret_V_3 = mul i32 %zext_ln186_16, i32 %zext_ln186"   --->   Operation 238 'mul' 'ret_V_3' <Predicate = (!icmp_ln60)> <Delay = 0.00> <CoreInst = "DSP48">   --->   Core 127 'DSP48' <Latency = 3> <II = 1> <Delay = 0.53> <IPBlock> <Opcode : 'mul' 'add' 'sub' 'select'> <InPorts = 0> <OutPorts = 1> <Sync> <CReg>
ST_5 : Operation 239 [1/4] (0.00ns) (root node of the DSP)   --->   "%ret_V_4 = mul i32 %zext_ln186_18, i32 %zext_ln186_17"   --->   Operation 239 'mul' 'ret_V_4' <Predicate = (!icmp_ln60)> <Delay = 0.00> <CoreInst = "DSP48">   --->   Core 127 'DSP48' <Latency = 3> <II = 1> <Delay = 0.53> <IPBlock> <Opcode : 'mul' 'add' 'sub' 'select'> <InPorts = 0> <OutPorts = 1> <Sync> <CReg>
ST_5 : Operation 240 [1/1] (0.00ns) (grouped into DSP with root node ret_V)   --->   "%zext_ln186_19 = zext i32 %ret_V_3"   --->   Operation 240 'zext' 'zext_ln186_19' <Predicate = (!icmp_ln60)> <Delay = 0.00>
ST_5 : Operation 241 [1/1] (0.00ns)   --->   "%zext_ln186_20 = zext i32 %ret_V_4"   --->   Operation 241 'zext' 'zext_ln186_20' <Predicate = (!icmp_ln60)> <Delay = 0.00>
ST_5 : Operation 242 [2/2] (0.64ns) (root node of the DSP)   --->   "%ret_V = add i33 %zext_ln186_20, i33 %zext_ln186_19"   --->   Operation 242 'add' 'ret_V' <Predicate = (!icmp_ln60)> <Delay = 0.64> <CoreInst = "DSP48">   --->   Core 127 'DSP48' <Latency = 3> <II = 1> <Delay = 0.53> <IPBlock> <Opcode : 'mul' 'add' 'sub' 'select'> <InPorts = 0> <OutPorts = 1> <Sync> <CReg>

State 6 <SV = 5> <Delay = 2.09>
ST_6 : Operation 243 [1/1] (0.00ns)   --->   "%self_sum_V_2 = load i34 %self_sum_V"   --->   Operation 243 'load' 'self_sum_V_2' <Predicate = true> <Delay = 0.00>
ST_6 : Operation 244 [1/1] (0.00ns)   --->   "%empty = trunc i34 %self_sum_V_2"   --->   Operation 244 'trunc' 'empty' <Predicate = true> <Delay = 0.00>
ST_6 : Operation 245 [1/1] (0.00ns)   --->   "%specpipeline_ln0 = specpipeline void @_ssdm_op_SpecPipeline, i32 4294967295, i32 0, i32 1, i32 0, void @p_str"   --->   Operation 245 'specpipeline' 'specpipeline_ln0' <Predicate = true> <Delay = 0.00>
ST_6 : Operation 246 [1/1] (0.00ns)   --->   "%empty_12 = speclooptripcount i32 @_ssdm_op_SpecLoopTripCount, i64 2, i64 2, i64 2"   --->   Operation 246 'speclooptripcount' 'empty_12' <Predicate = true> <Delay = 0.00>
ST_6 : Operation 247 [1/2] (0.64ns) (root node of the DSP)   --->   "%ret_V = add i33 %zext_ln186_20, i33 %zext_ln186_19"   --->   Operation 247 'add' 'ret_V' <Predicate = (!icmp_ln60)> <Delay = 0.64> <CoreInst = "DSP48">   --->   Core 127 'DSP48' <Latency = 3> <II = 1> <Delay = 0.53> <IPBlock> <Opcode : 'mul' 'add' 'sub' 'select'> <InPorts = 0> <OutPorts = 1> <Sync> <CReg>
ST_6 : Operation 248 [1/1] (0.00ns)   --->   "%zext_ln840 = zext i33 %ret_V"   --->   Operation 248 'zext' 'zext_ln840' <Predicate = (!icmp_ln60)> <Delay = 0.00>
ST_6 : Operation 249 [1/1] (1.02ns)   --->   "%self_sum_V_3 = add i34 %zext_ln840, i34 %self_sum_V_2"   --->   Operation 249 'add' 'self_sum_V_3' <Predicate = (!icmp_ln60)> <Delay = 1.02> <CoreInst = "Adder">   --->   Core 1 'Adder' <Latency = 0> <II = 1> <Delay = 1.02> <FuncUnit> <Opcode : 'add' 'sub'> <InPorts = 2> <OutPorts = 1>
ST_6 : Operation 250 [1/1] (0.42ns)   --->   "%store_ln60 = store i34 %self_sum_V_3, i34 %self_sum_V" [Compute_block/Compute.cpp:60]   --->   Operation 250 'store' 'store_ln60' <Predicate = (!icmp_ln60)> <Delay = 0.42>
ST_6 : Operation 251 [1/1] (0.00ns)   --->   "%br_ln60 = br void %for.inc55" [Compute_block/Compute.cpp:60]   --->   Operation 251 'br' 'br_ln60' <Predicate = (!icmp_ln60)> <Delay = 0.00>
ST_6 : Operation 252 [1/1] (0.00ns)   --->   "%REG_V_32_load = load i16 %REG_V_32"   --->   Operation 252 'load' 'REG_V_32_load' <Predicate = (icmp_ln60)> <Delay = 0.00>
ST_6 : Operation 253 [1/1] (0.00ns)   --->   "%REG_V_33_load = load i16 %REG_V_33"   --->   Operation 253 'load' 'REG_V_33_load' <Predicate = (icmp_ln60)> <Delay = 0.00>
ST_6 : Operation 254 [1/1] (0.00ns)   --->   "%REG_V_34_load = load i16 %REG_V_34"   --->   Operation 254 'load' 'REG_V_34_load' <Predicate = (icmp_ln60)> <Delay = 0.00>
ST_6 : Operation 255 [1/1] (0.00ns)   --->   "%REG_V_35_load = load i16 %REG_V_35"   --->   Operation 255 'load' 'REG_V_35_load' <Predicate = (icmp_ln60)> <Delay = 0.00>
ST_6 : Operation 256 [1/1] (0.00ns)   --->   "%REG_V_36_load = load i16 %REG_V_36"   --->   Operation 256 'load' 'REG_V_36_load' <Predicate = (icmp_ln60)> <Delay = 0.00>
ST_6 : Operation 257 [1/1] (0.00ns)   --->   "%REG_V_37_load = load i16 %REG_V_37"   --->   Operation 257 'load' 'REG_V_37_load' <Predicate = (icmp_ln60)> <Delay = 0.00>
ST_6 : Operation 258 [1/1] (0.00ns)   --->   "%REG_V_38_load = load i16 %REG_V_38"   --->   Operation 258 'load' 'REG_V_38_load' <Predicate = (icmp_ln60)> <Delay = 0.00>
ST_6 : Operation 259 [1/1] (0.00ns)   --->   "%REG_V_39_load = load i16 %REG_V_39"   --->   Operation 259 'load' 'REG_V_39_load' <Predicate = (icmp_ln60)> <Delay = 0.00>
ST_6 : Operation 260 [1/1] (0.00ns)   --->   "%REG_V_40_load = load i16 %REG_V_40"   --->   Operation 260 'load' 'REG_V_40_load' <Predicate = (icmp_ln60)> <Delay = 0.00>
ST_6 : Operation 261 [1/1] (0.00ns)   --->   "%REG_V_41_load = load i16 %REG_V_41"   --->   Operation 261 'load' 'REG_V_41_load' <Predicate = (icmp_ln60)> <Delay = 0.00>
ST_6 : Operation 262 [1/1] (0.00ns)   --->   "%REG_V_42_load = load i16 %REG_V_42"   --->   Operation 262 'load' 'REG_V_42_load' <Predicate = (icmp_ln60)> <Delay = 0.00>
ST_6 : Operation 263 [1/1] (0.00ns)   --->   "%REG_V_43_load = load i16 %REG_V_43"   --->   Operation 263 'load' 'REG_V_43_load' <Predicate = (icmp_ln60)> <Delay = 0.00>
ST_6 : Operation 264 [1/1] (0.00ns)   --->   "%REG_V_44_load = load i16 %REG_V_44"   --->   Operation 264 'load' 'REG_V_44_load' <Predicate = (icmp_ln60)> <Delay = 0.00>
ST_6 : Operation 265 [1/1] (0.00ns)   --->   "%REG_V_45_load = load i16 %REG_V_45"   --->   Operation 265 'load' 'REG_V_45_load' <Predicate = (icmp_ln60)> <Delay = 0.00>
ST_6 : Operation 266 [1/1] (0.00ns)   --->   "%REG_V_46_load = load i16 %REG_V_46"   --->   Operation 266 'load' 'REG_V_46_load' <Predicate = (icmp_ln60)> <Delay = 0.00>
ST_6 : Operation 267 [1/1] (0.00ns)   --->   "%REG_V_47_load = load i16 %REG_V_47"   --->   Operation 267 'load' 'REG_V_47_load' <Predicate = (icmp_ln60)> <Delay = 0.00>
ST_6 : Operation 268 [1/1] (0.00ns)   --->   "%REG_V_48_load = load i16 %REG_V_48"   --->   Operation 268 'load' 'REG_V_48_load' <Predicate = (icmp_ln60)> <Delay = 0.00>
ST_6 : Operation 269 [1/1] (0.00ns)   --->   "%REG_V_49_load = load i16 %REG_V_49"   --->   Operation 269 'load' 'REG_V_49_load' <Predicate = (icmp_ln60)> <Delay = 0.00>
ST_6 : Operation 270 [1/1] (0.00ns)   --->   "%REG_V_50_load = load i16 %REG_V_50"   --->   Operation 270 'load' 'REG_V_50_load' <Predicate = (icmp_ln60)> <Delay = 0.00>
ST_6 : Operation 271 [1/1] (0.00ns)   --->   "%REG_V_51_load = load i16 %REG_V_51"   --->   Operation 271 'load' 'REG_V_51_load' <Predicate = (icmp_ln60)> <Delay = 0.00>
ST_6 : Operation 272 [1/1] (0.00ns)   --->   "%REG_V_52_load = load i16 %REG_V_52"   --->   Operation 272 'load' 'REG_V_52_load' <Predicate = (icmp_ln60)> <Delay = 0.00>
ST_6 : Operation 273 [1/1] (0.00ns)   --->   "%REG_V_53_load = load i16 %REG_V_53"   --->   Operation 273 'load' 'REG_V_53_load' <Predicate = (icmp_ln60)> <Delay = 0.00>
ST_6 : Operation 274 [1/1] (0.00ns)   --->   "%REG_V_54_load = load i16 %REG_V_54"   --->   Operation 274 'load' 'REG_V_54_load' <Predicate = (icmp_ln60)> <Delay = 0.00>
ST_6 : Operation 275 [1/1] (0.00ns)   --->   "%REG_V_55_load = load i16 %REG_V_55"   --->   Operation 275 'load' 'REG_V_55_load' <Predicate = (icmp_ln60)> <Delay = 0.00>
ST_6 : Operation 276 [1/1] (0.00ns)   --->   "%REG_V_56_load = load i16 %REG_V_56"   --->   Operation 276 'load' 'REG_V_56_load' <Predicate = (icmp_ln60)> <Delay = 0.00>
ST_6 : Operation 277 [1/1] (0.00ns)   --->   "%REG_V_57_load = load i16 %REG_V_57"   --->   Operation 277 'load' 'REG_V_57_load' <Predicate = (icmp_ln60)> <Delay = 0.00>
ST_6 : Operation 278 [1/1] (0.00ns)   --->   "%REG_V_58_load = load i16 %REG_V_58"   --->   Operation 278 'load' 'REG_V_58_load' <Predicate = (icmp_ln60)> <Delay = 0.00>
ST_6 : Operation 279 [1/1] (0.00ns)   --->   "%REG_V_59_load = load i16 %REG_V_59"   --->   Operation 279 'load' 'REG_V_59_load' <Predicate = (icmp_ln60)> <Delay = 0.00>
ST_6 : Operation 280 [1/1] (0.00ns)   --->   "%REG_V_60_load = load i16 %REG_V_60"   --->   Operation 280 'load' 'REG_V_60_load' <Predicate = (icmp_ln60)> <Delay = 0.00>
ST_6 : Operation 281 [1/1] (0.00ns)   --->   "%REG_V_61_load = load i16 %REG_V_61"   --->   Operation 281 'load' 'REG_V_61_load' <Predicate = (icmp_ln60)> <Delay = 0.00>
ST_6 : Operation 282 [1/1] (0.00ns)   --->   "%REG_V_62_load = load i16 %REG_V_62"   --->   Operation 282 'load' 'REG_V_62_load' <Predicate = (icmp_ln60)> <Delay = 0.00>
ST_6 : Operation 283 [1/1] (0.00ns)   --->   "%REG_V_63_load = load i16 %REG_V_63"   --->   Operation 283 'load' 'REG_V_63_load' <Predicate = (icmp_ln60)> <Delay = 0.00>
ST_6 : Operation 284 [1/1] (0.00ns)   --->   "%write_ln0 = write void @_ssdm_op_Write.ap_auto.i16P0A, i16 %REG_V_63_out, i16 %REG_V_63_load"   --->   Operation 284 'write' 'write_ln0' <Predicate = (icmp_ln60)> <Delay = 0.00>
ST_6 : Operation 285 [1/1] (0.00ns)   --->   "%write_ln0 = write void @_ssdm_op_Write.ap_auto.i16P0A, i16 %REG_V_62_out, i16 %REG_V_62_load"   --->   Operation 285 'write' 'write_ln0' <Predicate = (icmp_ln60)> <Delay = 0.00>
ST_6 : Operation 286 [1/1] (0.00ns)   --->   "%write_ln0 = write void @_ssdm_op_Write.ap_auto.i16P0A, i16 %REG_V_61_out, i16 %REG_V_61_load"   --->   Operation 286 'write' 'write_ln0' <Predicate = (icmp_ln60)> <Delay = 0.00>
ST_6 : Operation 287 [1/1] (0.00ns)   --->   "%write_ln0 = write void @_ssdm_op_Write.ap_auto.i16P0A, i16 %REG_V_60_out, i16 %REG_V_60_load"   --->   Operation 287 'write' 'write_ln0' <Predicate = (icmp_ln60)> <Delay = 0.00>
ST_6 : Operation 288 [1/1] (0.00ns)   --->   "%write_ln0 = write void @_ssdm_op_Write.ap_auto.i16P0A, i16 %REG_V_59_out, i16 %REG_V_59_load"   --->   Operation 288 'write' 'write_ln0' <Predicate = (icmp_ln60)> <Delay = 0.00>
ST_6 : Operation 289 [1/1] (0.00ns)   --->   "%write_ln0 = write void @_ssdm_op_Write.ap_auto.i16P0A, i16 %REG_V_58_out, i16 %REG_V_58_load"   --->   Operation 289 'write' 'write_ln0' <Predicate = (icmp_ln60)> <Delay = 0.00>
ST_6 : Operation 290 [1/1] (0.00ns)   --->   "%write_ln0 = write void @_ssdm_op_Write.ap_auto.i16P0A, i16 %REG_V_57_out, i16 %REG_V_57_load"   --->   Operation 290 'write' 'write_ln0' <Predicate = (icmp_ln60)> <Delay = 0.00>
ST_6 : Operation 291 [1/1] (0.00ns)   --->   "%write_ln0 = write void @_ssdm_op_Write.ap_auto.i16P0A, i16 %REG_V_56_out, i16 %REG_V_56_load"   --->   Operation 291 'write' 'write_ln0' <Predicate = (icmp_ln60)> <Delay = 0.00>
ST_6 : Operation 292 [1/1] (0.00ns)   --->   "%write_ln0 = write void @_ssdm_op_Write.ap_auto.i16P0A, i16 %REG_V_55_out, i16 %REG_V_55_load"   --->   Operation 292 'write' 'write_ln0' <Predicate = (icmp_ln60)> <Delay = 0.00>
ST_6 : Operation 293 [1/1] (0.00ns)   --->   "%write_ln0 = write void @_ssdm_op_Write.ap_auto.i16P0A, i16 %REG_V_54_out, i16 %REG_V_54_load"   --->   Operation 293 'write' 'write_ln0' <Predicate = (icmp_ln60)> <Delay = 0.00>
ST_6 : Operation 294 [1/1] (0.00ns)   --->   "%write_ln0 = write void @_ssdm_op_Write.ap_auto.i16P0A, i16 %REG_V_53_out, i16 %REG_V_53_load"   --->   Operation 294 'write' 'write_ln0' <Predicate = (icmp_ln60)> <Delay = 0.00>
ST_6 : Operation 295 [1/1] (0.00ns)   --->   "%write_ln0 = write void @_ssdm_op_Write.ap_auto.i16P0A, i16 %REG_V_52_out, i16 %REG_V_52_load"   --->   Operation 295 'write' 'write_ln0' <Predicate = (icmp_ln60)> <Delay = 0.00>
ST_6 : Operation 296 [1/1] (0.00ns)   --->   "%write_ln0 = write void @_ssdm_op_Write.ap_auto.i16P0A, i16 %REG_V_51_out, i16 %REG_V_51_load"   --->   Operation 296 'write' 'write_ln0' <Predicate = (icmp_ln60)> <Delay = 0.00>
ST_6 : Operation 297 [1/1] (0.00ns)   --->   "%write_ln0 = write void @_ssdm_op_Write.ap_auto.i16P0A, i16 %REG_V_50_out, i16 %REG_V_50_load"   --->   Operation 297 'write' 'write_ln0' <Predicate = (icmp_ln60)> <Delay = 0.00>
ST_6 : Operation 298 [1/1] (0.00ns)   --->   "%write_ln0 = write void @_ssdm_op_Write.ap_auto.i16P0A, i16 %REG_V_49_out, i16 %REG_V_49_load"   --->   Operation 298 'write' 'write_ln0' <Predicate = (icmp_ln60)> <Delay = 0.00>
ST_6 : Operation 299 [1/1] (0.00ns)   --->   "%write_ln0 = write void @_ssdm_op_Write.ap_auto.i16P0A, i16 %REG_V_48_out, i16 %REG_V_48_load"   --->   Operation 299 'write' 'write_ln0' <Predicate = (icmp_ln60)> <Delay = 0.00>
ST_6 : Operation 300 [1/1] (0.00ns)   --->   "%write_ln0 = write void @_ssdm_op_Write.ap_auto.i16P0A, i16 %REG_V_47_out, i16 %REG_V_47_load"   --->   Operation 300 'write' 'write_ln0' <Predicate = (icmp_ln60)> <Delay = 0.00>
ST_6 : Operation 301 [1/1] (0.00ns)   --->   "%write_ln0 = write void @_ssdm_op_Write.ap_auto.i16P0A, i16 %REG_V_46_out, i16 %REG_V_46_load"   --->   Operation 301 'write' 'write_ln0' <Predicate = (icmp_ln60)> <Delay = 0.00>
ST_6 : Operation 302 [1/1] (0.00ns)   --->   "%write_ln0 = write void @_ssdm_op_Write.ap_auto.i16P0A, i16 %REG_V_45_out, i16 %REG_V_45_load"   --->   Operation 302 'write' 'write_ln0' <Predicate = (icmp_ln60)> <Delay = 0.00>
ST_6 : Operation 303 [1/1] (0.00ns)   --->   "%write_ln0 = write void @_ssdm_op_Write.ap_auto.i16P0A, i16 %REG_V_44_out, i16 %REG_V_44_load"   --->   Operation 303 'write' 'write_ln0' <Predicate = (icmp_ln60)> <Delay = 0.00>
ST_6 : Operation 304 [1/1] (0.00ns)   --->   "%write_ln0 = write void @_ssdm_op_Write.ap_auto.i16P0A, i16 %REG_V_43_out, i16 %REG_V_43_load"   --->   Operation 304 'write' 'write_ln0' <Predicate = (icmp_ln60)> <Delay = 0.00>
ST_6 : Operation 305 [1/1] (0.00ns)   --->   "%write_ln0 = write void @_ssdm_op_Write.ap_auto.i16P0A, i16 %REG_V_42_out, i16 %REG_V_42_load"   --->   Operation 305 'write' 'write_ln0' <Predicate = (icmp_ln60)> <Delay = 0.00>
ST_6 : Operation 306 [1/1] (0.00ns)   --->   "%write_ln0 = write void @_ssdm_op_Write.ap_auto.i16P0A, i16 %REG_V_41_out, i16 %REG_V_41_load"   --->   Operation 306 'write' 'write_ln0' <Predicate = (icmp_ln60)> <Delay = 0.00>
ST_6 : Operation 307 [1/1] (0.00ns)   --->   "%write_ln0 = write void @_ssdm_op_Write.ap_auto.i16P0A, i16 %REG_V_40_out, i16 %REG_V_40_load"   --->   Operation 307 'write' 'write_ln0' <Predicate = (icmp_ln60)> <Delay = 0.00>
ST_6 : Operation 308 [1/1] (0.00ns)   --->   "%write_ln0 = write void @_ssdm_op_Write.ap_auto.i16P0A, i16 %REG_V_39_out, i16 %REG_V_39_load"   --->   Operation 308 'write' 'write_ln0' <Predicate = (icmp_ln60)> <Delay = 0.00>
ST_6 : Operation 309 [1/1] (0.00ns)   --->   "%write_ln0 = write void @_ssdm_op_Write.ap_auto.i16P0A, i16 %REG_V_38_out, i16 %REG_V_38_load"   --->   Operation 309 'write' 'write_ln0' <Predicate = (icmp_ln60)> <Delay = 0.00>
ST_6 : Operation 310 [1/1] (0.00ns)   --->   "%write_ln0 = write void @_ssdm_op_Write.ap_auto.i16P0A, i16 %REG_V_37_out, i16 %REG_V_37_load"   --->   Operation 310 'write' 'write_ln0' <Predicate = (icmp_ln60)> <Delay = 0.00>
ST_6 : Operation 311 [1/1] (0.00ns)   --->   "%write_ln0 = write void @_ssdm_op_Write.ap_auto.i16P0A, i16 %REG_V_36_out, i16 %REG_V_36_load"   --->   Operation 311 'write' 'write_ln0' <Predicate = (icmp_ln60)> <Delay = 0.00>
ST_6 : Operation 312 [1/1] (0.00ns)   --->   "%write_ln0 = write void @_ssdm_op_Write.ap_auto.i16P0A, i16 %REG_V_35_out, i16 %REG_V_35_load"   --->   Operation 312 'write' 'write_ln0' <Predicate = (icmp_ln60)> <Delay = 0.00>
ST_6 : Operation 313 [1/1] (0.00ns)   --->   "%write_ln0 = write void @_ssdm_op_Write.ap_auto.i16P0A, i16 %REG_V_34_out, i16 %REG_V_34_load"   --->   Operation 313 'write' 'write_ln0' <Predicate = (icmp_ln60)> <Delay = 0.00>
ST_6 : Operation 314 [1/1] (0.00ns)   --->   "%write_ln0 = write void @_ssdm_op_Write.ap_auto.i16P0A, i16 %REG_V_33_out, i16 %REG_V_33_load"   --->   Operation 314 'write' 'write_ln0' <Predicate = (icmp_ln60)> <Delay = 0.00>
ST_6 : Operation 315 [1/1] (0.00ns)   --->   "%write_ln0 = write void @_ssdm_op_Write.ap_auto.i16P0A, i16 %REG_V_32_out, i16 %REG_V_32_load"   --->   Operation 315 'write' 'write_ln0' <Predicate = (icmp_ln60)> <Delay = 0.00>
ST_6 : Operation 316 [1/1] (0.00ns)   --->   "%write_ln0 = write void @_ssdm_op_Write.ap_auto.i32P0A, i32 %self_sum_V_out, i32 %empty"   --->   Operation 316 'write' 'write_ln0' <Predicate = (icmp_ln60)> <Delay = 0.00>
ST_6 : Operation 317 [1/1] (0.00ns)   --->   "%ret_ln0 = ret"   --->   Operation 317 'ret' 'ret_ln0' <Predicate = (icmp_ln60)> <Delay = 0.00>


============================================================
+ Verbose Summary: Binding
============================================================
STG Binding: 
---------------- STG Properties BEGIN ----------------
- Is combinational: 0
- Is one-state seq: 0
- Is datapath-only: 0
- Is pipelined: 0
- Is top level: 0
Port [ Return ] is wired: 1; IO mode=ap_ctrl_hs:ce=0
Port [ REG_V_31]:  wired=1; compound=0; hidden=0; nouse=0; global=0; static=0; extern=0; dir=0; type=0; pingpong=0; private_global=0; IO mode=ap_none:ce=0
Port [ REG_V_30]:  wired=1; compound=0; hidden=0; nouse=0; global=0; static=0; extern=0; dir=0; type=0; pingpong=0; private_global=0; IO mode=ap_none:ce=0
Port [ REG_V_29]:  wired=1; compound=0; hidden=0; nouse=0; global=0; static=0; extern=0; dir=0; type=0; pingpong=0; private_global=0; IO mode=ap_none:ce=0
Port [ REG_V_28]:  wired=1; compound=0; hidden=0; nouse=0; global=0; static=0; extern=0; dir=0; type=0; pingpong=0; private_global=0; IO mode=ap_none:ce=0
Port [ REG_V_27]:  wired=1; compound=0; hidden=0; nouse=0; global=0; static=0; extern=0; dir=0; type=0; pingpong=0; private_global=0; IO mode=ap_none:ce=0
Port [ REG_V_26]:  wired=1; compound=0; hidden=0; nouse=0; global=0; static=0; extern=0; dir=0; type=0; pingpong=0; private_global=0; IO mode=ap_none:ce=0
Port [ REG_V_25]:  wired=1; compound=0; hidden=0; nouse=0; global=0; static=0; extern=0; dir=0; type=0; pingpong=0; private_global=0; IO mode=ap_none:ce=0
Port [ REG_V_24]:  wired=1; compound=0; hidden=0; nouse=0; global=0; static=0; extern=0; dir=0; type=0; pingpong=0; private_global=0; IO mode=ap_none:ce=0
Port [ REG_V_23]:  wired=1; compound=0; hidden=0; nouse=0; global=0; static=0; extern=0; dir=0; type=0; pingpong=0; private_global=0; IO mode=ap_none:ce=0
Port [ REG_V_22]:  wired=1; compound=0; hidden=0; nouse=0; global=0; static=0; extern=0; dir=0; type=0; pingpong=0; private_global=0; IO mode=ap_none:ce=0
Port [ REG_V_21]:  wired=1; compound=0; hidden=0; nouse=0; global=0; static=0; extern=0; dir=0; type=0; pingpong=0; private_global=0; IO mode=ap_none:ce=0
Port [ REG_V_20]:  wired=1; compound=0; hidden=0; nouse=0; global=0; static=0; extern=0; dir=0; type=0; pingpong=0; private_global=0; IO mode=ap_none:ce=0
Port [ REG_V_19]:  wired=1; compound=0; hidden=0; nouse=0; global=0; static=0; extern=0; dir=0; type=0; pingpong=0; private_global=0; IO mode=ap_none:ce=0
Port [ REG_V_18]:  wired=1; compound=0; hidden=0; nouse=0; global=0; static=0; extern=0; dir=0; type=0; pingpong=0; private_global=0; IO mode=ap_none:ce=0
Port [ REG_V_17]:  wired=1; compound=0; hidden=0; nouse=0; global=0; static=0; extern=0; dir=0; type=0; pingpong=0; private_global=0; IO mode=ap_none:ce=0
Port [ REG_V_16]:  wired=1; compound=0; hidden=0; nouse=0; global=0; static=0; extern=0; dir=0; type=0; pingpong=0; private_global=0; IO mode=ap_none:ce=0
Port [ REG_V_15]:  wired=1; compound=0; hidden=0; nouse=0; global=0; static=0; extern=0; dir=0; type=0; pingpong=0; private_global=0; IO mode=ap_none:ce=0
Port [ REG_V_14]:  wired=1; compound=0; hidden=0; nouse=0; global=0; static=0; extern=0; dir=0; type=0; pingpong=0; private_global=0; IO mode=ap_none:ce=0
Port [ REG_V_13]:  wired=1; compound=0; hidden=0; nouse=0; global=0; static=0; extern=0; dir=0; type=0; pingpong=0; private_global=0; IO mode=ap_none:ce=0
Port [ REG_V_12]:  wired=1; compound=0; hidden=0; nouse=0; global=0; static=0; extern=0; dir=0; type=0; pingpong=0; private_global=0; IO mode=ap_none:ce=0
Port [ REG_V_11]:  wired=1; compound=0; hidden=0; nouse=0; global=0; static=0; extern=0; dir=0; type=0; pingpong=0; private_global=0; IO mode=ap_none:ce=0
Port [ REG_V_10]:  wired=1; compound=0; hidden=0; nouse=0; global=0; static=0; extern=0; dir=0; type=0; pingpong=0; private_global=0; IO mode=ap_none:ce=0
Port [ REG_V_9]:  wired=1; compound=0; hidden=0; nouse=0; global=0; static=0; extern=0; dir=0; type=0; pingpong=0; private_global=0; IO mode=ap_none:ce=0
Port [ REG_V_8]:  wired=1; compound=0; hidden=0; nouse=0; global=0; static=0; extern=0; dir=0; type=0; pingpong=0; private_global=0; IO mode=ap_none:ce=0
Port [ REG_V_7]:  wired=1; compound=0; hidden=0; nouse=0; global=0; static=0; extern=0; dir=0; type=0; pingpong=0; private_global=0; IO mode=ap_none:ce=0
Port [ REG_V_6]:  wired=1; compound=0; hidden=0; nouse=0; global=0; static=0; extern=0; dir=0; type=0; pingpong=0; private_global=0; IO mode=ap_none:ce=0
Port [ REG_V_5]:  wired=1; compound=0; hidden=0; nouse=0; global=0; static=0; extern=0; dir=0; type=0; pingpong=0; private_global=0; IO mode=ap_none:ce=0
Port [ REG_V_4]:  wired=1; compound=0; hidden=0; nouse=0; global=0; static=0; extern=0; dir=0; type=0; pingpong=0; private_global=0; IO mode=ap_none:ce=0
Port [ REG_V_3]:  wired=1; compound=0; hidden=0; nouse=0; global=0; static=0; extern=0; dir=0; type=0; pingpong=0; private_global=0; IO mode=ap_none:ce=0
Port [ REG_V_2]:  wired=1; compound=0; hidden=0; nouse=0; global=0; static=0; extern=0; dir=0; type=0; pingpong=0; private_global=0; IO mode=ap_none:ce=0
Port [ REG_V_1]:  wired=1; compound=0; hidden=0; nouse=0; global=0; static=0; extern=0; dir=0; type=0; pingpong=0; private_global=0; IO mode=ap_none:ce=0
Port [ REG_V]:  wired=1; compound=0; hidden=0; nouse=0; global=0; static=0; extern=0; dir=0; type=0; pingpong=0; private_global=0; IO mode=ap_none:ce=0
Port [ i_cast]:  wired=1; compound=0; hidden=0; nouse=0; global=0; static=0; extern=0; dir=0; type=0; pingpong=0; private_global=0; IO mode=ap_none:ce=0
Port [ buffer_1]:  wired=1; compound=1; hidden=0; nouse=0; global=0; static=0; extern=0; dir=0; type=1; pingpong=0; private_global=0; MemPort=[13]; IO mode=ap_memory:ce=0
Port [ REG_V_63_out]:  wired=1; compound=0; hidden=0; nouse=0; global=0; static=0; extern=0; dir=1; type=0; pingpong=0; private_global=0; IO mode=ap_vld:ce=0
Port [ REG_V_62_out]:  wired=1; compound=0; hidden=0; nouse=0; global=0; static=0; extern=0; dir=1; type=0; pingpong=0; private_global=0; IO mode=ap_vld:ce=0
Port [ REG_V_61_out]:  wired=1; compound=0; hidden=0; nouse=0; global=0; static=0; extern=0; dir=1; type=0; pingpong=0; private_global=0; IO mode=ap_vld:ce=0
Port [ REG_V_60_out]:  wired=1; compound=0; hidden=0; nouse=0; global=0; static=0; extern=0; dir=1; type=0; pingpong=0; private_global=0; IO mode=ap_vld:ce=0
Port [ REG_V_59_out]:  wired=1; compound=0; hidden=0; nouse=0; global=0; static=0; extern=0; dir=1; type=0; pingpong=0; private_global=0; IO mode=ap_vld:ce=0
Port [ REG_V_58_out]:  wired=1; compound=0; hidden=0; nouse=0; global=0; static=0; extern=0; dir=1; type=0; pingpong=0; private_global=0; IO mode=ap_vld:ce=0
Port [ REG_V_57_out]:  wired=1; compound=0; hidden=0; nouse=0; global=0; static=0; extern=0; dir=1; type=0; pingpong=0; private_global=0; IO mode=ap_vld:ce=0
Port [ REG_V_56_out]:  wired=1; compound=0; hidden=0; nouse=0; global=0; static=0; extern=0; dir=1; type=0; pingpong=0; private_global=0; IO mode=ap_vld:ce=0
Port [ REG_V_55_out]:  wired=1; compound=0; hidden=0; nouse=0; global=0; static=0; extern=0; dir=1; type=0; pingpong=0; private_global=0; IO mode=ap_vld:ce=0
Port [ REG_V_54_out]:  wired=1; compound=0; hidden=0; nouse=0; global=0; static=0; extern=0; dir=1; type=0; pingpong=0; private_global=0; IO mode=ap_vld:ce=0
Port [ REG_V_53_out]:  wired=1; compound=0; hidden=0; nouse=0; global=0; static=0; extern=0; dir=1; type=0; pingpong=0; private_global=0; IO mode=ap_vld:ce=0
Port [ REG_V_52_out]:  wired=1; compound=0; hidden=0; nouse=0; global=0; static=0; extern=0; dir=1; type=0; pingpong=0; private_global=0; IO mode=ap_vld:ce=0
Port [ REG_V_51_out]:  wired=1; compound=0; hidden=0; nouse=0; global=0; static=0; extern=0; dir=1; type=0; pingpong=0; private_global=0; IO mode=ap_vld:ce=0
Port [ REG_V_50_out]:  wired=1; compound=0; hidden=0; nouse=0; global=0; static=0; extern=0; dir=1; type=0; pingpong=0; private_global=0; IO mode=ap_vld:ce=0
Port [ REG_V_49_out]:  wired=1; compound=0; hidden=0; nouse=0; global=0; static=0; extern=0; dir=1; type=0; pingpong=0; private_global=0; IO mode=ap_vld:ce=0
Port [ REG_V_48_out]:  wired=1; compound=0; hidden=0; nouse=0; global=0; static=0; extern=0; dir=1; type=0; pingpong=0; private_global=0; IO mode=ap_vld:ce=0
Port [ REG_V_47_out]:  wired=1; compound=0; hidden=0; nouse=0; global=0; static=0; extern=0; dir=1; type=0; pingpong=0; private_global=0; IO mode=ap_vld:ce=0
Port [ REG_V_46_out]:  wired=1; compound=0; hidden=0; nouse=0; global=0; static=0; extern=0; dir=1; type=0; pingpong=0; private_global=0; IO mode=ap_vld:ce=0
Port [ REG_V_45_out]:  wired=1; compound=0; hidden=0; nouse=0; global=0; static=0; extern=0; dir=1; type=0; pingpong=0; private_global=0; IO mode=ap_vld:ce=0
Port [ REG_V_44_out]:  wired=1; compound=0; hidden=0; nouse=0; global=0; static=0; extern=0; dir=1; type=0; pingpong=0; private_global=0; IO mode=ap_vld:ce=0
Port [ REG_V_43_out]:  wired=1; compound=0; hidden=0; nouse=0; global=0; static=0; extern=0; dir=1; type=0; pingpong=0; private_global=0; IO mode=ap_vld:ce=0
Port [ REG_V_42_out]:  wired=1; compound=0; hidden=0; nouse=0; global=0; static=0; extern=0; dir=1; type=0; pingpong=0; private_global=0; IO mode=ap_vld:ce=0
Port [ REG_V_41_out]:  wired=1; compound=0; hidden=0; nouse=0; global=0; static=0; extern=0; dir=1; type=0; pingpong=0; private_global=0; IO mode=ap_vld:ce=0
Port [ REG_V_40_out]:  wired=1; compound=0; hidden=0; nouse=0; global=0; static=0; extern=0; dir=1; type=0; pingpong=0; private_global=0; IO mode=ap_vld:ce=0
Port [ REG_V_39_out]:  wired=1; compound=0; hidden=0; nouse=0; global=0; static=0; extern=0; dir=1; type=0; pingpong=0; private_global=0; IO mode=ap_vld:ce=0
Port [ REG_V_38_out]:  wired=1; compound=0; hidden=0; nouse=0; global=0; static=0; extern=0; dir=1; type=0; pingpong=0; private_global=0; IO mode=ap_vld:ce=0
Port [ REG_V_37_out]:  wired=1; compound=0; hidden=0; nouse=0; global=0; static=0; extern=0; dir=1; type=0; pingpong=0; private_global=0; IO mode=ap_vld:ce=0
Port [ REG_V_36_out]:  wired=1; compound=0; hidden=0; nouse=0; global=0; static=0; extern=0; dir=1; type=0; pingpong=0; private_global=0; IO mode=ap_vld:ce=0
Port [ REG_V_35_out]:  wired=1; compound=0; hidden=0; nouse=0; global=0; static=0; extern=0; dir=1; type=0; pingpong=0; private_global=0; IO mode=ap_vld:ce=0
Port [ REG_V_34_out]:  wired=1; compound=0; hidden=0; nouse=0; global=0; static=0; extern=0; dir=1; type=0; pingpong=0; private_global=0; IO mode=ap_vld:ce=0
Port [ REG_V_33_out]:  wired=1; compound=0; hidden=0; nouse=0; global=0; static=0; extern=0; dir=1; type=0; pingpong=0; private_global=0; IO mode=ap_vld:ce=0
Port [ REG_V_32_out]:  wired=1; compound=0; hidden=0; nouse=0; global=0; static=0; extern=0; dir=1; type=0; pingpong=0; private_global=0; IO mode=ap_vld:ce=0
Port [ self_sum_V_out]:  wired=1; compound=0; hidden=0; nouse=0; global=0; static=0; extern=0; dir=1; type=0; pingpong=0; private_global=0; IO mode=ap_vld:ce=0
---------------- STG Properties END ------------------

---------------- Datapath Model BEGIN ----------------

<LifeTime>
<method=bitvector/>
self_sum_V        (alloca           ) [ 0111111]
fe                (alloca           ) [ 0100000]
REG_V_32          (alloca           ) [ 0111111]
REG_V_33          (alloca           ) [ 0111111]
REG_V_34          (alloca           ) [ 0111111]
REG_V_35          (alloca           ) [ 0111111]
REG_V_36          (alloca           ) [ 0111111]
REG_V_37          (alloca           ) [ 0111111]
REG_V_38          (alloca           ) [ 0111111]
REG_V_39          (alloca           ) [ 0111111]
REG_V_40          (alloca           ) [ 0111111]
REG_V_41          (alloca           ) [ 0111111]
REG_V_42          (alloca           ) [ 0111111]
REG_V_43          (alloca           ) [ 0111111]
REG_V_44          (alloca           ) [ 0111111]
REG_V_45          (alloca           ) [ 0111111]
REG_V_46          (alloca           ) [ 0111111]
REG_V_47          (alloca           ) [ 0111111]
REG_V_48          (alloca           ) [ 0111111]
REG_V_49          (alloca           ) [ 0111111]
REG_V_50          (alloca           ) [ 0111111]
REG_V_51          (alloca           ) [ 0111111]
REG_V_52          (alloca           ) [ 0111111]
REG_V_53          (alloca           ) [ 0111111]
REG_V_54          (alloca           ) [ 0111111]
REG_V_55          (alloca           ) [ 0111111]
REG_V_56          (alloca           ) [ 0111111]
REG_V_57          (alloca           ) [ 0111111]
REG_V_58          (alloca           ) [ 0111111]
REG_V_59          (alloca           ) [ 0111111]
REG_V_60          (alloca           ) [ 0111111]
REG_V_61          (alloca           ) [ 0111111]
REG_V_62          (alloca           ) [ 0111111]
REG_V_63          (alloca           ) [ 0111111]
specinterface_ln0 (specinterface    ) [ 0000000]
i_cast_read       (read             ) [ 0110000]
REG_V_read        (read             ) [ 0000000]
REG_V_1_read      (read             ) [ 0000000]
REG_V_2_read      (read             ) [ 0000000]
REG_V_3_read      (read             ) [ 0000000]
REG_V_4_read      (read             ) [ 0000000]
REG_V_5_read      (read             ) [ 0000000]
REG_V_6_read      (read             ) [ 0000000]
REG_V_7_read      (read             ) [ 0000000]
REG_V_8_read      (read             ) [ 0000000]
REG_V_9_read      (read             ) [ 0000000]
REG_V_10_read     (read             ) [ 0000000]
REG_V_11_read     (read             ) [ 0000000]
REG_V_12_read     (read             ) [ 0000000]
REG_V_13_read     (read             ) [ 0000000]
REG_V_14_read     (read             ) [ 0000000]
REG_V_15_read     (read             ) [ 0000000]
REG_V_16_read     (read             ) [ 0000000]
REG_V_17_read     (read             ) [ 0000000]
REG_V_18_read     (read             ) [ 0000000]
REG_V_19_read     (read             ) [ 0000000]
REG_V_20_read     (read             ) [ 0000000]
REG_V_21_read     (read             ) [ 0000000]
REG_V_22_read     (read             ) [ 0000000]
REG_V_23_read     (read             ) [ 0000000]
REG_V_24_read     (read             ) [ 0000000]
REG_V_25_read     (read             ) [ 0000000]
REG_V_26_read     (read             ) [ 0000000]
REG_V_27_read     (read             ) [ 0000000]
REG_V_28_read     (read             ) [ 0000000]
REG_V_29_read     (read             ) [ 0000000]
REG_V_30_read     (read             ) [ 0000000]
REG_V_31_read     (read             ) [ 0000000]
store_ln0         (store            ) [ 0000000]
store_ln0         (store            ) [ 0000000]
store_ln0         (store            ) [ 0000000]
store_ln0         (store            ) [ 0000000]
store_ln0         (store            ) [ 0000000]
store_ln0         (store            ) [ 0000000]
store_ln0         (store            ) [ 0000000]
store_ln0         (store            ) [ 0000000]
store_ln0         (store            ) [ 0000000]
store_ln0         (store            ) [ 0000000]
store_ln0         (store            ) [ 0000000]
store_ln0         (store            ) [ 0000000]
store_ln0         (store            ) [ 0000000]
store_ln0         (store            ) [ 0000000]
store_ln0         (store            ) [ 0000000]
store_ln0         (store            ) [ 0000000]
store_ln0         (store            ) [ 0000000]
store_ln0         (store            ) [ 0000000]
store_ln0         (store            ) [ 0000000]
store_ln0         (store            ) [ 0000000]
store_ln0         (store            ) [ 0000000]
store_ln0         (store            ) [ 0000000]
store_ln0         (store            ) [ 0000000]
store_ln0         (store            ) [ 0000000]
store_ln0         (store            ) [ 0000000]
store_ln0         (store            ) [ 0000000]
store_ln0         (store            ) [ 0000000]
store_ln0         (store            ) [ 0000000]
store_ln0         (store            ) [ 0000000]
store_ln0         (store            ) [ 0000000]
store_ln0         (store            ) [ 0000000]
store_ln0         (store            ) [ 0000000]
store_ln0         (store            ) [ 0000000]
store_ln0         (store            ) [ 0000000]
br_ln0            (br               ) [ 0000000]
fe_1              (load             ) [ 0000000]
icmp_ln60         (icmp             ) [ 0111111]
add_ln60          (add              ) [ 0000000]
br_ln60           (br               ) [ 0000000]
trunc_ln61        (trunc            ) [ 0110000]
add_ln            (bitconcatenate   ) [ 0000000]
zext_ln61         (zext             ) [ 0000000]
buffer_1_addr     (getelementptr    ) [ 0110000]
switch_ln66       (switch           ) [ 0000000]
store_ln60        (store            ) [ 0000000]
specloopname_ln47 (specloopname     ) [ 0000000]
word              (load             ) [ 0000000]
lhs               (trunc            ) [ 0101000]
lhs_1             (partselect       ) [ 0000000]
rhs               (partselect       ) [ 0101000]
rhs_1             (partselect       ) [ 0000000]
REG_V_48_load_1   (load             ) [ 0000000]
REG_V_49_load_1   (load             ) [ 0000000]
REG_V_50_load_1   (load             ) [ 0000000]
REG_V_51_load_1   (load             ) [ 0000000]
REG_V_52_load_1   (load             ) [ 0000000]
REG_V_53_load_1   (load             ) [ 0000000]
REG_V_54_load_1   (load             ) [ 0000000]
REG_V_55_load_1   (load             ) [ 0000000]
REG_V_78          (select           ) [ 0000000]
REG_V_79          (select           ) [ 0000000]
REG_V_83          (select           ) [ 0000000]
REG_V_82          (select           ) [ 0000000]
REG_V_81          (select           ) [ 0000000]
REG_V_80          (select           ) [ 0000000]
select_ln69_6     (select           ) [ 0000000]
select_ln69_7     (select           ) [ 0000000]
store_ln69        (store            ) [ 0000000]
store_ln69        (store            ) [ 0000000]
store_ln69        (store            ) [ 0000000]
store_ln69        (store            ) [ 0000000]
store_ln69        (store            ) [ 0000000]
store_ln69        (store            ) [ 0000000]
store_ln69        (store            ) [ 0000000]
store_ln69        (store            ) [ 0000000]
br_ln69           (br               ) [ 0000000]
REG_V_40_load_1   (load             ) [ 0000000]
REG_V_41_load_1   (load             ) [ 0000000]
REG_V_42_load_1   (load             ) [ 0000000]
REG_V_43_load_1   (load             ) [ 0000000]
REG_V_44_load_1   (load             ) [ 0000000]
REG_V_45_load_1   (load             ) [ 0000000]
REG_V_46_load_1   (load             ) [ 0000000]
REG_V_47_load_1   (load             ) [ 0000000]
REG_V_74          (select           ) [ 0000000]
REG_V_75          (select           ) [ 0000000]
select_ln67_4     (select           ) [ 0000000]
select_ln67_5     (select           ) [ 0000000]
select_ln68_4     (select           ) [ 0000000]
select_ln68_5     (select           ) [ 0000000]
select_ln69_4     (select           ) [ 0000000]
select_ln69_5     (select           ) [ 0000000]
store_ln69        (store            ) [ 0000000]
store_ln69        (store            ) [ 0000000]
store_ln69        (store            ) [ 0000000]
store_ln69        (store            ) [ 0000000]
store_ln69        (store            ) [ 0000000]
store_ln69        (store            ) [ 0000000]
store_ln69        (store            ) [ 0000000]
store_ln69        (store            ) [ 0000000]
br_ln69           (br               ) [ 0000000]
REG_V_32_load_1   (load             ) [ 0000000]
REG_V_33_load_1   (load             ) [ 0000000]
REG_V_34_load_1   (load             ) [ 0000000]
REG_V_35_load_1   (load             ) [ 0000000]
REG_V_36_load_1   (load             ) [ 0000000]
REG_V_37_load_1   (load             ) [ 0000000]
REG_V_38_load_1   (load             ) [ 0000000]
REG_V_39_load_1   (load             ) [ 0000000]
REG_V_72          (select           ) [ 0000000]
REG_V_73          (select           ) [ 0000000]
select_ln67_2     (select           ) [ 0000000]
select_ln67_3     (select           ) [ 0000000]
select_ln68_2     (select           ) [ 0000000]
select_ln68_3     (select           ) [ 0000000]
select_ln69_2     (select           ) [ 0000000]
select_ln69_3     (select           ) [ 0000000]
store_ln69        (store            ) [ 0000000]
store_ln69        (store            ) [ 0000000]
store_ln69        (store            ) [ 0000000]
store_ln69        (store            ) [ 0000000]
store_ln69        (store            ) [ 0000000]
store_ln69        (store            ) [ 0000000]
store_ln69        (store            ) [ 0000000]
store_ln69        (store            ) [ 0000000]
br_ln69           (br               ) [ 0000000]
REG_V_56_load_1   (load             ) [ 0000000]
REG_V_57_load_1   (load             ) [ 0000000]
REG_V_58_load_1   (load             ) [ 0000000]
REG_V_59_load_1   (load             ) [ 0000000]
REG_V_60_load_1   (load             ) [ 0000000]
REG_V_61_load_1   (load             ) [ 0000000]
REG_V_62_load_1   (load             ) [ 0000000]
REG_V_63_load_1   (load             ) [ 0000000]
REG_V_65          (select           ) [ 0000000]
REG_V_66          (select           ) [ 0000000]
select_ln67       (select           ) [ 0000000]
select_ln67_1     (select           ) [ 0000000]
select_ln68       (select           ) [ 0000000]
select_ln68_1     (select           ) [ 0000000]
select_ln69       (select           ) [ 0000000]
select_ln69_1     (select           ) [ 0000000]
store_ln69        (store            ) [ 0000000]
store_ln69        (store            ) [ 0000000]
store_ln69        (store            ) [ 0000000]
store_ln69        (store            ) [ 0000000]
store_ln69        (store            ) [ 0000000]
store_ln69        (store            ) [ 0000000]
store_ln69        (store            ) [ 0000000]
store_ln69        (store            ) [ 0000000]
br_ln69           (br               ) [ 0000000]
zext_ln186_17     (zext             ) [ 0101110]
zext_ln186_18     (zext             ) [ 0101110]
zext_ln186        (zext             ) [ 0100110]
zext_ln186_16     (zext             ) [ 0100110]
ret_V_3           (mul              ) [ 0000000]
ret_V_4           (mul              ) [ 0000000]
zext_ln186_19     (zext             ) [ 0100001]
zext_ln186_20     (zext             ) [ 0100001]
self_sum_V_2      (load             ) [ 0000000]
empty             (trunc            ) [ 0000000]
specpipeline_ln0  (specpipeline     ) [ 0000000]
empty_12          (speclooptripcount) [ 0000000]
ret_V             (add              ) [ 0000000]
zext_ln840        (zext             ) [ 0000000]
self_sum_V_3      (add              ) [ 0000000]
store_ln60        (store            ) [ 0000000]
br_ln60           (br               ) [ 0000000]
REG_V_32_load     (load             ) [ 0000000]
REG_V_33_load     (load             ) [ 0000000]
REG_V_34_load     (load             ) [ 0000000]
REG_V_35_load     (load             ) [ 0000000]
REG_V_36_load     (load             ) [ 0000000]
REG_V_37_load     (load             ) [ 0000000]
REG_V_38_load     (load             ) [ 0000000]
REG_V_39_load     (load             ) [ 0000000]
REG_V_40_load     (load             ) [ 0000000]
REG_V_41_load     (load             ) [ 0000000]
REG_V_42_load     (load             ) [ 0000000]
REG_V_43_load     (load             ) [ 0000000]
REG_V_44_load     (load             ) [ 0000000]
REG_V_45_load     (load             ) [ 0000000]
REG_V_46_load     (load             ) [ 0000000]
REG_V_47_load     (load             ) [ 0000000]
REG_V_48_load     (load             ) [ 0000000]
REG_V_49_load     (load             ) [ 0000000]
REG_V_50_load     (load             ) [ 0000000]
REG_V_51_load     (load             ) [ 0000000]
REG_V_52_load     (load             ) [ 0000000]
REG_V_53_load     (load             ) [ 0000000]
REG_V_54_load     (load             ) [ 0000000]
REG_V_55_load     (load             ) [ 0000000]
REG_V_56_load     (load             ) [ 0000000]
REG_V_57_load     (load             ) [ 0000000]
REG_V_58_load     (load             ) [ 0000000]
REG_V_59_load     (load             ) [ 0000000]
REG_V_60_load     (load             ) [ 0000000]
REG_V_61_load     (load             ) [ 0000000]
REG_V_62_load     (load             ) [ 0000000]
REG_V_63_load     (load             ) [ 0000000]
write_ln0         (write            ) [ 0000000]
write_ln0         (write            ) [ 0000000]
write_ln0         (write            ) [ 0000000]
write_ln0         (write            ) [ 0000000]
write_ln0         (write            ) [ 0000000]
write_ln0         (write            ) [ 0000000]
write_ln0         (write            ) [ 0000000]
write_ln0         (write            ) [ 0000000]
write_ln0         (write            ) [ 0000000]
write_ln0         (write            ) [ 0000000]
write_ln0         (write            ) [ 0000000]
write_ln0         (write            ) [ 0000000]
write_ln0         (write            ) [ 0000000]
write_ln0         (write            ) [ 0000000]
write_ln0         (write            ) [ 0000000]
write_ln0         (write            ) [ 0000000]
write_ln0         (write            ) [ 0000000]
write_ln0         (write            ) [ 0000000]
write_ln0         (write            ) [ 0000000]
write_ln0         (write            ) [ 0000000]
write_ln0         (write            ) [ 0000000]
write_ln0         (write            ) [ 0000000]
write_ln0         (write            ) [ 0000000]
write_ln0         (write            ) [ 0000000]
write_ln0         (write            ) [ 0000000]
write_ln0         (write            ) [ 0000000]
write_ln0         (write            ) [ 0000000]
write_ln0         (write            ) [ 0000000]
write_ln0         (write            ) [ 0000000]
write_ln0         (write            ) [ 0000000]
write_ln0         (write            ) [ 0000000]
write_ln0         (write            ) [ 0000000]
write_ln0         (write            ) [ 0000000]
ret_ln0           (ret              ) [ 0000000]
</LifeTime>

<model>

<comp_list>
<comp id="0" class="1000" name="REG_V_31">
<pin_list>
<pin id="1" dir="1" index="0" bw="1" slack="0"/>
</pin_list>
<bind>
<StgValue><ssdm name="REG_V_31"/></StgValue>
</bind>
</comp>

<comp id="2" class="1000" name="REG_V_30">
<pin_list>
<pin id="3" dir="1" index="0" bw="1" slack="0"/>
</pin_list>
<bind>
<StgValue><ssdm name="REG_V_30"/></StgValue>
</bind>
</comp>

<comp id="4" class="1000" name="REG_V_29">
<pin_list>
<pin id="5" dir="1" index="0" bw="1" slack="0"/>
</pin_list>
<bind>
<StgValue><ssdm name="REG_V_29"/></StgValue>
</bind>
</comp>

<comp id="6" class="1000" name="REG_V_28">
<pin_list>
<pin id="7" dir="1" index="0" bw="1" slack="0"/>
</pin_list>
<bind>
<StgValue><ssdm name="REG_V_28"/></StgValue>
</bind>
</comp>

<comp id="8" class="1000" name="REG_V_27">
<pin_list>
<pin id="9" dir="1" index="0" bw="1" slack="0"/>
</pin_list>
<bind>
<StgValue><ssdm name="REG_V_27"/></StgValue>
</bind>
</comp>

<comp id="10" class="1000" name="REG_V_26">
<pin_list>
<pin id="11" dir="1" index="0" bw="1" slack="0"/>
</pin_list>
<bind>
<StgValue><ssdm name="REG_V_26"/></StgValue>
</bind>
</comp>

<comp id="12" class="1000" name="REG_V_25">
<pin_list>
<pin id="13" dir="1" index="0" bw="1" slack="0"/>
</pin_list>
<bind>
<StgValue><ssdm name="REG_V_25"/></StgValue>
</bind>
</comp>

<comp id="14" class="1000" name="REG_V_24">
<pin_list>
<pin id="15" dir="1" index="0" bw="1" slack="0"/>
</pin_list>
<bind>
<StgValue><ssdm name="REG_V_24"/></StgValue>
</bind>
</comp>

<comp id="16" class="1000" name="REG_V_23">
<pin_list>
<pin id="17" dir="1" index="0" bw="1" slack="0"/>
</pin_list>
<bind>
<StgValue><ssdm name="REG_V_23"/></StgValue>
</bind>
</comp>

<comp id="18" class="1000" name="REG_V_22">
<pin_list>
<pin id="19" dir="1" index="0" bw="1" slack="0"/>
</pin_list>
<bind>
<StgValue><ssdm name="REG_V_22"/></StgValue>
</bind>
</comp>

<comp id="20" class="1000" name="REG_V_21">
<pin_list>
<pin id="21" dir="1" index="0" bw="1" slack="0"/>
</pin_list>
<bind>
<StgValue><ssdm name="REG_V_21"/></StgValue>
</bind>
</comp>

<comp id="22" class="1000" name="REG_V_20">
<pin_list>
<pin id="23" dir="1" index="0" bw="1" slack="0"/>
</pin_list>
<bind>
<StgValue><ssdm name="REG_V_20"/></StgValue>
</bind>
</comp>

<comp id="24" class="1000" name="REG_V_19">
<pin_list>
<pin id="25" dir="1" index="0" bw="1" slack="0"/>
</pin_list>
<bind>
<StgValue><ssdm name="REG_V_19"/></StgValue>
</bind>
</comp>

<comp id="26" class="1000" name="REG_V_18">
<pin_list>
<pin id="27" dir="1" index="0" bw="1" slack="0"/>
</pin_list>
<bind>
<StgValue><ssdm name="REG_V_18"/></StgValue>
</bind>
</comp>

<comp id="28" class="1000" name="REG_V_17">
<pin_list>
<pin id="29" dir="1" index="0" bw="1" slack="0"/>
</pin_list>
<bind>
<StgValue><ssdm name="REG_V_17"/></StgValue>
</bind>
</comp>

<comp id="30" class="1000" name="REG_V_16">
<pin_list>
<pin id="31" dir="1" index="0" bw="1" slack="0"/>
</pin_list>
<bind>
<StgValue><ssdm name="REG_V_16"/></StgValue>
</bind>
</comp>

<comp id="32" class="1000" name="REG_V_15">
<pin_list>
<pin id="33" dir="1" index="0" bw="1" slack="0"/>
</pin_list>
<bind>
<StgValue><ssdm name="REG_V_15"/></StgValue>
</bind>
</comp>

<comp id="34" class="1000" name="REG_V_14">
<pin_list>
<pin id="35" dir="1" index="0" bw="1" slack="0"/>
</pin_list>
<bind>
<StgValue><ssdm name="REG_V_14"/></StgValue>
</bind>
</comp>

<comp id="36" class="1000" name="REG_V_13">
<pin_list>
<pin id="37" dir="1" index="0" bw="1" slack="0"/>
</pin_list>
<bind>
<StgValue><ssdm name="REG_V_13"/></StgValue>
</bind>
</comp>

<comp id="38" class="1000" name="REG_V_12">
<pin_list>
<pin id="39" dir="1" index="0" bw="1" slack="0"/>
</pin_list>
<bind>
<StgValue><ssdm name="REG_V_12"/></StgValue>
</bind>
</comp>

<comp id="40" class="1000" name="REG_V_11">
<pin_list>
<pin id="41" dir="1" index="0" bw="1" slack="0"/>
</pin_list>
<bind>
<StgValue><ssdm name="REG_V_11"/></StgValue>
</bind>
</comp>

<comp id="42" class="1000" name="REG_V_10">
<pin_list>
<pin id="43" dir="1" index="0" bw="1" slack="0"/>
</pin_list>
<bind>
<StgValue><ssdm name="REG_V_10"/></StgValue>
</bind>
</comp>

<comp id="44" class="1000" name="REG_V_9">
<pin_list>
<pin id="45" dir="1" index="0" bw="1" slack="0"/>
</pin_list>
<bind>
<StgValue><ssdm name="REG_V_9"/></StgValue>
</bind>
</comp>

<comp id="46" class="1000" name="REG_V_8">
<pin_list>
<pin id="47" dir="1" index="0" bw="1" slack="0"/>
</pin_list>
<bind>
<StgValue><ssdm name="REG_V_8"/></StgValue>
</bind>
</comp>

<comp id="48" class="1000" name="REG_V_7">
<pin_list>
<pin id="49" dir="1" index="0" bw="1" slack="0"/>
</pin_list>
<bind>
<StgValue><ssdm name="REG_V_7"/></StgValue>
</bind>
</comp>

<comp id="50" class="1000" name="REG_V_6">
<pin_list>
<pin id="51" dir="1" index="0" bw="1" slack="0"/>
</pin_list>
<bind>
<StgValue><ssdm name="REG_V_6"/></StgValue>
</bind>
</comp>

<comp id="52" class="1000" name="REG_V_5">
<pin_list>
<pin id="53" dir="1" index="0" bw="1" slack="0"/>
</pin_list>
<bind>
<StgValue><ssdm name="REG_V_5"/></StgValue>
</bind>
</comp>

<comp id="54" class="1000" name="REG_V_4">
<pin_list>
<pin id="55" dir="1" index="0" bw="1" slack="0"/>
</pin_list>
<bind>
<StgValue><ssdm name="REG_V_4"/></StgValue>
</bind>
</comp>

<comp id="56" class="1000" name="REG_V_3">
<pin_list>
<pin id="57" dir="1" index="0" bw="1" slack="0"/>
</pin_list>
<bind>
<StgValue><ssdm name="REG_V_3"/></StgValue>
</bind>
</comp>

<comp id="58" class="1000" name="REG_V_2">
<pin_list>
<pin id="59" dir="1" index="0" bw="1" slack="0"/>
</pin_list>
<bind>
<StgValue><ssdm name="REG_V_2"/></StgValue>
</bind>
</comp>

<comp id="60" class="1000" name="REG_V_1">
<pin_list>
<pin id="61" dir="1" index="0" bw="1" slack="0"/>
</pin_list>
<bind>
<StgValue><ssdm name="REG_V_1"/></StgValue>
</bind>
</comp>

<comp id="62" class="1000" name="REG_V">
<pin_list>
<pin id="63" dir="1" index="0" bw="1" slack="0"/>
</pin_list>
<bind>
<StgValue><ssdm name="REG_V"/></StgValue>
</bind>
</comp>

<comp id="64" class="1000" name="i_cast">
<pin_list>
<pin id="65" dir="1" index="0" bw="1" slack="0"/>
</pin_list>
<bind>
<StgValue><ssdm name="i_cast"/></StgValue>
</bind>
</comp>

<comp id="66" class="1000" name="buffer_1">
<pin_list>
<pin id="67" dir="1" index="0" bw="1" slack="0"/>
</pin_list>
<bind>
<StgValue><ssdm name="buffer_1"/><MemPortTyVec>1 3 </MemPortTyVec>
</StgValue>
</bind>
</comp>

<comp id="68" class="1000" name="REG_V_63_out">
<pin_list>
<pin id="69" dir="1" index="0" bw="1" slack="0"/>
</pin_list>
<bind>
<StgValue><ssdm name="REG_V_63_out"/></StgValue>
</bind>
</comp>

<comp id="70" class="1000" name="REG_V_62_out">
<pin_list>
<pin id="71" dir="1" index="0" bw="1" slack="0"/>
</pin_list>
<bind>
<StgValue><ssdm name="REG_V_62_out"/></StgValue>
</bind>
</comp>

<comp id="72" class="1000" name="REG_V_61_out">
<pin_list>
<pin id="73" dir="1" index="0" bw="1" slack="0"/>
</pin_list>
<bind>
<StgValue><ssdm name="REG_V_61_out"/></StgValue>
</bind>
</comp>

<comp id="74" class="1000" name="REG_V_60_out">
<pin_list>
<pin id="75" dir="1" index="0" bw="1" slack="0"/>
</pin_list>
<bind>
<StgValue><ssdm name="REG_V_60_out"/></StgValue>
</bind>
</comp>

<comp id="76" class="1000" name="REG_V_59_out">
<pin_list>
<pin id="77" dir="1" index="0" bw="1" slack="0"/>
</pin_list>
<bind>
<StgValue><ssdm name="REG_V_59_out"/></StgValue>
</bind>
</comp>

<comp id="78" class="1000" name="REG_V_58_out">
<pin_list>
<pin id="79" dir="1" index="0" bw="1" slack="0"/>
</pin_list>
<bind>
<StgValue><ssdm name="REG_V_58_out"/></StgValue>
</bind>
</comp>

<comp id="80" class="1000" name="REG_V_57_out">
<pin_list>
<pin id="81" dir="1" index="0" bw="1" slack="0"/>
</pin_list>
<bind>
<StgValue><ssdm name="REG_V_57_out"/></StgValue>
</bind>
</comp>

<comp id="82" class="1000" name="REG_V_56_out">
<pin_list>
<pin id="83" dir="1" index="0" bw="1" slack="0"/>
</pin_list>
<bind>
<StgValue><ssdm name="REG_V_56_out"/></StgValue>
</bind>
</comp>

<comp id="84" class="1000" name="REG_V_55_out">
<pin_list>
<pin id="85" dir="1" index="0" bw="1" slack="0"/>
</pin_list>
<bind>
<StgValue><ssdm name="REG_V_55_out"/></StgValue>
</bind>
</comp>

<comp id="86" class="1000" name="REG_V_54_out">
<pin_list>
<pin id="87" dir="1" index="0" bw="1" slack="0"/>
</pin_list>
<bind>
<StgValue><ssdm name="REG_V_54_out"/></StgValue>
</bind>
</comp>

<comp id="88" class="1000" name="REG_V_53_out">
<pin_list>
<pin id="89" dir="1" index="0" bw="1" slack="0"/>
</pin_list>
<bind>
<StgValue><ssdm name="REG_V_53_out"/></StgValue>
</bind>
</comp>

<comp id="90" class="1000" name="REG_V_52_out">
<pin_list>
<pin id="91" dir="1" index="0" bw="1" slack="0"/>
</pin_list>
<bind>
<StgValue><ssdm name="REG_V_52_out"/></StgValue>
</bind>
</comp>

<comp id="92" class="1000" name="REG_V_51_out">
<pin_list>
<pin id="93" dir="1" index="0" bw="1" slack="0"/>
</pin_list>
<bind>
<StgValue><ssdm name="REG_V_51_out"/></StgValue>
</bind>
</comp>

<comp id="94" class="1000" name="REG_V_50_out">
<pin_list>
<pin id="95" dir="1" index="0" bw="1" slack="0"/>
</pin_list>
<bind>
<StgValue><ssdm name="REG_V_50_out"/></StgValue>
</bind>
</comp>

<comp id="96" class="1000" name="REG_V_49_out">
<pin_list>
<pin id="97" dir="1" index="0" bw="1" slack="0"/>
</pin_list>
<bind>
<StgValue><ssdm name="REG_V_49_out"/></StgValue>
</bind>
</comp>

<comp id="98" class="1000" name="REG_V_48_out">
<pin_list>
<pin id="99" dir="1" index="0" bw="1" slack="0"/>
</pin_list>
<bind>
<StgValue><ssdm name="REG_V_48_out"/></StgValue>
</bind>
</comp>

<comp id="100" class="1000" name="REG_V_47_out">
<pin_list>
<pin id="101" dir="1" index="0" bw="1" slack="0"/>
</pin_list>
<bind>
<StgValue><ssdm name="REG_V_47_out"/></StgValue>
</bind>
</comp>

<comp id="102" class="1000" name="REG_V_46_out">
<pin_list>
<pin id="103" dir="1" index="0" bw="1" slack="0"/>
</pin_list>
<bind>
<StgValue><ssdm name="REG_V_46_out"/></StgValue>
</bind>
</comp>

<comp id="104" class="1000" name="REG_V_45_out">
<pin_list>
<pin id="105" dir="1" index="0" bw="1" slack="0"/>
</pin_list>
<bind>
<StgValue><ssdm name="REG_V_45_out"/></StgValue>
</bind>
</comp>

<comp id="106" class="1000" name="REG_V_44_out">
<pin_list>
<pin id="107" dir="1" index="0" bw="1" slack="0"/>
</pin_list>
<bind>
<StgValue><ssdm name="REG_V_44_out"/></StgValue>
</bind>
</comp>

<comp id="108" class="1000" name="REG_V_43_out">
<pin_list>
<pin id="109" dir="1" index="0" bw="1" slack="0"/>
</pin_list>
<bind>
<StgValue><ssdm name="REG_V_43_out"/></StgValue>
</bind>
</comp>

<comp id="110" class="1000" name="REG_V_42_out">
<pin_list>
<pin id="111" dir="1" index="0" bw="1" slack="0"/>
</pin_list>
<bind>
<StgValue><ssdm name="REG_V_42_out"/></StgValue>
</bind>
</comp>

<comp id="112" class="1000" name="REG_V_41_out">
<pin_list>
<pin id="113" dir="1" index="0" bw="1" slack="0"/>
</pin_list>
<bind>
<StgValue><ssdm name="REG_V_41_out"/></StgValue>
</bind>
</comp>

<comp id="114" class="1000" name="REG_V_40_out">
<pin_list>
<pin id="115" dir="1" index="0" bw="1" slack="0"/>
</pin_list>
<bind>
<StgValue><ssdm name="REG_V_40_out"/></StgValue>
</bind>
</comp>

<comp id="116" class="1000" name="REG_V_39_out">
<pin_list>
<pin id="117" dir="1" index="0" bw="1" slack="0"/>
</pin_list>
<bind>
<StgValue><ssdm name="REG_V_39_out"/></StgValue>
</bind>
</comp>

<comp id="118" class="1000" name="REG_V_38_out">
<pin_list>
<pin id="119" dir="1" index="0" bw="1" slack="0"/>
</pin_list>
<bind>
<StgValue><ssdm name="REG_V_38_out"/></StgValue>
</bind>
</comp>

<comp id="120" class="1000" name="REG_V_37_out">
<pin_list>
<pin id="121" dir="1" index="0" bw="1" slack="0"/>
</pin_list>
<bind>
<StgValue><ssdm name="REG_V_37_out"/></StgValue>
</bind>
</comp>

<comp id="122" class="1000" name="REG_V_36_out">
<pin_list>
<pin id="123" dir="1" index="0" bw="1" slack="0"/>
</pin_list>
<bind>
<StgValue><ssdm name="REG_V_36_out"/></StgValue>
</bind>
</comp>

<comp id="124" class="1000" name="REG_V_35_out">
<pin_list>
<pin id="125" dir="1" index="0" bw="1" slack="0"/>
</pin_list>
<bind>
<StgValue><ssdm name="REG_V_35_out"/></StgValue>
</bind>
</comp>

<comp id="126" class="1000" name="REG_V_34_out">
<pin_list>
<pin id="127" dir="1" index="0" bw="1" slack="0"/>
</pin_list>
<bind>
<StgValue><ssdm name="REG_V_34_out"/></StgValue>
</bind>
</comp>

<comp id="128" class="1000" name="REG_V_33_out">
<pin_list>
<pin id="129" dir="1" index="0" bw="1" slack="0"/>
</pin_list>
<bind>
<StgValue><ssdm name="REG_V_33_out"/></StgValue>
</bind>
</comp>

<comp id="130" class="1000" name="REG_V_32_out">
<pin_list>
<pin id="131" dir="1" index="0" bw="1" slack="0"/>
</pin_list>
<bind>
<StgValue><ssdm name="REG_V_32_out"/></StgValue>
</bind>
</comp>

<comp id="132" class="1000" name="self_sum_V_out">
<pin_list>
<pin id="133" dir="1" index="0" bw="1" slack="0"/>
</pin_list>
<bind>
<StgValue><ssdm name="self_sum_V_out"/></StgValue>
</bind>
</comp>

<comp id="134" class="1001" name="const_134">
<pin_list>
<pin id="135" dir="1" index="0" bw="1" slack="0"/>
</pin_list>
<bind>
<StgValue><ssdm name=""/></StgValue>
</bind>
</comp>

<comp id="136" class="1001" name="const_136">
<pin_list>
<pin id="137" dir="1" index="0" bw="1" slack="2147483647"/>
</pin_list>
<bind>
<StgValue><ssdm name="_ssdm_op_SpecInterface"/></StgValue>
</bind>
</comp>

<comp id="138" class="1001" name="const_138">
<pin_list>
<pin id="139" dir="1" index="0" bw="1" slack="2147483647"/>
</pin_list>
<bind>
<StgValue><ssdm name="empty"/></StgValue>
</bind>
</comp>

<comp id="140" class="1001" name="const_140">
<pin_list>
<pin id="141" dir="1" index="0" bw="1" slack="2147483647"/>
</pin_list>
<bind>
<StgValue><ssdm name=""/></StgValue>
</bind>
</comp>

<comp id="142" class="1001" name="const_142">
<pin_list>
<pin id="143" dir="1" index="0" bw="1" slack="2147483647"/>
</pin_list>
<bind>
<StgValue><ssdm name="empty_0"/></StgValue>
</bind>
</comp>

<comp id="144" class="1001" name="const_144">
<pin_list>
<pin id="145" dir="1" index="0" bw="1" slack="2147483647"/>
</pin_list>
<bind>
<StgValue><ssdm name=""/></StgValue>
</bind>
</comp>

<comp id="146" class="1001" name="const_146">
<pin_list>
<pin id="147" dir="1" index="0" bw="1" slack="0"/>
</pin_list>
<bind>
<StgValue><ssdm name="_ssdm_op_Read.ap_auto.i2"/></StgValue>
</bind>
</comp>

<comp id="148" class="1001" name="const_148">
<pin_list>
<pin id="149" dir="1" index="0" bw="1" slack="0"/>
</pin_list>
<bind>
<StgValue><ssdm name="_ssdm_op_Read.ap_auto.i16"/></StgValue>
</bind>
</comp>

<comp id="150" class="1001" name="const_150">
<pin_list>
<pin id="151" dir="1" index="0" bw="1" slack="0"/>
</pin_list>
<bind>
<StgValue><ssdm name=""/></StgValue>
</bind>
</comp>

<comp id="152" class="1001" name="const_152">
<pin_list>
<pin id="153" dir="1" index="0" bw="1" slack="0"/>
</pin_list>
<bind>
<StgValue><ssdm name=""/></StgValue>
</bind>
</comp>

<comp id="154" class="1001" name="const_154">
<pin_list>
<pin id="155" dir="1" index="0" bw="1" slack="0"/>
</pin_list>
<bind>
<StgValue><ssdm name=""/></StgValue>
</bind>
</comp>

<comp id="156" class="1001" name="const_156">
<pin_list>
<pin id="157" dir="1" index="0" bw="1" slack="0"/>
</pin_list>
<bind>
<StgValue><ssdm name=""/></StgValue>
</bind>
</comp>

<comp id="158" class="1001" name="const_158">
<pin_list>
<pin id="159" dir="1" index="0" bw="1" slack="0"/>
</pin_list>
<bind>
<StgValue><ssdm name="_ssdm_op_BitConcatenate.i3.i2.i1"/></StgValue>
</bind>
</comp>

<comp id="160" class="1001" name="const_160">
<pin_list>
<pin id="161" dir="1" index="0" bw="1" slack="0"/>
</pin_list>
<bind>
<StgValue><ssdm name=""/></StgValue>
</bind>
</comp>

<comp id="162" class="1001" name="const_162">
<pin_list>
<pin id="163" dir="1" index="0" bw="1" slack="2147483647"/>
</pin_list>
<bind>
<StgValue><ssdm name="_ssdm_op_SpecLoopName"/></StgValue>
</bind>
</comp>

<comp id="164" class="1001" name="const_164">
<pin_list>
<pin id="165" dir="1" index="0" bw="1" slack="2147483647"/>
</pin_list>
<bind>
<StgValue><ssdm name="empty_4"/></StgValue>
</bind>
</comp>

<comp id="166" class="1001" name="const_166">
<pin_list>
<pin id="167" dir="1" index="0" bw="1" slack="0"/>
</pin_list>
<bind>
<StgValue><ssdm name="_ssdm_op_PartSelect.i16.i64.i32.i32"/></StgValue>
</bind>
</comp>

<comp id="168" class="1001" name="const_168">
<pin_list>
<pin id="169" dir="1" index="0" bw="1" slack="0"/>
</pin_list>
<bind>
<StgValue><ssdm name=""/></StgValue>
</bind>
</comp>

<comp id="170" class="1001" name="const_170">
<pin_list>
<pin id="171" dir="1" index="0" bw="1" slack="0"/>
</pin_list>
<bind>
<StgValue><ssdm name=""/></StgValue>
</bind>
</comp>

<comp id="172" class="1001" name="const_172">
<pin_list>
<pin id="173" dir="1" index="0" bw="1" slack="0"/>
</pin_list>
<bind>
<StgValue><ssdm name=""/></StgValue>
</bind>
</comp>

<comp id="174" class="1001" name="const_174">
<pin_list>
<pin id="175" dir="1" index="0" bw="1" slack="0"/>
</pin_list>
<bind>
<StgValue><ssdm name=""/></StgValue>
</bind>
</comp>

<comp id="176" class="1001" name="const_176">
<pin_list>
<pin id="177" dir="1" index="0" bw="1" slack="0"/>
</pin_list>
<bind>
<StgValue><ssdm name=""/></StgValue>
</bind>
</comp>

<comp id="178" class="1001" name="const_178">
<pin_list>
<pin id="179" dir="1" index="0" bw="1" slack="0"/>
</pin_list>
<bind>
<StgValue><ssdm name=""/></StgValue>
</bind>
</comp>

<comp id="180" class="1001" name="const_180">
<pin_list>
<pin id="181" dir="1" index="0" bw="1" slack="2147483647"/>
</pin_list>
<bind>
<StgValue><ssdm name="_ssdm_op_SpecPipeline"/></StgValue>
</bind>
</comp>

<comp id="182" class="1001" name="const_182">
<pin_list>
<pin id="183" dir="1" index="0" bw="1" slack="2147483647"/>
</pin_list>
<bind>
<StgValue><ssdm name="p_str"/></StgValue>
</bind>
</comp>

<comp id="184" class="1001" name="const_184">
<pin_list>
<pin id="185" dir="1" index="0" bw="1" slack="2147483647"/>
</pin_list>
<bind>
<StgValue><ssdm name="_ssdm_op_SpecLoopTripCount"/></StgValue>
</bind>
</comp>

<comp id="186" class="1001" name="const_186">
<pin_list>
<pin id="187" dir="1" index="0" bw="1" slack="2147483647"/>
</pin_list>
<bind>
<StgValue><ssdm name=""/></StgValue>
</bind>
</comp>

<comp id="188" class="1001" name="const_188">
<pin_list>
<pin id="189" dir="1" index="0" bw="1" slack="0"/>
</pin_list>
<bind>
<StgValue><ssdm name="_ssdm_op_Write.ap_auto.i16P0A"/></StgValue>
</bind>
</comp>

<comp id="190" class="1001" name="const_190">
<pin_list>
<pin id="191" dir="1" index="0" bw="1" slack="0"/>
</pin_list>
<bind>
<StgValue><ssdm name="_ssdm_op_Write.ap_auto.i32P0A"/></StgValue>
</bind>
</comp>

<comp id="192" class="1004" name="self_sum_V_fu_192">
<pin_list>
<pin id="193" dir="0" index="0" bw="1" slack="0"/>
<pin id="194" dir="1" index="1" bw="34" slack="0"/>
</pin_list>
<bind>
<opcode="alloca(26) " fcode="alloca"/>
<opset="self_sum_V/1 "/>
</bind>
</comp>

<comp id="196" class="1004" name="fe_fu_196">
<pin_list>
<pin id="197" dir="0" index="0" bw="1" slack="0"/>
<pin id="198" dir="1" index="1" bw="2" slack="0"/>
</pin_list>
<bind>
<opcode="alloca(26) " fcode="alloca"/>
<opset="fe/1 "/>
</bind>
</comp>

<comp id="200" class="1004" name="REG_V_32_fu_200">
<pin_list>
<pin id="201" dir="0" index="0" bw="1" slack="0"/>
<pin id="202" dir="1" index="1" bw="16" slack="0"/>
</pin_list>
<bind>
<opcode="alloca(26) " fcode="alloca"/>
<opset="REG_V_32/1 "/>
</bind>
</comp>

<comp id="204" class="1004" name="REG_V_33_fu_204">
<pin_list>
<pin id="205" dir="0" index="0" bw="1" slack="0"/>
<pin id="206" dir="1" index="1" bw="16" slack="0"/>
</pin_list>
<bind>
<opcode="alloca(26) " fcode="alloca"/>
<opset="REG_V_33/1 "/>
</bind>
</comp>

<comp id="208" class="1004" name="REG_V_34_fu_208">
<pin_list>
<pin id="209" dir="0" index="0" bw="1" slack="0"/>
<pin id="210" dir="1" index="1" bw="16" slack="0"/>
</pin_list>
<bind>
<opcode="alloca(26) " fcode="alloca"/>
<opset="REG_V_34/1 "/>
</bind>
</comp>

<comp id="212" class="1004" name="REG_V_35_fu_212">
<pin_list>
<pin id="213" dir="0" index="0" bw="1" slack="0"/>
<pin id="214" dir="1" index="1" bw="16" slack="0"/>
</pin_list>
<bind>
<opcode="alloca(26) " fcode="alloca"/>
<opset="REG_V_35/1 "/>
</bind>
</comp>

<comp id="216" class="1004" name="REG_V_36_fu_216">
<pin_list>
<pin id="217" dir="0" index="0" bw="1" slack="0"/>
<pin id="218" dir="1" index="1" bw="16" slack="0"/>
</pin_list>
<bind>
<opcode="alloca(26) " fcode="alloca"/>
<opset="REG_V_36/1 "/>
</bind>
</comp>

<comp id="220" class="1004" name="REG_V_37_fu_220">
<pin_list>
<pin id="221" dir="0" index="0" bw="1" slack="0"/>
<pin id="222" dir="1" index="1" bw="16" slack="0"/>
</pin_list>
<bind>
<opcode="alloca(26) " fcode="alloca"/>
<opset="REG_V_37/1 "/>
</bind>
</comp>

<comp id="224" class="1004" name="REG_V_38_fu_224">
<pin_list>
<pin id="225" dir="0" index="0" bw="1" slack="0"/>
<pin id="226" dir="1" index="1" bw="16" slack="0"/>
</pin_list>
<bind>
<opcode="alloca(26) " fcode="alloca"/>
<opset="REG_V_38/1 "/>
</bind>
</comp>

<comp id="228" class="1004" name="REG_V_39_fu_228">
<pin_list>
<pin id="229" dir="0" index="0" bw="1" slack="0"/>
<pin id="230" dir="1" index="1" bw="16" slack="0"/>
</pin_list>
<bind>
<opcode="alloca(26) " fcode="alloca"/>
<opset="REG_V_39/1 "/>
</bind>
</comp>

<comp id="232" class="1004" name="REG_V_40_fu_232">
<pin_list>
<pin id="233" dir="0" index="0" bw="1" slack="0"/>
<pin id="234" dir="1" index="1" bw="16" slack="0"/>
</pin_list>
<bind>
<opcode="alloca(26) " fcode="alloca"/>
<opset="REG_V_40/1 "/>
</bind>
</comp>

<comp id="236" class="1004" name="REG_V_41_fu_236">
<pin_list>
<pin id="237" dir="0" index="0" bw="1" slack="0"/>
<pin id="238" dir="1" index="1" bw="16" slack="0"/>
</pin_list>
<bind>
<opcode="alloca(26) " fcode="alloca"/>
<opset="REG_V_41/1 "/>
</bind>
</comp>

<comp id="240" class="1004" name="REG_V_42_fu_240">
<pin_list>
<pin id="241" dir="0" index="0" bw="1" slack="0"/>
<pin id="242" dir="1" index="1" bw="16" slack="0"/>
</pin_list>
<bind>
<opcode="alloca(26) " fcode="alloca"/>
<opset="REG_V_42/1 "/>
</bind>
</comp>

<comp id="244" class="1004" name="REG_V_43_fu_244">
<pin_list>
<pin id="245" dir="0" index="0" bw="1" slack="0"/>
<pin id="246" dir="1" index="1" bw="16" slack="0"/>
</pin_list>
<bind>
<opcode="alloca(26) " fcode="alloca"/>
<opset="REG_V_43/1 "/>
</bind>
</comp>

<comp id="248" class="1004" name="REG_V_44_fu_248">
<pin_list>
<pin id="249" dir="0" index="0" bw="1" slack="0"/>
<pin id="250" dir="1" index="1" bw="16" slack="0"/>
</pin_list>
<bind>
<opcode="alloca(26) " fcode="alloca"/>
<opset="REG_V_44/1 "/>
</bind>
</comp>

<comp id="252" class="1004" name="REG_V_45_fu_252">
<pin_list>
<pin id="253" dir="0" index="0" bw="1" slack="0"/>
<pin id="254" dir="1" index="1" bw="16" slack="0"/>
</pin_list>
<bind>
<opcode="alloca(26) " fcode="alloca"/>
<opset="REG_V_45/1 "/>
</bind>
</comp>

<comp id="256" class="1004" name="REG_V_46_fu_256">
<pin_list>
<pin id="257" dir="0" index="0" bw="1" slack="0"/>
<pin id="258" dir="1" index="1" bw="16" slack="0"/>
</pin_list>
<bind>
<opcode="alloca(26) " fcode="alloca"/>
<opset="REG_V_46/1 "/>
</bind>
</comp>

<comp id="260" class="1004" name="REG_V_47_fu_260">
<pin_list>
<pin id="261" dir="0" index="0" bw="1" slack="0"/>
<pin id="262" dir="1" index="1" bw="16" slack="0"/>
</pin_list>
<bind>
<opcode="alloca(26) " fcode="alloca"/>
<opset="REG_V_47/1 "/>
</bind>
</comp>

<comp id="264" class="1004" name="REG_V_48_fu_264">
<pin_list>
<pin id="265" dir="0" index="0" bw="1" slack="0"/>
<pin id="266" dir="1" index="1" bw="16" slack="0"/>
</pin_list>
<bind>
<opcode="alloca(26) " fcode="alloca"/>
<opset="REG_V_48/1 "/>
</bind>
</comp>

<comp id="268" class="1004" name="REG_V_49_fu_268">
<pin_list>
<pin id="269" dir="0" index="0" bw="1" slack="0"/>
<pin id="270" dir="1" index="1" bw="16" slack="0"/>
</pin_list>
<bind>
<opcode="alloca(26) " fcode="alloca"/>
<opset="REG_V_49/1 "/>
</bind>
</comp>

<comp id="272" class="1004" name="REG_V_50_fu_272">
<pin_list>
<pin id="273" dir="0" index="0" bw="1" slack="0"/>
<pin id="274" dir="1" index="1" bw="16" slack="0"/>
</pin_list>
<bind>
<opcode="alloca(26) " fcode="alloca"/>
<opset="REG_V_50/1 "/>
</bind>
</comp>

<comp id="276" class="1004" name="REG_V_51_fu_276">
<pin_list>
<pin id="277" dir="0" index="0" bw="1" slack="0"/>
<pin id="278" dir="1" index="1" bw="16" slack="0"/>
</pin_list>
<bind>
<opcode="alloca(26) " fcode="alloca"/>
<opset="REG_V_51/1 "/>
</bind>
</comp>

<comp id="280" class="1004" name="REG_V_52_fu_280">
<pin_list>
<pin id="281" dir="0" index="0" bw="1" slack="0"/>
<pin id="282" dir="1" index="1" bw="16" slack="0"/>
</pin_list>
<bind>
<opcode="alloca(26) " fcode="alloca"/>
<opset="REG_V_52/1 "/>
</bind>
</comp>

<comp id="284" class="1004" name="REG_V_53_fu_284">
<pin_list>
<pin id="285" dir="0" index="0" bw="1" slack="0"/>
<pin id="286" dir="1" index="1" bw="16" slack="0"/>
</pin_list>
<bind>
<opcode="alloca(26) " fcode="alloca"/>
<opset="REG_V_53/1 "/>
</bind>
</comp>

<comp id="288" class="1004" name="REG_V_54_fu_288">
<pin_list>
<pin id="289" dir="0" index="0" bw="1" slack="0"/>
<pin id="290" dir="1" index="1" bw="16" slack="0"/>
</pin_list>
<bind>
<opcode="alloca(26) " fcode="alloca"/>
<opset="REG_V_54/1 "/>
</bind>
</comp>

<comp id="292" class="1004" name="REG_V_55_fu_292">
<pin_list>
<pin id="293" dir="0" index="0" bw="1" slack="0"/>
<pin id="294" dir="1" index="1" bw="16" slack="0"/>
</pin_list>
<bind>
<opcode="alloca(26) " fcode="alloca"/>
<opset="REG_V_55/1 "/>
</bind>
</comp>

<comp id="296" class="1004" name="REG_V_56_fu_296">
<pin_list>
<pin id="297" dir="0" index="0" bw="1" slack="0"/>
<pin id="298" dir="1" index="1" bw="16" slack="0"/>
</pin_list>
<bind>
<opcode="alloca(26) " fcode="alloca"/>
<opset="REG_V_56/1 "/>
</bind>
</comp>

<comp id="300" class="1004" name="REG_V_57_fu_300">
<pin_list>
<pin id="301" dir="0" index="0" bw="1" slack="0"/>
<pin id="302" dir="1" index="1" bw="16" slack="0"/>
</pin_list>
<bind>
<opcode="alloca(26) " fcode="alloca"/>
<opset="REG_V_57/1 "/>
</bind>
</comp>

<comp id="304" class="1004" name="REG_V_58_fu_304">
<pin_list>
<pin id="305" dir="0" index="0" bw="1" slack="0"/>
<pin id="306" dir="1" index="1" bw="16" slack="0"/>
</pin_list>
<bind>
<opcode="alloca(26) " fcode="alloca"/>
<opset="REG_V_58/1 "/>
</bind>
</comp>

<comp id="308" class="1004" name="REG_V_59_fu_308">
<pin_list>
<pin id="309" dir="0" index="0" bw="1" slack="0"/>
<pin id="310" dir="1" index="1" bw="16" slack="0"/>
</pin_list>
<bind>
<opcode="alloca(26) " fcode="alloca"/>
<opset="REG_V_59/1 "/>
</bind>
</comp>

<comp id="312" class="1004" name="REG_V_60_fu_312">
<pin_list>
<pin id="313" dir="0" index="0" bw="1" slack="0"/>
<pin id="314" dir="1" index="1" bw="16" slack="0"/>
</pin_list>
<bind>
<opcode="alloca(26) " fcode="alloca"/>
<opset="REG_V_60/1 "/>
</bind>
</comp>

<comp id="316" class="1004" name="REG_V_61_fu_316">
<pin_list>
<pin id="317" dir="0" index="0" bw="1" slack="0"/>
<pin id="318" dir="1" index="1" bw="16" slack="0"/>
</pin_list>
<bind>
<opcode="alloca(26) " fcode="alloca"/>
<opset="REG_V_61/1 "/>
</bind>
</comp>

<comp id="320" class="1004" name="REG_V_62_fu_320">
<pin_list>
<pin id="321" dir="0" index="0" bw="1" slack="0"/>
<pin id="322" dir="1" index="1" bw="16" slack="0"/>
</pin_list>
<bind>
<opcode="alloca(26) " fcode="alloca"/>
<opset="REG_V_62/1 "/>
</bind>
</comp>

<comp id="324" class="1004" name="REG_V_63_fu_324">
<pin_list>
<pin id="325" dir="0" index="0" bw="1" slack="0"/>
<pin id="326" dir="1" index="1" bw="16" slack="0"/>
</pin_list>
<bind>
<opcode="alloca(26) " fcode="alloca"/>
<opset="REG_V_63/1 "/>
</bind>
</comp>

<comp id="328" class="1004" name="i_cast_read_read_fu_328">
<pin_list>
<pin id="329" dir="0" index="0" bw="2" slack="0"/>
<pin id="330" dir="0" index="1" bw="2" slack="0"/>
<pin id="331" dir="1" index="2" bw="2" slack="0"/>
</pin_list>
<bind>
<opcode="read(1150) " fcode="read"/>
<opset="i_cast_read/1 "/>
</bind>
</comp>

<comp id="334" class="1004" name="REG_V_read_read_fu_334">
<pin_list>
<pin id="335" dir="0" index="0" bw="16" slack="0"/>
<pin id="336" dir="0" index="1" bw="16" slack="0"/>
<pin id="337" dir="1" index="2" bw="16" slack="0"/>
</pin_list>
<bind>
<opcode="read(1150) " fcode="read"/>
<opset="REG_V_read/1 "/>
</bind>
</comp>

<comp id="340" class="1004" name="REG_V_1_read_read_fu_340">
<pin_list>
<pin id="341" dir="0" index="0" bw="16" slack="0"/>
<pin id="342" dir="0" index="1" bw="16" slack="0"/>
<pin id="343" dir="1" index="2" bw="16" slack="0"/>
</pin_list>
<bind>
<opcode="read(1150) " fcode="read"/>
<opset="REG_V_1_read/1 "/>
</bind>
</comp>

<comp id="346" class="1004" name="REG_V_2_read_read_fu_346">
<pin_list>
<pin id="347" dir="0" index="0" bw="16" slack="0"/>
<pin id="348" dir="0" index="1" bw="16" slack="0"/>
<pin id="349" dir="1" index="2" bw="16" slack="0"/>
</pin_list>
<bind>
<opcode="read(1150) " fcode="read"/>
<opset="REG_V_2_read/1 "/>
</bind>
</comp>

<comp id="352" class="1004" name="REG_V_3_read_read_fu_352">
<pin_list>
<pin id="353" dir="0" index="0" bw="16" slack="0"/>
<pin id="354" dir="0" index="1" bw="16" slack="0"/>
<pin id="355" dir="1" index="2" bw="16" slack="0"/>
</pin_list>
<bind>
<opcode="read(1150) " fcode="read"/>
<opset="REG_V_3_read/1 "/>
</bind>
</comp>

<comp id="358" class="1004" name="REG_V_4_read_read_fu_358">
<pin_list>
<pin id="359" dir="0" index="0" bw="16" slack="0"/>
<pin id="360" dir="0" index="1" bw="16" slack="0"/>
<pin id="361" dir="1" index="2" bw="16" slack="0"/>
</pin_list>
<bind>
<opcode="read(1150) " fcode="read"/>
<opset="REG_V_4_read/1 "/>
</bind>
</comp>

<comp id="364" class="1004" name="REG_V_5_read_read_fu_364">
<pin_list>
<pin id="365" dir="0" index="0" bw="16" slack="0"/>
<pin id="366" dir="0" index="1" bw="16" slack="0"/>
<pin id="367" dir="1" index="2" bw="16" slack="0"/>
</pin_list>
<bind>
<opcode="read(1150) " fcode="read"/>
<opset="REG_V_5_read/1 "/>
</bind>
</comp>

<comp id="370" class="1004" name="REG_V_6_read_read_fu_370">
<pin_list>
<pin id="371" dir="0" index="0" bw="16" slack="0"/>
<pin id="372" dir="0" index="1" bw="16" slack="0"/>
<pin id="373" dir="1" index="2" bw="16" slack="0"/>
</pin_list>
<bind>
<opcode="read(1150) " fcode="read"/>
<opset="REG_V_6_read/1 "/>
</bind>
</comp>

<comp id="376" class="1004" name="REG_V_7_read_read_fu_376">
<pin_list>
<pin id="377" dir="0" index="0" bw="16" slack="0"/>
<pin id="378" dir="0" index="1" bw="16" slack="0"/>
<pin id="379" dir="1" index="2" bw="16" slack="0"/>
</pin_list>
<bind>
<opcode="read(1150) " fcode="read"/>
<opset="REG_V_7_read/1 "/>
</bind>
</comp>

<comp id="382" class="1004" name="REG_V_8_read_read_fu_382">
<pin_list>
<pin id="383" dir="0" index="0" bw="16" slack="0"/>
<pin id="384" dir="0" index="1" bw="16" slack="0"/>
<pin id="385" dir="1" index="2" bw="16" slack="0"/>
</pin_list>
<bind>
<opcode="read(1150) " fcode="read"/>
<opset="REG_V_8_read/1 "/>
</bind>
</comp>

<comp id="388" class="1004" name="REG_V_9_read_read_fu_388">
<pin_list>
<pin id="389" dir="0" index="0" bw="16" slack="0"/>
<pin id="390" dir="0" index="1" bw="16" slack="0"/>
<pin id="391" dir="1" index="2" bw="16" slack="0"/>
</pin_list>
<bind>
<opcode="read(1150) " fcode="read"/>
<opset="REG_V_9_read/1 "/>
</bind>
</comp>

<comp id="394" class="1004" name="REG_V_10_read_read_fu_394">
<pin_list>
<pin id="395" dir="0" index="0" bw="16" slack="0"/>
<pin id="396" dir="0" index="1" bw="16" slack="0"/>
<pin id="397" dir="1" index="2" bw="16" slack="0"/>
</pin_list>
<bind>
<opcode="read(1150) " fcode="read"/>
<opset="REG_V_10_read/1 "/>
</bind>
</comp>

<comp id="400" class="1004" name="REG_V_11_read_read_fu_400">
<pin_list>
<pin id="401" dir="0" index="0" bw="16" slack="0"/>
<pin id="402" dir="0" index="1" bw="16" slack="0"/>
<pin id="403" dir="1" index="2" bw="16" slack="0"/>
</pin_list>
<bind>
<opcode="read(1150) " fcode="read"/>
<opset="REG_V_11_read/1 "/>
</bind>
</comp>

<comp id="406" class="1004" name="REG_V_12_read_read_fu_406">
<pin_list>
<pin id="407" dir="0" index="0" bw="16" slack="0"/>
<pin id="408" dir="0" index="1" bw="16" slack="0"/>
<pin id="409" dir="1" index="2" bw="16" slack="0"/>
</pin_list>
<bind>
<opcode="read(1150) " fcode="read"/>
<opset="REG_V_12_read/1 "/>
</bind>
</comp>

<comp id="412" class="1004" name="REG_V_13_read_read_fu_412">
<pin_list>
<pin id="413" dir="0" index="0" bw="16" slack="0"/>
<pin id="414" dir="0" index="1" bw="16" slack="0"/>
<pin id="415" dir="1" index="2" bw="16" slack="0"/>
</pin_list>
<bind>
<opcode="read(1150) " fcode="read"/>
<opset="REG_V_13_read/1 "/>
</bind>
</comp>

<comp id="418" class="1004" name="REG_V_14_read_read_fu_418">
<pin_list>
<pin id="419" dir="0" index="0" bw="16" slack="0"/>
<pin id="420" dir="0" index="1" bw="16" slack="0"/>
<pin id="421" dir="1" index="2" bw="16" slack="0"/>
</pin_list>
<bind>
<opcode="read(1150) " fcode="read"/>
<opset="REG_V_14_read/1 "/>
</bind>
</comp>

<comp id="424" class="1004" name="REG_V_15_read_read_fu_424">
<pin_list>
<pin id="425" dir="0" index="0" bw="16" slack="0"/>
<pin id="426" dir="0" index="1" bw="16" slack="0"/>
<pin id="427" dir="1" index="2" bw="16" slack="0"/>
</pin_list>
<bind>
<opcode="read(1150) " fcode="read"/>
<opset="REG_V_15_read/1 "/>
</bind>
</comp>

<comp id="430" class="1004" name="REG_V_16_read_read_fu_430">
<pin_list>
<pin id="431" dir="0" index="0" bw="16" slack="0"/>
<pin id="432" dir="0" index="1" bw="16" slack="0"/>
<pin id="433" dir="1" index="2" bw="16" slack="0"/>
</pin_list>
<bind>
<opcode="read(1150) " fcode="read"/>
<opset="REG_V_16_read/1 "/>
</bind>
</comp>

<comp id="436" class="1004" name="REG_V_17_read_read_fu_436">
<pin_list>
<pin id="437" dir="0" index="0" bw="16" slack="0"/>
<pin id="438" dir="0" index="1" bw="16" slack="0"/>
<pin id="439" dir="1" index="2" bw="16" slack="0"/>
</pin_list>
<bind>
<opcode="read(1150) " fcode="read"/>
<opset="REG_V_17_read/1 "/>
</bind>
</comp>

<comp id="442" class="1004" name="REG_V_18_read_read_fu_442">
<pin_list>
<pin id="443" dir="0" index="0" bw="16" slack="0"/>
<pin id="444" dir="0" index="1" bw="16" slack="0"/>
<pin id="445" dir="1" index="2" bw="16" slack="0"/>
</pin_list>
<bind>
<opcode="read(1150) " fcode="read"/>
<opset="REG_V_18_read/1 "/>
</bind>
</comp>

<comp id="448" class="1004" name="REG_V_19_read_read_fu_448">
<pin_list>
<pin id="449" dir="0" index="0" bw="16" slack="0"/>
<pin id="450" dir="0" index="1" bw="16" slack="0"/>
<pin id="451" dir="1" index="2" bw="16" slack="0"/>
</pin_list>
<bind>
<opcode="read(1150) " fcode="read"/>
<opset="REG_V_19_read/1 "/>
</bind>
</comp>

<comp id="454" class="1004" name="REG_V_20_read_read_fu_454">
<pin_list>
<pin id="455" dir="0" index="0" bw="16" slack="0"/>
<pin id="456" dir="0" index="1" bw="16" slack="0"/>
<pin id="457" dir="1" index="2" bw="16" slack="0"/>
</pin_list>
<bind>
<opcode="read(1150) " fcode="read"/>
<opset="REG_V_20_read/1 "/>
</bind>
</comp>

<comp id="460" class="1004" name="REG_V_21_read_read_fu_460">
<pin_list>
<pin id="461" dir="0" index="0" bw="16" slack="0"/>
<pin id="462" dir="0" index="1" bw="16" slack="0"/>
<pin id="463" dir="1" index="2" bw="16" slack="0"/>
</pin_list>
<bind>
<opcode="read(1150) " fcode="read"/>
<opset="REG_V_21_read/1 "/>
</bind>
</comp>

<comp id="466" class="1004" name="REG_V_22_read_read_fu_466">
<pin_list>
<pin id="467" dir="0" index="0" bw="16" slack="0"/>
<pin id="468" dir="0" index="1" bw="16" slack="0"/>
<pin id="469" dir="1" index="2" bw="16" slack="0"/>
</pin_list>
<bind>
<opcode="read(1150) " fcode="read"/>
<opset="REG_V_22_read/1 "/>
</bind>
</comp>

<comp id="472" class="1004" name="REG_V_23_read_read_fu_472">
<pin_list>
<pin id="473" dir="0" index="0" bw="16" slack="0"/>
<pin id="474" dir="0" index="1" bw="16" slack="0"/>
<pin id="475" dir="1" index="2" bw="16" slack="0"/>
</pin_list>
<bind>
<opcode="read(1150) " fcode="read"/>
<opset="REG_V_23_read/1 "/>
</bind>
</comp>

<comp id="478" class="1004" name="REG_V_24_read_read_fu_478">
<pin_list>
<pin id="479" dir="0" index="0" bw="16" slack="0"/>
<pin id="480" dir="0" index="1" bw="16" slack="0"/>
<pin id="481" dir="1" index="2" bw="16" slack="0"/>
</pin_list>
<bind>
<opcode="read(1150) " fcode="read"/>
<opset="REG_V_24_read/1 "/>
</bind>
</comp>

<comp id="484" class="1004" name="REG_V_25_read_read_fu_484">
<pin_list>
<pin id="485" dir="0" index="0" bw="16" slack="0"/>
<pin id="486" dir="0" index="1" bw="16" slack="0"/>
<pin id="487" dir="1" index="2" bw="16" slack="0"/>
</pin_list>
<bind>
<opcode="read(1150) " fcode="read"/>
<opset="REG_V_25_read/1 "/>
</bind>
</comp>

<comp id="490" class="1004" name="REG_V_26_read_read_fu_490">
<pin_list>
<pin id="491" dir="0" index="0" bw="16" slack="0"/>
<pin id="492" dir="0" index="1" bw="16" slack="0"/>
<pin id="493" dir="1" index="2" bw="16" slack="0"/>
</pin_list>
<bind>
<opcode="read(1150) " fcode="read"/>
<opset="REG_V_26_read/1 "/>
</bind>
</comp>

<comp id="496" class="1004" name="REG_V_27_read_read_fu_496">
<pin_list>
<pin id="497" dir="0" index="0" bw="16" slack="0"/>
<pin id="498" dir="0" index="1" bw="16" slack="0"/>
<pin id="499" dir="1" index="2" bw="16" slack="0"/>
</pin_list>
<bind>
<opcode="read(1150) " fcode="read"/>
<opset="REG_V_27_read/1 "/>
</bind>
</comp>

<comp id="502" class="1004" name="REG_V_28_read_read_fu_502">
<pin_list>
<pin id="503" dir="0" index="0" bw="16" slack="0"/>
<pin id="504" dir="0" index="1" bw="16" slack="0"/>
<pin id="505" dir="1" index="2" bw="16" slack="0"/>
</pin_list>
<bind>
<opcode="read(1150) " fcode="read"/>
<opset="REG_V_28_read/1 "/>
</bind>
</comp>

<comp id="508" class="1004" name="REG_V_29_read_read_fu_508">
<pin_list>
<pin id="509" dir="0" index="0" bw="16" slack="0"/>
<pin id="510" dir="0" index="1" bw="16" slack="0"/>
<pin id="511" dir="1" index="2" bw="16" slack="0"/>
</pin_list>
<bind>
<opcode="read(1150) " fcode="read"/>
<opset="REG_V_29_read/1 "/>
</bind>
</comp>

<comp id="514" class="1004" name="REG_V_30_read_read_fu_514">
<pin_list>
<pin id="515" dir="0" index="0" bw="16" slack="0"/>
<pin id="516" dir="0" index="1" bw="16" slack="0"/>
<pin id="517" dir="1" index="2" bw="16" slack="0"/>
</pin_list>
<bind>
<opcode="read(1150) " fcode="read"/>
<opset="REG_V_30_read/1 "/>
</bind>
</comp>

<comp id="520" class="1004" name="REG_V_31_read_read_fu_520">
<pin_list>
<pin id="521" dir="0" index="0" bw="16" slack="0"/>
<pin id="522" dir="0" index="1" bw="16" slack="0"/>
<pin id="523" dir="1" index="2" bw="16" slack="0"/>
</pin_list>
<bind>
<opcode="read(1150) " fcode="read"/>
<opset="REG_V_31_read/1 "/>
</bind>
</comp>

<comp id="526" class="1004" name="write_ln0_write_fu_526">
<pin_list>
<pin id="527" dir="0" index="0" bw="0" slack="0"/>
<pin id="528" dir="0" index="1" bw="16" slack="0"/>
<pin id="529" dir="0" index="2" bw="16" slack="0"/>
<pin id="530" dir="1" index="3" bw="0" slack="2147483647"/>
</pin_list>
<bind>
<opcode="write(1151) " fcode="write"/>
<opset="write_ln0/6 "/>
</bind>
</comp>

<comp id="533" class="1004" name="write_ln0_write_fu_533">
<pin_list>
<pin id="534" dir="0" index="0" bw="0" slack="0"/>
<pin id="535" dir="0" index="1" bw="16" slack="0"/>
<pin id="536" dir="0" index="2" bw="16" slack="0"/>
<pin id="537" dir="1" index="3" bw="0" slack="2147483647"/>
</pin_list>
<bind>
<opcode="write(1151) " fcode="write"/>
<opset="write_ln0/6 "/>
</bind>
</comp>

<comp id="540" class="1004" name="write_ln0_write_fu_540">
<pin_list>
<pin id="541" dir="0" index="0" bw="0" slack="0"/>
<pin id="542" dir="0" index="1" bw="16" slack="0"/>
<pin id="543" dir="0" index="2" bw="16" slack="0"/>
<pin id="544" dir="1" index="3" bw="0" slack="2147483647"/>
</pin_list>
<bind>
<opcode="write(1151) " fcode="write"/>
<opset="write_ln0/6 "/>
</bind>
</comp>

<comp id="547" class="1004" name="write_ln0_write_fu_547">
<pin_list>
<pin id="548" dir="0" index="0" bw="0" slack="0"/>
<pin id="549" dir="0" index="1" bw="16" slack="0"/>
<pin id="550" dir="0" index="2" bw="16" slack="0"/>
<pin id="551" dir="1" index="3" bw="0" slack="2147483647"/>
</pin_list>
<bind>
<opcode="write(1151) " fcode="write"/>
<opset="write_ln0/6 "/>
</bind>
</comp>

<comp id="554" class="1004" name="write_ln0_write_fu_554">
<pin_list>
<pin id="555" dir="0" index="0" bw="0" slack="0"/>
<pin id="556" dir="0" index="1" bw="16" slack="0"/>
<pin id="557" dir="0" index="2" bw="16" slack="0"/>
<pin id="558" dir="1" index="3" bw="0" slack="2147483647"/>
</pin_list>
<bind>
<opcode="write(1151) " fcode="write"/>
<opset="write_ln0/6 "/>
</bind>
</comp>

<comp id="561" class="1004" name="write_ln0_write_fu_561">
<pin_list>
<pin id="562" dir="0" index="0" bw="0" slack="0"/>
<pin id="563" dir="0" index="1" bw="16" slack="0"/>
<pin id="564" dir="0" index="2" bw="16" slack="0"/>
<pin id="565" dir="1" index="3" bw="0" slack="2147483647"/>
</pin_list>
<bind>
<opcode="write(1151) " fcode="write"/>
<opset="write_ln0/6 "/>
</bind>
</comp>

<comp id="568" class="1004" name="write_ln0_write_fu_568">
<pin_list>
<pin id="569" dir="0" index="0" bw="0" slack="0"/>
<pin id="570" dir="0" index="1" bw="16" slack="0"/>
<pin id="571" dir="0" index="2" bw="16" slack="0"/>
<pin id="572" dir="1" index="3" bw="0" slack="2147483647"/>
</pin_list>
<bind>
<opcode="write(1151) " fcode="write"/>
<opset="write_ln0/6 "/>
</bind>
</comp>

<comp id="575" class="1004" name="write_ln0_write_fu_575">
<pin_list>
<pin id="576" dir="0" index="0" bw="0" slack="0"/>
<pin id="577" dir="0" index="1" bw="16" slack="0"/>
<pin id="578" dir="0" index="2" bw="16" slack="0"/>
<pin id="579" dir="1" index="3" bw="0" slack="2147483647"/>
</pin_list>
<bind>
<opcode="write(1151) " fcode="write"/>
<opset="write_ln0/6 "/>
</bind>
</comp>

<comp id="582" class="1004" name="write_ln0_write_fu_582">
<pin_list>
<pin id="583" dir="0" index="0" bw="0" slack="0"/>
<pin id="584" dir="0" index="1" bw="16" slack="0"/>
<pin id="585" dir="0" index="2" bw="16" slack="0"/>
<pin id="586" dir="1" index="3" bw="0" slack="2147483647"/>
</pin_list>
<bind>
<opcode="write(1151) " fcode="write"/>
<opset="write_ln0/6 "/>
</bind>
</comp>

<comp id="589" class="1004" name="write_ln0_write_fu_589">
<pin_list>
<pin id="590" dir="0" index="0" bw="0" slack="0"/>
<pin id="591" dir="0" index="1" bw="16" slack="0"/>
<pin id="592" dir="0" index="2" bw="16" slack="0"/>
<pin id="593" dir="1" index="3" bw="0" slack="2147483647"/>
</pin_list>
<bind>
<opcode="write(1151) " fcode="write"/>
<opset="write_ln0/6 "/>
</bind>
</comp>

<comp id="596" class="1004" name="write_ln0_write_fu_596">
<pin_list>
<pin id="597" dir="0" index="0" bw="0" slack="0"/>
<pin id="598" dir="0" index="1" bw="16" slack="0"/>
<pin id="599" dir="0" index="2" bw="16" slack="0"/>
<pin id="600" dir="1" index="3" bw="0" slack="2147483647"/>
</pin_list>
<bind>
<opcode="write(1151) " fcode="write"/>
<opset="write_ln0/6 "/>
</bind>
</comp>

<comp id="603" class="1004" name="write_ln0_write_fu_603">
<pin_list>
<pin id="604" dir="0" index="0" bw="0" slack="0"/>
<pin id="605" dir="0" index="1" bw="16" slack="0"/>
<pin id="606" dir="0" index="2" bw="16" slack="0"/>
<pin id="607" dir="1" index="3" bw="0" slack="2147483647"/>
</pin_list>
<bind>
<opcode="write(1151) " fcode="write"/>
<opset="write_ln0/6 "/>
</bind>
</comp>

<comp id="610" class="1004" name="write_ln0_write_fu_610">
<pin_list>
<pin id="611" dir="0" index="0" bw="0" slack="0"/>
<pin id="612" dir="0" index="1" bw="16" slack="0"/>
<pin id="613" dir="0" index="2" bw="16" slack="0"/>
<pin id="614" dir="1" index="3" bw="0" slack="2147483647"/>
</pin_list>
<bind>
<opcode="write(1151) " fcode="write"/>
<opset="write_ln0/6 "/>
</bind>
</comp>

<comp id="617" class="1004" name="write_ln0_write_fu_617">
<pin_list>
<pin id="618" dir="0" index="0" bw="0" slack="0"/>
<pin id="619" dir="0" index="1" bw="16" slack="0"/>
<pin id="620" dir="0" index="2" bw="16" slack="0"/>
<pin id="621" dir="1" index="3" bw="0" slack="2147483647"/>
</pin_list>
<bind>
<opcode="write(1151) " fcode="write"/>
<opset="write_ln0/6 "/>
</bind>
</comp>

<comp id="624" class="1004" name="write_ln0_write_fu_624">
<pin_list>
<pin id="625" dir="0" index="0" bw="0" slack="0"/>
<pin id="626" dir="0" index="1" bw="16" slack="0"/>
<pin id="627" dir="0" index="2" bw="16" slack="0"/>
<pin id="628" dir="1" index="3" bw="0" slack="2147483647"/>
</pin_list>
<bind>
<opcode="write(1151) " fcode="write"/>
<opset="write_ln0/6 "/>
</bind>
</comp>

<comp id="631" class="1004" name="write_ln0_write_fu_631">
<pin_list>
<pin id="632" dir="0" index="0" bw="0" slack="0"/>
<pin id="633" dir="0" index="1" bw="16" slack="0"/>
<pin id="634" dir="0" index="2" bw="16" slack="0"/>
<pin id="635" dir="1" index="3" bw="0" slack="2147483647"/>
</pin_list>
<bind>
<opcode="write(1151) " fcode="write"/>
<opset="write_ln0/6 "/>
</bind>
</comp>

<comp id="638" class="1004" name="write_ln0_write_fu_638">
<pin_list>
<pin id="639" dir="0" index="0" bw="0" slack="0"/>
<pin id="640" dir="0" index="1" bw="16" slack="0"/>
<pin id="641" dir="0" index="2" bw="16" slack="0"/>
<pin id="642" dir="1" index="3" bw="0" slack="2147483647"/>
</pin_list>
<bind>
<opcode="write(1151) " fcode="write"/>
<opset="write_ln0/6 "/>
</bind>
</comp>

<comp id="645" class="1004" name="write_ln0_write_fu_645">
<pin_list>
<pin id="646" dir="0" index="0" bw="0" slack="0"/>
<pin id="647" dir="0" index="1" bw="16" slack="0"/>
<pin id="648" dir="0" index="2" bw="16" slack="0"/>
<pin id="649" dir="1" index="3" bw="0" slack="2147483647"/>
</pin_list>
<bind>
<opcode="write(1151) " fcode="write"/>
<opset="write_ln0/6 "/>
</bind>
</comp>

<comp id="652" class="1004" name="write_ln0_write_fu_652">
<pin_list>
<pin id="653" dir="0" index="0" bw="0" slack="0"/>
<pin id="654" dir="0" index="1" bw="16" slack="0"/>
<pin id="655" dir="0" index="2" bw="16" slack="0"/>
<pin id="656" dir="1" index="3" bw="0" slack="2147483647"/>
</pin_list>
<bind>
<opcode="write(1151) " fcode="write"/>
<opset="write_ln0/6 "/>
</bind>
</comp>

<comp id="659" class="1004" name="write_ln0_write_fu_659">
<pin_list>
<pin id="660" dir="0" index="0" bw="0" slack="0"/>
<pin id="661" dir="0" index="1" bw="16" slack="0"/>
<pin id="662" dir="0" index="2" bw="16" slack="0"/>
<pin id="663" dir="1" index="3" bw="0" slack="2147483647"/>
</pin_list>
<bind>
<opcode="write(1151) " fcode="write"/>
<opset="write_ln0/6 "/>
</bind>
</comp>

<comp id="666" class="1004" name="write_ln0_write_fu_666">
<pin_list>
<pin id="667" dir="0" index="0" bw="0" slack="0"/>
<pin id="668" dir="0" index="1" bw="16" slack="0"/>
<pin id="669" dir="0" index="2" bw="16" slack="0"/>
<pin id="670" dir="1" index="3" bw="0" slack="2147483647"/>
</pin_list>
<bind>
<opcode="write(1151) " fcode="write"/>
<opset="write_ln0/6 "/>
</bind>
</comp>

<comp id="673" class="1004" name="write_ln0_write_fu_673">
<pin_list>
<pin id="674" dir="0" index="0" bw="0" slack="0"/>
<pin id="675" dir="0" index="1" bw="16" slack="0"/>
<pin id="676" dir="0" index="2" bw="16" slack="0"/>
<pin id="677" dir="1" index="3" bw="0" slack="2147483647"/>
</pin_list>
<bind>
<opcode="write(1151) " fcode="write"/>
<opset="write_ln0/6 "/>
</bind>
</comp>

<comp id="680" class="1004" name="write_ln0_write_fu_680">
<pin_list>
<pin id="681" dir="0" index="0" bw="0" slack="0"/>
<pin id="682" dir="0" index="1" bw="16" slack="0"/>
<pin id="683" dir="0" index="2" bw="16" slack="0"/>
<pin id="684" dir="1" index="3" bw="0" slack="2147483647"/>
</pin_list>
<bind>
<opcode="write(1151) " fcode="write"/>
<opset="write_ln0/6 "/>
</bind>
</comp>

<comp id="687" class="1004" name="write_ln0_write_fu_687">
<pin_list>
<pin id="688" dir="0" index="0" bw="0" slack="0"/>
<pin id="689" dir="0" index="1" bw="16" slack="0"/>
<pin id="690" dir="0" index="2" bw="16" slack="0"/>
<pin id="691" dir="1" index="3" bw="0" slack="2147483647"/>
</pin_list>
<bind>
<opcode="write(1151) " fcode="write"/>
<opset="write_ln0/6 "/>
</bind>
</comp>

<comp id="694" class="1004" name="write_ln0_write_fu_694">
<pin_list>
<pin id="695" dir="0" index="0" bw="0" slack="0"/>
<pin id="696" dir="0" index="1" bw="16" slack="0"/>
<pin id="697" dir="0" index="2" bw="16" slack="0"/>
<pin id="698" dir="1" index="3" bw="0" slack="2147483647"/>
</pin_list>
<bind>
<opcode="write(1151) " fcode="write"/>
<opset="write_ln0/6 "/>
</bind>
</comp>

<comp id="701" class="1004" name="write_ln0_write_fu_701">
<pin_list>
<pin id="702" dir="0" index="0" bw="0" slack="0"/>
<pin id="703" dir="0" index="1" bw="16" slack="0"/>
<pin id="704" dir="0" index="2" bw="16" slack="0"/>
<pin id="705" dir="1" index="3" bw="0" slack="2147483647"/>
</pin_list>
<bind>
<opcode="write(1151) " fcode="write"/>
<opset="write_ln0/6 "/>
</bind>
</comp>

<comp id="708" class="1004" name="write_ln0_write_fu_708">
<pin_list>
<pin id="709" dir="0" index="0" bw="0" slack="0"/>
<pin id="710" dir="0" index="1" bw="16" slack="0"/>
<pin id="711" dir="0" index="2" bw="16" slack="0"/>
<pin id="712" dir="1" index="3" bw="0" slack="2147483647"/>
</pin_list>
<bind>
<opcode="write(1151) " fcode="write"/>
<opset="write_ln0/6 "/>
</bind>
</comp>

<comp id="715" class="1004" name="write_ln0_write_fu_715">
<pin_list>
<pin id="716" dir="0" index="0" bw="0" slack="0"/>
<pin id="717" dir="0" index="1" bw="16" slack="0"/>
<pin id="718" dir="0" index="2" bw="16" slack="0"/>
<pin id="719" dir="1" index="3" bw="0" slack="2147483647"/>
</pin_list>
<bind>
<opcode="write(1151) " fcode="write"/>
<opset="write_ln0/6 "/>
</bind>
</comp>

<comp id="722" class="1004" name="write_ln0_write_fu_722">
<pin_list>
<pin id="723" dir="0" index="0" bw="0" slack="0"/>
<pin id="724" dir="0" index="1" bw="16" slack="0"/>
<pin id="725" dir="0" index="2" bw="16" slack="0"/>
<pin id="726" dir="1" index="3" bw="0" slack="2147483647"/>
</pin_list>
<bind>
<opcode="write(1151) " fcode="write"/>
<opset="write_ln0/6 "/>
</bind>
</comp>

<comp id="729" class="1004" name="write_ln0_write_fu_729">
<pin_list>
<pin id="730" dir="0" index="0" bw="0" slack="0"/>
<pin id="731" dir="0" index="1" bw="16" slack="0"/>
<pin id="732" dir="0" index="2" bw="16" slack="0"/>
<pin id="733" dir="1" index="3" bw="0" slack="2147483647"/>
</pin_list>
<bind>
<opcode="write(1151) " fcode="write"/>
<opset="write_ln0/6 "/>
</bind>
</comp>

<comp id="736" class="1004" name="write_ln0_write_fu_736">
<pin_list>
<pin id="737" dir="0" index="0" bw="0" slack="0"/>
<pin id="738" dir="0" index="1" bw="16" slack="0"/>
<pin id="739" dir="0" index="2" bw="16" slack="0"/>
<pin id="740" dir="1" index="3" bw="0" slack="2147483647"/>
</pin_list>
<bind>
<opcode="write(1151) " fcode="write"/>
<opset="write_ln0/6 "/>
</bind>
</comp>

<comp id="743" class="1004" name="write_ln0_write_fu_743">
<pin_list>
<pin id="744" dir="0" index="0" bw="0" slack="0"/>
<pin id="745" dir="0" index="1" bw="16" slack="0"/>
<pin id="746" dir="0" index="2" bw="16" slack="0"/>
<pin id="747" dir="1" index="3" bw="0" slack="2147483647"/>
</pin_list>
<bind>
<opcode="write(1151) " fcode="write"/>
<opset="write_ln0/6 "/>
</bind>
</comp>

<comp id="750" class="1004" name="write_ln0_write_fu_750">
<pin_list>
<pin id="751" dir="0" index="0" bw="0" slack="0"/>
<pin id="752" dir="0" index="1" bw="32" slack="0"/>
<pin id="753" dir="0" index="2" bw="32" slack="0"/>
<pin id="754" dir="1" index="3" bw="0" slack="2147483647"/>
</pin_list>
<bind>
<opcode="write(1151) " fcode="write"/>
<opset="write_ln0/6 "/>
</bind>
</comp>

<comp id="757" class="1004" name="buffer_1_addr_gep_fu_757">
<pin_list>
<pin id="758" dir="0" index="0" bw="64" slack="0"/>
<pin id="759" dir="0" index="1" bw="1" slack="0"/>
<pin id="760" dir="0" index="2" bw="3" slack="0"/>
<pin id="761" dir="1" index="3" bw="3" slack="0"/>
</pin_list>
<bind>
<opcode="getelementptr(29) " fcode="getelementptr"/>
<opset="buffer_1_addr/1 "/>
</bind>
</comp>

<comp id="764" class="1004" name="grp_access_fu_764">
<pin_list>
<pin id="765" dir="0" index="0" bw="3" slack="0"/>
<pin id="766" dir="0" index="1" bw="64" slack="2147483647"/>
<pin id="767" dir="0" index="2" bw="0" slack="2147483647"/>
<pin id="768" dir="1" index="3" bw="64" slack="0"/>
</pin_list>
<bind>
<opcode="load(27) " fcode="load"/>
<opset="word/1 "/>
</bind>
</comp>

<comp id="770" class="1004" name="store_ln0_store_fu_770">
<pin_list>
<pin id="771" dir="0" index="0" bw="16" slack="0"/>
<pin id="772" dir="0" index="1" bw="16" slack="0"/>
<pin id="773" dir="1" index="2" bw="0" slack="2147483647"/>
</pin_list>
<bind>
<opcode="store(28) " fcode="store"/>
<opset="store_ln0/1 "/>
</bind>
</comp>

<comp id="775" class="1004" name="store_ln0_store_fu_775">
<pin_list>
<pin id="776" dir="0" index="0" bw="16" slack="0"/>
<pin id="777" dir="0" index="1" bw="16" slack="0"/>
<pin id="778" dir="1" index="2" bw="0" slack="2147483647"/>
</pin_list>
<bind>
<opcode="store(28) " fcode="store"/>
<opset="store_ln0/1 "/>
</bind>
</comp>

<comp id="780" class="1004" name="store_ln0_store_fu_780">
<pin_list>
<pin id="781" dir="0" index="0" bw="16" slack="0"/>
<pin id="782" dir="0" index="1" bw="16" slack="0"/>
<pin id="783" dir="1" index="2" bw="0" slack="2147483647"/>
</pin_list>
<bind>
<opcode="store(28) " fcode="store"/>
<opset="store_ln0/1 "/>
</bind>
</comp>

<comp id="785" class="1004" name="store_ln0_store_fu_785">
<pin_list>
<pin id="786" dir="0" index="0" bw="16" slack="0"/>
<pin id="787" dir="0" index="1" bw="16" slack="0"/>
<pin id="788" dir="1" index="2" bw="0" slack="2147483647"/>
</pin_list>
<bind>
<opcode="store(28) " fcode="store"/>
<opset="store_ln0/1 "/>
</bind>
</comp>

<comp id="790" class="1004" name="store_ln0_store_fu_790">
<pin_list>
<pin id="791" dir="0" index="0" bw="16" slack="0"/>
<pin id="792" dir="0" index="1" bw="16" slack="0"/>
<pin id="793" dir="1" index="2" bw="0" slack="2147483647"/>
</pin_list>
<bind>
<opcode="store(28) " fcode="store"/>
<opset="store_ln0/1 "/>
</bind>
</comp>

<comp id="795" class="1004" name="store_ln0_store_fu_795">
<pin_list>
<pin id="796" dir="0" index="0" bw="16" slack="0"/>
<pin id="797" dir="0" index="1" bw="16" slack="0"/>
<pin id="798" dir="1" index="2" bw="0" slack="2147483647"/>
</pin_list>
<bind>
<opcode="store(28) " fcode="store"/>
<opset="store_ln0/1 "/>
</bind>
</comp>

<comp id="800" class="1004" name="store_ln0_store_fu_800">
<pin_list>
<pin id="801" dir="0" index="0" bw="16" slack="0"/>
<pin id="802" dir="0" index="1" bw="16" slack="0"/>
<pin id="803" dir="1" index="2" bw="0" slack="2147483647"/>
</pin_list>
<bind>
<opcode="store(28) " fcode="store"/>
<opset="store_ln0/1 "/>
</bind>
</comp>

<comp id="805" class="1004" name="store_ln0_store_fu_805">
<pin_list>
<pin id="806" dir="0" index="0" bw="16" slack="0"/>
<pin id="807" dir="0" index="1" bw="16" slack="0"/>
<pin id="808" dir="1" index="2" bw="0" slack="2147483647"/>
</pin_list>
<bind>
<opcode="store(28) " fcode="store"/>
<opset="store_ln0/1 "/>
</bind>
</comp>

<comp id="810" class="1004" name="store_ln0_store_fu_810">
<pin_list>
<pin id="811" dir="0" index="0" bw="16" slack="0"/>
<pin id="812" dir="0" index="1" bw="16" slack="0"/>
<pin id="813" dir="1" index="2" bw="0" slack="2147483647"/>
</pin_list>
<bind>
<opcode="store(28) " fcode="store"/>
<opset="store_ln0/1 "/>
</bind>
</comp>

<comp id="815" class="1004" name="store_ln0_store_fu_815">
<pin_list>
<pin id="816" dir="0" index="0" bw="16" slack="0"/>
<pin id="817" dir="0" index="1" bw="16" slack="0"/>
<pin id="818" dir="1" index="2" bw="0" slack="2147483647"/>
</pin_list>
<bind>
<opcode="store(28) " fcode="store"/>
<opset="store_ln0/1 "/>
</bind>
</comp>

<comp id="820" class="1004" name="store_ln0_store_fu_820">
<pin_list>
<pin id="821" dir="0" index="0" bw="16" slack="0"/>
<pin id="822" dir="0" index="1" bw="16" slack="0"/>
<pin id="823" dir="1" index="2" bw="0" slack="2147483647"/>
</pin_list>
<bind>
<opcode="store(28) " fcode="store"/>
<opset="store_ln0/1 "/>
</bind>
</comp>

<comp id="825" class="1004" name="store_ln0_store_fu_825">
<pin_list>
<pin id="826" dir="0" index="0" bw="16" slack="0"/>
<pin id="827" dir="0" index="1" bw="16" slack="0"/>
<pin id="828" dir="1" index="2" bw="0" slack="2147483647"/>
</pin_list>
<bind>
<opcode="store(28) " fcode="store"/>
<opset="store_ln0/1 "/>
</bind>
</comp>

<comp id="830" class="1004" name="store_ln0_store_fu_830">
<pin_list>
<pin id="831" dir="0" index="0" bw="16" slack="0"/>
<pin id="832" dir="0" index="1" bw="16" slack="0"/>
<pin id="833" dir="1" index="2" bw="0" slack="2147483647"/>
</pin_list>
<bind>
<opcode="store(28) " fcode="store"/>
<opset="store_ln0/1 "/>
</bind>
</comp>

<comp id="835" class="1004" name="store_ln0_store_fu_835">
<pin_list>
<pin id="836" dir="0" index="0" bw="16" slack="0"/>
<pin id="837" dir="0" index="1" bw="16" slack="0"/>
<pin id="838" dir="1" index="2" bw="0" slack="2147483647"/>
</pin_list>
<bind>
<opcode="store(28) " fcode="store"/>
<opset="store_ln0/1 "/>
</bind>
</comp>

<comp id="840" class="1004" name="store_ln0_store_fu_840">
<pin_list>
<pin id="841" dir="0" index="0" bw="16" slack="0"/>
<pin id="842" dir="0" index="1" bw="16" slack="0"/>
<pin id="843" dir="1" index="2" bw="0" slack="2147483647"/>
</pin_list>
<bind>
<opcode="store(28) " fcode="store"/>
<opset="store_ln0/1 "/>
</bind>
</comp>

<comp id="845" class="1004" name="store_ln0_store_fu_845">
<pin_list>
<pin id="846" dir="0" index="0" bw="16" slack="0"/>
<pin id="847" dir="0" index="1" bw="16" slack="0"/>
<pin id="848" dir="1" index="2" bw="0" slack="2147483647"/>
</pin_list>
<bind>
<opcode="store(28) " fcode="store"/>
<opset="store_ln0/1 "/>
</bind>
</comp>

<comp id="850" class="1004" name="store_ln0_store_fu_850">
<pin_list>
<pin id="851" dir="0" index="0" bw="16" slack="0"/>
<pin id="852" dir="0" index="1" bw="16" slack="0"/>
<pin id="853" dir="1" index="2" bw="0" slack="2147483647"/>
</pin_list>
<bind>
<opcode="store(28) " fcode="store"/>
<opset="store_ln0/1 "/>
</bind>
</comp>

<comp id="855" class="1004" name="store_ln0_store_fu_855">
<pin_list>
<pin id="856" dir="0" index="0" bw="16" slack="0"/>
<pin id="857" dir="0" index="1" bw="16" slack="0"/>
<pin id="858" dir="1" index="2" bw="0" slack="2147483647"/>
</pin_list>
<bind>
<opcode="store(28) " fcode="store"/>
<opset="store_ln0/1 "/>
</bind>
</comp>

<comp id="860" class="1004" name="store_ln0_store_fu_860">
<pin_list>
<pin id="861" dir="0" index="0" bw="16" slack="0"/>
<pin id="862" dir="0" index="1" bw="16" slack="0"/>
<pin id="863" dir="1" index="2" bw="0" slack="2147483647"/>
</pin_list>
<bind>
<opcode="store(28) " fcode="store"/>
<opset="store_ln0/1 "/>
</bind>
</comp>

<comp id="865" class="1004" name="store_ln0_store_fu_865">
<pin_list>
<pin id="866" dir="0" index="0" bw="16" slack="0"/>
<pin id="867" dir="0" index="1" bw="16" slack="0"/>
<pin id="868" dir="1" index="2" bw="0" slack="2147483647"/>
</pin_list>
<bind>
<opcode="store(28) " fcode="store"/>
<opset="store_ln0/1 "/>
</bind>
</comp>

<comp id="870" class="1004" name="store_ln0_store_fu_870">
<pin_list>
<pin id="871" dir="0" index="0" bw="16" slack="0"/>
<pin id="872" dir="0" index="1" bw="16" slack="0"/>
<pin id="873" dir="1" index="2" bw="0" slack="2147483647"/>
</pin_list>
<bind>
<opcode="store(28) " fcode="store"/>
<opset="store_ln0/1 "/>
</bind>
</comp>

<comp id="875" class="1004" name="store_ln0_store_fu_875">
<pin_list>
<pin id="876" dir="0" index="0" bw="16" slack="0"/>
<pin id="877" dir="0" index="1" bw="16" slack="0"/>
<pin id="878" dir="1" index="2" bw="0" slack="2147483647"/>
</pin_list>
<bind>
<opcode="store(28) " fcode="store"/>
<opset="store_ln0/1 "/>
</bind>
</comp>

<comp id="880" class="1004" name="store_ln0_store_fu_880">
<pin_list>
<pin id="881" dir="0" index="0" bw="16" slack="0"/>
<pin id="882" dir="0" index="1" bw="16" slack="0"/>
<pin id="883" dir="1" index="2" bw="0" slack="2147483647"/>
</pin_list>
<bind>
<opcode="store(28) " fcode="store"/>
<opset="store_ln0/1 "/>
</bind>
</comp>

<comp id="885" class="1004" name="store_ln0_store_fu_885">
<pin_list>
<pin id="886" dir="0" index="0" bw="16" slack="0"/>
<pin id="887" dir="0" index="1" bw="16" slack="0"/>
<pin id="888" dir="1" index="2" bw="0" slack="2147483647"/>
</pin_list>
<bind>
<opcode="store(28) " fcode="store"/>
<opset="store_ln0/1 "/>
</bind>
</comp>

<comp id="890" class="1004" name="store_ln0_store_fu_890">
<pin_list>
<pin id="891" dir="0" index="0" bw="16" slack="0"/>
<pin id="892" dir="0" index="1" bw="16" slack="0"/>
<pin id="893" dir="1" index="2" bw="0" slack="2147483647"/>
</pin_list>
<bind>
<opcode="store(28) " fcode="store"/>
<opset="store_ln0/1 "/>
</bind>
</comp>

<comp id="895" class="1004" name="store_ln0_store_fu_895">
<pin_list>
<pin id="896" dir="0" index="0" bw="16" slack="0"/>
<pin id="897" dir="0" index="1" bw="16" slack="0"/>
<pin id="898" dir="1" index="2" bw="0" slack="2147483647"/>
</pin_list>
<bind>
<opcode="store(28) " fcode="store"/>
<opset="store_ln0/1 "/>
</bind>
</comp>

<comp id="900" class="1004" name="store_ln0_store_fu_900">
<pin_list>
<pin id="901" dir="0" index="0" bw="16" slack="0"/>
<pin id="902" dir="0" index="1" bw="16" slack="0"/>
<pin id="903" dir="1" index="2" bw="0" slack="2147483647"/>
</pin_list>
<bind>
<opcode="store(28) " fcode="store"/>
<opset="store_ln0/1 "/>
</bind>
</comp>

<comp id="905" class="1004" name="store_ln0_store_fu_905">
<pin_list>
<pin id="906" dir="0" index="0" bw="16" slack="0"/>
<pin id="907" dir="0" index="1" bw="16" slack="0"/>
<pin id="908" dir="1" index="2" bw="0" slack="2147483647"/>
</pin_list>
<bind>
<opcode="store(28) " fcode="store"/>
<opset="store_ln0/1 "/>
</bind>
</comp>

<comp id="910" class="1004" name="store_ln0_store_fu_910">
<pin_list>
<pin id="911" dir="0" index="0" bw="16" slack="0"/>
<pin id="912" dir="0" index="1" bw="16" slack="0"/>
<pin id="913" dir="1" index="2" bw="0" slack="2147483647"/>
</pin_list>
<bind>
<opcode="store(28) " fcode="store"/>
<opset="store_ln0/1 "/>
</bind>
</comp>

<comp id="915" class="1004" name="store_ln0_store_fu_915">
<pin_list>
<pin id="916" dir="0" index="0" bw="16" slack="0"/>
<pin id="917" dir="0" index="1" bw="16" slack="0"/>
<pin id="918" dir="1" index="2" bw="0" slack="2147483647"/>
</pin_list>
<bind>
<opcode="store(28) " fcode="store"/>
<opset="store_ln0/1 "/>
</bind>
</comp>

<comp id="920" class="1004" name="store_ln0_store_fu_920">
<pin_list>
<pin id="921" dir="0" index="0" bw="16" slack="0"/>
<pin id="922" dir="0" index="1" bw="16" slack="0"/>
<pin id="923" dir="1" index="2" bw="0" slack="2147483647"/>
</pin_list>
<bind>
<opcode="store(28) " fcode="store"/>
<opset="store_ln0/1 "/>
</bind>
</comp>

<comp id="925" class="1004" name="store_ln0_store_fu_925">
<pin_list>
<pin id="926" dir="0" index="0" bw="16" slack="0"/>
<pin id="927" dir="0" index="1" bw="16" slack="0"/>
<pin id="928" dir="1" index="2" bw="0" slack="2147483647"/>
</pin_list>
<bind>
<opcode="store(28) " fcode="store"/>
<opset="store_ln0/1 "/>
</bind>
</comp>

<comp id="930" class="1004" name="store_ln0_store_fu_930">
<pin_list>
<pin id="931" dir="0" index="0" bw="1" slack="0"/>
<pin id="932" dir="0" index="1" bw="2" slack="0"/>
<pin id="933" dir="1" index="2" bw="0" slack="2147483647"/>
</pin_list>
<bind>
<opcode="store(28) " fcode="store"/>
<opset="store_ln0/1 "/>
</bind>
</comp>

<comp id="935" class="1004" name="store_ln0_store_fu_935">
<pin_list>
<pin id="936" dir="0" index="0" bw="1" slack="0"/>
<pin id="937" dir="0" index="1" bw="34" slack="0"/>
<pin id="938" dir="1" index="2" bw="0" slack="2147483647"/>
</pin_list>
<bind>
<opcode="store(28) " fcode="store"/>
<opset="store_ln0/1 "/>
</bind>
</comp>

<comp id="940" class="1004" name="fe_1_load_fu_940">
<pin_list>
<pin id="941" dir="0" index="0" bw="2" slack="0"/>
<pin id="942" dir="1" index="1" bw="2" slack="0"/>
</pin_list>
<bind>
<opcode="load(27) " fcode="load"/>
<opset="fe_1/1 "/>
</bind>
</comp>

<comp id="943" class="1004" name="icmp_ln60_fu_943">
<pin_list>
<pin id="944" dir="0" index="0" bw="2" slack="0"/>
<pin id="945" dir="0" index="1" bw="2" slack="0"/>
<pin id="946" dir="1" index="2" bw="1" slack="1"/>
</pin_list>
<bind>
<opcode="icmp(45) " fcode="icmp"/>
<opset="icmp_ln60/1 "/>
</bind>
</comp>

<comp id="949" class="1004" name="add_ln60_fu_949">
<pin_list>
<pin id="950" dir="0" index="0" bw="2" slack="0"/>
<pin id="951" dir="0" index="1" bw="1" slack="0"/>
<pin id="952" dir="1" index="2" bw="2" slack="0"/>
</pin_list>
<bind>
<opcode="add(8) " fcode="add"/>
<opset="add_ln60/1 "/>
</bind>
</comp>

<comp id="955" class="1004" name="trunc_ln61_fu_955">
<pin_list>
<pin id="956" dir="0" index="0" bw="2" slack="0"/>
<pin id="957" dir="1" index="1" bw="1" slack="0"/>
</pin_list>
<bind>
<opcode="trunc(33) " fcode="trunc"/>
<opset="trunc_ln61/1 "/>
</bind>
</comp>

<comp id="959" class="1004" name="add_ln_fu_959">
<pin_list>
<pin id="960" dir="0" index="0" bw="3" slack="0"/>
<pin id="961" dir="0" index="1" bw="2" slack="0"/>
<pin id="962" dir="0" index="2" bw="1" slack="0"/>
<pin id="963" dir="1" index="3" bw="3" slack="0"/>
</pin_list>
<bind>
<opcode="bitconcatenate(1004) " fcode="bitconcatenate"/>
<opset="add_ln/1 "/>
</bind>
</comp>

<comp id="967" class="1004" name="zext_ln61_fu_967">
<pin_list>
<pin id="968" dir="0" index="0" bw="3" slack="0"/>
<pin id="969" dir="1" index="1" bw="64" slack="0"/>
</pin_list>
<bind>
<opcode="zext(34) " fcode="zext"/>
<opset="zext_ln61/1 "/>
</bind>
</comp>

<comp id="972" class="1004" name="store_ln60_store_fu_972">
<pin_list>
<pin id="973" dir="0" index="0" bw="2" slack="0"/>
<pin id="974" dir="0" index="1" bw="2" slack="0"/>
<pin id="975" dir="1" index="2" bw="0" slack="2147483647"/>
</pin_list>
<bind>
<opcode="store(28) " fcode="store"/>
<opset="store_ln60/1 "/>
</bind>
</comp>

<comp id="977" class="1004" name="lhs_fu_977">
<pin_list>
<pin id="978" dir="0" index="0" bw="64" slack="0"/>
<pin id="979" dir="1" index="1" bw="16" slack="0"/>
</pin_list>
<bind>
<opcode="trunc(33) " fcode="trunc"/>
<opset="lhs/2 "/>
</bind>
</comp>

<comp id="981" class="1004" name="lhs_1_fu_981">
<pin_list>
<pin id="982" dir="0" index="0" bw="16" slack="0"/>
<pin id="983" dir="0" index="1" bw="64" slack="0"/>
<pin id="984" dir="0" index="2" bw="6" slack="0"/>
<pin id="985" dir="0" index="3" bw="6" slack="0"/>
<pin id="986" dir="1" index="4" bw="16" slack="0"/>
</pin_list>
<bind>
<opcode="partselect(1002) " fcode="partselect"/>
<opset="lhs_1/2 "/>
</bind>
</comp>

<comp id="991" class="1004" name="rhs_fu_991">
<pin_list>
<pin id="992" dir="0" index="0" bw="16" slack="0"/>
<pin id="993" dir="0" index="1" bw="64" slack="0"/>
<pin id="994" dir="0" index="2" bw="7" slack="0"/>
<pin id="995" dir="0" index="3" bw="7" slack="0"/>
<pin id="996" dir="1" index="4" bw="16" slack="0"/>
</pin_list>
<bind>
<opcode="partselect(1002) " fcode="partselect"/>
<opset="rhs/2 "/>
</bind>
</comp>

<comp id="1001" class="1004" name="rhs_1_fu_1001">
<pin_list>
<pin id="1002" dir="0" index="0" bw="16" slack="0"/>
<pin id="1003" dir="0" index="1" bw="64" slack="0"/>
<pin id="1004" dir="0" index="2" bw="7" slack="0"/>
<pin id="1005" dir="0" index="3" bw="7" slack="0"/>
<pin id="1006" dir="1" index="4" bw="16" slack="0"/>
</pin_list>
<bind>
<opcode="partselect(1002) " fcode="partselect"/>
<opset="rhs_1/2 "/>
</bind>
</comp>

<comp id="1011" class="1004" name="REG_V_48_load_1_load_fu_1011">
<pin_list>
<pin id="1012" dir="0" index="0" bw="16" slack="1"/>
<pin id="1013" dir="1" index="1" bw="16" slack="0"/>
</pin_list>
<bind>
<opcode="load(27) " fcode="load"/>
<opset="REG_V_48_load_1/2 "/>
</bind>
</comp>

<comp id="1014" class="1004" name="REG_V_49_load_1_load_fu_1014">
<pin_list>
<pin id="1015" dir="0" index="0" bw="16" slack="1"/>
<pin id="1016" dir="1" index="1" bw="16" slack="0"/>
</pin_list>
<bind>
<opcode="load(27) " fcode="load"/>
<opset="REG_V_49_load_1/2 "/>
</bind>
</comp>

<comp id="1017" class="1004" name="REG_V_50_load_1_load_fu_1017">
<pin_list>
<pin id="1018" dir="0" index="0" bw="16" slack="1"/>
<pin id="1019" dir="1" index="1" bw="16" slack="0"/>
</pin_list>
<bind>
<opcode="load(27) " fcode="load"/>
<opset="REG_V_50_load_1/2 "/>
</bind>
</comp>

<comp id="1020" class="1004" name="REG_V_51_load_1_load_fu_1020">
<pin_list>
<pin id="1021" dir="0" index="0" bw="16" slack="1"/>
<pin id="1022" dir="1" index="1" bw="16" slack="0"/>
</pin_list>
<bind>
<opcode="load(27) " fcode="load"/>
<opset="REG_V_51_load_1/2 "/>
</bind>
</comp>

<comp id="1023" class="1004" name="REG_V_52_load_1_load_fu_1023">
<pin_list>
<pin id="1024" dir="0" index="0" bw="16" slack="1"/>
<pin id="1025" dir="1" index="1" bw="16" slack="0"/>
</pin_list>
<bind>
<opcode="load(27) " fcode="load"/>
<opset="REG_V_52_load_1/2 "/>
</bind>
</comp>

<comp id="1026" class="1004" name="REG_V_53_load_1_load_fu_1026">
<pin_list>
<pin id="1027" dir="0" index="0" bw="16" slack="1"/>
<pin id="1028" dir="1" index="1" bw="16" slack="0"/>
</pin_list>
<bind>
<opcode="load(27) " fcode="load"/>
<opset="REG_V_53_load_1/2 "/>
</bind>
</comp>

<comp id="1029" class="1004" name="REG_V_54_load_1_load_fu_1029">
<pin_list>
<pin id="1030" dir="0" index="0" bw="16" slack="1"/>
<pin id="1031" dir="1" index="1" bw="16" slack="0"/>
</pin_list>
<bind>
<opcode="load(27) " fcode="load"/>
<opset="REG_V_54_load_1/2 "/>
</bind>
</comp>

<comp id="1032" class="1004" name="REG_V_55_load_1_load_fu_1032">
<pin_list>
<pin id="1033" dir="0" index="0" bw="16" slack="1"/>
<pin id="1034" dir="1" index="1" bw="16" slack="0"/>
</pin_list>
<bind>
<opcode="load(27) " fcode="load"/>
<opset="REG_V_55_load_1/2 "/>
</bind>
</comp>

<comp id="1035" class="1004" name="REG_V_78_fu_1035">
<pin_list>
<pin id="1036" dir="0" index="0" bw="1" slack="1"/>
<pin id="1037" dir="0" index="1" bw="16" slack="0"/>
<pin id="1038" dir="0" index="2" bw="16" slack="0"/>
<pin id="1039" dir="1" index="3" bw="16" slack="0"/>
</pin_list>
<bind>
<opcode="select(49) " fcode="select"/>
<opset="REG_V_78/2 "/>
</bind>
</comp>

<comp id="1042" class="1004" name="REG_V_79_fu_1042">
<pin_list>
<pin id="1043" dir="0" index="0" bw="1" slack="1"/>
<pin id="1044" dir="0" index="1" bw="16" slack="0"/>
<pin id="1045" dir="0" index="2" bw="16" slack="0"/>
<pin id="1046" dir="1" index="3" bw="16" slack="0"/>
</pin_list>
<bind>
<opcode="select(49) " fcode="select"/>
<opset="REG_V_79/2 "/>
</bind>
</comp>

<comp id="1049" class="1004" name="REG_V_83_fu_1049">
<pin_list>
<pin id="1050" dir="0" index="0" bw="1" slack="1"/>
<pin id="1051" dir="0" index="1" bw="16" slack="0"/>
<pin id="1052" dir="0" index="2" bw="16" slack="0"/>
<pin id="1053" dir="1" index="3" bw="16" slack="0"/>
</pin_list>
<bind>
<opcode="select(49) " fcode="select"/>
<opset="REG_V_83/2 "/>
</bind>
</comp>

<comp id="1056" class="1004" name="REG_V_82_fu_1056">
<pin_list>
<pin id="1057" dir="0" index="0" bw="1" slack="1"/>
<pin id="1058" dir="0" index="1" bw="16" slack="0"/>
<pin id="1059" dir="0" index="2" bw="16" slack="0"/>
<pin id="1060" dir="1" index="3" bw="16" slack="0"/>
</pin_list>
<bind>
<opcode="select(49) " fcode="select"/>
<opset="REG_V_82/2 "/>
</bind>
</comp>

<comp id="1063" class="1004" name="REG_V_81_fu_1063">
<pin_list>
<pin id="1064" dir="0" index="0" bw="1" slack="1"/>
<pin id="1065" dir="0" index="1" bw="16" slack="0"/>
<pin id="1066" dir="0" index="2" bw="16" slack="0"/>
<pin id="1067" dir="1" index="3" bw="16" slack="0"/>
</pin_list>
<bind>
<opcode="select(49) " fcode="select"/>
<opset="REG_V_81/2 "/>
</bind>
</comp>

<comp id="1070" class="1004" name="REG_V_80_fu_1070">
<pin_list>
<pin id="1071" dir="0" index="0" bw="1" slack="1"/>
<pin id="1072" dir="0" index="1" bw="16" slack="0"/>
<pin id="1073" dir="0" index="2" bw="16" slack="0"/>
<pin id="1074" dir="1" index="3" bw="16" slack="0"/>
</pin_list>
<bind>
<opcode="select(49) " fcode="select"/>
<opset="REG_V_80/2 "/>
</bind>
</comp>

<comp id="1077" class="1004" name="select_ln69_6_fu_1077">
<pin_list>
<pin id="1078" dir="0" index="0" bw="1" slack="1"/>
<pin id="1079" dir="0" index="1" bw="16" slack="0"/>
<pin id="1080" dir="0" index="2" bw="16" slack="0"/>
<pin id="1081" dir="1" index="3" bw="16" slack="0"/>
</pin_list>
<bind>
<opcode="select(49) " fcode="select"/>
<opset="select_ln69_6/2 "/>
</bind>
</comp>

<comp id="1084" class="1004" name="select_ln69_7_fu_1084">
<pin_list>
<pin id="1085" dir="0" index="0" bw="1" slack="1"/>
<pin id="1086" dir="0" index="1" bw="16" slack="0"/>
<pin id="1087" dir="0" index="2" bw="16" slack="0"/>
<pin id="1088" dir="1" index="3" bw="16" slack="0"/>
</pin_list>
<bind>
<opcode="select(49) " fcode="select"/>
<opset="select_ln69_7/2 "/>
</bind>
</comp>

<comp id="1091" class="1004" name="store_ln69_store_fu_1091">
<pin_list>
<pin id="1092" dir="0" index="0" bw="16" slack="0"/>
<pin id="1093" dir="0" index="1" bw="16" slack="1"/>
<pin id="1094" dir="1" index="2" bw="0" slack="2147483647"/>
</pin_list>
<bind>
<opcode="store(28) " fcode="store"/>
<opset="store_ln69/2 "/>
</bind>
</comp>

<comp id="1096" class="1004" name="store_ln69_store_fu_1096">
<pin_list>
<pin id="1097" dir="0" index="0" bw="16" slack="0"/>
<pin id="1098" dir="0" index="1" bw="16" slack="1"/>
<pin id="1099" dir="1" index="2" bw="0" slack="2147483647"/>
</pin_list>
<bind>
<opcode="store(28) " fcode="store"/>
<opset="store_ln69/2 "/>
</bind>
</comp>

<comp id="1101" class="1004" name="store_ln69_store_fu_1101">
<pin_list>
<pin id="1102" dir="0" index="0" bw="16" slack="0"/>
<pin id="1103" dir="0" index="1" bw="16" slack="1"/>
<pin id="1104" dir="1" index="2" bw="0" slack="2147483647"/>
</pin_list>
<bind>
<opcode="store(28) " fcode="store"/>
<opset="store_ln69/2 "/>
</bind>
</comp>

<comp id="1106" class="1004" name="store_ln69_store_fu_1106">
<pin_list>
<pin id="1107" dir="0" index="0" bw="16" slack="0"/>
<pin id="1108" dir="0" index="1" bw="16" slack="1"/>
<pin id="1109" dir="1" index="2" bw="0" slack="2147483647"/>
</pin_list>
<bind>
<opcode="store(28) " fcode="store"/>
<opset="store_ln69/2 "/>
</bind>
</comp>

<comp id="1111" class="1004" name="store_ln69_store_fu_1111">
<pin_list>
<pin id="1112" dir="0" index="0" bw="16" slack="0"/>
<pin id="1113" dir="0" index="1" bw="16" slack="1"/>
<pin id="1114" dir="1" index="2" bw="0" slack="2147483647"/>
</pin_list>
<bind>
<opcode="store(28) " fcode="store"/>
<opset="store_ln69/2 "/>
</bind>
</comp>

<comp id="1116" class="1004" name="store_ln69_store_fu_1116">
<pin_list>
<pin id="1117" dir="0" index="0" bw="16" slack="0"/>
<pin id="1118" dir="0" index="1" bw="16" slack="1"/>
<pin id="1119" dir="1" index="2" bw="0" slack="2147483647"/>
</pin_list>
<bind>
<opcode="store(28) " fcode="store"/>
<opset="store_ln69/2 "/>
</bind>
</comp>

<comp id="1121" class="1004" name="store_ln69_store_fu_1121">
<pin_list>
<pin id="1122" dir="0" index="0" bw="16" slack="0"/>
<pin id="1123" dir="0" index="1" bw="16" slack="1"/>
<pin id="1124" dir="1" index="2" bw="0" slack="2147483647"/>
</pin_list>
<bind>
<opcode="store(28) " fcode="store"/>
<opset="store_ln69/2 "/>
</bind>
</comp>

<comp id="1126" class="1004" name="store_ln69_store_fu_1126">
<pin_list>
<pin id="1127" dir="0" index="0" bw="16" slack="0"/>
<pin id="1128" dir="0" index="1" bw="16" slack="1"/>
<pin id="1129" dir="1" index="2" bw="0" slack="2147483647"/>
</pin_list>
<bind>
<opcode="store(28) " fcode="store"/>
<opset="store_ln69/2 "/>
</bind>
</comp>

<comp id="1131" class="1004" name="REG_V_40_load_1_load_fu_1131">
<pin_list>
<pin id="1132" dir="0" index="0" bw="16" slack="1"/>
<pin id="1133" dir="1" index="1" bw="16" slack="0"/>
</pin_list>
<bind>
<opcode="load(27) " fcode="load"/>
<opset="REG_V_40_load_1/2 "/>
</bind>
</comp>

<comp id="1134" class="1004" name="REG_V_41_load_1_load_fu_1134">
<pin_list>
<pin id="1135" dir="0" index="0" bw="16" slack="1"/>
<pin id="1136" dir="1" index="1" bw="16" slack="0"/>
</pin_list>
<bind>
<opcode="load(27) " fcode="load"/>
<opset="REG_V_41_load_1/2 "/>
</bind>
</comp>

<comp id="1137" class="1004" name="REG_V_42_load_1_load_fu_1137">
<pin_list>
<pin id="1138" dir="0" index="0" bw="16" slack="1"/>
<pin id="1139" dir="1" index="1" bw="16" slack="0"/>
</pin_list>
<bind>
<opcode="load(27) " fcode="load"/>
<opset="REG_V_42_load_1/2 "/>
</bind>
</comp>

<comp id="1140" class="1004" name="REG_V_43_load_1_load_fu_1140">
<pin_list>
<pin id="1141" dir="0" index="0" bw="16" slack="1"/>
<pin id="1142" dir="1" index="1" bw="16" slack="0"/>
</pin_list>
<bind>
<opcode="load(27) " fcode="load"/>
<opset="REG_V_43_load_1/2 "/>
</bind>
</comp>

<comp id="1143" class="1004" name="REG_V_44_load_1_load_fu_1143">
<pin_list>
<pin id="1144" dir="0" index="0" bw="16" slack="1"/>
<pin id="1145" dir="1" index="1" bw="16" slack="0"/>
</pin_list>
<bind>
<opcode="load(27) " fcode="load"/>
<opset="REG_V_44_load_1/2 "/>
</bind>
</comp>

<comp id="1146" class="1004" name="REG_V_45_load_1_load_fu_1146">
<pin_list>
<pin id="1147" dir="0" index="0" bw="16" slack="1"/>
<pin id="1148" dir="1" index="1" bw="16" slack="0"/>
</pin_list>
<bind>
<opcode="load(27) " fcode="load"/>
<opset="REG_V_45_load_1/2 "/>
</bind>
</comp>

<comp id="1149" class="1004" name="REG_V_46_load_1_load_fu_1149">
<pin_list>
<pin id="1150" dir="0" index="0" bw="16" slack="1"/>
<pin id="1151" dir="1" index="1" bw="16" slack="0"/>
</pin_list>
<bind>
<opcode="load(27) " fcode="load"/>
<opset="REG_V_46_load_1/2 "/>
</bind>
</comp>

<comp id="1152" class="1004" name="REG_V_47_load_1_load_fu_1152">
<pin_list>
<pin id="1153" dir="0" index="0" bw="16" slack="1"/>
<pin id="1154" dir="1" index="1" bw="16" slack="0"/>
</pin_list>
<bind>
<opcode="load(27) " fcode="load"/>
<opset="REG_V_47_load_1/2 "/>
</bind>
</comp>

<comp id="1155" class="1004" name="REG_V_74_fu_1155">
<pin_list>
<pin id="1156" dir="0" index="0" bw="1" slack="1"/>
<pin id="1157" dir="0" index="1" bw="16" slack="0"/>
<pin id="1158" dir="0" index="2" bw="16" slack="0"/>
<pin id="1159" dir="1" index="3" bw="16" slack="0"/>
</pin_list>
<bind>
<opcode="select(49) " fcode="select"/>
<opset="REG_V_74/2 "/>
</bind>
</comp>

<comp id="1162" class="1004" name="REG_V_75_fu_1162">
<pin_list>
<pin id="1163" dir="0" index="0" bw="1" slack="1"/>
<pin id="1164" dir="0" index="1" bw="16" slack="0"/>
<pin id="1165" dir="0" index="2" bw="16" slack="0"/>
<pin id="1166" dir="1" index="3" bw="16" slack="0"/>
</pin_list>
<bind>
<opcode="select(49) " fcode="select"/>
<opset="REG_V_75/2 "/>
</bind>
</comp>

<comp id="1169" class="1004" name="select_ln67_4_fu_1169">
<pin_list>
<pin id="1170" dir="0" index="0" bw="1" slack="1"/>
<pin id="1171" dir="0" index="1" bw="16" slack="0"/>
<pin id="1172" dir="0" index="2" bw="16" slack="0"/>
<pin id="1173" dir="1" index="3" bw="16" slack="0"/>
</pin_list>
<bind>
<opcode="select(49) " fcode="select"/>
<opset="select_ln67_4/2 "/>
</bind>
</comp>

<comp id="1176" class="1004" name="select_ln67_5_fu_1176">
<pin_list>
<pin id="1177" dir="0" index="0" bw="1" slack="1"/>
<pin id="1178" dir="0" index="1" bw="16" slack="0"/>
<pin id="1179" dir="0" index="2" bw="16" slack="0"/>
<pin id="1180" dir="1" index="3" bw="16" slack="0"/>
</pin_list>
<bind>
<opcode="select(49) " fcode="select"/>
<opset="select_ln67_5/2 "/>
</bind>
</comp>

<comp id="1183" class="1004" name="select_ln68_4_fu_1183">
<pin_list>
<pin id="1184" dir="0" index="0" bw="1" slack="1"/>
<pin id="1185" dir="0" index="1" bw="16" slack="0"/>
<pin id="1186" dir="0" index="2" bw="16" slack="0"/>
<pin id="1187" dir="1" index="3" bw="16" slack="0"/>
</pin_list>
<bind>
<opcode="select(49) " fcode="select"/>
<opset="select_ln68_4/2 "/>
</bind>
</comp>

<comp id="1190" class="1004" name="select_ln68_5_fu_1190">
<pin_list>
<pin id="1191" dir="0" index="0" bw="1" slack="1"/>
<pin id="1192" dir="0" index="1" bw="16" slack="0"/>
<pin id="1193" dir="0" index="2" bw="16" slack="0"/>
<pin id="1194" dir="1" index="3" bw="16" slack="0"/>
</pin_list>
<bind>
<opcode="select(49) " fcode="select"/>
<opset="select_ln68_5/2 "/>
</bind>
</comp>

<comp id="1197" class="1004" name="select_ln69_4_fu_1197">
<pin_list>
<pin id="1198" dir="0" index="0" bw="1" slack="1"/>
<pin id="1199" dir="0" index="1" bw="16" slack="0"/>
<pin id="1200" dir="0" index="2" bw="16" slack="0"/>
<pin id="1201" dir="1" index="3" bw="16" slack="0"/>
</pin_list>
<bind>
<opcode="select(49) " fcode="select"/>
<opset="select_ln69_4/2 "/>
</bind>
</comp>

<comp id="1204" class="1004" name="select_ln69_5_fu_1204">
<pin_list>
<pin id="1205" dir="0" index="0" bw="1" slack="1"/>
<pin id="1206" dir="0" index="1" bw="16" slack="0"/>
<pin id="1207" dir="0" index="2" bw="16" slack="0"/>
<pin id="1208" dir="1" index="3" bw="16" slack="0"/>
</pin_list>
<bind>
<opcode="select(49) " fcode="select"/>
<opset="select_ln69_5/2 "/>
</bind>
</comp>

<comp id="1211" class="1004" name="store_ln69_store_fu_1211">
<pin_list>
<pin id="1212" dir="0" index="0" bw="16" slack="0"/>
<pin id="1213" dir="0" index="1" bw="16" slack="1"/>
<pin id="1214" dir="1" index="2" bw="0" slack="2147483647"/>
</pin_list>
<bind>
<opcode="store(28) " fcode="store"/>
<opset="store_ln69/2 "/>
</bind>
</comp>

<comp id="1216" class="1004" name="store_ln69_store_fu_1216">
<pin_list>
<pin id="1217" dir="0" index="0" bw="16" slack="0"/>
<pin id="1218" dir="0" index="1" bw="16" slack="1"/>
<pin id="1219" dir="1" index="2" bw="0" slack="2147483647"/>
</pin_list>
<bind>
<opcode="store(28) " fcode="store"/>
<opset="store_ln69/2 "/>
</bind>
</comp>

<comp id="1221" class="1004" name="store_ln69_store_fu_1221">
<pin_list>
<pin id="1222" dir="0" index="0" bw="16" slack="0"/>
<pin id="1223" dir="0" index="1" bw="16" slack="1"/>
<pin id="1224" dir="1" index="2" bw="0" slack="2147483647"/>
</pin_list>
<bind>
<opcode="store(28) " fcode="store"/>
<opset="store_ln69/2 "/>
</bind>
</comp>

<comp id="1226" class="1004" name="store_ln69_store_fu_1226">
<pin_list>
<pin id="1227" dir="0" index="0" bw="16" slack="0"/>
<pin id="1228" dir="0" index="1" bw="16" slack="1"/>
<pin id="1229" dir="1" index="2" bw="0" slack="2147483647"/>
</pin_list>
<bind>
<opcode="store(28) " fcode="store"/>
<opset="store_ln69/2 "/>
</bind>
</comp>

<comp id="1231" class="1004" name="store_ln69_store_fu_1231">
<pin_list>
<pin id="1232" dir="0" index="0" bw="16" slack="0"/>
<pin id="1233" dir="0" index="1" bw="16" slack="1"/>
<pin id="1234" dir="1" index="2" bw="0" slack="2147483647"/>
</pin_list>
<bind>
<opcode="store(28) " fcode="store"/>
<opset="store_ln69/2 "/>
</bind>
</comp>

<comp id="1236" class="1004" name="store_ln69_store_fu_1236">
<pin_list>
<pin id="1237" dir="0" index="0" bw="16" slack="0"/>
<pin id="1238" dir="0" index="1" bw="16" slack="1"/>
<pin id="1239" dir="1" index="2" bw="0" slack="2147483647"/>
</pin_list>
<bind>
<opcode="store(28) " fcode="store"/>
<opset="store_ln69/2 "/>
</bind>
</comp>

<comp id="1241" class="1004" name="store_ln69_store_fu_1241">
<pin_list>
<pin id="1242" dir="0" index="0" bw="16" slack="0"/>
<pin id="1243" dir="0" index="1" bw="16" slack="1"/>
<pin id="1244" dir="1" index="2" bw="0" slack="2147483647"/>
</pin_list>
<bind>
<opcode="store(28) " fcode="store"/>
<opset="store_ln69/2 "/>
</bind>
</comp>

<comp id="1246" class="1004" name="store_ln69_store_fu_1246">
<pin_list>
<pin id="1247" dir="0" index="0" bw="16" slack="0"/>
<pin id="1248" dir="0" index="1" bw="16" slack="1"/>
<pin id="1249" dir="1" index="2" bw="0" slack="2147483647"/>
</pin_list>
<bind>
<opcode="store(28) " fcode="store"/>
<opset="store_ln69/2 "/>
</bind>
</comp>

<comp id="1251" class="1004" name="REG_V_32_load_1_load_fu_1251">
<pin_list>
<pin id="1252" dir="0" index="0" bw="16" slack="1"/>
<pin id="1253" dir="1" index="1" bw="16" slack="0"/>
</pin_list>
<bind>
<opcode="load(27) " fcode="load"/>
<opset="REG_V_32_load_1/2 "/>
</bind>
</comp>

<comp id="1254" class="1004" name="REG_V_33_load_1_load_fu_1254">
<pin_list>
<pin id="1255" dir="0" index="0" bw="16" slack="1"/>
<pin id="1256" dir="1" index="1" bw="16" slack="0"/>
</pin_list>
<bind>
<opcode="load(27) " fcode="load"/>
<opset="REG_V_33_load_1/2 "/>
</bind>
</comp>

<comp id="1257" class="1004" name="REG_V_34_load_1_load_fu_1257">
<pin_list>
<pin id="1258" dir="0" index="0" bw="16" slack="1"/>
<pin id="1259" dir="1" index="1" bw="16" slack="0"/>
</pin_list>
<bind>
<opcode="load(27) " fcode="load"/>
<opset="REG_V_34_load_1/2 "/>
</bind>
</comp>

<comp id="1260" class="1004" name="REG_V_35_load_1_load_fu_1260">
<pin_list>
<pin id="1261" dir="0" index="0" bw="16" slack="1"/>
<pin id="1262" dir="1" index="1" bw="16" slack="0"/>
</pin_list>
<bind>
<opcode="load(27) " fcode="load"/>
<opset="REG_V_35_load_1/2 "/>
</bind>
</comp>

<comp id="1263" class="1004" name="REG_V_36_load_1_load_fu_1263">
<pin_list>
<pin id="1264" dir="0" index="0" bw="16" slack="1"/>
<pin id="1265" dir="1" index="1" bw="16" slack="0"/>
</pin_list>
<bind>
<opcode="load(27) " fcode="load"/>
<opset="REG_V_36_load_1/2 "/>
</bind>
</comp>

<comp id="1266" class="1004" name="REG_V_37_load_1_load_fu_1266">
<pin_list>
<pin id="1267" dir="0" index="0" bw="16" slack="1"/>
<pin id="1268" dir="1" index="1" bw="16" slack="0"/>
</pin_list>
<bind>
<opcode="load(27) " fcode="load"/>
<opset="REG_V_37_load_1/2 "/>
</bind>
</comp>

<comp id="1269" class="1004" name="REG_V_38_load_1_load_fu_1269">
<pin_list>
<pin id="1270" dir="0" index="0" bw="16" slack="1"/>
<pin id="1271" dir="1" index="1" bw="16" slack="0"/>
</pin_list>
<bind>
<opcode="load(27) " fcode="load"/>
<opset="REG_V_38_load_1/2 "/>
</bind>
</comp>

<comp id="1272" class="1004" name="REG_V_39_load_1_load_fu_1272">
<pin_list>
<pin id="1273" dir="0" index="0" bw="16" slack="1"/>
<pin id="1274" dir="1" index="1" bw="16" slack="0"/>
</pin_list>
<bind>
<opcode="load(27) " fcode="load"/>
<opset="REG_V_39_load_1/2 "/>
</bind>
</comp>

<comp id="1275" class="1004" name="REG_V_72_fu_1275">
<pin_list>
<pin id="1276" dir="0" index="0" bw="1" slack="1"/>
<pin id="1277" dir="0" index="1" bw="16" slack="0"/>
<pin id="1278" dir="0" index="2" bw="16" slack="0"/>
<pin id="1279" dir="1" index="3" bw="16" slack="0"/>
</pin_list>
<bind>
<opcode="select(49) " fcode="select"/>
<opset="REG_V_72/2 "/>
</bind>
</comp>

<comp id="1282" class="1004" name="REG_V_73_fu_1282">
<pin_list>
<pin id="1283" dir="0" index="0" bw="1" slack="1"/>
<pin id="1284" dir="0" index="1" bw="16" slack="0"/>
<pin id="1285" dir="0" index="2" bw="16" slack="0"/>
<pin id="1286" dir="1" index="3" bw="16" slack="0"/>
</pin_list>
<bind>
<opcode="select(49) " fcode="select"/>
<opset="REG_V_73/2 "/>
</bind>
</comp>

<comp id="1289" class="1004" name="select_ln67_2_fu_1289">
<pin_list>
<pin id="1290" dir="0" index="0" bw="1" slack="1"/>
<pin id="1291" dir="0" index="1" bw="16" slack="0"/>
<pin id="1292" dir="0" index="2" bw="16" slack="0"/>
<pin id="1293" dir="1" index="3" bw="16" slack="0"/>
</pin_list>
<bind>
<opcode="select(49) " fcode="select"/>
<opset="select_ln67_2/2 "/>
</bind>
</comp>

<comp id="1296" class="1004" name="select_ln67_3_fu_1296">
<pin_list>
<pin id="1297" dir="0" index="0" bw="1" slack="1"/>
<pin id="1298" dir="0" index="1" bw="16" slack="0"/>
<pin id="1299" dir="0" index="2" bw="16" slack="0"/>
<pin id="1300" dir="1" index="3" bw="16" slack="0"/>
</pin_list>
<bind>
<opcode="select(49) " fcode="select"/>
<opset="select_ln67_3/2 "/>
</bind>
</comp>

<comp id="1303" class="1004" name="select_ln68_2_fu_1303">
<pin_list>
<pin id="1304" dir="0" index="0" bw="1" slack="1"/>
<pin id="1305" dir="0" index="1" bw="16" slack="0"/>
<pin id="1306" dir="0" index="2" bw="16" slack="0"/>
<pin id="1307" dir="1" index="3" bw="16" slack="0"/>
</pin_list>
<bind>
<opcode="select(49) " fcode="select"/>
<opset="select_ln68_2/2 "/>
</bind>
</comp>

<comp id="1310" class="1004" name="select_ln68_3_fu_1310">
<pin_list>
<pin id="1311" dir="0" index="0" bw="1" slack="1"/>
<pin id="1312" dir="0" index="1" bw="16" slack="0"/>
<pin id="1313" dir="0" index="2" bw="16" slack="0"/>
<pin id="1314" dir="1" index="3" bw="16" slack="0"/>
</pin_list>
<bind>
<opcode="select(49) " fcode="select"/>
<opset="select_ln68_3/2 "/>
</bind>
</comp>

<comp id="1317" class="1004" name="select_ln69_2_fu_1317">
<pin_list>
<pin id="1318" dir="0" index="0" bw="1" slack="1"/>
<pin id="1319" dir="0" index="1" bw="16" slack="0"/>
<pin id="1320" dir="0" index="2" bw="16" slack="0"/>
<pin id="1321" dir="1" index="3" bw="16" slack="0"/>
</pin_list>
<bind>
<opcode="select(49) " fcode="select"/>
<opset="select_ln69_2/2 "/>
</bind>
</comp>

<comp id="1324" class="1004" name="select_ln69_3_fu_1324">
<pin_list>
<pin id="1325" dir="0" index="0" bw="1" slack="1"/>
<pin id="1326" dir="0" index="1" bw="16" slack="0"/>
<pin id="1327" dir="0" index="2" bw="16" slack="0"/>
<pin id="1328" dir="1" index="3" bw="16" slack="0"/>
</pin_list>
<bind>
<opcode="select(49) " fcode="select"/>
<opset="select_ln69_3/2 "/>
</bind>
</comp>

<comp id="1331" class="1004" name="store_ln69_store_fu_1331">
<pin_list>
<pin id="1332" dir="0" index="0" bw="16" slack="0"/>
<pin id="1333" dir="0" index="1" bw="16" slack="1"/>
<pin id="1334" dir="1" index="2" bw="0" slack="2147483647"/>
</pin_list>
<bind>
<opcode="store(28) " fcode="store"/>
<opset="store_ln69/2 "/>
</bind>
</comp>

<comp id="1336" class="1004" name="store_ln69_store_fu_1336">
<pin_list>
<pin id="1337" dir="0" index="0" bw="16" slack="0"/>
<pin id="1338" dir="0" index="1" bw="16" slack="1"/>
<pin id="1339" dir="1" index="2" bw="0" slack="2147483647"/>
</pin_list>
<bind>
<opcode="store(28) " fcode="store"/>
<opset="store_ln69/2 "/>
</bind>
</comp>

<comp id="1341" class="1004" name="store_ln69_store_fu_1341">
<pin_list>
<pin id="1342" dir="0" index="0" bw="16" slack="0"/>
<pin id="1343" dir="0" index="1" bw="16" slack="1"/>
<pin id="1344" dir="1" index="2" bw="0" slack="2147483647"/>
</pin_list>
<bind>
<opcode="store(28) " fcode="store"/>
<opset="store_ln69/2 "/>
</bind>
</comp>

<comp id="1346" class="1004" name="store_ln69_store_fu_1346">
<pin_list>
<pin id="1347" dir="0" index="0" bw="16" slack="0"/>
<pin id="1348" dir="0" index="1" bw="16" slack="1"/>
<pin id="1349" dir="1" index="2" bw="0" slack="2147483647"/>
</pin_list>
<bind>
<opcode="store(28) " fcode="store"/>
<opset="store_ln69/2 "/>
</bind>
</comp>

<comp id="1351" class="1004" name="store_ln69_store_fu_1351">
<pin_list>
<pin id="1352" dir="0" index="0" bw="16" slack="0"/>
<pin id="1353" dir="0" index="1" bw="16" slack="1"/>
<pin id="1354" dir="1" index="2" bw="0" slack="2147483647"/>
</pin_list>
<bind>
<opcode="store(28) " fcode="store"/>
<opset="store_ln69/2 "/>
</bind>
</comp>

<comp id="1356" class="1004" name="store_ln69_store_fu_1356">
<pin_list>
<pin id="1357" dir="0" index="0" bw="16" slack="0"/>
<pin id="1358" dir="0" index="1" bw="16" slack="1"/>
<pin id="1359" dir="1" index="2" bw="0" slack="2147483647"/>
</pin_list>
<bind>
<opcode="store(28) " fcode="store"/>
<opset="store_ln69/2 "/>
</bind>
</comp>

<comp id="1361" class="1004" name="store_ln69_store_fu_1361">
<pin_list>
<pin id="1362" dir="0" index="0" bw="16" slack="0"/>
<pin id="1363" dir="0" index="1" bw="16" slack="1"/>
<pin id="1364" dir="1" index="2" bw="0" slack="2147483647"/>
</pin_list>
<bind>
<opcode="store(28) " fcode="store"/>
<opset="store_ln69/2 "/>
</bind>
</comp>

<comp id="1366" class="1004" name="store_ln69_store_fu_1366">
<pin_list>
<pin id="1367" dir="0" index="0" bw="16" slack="0"/>
<pin id="1368" dir="0" index="1" bw="16" slack="1"/>
<pin id="1369" dir="1" index="2" bw="0" slack="2147483647"/>
</pin_list>
<bind>
<opcode="store(28) " fcode="store"/>
<opset="store_ln69/2 "/>
</bind>
</comp>

<comp id="1371" class="1004" name="REG_V_56_load_1_load_fu_1371">
<pin_list>
<pin id="1372" dir="0" index="0" bw="16" slack="1"/>
<pin id="1373" dir="1" index="1" bw="16" slack="0"/>
</pin_list>
<bind>
<opcode="load(27) " fcode="load"/>
<opset="REG_V_56_load_1/2 "/>
</bind>
</comp>

<comp id="1374" class="1004" name="REG_V_57_load_1_load_fu_1374">
<pin_list>
<pin id="1375" dir="0" index="0" bw="16" slack="1"/>
<pin id="1376" dir="1" index="1" bw="16" slack="0"/>
</pin_list>
<bind>
<opcode="load(27) " fcode="load"/>
<opset="REG_V_57_load_1/2 "/>
</bind>
</comp>

<comp id="1377" class="1004" name="REG_V_58_load_1_load_fu_1377">
<pin_list>
<pin id="1378" dir="0" index="0" bw="16" slack="1"/>
<pin id="1379" dir="1" index="1" bw="16" slack="0"/>
</pin_list>
<bind>
<opcode="load(27) " fcode="load"/>
<opset="REG_V_58_load_1/2 "/>
</bind>
</comp>

<comp id="1380" class="1004" name="REG_V_59_load_1_load_fu_1380">
<pin_list>
<pin id="1381" dir="0" index="0" bw="16" slack="1"/>
<pin id="1382" dir="1" index="1" bw="16" slack="0"/>
</pin_list>
<bind>
<opcode="load(27) " fcode="load"/>
<opset="REG_V_59_load_1/2 "/>
</bind>
</comp>

<comp id="1383" class="1004" name="REG_V_60_load_1_load_fu_1383">
<pin_list>
<pin id="1384" dir="0" index="0" bw="16" slack="1"/>
<pin id="1385" dir="1" index="1" bw="16" slack="0"/>
</pin_list>
<bind>
<opcode="load(27) " fcode="load"/>
<opset="REG_V_60_load_1/2 "/>
</bind>
</comp>

<comp id="1386" class="1004" name="REG_V_61_load_1_load_fu_1386">
<pin_list>
<pin id="1387" dir="0" index="0" bw="16" slack="1"/>
<pin id="1388" dir="1" index="1" bw="16" slack="0"/>
</pin_list>
<bind>
<opcode="load(27) " fcode="load"/>
<opset="REG_V_61_load_1/2 "/>
</bind>
</comp>

<comp id="1389" class="1004" name="REG_V_62_load_1_load_fu_1389">
<pin_list>
<pin id="1390" dir="0" index="0" bw="16" slack="1"/>
<pin id="1391" dir="1" index="1" bw="16" slack="0"/>
</pin_list>
<bind>
<opcode="load(27) " fcode="load"/>
<opset="REG_V_62_load_1/2 "/>
</bind>
</comp>

<comp id="1392" class="1004" name="REG_V_63_load_1_load_fu_1392">
<pin_list>
<pin id="1393" dir="0" index="0" bw="16" slack="1"/>
<pin id="1394" dir="1" index="1" bw="16" slack="0"/>
</pin_list>
<bind>
<opcode="load(27) " fcode="load"/>
<opset="REG_V_63_load_1/2 "/>
</bind>
</comp>

<comp id="1395" class="1004" name="REG_V_65_fu_1395">
<pin_list>
<pin id="1396" dir="0" index="0" bw="1" slack="1"/>
<pin id="1397" dir="0" index="1" bw="16" slack="0"/>
<pin id="1398" dir="0" index="2" bw="16" slack="0"/>
<pin id="1399" dir="1" index="3" bw="16" slack="0"/>
</pin_list>
<bind>
<opcode="select(49) " fcode="select"/>
<opset="REG_V_65/2 "/>
</bind>
</comp>

<comp id="1402" class="1004" name="REG_V_66_fu_1402">
<pin_list>
<pin id="1403" dir="0" index="0" bw="1" slack="1"/>
<pin id="1404" dir="0" index="1" bw="16" slack="0"/>
<pin id="1405" dir="0" index="2" bw="16" slack="0"/>
<pin id="1406" dir="1" index="3" bw="16" slack="0"/>
</pin_list>
<bind>
<opcode="select(49) " fcode="select"/>
<opset="REG_V_66/2 "/>
</bind>
</comp>

<comp id="1409" class="1004" name="select_ln67_fu_1409">
<pin_list>
<pin id="1410" dir="0" index="0" bw="1" slack="1"/>
<pin id="1411" dir="0" index="1" bw="16" slack="0"/>
<pin id="1412" dir="0" index="2" bw="16" slack="0"/>
<pin id="1413" dir="1" index="3" bw="16" slack="0"/>
</pin_list>
<bind>
<opcode="select(49) " fcode="select"/>
<opset="select_ln67/2 "/>
</bind>
</comp>

<comp id="1416" class="1004" name="select_ln67_1_fu_1416">
<pin_list>
<pin id="1417" dir="0" index="0" bw="1" slack="1"/>
<pin id="1418" dir="0" index="1" bw="16" slack="0"/>
<pin id="1419" dir="0" index="2" bw="16" slack="0"/>
<pin id="1420" dir="1" index="3" bw="16" slack="0"/>
</pin_list>
<bind>
<opcode="select(49) " fcode="select"/>
<opset="select_ln67_1/2 "/>
</bind>
</comp>

<comp id="1423" class="1004" name="select_ln68_fu_1423">
<pin_list>
<pin id="1424" dir="0" index="0" bw="1" slack="1"/>
<pin id="1425" dir="0" index="1" bw="16" slack="0"/>
<pin id="1426" dir="0" index="2" bw="16" slack="0"/>
<pin id="1427" dir="1" index="3" bw="16" slack="0"/>
</pin_list>
<bind>
<opcode="select(49) " fcode="select"/>
<opset="select_ln68/2 "/>
</bind>
</comp>

<comp id="1430" class="1004" name="select_ln68_1_fu_1430">
<pin_list>
<pin id="1431" dir="0" index="0" bw="1" slack="1"/>
<pin id="1432" dir="0" index="1" bw="16" slack="0"/>
<pin id="1433" dir="0" index="2" bw="16" slack="0"/>
<pin id="1434" dir="1" index="3" bw="16" slack="0"/>
</pin_list>
<bind>
<opcode="select(49) " fcode="select"/>
<opset="select_ln68_1/2 "/>
</bind>
</comp>

<comp id="1437" class="1004" name="select_ln69_fu_1437">
<pin_list>
<pin id="1438" dir="0" index="0" bw="1" slack="1"/>
<pin id="1439" dir="0" index="1" bw="16" slack="0"/>
<pin id="1440" dir="0" index="2" bw="16" slack="0"/>
<pin id="1441" dir="1" index="3" bw="16" slack="0"/>
</pin_list>
<bind>
<opcode="select(49) " fcode="select"/>
<opset="select_ln69/2 "/>
</bind>
</comp>

<comp id="1444" class="1004" name="select_ln69_1_fu_1444">
<pin_list>
<pin id="1445" dir="0" index="0" bw="1" slack="1"/>
<pin id="1446" dir="0" index="1" bw="16" slack="0"/>
<pin id="1447" dir="0" index="2" bw="16" slack="0"/>
<pin id="1448" dir="1" index="3" bw="16" slack="0"/>
</pin_list>
<bind>
<opcode="select(49) " fcode="select"/>
<opset="select_ln69_1/2 "/>
</bind>
</comp>

<comp id="1451" class="1004" name="store_ln69_store_fu_1451">
<pin_list>
<pin id="1452" dir="0" index="0" bw="16" slack="0"/>
<pin id="1453" dir="0" index="1" bw="16" slack="1"/>
<pin id="1454" dir="1" index="2" bw="0" slack="2147483647"/>
</pin_list>
<bind>
<opcode="store(28) " fcode="store"/>
<opset="store_ln69/2 "/>
</bind>
</comp>

<comp id="1456" class="1004" name="store_ln69_store_fu_1456">
<pin_list>
<pin id="1457" dir="0" index="0" bw="16" slack="0"/>
<pin id="1458" dir="0" index="1" bw="16" slack="1"/>
<pin id="1459" dir="1" index="2" bw="0" slack="2147483647"/>
</pin_list>
<bind>
<opcode="store(28) " fcode="store"/>
<opset="store_ln69/2 "/>
</bind>
</comp>

<comp id="1461" class="1004" name="store_ln69_store_fu_1461">
<pin_list>
<pin id="1462" dir="0" index="0" bw="16" slack="0"/>
<pin id="1463" dir="0" index="1" bw="16" slack="1"/>
<pin id="1464" dir="1" index="2" bw="0" slack="2147483647"/>
</pin_list>
<bind>
<opcode="store(28) " fcode="store"/>
<opset="store_ln69/2 "/>
</bind>
</comp>

<comp id="1466" class="1004" name="store_ln69_store_fu_1466">
<pin_list>
<pin id="1467" dir="0" index="0" bw="16" slack="0"/>
<pin id="1468" dir="0" index="1" bw="16" slack="1"/>
<pin id="1469" dir="1" index="2" bw="0" slack="2147483647"/>
</pin_list>
<bind>
<opcode="store(28) " fcode="store"/>
<opset="store_ln69/2 "/>
</bind>
</comp>

<comp id="1471" class="1004" name="store_ln69_store_fu_1471">
<pin_list>
<pin id="1472" dir="0" index="0" bw="16" slack="0"/>
<pin id="1473" dir="0" index="1" bw="16" slack="1"/>
<pin id="1474" dir="1" index="2" bw="0" slack="2147483647"/>
</pin_list>
<bind>
<opcode="store(28) " fcode="store"/>
<opset="store_ln69/2 "/>
</bind>
</comp>

<comp id="1476" class="1004" name="store_ln69_store_fu_1476">
<pin_list>
<pin id="1477" dir="0" index="0" bw="16" slack="0"/>
<pin id="1478" dir="0" index="1" bw="16" slack="1"/>
<pin id="1479" dir="1" index="2" bw="0" slack="2147483647"/>
</pin_list>
<bind>
<opcode="store(28) " fcode="store"/>
<opset="store_ln69/2 "/>
</bind>
</comp>

<comp id="1481" class="1004" name="store_ln69_store_fu_1481">
<pin_list>
<pin id="1482" dir="0" index="0" bw="16" slack="0"/>
<pin id="1483" dir="0" index="1" bw="16" slack="1"/>
<pin id="1484" dir="1" index="2" bw="0" slack="2147483647"/>
</pin_list>
<bind>
<opcode="store(28) " fcode="store"/>
<opset="store_ln69/2 "/>
</bind>
</comp>

<comp id="1486" class="1004" name="store_ln69_store_fu_1486">
<pin_list>
<pin id="1487" dir="0" index="0" bw="16" slack="0"/>
<pin id="1488" dir="0" index="1" bw="16" slack="1"/>
<pin id="1489" dir="1" index="2" bw="0" slack="2147483647"/>
</pin_list>
<bind>
<opcode="store(28) " fcode="store"/>
<opset="store_ln69/2 "/>
</bind>
</comp>

<comp id="1491" class="1004" name="zext_ln186_17_fu_1491">
<pin_list>
<pin id="1492" dir="0" index="0" bw="16" slack="0"/>
<pin id="1493" dir="1" index="1" bw="32" slack="0"/>
</pin_list>
<bind>
<opcode="zext(34) " fcode="zext"/>
<opset="zext_ln186_17/2 "/>
</bind>
</comp>

<comp id="1495" class="1004" name="zext_ln186_18_fu_1495">
<pin_list>
<pin id="1496" dir="0" index="0" bw="16" slack="0"/>
<pin id="1497" dir="1" index="1" bw="32" slack="0"/>
</pin_list>
<bind>
<opcode="zext(34) " fcode="zext"/>
<opset="zext_ln186_18/2 "/>
</bind>
</comp>

<comp id="1499" class="1004" name="zext_ln186_fu_1499">
<pin_list>
<pin id="1500" dir="0" index="0" bw="16" slack="1"/>
<pin id="1501" dir="1" index="1" bw="32" slack="0"/>
</pin_list>
<bind>
<opcode="zext(34) " fcode="zext"/>
<opset="zext_ln186/3 "/>
</bind>
</comp>

<comp id="1502" class="1004" name="zext_ln186_16_fu_1502">
<pin_list>
<pin id="1503" dir="0" index="0" bw="16" slack="1"/>
<pin id="1504" dir="1" index="1" bw="32" slack="0"/>
</pin_list>
<bind>
<opcode="zext(34) " fcode="zext"/>
<opset="zext_ln186_16/3 "/>
</bind>
</comp>

<comp id="1505" class="1004" name="zext_ln186_20_fu_1505">
<pin_list>
<pin id="1506" dir="0" index="0" bw="32" slack="0"/>
<pin id="1507" dir="1" index="1" bw="33" slack="0"/>
</pin_list>
<bind>
<opcode="zext(34) " fcode="zext"/>
<opset="zext_ln186_20/5 "/>
</bind>
</comp>

<comp id="1508" class="1004" name="self_sum_V_2_load_fu_1508">
<pin_list>
<pin id="1509" dir="0" index="0" bw="34" slack="5"/>
<pin id="1510" dir="1" index="1" bw="34" slack="0"/>
</pin_list>
<bind>
<opcode="load(27) " fcode="load"/>
<opset="self_sum_V_2/6 "/>
</bind>
</comp>

<comp id="1511" class="1004" name="empty_fu_1511">
<pin_list>
<pin id="1512" dir="0" index="0" bw="34" slack="0"/>
<pin id="1513" dir="1" index="1" bw="32" slack="0"/>
</pin_list>
<bind>
<opcode="trunc(33) " fcode="trunc"/>
<opset="empty/6 "/>
</bind>
</comp>

<comp id="1516" class="1004" name="zext_ln840_fu_1516">
<pin_list>
<pin id="1517" dir="0" index="0" bw="33" slack="0"/>
<pin id="1518" dir="1" index="1" bw="34" slack="0"/>
</pin_list>
<bind>
<opcode="zext(34) " fcode="zext"/>
<opset="zext_ln840/6 "/>
</bind>
</comp>

<comp id="1519" class="1004" name="self_sum_V_3_fu_1519">
<pin_list>
<pin id="1520" dir="0" index="0" bw="33" slack="0"/>
<pin id="1521" dir="0" index="1" bw="34" slack="0"/>
<pin id="1522" dir="1" index="2" bw="34" slack="0"/>
</pin_list>
<bind>
<opcode="add(8) " fcode="add"/>
<opset="self_sum_V_3/6 "/>
</bind>
</comp>

<comp id="1525" class="1004" name="store_ln60_store_fu_1525">
<pin_list>
<pin id="1526" dir="0" index="0" bw="34" slack="0"/>
<pin id="1527" dir="0" index="1" bw="34" slack="5"/>
<pin id="1528" dir="1" index="2" bw="0" slack="2147483647"/>
</pin_list>
<bind>
<opcode="store(28) " fcode="store"/>
<opset="store_ln60/6 "/>
</bind>
</comp>

<comp id="1530" class="1004" name="REG_V_32_load_load_fu_1530">
<pin_list>
<pin id="1531" dir="0" index="0" bw="16" slack="5"/>
<pin id="1532" dir="1" index="1" bw="16" slack="0"/>
</pin_list>
<bind>
<opcode="load(27) " fcode="load"/>
<opset="REG_V_32_load/6 "/>
</bind>
</comp>

<comp id="1534" class="1004" name="REG_V_33_load_load_fu_1534">
<pin_list>
<pin id="1535" dir="0" index="0" bw="16" slack="5"/>
<pin id="1536" dir="1" index="1" bw="16" slack="0"/>
</pin_list>
<bind>
<opcode="load(27) " fcode="load"/>
<opset="REG_V_33_load/6 "/>
</bind>
</comp>

<comp id="1538" class="1004" name="REG_V_34_load_load_fu_1538">
<pin_list>
<pin id="1539" dir="0" index="0" bw="16" slack="5"/>
<pin id="1540" dir="1" index="1" bw="16" slack="0"/>
</pin_list>
<bind>
<opcode="load(27) " fcode="load"/>
<opset="REG_V_34_load/6 "/>
</bind>
</comp>

<comp id="1542" class="1004" name="REG_V_35_load_load_fu_1542">
<pin_list>
<pin id="1543" dir="0" index="0" bw="16" slack="5"/>
<pin id="1544" dir="1" index="1" bw="16" slack="0"/>
</pin_list>
<bind>
<opcode="load(27) " fcode="load"/>
<opset="REG_V_35_load/6 "/>
</bind>
</comp>

<comp id="1546" class="1004" name="REG_V_36_load_load_fu_1546">
<pin_list>
<pin id="1547" dir="0" index="0" bw="16" slack="5"/>
<pin id="1548" dir="1" index="1" bw="16" slack="0"/>
</pin_list>
<bind>
<opcode="load(27) " fcode="load"/>
<opset="REG_V_36_load/6 "/>
</bind>
</comp>

<comp id="1550" class="1004" name="REG_V_37_load_load_fu_1550">
<pin_list>
<pin id="1551" dir="0" index="0" bw="16" slack="5"/>
<pin id="1552" dir="1" index="1" bw="16" slack="0"/>
</pin_list>
<bind>
<opcode="load(27) " fcode="load"/>
<opset="REG_V_37_load/6 "/>
</bind>
</comp>

<comp id="1554" class="1004" name="REG_V_38_load_load_fu_1554">
<pin_list>
<pin id="1555" dir="0" index="0" bw="16" slack="5"/>
<pin id="1556" dir="1" index="1" bw="16" slack="0"/>
</pin_list>
<bind>
<opcode="load(27) " fcode="load"/>
<opset="REG_V_38_load/6 "/>
</bind>
</comp>

<comp id="1558" class="1004" name="REG_V_39_load_load_fu_1558">
<pin_list>
<pin id="1559" dir="0" index="0" bw="16" slack="5"/>
<pin id="1560" dir="1" index="1" bw="16" slack="0"/>
</pin_list>
<bind>
<opcode="load(27) " fcode="load"/>
<opset="REG_V_39_load/6 "/>
</bind>
</comp>

<comp id="1562" class="1004" name="REG_V_40_load_load_fu_1562">
<pin_list>
<pin id="1563" dir="0" index="0" bw="16" slack="5"/>
<pin id="1564" dir="1" index="1" bw="16" slack="0"/>
</pin_list>
<bind>
<opcode="load(27) " fcode="load"/>
<opset="REG_V_40_load/6 "/>
</bind>
</comp>

<comp id="1566" class="1004" name="REG_V_41_load_load_fu_1566">
<pin_list>
<pin id="1567" dir="0" index="0" bw="16" slack="5"/>
<pin id="1568" dir="1" index="1" bw="16" slack="0"/>
</pin_list>
<bind>
<opcode="load(27) " fcode="load"/>
<opset="REG_V_41_load/6 "/>
</bind>
</comp>

<comp id="1570" class="1004" name="REG_V_42_load_load_fu_1570">
<pin_list>
<pin id="1571" dir="0" index="0" bw="16" slack="5"/>
<pin id="1572" dir="1" index="1" bw="16" slack="0"/>
</pin_list>
<bind>
<opcode="load(27) " fcode="load"/>
<opset="REG_V_42_load/6 "/>
</bind>
</comp>

<comp id="1574" class="1004" name="REG_V_43_load_load_fu_1574">
<pin_list>
<pin id="1575" dir="0" index="0" bw="16" slack="5"/>
<pin id="1576" dir="1" index="1" bw="16" slack="0"/>
</pin_list>
<bind>
<opcode="load(27) " fcode="load"/>
<opset="REG_V_43_load/6 "/>
</bind>
</comp>

<comp id="1578" class="1004" name="REG_V_44_load_load_fu_1578">
<pin_list>
<pin id="1579" dir="0" index="0" bw="16" slack="5"/>
<pin id="1580" dir="1" index="1" bw="16" slack="0"/>
</pin_list>
<bind>
<opcode="load(27) " fcode="load"/>
<opset="REG_V_44_load/6 "/>
</bind>
</comp>

<comp id="1582" class="1004" name="REG_V_45_load_load_fu_1582">
<pin_list>
<pin id="1583" dir="0" index="0" bw="16" slack="5"/>
<pin id="1584" dir="1" index="1" bw="16" slack="0"/>
</pin_list>
<bind>
<opcode="load(27) " fcode="load"/>
<opset="REG_V_45_load/6 "/>
</bind>
</comp>

<comp id="1586" class="1004" name="REG_V_46_load_load_fu_1586">
<pin_list>
<pin id="1587" dir="0" index="0" bw="16" slack="5"/>
<pin id="1588" dir="1" index="1" bw="16" slack="0"/>
</pin_list>
<bind>
<opcode="load(27) " fcode="load"/>
<opset="REG_V_46_load/6 "/>
</bind>
</comp>

<comp id="1590" class="1004" name="REG_V_47_load_load_fu_1590">
<pin_list>
<pin id="1591" dir="0" index="0" bw="16" slack="5"/>
<pin id="1592" dir="1" index="1" bw="16" slack="0"/>
</pin_list>
<bind>
<opcode="load(27) " fcode="load"/>
<opset="REG_V_47_load/6 "/>
</bind>
</comp>

<comp id="1594" class="1004" name="REG_V_48_load_load_fu_1594">
<pin_list>
<pin id="1595" dir="0" index="0" bw="16" slack="5"/>
<pin id="1596" dir="1" index="1" bw="16" slack="0"/>
</pin_list>
<bind>
<opcode="load(27) " fcode="load"/>
<opset="REG_V_48_load/6 "/>
</bind>
</comp>

<comp id="1598" class="1004" name="REG_V_49_load_load_fu_1598">
<pin_list>
<pin id="1599" dir="0" index="0" bw="16" slack="5"/>
<pin id="1600" dir="1" index="1" bw="16" slack="0"/>
</pin_list>
<bind>
<opcode="load(27) " fcode="load"/>
<opset="REG_V_49_load/6 "/>
</bind>
</comp>

<comp id="1602" class="1004" name="REG_V_50_load_load_fu_1602">
<pin_list>
<pin id="1603" dir="0" index="0" bw="16" slack="5"/>
<pin id="1604" dir="1" index="1" bw="16" slack="0"/>
</pin_list>
<bind>
<opcode="load(27) " fcode="load"/>
<opset="REG_V_50_load/6 "/>
</bind>
</comp>

<comp id="1606" class="1004" name="REG_V_51_load_load_fu_1606">
<pin_list>
<pin id="1607" dir="0" index="0" bw="16" slack="5"/>
<pin id="1608" dir="1" index="1" bw="16" slack="0"/>
</pin_list>
<bind>
<opcode="load(27) " fcode="load"/>
<opset="REG_V_51_load/6 "/>
</bind>
</comp>

<comp id="1610" class="1004" name="REG_V_52_load_load_fu_1610">
<pin_list>
<pin id="1611" dir="0" index="0" bw="16" slack="5"/>
<pin id="1612" dir="1" index="1" bw="16" slack="0"/>
</pin_list>
<bind>
<opcode="load(27) " fcode="load"/>
<opset="REG_V_52_load/6 "/>
</bind>
</comp>

<comp id="1614" class="1004" name="REG_V_53_load_load_fu_1614">
<pin_list>
<pin id="1615" dir="0" index="0" bw="16" slack="5"/>
<pin id="1616" dir="1" index="1" bw="16" slack="0"/>
</pin_list>
<bind>
<opcode="load(27) " fcode="load"/>
<opset="REG_V_53_load/6 "/>
</bind>
</comp>

<comp id="1618" class="1004" name="REG_V_54_load_load_fu_1618">
<pin_list>
<pin id="1619" dir="0" index="0" bw="16" slack="5"/>
<pin id="1620" dir="1" index="1" bw="16" slack="0"/>
</pin_list>
<bind>
<opcode="load(27) " fcode="load"/>
<opset="REG_V_54_load/6 "/>
</bind>
</comp>

<comp id="1622" class="1004" name="REG_V_55_load_load_fu_1622">
<pin_list>
<pin id="1623" dir="0" index="0" bw="16" slack="5"/>
<pin id="1624" dir="1" index="1" bw="16" slack="0"/>
</pin_list>
<bind>
<opcode="load(27) " fcode="load"/>
<opset="REG_V_55_load/6 "/>
</bind>
</comp>

<comp id="1626" class="1004" name="REG_V_56_load_load_fu_1626">
<pin_list>
<pin id="1627" dir="0" index="0" bw="16" slack="5"/>
<pin id="1628" dir="1" index="1" bw="16" slack="0"/>
</pin_list>
<bind>
<opcode="load(27) " fcode="load"/>
<opset="REG_V_56_load/6 "/>
</bind>
</comp>

<comp id="1630" class="1004" name="REG_V_57_load_load_fu_1630">
<pin_list>
<pin id="1631" dir="0" index="0" bw="16" slack="5"/>
<pin id="1632" dir="1" index="1" bw="16" slack="0"/>
</pin_list>
<bind>
<opcode="load(27) " fcode="load"/>
<opset="REG_V_57_load/6 "/>
</bind>
</comp>

<comp id="1634" class="1004" name="REG_V_58_load_load_fu_1634">
<pin_list>
<pin id="1635" dir="0" index="0" bw="16" slack="5"/>
<pin id="1636" dir="1" index="1" bw="16" slack="0"/>
</pin_list>
<bind>
<opcode="load(27) " fcode="load"/>
<opset="REG_V_58_load/6 "/>
</bind>
</comp>

<comp id="1638" class="1004" name="REG_V_59_load_load_fu_1638">
<pin_list>
<pin id="1639" dir="0" index="0" bw="16" slack="5"/>
<pin id="1640" dir="1" index="1" bw="16" slack="0"/>
</pin_list>
<bind>
<opcode="load(27) " fcode="load"/>
<opset="REG_V_59_load/6 "/>
</bind>
</comp>

<comp id="1642" class="1004" name="REG_V_60_load_load_fu_1642">
<pin_list>
<pin id="1643" dir="0" index="0" bw="16" slack="5"/>
<pin id="1644" dir="1" index="1" bw="16" slack="0"/>
</pin_list>
<bind>
<opcode="load(27) " fcode="load"/>
<opset="REG_V_60_load/6 "/>
</bind>
</comp>

<comp id="1646" class="1004" name="REG_V_61_load_load_fu_1646">
<pin_list>
<pin id="1647" dir="0" index="0" bw="16" slack="5"/>
<pin id="1648" dir="1" index="1" bw="16" slack="0"/>
</pin_list>
<bind>
<opcode="load(27) " fcode="load"/>
<opset="REG_V_61_load/6 "/>
</bind>
</comp>

<comp id="1650" class="1004" name="REG_V_62_load_load_fu_1650">
<pin_list>
<pin id="1651" dir="0" index="0" bw="16" slack="5"/>
<pin id="1652" dir="1" index="1" bw="16" slack="0"/>
</pin_list>
<bind>
<opcode="load(27) " fcode="load"/>
<opset="REG_V_62_load/6 "/>
</bind>
</comp>

<comp id="1654" class="1004" name="REG_V_63_load_load_fu_1654">
<pin_list>
<pin id="1655" dir="0" index="0" bw="16" slack="5"/>
<pin id="1656" dir="1" index="1" bw="16" slack="0"/>
</pin_list>
<bind>
<opcode="load(27) " fcode="load"/>
<opset="REG_V_63_load/6 "/>
</bind>
</comp>

<comp id="1658" class="1007" name="grp_fu_1658">
<pin_list>
<pin id="1659" dir="0" index="0" bw="16" slack="0"/>
<pin id="1660" dir="0" index="1" bw="16" slack="0"/>
<pin id="1661" dir="1" index="2" bw="32" slack="0"/>
</pin_list>
<bind>
<opcode="mul(12) " fcode="mul"/>
<opset="ret_V_4/2 "/>
</bind>
</comp>

<comp id="1665" class="1007" name="grp_fu_1665">
<pin_list>
<pin id="1666" dir="0" index="0" bw="16" slack="0"/>
<pin id="1667" dir="0" index="1" bw="16" slack="0"/>
<pin id="1668" dir="0" index="2" bw="32" slack="0"/>
<pin id="1669" dir="1" index="3" bw="33" slack="0"/>
</pin_list>
<bind>
<opcode="muladd(1172) " fcode="muladd"/>
<opset="ret_V_3/3 zext_ln186_19/5 ret_V/5 "/>
</bind>
</comp>

<comp id="1674" class="1005" name="self_sum_V_reg_1674">
<pin_list>
<pin id="1675" dir="0" index="0" bw="34" slack="0"/>
<pin id="1676" dir="1" index="1" bw="34" slack="0"/>
</pin_list>
<bind>
<opset="self_sum_V "/>
</bind>
</comp>

<comp id="1681" class="1005" name="fe_reg_1681">
<pin_list>
<pin id="1682" dir="0" index="0" bw="2" slack="0"/>
<pin id="1683" dir="1" index="1" bw="2" slack="0"/>
</pin_list>
<bind>
<opset="fe "/>
</bind>
</comp>

<comp id="1688" class="1005" name="REG_V_32_reg_1688">
<pin_list>
<pin id="1689" dir="0" index="0" bw="16" slack="0"/>
<pin id="1690" dir="1" index="1" bw="16" slack="0"/>
</pin_list>
<bind>
<opset="REG_V_32 "/>
</bind>
</comp>

<comp id="1696" class="1005" name="REG_V_33_reg_1696">
<pin_list>
<pin id="1697" dir="0" index="0" bw="16" slack="0"/>
<pin id="1698" dir="1" index="1" bw="16" slack="0"/>
</pin_list>
<bind>
<opset="REG_V_33 "/>
</bind>
</comp>

<comp id="1704" class="1005" name="REG_V_34_reg_1704">
<pin_list>
<pin id="1705" dir="0" index="0" bw="16" slack="0"/>
<pin id="1706" dir="1" index="1" bw="16" slack="0"/>
</pin_list>
<bind>
<opset="REG_V_34 "/>
</bind>
</comp>

<comp id="1712" class="1005" name="REG_V_35_reg_1712">
<pin_list>
<pin id="1713" dir="0" index="0" bw="16" slack="0"/>
<pin id="1714" dir="1" index="1" bw="16" slack="0"/>
</pin_list>
<bind>
<opset="REG_V_35 "/>
</bind>
</comp>

<comp id="1720" class="1005" name="REG_V_36_reg_1720">
<pin_list>
<pin id="1721" dir="0" index="0" bw="16" slack="0"/>
<pin id="1722" dir="1" index="1" bw="16" slack="0"/>
</pin_list>
<bind>
<opset="REG_V_36 "/>
</bind>
</comp>

<comp id="1728" class="1005" name="REG_V_37_reg_1728">
<pin_list>
<pin id="1729" dir="0" index="0" bw="16" slack="0"/>
<pin id="1730" dir="1" index="1" bw="16" slack="0"/>
</pin_list>
<bind>
<opset="REG_V_37 "/>
</bind>
</comp>

<comp id="1736" class="1005" name="REG_V_38_reg_1736">
<pin_list>
<pin id="1737" dir="0" index="0" bw="16" slack="0"/>
<pin id="1738" dir="1" index="1" bw="16" slack="0"/>
</pin_list>
<bind>
<opset="REG_V_38 "/>
</bind>
</comp>

<comp id="1744" class="1005" name="REG_V_39_reg_1744">
<pin_list>
<pin id="1745" dir="0" index="0" bw="16" slack="0"/>
<pin id="1746" dir="1" index="1" bw="16" slack="0"/>
</pin_list>
<bind>
<opset="REG_V_39 "/>
</bind>
</comp>

<comp id="1752" class="1005" name="REG_V_40_reg_1752">
<pin_list>
<pin id="1753" dir="0" index="0" bw="16" slack="0"/>
<pin id="1754" dir="1" index="1" bw="16" slack="0"/>
</pin_list>
<bind>
<opset="REG_V_40 "/>
</bind>
</comp>

<comp id="1760" class="1005" name="REG_V_41_reg_1760">
<pin_list>
<pin id="1761" dir="0" index="0" bw="16" slack="0"/>
<pin id="1762" dir="1" index="1" bw="16" slack="0"/>
</pin_list>
<bind>
<opset="REG_V_41 "/>
</bind>
</comp>

<comp id="1768" class="1005" name="REG_V_42_reg_1768">
<pin_list>
<pin id="1769" dir="0" index="0" bw="16" slack="0"/>
<pin id="1770" dir="1" index="1" bw="16" slack="0"/>
</pin_list>
<bind>
<opset="REG_V_42 "/>
</bind>
</comp>

<comp id="1776" class="1005" name="REG_V_43_reg_1776">
<pin_list>
<pin id="1777" dir="0" index="0" bw="16" slack="0"/>
<pin id="1778" dir="1" index="1" bw="16" slack="0"/>
</pin_list>
<bind>
<opset="REG_V_43 "/>
</bind>
</comp>

<comp id="1784" class="1005" name="REG_V_44_reg_1784">
<pin_list>
<pin id="1785" dir="0" index="0" bw="16" slack="0"/>
<pin id="1786" dir="1" index="1" bw="16" slack="0"/>
</pin_list>
<bind>
<opset="REG_V_44 "/>
</bind>
</comp>

<comp id="1792" class="1005" name="REG_V_45_reg_1792">
<pin_list>
<pin id="1793" dir="0" index="0" bw="16" slack="0"/>
<pin id="1794" dir="1" index="1" bw="16" slack="0"/>
</pin_list>
<bind>
<opset="REG_V_45 "/>
</bind>
</comp>

<comp id="1800" class="1005" name="REG_V_46_reg_1800">
<pin_list>
<pin id="1801" dir="0" index="0" bw="16" slack="0"/>
<pin id="1802" dir="1" index="1" bw="16" slack="0"/>
</pin_list>
<bind>
<opset="REG_V_46 "/>
</bind>
</comp>

<comp id="1808" class="1005" name="REG_V_47_reg_1808">
<pin_list>
<pin id="1809" dir="0" index="0" bw="16" slack="0"/>
<pin id="1810" dir="1" index="1" bw="16" slack="0"/>
</pin_list>
<bind>
<opset="REG_V_47 "/>
</bind>
</comp>

<comp id="1816" class="1005" name="REG_V_48_reg_1816">
<pin_list>
<pin id="1817" dir="0" index="0" bw="16" slack="0"/>
<pin id="1818" dir="1" index="1" bw="16" slack="0"/>
</pin_list>
<bind>
<opset="REG_V_48 "/>
</bind>
</comp>

<comp id="1824" class="1005" name="REG_V_49_reg_1824">
<pin_list>
<pin id="1825" dir="0" index="0" bw="16" slack="0"/>
<pin id="1826" dir="1" index="1" bw="16" slack="0"/>
</pin_list>
<bind>
<opset="REG_V_49 "/>
</bind>
</comp>

<comp id="1832" class="1005" name="REG_V_50_reg_1832">
<pin_list>
<pin id="1833" dir="0" index="0" bw="16" slack="0"/>
<pin id="1834" dir="1" index="1" bw="16" slack="0"/>
</pin_list>
<bind>
<opset="REG_V_50 "/>
</bind>
</comp>

<comp id="1840" class="1005" name="REG_V_51_reg_1840">
<pin_list>
<pin id="1841" dir="0" index="0" bw="16" slack="0"/>
<pin id="1842" dir="1" index="1" bw="16" slack="0"/>
</pin_list>
<bind>
<opset="REG_V_51 "/>
</bind>
</comp>

<comp id="1848" class="1005" name="REG_V_52_reg_1848">
<pin_list>
<pin id="1849" dir="0" index="0" bw="16" slack="0"/>
<pin id="1850" dir="1" index="1" bw="16" slack="0"/>
</pin_list>
<bind>
<opset="REG_V_52 "/>
</bind>
</comp>

<comp id="1856" class="1005" name="REG_V_53_reg_1856">
<pin_list>
<pin id="1857" dir="0" index="0" bw="16" slack="0"/>
<pin id="1858" dir="1" index="1" bw="16" slack="0"/>
</pin_list>
<bind>
<opset="REG_V_53 "/>
</bind>
</comp>

<comp id="1864" class="1005" name="REG_V_54_reg_1864">
<pin_list>
<pin id="1865" dir="0" index="0" bw="16" slack="0"/>
<pin id="1866" dir="1" index="1" bw="16" slack="0"/>
</pin_list>
<bind>
<opset="REG_V_54 "/>
</bind>
</comp>

<comp id="1872" class="1005" name="REG_V_55_reg_1872">
<pin_list>
<pin id="1873" dir="0" index="0" bw="16" slack="0"/>
<pin id="1874" dir="1" index="1" bw="16" slack="0"/>
</pin_list>
<bind>
<opset="REG_V_55 "/>
</bind>
</comp>

<comp id="1880" class="1005" name="REG_V_56_reg_1880">
<pin_list>
<pin id="1881" dir="0" index="0" bw="16" slack="0"/>
<pin id="1882" dir="1" index="1" bw="16" slack="0"/>
</pin_list>
<bind>
<opset="REG_V_56 "/>
</bind>
</comp>

<comp id="1888" class="1005" name="REG_V_57_reg_1888">
<pin_list>
<pin id="1889" dir="0" index="0" bw="16" slack="0"/>
<pin id="1890" dir="1" index="1" bw="16" slack="0"/>
</pin_list>
<bind>
<opset="REG_V_57 "/>
</bind>
</comp>

<comp id="1896" class="1005" name="REG_V_58_reg_1896">
<pin_list>
<pin id="1897" dir="0" index="0" bw="16" slack="0"/>
<pin id="1898" dir="1" index="1" bw="16" slack="0"/>
</pin_list>
<bind>
<opset="REG_V_58 "/>
</bind>
</comp>

<comp id="1904" class="1005" name="REG_V_59_reg_1904">
<pin_list>
<pin id="1905" dir="0" index="0" bw="16" slack="0"/>
<pin id="1906" dir="1" index="1" bw="16" slack="0"/>
</pin_list>
<bind>
<opset="REG_V_59 "/>
</bind>
</comp>

<comp id="1912" class="1005" name="REG_V_60_reg_1912">
<pin_list>
<pin id="1913" dir="0" index="0" bw="16" slack="0"/>
<pin id="1914" dir="1" index="1" bw="16" slack="0"/>
</pin_list>
<bind>
<opset="REG_V_60 "/>
</bind>
</comp>

<comp id="1920" class="1005" name="REG_V_61_reg_1920">
<pin_list>
<pin id="1921" dir="0" index="0" bw="16" slack="0"/>
<pin id="1922" dir="1" index="1" bw="16" slack="0"/>
</pin_list>
<bind>
<opset="REG_V_61 "/>
</bind>
</comp>

<comp id="1928" class="1005" name="REG_V_62_reg_1928">
<pin_list>
<pin id="1929" dir="0" index="0" bw="16" slack="0"/>
<pin id="1930" dir="1" index="1" bw="16" slack="0"/>
</pin_list>
<bind>
<opset="REG_V_62 "/>
</bind>
</comp>

<comp id="1936" class="1005" name="REG_V_63_reg_1936">
<pin_list>
<pin id="1937" dir="0" index="0" bw="16" slack="0"/>
<pin id="1938" dir="1" index="1" bw="16" slack="0"/>
</pin_list>
<bind>
<opset="REG_V_63 "/>
</bind>
</comp>

<comp id="1944" class="1005" name="i_cast_read_reg_1944">
<pin_list>
<pin id="1945" dir="0" index="0" bw="2" slack="1"/>
<pin id="1946" dir="1" index="1" bw="2" slack="2147483647"/>
</pin_list>
<bind>
<opset="i_cast_read "/>
</bind>
</comp>

<comp id="1948" class="1005" name="icmp_ln60_reg_1948">
<pin_list>
<pin id="1949" dir="0" index="0" bw="1" slack="1"/>
<pin id="1950" dir="1" index="1" bw="1" slack="2147483647"/>
</pin_list>
<bind>
<opset="icmp_ln60 "/>
</bind>
</comp>

<comp id="1952" class="1005" name="trunc_ln61_reg_1952">
<pin_list>
<pin id="1953" dir="0" index="0" bw="1" slack="1"/>
<pin id="1954" dir="1" index="1" bw="1" slack="1"/>
</pin_list>
<bind>
<opset="trunc_ln61 "/>
</bind>
</comp>

<comp id="1988" class="1005" name="buffer_1_addr_reg_1988">
<pin_list>
<pin id="1989" dir="0" index="0" bw="3" slack="1"/>
<pin id="1990" dir="1" index="1" bw="3" slack="1"/>
</pin_list>
<bind>
<opset="buffer_1_addr "/>
</bind>
</comp>

<comp id="1993" class="1005" name="lhs_reg_1993">
<pin_list>
<pin id="1994" dir="0" index="0" bw="16" slack="1"/>
<pin id="1995" dir="1" index="1" bw="16" slack="1"/>
</pin_list>
<bind>
<opset="lhs "/>
</bind>
</comp>

<comp id="1998" class="1005" name="rhs_reg_1998">
<pin_list>
<pin id="1999" dir="0" index="0" bw="16" slack="1"/>
<pin id="2000" dir="1" index="1" bw="16" slack="1"/>
</pin_list>
<bind>
<opset="rhs "/>
</bind>
</comp>

<comp id="2003" class="1005" name="zext_ln186_17_reg_2003">
<pin_list>
<pin id="2004" dir="0" index="0" bw="32" slack="1"/>
<pin id="2005" dir="1" index="1" bw="32" slack="1"/>
</pin_list>
<bind>
<opset="zext_ln186_17 "/>
</bind>
</comp>

<comp id="2008" class="1005" name="zext_ln186_18_reg_2008">
<pin_list>
<pin id="2009" dir="0" index="0" bw="32" slack="1"/>
<pin id="2010" dir="1" index="1" bw="32" slack="1"/>
</pin_list>
<bind>
<opset="zext_ln186_18 "/>
</bind>
</comp>

<comp id="2013" class="1005" name="zext_ln186_reg_2013">
<pin_list>
<pin id="2014" dir="0" index="0" bw="32" slack="1"/>
<pin id="2015" dir="1" index="1" bw="32" slack="1"/>
</pin_list>
<bind>
<opset="zext_ln186 "/>
</bind>
</comp>

<comp id="2018" class="1005" name="zext_ln186_16_reg_2018">
<pin_list>
<pin id="2019" dir="0" index="0" bw="32" slack="1"/>
<pin id="2020" dir="1" index="1" bw="32" slack="1"/>
</pin_list>
<bind>
<opset="zext_ln186_16 "/>
</bind>
</comp>

<comp id="2023" class="1005" name="zext_ln186_20_reg_2023">
<pin_list>
<pin id="2024" dir="0" index="0" bw="33" slack="1"/>
<pin id="2025" dir="1" index="1" bw="33" slack="1"/>
</pin_list>
<bind>
<opset="zext_ln186_20 "/>
</bind>
</comp>

</comp_list>

<net_list>
<net id="195"><net_src comp="134" pin="0"/><net_sink comp="192" pin=0"/></net>

<net id="199"><net_src comp="134" pin="0"/><net_sink comp="196" pin=0"/></net>

<net id="203"><net_src comp="134" pin="0"/><net_sink comp="200" pin=0"/></net>

<net id="207"><net_src comp="134" pin="0"/><net_sink comp="204" pin=0"/></net>

<net id="211"><net_src comp="134" pin="0"/><net_sink comp="208" pin=0"/></net>

<net id="215"><net_src comp="134" pin="0"/><net_sink comp="212" pin=0"/></net>

<net id="219"><net_src comp="134" pin="0"/><net_sink comp="216" pin=0"/></net>

<net id="223"><net_src comp="134" pin="0"/><net_sink comp="220" pin=0"/></net>

<net id="227"><net_src comp="134" pin="0"/><net_sink comp="224" pin=0"/></net>

<net id="231"><net_src comp="134" pin="0"/><net_sink comp="228" pin=0"/></net>

<net id="235"><net_src comp="134" pin="0"/><net_sink comp="232" pin=0"/></net>

<net id="239"><net_src comp="134" pin="0"/><net_sink comp="236" pin=0"/></net>

<net id="243"><net_src comp="134" pin="0"/><net_sink comp="240" pin=0"/></net>

<net id="247"><net_src comp="134" pin="0"/><net_sink comp="244" pin=0"/></net>

<net id="251"><net_src comp="134" pin="0"/><net_sink comp="248" pin=0"/></net>

<net id="255"><net_src comp="134" pin="0"/><net_sink comp="252" pin=0"/></net>

<net id="259"><net_src comp="134" pin="0"/><net_sink comp="256" pin=0"/></net>

<net id="263"><net_src comp="134" pin="0"/><net_sink comp="260" pin=0"/></net>

<net id="267"><net_src comp="134" pin="0"/><net_sink comp="264" pin=0"/></net>

<net id="271"><net_src comp="134" pin="0"/><net_sink comp="268" pin=0"/></net>

<net id="275"><net_src comp="134" pin="0"/><net_sink comp="272" pin=0"/></net>

<net id="279"><net_src comp="134" pin="0"/><net_sink comp="276" pin=0"/></net>

<net id="283"><net_src comp="134" pin="0"/><net_sink comp="280" pin=0"/></net>

<net id="287"><net_src comp="134" pin="0"/><net_sink comp="284" pin=0"/></net>

<net id="291"><net_src comp="134" pin="0"/><net_sink comp="288" pin=0"/></net>

<net id="295"><net_src comp="134" pin="0"/><net_sink comp="292" pin=0"/></net>

<net id="299"><net_src comp="134" pin="0"/><net_sink comp="296" pin=0"/></net>

<net id="303"><net_src comp="134" pin="0"/><net_sink comp="300" pin=0"/></net>

<net id="307"><net_src comp="134" pin="0"/><net_sink comp="304" pin=0"/></net>

<net id="311"><net_src comp="134" pin="0"/><net_sink comp="308" pin=0"/></net>

<net id="315"><net_src comp="134" pin="0"/><net_sink comp="312" pin=0"/></net>

<net id="319"><net_src comp="134" pin="0"/><net_sink comp="316" pin=0"/></net>

<net id="323"><net_src comp="134" pin="0"/><net_sink comp="320" pin=0"/></net>

<net id="327"><net_src comp="134" pin="0"/><net_sink comp="324" pin=0"/></net>

<net id="332"><net_src comp="146" pin="0"/><net_sink comp="328" pin=0"/></net>

<net id="333"><net_src comp="64" pin="0"/><net_sink comp="328" pin=1"/></net>

<net id="338"><net_src comp="148" pin="0"/><net_sink comp="334" pin=0"/></net>

<net id="339"><net_src comp="62" pin="0"/><net_sink comp="334" pin=1"/></net>

<net id="344"><net_src comp="148" pin="0"/><net_sink comp="340" pin=0"/></net>

<net id="345"><net_src comp="60" pin="0"/><net_sink comp="340" pin=1"/></net>

<net id="350"><net_src comp="148" pin="0"/><net_sink comp="346" pin=0"/></net>

<net id="351"><net_src comp="58" pin="0"/><net_sink comp="346" pin=1"/></net>

<net id="356"><net_src comp="148" pin="0"/><net_sink comp="352" pin=0"/></net>

<net id="357"><net_src comp="56" pin="0"/><net_sink comp="352" pin=1"/></net>

<net id="362"><net_src comp="148" pin="0"/><net_sink comp="358" pin=0"/></net>

<net id="363"><net_src comp="54" pin="0"/><net_sink comp="358" pin=1"/></net>

<net id="368"><net_src comp="148" pin="0"/><net_sink comp="364" pin=0"/></net>

<net id="369"><net_src comp="52" pin="0"/><net_sink comp="364" pin=1"/></net>

<net id="374"><net_src comp="148" pin="0"/><net_sink comp="370" pin=0"/></net>

<net id="375"><net_src comp="50" pin="0"/><net_sink comp="370" pin=1"/></net>

<net id="380"><net_src comp="148" pin="0"/><net_sink comp="376" pin=0"/></net>

<net id="381"><net_src comp="48" pin="0"/><net_sink comp="376" pin=1"/></net>

<net id="386"><net_src comp="148" pin="0"/><net_sink comp="382" pin=0"/></net>

<net id="387"><net_src comp="46" pin="0"/><net_sink comp="382" pin=1"/></net>

<net id="392"><net_src comp="148" pin="0"/><net_sink comp="388" pin=0"/></net>

<net id="393"><net_src comp="44" pin="0"/><net_sink comp="388" pin=1"/></net>

<net id="398"><net_src comp="148" pin="0"/><net_sink comp="394" pin=0"/></net>

<net id="399"><net_src comp="42" pin="0"/><net_sink comp="394" pin=1"/></net>

<net id="404"><net_src comp="148" pin="0"/><net_sink comp="400" pin=0"/></net>

<net id="405"><net_src comp="40" pin="0"/><net_sink comp="400" pin=1"/></net>

<net id="410"><net_src comp="148" pin="0"/><net_sink comp="406" pin=0"/></net>

<net id="411"><net_src comp="38" pin="0"/><net_sink comp="406" pin=1"/></net>

<net id="416"><net_src comp="148" pin="0"/><net_sink comp="412" pin=0"/></net>

<net id="417"><net_src comp="36" pin="0"/><net_sink comp="412" pin=1"/></net>

<net id="422"><net_src comp="148" pin="0"/><net_sink comp="418" pin=0"/></net>

<net id="423"><net_src comp="34" pin="0"/><net_sink comp="418" pin=1"/></net>

<net id="428"><net_src comp="148" pin="0"/><net_sink comp="424" pin=0"/></net>

<net id="429"><net_src comp="32" pin="0"/><net_sink comp="424" pin=1"/></net>

<net id="434"><net_src comp="148" pin="0"/><net_sink comp="430" pin=0"/></net>

<net id="435"><net_src comp="30" pin="0"/><net_sink comp="430" pin=1"/></net>

<net id="440"><net_src comp="148" pin="0"/><net_sink comp="436" pin=0"/></net>

<net id="441"><net_src comp="28" pin="0"/><net_sink comp="436" pin=1"/></net>

<net id="446"><net_src comp="148" pin="0"/><net_sink comp="442" pin=0"/></net>

<net id="447"><net_src comp="26" pin="0"/><net_sink comp="442" pin=1"/></net>

<net id="452"><net_src comp="148" pin="0"/><net_sink comp="448" pin=0"/></net>

<net id="453"><net_src comp="24" pin="0"/><net_sink comp="448" pin=1"/></net>

<net id="458"><net_src comp="148" pin="0"/><net_sink comp="454" pin=0"/></net>

<net id="459"><net_src comp="22" pin="0"/><net_sink comp="454" pin=1"/></net>

<net id="464"><net_src comp="148" pin="0"/><net_sink comp="460" pin=0"/></net>

<net id="465"><net_src comp="20" pin="0"/><net_sink comp="460" pin=1"/></net>

<net id="470"><net_src comp="148" pin="0"/><net_sink comp="466" pin=0"/></net>

<net id="471"><net_src comp="18" pin="0"/><net_sink comp="466" pin=1"/></net>

<net id="476"><net_src comp="148" pin="0"/><net_sink comp="472" pin=0"/></net>

<net id="477"><net_src comp="16" pin="0"/><net_sink comp="472" pin=1"/></net>

<net id="482"><net_src comp="148" pin="0"/><net_sink comp="478" pin=0"/></net>

<net id="483"><net_src comp="14" pin="0"/><net_sink comp="478" pin=1"/></net>

<net id="488"><net_src comp="148" pin="0"/><net_sink comp="484" pin=0"/></net>

<net id="489"><net_src comp="12" pin="0"/><net_sink comp="484" pin=1"/></net>

<net id="494"><net_src comp="148" pin="0"/><net_sink comp="490" pin=0"/></net>

<net id="495"><net_src comp="10" pin="0"/><net_sink comp="490" pin=1"/></net>

<net id="500"><net_src comp="148" pin="0"/><net_sink comp="496" pin=0"/></net>

<net id="501"><net_src comp="8" pin="0"/><net_sink comp="496" pin=1"/></net>

<net id="506"><net_src comp="148" pin="0"/><net_sink comp="502" pin=0"/></net>

<net id="507"><net_src comp="6" pin="0"/><net_sink comp="502" pin=1"/></net>

<net id="512"><net_src comp="148" pin="0"/><net_sink comp="508" pin=0"/></net>

<net id="513"><net_src comp="4" pin="0"/><net_sink comp="508" pin=1"/></net>

<net id="518"><net_src comp="148" pin="0"/><net_sink comp="514" pin=0"/></net>

<net id="519"><net_src comp="2" pin="0"/><net_sink comp="514" pin=1"/></net>

<net id="524"><net_src comp="148" pin="0"/><net_sink comp="520" pin=0"/></net>

<net id="525"><net_src comp="0" pin="0"/><net_sink comp="520" pin=1"/></net>

<net id="531"><net_src comp="188" pin="0"/><net_sink comp="526" pin=0"/></net>

<net id="532"><net_src comp="68" pin="0"/><net_sink comp="526" pin=1"/></net>

<net id="538"><net_src comp="188" pin="0"/><net_sink comp="533" pin=0"/></net>

<net id="539"><net_src comp="70" pin="0"/><net_sink comp="533" pin=1"/></net>

<net id="545"><net_src comp="188" pin="0"/><net_sink comp="540" pin=0"/></net>

<net id="546"><net_src comp="72" pin="0"/><net_sink comp="540" pin=1"/></net>

<net id="552"><net_src comp="188" pin="0"/><net_sink comp="547" pin=0"/></net>

<net id="553"><net_src comp="74" pin="0"/><net_sink comp="547" pin=1"/></net>

<net id="559"><net_src comp="188" pin="0"/><net_sink comp="554" pin=0"/></net>

<net id="560"><net_src comp="76" pin="0"/><net_sink comp="554" pin=1"/></net>

<net id="566"><net_src comp="188" pin="0"/><net_sink comp="561" pin=0"/></net>

<net id="567"><net_src comp="78" pin="0"/><net_sink comp="561" pin=1"/></net>

<net id="573"><net_src comp="188" pin="0"/><net_sink comp="568" pin=0"/></net>

<net id="574"><net_src comp="80" pin="0"/><net_sink comp="568" pin=1"/></net>

<net id="580"><net_src comp="188" pin="0"/><net_sink comp="575" pin=0"/></net>

<net id="581"><net_src comp="82" pin="0"/><net_sink comp="575" pin=1"/></net>

<net id="587"><net_src comp="188" pin="0"/><net_sink comp="582" pin=0"/></net>

<net id="588"><net_src comp="84" pin="0"/><net_sink comp="582" pin=1"/></net>

<net id="594"><net_src comp="188" pin="0"/><net_sink comp="589" pin=0"/></net>

<net id="595"><net_src comp="86" pin="0"/><net_sink comp="589" pin=1"/></net>

<net id="601"><net_src comp="188" pin="0"/><net_sink comp="596" pin=0"/></net>

<net id="602"><net_src comp="88" pin="0"/><net_sink comp="596" pin=1"/></net>

<net id="608"><net_src comp="188" pin="0"/><net_sink comp="603" pin=0"/></net>

<net id="609"><net_src comp="90" pin="0"/><net_sink comp="603" pin=1"/></net>

<net id="615"><net_src comp="188" pin="0"/><net_sink comp="610" pin=0"/></net>

<net id="616"><net_src comp="92" pin="0"/><net_sink comp="610" pin=1"/></net>

<net id="622"><net_src comp="188" pin="0"/><net_sink comp="617" pin=0"/></net>

<net id="623"><net_src comp="94" pin="0"/><net_sink comp="617" pin=1"/></net>

<net id="629"><net_src comp="188" pin="0"/><net_sink comp="624" pin=0"/></net>

<net id="630"><net_src comp="96" pin="0"/><net_sink comp="624" pin=1"/></net>

<net id="636"><net_src comp="188" pin="0"/><net_sink comp="631" pin=0"/></net>

<net id="637"><net_src comp="98" pin="0"/><net_sink comp="631" pin=1"/></net>

<net id="643"><net_src comp="188" pin="0"/><net_sink comp="638" pin=0"/></net>

<net id="644"><net_src comp="100" pin="0"/><net_sink comp="638" pin=1"/></net>

<net id="650"><net_src comp="188" pin="0"/><net_sink comp="645" pin=0"/></net>

<net id="651"><net_src comp="102" pin="0"/><net_sink comp="645" pin=1"/></net>

<net id="657"><net_src comp="188" pin="0"/><net_sink comp="652" pin=0"/></net>

<net id="658"><net_src comp="104" pin="0"/><net_sink comp="652" pin=1"/></net>

<net id="664"><net_src comp="188" pin="0"/><net_sink comp="659" pin=0"/></net>

<net id="665"><net_src comp="106" pin="0"/><net_sink comp="659" pin=1"/></net>

<net id="671"><net_src comp="188" pin="0"/><net_sink comp="666" pin=0"/></net>

<net id="672"><net_src comp="108" pin="0"/><net_sink comp="666" pin=1"/></net>

<net id="678"><net_src comp="188" pin="0"/><net_sink comp="673" pin=0"/></net>

<net id="679"><net_src comp="110" pin="0"/><net_sink comp="673" pin=1"/></net>

<net id="685"><net_src comp="188" pin="0"/><net_sink comp="680" pin=0"/></net>

<net id="686"><net_src comp="112" pin="0"/><net_sink comp="680" pin=1"/></net>

<net id="692"><net_src comp="188" pin="0"/><net_sink comp="687" pin=0"/></net>

<net id="693"><net_src comp="114" pin="0"/><net_sink comp="687" pin=1"/></net>

<net id="699"><net_src comp="188" pin="0"/><net_sink comp="694" pin=0"/></net>

<net id="700"><net_src comp="116" pin="0"/><net_sink comp="694" pin=1"/></net>

<net id="706"><net_src comp="188" pin="0"/><net_sink comp="701" pin=0"/></net>

<net id="707"><net_src comp="118" pin="0"/><net_sink comp="701" pin=1"/></net>

<net id="713"><net_src comp="188" pin="0"/><net_sink comp="708" pin=0"/></net>

<net id="714"><net_src comp="120" pin="0"/><net_sink comp="708" pin=1"/></net>

<net id="720"><net_src comp="188" pin="0"/><net_sink comp="715" pin=0"/></net>

<net id="721"><net_src comp="122" pin="0"/><net_sink comp="715" pin=1"/></net>

<net id="727"><net_src comp="188" pin="0"/><net_sink comp="722" pin=0"/></net>

<net id="728"><net_src comp="124" pin="0"/><net_sink comp="722" pin=1"/></net>

<net id="734"><net_src comp="188" pin="0"/><net_sink comp="729" pin=0"/></net>

<net id="735"><net_src comp="126" pin="0"/><net_sink comp="729" pin=1"/></net>

<net id="741"><net_src comp="188" pin="0"/><net_sink comp="736" pin=0"/></net>

<net id="742"><net_src comp="128" pin="0"/><net_sink comp="736" pin=1"/></net>

<net id="748"><net_src comp="188" pin="0"/><net_sink comp="743" pin=0"/></net>

<net id="749"><net_src comp="130" pin="0"/><net_sink comp="743" pin=1"/></net>

<net id="755"><net_src comp="190" pin="0"/><net_sink comp="750" pin=0"/></net>

<net id="756"><net_src comp="132" pin="0"/><net_sink comp="750" pin=1"/></net>

<net id="762"><net_src comp="66" pin="0"/><net_sink comp="757" pin=0"/></net>

<net id="763"><net_src comp="160" pin="0"/><net_sink comp="757" pin=1"/></net>

<net id="769"><net_src comp="757" pin="3"/><net_sink comp="764" pin=0"/></net>

<net id="774"><net_src comp="520" pin="2"/><net_sink comp="770" pin=0"/></net>

<net id="779"><net_src comp="514" pin="2"/><net_sink comp="775" pin=0"/></net>

<net id="784"><net_src comp="508" pin="2"/><net_sink comp="780" pin=0"/></net>

<net id="789"><net_src comp="502" pin="2"/><net_sink comp="785" pin=0"/></net>

<net id="794"><net_src comp="496" pin="2"/><net_sink comp="790" pin=0"/></net>

<net id="799"><net_src comp="490" pin="2"/><net_sink comp="795" pin=0"/></net>

<net id="804"><net_src comp="484" pin="2"/><net_sink comp="800" pin=0"/></net>

<net id="809"><net_src comp="478" pin="2"/><net_sink comp="805" pin=0"/></net>

<net id="814"><net_src comp="472" pin="2"/><net_sink comp="810" pin=0"/></net>

<net id="819"><net_src comp="466" pin="2"/><net_sink comp="815" pin=0"/></net>

<net id="824"><net_src comp="460" pin="2"/><net_sink comp="820" pin=0"/></net>

<net id="829"><net_src comp="454" pin="2"/><net_sink comp="825" pin=0"/></net>

<net id="834"><net_src comp="448" pin="2"/><net_sink comp="830" pin=0"/></net>

<net id="839"><net_src comp="442" pin="2"/><net_sink comp="835" pin=0"/></net>

<net id="844"><net_src comp="436" pin="2"/><net_sink comp="840" pin=0"/></net>

<net id="849"><net_src comp="430" pin="2"/><net_sink comp="845" pin=0"/></net>

<net id="854"><net_src comp="424" pin="2"/><net_sink comp="850" pin=0"/></net>

<net id="859"><net_src comp="418" pin="2"/><net_sink comp="855" pin=0"/></net>

<net id="864"><net_src comp="412" pin="2"/><net_sink comp="860" pin=0"/></net>

<net id="869"><net_src comp="406" pin="2"/><net_sink comp="865" pin=0"/></net>

<net id="874"><net_src comp="400" pin="2"/><net_sink comp="870" pin=0"/></net>

<net id="879"><net_src comp="394" pin="2"/><net_sink comp="875" pin=0"/></net>

<net id="884"><net_src comp="388" pin="2"/><net_sink comp="880" pin=0"/></net>

<net id="889"><net_src comp="382" pin="2"/><net_sink comp="885" pin=0"/></net>

<net id="894"><net_src comp="376" pin="2"/><net_sink comp="890" pin=0"/></net>

<net id="899"><net_src comp="370" pin="2"/><net_sink comp="895" pin=0"/></net>

<net id="904"><net_src comp="364" pin="2"/><net_sink comp="900" pin=0"/></net>

<net id="909"><net_src comp="358" pin="2"/><net_sink comp="905" pin=0"/></net>

<net id="914"><net_src comp="352" pin="2"/><net_sink comp="910" pin=0"/></net>

<net id="919"><net_src comp="346" pin="2"/><net_sink comp="915" pin=0"/></net>

<net id="924"><net_src comp="340" pin="2"/><net_sink comp="920" pin=0"/></net>

<net id="929"><net_src comp="334" pin="2"/><net_sink comp="925" pin=0"/></net>

<net id="934"><net_src comp="150" pin="0"/><net_sink comp="930" pin=0"/></net>

<net id="939"><net_src comp="152" pin="0"/><net_sink comp="935" pin=0"/></net>

<net id="947"><net_src comp="940" pin="1"/><net_sink comp="943" pin=0"/></net>

<net id="948"><net_src comp="154" pin="0"/><net_sink comp="943" pin=1"/></net>

<net id="953"><net_src comp="940" pin="1"/><net_sink comp="949" pin=0"/></net>

<net id="954"><net_src comp="156" pin="0"/><net_sink comp="949" pin=1"/></net>

<net id="958"><net_src comp="940" pin="1"/><net_sink comp="955" pin=0"/></net>

<net id="964"><net_src comp="158" pin="0"/><net_sink comp="959" pin=0"/></net>

<net id="965"><net_src comp="328" pin="2"/><net_sink comp="959" pin=1"/></net>

<net id="966"><net_src comp="955" pin="1"/><net_sink comp="959" pin=2"/></net>

<net id="970"><net_src comp="959" pin="3"/><net_sink comp="967" pin=0"/></net>

<net id="971"><net_src comp="967" pin="1"/><net_sink comp="757" pin=2"/></net>

<net id="976"><net_src comp="949" pin="2"/><net_sink comp="972" pin=0"/></net>

<net id="980"><net_src comp="764" pin="3"/><net_sink comp="977" pin=0"/></net>

<net id="987"><net_src comp="166" pin="0"/><net_sink comp="981" pin=0"/></net>

<net id="988"><net_src comp="764" pin="3"/><net_sink comp="981" pin=1"/></net>

<net id="989"><net_src comp="168" pin="0"/><net_sink comp="981" pin=2"/></net>

<net id="990"><net_src comp="170" pin="0"/><net_sink comp="981" pin=3"/></net>

<net id="997"><net_src comp="166" pin="0"/><net_sink comp="991" pin=0"/></net>

<net id="998"><net_src comp="764" pin="3"/><net_sink comp="991" pin=1"/></net>

<net id="999"><net_src comp="172" pin="0"/><net_sink comp="991" pin=2"/></net>

<net id="1000"><net_src comp="174" pin="0"/><net_sink comp="991" pin=3"/></net>

<net id="1007"><net_src comp="166" pin="0"/><net_sink comp="1001" pin=0"/></net>

<net id="1008"><net_src comp="764" pin="3"/><net_sink comp="1001" pin=1"/></net>

<net id="1009"><net_src comp="176" pin="0"/><net_sink comp="1001" pin=2"/></net>

<net id="1010"><net_src comp="178" pin="0"/><net_sink comp="1001" pin=3"/></net>

<net id="1040"><net_src comp="977" pin="1"/><net_sink comp="1035" pin=1"/></net>

<net id="1041"><net_src comp="1017" pin="1"/><net_sink comp="1035" pin=2"/></net>

<net id="1047"><net_src comp="1011" pin="1"/><net_sink comp="1042" pin=1"/></net>

<net id="1048"><net_src comp="977" pin="1"/><net_sink comp="1042" pin=2"/></net>

<net id="1054"><net_src comp="981" pin="4"/><net_sink comp="1049" pin=1"/></net>

<net id="1055"><net_src comp="1020" pin="1"/><net_sink comp="1049" pin=2"/></net>

<net id="1061"><net_src comp="1014" pin="1"/><net_sink comp="1056" pin=1"/></net>

<net id="1062"><net_src comp="981" pin="4"/><net_sink comp="1056" pin=2"/></net>

<net id="1068"><net_src comp="991" pin="4"/><net_sink comp="1063" pin=1"/></net>

<net id="1069"><net_src comp="1029" pin="1"/><net_sink comp="1063" pin=2"/></net>

<net id="1075"><net_src comp="1023" pin="1"/><net_sink comp="1070" pin=1"/></net>

<net id="1076"><net_src comp="991" pin="4"/><net_sink comp="1070" pin=2"/></net>

<net id="1082"><net_src comp="1001" pin="4"/><net_sink comp="1077" pin=1"/></net>

<net id="1083"><net_src comp="1032" pin="1"/><net_sink comp="1077" pin=2"/></net>

<net id="1089"><net_src comp="1026" pin="1"/><net_sink comp="1084" pin=1"/></net>

<net id="1090"><net_src comp="1001" pin="4"/><net_sink comp="1084" pin=2"/></net>

<net id="1095"><net_src comp="1077" pin="3"/><net_sink comp="1091" pin=0"/></net>

<net id="1100"><net_src comp="1063" pin="3"/><net_sink comp="1096" pin=0"/></net>

<net id="1105"><net_src comp="1084" pin="3"/><net_sink comp="1101" pin=0"/></net>

<net id="1110"><net_src comp="1070" pin="3"/><net_sink comp="1106" pin=0"/></net>

<net id="1115"><net_src comp="1049" pin="3"/><net_sink comp="1111" pin=0"/></net>

<net id="1120"><net_src comp="1035" pin="3"/><net_sink comp="1116" pin=0"/></net>

<net id="1125"><net_src comp="1056" pin="3"/><net_sink comp="1121" pin=0"/></net>

<net id="1130"><net_src comp="1042" pin="3"/><net_sink comp="1126" pin=0"/></net>

<net id="1160"><net_src comp="977" pin="1"/><net_sink comp="1155" pin=1"/></net>

<net id="1161"><net_src comp="1137" pin="1"/><net_sink comp="1155" pin=2"/></net>

<net id="1167"><net_src comp="1131" pin="1"/><net_sink comp="1162" pin=1"/></net>

<net id="1168"><net_src comp="977" pin="1"/><net_sink comp="1162" pin=2"/></net>

<net id="1174"><net_src comp="981" pin="4"/><net_sink comp="1169" pin=1"/></net>

<net id="1175"><net_src comp="1140" pin="1"/><net_sink comp="1169" pin=2"/></net>

<net id="1181"><net_src comp="1134" pin="1"/><net_sink comp="1176" pin=1"/></net>

<net id="1182"><net_src comp="981" pin="4"/><net_sink comp="1176" pin=2"/></net>

<net id="1188"><net_src comp="991" pin="4"/><net_sink comp="1183" pin=1"/></net>

<net id="1189"><net_src comp="1149" pin="1"/><net_sink comp="1183" pin=2"/></net>

<net id="1195"><net_src comp="1143" pin="1"/><net_sink comp="1190" pin=1"/></net>

<net id="1196"><net_src comp="991" pin="4"/><net_sink comp="1190" pin=2"/></net>

<net id="1202"><net_src comp="1001" pin="4"/><net_sink comp="1197" pin=1"/></net>

<net id="1203"><net_src comp="1152" pin="1"/><net_sink comp="1197" pin=2"/></net>

<net id="1209"><net_src comp="1146" pin="1"/><net_sink comp="1204" pin=1"/></net>

<net id="1210"><net_src comp="1001" pin="4"/><net_sink comp="1204" pin=2"/></net>

<net id="1215"><net_src comp="1197" pin="3"/><net_sink comp="1211" pin=0"/></net>

<net id="1220"><net_src comp="1183" pin="3"/><net_sink comp="1216" pin=0"/></net>

<net id="1225"><net_src comp="1204" pin="3"/><net_sink comp="1221" pin=0"/></net>

<net id="1230"><net_src comp="1190" pin="3"/><net_sink comp="1226" pin=0"/></net>

<net id="1235"><net_src comp="1169" pin="3"/><net_sink comp="1231" pin=0"/></net>

<net id="1240"><net_src comp="1155" pin="3"/><net_sink comp="1236" pin=0"/></net>

<net id="1245"><net_src comp="1176" pin="3"/><net_sink comp="1241" pin=0"/></net>

<net id="1250"><net_src comp="1162" pin="3"/><net_sink comp="1246" pin=0"/></net>

<net id="1280"><net_src comp="977" pin="1"/><net_sink comp="1275" pin=1"/></net>

<net id="1281"><net_src comp="1257" pin="1"/><net_sink comp="1275" pin=2"/></net>

<net id="1287"><net_src comp="1251" pin="1"/><net_sink comp="1282" pin=1"/></net>

<net id="1288"><net_src comp="977" pin="1"/><net_sink comp="1282" pin=2"/></net>

<net id="1294"><net_src comp="981" pin="4"/><net_sink comp="1289" pin=1"/></net>

<net id="1295"><net_src comp="1260" pin="1"/><net_sink comp="1289" pin=2"/></net>

<net id="1301"><net_src comp="1254" pin="1"/><net_sink comp="1296" pin=1"/></net>

<net id="1302"><net_src comp="981" pin="4"/><net_sink comp="1296" pin=2"/></net>

<net id="1308"><net_src comp="991" pin="4"/><net_sink comp="1303" pin=1"/></net>

<net id="1309"><net_src comp="1269" pin="1"/><net_sink comp="1303" pin=2"/></net>

<net id="1315"><net_src comp="1263" pin="1"/><net_sink comp="1310" pin=1"/></net>

<net id="1316"><net_src comp="991" pin="4"/><net_sink comp="1310" pin=2"/></net>

<net id="1322"><net_src comp="1001" pin="4"/><net_sink comp="1317" pin=1"/></net>

<net id="1323"><net_src comp="1272" pin="1"/><net_sink comp="1317" pin=2"/></net>

<net id="1329"><net_src comp="1266" pin="1"/><net_sink comp="1324" pin=1"/></net>

<net id="1330"><net_src comp="1001" pin="4"/><net_sink comp="1324" pin=2"/></net>

<net id="1335"><net_src comp="1317" pin="3"/><net_sink comp="1331" pin=0"/></net>

<net id="1340"><net_src comp="1303" pin="3"/><net_sink comp="1336" pin=0"/></net>

<net id="1345"><net_src comp="1324" pin="3"/><net_sink comp="1341" pin=0"/></net>

<net id="1350"><net_src comp="1310" pin="3"/><net_sink comp="1346" pin=0"/></net>

<net id="1355"><net_src comp="1289" pin="3"/><net_sink comp="1351" pin=0"/></net>

<net id="1360"><net_src comp="1275" pin="3"/><net_sink comp="1356" pin=0"/></net>

<net id="1365"><net_src comp="1296" pin="3"/><net_sink comp="1361" pin=0"/></net>

<net id="1370"><net_src comp="1282" pin="3"/><net_sink comp="1366" pin=0"/></net>

<net id="1400"><net_src comp="977" pin="1"/><net_sink comp="1395" pin=1"/></net>

<net id="1401"><net_src comp="1377" pin="1"/><net_sink comp="1395" pin=2"/></net>

<net id="1407"><net_src comp="1371" pin="1"/><net_sink comp="1402" pin=1"/></net>

<net id="1408"><net_src comp="977" pin="1"/><net_sink comp="1402" pin=2"/></net>

<net id="1414"><net_src comp="981" pin="4"/><net_sink comp="1409" pin=1"/></net>

<net id="1415"><net_src comp="1380" pin="1"/><net_sink comp="1409" pin=2"/></net>

<net id="1421"><net_src comp="1374" pin="1"/><net_sink comp="1416" pin=1"/></net>

<net id="1422"><net_src comp="981" pin="4"/><net_sink comp="1416" pin=2"/></net>

<net id="1428"><net_src comp="991" pin="4"/><net_sink comp="1423" pin=1"/></net>

<net id="1429"><net_src comp="1389" pin="1"/><net_sink comp="1423" pin=2"/></net>

<net id="1435"><net_src comp="1383" pin="1"/><net_sink comp="1430" pin=1"/></net>

<net id="1436"><net_src comp="991" pin="4"/><net_sink comp="1430" pin=2"/></net>

<net id="1442"><net_src comp="1001" pin="4"/><net_sink comp="1437" pin=1"/></net>

<net id="1443"><net_src comp="1392" pin="1"/><net_sink comp="1437" pin=2"/></net>

<net id="1449"><net_src comp="1386" pin="1"/><net_sink comp="1444" pin=1"/></net>

<net id="1450"><net_src comp="1001" pin="4"/><net_sink comp="1444" pin=2"/></net>

<net id="1455"><net_src comp="1437" pin="3"/><net_sink comp="1451" pin=0"/></net>

<net id="1460"><net_src comp="1423" pin="3"/><net_sink comp="1456" pin=0"/></net>

<net id="1465"><net_src comp="1444" pin="3"/><net_sink comp="1461" pin=0"/></net>

<net id="1470"><net_src comp="1430" pin="3"/><net_sink comp="1466" pin=0"/></net>

<net id="1475"><net_src comp="1409" pin="3"/><net_sink comp="1471" pin=0"/></net>

<net id="1480"><net_src comp="1395" pin="3"/><net_sink comp="1476" pin=0"/></net>

<net id="1485"><net_src comp="1416" pin="3"/><net_sink comp="1481" pin=0"/></net>

<net id="1490"><net_src comp="1402" pin="3"/><net_sink comp="1486" pin=0"/></net>

<net id="1494"><net_src comp="981" pin="4"/><net_sink comp="1491" pin=0"/></net>

<net id="1498"><net_src comp="1001" pin="4"/><net_sink comp="1495" pin=0"/></net>

<net id="1514"><net_src comp="1508" pin="1"/><net_sink comp="1511" pin=0"/></net>

<net id="1515"><net_src comp="1511" pin="1"/><net_sink comp="750" pin=2"/></net>

<net id="1523"><net_src comp="1516" pin="1"/><net_sink comp="1519" pin=0"/></net>

<net id="1524"><net_src comp="1508" pin="1"/><net_sink comp="1519" pin=1"/></net>

<net id="1529"><net_src comp="1519" pin="2"/><net_sink comp="1525" pin=0"/></net>

<net id="1533"><net_src comp="1530" pin="1"/><net_sink comp="743" pin=2"/></net>

<net id="1537"><net_src comp="1534" pin="1"/><net_sink comp="736" pin=2"/></net>

<net id="1541"><net_src comp="1538" pin="1"/><net_sink comp="729" pin=2"/></net>

<net id="1545"><net_src comp="1542" pin="1"/><net_sink comp="722" pin=2"/></net>

<net id="1549"><net_src comp="1546" pin="1"/><net_sink comp="715" pin=2"/></net>

<net id="1553"><net_src comp="1550" pin="1"/><net_sink comp="708" pin=2"/></net>

<net id="1557"><net_src comp="1554" pin="1"/><net_sink comp="701" pin=2"/></net>

<net id="1561"><net_src comp="1558" pin="1"/><net_sink comp="694" pin=2"/></net>

<net id="1565"><net_src comp="1562" pin="1"/><net_sink comp="687" pin=2"/></net>

<net id="1569"><net_src comp="1566" pin="1"/><net_sink comp="680" pin=2"/></net>

<net id="1573"><net_src comp="1570" pin="1"/><net_sink comp="673" pin=2"/></net>

<net id="1577"><net_src comp="1574" pin="1"/><net_sink comp="666" pin=2"/></net>

<net id="1581"><net_src comp="1578" pin="1"/><net_sink comp="659" pin=2"/></net>

<net id="1585"><net_src comp="1582" pin="1"/><net_sink comp="652" pin=2"/></net>

<net id="1589"><net_src comp="1586" pin="1"/><net_sink comp="645" pin=2"/></net>

<net id="1593"><net_src comp="1590" pin="1"/><net_sink comp="638" pin=2"/></net>

<net id="1597"><net_src comp="1594" pin="1"/><net_sink comp="631" pin=2"/></net>

<net id="1601"><net_src comp="1598" pin="1"/><net_sink comp="624" pin=2"/></net>

<net id="1605"><net_src comp="1602" pin="1"/><net_sink comp="617" pin=2"/></net>

<net id="1609"><net_src comp="1606" pin="1"/><net_sink comp="610" pin=2"/></net>

<net id="1613"><net_src comp="1610" pin="1"/><net_sink comp="603" pin=2"/></net>

<net id="1617"><net_src comp="1614" pin="1"/><net_sink comp="596" pin=2"/></net>

<net id="1621"><net_src comp="1618" pin="1"/><net_sink comp="589" pin=2"/></net>

<net id="1625"><net_src comp="1622" pin="1"/><net_sink comp="582" pin=2"/></net>

<net id="1629"><net_src comp="1626" pin="1"/><net_sink comp="575" pin=2"/></net>

<net id="1633"><net_src comp="1630" pin="1"/><net_sink comp="568" pin=2"/></net>

<net id="1637"><net_src comp="1634" pin="1"/><net_sink comp="561" pin=2"/></net>

<net id="1641"><net_src comp="1638" pin="1"/><net_sink comp="554" pin=2"/></net>

<net id="1645"><net_src comp="1642" pin="1"/><net_sink comp="547" pin=2"/></net>

<net id="1649"><net_src comp="1646" pin="1"/><net_sink comp="540" pin=2"/></net>

<net id="1653"><net_src comp="1650" pin="1"/><net_sink comp="533" pin=2"/></net>

<net id="1657"><net_src comp="1654" pin="1"/><net_sink comp="526" pin=2"/></net>

<net id="1662"><net_src comp="1495" pin="1"/><net_sink comp="1658" pin=0"/></net>

<net id="1663"><net_src comp="1491" pin="1"/><net_sink comp="1658" pin=1"/></net>

<net id="1664"><net_src comp="1658" pin="2"/><net_sink comp="1505" pin=0"/></net>

<net id="1670"><net_src comp="1502" pin="1"/><net_sink comp="1665" pin=0"/></net>

<net id="1671"><net_src comp="1499" pin="1"/><net_sink comp="1665" pin=1"/></net>

<net id="1672"><net_src comp="1505" pin="1"/><net_sink comp="1665" pin=2"/></net>

<net id="1673"><net_src comp="1665" pin="3"/><net_sink comp="1516" pin=0"/></net>

<net id="1677"><net_src comp="192" pin="1"/><net_sink comp="1674" pin=0"/></net>

<net id="1678"><net_src comp="1674" pin="1"/><net_sink comp="935" pin=1"/></net>

<net id="1679"><net_src comp="1674" pin="1"/><net_sink comp="1508" pin=0"/></net>

<net id="1680"><net_src comp="1674" pin="1"/><net_sink comp="1525" pin=1"/></net>

<net id="1684"><net_src comp="196" pin="1"/><net_sink comp="1681" pin=0"/></net>

<net id="1685"><net_src comp="1681" pin="1"/><net_sink comp="930" pin=1"/></net>

<net id="1686"><net_src comp="1681" pin="1"/><net_sink comp="940" pin=0"/></net>

<net id="1687"><net_src comp="1681" pin="1"/><net_sink comp="972" pin=1"/></net>

<net id="1691"><net_src comp="200" pin="1"/><net_sink comp="1688" pin=0"/></net>

<net id="1692"><net_src comp="1688" pin="1"/><net_sink comp="925" pin=1"/></net>

<net id="1693"><net_src comp="1688" pin="1"/><net_sink comp="1251" pin=0"/></net>

<net id="1694"><net_src comp="1688" pin="1"/><net_sink comp="1366" pin=1"/></net>

<net id="1695"><net_src comp="1688" pin="1"/><net_sink comp="1530" pin=0"/></net>

<net id="1699"><net_src comp="204" pin="1"/><net_sink comp="1696" pin=0"/></net>

<net id="1700"><net_src comp="1696" pin="1"/><net_sink comp="920" pin=1"/></net>

<net id="1701"><net_src comp="1696" pin="1"/><net_sink comp="1254" pin=0"/></net>

<net id="1702"><net_src comp="1696" pin="1"/><net_sink comp="1361" pin=1"/></net>

<net id="1703"><net_src comp="1696" pin="1"/><net_sink comp="1534" pin=0"/></net>

<net id="1707"><net_src comp="208" pin="1"/><net_sink comp="1704" pin=0"/></net>

<net id="1708"><net_src comp="1704" pin="1"/><net_sink comp="915" pin=1"/></net>

<net id="1709"><net_src comp="1704" pin="1"/><net_sink comp="1257" pin=0"/></net>

<net id="1710"><net_src comp="1704" pin="1"/><net_sink comp="1356" pin=1"/></net>

<net id="1711"><net_src comp="1704" pin="1"/><net_sink comp="1538" pin=0"/></net>

<net id="1715"><net_src comp="212" pin="1"/><net_sink comp="1712" pin=0"/></net>

<net id="1716"><net_src comp="1712" pin="1"/><net_sink comp="910" pin=1"/></net>

<net id="1717"><net_src comp="1712" pin="1"/><net_sink comp="1260" pin=0"/></net>

<net id="1718"><net_src comp="1712" pin="1"/><net_sink comp="1351" pin=1"/></net>

<net id="1719"><net_src comp="1712" pin="1"/><net_sink comp="1542" pin=0"/></net>

<net id="1723"><net_src comp="216" pin="1"/><net_sink comp="1720" pin=0"/></net>

<net id="1724"><net_src comp="1720" pin="1"/><net_sink comp="905" pin=1"/></net>

<net id="1725"><net_src comp="1720" pin="1"/><net_sink comp="1263" pin=0"/></net>

<net id="1726"><net_src comp="1720" pin="1"/><net_sink comp="1346" pin=1"/></net>

<net id="1727"><net_src comp="1720" pin="1"/><net_sink comp="1546" pin=0"/></net>

<net id="1731"><net_src comp="220" pin="1"/><net_sink comp="1728" pin=0"/></net>

<net id="1732"><net_src comp="1728" pin="1"/><net_sink comp="900" pin=1"/></net>

<net id="1733"><net_src comp="1728" pin="1"/><net_sink comp="1266" pin=0"/></net>

<net id="1734"><net_src comp="1728" pin="1"/><net_sink comp="1341" pin=1"/></net>

<net id="1735"><net_src comp="1728" pin="1"/><net_sink comp="1550" pin=0"/></net>

<net id="1739"><net_src comp="224" pin="1"/><net_sink comp="1736" pin=0"/></net>

<net id="1740"><net_src comp="1736" pin="1"/><net_sink comp="895" pin=1"/></net>

<net id="1741"><net_src comp="1736" pin="1"/><net_sink comp="1269" pin=0"/></net>

<net id="1742"><net_src comp="1736" pin="1"/><net_sink comp="1336" pin=1"/></net>

<net id="1743"><net_src comp="1736" pin="1"/><net_sink comp="1554" pin=0"/></net>

<net id="1747"><net_src comp="228" pin="1"/><net_sink comp="1744" pin=0"/></net>

<net id="1748"><net_src comp="1744" pin="1"/><net_sink comp="890" pin=1"/></net>

<net id="1749"><net_src comp="1744" pin="1"/><net_sink comp="1272" pin=0"/></net>

<net id="1750"><net_src comp="1744" pin="1"/><net_sink comp="1331" pin=1"/></net>

<net id="1751"><net_src comp="1744" pin="1"/><net_sink comp="1558" pin=0"/></net>

<net id="1755"><net_src comp="232" pin="1"/><net_sink comp="1752" pin=0"/></net>

<net id="1756"><net_src comp="1752" pin="1"/><net_sink comp="885" pin=1"/></net>

<net id="1757"><net_src comp="1752" pin="1"/><net_sink comp="1131" pin=0"/></net>

<net id="1758"><net_src comp="1752" pin="1"/><net_sink comp="1246" pin=1"/></net>

<net id="1759"><net_src comp="1752" pin="1"/><net_sink comp="1562" pin=0"/></net>

<net id="1763"><net_src comp="236" pin="1"/><net_sink comp="1760" pin=0"/></net>

<net id="1764"><net_src comp="1760" pin="1"/><net_sink comp="880" pin=1"/></net>

<net id="1765"><net_src comp="1760" pin="1"/><net_sink comp="1134" pin=0"/></net>

<net id="1766"><net_src comp="1760" pin="1"/><net_sink comp="1241" pin=1"/></net>

<net id="1767"><net_src comp="1760" pin="1"/><net_sink comp="1566" pin=0"/></net>

<net id="1771"><net_src comp="240" pin="1"/><net_sink comp="1768" pin=0"/></net>

<net id="1772"><net_src comp="1768" pin="1"/><net_sink comp="875" pin=1"/></net>

<net id="1773"><net_src comp="1768" pin="1"/><net_sink comp="1137" pin=0"/></net>

<net id="1774"><net_src comp="1768" pin="1"/><net_sink comp="1236" pin=1"/></net>

<net id="1775"><net_src comp="1768" pin="1"/><net_sink comp="1570" pin=0"/></net>

<net id="1779"><net_src comp="244" pin="1"/><net_sink comp="1776" pin=0"/></net>

<net id="1780"><net_src comp="1776" pin="1"/><net_sink comp="870" pin=1"/></net>

<net id="1781"><net_src comp="1776" pin="1"/><net_sink comp="1140" pin=0"/></net>

<net id="1782"><net_src comp="1776" pin="1"/><net_sink comp="1231" pin=1"/></net>

<net id="1783"><net_src comp="1776" pin="1"/><net_sink comp="1574" pin=0"/></net>

<net id="1787"><net_src comp="248" pin="1"/><net_sink comp="1784" pin=0"/></net>

<net id="1788"><net_src comp="1784" pin="1"/><net_sink comp="865" pin=1"/></net>

<net id="1789"><net_src comp="1784" pin="1"/><net_sink comp="1143" pin=0"/></net>

<net id="1790"><net_src comp="1784" pin="1"/><net_sink comp="1226" pin=1"/></net>

<net id="1791"><net_src comp="1784" pin="1"/><net_sink comp="1578" pin=0"/></net>

<net id="1795"><net_src comp="252" pin="1"/><net_sink comp="1792" pin=0"/></net>

<net id="1796"><net_src comp="1792" pin="1"/><net_sink comp="860" pin=1"/></net>

<net id="1797"><net_src comp="1792" pin="1"/><net_sink comp="1146" pin=0"/></net>

<net id="1798"><net_src comp="1792" pin="1"/><net_sink comp="1221" pin=1"/></net>

<net id="1799"><net_src comp="1792" pin="1"/><net_sink comp="1582" pin=0"/></net>

<net id="1803"><net_src comp="256" pin="1"/><net_sink comp="1800" pin=0"/></net>

<net id="1804"><net_src comp="1800" pin="1"/><net_sink comp="855" pin=1"/></net>

<net id="1805"><net_src comp="1800" pin="1"/><net_sink comp="1149" pin=0"/></net>

<net id="1806"><net_src comp="1800" pin="1"/><net_sink comp="1216" pin=1"/></net>

<net id="1807"><net_src comp="1800" pin="1"/><net_sink comp="1586" pin=0"/></net>

<net id="1811"><net_src comp="260" pin="1"/><net_sink comp="1808" pin=0"/></net>

<net id="1812"><net_src comp="1808" pin="1"/><net_sink comp="850" pin=1"/></net>

<net id="1813"><net_src comp="1808" pin="1"/><net_sink comp="1152" pin=0"/></net>

<net id="1814"><net_src comp="1808" pin="1"/><net_sink comp="1211" pin=1"/></net>

<net id="1815"><net_src comp="1808" pin="1"/><net_sink comp="1590" pin=0"/></net>

<net id="1819"><net_src comp="264" pin="1"/><net_sink comp="1816" pin=0"/></net>

<net id="1820"><net_src comp="1816" pin="1"/><net_sink comp="845" pin=1"/></net>

<net id="1821"><net_src comp="1816" pin="1"/><net_sink comp="1011" pin=0"/></net>

<net id="1822"><net_src comp="1816" pin="1"/><net_sink comp="1126" pin=1"/></net>

<net id="1823"><net_src comp="1816" pin="1"/><net_sink comp="1594" pin=0"/></net>

<net id="1827"><net_src comp="268" pin="1"/><net_sink comp="1824" pin=0"/></net>

<net id="1828"><net_src comp="1824" pin="1"/><net_sink comp="840" pin=1"/></net>

<net id="1829"><net_src comp="1824" pin="1"/><net_sink comp="1014" pin=0"/></net>

<net id="1830"><net_src comp="1824" pin="1"/><net_sink comp="1121" pin=1"/></net>

<net id="1831"><net_src comp="1824" pin="1"/><net_sink comp="1598" pin=0"/></net>

<net id="1835"><net_src comp="272" pin="1"/><net_sink comp="1832" pin=0"/></net>

<net id="1836"><net_src comp="1832" pin="1"/><net_sink comp="835" pin=1"/></net>

<net id="1837"><net_src comp="1832" pin="1"/><net_sink comp="1017" pin=0"/></net>

<net id="1838"><net_src comp="1832" pin="1"/><net_sink comp="1116" pin=1"/></net>

<net id="1839"><net_src comp="1832" pin="1"/><net_sink comp="1602" pin=0"/></net>

<net id="1843"><net_src comp="276" pin="1"/><net_sink comp="1840" pin=0"/></net>

<net id="1844"><net_src comp="1840" pin="1"/><net_sink comp="830" pin=1"/></net>

<net id="1845"><net_src comp="1840" pin="1"/><net_sink comp="1020" pin=0"/></net>

<net id="1846"><net_src comp="1840" pin="1"/><net_sink comp="1111" pin=1"/></net>

<net id="1847"><net_src comp="1840" pin="1"/><net_sink comp="1606" pin=0"/></net>

<net id="1851"><net_src comp="280" pin="1"/><net_sink comp="1848" pin=0"/></net>

<net id="1852"><net_src comp="1848" pin="1"/><net_sink comp="825" pin=1"/></net>

<net id="1853"><net_src comp="1848" pin="1"/><net_sink comp="1023" pin=0"/></net>

<net id="1854"><net_src comp="1848" pin="1"/><net_sink comp="1106" pin=1"/></net>

<net id="1855"><net_src comp="1848" pin="1"/><net_sink comp="1610" pin=0"/></net>

<net id="1859"><net_src comp="284" pin="1"/><net_sink comp="1856" pin=0"/></net>

<net id="1860"><net_src comp="1856" pin="1"/><net_sink comp="820" pin=1"/></net>

<net id="1861"><net_src comp="1856" pin="1"/><net_sink comp="1026" pin=0"/></net>

<net id="1862"><net_src comp="1856" pin="1"/><net_sink comp="1101" pin=1"/></net>

<net id="1863"><net_src comp="1856" pin="1"/><net_sink comp="1614" pin=0"/></net>

<net id="1867"><net_src comp="288" pin="1"/><net_sink comp="1864" pin=0"/></net>

<net id="1868"><net_src comp="1864" pin="1"/><net_sink comp="815" pin=1"/></net>

<net id="1869"><net_src comp="1864" pin="1"/><net_sink comp="1029" pin=0"/></net>

<net id="1870"><net_src comp="1864" pin="1"/><net_sink comp="1096" pin=1"/></net>

<net id="1871"><net_src comp="1864" pin="1"/><net_sink comp="1618" pin=0"/></net>

<net id="1875"><net_src comp="292" pin="1"/><net_sink comp="1872" pin=0"/></net>

<net id="1876"><net_src comp="1872" pin="1"/><net_sink comp="810" pin=1"/></net>

<net id="1877"><net_src comp="1872" pin="1"/><net_sink comp="1032" pin=0"/></net>

<net id="1878"><net_src comp="1872" pin="1"/><net_sink comp="1091" pin=1"/></net>

<net id="1879"><net_src comp="1872" pin="1"/><net_sink comp="1622" pin=0"/></net>

<net id="1883"><net_src comp="296" pin="1"/><net_sink comp="1880" pin=0"/></net>

<net id="1884"><net_src comp="1880" pin="1"/><net_sink comp="805" pin=1"/></net>

<net id="1885"><net_src comp="1880" pin="1"/><net_sink comp="1371" pin=0"/></net>

<net id="1886"><net_src comp="1880" pin="1"/><net_sink comp="1486" pin=1"/></net>

<net id="1887"><net_src comp="1880" pin="1"/><net_sink comp="1626" pin=0"/></net>

<net id="1891"><net_src comp="300" pin="1"/><net_sink comp="1888" pin=0"/></net>

<net id="1892"><net_src comp="1888" pin="1"/><net_sink comp="800" pin=1"/></net>

<net id="1893"><net_src comp="1888" pin="1"/><net_sink comp="1374" pin=0"/></net>

<net id="1894"><net_src comp="1888" pin="1"/><net_sink comp="1481" pin=1"/></net>

<net id="1895"><net_src comp="1888" pin="1"/><net_sink comp="1630" pin=0"/></net>

<net id="1899"><net_src comp="304" pin="1"/><net_sink comp="1896" pin=0"/></net>

<net id="1900"><net_src comp="1896" pin="1"/><net_sink comp="795" pin=1"/></net>

<net id="1901"><net_src comp="1896" pin="1"/><net_sink comp="1377" pin=0"/></net>

<net id="1902"><net_src comp="1896" pin="1"/><net_sink comp="1476" pin=1"/></net>

<net id="1903"><net_src comp="1896" pin="1"/><net_sink comp="1634" pin=0"/></net>

<net id="1907"><net_src comp="308" pin="1"/><net_sink comp="1904" pin=0"/></net>

<net id="1908"><net_src comp="1904" pin="1"/><net_sink comp="790" pin=1"/></net>

<net id="1909"><net_src comp="1904" pin="1"/><net_sink comp="1380" pin=0"/></net>

<net id="1910"><net_src comp="1904" pin="1"/><net_sink comp="1471" pin=1"/></net>

<net id="1911"><net_src comp="1904" pin="1"/><net_sink comp="1638" pin=0"/></net>

<net id="1915"><net_src comp="312" pin="1"/><net_sink comp="1912" pin=0"/></net>

<net id="1916"><net_src comp="1912" pin="1"/><net_sink comp="785" pin=1"/></net>

<net id="1917"><net_src comp="1912" pin="1"/><net_sink comp="1383" pin=0"/></net>

<net id="1918"><net_src comp="1912" pin="1"/><net_sink comp="1466" pin=1"/></net>

<net id="1919"><net_src comp="1912" pin="1"/><net_sink comp="1642" pin=0"/></net>

<net id="1923"><net_src comp="316" pin="1"/><net_sink comp="1920" pin=0"/></net>

<net id="1924"><net_src comp="1920" pin="1"/><net_sink comp="780" pin=1"/></net>

<net id="1925"><net_src comp="1920" pin="1"/><net_sink comp="1386" pin=0"/></net>

<net id="1926"><net_src comp="1920" pin="1"/><net_sink comp="1461" pin=1"/></net>

<net id="1927"><net_src comp="1920" pin="1"/><net_sink comp="1646" pin=0"/></net>

<net id="1931"><net_src comp="320" pin="1"/><net_sink comp="1928" pin=0"/></net>

<net id="1932"><net_src comp="1928" pin="1"/><net_sink comp="775" pin=1"/></net>

<net id="1933"><net_src comp="1928" pin="1"/><net_sink comp="1389" pin=0"/></net>

<net id="1934"><net_src comp="1928" pin="1"/><net_sink comp="1456" pin=1"/></net>

<net id="1935"><net_src comp="1928" pin="1"/><net_sink comp="1650" pin=0"/></net>

<net id="1939"><net_src comp="324" pin="1"/><net_sink comp="1936" pin=0"/></net>

<net id="1940"><net_src comp="1936" pin="1"/><net_sink comp="770" pin=1"/></net>

<net id="1941"><net_src comp="1936" pin="1"/><net_sink comp="1392" pin=0"/></net>

<net id="1942"><net_src comp="1936" pin="1"/><net_sink comp="1451" pin=1"/></net>

<net id="1943"><net_src comp="1936" pin="1"/><net_sink comp="1654" pin=0"/></net>

<net id="1947"><net_src comp="328" pin="2"/><net_sink comp="1944" pin=0"/></net>

<net id="1951"><net_src comp="943" pin="2"/><net_sink comp="1948" pin=0"/></net>

<net id="1955"><net_src comp="955" pin="1"/><net_sink comp="1952" pin=0"/></net>

<net id="1956"><net_src comp="1952" pin="1"/><net_sink comp="1035" pin=0"/></net>

<net id="1957"><net_src comp="1952" pin="1"/><net_sink comp="1042" pin=0"/></net>

<net id="1958"><net_src comp="1952" pin="1"/><net_sink comp="1049" pin=0"/></net>

<net id="1959"><net_src comp="1952" pin="1"/><net_sink comp="1056" pin=0"/></net>

<net id="1960"><net_src comp="1952" pin="1"/><net_sink comp="1063" pin=0"/></net>

<net id="1961"><net_src comp="1952" pin="1"/><net_sink comp="1070" pin=0"/></net>

<net id="1962"><net_src comp="1952" pin="1"/><net_sink comp="1077" pin=0"/></net>

<net id="1963"><net_src comp="1952" pin="1"/><net_sink comp="1084" pin=0"/></net>

<net id="1964"><net_src comp="1952" pin="1"/><net_sink comp="1155" pin=0"/></net>

<net id="1965"><net_src comp="1952" pin="1"/><net_sink comp="1162" pin=0"/></net>

<net id="1966"><net_src comp="1952" pin="1"/><net_sink comp="1169" pin=0"/></net>

<net id="1967"><net_src comp="1952" pin="1"/><net_sink comp="1176" pin=0"/></net>

<net id="1968"><net_src comp="1952" pin="1"/><net_sink comp="1183" pin=0"/></net>

<net id="1969"><net_src comp="1952" pin="1"/><net_sink comp="1190" pin=0"/></net>

<net id="1970"><net_src comp="1952" pin="1"/><net_sink comp="1197" pin=0"/></net>

<net id="1971"><net_src comp="1952" pin="1"/><net_sink comp="1204" pin=0"/></net>

<net id="1972"><net_src comp="1952" pin="1"/><net_sink comp="1275" pin=0"/></net>

<net id="1973"><net_src comp="1952" pin="1"/><net_sink comp="1282" pin=0"/></net>

<net id="1974"><net_src comp="1952" pin="1"/><net_sink comp="1289" pin=0"/></net>

<net id="1975"><net_src comp="1952" pin="1"/><net_sink comp="1296" pin=0"/></net>

<net id="1976"><net_src comp="1952" pin="1"/><net_sink comp="1303" pin=0"/></net>

<net id="1977"><net_src comp="1952" pin="1"/><net_sink comp="1310" pin=0"/></net>

<net id="1978"><net_src comp="1952" pin="1"/><net_sink comp="1317" pin=0"/></net>

<net id="1979"><net_src comp="1952" pin="1"/><net_sink comp="1324" pin=0"/></net>

<net id="1980"><net_src comp="1952" pin="1"/><net_sink comp="1395" pin=0"/></net>

<net id="1981"><net_src comp="1952" pin="1"/><net_sink comp="1402" pin=0"/></net>

<net id="1982"><net_src comp="1952" pin="1"/><net_sink comp="1409" pin=0"/></net>

<net id="1983"><net_src comp="1952" pin="1"/><net_sink comp="1416" pin=0"/></net>

<net id="1984"><net_src comp="1952" pin="1"/><net_sink comp="1423" pin=0"/></net>

<net id="1985"><net_src comp="1952" pin="1"/><net_sink comp="1430" pin=0"/></net>

<net id="1986"><net_src comp="1952" pin="1"/><net_sink comp="1437" pin=0"/></net>

<net id="1987"><net_src comp="1952" pin="1"/><net_sink comp="1444" pin=0"/></net>

<net id="1991"><net_src comp="757" pin="3"/><net_sink comp="1988" pin=0"/></net>

<net id="1992"><net_src comp="1988" pin="1"/><net_sink comp="764" pin=0"/></net>

<net id="1996"><net_src comp="977" pin="1"/><net_sink comp="1993" pin=0"/></net>

<net id="1997"><net_src comp="1993" pin="1"/><net_sink comp="1499" pin=0"/></net>

<net id="2001"><net_src comp="991" pin="4"/><net_sink comp="1998" pin=0"/></net>

<net id="2002"><net_src comp="1998" pin="1"/><net_sink comp="1502" pin=0"/></net>

<net id="2006"><net_src comp="1491" pin="1"/><net_sink comp="2003" pin=0"/></net>

<net id="2007"><net_src comp="2003" pin="1"/><net_sink comp="1658" pin=1"/></net>

<net id="2011"><net_src comp="1495" pin="1"/><net_sink comp="2008" pin=0"/></net>

<net id="2012"><net_src comp="2008" pin="1"/><net_sink comp="1658" pin=0"/></net>

<net id="2016"><net_src comp="1499" pin="1"/><net_sink comp="2013" pin=0"/></net>

<net id="2017"><net_src comp="2013" pin="1"/><net_sink comp="1665" pin=1"/></net>

<net id="2021"><net_src comp="1502" pin="1"/><net_sink comp="2018" pin=0"/></net>

<net id="2022"><net_src comp="2018" pin="1"/><net_sink comp="1665" pin=0"/></net>

<net id="2026"><net_src comp="1505" pin="1"/><net_sink comp="2023" pin=0"/></net>

<net id="2027"><net_src comp="2023" pin="1"/><net_sink comp="1665" pin=0"/></net>

</net_list>

</model> 
---------------- Datapath Model END ------------------

* FSMD analyzer results:
  - Output states:
	Port: buffer_1 | {}
	Port: REG_V_63_out | {6 }
	Port: REG_V_62_out | {6 }
	Port: REG_V_61_out | {6 }
	Port: REG_V_60_out | {6 }
	Port: REG_V_59_out | {6 }
	Port: REG_V_58_out | {6 }
	Port: REG_V_57_out | {6 }
	Port: REG_V_56_out | {6 }
	Port: REG_V_55_out | {6 }
	Port: REG_V_54_out | {6 }
	Port: REG_V_53_out | {6 }
	Port: REG_V_52_out | {6 }
	Port: REG_V_51_out | {6 }
	Port: REG_V_50_out | {6 }
	Port: REG_V_49_out | {6 }
	Port: REG_V_48_out | {6 }
	Port: REG_V_47_out | {6 }
	Port: REG_V_46_out | {6 }
	Port: REG_V_45_out | {6 }
	Port: REG_V_44_out | {6 }
	Port: REG_V_43_out | {6 }
	Port: REG_V_42_out | {6 }
	Port: REG_V_41_out | {6 }
	Port: REG_V_40_out | {6 }
	Port: REG_V_39_out | {6 }
	Port: REG_V_38_out | {6 }
	Port: REG_V_37_out | {6 }
	Port: REG_V_36_out | {6 }
	Port: REG_V_35_out | {6 }
	Port: REG_V_34_out | {6 }
	Port: REG_V_33_out | {6 }
	Port: REG_V_32_out | {6 }
	Port: self_sum_V_out | {6 }
 - Input state : 
	Port: compute_Pipeline_VITIS_LOOP_60_1 : REG_V_31 | {1 }
	Port: compute_Pipeline_VITIS_LOOP_60_1 : REG_V_30 | {1 }
	Port: compute_Pipeline_VITIS_LOOP_60_1 : REG_V_29 | {1 }
	Port: compute_Pipeline_VITIS_LOOP_60_1 : REG_V_28 | {1 }
	Port: compute_Pipeline_VITIS_LOOP_60_1 : REG_V_27 | {1 }
	Port: compute_Pipeline_VITIS_LOOP_60_1 : REG_V_26 | {1 }
	Port: compute_Pipeline_VITIS_LOOP_60_1 : REG_V_25 | {1 }
	Port: compute_Pipeline_VITIS_LOOP_60_1 : REG_V_24 | {1 }
	Port: compute_Pipeline_VITIS_LOOP_60_1 : REG_V_23 | {1 }
	Port: compute_Pipeline_VITIS_LOOP_60_1 : REG_V_22 | {1 }
	Port: compute_Pipeline_VITIS_LOOP_60_1 : REG_V_21 | {1 }
	Port: compute_Pipeline_VITIS_LOOP_60_1 : REG_V_20 | {1 }
	Port: compute_Pipeline_VITIS_LOOP_60_1 : REG_V_19 | {1 }
	Port: compute_Pipeline_VITIS_LOOP_60_1 : REG_V_18 | {1 }
	Port: compute_Pipeline_VITIS_LOOP_60_1 : REG_V_17 | {1 }
	Port: compute_Pipeline_VITIS_LOOP_60_1 : REG_V_16 | {1 }
	Port: compute_Pipeline_VITIS_LOOP_60_1 : REG_V_15 | {1 }
	Port: compute_Pipeline_VITIS_LOOP_60_1 : REG_V_14 | {1 }
	Port: compute_Pipeline_VITIS_LOOP_60_1 : REG_V_13 | {1 }
	Port: compute_Pipeline_VITIS_LOOP_60_1 : REG_V_12 | {1 }
	Port: compute_Pipeline_VITIS_LOOP_60_1 : REG_V_11 | {1 }
	Port: compute_Pipeline_VITIS_LOOP_60_1 : REG_V_10 | {1 }
	Port: compute_Pipeline_VITIS_LOOP_60_1 : REG_V_9 | {1 }
	Port: compute_Pipeline_VITIS_LOOP_60_1 : REG_V_8 | {1 }
	Port: compute_Pipeline_VITIS_LOOP_60_1 : REG_V_7 | {1 }
	Port: compute_Pipeline_VITIS_LOOP_60_1 : REG_V_6 | {1 }
	Port: compute_Pipeline_VITIS_LOOP_60_1 : REG_V_5 | {1 }
	Port: compute_Pipeline_VITIS_LOOP_60_1 : REG_V_4 | {1 }
	Port: compute_Pipeline_VITIS_LOOP_60_1 : REG_V_3 | {1 }
	Port: compute_Pipeline_VITIS_LOOP_60_1 : REG_V_2 | {1 }
	Port: compute_Pipeline_VITIS_LOOP_60_1 : REG_V_1 | {1 }
	Port: compute_Pipeline_VITIS_LOOP_60_1 : REG_V | {1 }
	Port: compute_Pipeline_VITIS_LOOP_60_1 : i_cast | {1 }
	Port: compute_Pipeline_VITIS_LOOP_60_1 : buffer_1 | {1 2 }
  - Chain level:
	State 1
		store_ln0 : 1
		store_ln0 : 1
		fe_1 : 1
		icmp_ln60 : 2
		add_ln60 : 2
		br_ln60 : 3
		trunc_ln61 : 2
		add_ln : 3
		zext_ln61 : 4
		buffer_1_addr : 5
		word : 6
		store_ln60 : 3
	State 2
		lhs : 1
		lhs_1 : 1
		rhs : 1
		rhs_1 : 1
		REG_V_78 : 2
		REG_V_79 : 2
		REG_V_83 : 2
		REG_V_82 : 2
		REG_V_81 : 2
		REG_V_80 : 2
		select_ln69_6 : 2
		select_ln69_7 : 2
		store_ln69 : 3
		store_ln69 : 3
		store_ln69 : 3
		store_ln69 : 3
		store_ln69 : 3
		store_ln69 : 3
		store_ln69 : 3
		store_ln69 : 3
		REG_V_74 : 2
		REG_V_75 : 2
		select_ln67_4 : 2
		select_ln67_5 : 2
		select_ln68_4 : 2
		select_ln68_5 : 2
		select_ln69_4 : 2
		select_ln69_5 : 2
		store_ln69 : 3
		store_ln69 : 3
		store_ln69 : 3
		store_ln69 : 3
		store_ln69 : 3
		store_ln69 : 3
		store_ln69 : 3
		store_ln69 : 3
		REG_V_72 : 2
		REG_V_73 : 2
		select_ln67_2 : 2
		select_ln67_3 : 2
		select_ln68_2 : 2
		select_ln68_3 : 2
		select_ln69_2 : 2
		select_ln69_3 : 2
		store_ln69 : 3
		store_ln69 : 3
		store_ln69 : 3
		store_ln69 : 3
		store_ln69 : 3
		store_ln69 : 3
		store_ln69 : 3
		store_ln69 : 3
		REG_V_65 : 2
		REG_V_66 : 2
		select_ln67 : 2
		select_ln67_1 : 2
		select_ln68 : 2
		select_ln68_1 : 2
		select_ln69 : 2
		select_ln69_1 : 2
		store_ln69 : 3
		store_ln69 : 3
		store_ln69 : 3
		store_ln69 : 3
		store_ln69 : 3
		store_ln69 : 3
		store_ln69 : 3
		store_ln69 : 3
		zext_ln186_17 : 2
		zext_ln186_18 : 2
		ret_V_4 : 3
	State 3
		ret_V_3 : 1
	State 4
	State 5
		zext_ln186_19 : 1
		zext_ln186_20 : 1
		ret_V : 2
	State 6
		empty : 1
		zext_ln840 : 1
		self_sum_V_3 : 2
		store_ln60 : 3
		write_ln0 : 1
		write_ln0 : 1
		write_ln0 : 1
		write_ln0 : 1
		write_ln0 : 1
		write_ln0 : 1
		write_ln0 : 1
		write_ln0 : 1
		write_ln0 : 1
		write_ln0 : 1
		write_ln0 : 1
		write_ln0 : 1
		write_ln0 : 1
		write_ln0 : 1
		write_ln0 : 1
		write_ln0 : 1
		write_ln0 : 1
		write_ln0 : 1
		write_ln0 : 1
		write_ln0 : 1
		write_ln0 : 1
		write_ln0 : 1
		write_ln0 : 1
		write_ln0 : 1
		write_ln0 : 1
		write_ln0 : 1
		write_ln0 : 1
		write_ln0 : 1
		write_ln0 : 1
		write_ln0 : 1
		write_ln0 : 1
		write_ln0 : 1
		write_ln0 : 2


============================================================
+ Verbose Summary: Datapath Resource usage 
============================================================

* Functional unit list:
|----------|---------------------------|---------|---------|---------|
| Operation|      Functional Unit      |   DSP   |    FF   |   LUT   |
|----------|---------------------------|---------|---------|---------|
|          |      REG_V_78_fu_1035     |    0    |    0    |    16   |
|          |      REG_V_79_fu_1042     |    0    |    0    |    16   |
|          |      REG_V_83_fu_1049     |    0    |    0    |    16   |
|          |      REG_V_82_fu_1056     |    0    |    0    |    16   |
|          |      REG_V_81_fu_1063     |    0    |    0    |    16   |
|          |      REG_V_80_fu_1070     |    0    |    0    |    16   |
|          |   select_ln69_6_fu_1077   |    0    |    0    |    16   |
|          |   select_ln69_7_fu_1084   |    0    |    0    |    16   |
|          |      REG_V_74_fu_1155     |    0    |    0    |    16   |
|          |      REG_V_75_fu_1162     |    0    |    0    |    16   |
|          |   select_ln67_4_fu_1169   |    0    |    0    |    16   |
|          |   select_ln67_5_fu_1176   |    0    |    0    |    16   |
|          |   select_ln68_4_fu_1183   |    0    |    0    |    16   |
|          |   select_ln68_5_fu_1190   |    0    |    0    |    16   |
|          |   select_ln69_4_fu_1197   |    0    |    0    |    16   |
|  select  |   select_ln69_5_fu_1204   |    0    |    0    |    16   |
|          |      REG_V_72_fu_1275     |    0    |    0    |    16   |
|          |      REG_V_73_fu_1282     |    0    |    0    |    16   |
|          |   select_ln67_2_fu_1289   |    0    |    0    |    16   |
|          |   select_ln67_3_fu_1296   |    0    |    0    |    16   |
|          |   select_ln68_2_fu_1303   |    0    |    0    |    16   |
|          |   select_ln68_3_fu_1310   |    0    |    0    |    16   |
|          |   select_ln69_2_fu_1317   |    0    |    0    |    16   |
|          |   select_ln69_3_fu_1324   |    0    |    0    |    16   |
|          |      REG_V_65_fu_1395     |    0    |    0    |    16   |
|          |      REG_V_66_fu_1402     |    0    |    0    |    16   |
|          |    select_ln67_fu_1409    |    0    |    0    |    16   |
|          |   select_ln67_1_fu_1416   |    0    |    0    |    16   |
|          |    select_ln68_fu_1423    |    0    |    0    |    16   |
|          |   select_ln68_1_fu_1430   |    0    |    0    |    16   |
|          |    select_ln69_fu_1437    |    0    |    0    |    16   |
|          |   select_ln69_1_fu_1444   |    0    |    0    |    16   |
|----------|---------------------------|---------|---------|---------|
|    add   |      add_ln60_fu_949      |    0    |    0    |    9    |
|          |    self_sum_V_3_fu_1519   |    0    |    0    |    41   |
|----------|---------------------------|---------|---------|---------|
|   icmp   |      icmp_ln60_fu_943     |    0    |    0    |    8    |
|----------|---------------------------|---------|---------|---------|
|    mul   |        grp_fu_1658        |    1    |    0    |    0    |
|----------|---------------------------|---------|---------|---------|
|  muladd  |        grp_fu_1665        |    1    |    0    |    0    |
|----------|---------------------------|---------|---------|---------|
|          |  i_cast_read_read_fu_328  |    0    |    0    |    0    |
|          |   REG_V_read_read_fu_334  |    0    |    0    |    0    |
|          |  REG_V_1_read_read_fu_340 |    0    |    0    |    0    |
|          |  REG_V_2_read_read_fu_346 |    0    |    0    |    0    |
|          |  REG_V_3_read_read_fu_352 |    0    |    0    |    0    |
|          |  REG_V_4_read_read_fu_358 |    0    |    0    |    0    |
|          |  REG_V_5_read_read_fu_364 |    0    |    0    |    0    |
|          |  REG_V_6_read_read_fu_370 |    0    |    0    |    0    |
|          |  REG_V_7_read_read_fu_376 |    0    |    0    |    0    |
|          |  REG_V_8_read_read_fu_382 |    0    |    0    |    0    |
|          |  REG_V_9_read_read_fu_388 |    0    |    0    |    0    |
|          | REG_V_10_read_read_fu_394 |    0    |    0    |    0    |
|          | REG_V_11_read_read_fu_400 |    0    |    0    |    0    |
|          | REG_V_12_read_read_fu_406 |    0    |    0    |    0    |
|          | REG_V_13_read_read_fu_412 |    0    |    0    |    0    |
|          | REG_V_14_read_read_fu_418 |    0    |    0    |    0    |
|   read   | REG_V_15_read_read_fu_424 |    0    |    0    |    0    |
|          | REG_V_16_read_read_fu_430 |    0    |    0    |    0    |
|          | REG_V_17_read_read_fu_436 |    0    |    0    |    0    |
|          | REG_V_18_read_read_fu_442 |    0    |    0    |    0    |
|          | REG_V_19_read_read_fu_448 |    0    |    0    |    0    |
|          | REG_V_20_read_read_fu_454 |    0    |    0    |    0    |
|          | REG_V_21_read_read_fu_460 |    0    |    0    |    0    |
|          | REG_V_22_read_read_fu_466 |    0    |    0    |    0    |
|          | REG_V_23_read_read_fu_472 |    0    |    0    |    0    |
|          | REG_V_24_read_read_fu_478 |    0    |    0    |    0    |
|          | REG_V_25_read_read_fu_484 |    0    |    0    |    0    |
|          | REG_V_26_read_read_fu_490 |    0    |    0    |    0    |
|          | REG_V_27_read_read_fu_496 |    0    |    0    |    0    |
|          | REG_V_28_read_read_fu_502 |    0    |    0    |    0    |
|          | REG_V_29_read_read_fu_508 |    0    |    0    |    0    |
|          | REG_V_30_read_read_fu_514 |    0    |    0    |    0    |
|          | REG_V_31_read_read_fu_520 |    0    |    0    |    0    |
|----------|---------------------------|---------|---------|---------|
|          |   write_ln0_write_fu_526  |    0    |    0    |    0    |
|          |   write_ln0_write_fu_533  |    0    |    0    |    0    |
|          |   write_ln0_write_fu_540  |    0    |    0    |    0    |
|          |   write_ln0_write_fu_547  |    0    |    0    |    0    |
|          |   write_ln0_write_fu_554  |    0    |    0    |    0    |
|          |   write_ln0_write_fu_561  |    0    |    0    |    0    |
|          |   write_ln0_write_fu_568  |    0    |    0    |    0    |
|          |   write_ln0_write_fu_575  |    0    |    0    |    0    |
|          |   write_ln0_write_fu_582  |    0    |    0    |    0    |
|          |   write_ln0_write_fu_589  |    0    |    0    |    0    |
|          |   write_ln0_write_fu_596  |    0    |    0    |    0    |
|          |   write_ln0_write_fu_603  |    0    |    0    |    0    |
|          |   write_ln0_write_fu_610  |    0    |    0    |    0    |
|          |   write_ln0_write_fu_617  |    0    |    0    |    0    |
|          |   write_ln0_write_fu_624  |    0    |    0    |    0    |
|          |   write_ln0_write_fu_631  |    0    |    0    |    0    |
|   write  |   write_ln0_write_fu_638  |    0    |    0    |    0    |
|          |   write_ln0_write_fu_645  |    0    |    0    |    0    |
|          |   write_ln0_write_fu_652  |    0    |    0    |    0    |
|          |   write_ln0_write_fu_659  |    0    |    0    |    0    |
|          |   write_ln0_write_fu_666  |    0    |    0    |    0    |
|          |   write_ln0_write_fu_673  |    0    |    0    |    0    |
|          |   write_ln0_write_fu_680  |    0    |    0    |    0    |
|          |   write_ln0_write_fu_687  |    0    |    0    |    0    |
|          |   write_ln0_write_fu_694  |    0    |    0    |    0    |
|          |   write_ln0_write_fu_701  |    0    |    0    |    0    |
|          |   write_ln0_write_fu_708  |    0    |    0    |    0    |
|          |   write_ln0_write_fu_715  |    0    |    0    |    0    |
|          |   write_ln0_write_fu_722  |    0    |    0    |    0    |
|          |   write_ln0_write_fu_729  |    0    |    0    |    0    |
|          |   write_ln0_write_fu_736  |    0    |    0    |    0    |
|          |   write_ln0_write_fu_743  |    0    |    0    |    0    |
|          |   write_ln0_write_fu_750  |    0    |    0    |    0    |
|----------|---------------------------|---------|---------|---------|
|          |     trunc_ln61_fu_955     |    0    |    0    |    0    |
|   trunc  |         lhs_fu_977        |    0    |    0    |    0    |
|          |       empty_fu_1511       |    0    |    0    |    0    |
|----------|---------------------------|---------|---------|---------|
|bitconcatenate|       add_ln_fu_959       |    0    |    0    |    0    |
|----------|---------------------------|---------|---------|---------|
|          |      zext_ln61_fu_967     |    0    |    0    |    0    |
|          |   zext_ln186_17_fu_1491   |    0    |    0    |    0    |
|          |   zext_ln186_18_fu_1495   |    0    |    0    |    0    |
|   zext   |     zext_ln186_fu_1499    |    0    |    0    |    0    |
|          |   zext_ln186_16_fu_1502   |    0    |    0    |    0    |
|          |   zext_ln186_20_fu_1505   |    0    |    0    |    0    |
|          |     zext_ln840_fu_1516    |    0    |    0    |    0    |
|----------|---------------------------|---------|---------|---------|
|          |        lhs_1_fu_981       |    0    |    0    |    0    |
|partselect|         rhs_fu_991        |    0    |    0    |    0    |
|          |       rhs_1_fu_1001       |    0    |    0    |    0    |
|----------|---------------------------|---------|---------|---------|
|   Total  |                           |    2    |    0    |   570   |
|----------|---------------------------|---------|---------|---------|

Memories:
N/A

* Register list:
+----------------------+--------+
|                      |   FF   |
+----------------------+--------+
|   REG_V_32_reg_1688  |   16   |
|   REG_V_33_reg_1696  |   16   |
|   REG_V_34_reg_1704  |   16   |
|   REG_V_35_reg_1712  |   16   |
|   REG_V_36_reg_1720  |   16   |
|   REG_V_37_reg_1728  |   16   |
|   REG_V_38_reg_1736  |   16   |
|   REG_V_39_reg_1744  |   16   |
|   REG_V_40_reg_1752  |   16   |
|   REG_V_41_reg_1760  |   16   |
|   REG_V_42_reg_1768  |   16   |
|   REG_V_43_reg_1776  |   16   |
|   REG_V_44_reg_1784  |   16   |
|   REG_V_45_reg_1792  |   16   |
|   REG_V_46_reg_1800  |   16   |
|   REG_V_47_reg_1808  |   16   |
|   REG_V_48_reg_1816  |   16   |
|   REG_V_49_reg_1824  |   16   |
|   REG_V_50_reg_1832  |   16   |
|   REG_V_51_reg_1840  |   16   |
|   REG_V_52_reg_1848  |   16   |
|   REG_V_53_reg_1856  |   16   |
|   REG_V_54_reg_1864  |   16   |
|   REG_V_55_reg_1872  |   16   |
|   REG_V_56_reg_1880  |   16   |
|   REG_V_57_reg_1888  |   16   |
|   REG_V_58_reg_1896  |   16   |
|   REG_V_59_reg_1904  |   16   |
|   REG_V_60_reg_1912  |   16   |
|   REG_V_61_reg_1920  |   16   |
|   REG_V_62_reg_1928  |   16   |
|   REG_V_63_reg_1936  |   16   |
|buffer_1_addr_reg_1988|    3   |
|      fe_reg_1681     |    2   |
| i_cast_read_reg_1944 |    2   |
|  icmp_ln60_reg_1948  |    1   |
|     lhs_reg_1993     |   16   |
|     rhs_reg_1998     |   16   |
|  self_sum_V_reg_1674 |   34   |
|  trunc_ln61_reg_1952 |    1   |
|zext_ln186_16_reg_2018|   32   |
|zext_ln186_17_reg_2003|   32   |
|zext_ln186_18_reg_2008|   32   |
|zext_ln186_20_reg_2023|   33   |
|  zext_ln186_reg_2013 |   32   |
+----------------------+--------+
|         Total        |   748  |
+----------------------+--------+

* Multiplexer (MUX) list: 
|-------------------|------|------|------|--------||---------||---------|
|        Comp       |  Pin | Size |  BW  | S x BW ||  Delay  ||   LUT   |
|-------------------|------|------|------|--------||---------||---------|
| grp_access_fu_764 |  p0  |   2  |   3  |    6   ||    9    |
|    grp_fu_1658    |  p0  |   2  |  16  |   32   ||    9    |
|    grp_fu_1658    |  p1  |   2  |  16  |   32   ||    9    |
|    grp_fu_1665    |  p0  |   3  |  16  |   48   ||    14   |
|    grp_fu_1665    |  p1  |   2  |  16  |   32   ||    9    |
|-------------------|------|------|------|--------||---------||---------|
|       Total       |      |      |      |   150  ||  2.184  ||    50   |
|-------------------|------|------|------|--------||---------||---------|



* Summary:
+-----------+--------+--------+--------+--------+
|           |   DSP  |  Delay |   FF   |   LUT  |
+-----------+--------+--------+--------+--------+
|  Function |    2   |    -   |    0   |   570  |
|   Memory  |    -   |    -   |    -   |    -   |
|Multiplexer|    -   |    2   |    -   |   50   |
|  Register |    -   |    -   |   748  |    -   |
+-----------+--------+--------+--------+--------+
|   Total   |    2   |    2   |   748  |   620  |
+-----------+--------+--------+--------+--------+
