

================================================================
== Vitis HLS Report for 'compute'
================================================================
* Date:           Mon Sep 14 13:37:06 2026

* Version:        2022.2 (Build 3670227 on Oct 13 2022)
* Project:        Compute_block
* Solution:       solution1 (Vivado IP Flow Target)
* Product family: zynquplus
* Target device:  xczu7ev-ffvc1156-2-e


================================================================
== Performance Estimates
================================================================
+ Timing: 
    * Summary: 
    +--------+----------+----------+------------+
    |  Clock |  Target  | Estimated| Uncertainty|
    +--------+----------+----------+------------+
    |ap_clk  |  10.00 ns|  2.137 ns|     2.70 ns|
    +--------+----------+----------+------------+

+ Latency: 
    * Summary: 
    +---------+---------+----------+----------+-----+-----+---------+
    |  Latency (cycles) |  Latency (absolute) |  Interval | Pipeline|
    |   min   |   max   |    min   |    max   | min | max |   Type  |
    +---------+---------+----------+----------+-----+-----+---------+
    |       29|      113|  0.290 us|  1.130 us|   30|  114|       no|
    +---------+---------+----------+----------+-----+-----+---------+

    + Detail: 
        * Instance: 
        N/A

        * Loop: 
        +---------------------+---------+---------+----------+-----------+-----------+-------+----------+
        |                     |  Latency (cycles) | Iteration|  Initiation Interval  |  Trip |          |
        |      Loop Name      |   min   |   max   |  Latency |  achieved |   target  | Count | Pipelined|
        +---------------------+---------+---------+----------+-----------+-----------+-------+----------+
        |- VITIS_LOOP_85_1    |       28|      112|    7 ~ 28|          -|          -|      4|        no|
        | + VITIS_LOOP_107_3  |        0|       21|         7|          -|          -|  0 ~ 3|        no|
        +---------------------+---------+---------+----------+-----------+-----------+-------+----------+

============================================================
+ Verbose Summary: Synthesis Manager
============================================================
InlineROM: 1
ExposeGlobal: 0
============================================================
+ Verbose Summary: CDFG Model
============================================================
IsTopModel: 1
ResetActiveHigh: 1
IsCombinational: 0
IsDatapathOnly: 0
HasWiredReturn: 1
HasMFsm: 0
HasVarLatency: 1
IsPipeline: 0
IsRtlPipelined: 0
IsInstanceOverlapped: 0
IsDontTouch: 0
HasImplIP: 0
IsGatedGlobalClock: 0


============================================================
+ Verbose Summary: Schedule
============================================================
* Number of FSM states : 14
* Pipeline : 0
* Dataflow Pipeline: 0

* FSM state transitions: 
1 --> 2 
2 --> 3 
3 --> 4 
4 --> 5 
5 --> 6 
6 --> 7 
7 --> 8 
8 --> 9 2 
9 --> 10 
10 --> 11 
11 --> 12 
12 --> 13 
13 --> 14 
14 --> 8 

* FSM state operations: 

State 1 <SV = 0> <Delay = 0.42>
ST_1 : Operation 15 [1/1] (0.00ns)   --->   "%i = alloca i32 1"   --->   Operation 15 'alloca' 'i' <Predicate = true> <Delay = 0.00>
ST_1 : Operation 16 [1/1] (0.00ns)   --->   "%REG_V = alloca i32 1"   --->   Operation 16 'alloca' 'REG_V' <Predicate = true> <Delay = 0.00>
ST_1 : Operation 17 [1/1] (0.00ns)   --->   "%REG_V_1 = alloca i32 1"   --->   Operation 17 'alloca' 'REG_V_1' <Predicate = true> <Delay = 0.00>
ST_1 : Operation 18 [1/1] (0.00ns)   --->   "%REG_V_2 = alloca i32 1"   --->   Operation 18 'alloca' 'REG_V_2' <Predicate = true> <Delay = 0.00>
ST_1 : Operation 19 [1/1] (0.00ns)   --->   "%REG_V_3 = alloca i32 1"   --->   Operation 19 'alloca' 'REG_V_3' <Predicate = true> <Delay = 0.00>
ST_1 : Operation 20 [1/1] (0.00ns)   --->   "%REG_V_4 = alloca i32 1"   --->   Operation 20 'alloca' 'REG_V_4' <Predicate = true> <Delay = 0.00>
ST_1 : Operation 21 [1/1] (0.00ns)   --->   "%REG_V_5 = alloca i32 1"   --->   Operation 21 'alloca' 'REG_V_5' <Predicate = true> <Delay = 0.00>
ST_1 : Operation 22 [1/1] (0.00ns)   --->   "%REG_V_6 = alloca i32 1"   --->   Operation 22 'alloca' 'REG_V_6' <Predicate = true> <Delay = 0.00>
ST_1 : Operation 23 [1/1] (0.00ns)   --->   "%REG_V_31 = alloca i32 1"   --->   Operation 23 'alloca' 'REG_V_31' <Predicate = true> <Delay = 0.00>
ST_1 : Operation 24 [1/1] (0.00ns)   --->   "%REG_V_32 = alloca i32 1"   --->   Operation 24 'alloca' 'REG_V_32' <Predicate = true> <Delay = 0.00>
ST_1 : Operation 25 [1/1] (0.00ns)   --->   "%REG_V_33 = alloca i32 1"   --->   Operation 25 'alloca' 'REG_V_33' <Predicate = true> <Delay = 0.00>
ST_1 : Operation 26 [1/1] (0.00ns)   --->   "%REG_V_34 = alloca i32 1"   --->   Operation 26 'alloca' 'REG_V_34' <Predicate = true> <Delay = 0.00>
ST_1 : Operation 27 [1/1] (0.00ns)   --->   "%REG_V_35 = alloca i32 1"   --->   Operation 27 'alloca' 'REG_V_35' <Predicate = true> <Delay = 0.00>
ST_1 : Operation 28 [1/1] (0.00ns)   --->   "%REG_V_36 = alloca i32 1"   --->   Operation 28 'alloca' 'REG_V_36' <Predicate = true> <Delay = 0.00>
ST_1 : Operation 29 [1/1] (0.00ns)   --->   "%REG_V_37 = alloca i32 1"   --->   Operation 29 'alloca' 'REG_V_37' <Predicate = true> <Delay = 0.00>
ST_1 : Operation 30 [1/1] (0.00ns)   --->   "%REG_V_38 = alloca i32 1"   --->   Operation 30 'alloca' 'REG_V_38' <Predicate = true> <Delay = 0.00>
ST_1 : Operation 31 [1/1] (0.00ns)   --->   "%REG_V_39 = alloca i32 1"   --->   Operation 31 'alloca' 'REG_V_39' <Predicate = true> <Delay = 0.00>
ST_1 : Operation 32 [1/1] (0.00ns)   --->   "%REG_V_40 = alloca i32 1"   --->   Operation 32 'alloca' 'REG_V_40' <Predicate = true> <Delay = 0.00>
ST_1 : Operation 33 [1/1] (0.00ns)   --->   "%REG_V_41 = alloca i32 1"   --->   Operation 33 'alloca' 'REG_V_41' <Predicate = true> <Delay = 0.00>
ST_1 : Operation 34 [1/1] (0.00ns)   --->   "%REG_V_42 = alloca i32 1"   --->   Operation 34 'alloca' 'REG_V_42' <Predicate = true> <Delay = 0.00>
ST_1 : Operation 35 [1/1] (0.00ns)   --->   "%REG_V_43 = alloca i32 1"   --->   Operation 35 'alloca' 'REG_V_43' <Predicate = true> <Delay = 0.00>
ST_1 : Operation 36 [1/1] (0.00ns)   --->   "%REG_V_44 = alloca i32 1"   --->   Operation 36 'alloca' 'REG_V_44' <Predicate = true> <Delay = 0.00>
ST_1 : Operation 37 [1/1] (0.00ns)   --->   "%REG_V_45 = alloca i32 1"   --->   Operation 37 'alloca' 'REG_V_45' <Predicate = true> <Delay = 0.00>
ST_1 : Operation 38 [1/1] (0.00ns)   --->   "%REG_V_46 = alloca i32 1"   --->   Operation 38 'alloca' 'REG_V_46' <Predicate = true> <Delay = 0.00>
ST_1 : Operation 39 [1/1] (0.00ns)   --->   "%REG_V_47 = alloca i32 1"   --->   Operation 39 'alloca' 'REG_V_47' <Predicate = true> <Delay = 0.00>
ST_1 : Operation 40 [1/1] (0.00ns)   --->   "%spectopmodule_ln71 = spectopmodule void @_ssdm_op_SpecTopModule, void @empty_2" [Compute_block/Compute.cpp:71]   --->   Operation 40 'spectopmodule' 'spectopmodule_ln71' <Predicate = true> <Delay = 0.00>
ST_1 : Operation 41 [1/1] (0.00ns)   --->   "%specinterface_ln71 = specinterface void @_ssdm_op_SpecInterface, i32 0, void @empty_3, i32 0, i32 0, void @empty_0, i32 0, i32 0, void @empty_0, void @empty_0, void @empty_0, i32 0, i32 0, i32 0, i32 0, void @empty_0, void @empty_0, i32 4294967295, i32 0" [Compute_block/Compute.cpp:71]   --->   Operation 41 'specinterface' 'specinterface_ln71' <Predicate = true> <Delay = 0.00>
ST_1 : Operation 42 [1/1] (0.00ns)   --->   "%specinterface_ln0 = specinterface void @_ssdm_op_SpecInterface, i64 %buffer_1, void @empty, i32 0, i32 0, void @empty_0, i32 4294967295, i32 0, void @empty_0, void @empty_0, void @empty_0, i32 0, i32 0, i32 0, i32 0, void @empty_0, void @empty_0, i32 4294967295, i32 0"   --->   Operation 42 'specinterface' 'specinterface_ln0' <Predicate = true> <Delay = 0.00>
ST_1 : Operation 43 [1/1] (0.00ns)   --->   "%specbitsmap_ln0 = specbitsmap void @_ssdm_op_SpecBitsMap, i64 %buffer_1"   --->   Operation 43 'specbitsmap' 'specbitsmap_ln0' <Predicate = true> <Delay = 0.00>
ST_1 : Operation 44 [1/1] (0.00ns)   --->   "%specinterface_ln0 = specinterface void @_ssdm_op_SpecInterface, i32 %buffer_2, void @empty, i32 0, i32 0, void @empty_0, i32 4294967295, i32 0, void @empty_0, void @empty_0, void @empty_0, i32 0, i32 0, i32 0, i32 0, void @empty_0, void @empty_0, i32 4294967295, i32 0"   --->   Operation 44 'specinterface' 'specinterface_ln0' <Predicate = true> <Delay = 0.00>
ST_1 : Operation 45 [1/1] (0.00ns)   --->   "%specbitsmap_ln0 = specbitsmap void @_ssdm_op_SpecBitsMap, i32 %buffer_2"   --->   Operation 45 'specbitsmap' 'specbitsmap_ln0' <Predicate = true> <Delay = 0.00>
ST_1 : Operation 46 [1/1] (0.00ns)   --->   "%specbitsmap_ln0 = specbitsmap void @_ssdm_op_SpecBitsMap, i1 %phase"   --->   Operation 46 'specbitsmap' 'specbitsmap_ln0' <Predicate = true> <Delay = 0.00>
ST_1 : Operation 47 [1/1] (0.00ns)   --->   "%specinterface_ln0 = specinterface void @_ssdm_op_SpecInterface, i1 %phase, void @empty_1, i32 0, i32 0, void @empty_0, i32 0, i32 0, void @empty_0, void @empty_0, void @empty_0, i32 0, i32 0, i32 0, i32 0, void @empty_0, void @empty_0, i32 4294967295, i32 0"   --->   Operation 47 'specinterface' 'specinterface_ln0' <Predicate = true> <Delay = 0.00>
ST_1 : Operation 48 [1/1] (0.00ns)   --->   "%phase_read = read i1 @_ssdm_op_Read.ap_auto.i1, i1 %phase" [Compute_block/Compute.cpp:71]   --->   Operation 48 'read' 'phase_read' <Predicate = true> <Delay = 0.00>
ST_1 : Operation 49 [1/1] (0.42ns)   --->   "%store_ln85 = store i3 0, i3 %i" [Compute_block/Compute.cpp:85]   --->   Operation 49 'store' 'store_ln85' <Predicate = true> <Delay = 0.42>
ST_1 : Operation 50 [1/1] (0.00ns)   --->   "%br_ln85 = br void %for.inc" [Compute_block/Compute.cpp:85]   --->   Operation 50 'br' 'br_ln85' <Predicate = true> <Delay = 0.00>

State 2 <SV = 1> <Delay = 0.67>
ST_2 : Operation 51 [1/1] (0.00ns)   --->   "%i_1 = load i3 %i" [Compute_block/Compute.cpp:90]   --->   Operation 51 'load' 'i_1' <Predicate = true> <Delay = 0.00>
ST_2 : Operation 52 [1/1] (0.58ns)   --->   "%icmp_ln85 = icmp_eq  i3 %i_1, i3 4" [Compute_block/Compute.cpp:85]   --->   Operation 52 'icmp' 'icmp_ln85' <Predicate = true> <Delay = 0.58> <CoreInst = "Cmp">   --->   Core 9 'Cmp' <Latency = 0> <II = 1> <Delay = 0.58> <FuncUnit> <Opcode : 'icmp'> <InPorts = 2> <OutPorts = 1>
ST_2 : Operation 53 [1/1] (0.00ns)   --->   "%empty = speclooptripcount i32 @_ssdm_op_SpecLoopTripCount, i64 4, i64 4, i64 4"   --->   Operation 53 'speclooptripcount' 'empty' <Predicate = true> <Delay = 0.00>
ST_2 : Operation 54 [1/1] (0.67ns)   --->   "%add_ln85 = add i3 %i_1, i3 1" [Compute_block/Compute.cpp:85]   --->   Operation 54 'add' 'add_ln85' <Predicate = true> <Delay = 0.67> <CoreInst = "Adder">   --->   Core 1 'Adder' <Latency = 0> <II = 1> <Delay = 0.67> <FuncUnit> <Opcode : 'add' 'sub'> <InPorts = 2> <OutPorts = 1>
ST_2 : Operation 55 [1/1] (0.00ns)   --->   "%br_ln85 = br i1 %icmp_ln85, void %for.inc.split_ifconv, void %for.end143" [Compute_block/Compute.cpp:85]   --->   Operation 55 'br' 'br_ln85' <Predicate = true> <Delay = 0.00>
ST_2 : Operation 56 [1/1] (0.00ns)   --->   "%shl_ln90 = shl i3 %i_1, i3 1" [Compute_block/Compute.cpp:90]   --->   Operation 56 'shl' 'shl_ln90' <Predicate = (!icmp_ln85)> <Delay = 0.00>
ST_2 : Operation 57 [1/1] (0.00ns)   --->   "%zext_ln90 = zext i3 %shl_ln90" [Compute_block/Compute.cpp:90]   --->   Operation 57 'zext' 'zext_ln90' <Predicate = (!icmp_ln85)> <Delay = 0.00>
ST_2 : Operation 58 [1/1] (0.00ns)   --->   "%buffer_1_addr = getelementptr i64 %buffer_1, i64 0, i64 %zext_ln90" [Compute_block/Compute.cpp:90]   --->   Operation 58 'getelementptr' 'buffer_1_addr' <Predicate = (!icmp_ln85)> <Delay = 0.00>
ST_2 : Operation 59 [2/2] (0.67ns)   --->   "%word = load i3 %buffer_1_addr" [Compute_block/Compute.cpp:90]   --->   Operation 59 'load' 'word' <Predicate = (!icmp_ln85)> <Delay = 0.67> <CoreInst = "RAM">   --->   Core 83 'RAM' <Latency = 1> <II = 1> <Delay = 0.67> <Storage> <Opcode : 'load' 'store'> <Ports = 2> <Width = 64> <Depth = 8> <RAM>
ST_2 : Operation 60 [1/1] (0.00ns)   --->   "%or_ln90 = or i3 %shl_ln90, i3 1" [Compute_block/Compute.cpp:90]   --->   Operation 60 'or' 'or_ln90' <Predicate = (!icmp_ln85)> <Delay = 0.00>
ST_2 : Operation 61 [1/1] (0.00ns)   --->   "%zext_ln90_1 = zext i3 %or_ln90" [Compute_block/Compute.cpp:90]   --->   Operation 61 'zext' 'zext_ln90_1' <Predicate = (!icmp_ln85)> <Delay = 0.00>
ST_2 : Operation 62 [1/1] (0.00ns)   --->   "%buffer_1_addr_1 = getelementptr i64 %buffer_1, i64 0, i64 %zext_ln90_1" [Compute_block/Compute.cpp:90]   --->   Operation 62 'getelementptr' 'buffer_1_addr_1' <Predicate = (!icmp_ln85)> <Delay = 0.00>
ST_2 : Operation 63 [2/2] (0.67ns)   --->   "%word_1 = load i3 %buffer_1_addr_1" [Compute_block/Compute.cpp:90]   --->   Operation 63 'load' 'word_1' <Predicate = (!icmp_ln85)> <Delay = 0.67> <CoreInst = "RAM">   --->   Core 83 'RAM' <Latency = 1> <II = 1> <Delay = 0.67> <Storage> <Opcode : 'load' 'store'> <Ports = 2> <Width = 64> <Depth = 8> <RAM>
ST_2 : Operation 64 [1/1] (0.00ns)   --->   "%ret_ln125 = ret" [Compute_block/Compute.cpp:125]   --->   Operation 64 'ret' 'ret_ln125' <Predicate = (icmp_ln85)> <Delay = 0.00>

State 3 <SV = 2> <Delay = 1.21>
ST_3 : Operation 65 [1/2] (0.67ns)   --->   "%word = load i3 %buffer_1_addr" [Compute_block/Compute.cpp:90]   --->   Operation 65 'load' 'word' <Predicate = true> <Delay = 0.67> <CoreInst = "RAM">   --->   Core 83 'RAM' <Latency = 1> <II = 1> <Delay = 0.67> <Storage> <Opcode : 'load' 'store'> <Ports = 2> <Width = 64> <Depth = 8> <RAM>
ST_3 : Operation 66 [1/1] (0.00ns)   --->   "%v0_V = trunc i64 %word"   --->   Operation 66 'trunc' 'v0_V' <Predicate = true> <Delay = 0.00>
ST_3 : Operation 67 [1/1] (0.00ns)   --->   "%v1_V = partselect i16 @_ssdm_op_PartSelect.i16.i64.i32.i32, i64 %word, i32 16, i32 31"   --->   Operation 67 'partselect' 'v1_V' <Predicate = true> <Delay = 0.00>
ST_3 : Operation 68 [1/1] (0.00ns)   --->   "%v2_V = partselect i16 @_ssdm_op_PartSelect.i16.i64.i32.i32, i64 %word, i32 32, i32 47"   --->   Operation 68 'partselect' 'v2_V' <Predicate = true> <Delay = 0.00>
ST_3 : Operation 69 [1/1] (0.00ns)   --->   "%v3_V = partselect i16 @_ssdm_op_PartSelect.i16.i64.i32.i32, i64 %word, i32 48, i32 63"   --->   Operation 69 'partselect' 'v3_V' <Predicate = true> <Delay = 0.00>
ST_3 : Operation 70 [1/1] (0.00ns)   --->   "%zext_ln186_2 = zext i16 %v1_V"   --->   Operation 70 'zext' 'zext_ln186_2' <Predicate = true> <Delay = 0.00>
ST_3 : Operation 71 [1/1] (0.00ns)   --->   "%zext_ln186_3 = zext i16 %v3_V"   --->   Operation 71 'zext' 'zext_ln186_3' <Predicate = true> <Delay = 0.00>
ST_3 : Operation 72 [4/4] (0.53ns) (root node of the DSP)   --->   "%ret_V_1 = mul i32 %zext_ln186_3, i32 %zext_ln186_2"   --->   Operation 72 'mul' 'ret_V_1' <Predicate = true> <Delay = 0.53> <CoreInst = "DSP48">   --->   Core 127 'DSP48' <Latency = 3> <II = 1> <Delay = 0.53> <IPBlock> <Opcode : 'mul' 'add' 'sub' 'select'> <InPorts = 0> <OutPorts = 1> <Sync> <CReg>
ST_3 : Operation 73 [1/2] (0.67ns)   --->   "%word_1 = load i3 %buffer_1_addr_1" [Compute_block/Compute.cpp:90]   --->   Operation 73 'load' 'word_1' <Predicate = true> <Delay = 0.67> <CoreInst = "RAM">   --->   Core 83 'RAM' <Latency = 1> <II = 1> <Delay = 0.67> <Storage> <Opcode : 'load' 'store'> <Ports = 2> <Width = 64> <Depth = 8> <RAM>
ST_3 : Operation 74 [1/1] (0.00ns)   --->   "%v0_V_1 = trunc i64 %word_1"   --->   Operation 74 'trunc' 'v0_V_1' <Predicate = true> <Delay = 0.00>
ST_3 : Operation 75 [1/1] (0.00ns)   --->   "%v1_V_1 = partselect i16 @_ssdm_op_PartSelect.i16.i64.i32.i32, i64 %word_1, i32 16, i32 31"   --->   Operation 75 'partselect' 'v1_V_1' <Predicate = true> <Delay = 0.00>
ST_3 : Operation 76 [1/1] (0.00ns)   --->   "%v2_V_1 = partselect i16 @_ssdm_op_PartSelect.i16.i64.i32.i32, i64 %word_1, i32 32, i32 47"   --->   Operation 76 'partselect' 'v2_V_1' <Predicate = true> <Delay = 0.00>
ST_3 : Operation 77 [1/1] (0.00ns)   --->   "%v3_V_1 = partselect i16 @_ssdm_op_PartSelect.i16.i64.i32.i32, i64 %word_1, i32 48, i32 63"   --->   Operation 77 'partselect' 'v3_V_1' <Predicate = true> <Delay = 0.00>
ST_3 : Operation 78 [1/1] (0.00ns)   --->   "%zext_ln186_6 = zext i16 %v1_V_1"   --->   Operation 78 'zext' 'zext_ln186_6' <Predicate = true> <Delay = 0.00>
ST_3 : Operation 79 [1/1] (0.00ns)   --->   "%zext_ln186_7 = zext i16 %v3_V_1"   --->   Operation 79 'zext' 'zext_ln186_7' <Predicate = true> <Delay = 0.00>
ST_3 : Operation 80 [4/4] (0.53ns) (root node of the DSP)   --->   "%ret_V_3 = mul i32 %zext_ln186_7, i32 %zext_ln186_6"   --->   Operation 80 'mul' 'ret_V_3' <Predicate = true> <Delay = 0.53> <CoreInst = "DSP48">   --->   Core 127 'DSP48' <Latency = 3> <II = 1> <Delay = 0.53> <IPBlock> <Opcode : 'mul' 'add' 'sub' 'select'> <InPorts = 0> <OutPorts = 1> <Sync> <CReg>

State 4 <SV = 3> <Delay = 0.99>
ST_4 : Operation 81 [1/1] (0.00ns)   --->   "%zext_ln186 = zext i16 %v0_V"   --->   Operation 81 'zext' 'zext_ln186' <Predicate = true> <Delay = 0.00>
ST_4 : Operation 82 [1/1] (0.00ns)   --->   "%zext_ln186_1 = zext i16 %v2_V"   --->   Operation 82 'zext' 'zext_ln186_1' <Predicate = true> <Delay = 0.00>
ST_4 : Operation 83 [3/3] (0.99ns) (grouped into DSP with root node add_ln840)   --->   "%ret_V = mul i32 %zext_ln186_1, i32 %zext_ln186"   --->   Operation 83 'mul' 'ret_V' <Predicate = true> <Delay = 0.99> <CoreInst = "DSP48">   --->   Core 127 'DSP48' <Latency = 3> <II = 1> <Delay = 0.53> <IPBlock> <Opcode : 'mul' 'add' 'sub' 'select'> <InPorts = 0> <OutPorts = 1> <Sync> <CReg>
ST_4 : Operation 84 [3/4] (0.53ns) (root node of the DSP)   --->   "%ret_V_1 = mul i32 %zext_ln186_3, i32 %zext_ln186_2"   --->   Operation 84 'mul' 'ret_V_1' <Predicate = true> <Delay = 0.53> <CoreInst = "DSP48">   --->   Core 127 'DSP48' <Latency = 3> <II = 1> <Delay = 0.53> <IPBlock> <Opcode : 'mul' 'add' 'sub' 'select'> <InPorts = 0> <OutPorts = 1> <Sync> <CReg>
ST_4 : Operation 85 [1/1] (0.00ns)   --->   "%zext_ln186_4 = zext i16 %v0_V_1"   --->   Operation 85 'zext' 'zext_ln186_4' <Predicate = true> <Delay = 0.00>
ST_4 : Operation 86 [1/1] (0.00ns)   --->   "%zext_ln186_5 = zext i16 %v2_V_1"   --->   Operation 86 'zext' 'zext_ln186_5' <Predicate = true> <Delay = 0.00>
ST_4 : Operation 87 [3/3] (0.99ns) (grouped into DSP with root node add_ln840_1)   --->   "%ret_V_2 = mul i32 %zext_ln186_5, i32 %zext_ln186_4"   --->   Operation 87 'mul' 'ret_V_2' <Predicate = true> <Delay = 0.99> <CoreInst = "DSP48">   --->   Core 127 'DSP48' <Latency = 3> <II = 1> <Delay = 0.53> <IPBlock> <Opcode : 'mul' 'add' 'sub' 'select'> <InPorts = 0> <OutPorts = 1> <Sync> <CReg>
ST_4 : Operation 88 [3/4] (0.53ns) (root node of the DSP)   --->   "%ret_V_3 = mul i32 %zext_ln186_7, i32 %zext_ln186_6"   --->   Operation 88 'mul' 'ret_V_3' <Predicate = true> <Delay = 0.53> <CoreInst = "DSP48">   --->   Core 127 'DSP48' <Latency = 3> <II = 1> <Delay = 0.53> <IPBlock> <Opcode : 'mul' 'add' 'sub' 'select'> <InPorts = 0> <OutPorts = 1> <Sync> <CReg>

State 5 <SV = 4> <Delay = 0.99>
ST_5 : Operation 89 [2/3] (0.99ns) (grouped into DSP with root node add_ln840)   --->   "%ret_V = mul i32 %zext_ln186_1, i32 %zext_ln186"   --->   Operation 89 'mul' 'ret_V' <Predicate = true> <Delay = 0.99> <CoreInst = "DSP48">   --->   Core 127 'DSP48' <Latency = 3> <II = 1> <Delay = 0.53> <IPBlock> <Opcode : 'mul' 'add' 'sub' 'select'> <InPorts = 0> <OutPorts = 1> <Sync> <CReg>
ST_5 : Operation 90 [2/4] (0.53ns) (root node of the DSP)   --->   "%ret_V_1 = mul i32 %zext_ln186_3, i32 %zext_ln186_2"   --->   Operation 90 'mul' 'ret_V_1' <Predicate = true> <Delay = 0.53> <CoreInst = "DSP48">   --->   Core 127 'DSP48' <Latency = 3> <II = 1> <Delay = 0.53> <IPBlock> <Opcode : 'mul' 'add' 'sub' 'select'> <InPorts = 0> <OutPorts = 1> <Sync> <CReg>
ST_5 : Operation 91 [2/3] (0.99ns) (grouped into DSP with root node add_ln840_1)   --->   "%ret_V_2 = mul i32 %zext_ln186_5, i32 %zext_ln186_4"   --->   Operation 91 'mul' 'ret_V_2' <Predicate = true> <Delay = 0.99> <CoreInst = "DSP48">   --->   Core 127 'DSP48' <Latency = 3> <II = 1> <Delay = 0.53> <IPBlock> <Opcode : 'mul' 'add' 'sub' 'select'> <InPorts = 0> <OutPorts = 1> <Sync> <CReg>
ST_5 : Operation 92 [2/4] (0.53ns) (root node of the DSP)   --->   "%ret_V_3 = mul i32 %zext_ln186_7, i32 %zext_ln186_6"   --->   Operation 92 'mul' 'ret_V_3' <Predicate = true> <Delay = 0.53> <CoreInst = "DSP48">   --->   Core 127 'DSP48' <Latency = 3> <II = 1> <Delay = 0.53> <IPBlock> <Opcode : 'mul' 'add' 'sub' 'select'> <InPorts = 0> <OutPorts = 1> <Sync> <CReg>

State 6 <SV = 5> <Delay = 0.64>
ST_6 : Operation 93 [1/3] (0.00ns) (grouped into DSP with root node add_ln840)   --->   "%ret_V = mul i32 %zext_ln186_1, i32 %zext_ln186"   --->   Operation 93 'mul' 'ret_V' <Predicate = true> <Delay = 0.00> <CoreInst = "DSP48">   --->   Core 127 'DSP48' <Latency = 3> <II = 1> <Delay = 0.53> <IPBlock> <Opcode : 'mul' 'add' 'sub' 'select'> <InPorts = 0> <OutPorts = 1> <Sync> <CReg>
ST_6 : Operation 94 [1/4] (0.00ns) (root node of the DSP)   --->   "%ret_V_1 = mul i32 %zext_ln186_3, i32 %zext_ln186_2"   --->   Operation 94 'mul' 'ret_V_1' <Predicate = true> <Delay = 0.00> <CoreInst = "DSP48">   --->   Core 127 'DSP48' <Latency = 3> <II = 1> <Delay = 0.53> <IPBlock> <Opcode : 'mul' 'add' 'sub' 'select'> <InPorts = 0> <OutPorts = 1> <Sync> <CReg>
ST_6 : Operation 95 [1/3] (0.00ns) (grouped into DSP with root node add_ln840_1)   --->   "%ret_V_2 = mul i32 %zext_ln186_5, i32 %zext_ln186_4"   --->   Operation 95 'mul' 'ret_V_2' <Predicate = true> <Delay = 0.00> <CoreInst = "DSP48">   --->   Core 127 'DSP48' <Latency = 3> <II = 1> <Delay = 0.53> <IPBlock> <Opcode : 'mul' 'add' 'sub' 'select'> <InPorts = 0> <OutPorts = 1> <Sync> <CReg>
ST_6 : Operation 96 [1/4] (0.00ns) (root node of the DSP)   --->   "%ret_V_3 = mul i32 %zext_ln186_7, i32 %zext_ln186_6"   --->   Operation 96 'mul' 'ret_V_3' <Predicate = true> <Delay = 0.00> <CoreInst = "DSP48">   --->   Core 127 'DSP48' <Latency = 3> <II = 1> <Delay = 0.53> <IPBlock> <Opcode : 'mul' 'add' 'sub' 'select'> <InPorts = 0> <OutPorts = 1> <Sync> <CReg>
ST_6 : Operation 97 [2/2] (0.64ns) (root node of the DSP)   --->   "%add_ln840 = add i32 %ret_V_1, i32 %ret_V"   --->   Operation 97 'add' 'add_ln840' <Predicate = true> <Delay = 0.64> <CoreInst = "DSP48">   --->   Core 127 'DSP48' <Latency = 3> <II = 1> <Delay = 0.53> <IPBlock> <Opcode : 'mul' 'add' 'sub' 'select'> <InPorts = 0> <OutPorts = 1> <Sync> <CReg>
ST_6 : Operation 98 [2/2] (0.64ns) (root node of the DSP)   --->   "%add_ln840_1 = add i32 %ret_V_3, i32 %ret_V_2"   --->   Operation 98 'add' 'add_ln840_1' <Predicate = true> <Delay = 0.64> <CoreInst = "DSP48">   --->   Core 127 'DSP48' <Latency = 3> <II = 1> <Delay = 0.53> <IPBlock> <Opcode : 'mul' 'add' 'sub' 'select'> <InPorts = 0> <OutPorts = 1> <Sync> <CReg>

State 7 <SV = 6> <Delay = 2.13>
ST_7 : Operation 99 [1/1] (0.00ns)   --->   "%REG_V_load = load i16 %REG_V" [Compute_block/Compute.cpp:95]   --->   Operation 99 'load' 'REG_V_load' <Predicate = true> <Delay = 0.00>
ST_7 : Operation 100 [1/1] (0.00ns)   --->   "%REG_V_1_load = load i16 %REG_V_1" [Compute_block/Compute.cpp:95]   --->   Operation 100 'load' 'REG_V_1_load' <Predicate = true> <Delay = 0.00>
ST_7 : Operation 101 [1/1] (0.00ns)   --->   "%REG_V_2_load = load i16 %REG_V_2" [Compute_block/Compute.cpp:95]   --->   Operation 101 'load' 'REG_V_2_load' <Predicate = true> <Delay = 0.00>
ST_7 : Operation 102 [1/1] (0.00ns)   --->   "%REG_V_3_load = load i16 %REG_V_3" [Compute_block/Compute.cpp:95]   --->   Operation 102 'load' 'REG_V_3_load' <Predicate = true> <Delay = 0.00>
ST_7 : Operation 103 [1/1] (0.00ns)   --->   "%REG_V_4_load = load i16 %REG_V_4" [Compute_block/Compute.cpp:95]   --->   Operation 103 'load' 'REG_V_4_load' <Predicate = true> <Delay = 0.00>
ST_7 : Operation 104 [1/1] (0.00ns)   --->   "%REG_V_5_load = load i16 %REG_V_5" [Compute_block/Compute.cpp:95]   --->   Operation 104 'load' 'REG_V_5_load' <Predicate = true> <Delay = 0.00>
ST_7 : Operation 105 [1/1] (0.00ns)   --->   "%REG_V_6_load = load i16 %REG_V_6" [Compute_block/Compute.cpp:95]   --->   Operation 105 'load' 'REG_V_6_load' <Predicate = true> <Delay = 0.00>
ST_7 : Operation 106 [1/1] (0.00ns)   --->   "%REG_V_31_load = load i16 %REG_V_31" [Compute_block/Compute.cpp:95]   --->   Operation 106 'load' 'REG_V_31_load' <Predicate = true> <Delay = 0.00>
ST_7 : Operation 107 [1/1] (0.00ns)   --->   "%REG_V_32_load = load i16 %REG_V_32" [Compute_block/Compute.cpp:95]   --->   Operation 107 'load' 'REG_V_32_load' <Predicate = true> <Delay = 0.00>
ST_7 : Operation 108 [1/1] (0.00ns)   --->   "%REG_V_33_load = load i16 %REG_V_33" [Compute_block/Compute.cpp:95]   --->   Operation 108 'load' 'REG_V_33_load' <Predicate = true> <Delay = 0.00>
ST_7 : Operation 109 [1/1] (0.00ns)   --->   "%REG_V_34_load = load i16 %REG_V_34" [Compute_block/Compute.cpp:95]   --->   Operation 109 'load' 'REG_V_34_load' <Predicate = true> <Delay = 0.00>
ST_7 : Operation 110 [1/1] (0.00ns)   --->   "%REG_V_35_load = load i16 %REG_V_35" [Compute_block/Compute.cpp:95]   --->   Operation 110 'load' 'REG_V_35_load' <Predicate = true> <Delay = 0.00>
ST_7 : Operation 111 [1/1] (0.00ns)   --->   "%REG_V_36_load = load i16 %REG_V_36" [Compute_block/Compute.cpp:95]   --->   Operation 111 'load' 'REG_V_36_load' <Predicate = true> <Delay = 0.00>
ST_7 : Operation 112 [1/1] (0.00ns)   --->   "%REG_V_37_load = load i16 %REG_V_37" [Compute_block/Compute.cpp:95]   --->   Operation 112 'load' 'REG_V_37_load' <Predicate = true> <Delay = 0.00>
ST_7 : Operation 113 [1/1] (0.00ns)   --->   "%REG_V_38_load = load i16 %REG_V_38" [Compute_block/Compute.cpp:95]   --->   Operation 113 'load' 'REG_V_38_load' <Predicate = true> <Delay = 0.00>
ST_7 : Operation 114 [1/1] (0.00ns)   --->   "%REG_V_39_load = load i16 %REG_V_39" [Compute_block/Compute.cpp:95]   --->   Operation 114 'load' 'REG_V_39_load' <Predicate = true> <Delay = 0.00>
ST_7 : Operation 115 [1/1] (0.00ns)   --->   "%REG_V_40_load = load i16 %REG_V_40" [Compute_block/Compute.cpp:95]   --->   Operation 115 'load' 'REG_V_40_load' <Predicate = true> <Delay = 0.00>
ST_7 : Operation 116 [1/1] (0.00ns)   --->   "%REG_V_41_load = load i16 %REG_V_41" [Compute_block/Compute.cpp:95]   --->   Operation 116 'load' 'REG_V_41_load' <Predicate = true> <Delay = 0.00>
ST_7 : Operation 117 [1/1] (0.00ns)   --->   "%REG_V_42_load = load i16 %REG_V_42" [Compute_block/Compute.cpp:95]   --->   Operation 117 'load' 'REG_V_42_load' <Predicate = true> <Delay = 0.00>
ST_7 : Operation 118 [1/1] (0.00ns)   --->   "%REG_V_43_load = load i16 %REG_V_43" [Compute_block/Compute.cpp:95]   --->   Operation 118 'load' 'REG_V_43_load' <Predicate = true> <Delay = 0.00>
ST_7 : Operation 119 [1/1] (0.00ns)   --->   "%REG_V_44_load = load i16 %REG_V_44" [Compute_block/Compute.cpp:95]   --->   Operation 119 'load' 'REG_V_44_load' <Predicate = true> <Delay = 0.00>
ST_7 : Operation 120 [1/1] (0.00ns)   --->   "%REG_V_45_load = load i16 %REG_V_45" [Compute_block/Compute.cpp:95]   --->   Operation 120 'load' 'REG_V_45_load' <Predicate = true> <Delay = 0.00>
ST_7 : Operation 121 [1/1] (0.00ns)   --->   "%REG_V_46_load = load i16 %REG_V_46" [Compute_block/Compute.cpp:95]   --->   Operation 121 'load' 'REG_V_46_load' <Predicate = true> <Delay = 0.00>
ST_7 : Operation 122 [1/1] (0.00ns)   --->   "%REG_V_47_load = load i16 %REG_V_47" [Compute_block/Compute.cpp:95]   --->   Operation 122 'load' 'REG_V_47_load' <Predicate = true> <Delay = 0.00>
ST_7 : Operation 123 [1/1] (0.00ns)   --->   "%zext_ln85 = zext i3 %i_1" [Compute_block/Compute.cpp:85]   --->   Operation 123 'zext' 'zext_ln85' <Predicate = true> <Delay = 0.00>
ST_7 : Operation 124 [1/1] (0.00ns)   --->   "%specpipeline_ln86 = specpipeline void @_ssdm_op_SpecPipeline, i32 1, i32 0, i32 0, i32 0, void @empty_0" [Compute_block/Compute.cpp:86]   --->   Operation 124 'specpipeline' 'specpipeline_ln86' <Predicate = true> <Delay = 0.00>
ST_7 : Operation 125 [1/1] (0.00ns)   --->   "%specloopname_ln87 = specloopname void @_ssdm_op_SpecLoopName, void @empty_5" [Compute_block/Compute.cpp:87]   --->   Operation 125 'specloopname' 'specloopname_ln87' <Predicate = true> <Delay = 0.00>
ST_7 : Operation 126 [1/1] (0.00ns)   --->   "%trunc_ln90 = trunc i3 %i_1" [Compute_block/Compute.cpp:90]   --->   Operation 126 'trunc' 'trunc_ln90' <Predicate = true> <Delay = 0.00>
ST_7 : Operation 127 [1/1] (0.44ns)   --->   "%icmp_ln95 = icmp_eq  i2 %trunc_ln90, i2 2" [Compute_block/Compute.cpp:95]   --->   Operation 127 'icmp' 'icmp_ln95' <Predicate = true> <Delay = 0.44> <CoreInst = "Cmp">   --->   Core 9 'Cmp' <Latency = 0> <II = 1> <Delay = 0.44> <FuncUnit> <Opcode : 'icmp'> <InPorts = 2> <OutPorts = 1>
ST_7 : Operation 128 [1/1] (0.35ns)   --->   "%REG_V_56 = select i1 %icmp_ln95, i16 %v3_V_1, i16 %REG_V_47_load" [Compute_block/Compute.cpp:95]   --->   Operation 128 'select' 'REG_V_56' <Predicate = true> <Delay = 0.35> <CoreInst = "Sel">   --->   Core 73 'Sel' <Latency = 0> <II = 1> <Delay = 0.35> <FuncUnit> <Opcode : 'select'> <InPorts = 3> <OutPorts = 1>
ST_7 : Operation 129 [1/1] (0.35ns)   --->   "%REG_V_57 = select i1 %icmp_ln95, i16 %v2_V_1, i16 %REG_V_46_load" [Compute_block/Compute.cpp:95]   --->   Operation 129 'select' 'REG_V_57' <Predicate = true> <Delay = 0.35> <CoreInst = "Sel">   --->   Core 73 'Sel' <Latency = 0> <II = 1> <Delay = 0.35> <FuncUnit> <Opcode : 'select'> <InPorts = 3> <OutPorts = 1>
ST_7 : Operation 130 [1/1] (0.35ns)   --->   "%REG_V_58 = select i1 %icmp_ln95, i16 %v3_V, i16 %REG_V_45_load" [Compute_block/Compute.cpp:95]   --->   Operation 130 'select' 'REG_V_58' <Predicate = true> <Delay = 0.35> <CoreInst = "Sel">   --->   Core 73 'Sel' <Latency = 0> <II = 1> <Delay = 0.35> <FuncUnit> <Opcode : 'select'> <InPorts = 3> <OutPorts = 1>
ST_7 : Operation 131 [1/1] (0.35ns)   --->   "%REG_V_59 = select i1 %icmp_ln95, i16 %v2_V, i16 %REG_V_44_load" [Compute_block/Compute.cpp:95]   --->   Operation 131 'select' 'REG_V_59' <Predicate = true> <Delay = 0.35> <CoreInst = "Sel">   --->   Core 73 'Sel' <Latency = 0> <II = 1> <Delay = 0.35> <FuncUnit> <Opcode : 'select'> <InPorts = 3> <OutPorts = 1>
ST_7 : Operation 132 [1/1] (0.35ns)   --->   "%REG_V_60 = select i1 %icmp_ln95, i16 %v1_V_1, i16 %REG_V_43_load" [Compute_block/Compute.cpp:95]   --->   Operation 132 'select' 'REG_V_60' <Predicate = true> <Delay = 0.35> <CoreInst = "Sel">   --->   Core 73 'Sel' <Latency = 0> <II = 1> <Delay = 0.35> <FuncUnit> <Opcode : 'select'> <InPorts = 3> <OutPorts = 1>
ST_7 : Operation 133 [1/1] (0.35ns)   --->   "%REG_V_61 = select i1 %icmp_ln95, i16 %v0_V_1, i16 %REG_V_42_load" [Compute_block/Compute.cpp:95]   --->   Operation 133 'select' 'REG_V_61' <Predicate = true> <Delay = 0.35> <CoreInst = "Sel">   --->   Core 73 'Sel' <Latency = 0> <II = 1> <Delay = 0.35> <FuncUnit> <Opcode : 'select'> <InPorts = 3> <OutPorts = 1>
ST_7 : Operation 134 [1/1] (0.35ns)   --->   "%REG_V_62 = select i1 %icmp_ln95, i16 %v1_V, i16 %REG_V_41_load" [Compute_block/Compute.cpp:95]   --->   Operation 134 'select' 'REG_V_62' <Predicate = true> <Delay = 0.35> <CoreInst = "Sel">   --->   Core 73 'Sel' <Latency = 0> <II = 1> <Delay = 0.35> <FuncUnit> <Opcode : 'select'> <InPorts = 3> <OutPorts = 1>
ST_7 : Operation 135 [1/1] (0.35ns)   --->   "%REG_V_63 = select i1 %icmp_ln95, i16 %v0_V, i16 %REG_V_40_load" [Compute_block/Compute.cpp:95]   --->   Operation 135 'select' 'REG_V_63' <Predicate = true> <Delay = 0.35> <CoreInst = "Sel">   --->   Core 73 'Sel' <Latency = 0> <II = 1> <Delay = 0.35> <FuncUnit> <Opcode : 'select'> <InPorts = 3> <OutPorts = 1>
ST_7 : Operation 136 [1/1] (0.44ns)   --->   "%icmp_ln95_1 = icmp_eq  i2 %trunc_ln90, i2 1" [Compute_block/Compute.cpp:95]   --->   Operation 136 'icmp' 'icmp_ln95_1' <Predicate = true> <Delay = 0.44> <CoreInst = "Cmp">   --->   Core 9 'Cmp' <Latency = 0> <II = 1> <Delay = 0.44> <FuncUnit> <Opcode : 'icmp'> <InPorts = 2> <OutPorts = 1>
ST_7 : Operation 137 [1/1] (0.35ns)   --->   "%REG_V_64 = select i1 %icmp_ln95_1, i16 %v3_V_1, i16 %REG_V_39_load" [Compute_block/Compute.cpp:95]   --->   Operation 137 'select' 'REG_V_64' <Predicate = true> <Delay = 0.35> <CoreInst = "Sel">   --->   Core 73 'Sel' <Latency = 0> <II = 1> <Delay = 0.35> <FuncUnit> <Opcode : 'select'> <InPorts = 3> <OutPorts = 1>
ST_7 : Operation 138 [1/1] (0.35ns)   --->   "%REG_V_65 = select i1 %icmp_ln95_1, i16 %v2_V_1, i16 %REG_V_38_load" [Compute_block/Compute.cpp:95]   --->   Operation 138 'select' 'REG_V_65' <Predicate = true> <Delay = 0.35> <CoreInst = "Sel">   --->   Core 73 'Sel' <Latency = 0> <II = 1> <Delay = 0.35> <FuncUnit> <Opcode : 'select'> <InPorts = 3> <OutPorts = 1>
ST_7 : Operation 139 [1/1] (0.35ns)   --->   "%REG_V_66 = select i1 %icmp_ln95_1, i16 %v3_V, i16 %REG_V_37_load" [Compute_block/Compute.cpp:95]   --->   Operation 139 'select' 'REG_V_66' <Predicate = true> <Delay = 0.35> <CoreInst = "Sel">   --->   Core 73 'Sel' <Latency = 0> <II = 1> <Delay = 0.35> <FuncUnit> <Opcode : 'select'> <InPorts = 3> <OutPorts = 1>
ST_7 : Operation 140 [1/1] (0.35ns)   --->   "%REG_V_67 = select i1 %icmp_ln95_1, i16 %v2_V, i16 %REG_V_36_load" [Compute_block/Compute.cpp:95]   --->   Operation 140 'select' 'REG_V_67' <Predicate = true> <Delay = 0.35> <CoreInst = "Sel">   --->   Core 73 'Sel' <Latency = 0> <II = 1> <Delay = 0.35> <FuncUnit> <Opcode : 'select'> <InPorts = 3> <OutPorts = 1>
ST_7 : Operation 141 [1/1] (0.35ns)   --->   "%REG_V_68 = select i1 %icmp_ln95_1, i16 %v1_V_1, i16 %REG_V_35_load" [Compute_block/Compute.cpp:95]   --->   Operation 141 'select' 'REG_V_68' <Predicate = true> <Delay = 0.35> <CoreInst = "Sel">   --->   Core 73 'Sel' <Latency = 0> <II = 1> <Delay = 0.35> <FuncUnit> <Opcode : 'select'> <InPorts = 3> <OutPorts = 1>
ST_7 : Operation 142 [1/1] (0.35ns)   --->   "%REG_V_69 = select i1 %icmp_ln95_1, i16 %v0_V_1, i16 %REG_V_34_load" [Compute_block/Compute.cpp:95]   --->   Operation 142 'select' 'REG_V_69' <Predicate = true> <Delay = 0.35> <CoreInst = "Sel">   --->   Core 73 'Sel' <Latency = 0> <II = 1> <Delay = 0.35> <FuncUnit> <Opcode : 'select'> <InPorts = 3> <OutPorts = 1>
ST_7 : Operation 143 [1/1] (0.35ns)   --->   "%REG_V_70 = select i1 %icmp_ln95_1, i16 %v1_V, i16 %REG_V_33_load" [Compute_block/Compute.cpp:95]   --->   Operation 143 'select' 'REG_V_70' <Predicate = true> <Delay = 0.35> <CoreInst = "Sel">   --->   Core 73 'Sel' <Latency = 0> <II = 1> <Delay = 0.35> <FuncUnit> <Opcode : 'select'> <InPorts = 3> <OutPorts = 1>
ST_7 : Operation 144 [1/1] (0.35ns)   --->   "%REG_V_71 = select i1 %icmp_ln95_1, i16 %v0_V, i16 %REG_V_32_load" [Compute_block/Compute.cpp:95]   --->   Operation 144 'select' 'REG_V_71' <Predicate = true> <Delay = 0.35> <CoreInst = "Sel">   --->   Core 73 'Sel' <Latency = 0> <II = 1> <Delay = 0.35> <FuncUnit> <Opcode : 'select'> <InPorts = 3> <OutPorts = 1>
ST_7 : Operation 145 [1/1] (0.44ns)   --->   "%icmp_ln95_2 = icmp_eq  i2 %trunc_ln90, i2 0" [Compute_block/Compute.cpp:95]   --->   Operation 145 'icmp' 'icmp_ln95_2' <Predicate = true> <Delay = 0.44> <CoreInst = "Cmp">   --->   Core 9 'Cmp' <Latency = 0> <II = 1> <Delay = 0.44> <FuncUnit> <Opcode : 'icmp'> <InPorts = 2> <OutPorts = 1>
ST_7 : Operation 146 [1/1] (0.35ns)   --->   "%REG_V_72 = select i1 %icmp_ln95_2, i16 %v3_V_1, i16 %REG_V_31_load" [Compute_block/Compute.cpp:95]   --->   Operation 146 'select' 'REG_V_72' <Predicate = true> <Delay = 0.35> <CoreInst = "Sel">   --->   Core 73 'Sel' <Latency = 0> <II = 1> <Delay = 0.35> <FuncUnit> <Opcode : 'select'> <InPorts = 3> <OutPorts = 1>
ST_7 : Operation 147 [1/1] (0.35ns)   --->   "%REG_V_73 = select i1 %icmp_ln95_2, i16 %v2_V_1, i16 %REG_V_6_load" [Compute_block/Compute.cpp:95]   --->   Operation 147 'select' 'REG_V_73' <Predicate = true> <Delay = 0.35> <CoreInst = "Sel">   --->   Core 73 'Sel' <Latency = 0> <II = 1> <Delay = 0.35> <FuncUnit> <Opcode : 'select'> <InPorts = 3> <OutPorts = 1>
ST_7 : Operation 148 [1/1] (0.35ns)   --->   "%REG_V_74 = select i1 %icmp_ln95_2, i16 %v3_V, i16 %REG_V_5_load" [Compute_block/Compute.cpp:95]   --->   Operation 148 'select' 'REG_V_74' <Predicate = true> <Delay = 0.35> <CoreInst = "Sel">   --->   Core 73 'Sel' <Latency = 0> <II = 1> <Delay = 0.35> <FuncUnit> <Opcode : 'select'> <InPorts = 3> <OutPorts = 1>
ST_7 : Operation 149 [1/1] (0.35ns)   --->   "%REG_V_75 = select i1 %icmp_ln95_2, i16 %v2_V, i16 %REG_V_4_load" [Compute_block/Compute.cpp:95]   --->   Operation 149 'select' 'REG_V_75' <Predicate = true> <Delay = 0.35> <CoreInst = "Sel">   --->   Core 73 'Sel' <Latency = 0> <II = 1> <Delay = 0.35> <FuncUnit> <Opcode : 'select'> <InPorts = 3> <OutPorts = 1>
ST_7 : Operation 150 [1/1] (0.35ns)   --->   "%REG_V_76 = select i1 %icmp_ln95_2, i16 %v1_V_1, i16 %REG_V_3_load" [Compute_block/Compute.cpp:95]   --->   Operation 150 'select' 'REG_V_76' <Predicate = true> <Delay = 0.35> <CoreInst = "Sel">   --->   Core 73 'Sel' <Latency = 0> <II = 1> <Delay = 0.35> <FuncUnit> <Opcode : 'select'> <InPorts = 3> <OutPorts = 1>
ST_7 : Operation 151 [1/1] (0.35ns)   --->   "%REG_V_77 = select i1 %icmp_ln95_2, i16 %v0_V_1, i16 %REG_V_2_load" [Compute_block/Compute.cpp:95]   --->   Operation 151 'select' 'REG_V_77' <Predicate = true> <Delay = 0.35> <CoreInst = "Sel">   --->   Core 73 'Sel' <Latency = 0> <II = 1> <Delay = 0.35> <FuncUnit> <Opcode : 'select'> <InPorts = 3> <OutPorts = 1>
ST_7 : Operation 152 [1/1] (0.35ns)   --->   "%REG_V_78 = select i1 %icmp_ln95_2, i16 %v1_V, i16 %REG_V_1_load" [Compute_block/Compute.cpp:95]   --->   Operation 152 'select' 'REG_V_78' <Predicate = true> <Delay = 0.35> <CoreInst = "Sel">   --->   Core 73 'Sel' <Latency = 0> <II = 1> <Delay = 0.35> <FuncUnit> <Opcode : 'select'> <InPorts = 3> <OutPorts = 1>
ST_7 : Operation 153 [1/1] (0.35ns)   --->   "%REG_V_79 = select i1 %icmp_ln95_2, i16 %v0_V, i16 %REG_V_load" [Compute_block/Compute.cpp:95]   --->   Operation 153 'select' 'REG_V_79' <Predicate = true> <Delay = 0.35> <CoreInst = "Sel">   --->   Core 73 'Sel' <Latency = 0> <II = 1> <Delay = 0.35> <FuncUnit> <Opcode : 'select'> <InPorts = 3> <OutPorts = 1>
ST_7 : Operation 154 [1/2] (0.64ns) (root node of the DSP)   --->   "%add_ln840 = add i32 %ret_V_1, i32 %ret_V"   --->   Operation 154 'add' 'add_ln840' <Predicate = true> <Delay = 0.64> <CoreInst = "DSP48">   --->   Core 127 'DSP48' <Latency = 3> <II = 1> <Delay = 0.53> <IPBlock> <Opcode : 'mul' 'add' 'sub' 'select'> <InPorts = 0> <OutPorts = 1> <Sync> <CReg>
ST_7 : Operation 155 [1/2] (0.64ns) (root node of the DSP)   --->   "%add_ln840_1 = add i32 %ret_V_3, i32 %ret_V_2"   --->   Operation 155 'add' 'add_ln840_1' <Predicate = true> <Delay = 0.64> <CoreInst = "DSP48">   --->   Core 127 'DSP48' <Latency = 3> <II = 1> <Delay = 0.53> <IPBlock> <Opcode : 'mul' 'add' 'sub' 'select'> <InPorts = 0> <OutPorts = 1> <Sync> <CReg>
ST_7 : Operation 156 [1/1] (0.00ns)   --->   "%br_ln101 = br i1 %phase_read, void %if.end, void %if.then" [Compute_block/Compute.cpp:101]   --->   Operation 156 'br' 'br_ln101' <Predicate = true> <Delay = 0.00>
ST_7 : Operation 157 [1/1] (1.01ns)   --->   "%add_ln186 = add i32 %add_ln840_1, i32 %add_ln840"   --->   Operation 157 'add' 'add_ln186' <Predicate = (!phase_read)> <Delay = 1.01> <CoreInst = "Adder">   --->   Core 1 'Adder' <Latency = 0> <II = 1> <Delay = 1.01> <FuncUnit> <Opcode : 'add' 'sub'> <InPorts = 2> <OutPorts = 1>
ST_7 : Operation 158 [1/1] (0.44ns)   --->   "%switch_ln105 = switch i2 %trunc_ln90, void %arrayidx64.case.15, i2 0, void %arrayidx64.case.0, i2 1, void %arrayidx64.case.5, i2 2, void %arrayidx64.case.10" [Compute_block/Compute.cpp:105]   --->   Operation 158 'switch' 'switch_ln105' <Predicate = (!phase_read)> <Delay = 0.44>
ST_7 : Operation 159 [1/1] (0.47ns)   --->   "%store_ln105 = store i32 %add_ln186, i32 %p_ZZ7computeP6ap_intILi64EEPS_ILi32EEbE4REG1_10" [Compute_block/Compute.cpp:105]   --->   Operation 159 'store' 'store_ln105' <Predicate = (!phase_read & trunc_ln90 == 2)> <Delay = 0.47>
ST_7 : Operation 160 [1/1] (0.00ns)   --->   "%br_ln105 = br void %arrayidx64.exit" [Compute_block/Compute.cpp:105]   --->   Operation 160 'br' 'br_ln105' <Predicate = (!phase_read & trunc_ln90 == 2)> <Delay = 0.00>
ST_7 : Operation 161 [1/1] (0.47ns)   --->   "%store_ln105 = store i32 %add_ln186, i32 %compute_ap_int_64_ap_int_32_bool_REG1_5" [Compute_block/Compute.cpp:105]   --->   Operation 161 'store' 'store_ln105' <Predicate = (!phase_read & trunc_ln90 == 1)> <Delay = 0.47>
ST_7 : Operation 162 [1/1] (0.00ns)   --->   "%br_ln105 = br void %arrayidx64.exit" [Compute_block/Compute.cpp:105]   --->   Operation 162 'br' 'br_ln105' <Predicate = (!phase_read & trunc_ln90 == 1)> <Delay = 0.00>
ST_7 : Operation 163 [1/1] (0.47ns)   --->   "%store_ln105 = store i32 %add_ln186, i32 %compute_ap_int_64_ap_int_32_bool_REG1" [Compute_block/Compute.cpp:105]   --->   Operation 163 'store' 'store_ln105' <Predicate = (!phase_read & trunc_ln90 == 0)> <Delay = 0.47>
ST_7 : Operation 164 [1/1] (0.00ns)   --->   "%br_ln105 = br void %arrayidx64.exit" [Compute_block/Compute.cpp:105]   --->   Operation 164 'br' 'br_ln105' <Predicate = (!phase_read & trunc_ln90 == 0)> <Delay = 0.00>
ST_7 : Operation 165 [1/1] (0.00ns)   --->   "%store_ln105 = store i32 %add_ln186, i32 %p_ZZ7computeP6ap_intILi64EEPS_ILi32EEbE4REG1_15" [Compute_block/Compute.cpp:105]   --->   Operation 165 'store' 'store_ln105' <Predicate = (!phase_read & trunc_ln90 == 3)> <Delay = 0.00>
ST_7 : Operation 166 [1/1] (0.00ns)   --->   "%br_ln105 = br void %arrayidx64.exit" [Compute_block/Compute.cpp:105]   --->   Operation 166 'br' 'br_ln105' <Predicate = (!phase_read & trunc_ln90 == 3)> <Delay = 0.00>
ST_7 : Operation 167 [1/1] (0.00ns)   --->   "%br_ln0 = br void %VITIS_LOOP_107_3"   --->   Operation 167 'br' 'br_ln0' <Predicate = (!phase_read)> <Delay = 0.00>
ST_7 : Operation 168 [1/1] (0.00ns)   --->   "%compute_ap_int_64_ap_int_32_bool_REG1_load = load i32 %compute_ap_int_64_ap_int_32_bool_REG1"   --->   Operation 168 'load' 'compute_ap_int_64_ap_int_32_bool_REG1_load' <Predicate = (phase_read)> <Delay = 0.00>
ST_7 : Operation 169 [1/1] (0.00ns)   --->   "%compute_ap_int_64_ap_int_32_bool_REG1_5_load = load i32 %compute_ap_int_64_ap_int_32_bool_REG1_5"   --->   Operation 169 'load' 'compute_ap_int_64_ap_int_32_bool_REG1_5_load' <Predicate = (phase_read)> <Delay = 0.00>
ST_7 : Operation 170 [1/1] (0.00ns)   --->   "%p_ZZ7computeP6ap_intILi64EEPS_ILi32EEbE4REG1_10_load = load i32 %p_ZZ7computeP6ap_intILi64EEPS_ILi32EEbE4REG1_10"   --->   Operation 170 'load' 'p_ZZ7computeP6ap_intILi64EEPS_ILi32EEbE4REG1_10_load' <Predicate = (phase_read)> <Delay = 0.00>
ST_7 : Operation 171 [1/1] (0.00ns)   --->   "%compute_ap_int_64_ap_int_32_bool_REG1 = load i32 %p_ZZ7computeP6ap_intILi64EEPS_ILi32EEbE4REG1_15"   --->   Operation 171 'load' 'compute_ap_int_64_ap_int_32_bool_REG1' <Predicate = (phase_read)> <Delay = 0.00>
ST_7 : Operation 172 [1/1] (0.52ns)   --->   "%tmp = mux i32 @_ssdm_op_Mux.ap_auto.4i32.i2, i32 %compute_ap_int_64_ap_int_32_bool_REG1_load, i32 %compute_ap_int_64_ap_int_32_bool_REG1_5_load, i32 %p_ZZ7computeP6ap_intILi64EEPS_ILi32EEbE4REG1_10_load, i32 %compute_ap_int_64_ap_int_32_bool_REG1, i2 %trunc_ln90"   --->   Operation 172 'mux' 'tmp' <Predicate = (phase_read)> <Delay = 0.52> <CoreInst = "Multiplexer">   --->   Core 76 'Multiplexer' <Latency = 0> <II = 1> <Delay = 0.52> <FuncUnit> <Opcode : 'mux'> <InPorts = 2> <OutPorts = 1>
ST_7 : Operation 173 [1/1] (0.00ns) (grouped into TernaryAdder)   --->   "%add_ln102_1 = add i32 %add_ln840, i32 %tmp" [Compute_block/Compute.cpp:102]   --->   Operation 173 'add' 'add_ln102_1' <Predicate = (phase_read)> <Delay = 0.00> <CoreInst = "TAddSub">   --->   Core 10 'TAddSub' <Latency = 0> <II = 1> <Delay = 0.36> <IPBlock> <Opcode : 'add' 'sub'> <InPorts = 3> <OutPorts = 1> <Sync> <CReg>
ST_7 : Operation 174 [1/1] (0.73ns) (root node of TernaryAdder)   --->   "%add_ln102 = add i32 %add_ln102_1, i32 %add_ln840_1" [Compute_block/Compute.cpp:102]   --->   Operation 174 'add' 'add_ln102' <Predicate = (phase_read)> <Delay = 0.73> <CoreInst = "TAddSub">   --->   Core 10 'TAddSub' <Latency = 0> <II = 1> <Delay = 0.36> <IPBlock> <Opcode : 'add' 'sub'> <InPorts = 3> <OutPorts = 1> <Sync> <CReg>
ST_7 : Operation 175 [1/1] (0.00ns)   --->   "%lshr_ln = bitconcatenate i4 @_ssdm_op_BitConcatenate.i4.i2.i2, i2 %trunc_ln90, i2 %trunc_ln90" [Compute_block/Compute.cpp:102]   --->   Operation 175 'bitconcatenate' 'lshr_ln' <Predicate = (phase_read)> <Delay = 0.00>
ST_7 : Operation 176 [1/1] (0.00ns)   --->   "%zext_ln102 = zext i4 %lshr_ln" [Compute_block/Compute.cpp:102]   --->   Operation 176 'zext' 'zext_ln102' <Predicate = (phase_read)> <Delay = 0.00>
ST_7 : Operation 177 [1/1] (0.00ns)   --->   "%buffer_2_addr = getelementptr i32 %buffer_2, i64 0, i64 %zext_ln102" [Compute_block/Compute.cpp:102]   --->   Operation 177 'getelementptr' 'buffer_2_addr' <Predicate = (phase_read)> <Delay = 0.00>
ST_7 : Operation 178 [1/1] (0.67ns)   --->   "%store_ln102 = store i32 %add_ln102, i4 %buffer_2_addr" [Compute_block/Compute.cpp:102]   --->   Operation 178 'store' 'store_ln102' <Predicate = (phase_read)> <Delay = 0.67> <CoreInst = "RAM">   --->   Core 83 'RAM' <Latency = 1> <II = 1> <Delay = 0.67> <Storage> <Opcode : 'load' 'store'> <Ports = 2> <Width = 32> <Depth = 16> <RAM>
ST_7 : Operation 179 [1/1] (0.00ns)   --->   "%br_ln103 = br void %VITIS_LOOP_107_3" [Compute_block/Compute.cpp:103]   --->   Operation 179 'br' 'br_ln103' <Predicate = (phase_read)> <Delay = 0.00>
ST_7 : Operation 180 [1/1] (0.42ns)   --->   "%br_ln107 = br void %for.inc96" [Compute_block/Compute.cpp:107]   --->   Operation 180 'br' 'br_ln107' <Predicate = true> <Delay = 0.42>

State 8 <SV = 7> <Delay = 1.01>
ST_8 : Operation 181 [1/1] (0.00ns)   --->   "%com = phi i2 0, void %VITIS_LOOP_107_3, i2 %add_ln107, void %for.inc138" [Compute_block/Compute.cpp:120]   --->   Operation 181 'phi' 'com' <Predicate = true> <Delay = 0.00>
ST_8 : Operation 182 [1/1] (0.00ns)   --->   "%zext_ln107 = zext i2 %com" [Compute_block/Compute.cpp:107]   --->   Operation 182 'zext' 'zext_ln107' <Predicate = true> <Delay = 0.00>
ST_8 : Operation 183 [1/1] (0.58ns)   --->   "%icmp_ln107 = icmp_eq  i3 %zext_ln107, i3 %i_1" [Compute_block/Compute.cpp:107]   --->   Operation 183 'icmp' 'icmp_ln107' <Predicate = true> <Delay = 0.58> <CoreInst = "Cmp">   --->   Core 9 'Cmp' <Latency = 0> <II = 1> <Delay = 0.58> <FuncUnit> <Opcode : 'icmp'> <InPorts = 2> <OutPorts = 1>
ST_8 : Operation 184 [1/1] (0.00ns)   --->   "%empty_11 = speclooptripcount i32 @_ssdm_op_SpecLoopTripCount, i64 0, i64 3, i64 0"   --->   Operation 184 'speclooptripcount' 'empty_11' <Predicate = true> <Delay = 0.00>
ST_8 : Operation 185 [1/1] (0.54ns)   --->   "%add_ln107 = add i2 %com, i2 1" [Compute_block/Compute.cpp:107]   --->   Operation 185 'add' 'add_ln107' <Predicate = true> <Delay = 0.54> <CoreInst = "Adder">   --->   Core 1 'Adder' <Latency = 0> <II = 1> <Delay = 0.54> <FuncUnit> <Opcode : 'add' 'sub'> <InPorts = 2> <OutPorts = 1>
ST_8 : Operation 186 [1/1] (0.00ns)   --->   "%br_ln107 = br i1 %icmp_ln107, void %for.inc96.split, void %for.inc141.loopexit" [Compute_block/Compute.cpp:107]   --->   Operation 186 'br' 'br_ln107' <Predicate = true> <Delay = 0.00>
ST_8 : Operation 187 [1/1] (0.47ns)   --->   "%rhs_4 = mux i16 @_ssdm_op_Mux.ap_auto.3i16.i2, i16 %REG_V_75, i16 %REG_V_67, i16 %REG_V_59, i2 %com"   --->   Operation 187 'mux' 'rhs_4' <Predicate = (!icmp_ln107)> <Delay = 0.47> <CoreInst = "Multiplexer">   --->   Core 76 'Multiplexer' <Latency = 0> <II = 1> <Delay = 0.47> <FuncUnit> <Opcode : 'mux'> <InPorts = 2> <OutPorts = 1>
ST_8 : Operation 188 [1/1] (0.00ns)   --->   "%zext_ln186_8 = zext i16 %rhs_4"   --->   Operation 188 'zext' 'zext_ln186_8' <Predicate = (!icmp_ln107)> <Delay = 0.00>
ST_8 : Operation 189 [4/4] (0.53ns) (root node of the DSP)   --->   "%ret_V_4 = mul i32 %zext_ln186_8, i32 %zext_ln186"   --->   Operation 189 'mul' 'ret_V_4' <Predicate = (!icmp_ln107)> <Delay = 0.53> <CoreInst = "DSP48">   --->   Core 127 'DSP48' <Latency = 3> <II = 1> <Delay = 0.53> <IPBlock> <Opcode : 'mul' 'add' 'sub' 'select'> <InPorts = 0> <OutPorts = 1> <Sync> <CReg>
ST_8 : Operation 190 [1/1] (0.47ns)   --->   "%lhs_4 = mux i16 @_ssdm_op_Mux.ap_auto.3i16.i2, i16 %REG_V_79, i16 %REG_V_71, i16 %REG_V_63, i2 %com"   --->   Operation 190 'mux' 'lhs_4' <Predicate = (!icmp_ln107)> <Delay = 0.47> <CoreInst = "Multiplexer">   --->   Core 76 'Multiplexer' <Latency = 0> <II = 1> <Delay = 0.47> <FuncUnit> <Opcode : 'mux'> <InPorts = 2> <OutPorts = 1>
ST_8 : Operation 191 [1/1] (0.00ns)   --->   "%zext_ln186_9 = zext i16 %lhs_4"   --->   Operation 191 'zext' 'zext_ln186_9' <Predicate = (!icmp_ln107)> <Delay = 0.00>
ST_8 : Operation 192 [4/4] (0.53ns) (root node of the DSP)   --->   "%ret_V_5 = mul i32 %zext_ln186_9, i32 %zext_ln186_1"   --->   Operation 192 'mul' 'ret_V_5' <Predicate = (!icmp_ln107)> <Delay = 0.53> <CoreInst = "DSP48">   --->   Core 127 'DSP48' <Latency = 3> <II = 1> <Delay = 0.53> <IPBlock> <Opcode : 'mul' 'add' 'sub' 'select'> <InPorts = 0> <OutPorts = 1> <Sync> <CReg>
ST_8 : Operation 193 [1/1] (0.47ns)   --->   "%rhs_5 = mux i16 @_ssdm_op_Mux.ap_auto.3i16.i2, i16 %REG_V_74, i16 %REG_V_66, i16 %REG_V_58, i2 %com"   --->   Operation 193 'mux' 'rhs_5' <Predicate = (!icmp_ln107)> <Delay = 0.47> <CoreInst = "Multiplexer">   --->   Core 76 'Multiplexer' <Latency = 0> <II = 1> <Delay = 0.47> <FuncUnit> <Opcode : 'mux'> <InPorts = 2> <OutPorts = 1>
ST_8 : Operation 194 [1/1] (0.47ns)   --->   "%lhs_5 = mux i16 @_ssdm_op_Mux.ap_auto.3i16.i2, i16 %REG_V_78, i16 %REG_V_70, i16 %REG_V_62, i2 %com"   --->   Operation 194 'mux' 'lhs_5' <Predicate = (!icmp_ln107)> <Delay = 0.47> <CoreInst = "Multiplexer">   --->   Core 76 'Multiplexer' <Latency = 0> <II = 1> <Delay = 0.47> <FuncUnit> <Opcode : 'mux'> <InPorts = 2> <OutPorts = 1>
ST_8 : Operation 195 [1/1] (0.47ns)   --->   "%rhs_6 = mux i16 @_ssdm_op_Mux.ap_auto.3i16.i2, i16 %REG_V_73, i16 %REG_V_65, i16 %REG_V_57, i2 %com"   --->   Operation 195 'mux' 'rhs_6' <Predicate = (!icmp_ln107)> <Delay = 0.47> <CoreInst = "Multiplexer">   --->   Core 76 'Multiplexer' <Latency = 0> <II = 1> <Delay = 0.47> <FuncUnit> <Opcode : 'mux'> <InPorts = 2> <OutPorts = 1>
ST_8 : Operation 196 [1/1] (0.47ns)   --->   "%lhs_6 = mux i16 @_ssdm_op_Mux.ap_auto.3i16.i2, i16 %REG_V_77, i16 %REG_V_69, i16 %REG_V_61, i2 %com"   --->   Operation 196 'mux' 'lhs_6' <Predicate = (!icmp_ln107)> <Delay = 0.47> <CoreInst = "Multiplexer">   --->   Core 76 'Multiplexer' <Latency = 0> <II = 1> <Delay = 0.47> <FuncUnit> <Opcode : 'mux'> <InPorts = 2> <OutPorts = 1>
ST_8 : Operation 197 [1/1] (0.47ns)   --->   "%rhs_7 = mux i16 @_ssdm_op_Mux.ap_auto.3i16.i2, i16 %REG_V_72, i16 %REG_V_64, i16 %REG_V_56, i2 %com"   --->   Operation 197 'mux' 'rhs_7' <Predicate = (!icmp_ln107)> <Delay = 0.47> <CoreInst = "Multiplexer">   --->   Core 76 'Multiplexer' <Latency = 0> <II = 1> <Delay = 0.47> <FuncUnit> <Opcode : 'mux'> <InPorts = 2> <OutPorts = 1>
ST_8 : Operation 198 [1/1] (0.00ns)   --->   "%zext_ln186_14 = zext i16 %rhs_7"   --->   Operation 198 'zext' 'zext_ln186_14' <Predicate = (!icmp_ln107)> <Delay = 0.00>
ST_8 : Operation 199 [4/4] (0.53ns) (root node of the DSP)   --->   "%ret_V_10 = mul i32 %zext_ln186_14, i32 %zext_ln186_6"   --->   Operation 199 'mul' 'ret_V_10' <Predicate = (!icmp_ln107)> <Delay = 0.53> <CoreInst = "DSP48">   --->   Core 127 'DSP48' <Latency = 3> <II = 1> <Delay = 0.53> <IPBlock> <Opcode : 'mul' 'add' 'sub' 'select'> <InPorts = 0> <OutPorts = 1> <Sync> <CReg>
ST_8 : Operation 200 [1/1] (0.47ns)   --->   "%lhs_7 = mux i16 @_ssdm_op_Mux.ap_auto.3i16.i2, i16 %REG_V_76, i16 %REG_V_68, i16 %REG_V_60, i2 %com"   --->   Operation 200 'mux' 'lhs_7' <Predicate = (!icmp_ln107)> <Delay = 0.47> <CoreInst = "Multiplexer">   --->   Core 76 'Multiplexer' <Latency = 0> <II = 1> <Delay = 0.47> <FuncUnit> <Opcode : 'mux'> <InPorts = 2> <OutPorts = 1>
ST_8 : Operation 201 [1/1] (0.00ns)   --->   "%zext_ln186_15 = zext i16 %lhs_7"   --->   Operation 201 'zext' 'zext_ln186_15' <Predicate = (!icmp_ln107)> <Delay = 0.00>
ST_8 : Operation 202 [4/4] (0.53ns) (root node of the DSP)   --->   "%ret_V_11 = mul i32 %zext_ln186_15, i32 %zext_ln186_7"   --->   Operation 202 'mul' 'ret_V_11' <Predicate = (!icmp_ln107)> <Delay = 0.53> <CoreInst = "DSP48">   --->   Core 127 'DSP48' <Latency = 3> <II = 1> <Delay = 0.53> <IPBlock> <Opcode : 'mul' 'add' 'sub' 'select'> <InPorts = 0> <OutPorts = 1> <Sync> <CReg>
ST_8 : Operation 203 [1/1] (0.00ns)   --->   "%store_ln85 = store i16 %REG_V_56, i16 %REG_V_47" [Compute_block/Compute.cpp:85]   --->   Operation 203 'store' 'store_ln85' <Predicate = (icmp_ln107)> <Delay = 0.00>
ST_8 : Operation 204 [1/1] (0.00ns)   --->   "%store_ln85 = store i16 %REG_V_57, i16 %REG_V_46" [Compute_block/Compute.cpp:85]   --->   Operation 204 'store' 'store_ln85' <Predicate = (icmp_ln107)> <Delay = 0.00>
ST_8 : Operation 205 [1/1] (0.00ns)   --->   "%store_ln85 = store i16 %REG_V_58, i16 %REG_V_45" [Compute_block/Compute.cpp:85]   --->   Operation 205 'store' 'store_ln85' <Predicate = (icmp_ln107)> <Delay = 0.00>
ST_8 : Operation 206 [1/1] (0.00ns)   --->   "%store_ln85 = store i16 %REG_V_59, i16 %REG_V_44" [Compute_block/Compute.cpp:85]   --->   Operation 206 'store' 'store_ln85' <Predicate = (icmp_ln107)> <Delay = 0.00>
ST_8 : Operation 207 [1/1] (0.00ns)   --->   "%store_ln85 = store i16 %REG_V_60, i16 %REG_V_43" [Compute_block/Compute.cpp:85]   --->   Operation 207 'store' 'store_ln85' <Predicate = (icmp_ln107)> <Delay = 0.00>
ST_8 : Operation 208 [1/1] (0.00ns)   --->   "%store_ln85 = store i16 %REG_V_61, i16 %REG_V_42" [Compute_block/Compute.cpp:85]   --->   Operation 208 'store' 'store_ln85' <Predicate = (icmp_ln107)> <Delay = 0.00>
ST_8 : Operation 209 [1/1] (0.00ns)   --->   "%store_ln85 = store i16 %REG_V_62, i16 %REG_V_41" [Compute_block/Compute.cpp:85]   --->   Operation 209 'store' 'store_ln85' <Predicate = (icmp_ln107)> <Delay = 0.00>
ST_8 : Operation 210 [1/1] (0.00ns)   --->   "%store_ln85 = store i16 %REG_V_63, i16 %REG_V_40" [Compute_block/Compute.cpp:85]   --->   Operation 210 'store' 'store_ln85' <Predicate = (icmp_ln107)> <Delay = 0.00>
ST_8 : Operation 211 [1/1] (0.00ns)   --->   "%store_ln85 = store i16 %REG_V_64, i16 %REG_V_39" [Compute_block/Compute.cpp:85]   --->   Operation 211 'store' 'store_ln85' <Predicate = (icmp_ln107)> <Delay = 0.00>
ST_8 : Operation 212 [1/1] (0.00ns)   --->   "%store_ln85 = store i16 %REG_V_65, i16 %REG_V_38" [Compute_block/Compute.cpp:85]   --->   Operation 212 'store' 'store_ln85' <Predicate = (icmp_ln107)> <Delay = 0.00>
ST_8 : Operation 213 [1/1] (0.00ns)   --->   "%store_ln85 = store i16 %REG_V_66, i16 %REG_V_37" [Compute_block/Compute.cpp:85]   --->   Operation 213 'store' 'store_ln85' <Predicate = (icmp_ln107)> <Delay = 0.00>
ST_8 : Operation 214 [1/1] (0.00ns)   --->   "%store_ln85 = store i16 %REG_V_67, i16 %REG_V_36" [Compute_block/Compute.cpp:85]   --->   Operation 214 'store' 'store_ln85' <Predicate = (icmp_ln107)> <Delay = 0.00>
ST_8 : Operation 215 [1/1] (0.00ns)   --->   "%store_ln85 = store i16 %REG_V_68, i16 %REG_V_35" [Compute_block/Compute.cpp:85]   --->   Operation 215 'store' 'store_ln85' <Predicate = (icmp_ln107)> <Delay = 0.00>
ST_8 : Operation 216 [1/1] (0.00ns)   --->   "%store_ln85 = store i16 %REG_V_69, i16 %REG_V_34" [Compute_block/Compute.cpp:85]   --->   Operation 216 'store' 'store_ln85' <Predicate = (icmp_ln107)> <Delay = 0.00>
ST_8 : Operation 217 [1/1] (0.00ns)   --->   "%store_ln85 = store i16 %REG_V_70, i16 %REG_V_33" [Compute_block/Compute.cpp:85]   --->   Operation 217 'store' 'store_ln85' <Predicate = (icmp_ln107)> <Delay = 0.00>
ST_8 : Operation 218 [1/1] (0.00ns)   --->   "%store_ln85 = store i16 %REG_V_71, i16 %REG_V_32" [Compute_block/Compute.cpp:85]   --->   Operation 218 'store' 'store_ln85' <Predicate = (icmp_ln107)> <Delay = 0.00>
ST_8 : Operation 219 [1/1] (0.00ns)   --->   "%store_ln85 = store i16 %REG_V_72, i16 %REG_V_31" [Compute_block/Compute.cpp:85]   --->   Operation 219 'store' 'store_ln85' <Predicate = (icmp_ln107)> <Delay = 0.00>
ST_8 : Operation 220 [1/1] (0.00ns)   --->   "%store_ln85 = store i16 %REG_V_73, i16 %REG_V_6" [Compute_block/Compute.cpp:85]   --->   Operation 220 'store' 'store_ln85' <Predicate = (icmp_ln107)> <Delay = 0.00>
ST_8 : Operation 221 [1/1] (0.00ns)   --->   "%store_ln85 = store i16 %REG_V_74, i16 %REG_V_5" [Compute_block/Compute.cpp:85]   --->   Operation 221 'store' 'store_ln85' <Predicate = (icmp_ln107)> <Delay = 0.00>
ST_8 : Operation 222 [1/1] (0.00ns)   --->   "%store_ln85 = store i16 %REG_V_75, i16 %REG_V_4" [Compute_block/Compute.cpp:85]   --->   Operation 222 'store' 'store_ln85' <Predicate = (icmp_ln107)> <Delay = 0.00>
ST_8 : Operation 223 [1/1] (0.00ns)   --->   "%store_ln85 = store i16 %REG_V_76, i16 %REG_V_3" [Compute_block/Compute.cpp:85]   --->   Operation 223 'store' 'store_ln85' <Predicate = (icmp_ln107)> <Delay = 0.00>
ST_8 : Operation 224 [1/1] (0.00ns)   --->   "%store_ln85 = store i16 %REG_V_77, i16 %REG_V_2" [Compute_block/Compute.cpp:85]   --->   Operation 224 'store' 'store_ln85' <Predicate = (icmp_ln107)> <Delay = 0.00>
ST_8 : Operation 225 [1/1] (0.00ns)   --->   "%store_ln85 = store i16 %REG_V_78, i16 %REG_V_1" [Compute_block/Compute.cpp:85]   --->   Operation 225 'store' 'store_ln85' <Predicate = (icmp_ln107)> <Delay = 0.00>
ST_8 : Operation 226 [1/1] (0.00ns)   --->   "%store_ln85 = store i16 %REG_V_79, i16 %REG_V" [Compute_block/Compute.cpp:85]   --->   Operation 226 'store' 'store_ln85' <Predicate = (icmp_ln107)> <Delay = 0.00>
ST_8 : Operation 227 [1/1] (0.42ns)   --->   "%store_ln85 = store i3 %add_ln85, i3 %i" [Compute_block/Compute.cpp:85]   --->   Operation 227 'store' 'store_ln85' <Predicate = (icmp_ln107)> <Delay = 0.42>
ST_8 : Operation 228 [1/1] (0.00ns)   --->   "%br_ln85 = br void %for.inc" [Compute_block/Compute.cpp:85]   --->   Operation 228 'br' 'br_ln85' <Predicate = (icmp_ln107)> <Delay = 0.00>

State 9 <SV = 8> <Delay = 0.99>
ST_9 : Operation 229 [3/4] (0.53ns) (root node of the DSP)   --->   "%ret_V_4 = mul i32 %zext_ln186_8, i32 %zext_ln186"   --->   Operation 229 'mul' 'ret_V_4' <Predicate = true> <Delay = 0.53> <CoreInst = "DSP48">   --->   Core 127 'DSP48' <Latency = 3> <II = 1> <Delay = 0.53> <IPBlock> <Opcode : 'mul' 'add' 'sub' 'select'> <InPorts = 0> <OutPorts = 1> <Sync> <CReg>
ST_9 : Operation 230 [3/4] (0.53ns) (root node of the DSP)   --->   "%ret_V_5 = mul i32 %zext_ln186_9, i32 %zext_ln186_1"   --->   Operation 230 'mul' 'ret_V_5' <Predicate = true> <Delay = 0.53> <CoreInst = "DSP48">   --->   Core 127 'DSP48' <Latency = 3> <II = 1> <Delay = 0.53> <IPBlock> <Opcode : 'mul' 'add' 'sub' 'select'> <InPorts = 0> <OutPorts = 1> <Sync> <CReg>
ST_9 : Operation 231 [1/1] (0.00ns)   --->   "%zext_ln186_12 = zext i16 %rhs_6"   --->   Operation 231 'zext' 'zext_ln186_12' <Predicate = true> <Delay = 0.00>
ST_9 : Operation 232 [3/3] (0.99ns) (grouped into DSP with root node add_ln840_2)   --->   "%ret_V_8 = mul i32 %zext_ln186_12, i32 %zext_ln186_4"   --->   Operation 232 'mul' 'ret_V_8' <Predicate = true> <Delay = 0.99> <CoreInst = "DSP48">   --->   Core 127 'DSP48' <Latency = 3> <II = 1> <Delay = 0.53> <IPBlock> <Opcode : 'mul' 'add' 'sub' 'select'> <InPorts = 0> <OutPorts = 1> <Sync> <CReg>
ST_9 : Operation 233 [1/1] (0.00ns)   --->   "%zext_ln186_13 = zext i16 %lhs_6"   --->   Operation 233 'zext' 'zext_ln186_13' <Predicate = true> <Delay = 0.00>
ST_9 : Operation 234 [3/3] (0.99ns) (grouped into DSP with root node add_ln840_4)   --->   "%ret_V_9 = mul i32 %zext_ln186_13, i32 %zext_ln186_5"   --->   Operation 234 'mul' 'ret_V_9' <Predicate = true> <Delay = 0.99> <CoreInst = "DSP48">   --->   Core 127 'DSP48' <Latency = 3> <II = 1> <Delay = 0.53> <IPBlock> <Opcode : 'mul' 'add' 'sub' 'select'> <InPorts = 0> <OutPorts = 1> <Sync> <CReg>
ST_9 : Operation 235 [3/4] (0.53ns) (root node of the DSP)   --->   "%ret_V_10 = mul i32 %zext_ln186_14, i32 %zext_ln186_6"   --->   Operation 235 'mul' 'ret_V_10' <Predicate = true> <Delay = 0.53> <CoreInst = "DSP48">   --->   Core 127 'DSP48' <Latency = 3> <II = 1> <Delay = 0.53> <IPBlock> <Opcode : 'mul' 'add' 'sub' 'select'> <InPorts = 0> <OutPorts = 1> <Sync> <CReg>
ST_9 : Operation 236 [3/4] (0.53ns) (root node of the DSP)   --->   "%ret_V_11 = mul i32 %zext_ln186_15, i32 %zext_ln186_7"   --->   Operation 236 'mul' 'ret_V_11' <Predicate = true> <Delay = 0.53> <CoreInst = "DSP48">   --->   Core 127 'DSP48' <Latency = 3> <II = 1> <Delay = 0.53> <IPBlock> <Opcode : 'mul' 'add' 'sub' 'select'> <InPorts = 0> <OutPorts = 1> <Sync> <CReg>

State 10 <SV = 9> <Delay = 0.99>
ST_10 : Operation 237 [2/4] (0.53ns) (root node of the DSP)   --->   "%ret_V_4 = mul i32 %zext_ln186_8, i32 %zext_ln186"   --->   Operation 237 'mul' 'ret_V_4' <Predicate = true> <Delay = 0.53> <CoreInst = "DSP48">   --->   Core 127 'DSP48' <Latency = 3> <II = 1> <Delay = 0.53> <IPBlock> <Opcode : 'mul' 'add' 'sub' 'select'> <InPorts = 0> <OutPorts = 1> <Sync> <CReg>
ST_10 : Operation 238 [2/4] (0.53ns) (root node of the DSP)   --->   "%ret_V_5 = mul i32 %zext_ln186_9, i32 %zext_ln186_1"   --->   Operation 238 'mul' 'ret_V_5' <Predicate = true> <Delay = 0.53> <CoreInst = "DSP48">   --->   Core 127 'DSP48' <Latency = 3> <II = 1> <Delay = 0.53> <IPBlock> <Opcode : 'mul' 'add' 'sub' 'select'> <InPorts = 0> <OutPorts = 1> <Sync> <CReg>
ST_10 : Operation 239 [1/1] (0.00ns)   --->   "%zext_ln186_10 = zext i16 %rhs_5"   --->   Operation 239 'zext' 'zext_ln186_10' <Predicate = true> <Delay = 0.00>
ST_10 : Operation 240 [3/3] (0.99ns) (grouped into DSP with root node add_ln840_3)   --->   "%ret_V_6 = mul i32 %zext_ln186_10, i32 %zext_ln186_2"   --->   Operation 240 'mul' 'ret_V_6' <Predicate = true> <Delay = 0.99> <CoreInst = "DSP48">   --->   Core 127 'DSP48' <Latency = 3> <II = 1> <Delay = 0.53> <IPBlock> <Opcode : 'mul' 'add' 'sub' 'select'> <InPorts = 0> <OutPorts = 1> <Sync> <CReg>
ST_10 : Operation 241 [1/1] (0.00ns)   --->   "%zext_ln186_11 = zext i16 %lhs_5"   --->   Operation 241 'zext' 'zext_ln186_11' <Predicate = true> <Delay = 0.00>
ST_10 : Operation 242 [3/3] (0.99ns) (grouped into DSP with root node add_ln840_5)   --->   "%ret_V_7 = mul i32 %zext_ln186_11, i32 %zext_ln186_3"   --->   Operation 242 'mul' 'ret_V_7' <Predicate = true> <Delay = 0.99> <CoreInst = "DSP48">   --->   Core 127 'DSP48' <Latency = 3> <II = 1> <Delay = 0.53> <IPBlock> <Opcode : 'mul' 'add' 'sub' 'select'> <InPorts = 0> <OutPorts = 1> <Sync> <CReg>
ST_10 : Operation 243 [2/3] (0.99ns) (grouped into DSP with root node add_ln840_2)   --->   "%ret_V_8 = mul i32 %zext_ln186_12, i32 %zext_ln186_4"   --->   Operation 243 'mul' 'ret_V_8' <Predicate = true> <Delay = 0.99> <CoreInst = "DSP48">   --->   Core 127 'DSP48' <Latency = 3> <II = 1> <Delay = 0.53> <IPBlock> <Opcode : 'mul' 'add' 'sub' 'select'> <InPorts = 0> <OutPorts = 1> <Sync> <CReg>
ST_10 : Operation 244 [2/3] (0.99ns) (grouped into DSP with root node add_ln840_4)   --->   "%ret_V_9 = mul i32 %zext_ln186_13, i32 %zext_ln186_5"   --->   Operation 244 'mul' 'ret_V_9' <Predicate = true> <Delay = 0.99> <CoreInst = "DSP48">   --->   Core 127 'DSP48' <Latency = 3> <II = 1> <Delay = 0.53> <IPBlock> <Opcode : 'mul' 'add' 'sub' 'select'> <InPorts = 0> <OutPorts = 1> <Sync> <CReg>
ST_10 : Operation 245 [2/4] (0.53ns) (root node of the DSP)   --->   "%ret_V_10 = mul i32 %zext_ln186_14, i32 %zext_ln186_6"   --->   Operation 245 'mul' 'ret_V_10' <Predicate = true> <Delay = 0.53> <CoreInst = "DSP48">   --->   Core 127 'DSP48' <Latency = 3> <II = 1> <Delay = 0.53> <IPBlock> <Opcode : 'mul' 'add' 'sub' 'select'> <InPorts = 0> <OutPorts = 1> <Sync> <CReg>
ST_10 : Operation 246 [2/4] (0.53ns) (root node of the DSP)   --->   "%ret_V_11 = mul i32 %zext_ln186_15, i32 %zext_ln186_7"   --->   Operation 246 'mul' 'ret_V_11' <Predicate = true> <Delay = 0.53> <CoreInst = "DSP48">   --->   Core 127 'DSP48' <Latency = 3> <II = 1> <Delay = 0.53> <IPBlock> <Opcode : 'mul' 'add' 'sub' 'select'> <InPorts = 0> <OutPorts = 1> <Sync> <CReg>

State 11 <SV = 10> <Delay = 0.99>
ST_11 : Operation 247 [1/4] (0.00ns) (root node of the DSP)   --->   "%ret_V_4 = mul i32 %zext_ln186_8, i32 %zext_ln186"   --->   Operation 247 'mul' 'ret_V_4' <Predicate = true> <Delay = 0.00> <CoreInst = "DSP48">   --->   Core 127 'DSP48' <Latency = 3> <II = 1> <Delay = 0.53> <IPBlock> <Opcode : 'mul' 'add' 'sub' 'select'> <InPorts = 0> <OutPorts = 1> <Sync> <CReg>
ST_11 : Operation 248 [1/4] (0.00ns) (root node of the DSP)   --->   "%ret_V_5 = mul i32 %zext_ln186_9, i32 %zext_ln186_1"   --->   Operation 248 'mul' 'ret_V_5' <Predicate = true> <Delay = 0.00> <CoreInst = "DSP48">   --->   Core 127 'DSP48' <Latency = 3> <II = 1> <Delay = 0.53> <IPBlock> <Opcode : 'mul' 'add' 'sub' 'select'> <InPorts = 0> <OutPorts = 1> <Sync> <CReg>
ST_11 : Operation 249 [2/3] (0.99ns) (grouped into DSP with root node add_ln840_3)   --->   "%ret_V_6 = mul i32 %zext_ln186_10, i32 %zext_ln186_2"   --->   Operation 249 'mul' 'ret_V_6' <Predicate = true> <Delay = 0.99> <CoreInst = "DSP48">   --->   Core 127 'DSP48' <Latency = 3> <II = 1> <Delay = 0.53> <IPBlock> <Opcode : 'mul' 'add' 'sub' 'select'> <InPorts = 0> <OutPorts = 1> <Sync> <CReg>
ST_11 : Operation 250 [2/3] (0.99ns) (grouped into DSP with root node add_ln840_5)   --->   "%ret_V_7 = mul i32 %zext_ln186_11, i32 %zext_ln186_3"   --->   Operation 250 'mul' 'ret_V_7' <Predicate = true> <Delay = 0.99> <CoreInst = "DSP48">   --->   Core 127 'DSP48' <Latency = 3> <II = 1> <Delay = 0.53> <IPBlock> <Opcode : 'mul' 'add' 'sub' 'select'> <InPorts = 0> <OutPorts = 1> <Sync> <CReg>
ST_11 : Operation 251 [1/3] (0.00ns) (grouped into DSP with root node add_ln840_2)   --->   "%ret_V_8 = mul i32 %zext_ln186_12, i32 %zext_ln186_4"   --->   Operation 251 'mul' 'ret_V_8' <Predicate = true> <Delay = 0.00> <CoreInst = "DSP48">   --->   Core 127 'DSP48' <Latency = 3> <II = 1> <Delay = 0.53> <IPBlock> <Opcode : 'mul' 'add' 'sub' 'select'> <InPorts = 0> <OutPorts = 1> <Sync> <CReg>
ST_11 : Operation 252 [1/3] (0.00ns) (grouped into DSP with root node add_ln840_4)   --->   "%ret_V_9 = mul i32 %zext_ln186_13, i32 %zext_ln186_5"   --->   Operation 252 'mul' 'ret_V_9' <Predicate = true> <Delay = 0.00> <CoreInst = "DSP48">   --->   Core 127 'DSP48' <Latency = 3> <II = 1> <Delay = 0.53> <IPBlock> <Opcode : 'mul' 'add' 'sub' 'select'> <InPorts = 0> <OutPorts = 1> <Sync> <CReg>
ST_11 : Operation 253 [1/4] (0.00ns) (root node of the DSP)   --->   "%ret_V_10 = mul i32 %zext_ln186_14, i32 %zext_ln186_6"   --->   Operation 253 'mul' 'ret_V_10' <Predicate = true> <Delay = 0.00> <CoreInst = "DSP48">   --->   Core 127 'DSP48' <Latency = 3> <II = 1> <Delay = 0.53> <IPBlock> <Opcode : 'mul' 'add' 'sub' 'select'> <InPorts = 0> <OutPorts = 1> <Sync> <CReg>
ST_11 : Operation 254 [2/2] (0.64ns) (root node of the DSP)   --->   "%add_ln840_2 = add i32 %ret_V_4, i32 %ret_V_8"   --->   Operation 254 'add' 'add_ln840_2' <Predicate = true> <Delay = 0.64> <CoreInst = "DSP48">   --->   Core 127 'DSP48' <Latency = 3> <II = 1> <Delay = 0.53> <IPBlock> <Opcode : 'mul' 'add' 'sub' 'select'> <InPorts = 0> <OutPorts = 1> <Sync> <CReg>
ST_11 : Operation 255 [1/4] (0.00ns) (root node of the DSP)   --->   "%ret_V_11 = mul i32 %zext_ln186_15, i32 %zext_ln186_7"   --->   Operation 255 'mul' 'ret_V_11' <Predicate = true> <Delay = 0.00> <CoreInst = "DSP48">   --->   Core 127 'DSP48' <Latency = 3> <II = 1> <Delay = 0.53> <IPBlock> <Opcode : 'mul' 'add' 'sub' 'select'> <InPorts = 0> <OutPorts = 1> <Sync> <CReg>
ST_11 : Operation 256 [2/2] (0.64ns) (root node of the DSP)   --->   "%add_ln840_4 = add i32 %ret_V_5, i32 %ret_V_9"   --->   Operation 256 'add' 'add_ln840_4' <Predicate = true> <Delay = 0.64> <CoreInst = "DSP48">   --->   Core 127 'DSP48' <Latency = 3> <II = 1> <Delay = 0.53> <IPBlock> <Opcode : 'mul' 'add' 'sub' 'select'> <InPorts = 0> <OutPorts = 1> <Sync> <CReg>

State 12 <SV = 11> <Delay = 1.29>
ST_12 : Operation 257 [1/3] (0.00ns) (grouped into DSP with root node add_ln840_3)   --->   "%ret_V_6 = mul i32 %zext_ln186_10, i32 %zext_ln186_2"   --->   Operation 257 'mul' 'ret_V_6' <Predicate = true> <Delay = 0.00> <CoreInst = "DSP48">   --->   Core 127 'DSP48' <Latency = 3> <II = 1> <Delay = 0.53> <IPBlock> <Opcode : 'mul' 'add' 'sub' 'select'> <InPorts = 0> <OutPorts = 1> <Sync> <CReg>
ST_12 : Operation 258 [1/3] (0.00ns) (grouped into DSP with root node add_ln840_5)   --->   "%ret_V_7 = mul i32 %zext_ln186_11, i32 %zext_ln186_3"   --->   Operation 258 'mul' 'ret_V_7' <Predicate = true> <Delay = 0.00> <CoreInst = "DSP48">   --->   Core 127 'DSP48' <Latency = 3> <II = 1> <Delay = 0.53> <IPBlock> <Opcode : 'mul' 'add' 'sub' 'select'> <InPorts = 0> <OutPorts = 1> <Sync> <CReg>
ST_12 : Operation 259 [1/2] (0.64ns) (root node of the DSP)   --->   "%add_ln840_2 = add i32 %ret_V_4, i32 %ret_V_8"   --->   Operation 259 'add' 'add_ln840_2' <Predicate = true> <Delay = 0.64> <CoreInst = "DSP48">   --->   Core 127 'DSP48' <Latency = 3> <II = 1> <Delay = 0.53> <IPBlock> <Opcode : 'mul' 'add' 'sub' 'select'> <InPorts = 0> <OutPorts = 1> <Sync> <CReg>
ST_12 : Operation 260 [2/2] (0.64ns) (root node of the DSP)   --->   "%add_ln840_3 = add i32 %add_ln840_2, i32 %ret_V_6"   --->   Operation 260 'add' 'add_ln840_3' <Predicate = true> <Delay = 0.64> <CoreInst = "DSP48">   --->   Core 127 'DSP48' <Latency = 3> <II = 1> <Delay = 0.53> <IPBlock> <Opcode : 'mul' 'add' 'sub' 'select'> <InPorts = 0> <OutPorts = 1> <Sync> <CReg>
ST_12 : Operation 261 [1/2] (0.64ns) (root node of the DSP)   --->   "%add_ln840_4 = add i32 %ret_V_5, i32 %ret_V_9"   --->   Operation 261 'add' 'add_ln840_4' <Predicate = true> <Delay = 0.64> <CoreInst = "DSP48">   --->   Core 127 'DSP48' <Latency = 3> <II = 1> <Delay = 0.53> <IPBlock> <Opcode : 'mul' 'add' 'sub' 'select'> <InPorts = 0> <OutPorts = 1> <Sync> <CReg>
ST_12 : Operation 262 [2/2] (0.64ns) (root node of the DSP)   --->   "%add_ln840_5 = add i32 %add_ln840_4, i32 %ret_V_7"   --->   Operation 262 'add' 'add_ln840_5' <Predicate = true> <Delay = 0.64> <CoreInst = "DSP48">   --->   Core 127 'DSP48' <Latency = 3> <II = 1> <Delay = 0.53> <IPBlock> <Opcode : 'mul' 'add' 'sub' 'select'> <InPorts = 0> <OutPorts = 1> <Sync> <CReg>

State 13 <SV = 12> <Delay = 2.13>
ST_13 : Operation 263 [1/1] (0.00ns)   --->   "%specloopname_ln107 = specloopname void @_ssdm_op_SpecLoopName, void @empty_4" [Compute_block/Compute.cpp:107]   --->   Operation 263 'specloopname' 'specloopname_ln107' <Predicate = true> <Delay = 0.00>
ST_13 : Operation 264 [1/2] (0.64ns) (root node of the DSP)   --->   "%add_ln840_3 = add i32 %add_ln840_2, i32 %ret_V_6"   --->   Operation 264 'add' 'add_ln840_3' <Predicate = true> <Delay = 0.64> <CoreInst = "DSP48">   --->   Core 127 'DSP48' <Latency = 3> <II = 1> <Delay = 0.53> <IPBlock> <Opcode : 'mul' 'add' 'sub' 'select'> <InPorts = 0> <OutPorts = 1> <Sync> <CReg>
ST_13 : Operation 265 [1/2] (0.64ns) (root node of the DSP)   --->   "%add_ln840_5 = add i32 %add_ln840_4, i32 %ret_V_7"   --->   Operation 265 'add' 'add_ln840_5' <Predicate = true> <Delay = 0.64> <CoreInst = "DSP48">   --->   Core 127 'DSP48' <Latency = 3> <II = 1> <Delay = 0.53> <IPBlock> <Opcode : 'mul' 'add' 'sub' 'select'> <InPorts = 0> <OutPorts = 1> <Sync> <CReg>
ST_13 : Operation 266 [1/1] (0.00ns)   --->   "%add_ln = bitconcatenate i4 @_ssdm_op_BitConcatenate.i4.i2.i2, i2 %trunc_ln90, i2 %com" [Compute_block/Compute.cpp:120]   --->   Operation 266 'bitconcatenate' 'add_ln' <Predicate = true> <Delay = 0.00>
ST_13 : Operation 267 [1/1] (0.00ns)   --->   "%zext_ln121 = zext i4 %add_ln" [Compute_block/Compute.cpp:121]   --->   Operation 267 'zext' 'zext_ln121' <Predicate = true> <Delay = 0.00>
ST_13 : Operation 268 [1/1] (0.00ns)   --->   "%shl_ln1 = bitconcatenate i4 @_ssdm_op_BitConcatenate.i4.i2.i2, i2 %com, i2 0" [Compute_block/Compute.cpp:121]   --->   Operation 268 'bitconcatenate' 'shl_ln1' <Predicate = true> <Delay = 0.00>
ST_13 : Operation 269 [1/1] (0.79ns)   --->   "%add_ln121 = add i4 %shl_ln1, i4 %zext_ln85" [Compute_block/Compute.cpp:121]   --->   Operation 269 'add' 'add_ln121' <Predicate = true> <Delay = 0.79> <CoreInst = "Adder">   --->   Core 1 'Adder' <Latency = 0> <II = 1> <Delay = 0.79> <FuncUnit> <Opcode : 'add' 'sub'> <InPorts = 2> <OutPorts = 1>
ST_13 : Operation 270 [1/1] (0.00ns)   --->   "%zext_ln120 = zext i4 %add_ln121" [Compute_block/Compute.cpp:120]   --->   Operation 270 'zext' 'zext_ln120' <Predicate = true> <Delay = 0.00>
ST_13 : Operation 271 [1/1] (0.00ns)   --->   "%add_ln121_1 = bitconcatenate i4 @_ssdm_op_BitConcatenate.i4.i2.i2, i2 %com, i2 %trunc_ln90" [Compute_block/Compute.cpp:121]   --->   Operation 271 'bitconcatenate' 'add_ln121_1' <Predicate = true> <Delay = 0.00>
ST_13 : Operation 272 [1/1] (0.00ns)   --->   "%br_ln115 = br i1 %phase_read, void %if.end136, void %if.then101" [Compute_block/Compute.cpp:115]   --->   Operation 272 'br' 'br_ln115' <Predicate = true> <Delay = 0.00>
ST_13 : Operation 273 [1/1] (1.01ns)   --->   "%add_ln186_1 = add i32 %add_ln840_3, i32 %ret_V_10"   --->   Operation 273 'add' 'add_ln186_1' <Predicate = (!phase_read)> <Delay = 1.01> <CoreInst = "Adder">   --->   Core 1 'Adder' <Latency = 0> <II = 1> <Delay = 1.01> <FuncUnit> <Opcode : 'add' 'sub'> <InPorts = 2> <OutPorts = 1>
ST_13 : Operation 274 [1/1] (0.44ns)   --->   "%switch_ln120 = switch i4 %add_ln, void %arrayidx130.case.14, i4 0, void %arrayidx130.case.0, i4 1, void %arrayidx130.case.1, i4 2, void %arrayidx130.case.2, i4 3, void %arrayidx130.case.3, i4 4, void %arrayidx130.case.4, i4 5, void %arrayidx130.case.5, i4 6, void %arrayidx130.case.6, i4 7, void %arrayidx130.case.7, i4 8, void %arrayidx130.case.8, i4 9, void %arrayidx130.case.9, i4 10, void %arrayidx130.case.10, i4 11, void %arrayidx130.case.11, i4 12, void %arrayidx130.case.12, i4 13, void %arrayidx130.case.13" [Compute_block/Compute.cpp:120]   --->   Operation 274 'switch' 'switch_ln120' <Predicate = (!phase_read)> <Delay = 0.44>
ST_13 : Operation 275 [1/1] (0.00ns)   --->   "%store_ln120 = store i32 %add_ln186_1, i32 %p_ZZ7computeP6ap_intILi64EEPS_ILi32EEbE4REG1_13" [Compute_block/Compute.cpp:120]   --->   Operation 275 'store' 'store_ln120' <Predicate = (!phase_read & add_ln == 13)> <Delay = 0.00>
ST_13 : Operation 276 [1/1] (0.00ns)   --->   "%br_ln120 = br void %arrayidx130.exit" [Compute_block/Compute.cpp:120]   --->   Operation 276 'br' 'br_ln120' <Predicate = (!phase_read & add_ln == 13)> <Delay = 0.00>
ST_13 : Operation 277 [1/1] (0.00ns)   --->   "%store_ln120 = store i32 %add_ln186_1, i32 %p_ZZ7computeP6ap_intILi64EEPS_ILi32EEbE4REG1_12" [Compute_block/Compute.cpp:120]   --->   Operation 277 'store' 'store_ln120' <Predicate = (!phase_read & add_ln == 12)> <Delay = 0.00>
ST_13 : Operation 278 [1/1] (0.00ns)   --->   "%br_ln120 = br void %arrayidx130.exit" [Compute_block/Compute.cpp:120]   --->   Operation 278 'br' 'br_ln120' <Predicate = (!phase_read & add_ln == 12)> <Delay = 0.00>
ST_13 : Operation 279 [1/1] (0.42ns)   --->   "%store_ln120 = store i32 %add_ln186_1, i32 %p_ZZ7computeP6ap_intILi64EEPS_ILi32EEbE4REG1_11" [Compute_block/Compute.cpp:120]   --->   Operation 279 'store' 'store_ln120' <Predicate = (!phase_read & add_ln == 11)> <Delay = 0.42>
ST_13 : Operation 280 [1/1] (0.00ns)   --->   "%br_ln120 = br void %arrayidx130.exit" [Compute_block/Compute.cpp:120]   --->   Operation 280 'br' 'br_ln120' <Predicate = (!phase_read & add_ln == 11)> <Delay = 0.00>
ST_13 : Operation 281 [1/1] (0.47ns)   --->   "%store_ln120 = store i32 %add_ln186_1, i32 %p_ZZ7computeP6ap_intILi64EEPS_ILi32EEbE4REG1_10" [Compute_block/Compute.cpp:120]   --->   Operation 281 'store' 'store_ln120' <Predicate = (!phase_read & add_ln == 10)> <Delay = 0.47>
ST_13 : Operation 282 [1/1] (0.00ns)   --->   "%br_ln120 = br void %arrayidx130.exit" [Compute_block/Compute.cpp:120]   --->   Operation 282 'br' 'br_ln120' <Predicate = (!phase_read & add_ln == 10)> <Delay = 0.00>
ST_13 : Operation 283 [1/1] (0.42ns)   --->   "%store_ln120 = store i32 %add_ln186_1, i32 %compute_ap_int_64_ap_int_32_bool_REG1_9" [Compute_block/Compute.cpp:120]   --->   Operation 283 'store' 'store_ln120' <Predicate = (!phase_read & add_ln == 9)> <Delay = 0.42>
ST_13 : Operation 284 [1/1] (0.00ns)   --->   "%br_ln120 = br void %arrayidx130.exit" [Compute_block/Compute.cpp:120]   --->   Operation 284 'br' 'br_ln120' <Predicate = (!phase_read & add_ln == 9)> <Delay = 0.00>
ST_13 : Operation 285 [1/1] (0.42ns)   --->   "%store_ln120 = store i32 %add_ln186_1, i32 %compute_ap_int_64_ap_int_32_bool_REG1_8" [Compute_block/Compute.cpp:120]   --->   Operation 285 'store' 'store_ln120' <Predicate = (!phase_read & add_ln == 8)> <Delay = 0.42>
ST_13 : Operation 286 [1/1] (0.00ns)   --->   "%br_ln120 = br void %arrayidx130.exit" [Compute_block/Compute.cpp:120]   --->   Operation 286 'br' 'br_ln120' <Predicate = (!phase_read & add_ln == 8)> <Delay = 0.00>
ST_13 : Operation 287 [1/1] (0.42ns)   --->   "%store_ln120 = store i32 %add_ln186_1, i32 %compute_ap_int_64_ap_int_32_bool_REG1_7" [Compute_block/Compute.cpp:120]   --->   Operation 287 'store' 'store_ln120' <Predicate = (!phase_read & add_ln == 7)> <Delay = 0.42>
ST_13 : Operation 288 [1/1] (0.00ns)   --->   "%br_ln120 = br void %arrayidx130.exit" [Compute_block/Compute.cpp:120]   --->   Operation 288 'br' 'br_ln120' <Predicate = (!phase_read & add_ln == 7)> <Delay = 0.00>
ST_13 : Operation 289 [1/1] (0.42ns)   --->   "%store_ln120 = store i32 %add_ln186_1, i32 %compute_ap_int_64_ap_int_32_bool_REG1_6" [Compute_block/Compute.cpp:120]   --->   Operation 289 'store' 'store_ln120' <Predicate = (!phase_read & add_ln == 6)> <Delay = 0.42>
ST_13 : Operation 290 [1/1] (0.00ns)   --->   "%br_ln120 = br void %arrayidx130.exit" [Compute_block/Compute.cpp:120]   --->   Operation 290 'br' 'br_ln120' <Predicate = (!phase_read & add_ln == 6)> <Delay = 0.00>
ST_13 : Operation 291 [1/1] (0.47ns)   --->   "%store_ln120 = store i32 %add_ln186_1, i32 %compute_ap_int_64_ap_int_32_bool_REG1_5" [Compute_block/Compute.cpp:120]   --->   Operation 291 'store' 'store_ln120' <Predicate = (!phase_read & add_ln == 5)> <Delay = 0.47>
ST_13 : Operation 292 [1/1] (0.00ns)   --->   "%br_ln120 = br void %arrayidx130.exit" [Compute_block/Compute.cpp:120]   --->   Operation 292 'br' 'br_ln120' <Predicate = (!phase_read & add_ln == 5)> <Delay = 0.00>
ST_13 : Operation 293 [1/1] (0.42ns)   --->   "%store_ln120 = store i32 %add_ln186_1, i32 %compute_ap_int_64_ap_int_32_bool_REG1_4" [Compute_block/Compute.cpp:120]   --->   Operation 293 'store' 'store_ln120' <Predicate = (!phase_read & add_ln == 4)> <Delay = 0.42>
ST_13 : Operation 294 [1/1] (0.00ns)   --->   "%br_ln120 = br void %arrayidx130.exit" [Compute_block/Compute.cpp:120]   --->   Operation 294 'br' 'br_ln120' <Predicate = (!phase_read & add_ln == 4)> <Delay = 0.00>
ST_13 : Operation 295 [1/1] (0.42ns)   --->   "%store_ln120 = store i32 %add_ln186_1, i32 %compute_ap_int_64_ap_int_32_bool_REG1_3" [Compute_block/Compute.cpp:120]   --->   Operation 295 'store' 'store_ln120' <Predicate = (!phase_read & add_ln == 3)> <Delay = 0.42>
ST_13 : Operation 296 [1/1] (0.00ns)   --->   "%br_ln120 = br void %arrayidx130.exit" [Compute_block/Compute.cpp:120]   --->   Operation 296 'br' 'br_ln120' <Predicate = (!phase_read & add_ln == 3)> <Delay = 0.00>
ST_13 : Operation 297 [1/1] (0.42ns)   --->   "%store_ln120 = store i32 %add_ln186_1, i32 %compute_ap_int_64_ap_int_32_bool_REG1_2" [Compute_block/Compute.cpp:120]   --->   Operation 297 'store' 'store_ln120' <Predicate = (!phase_read & add_ln == 2)> <Delay = 0.42>
ST_13 : Operation 298 [1/1] (0.00ns)   --->   "%br_ln120 = br void %arrayidx130.exit" [Compute_block/Compute.cpp:120]   --->   Operation 298 'br' 'br_ln120' <Predicate = (!phase_read & add_ln == 2)> <Delay = 0.00>
ST_13 : Operation 299 [1/1] (0.42ns)   --->   "%store_ln120 = store i32 %add_ln186_1, i32 %compute_ap_int_64_ap_int_32_bool_REG1_1" [Compute_block/Compute.cpp:120]   --->   Operation 299 'store' 'store_ln120' <Predicate = (!phase_read & add_ln == 1)> <Delay = 0.42>
ST_13 : Operation 300 [1/1] (0.00ns)   --->   "%br_ln120 = br void %arrayidx130.exit" [Compute_block/Compute.cpp:120]   --->   Operation 300 'br' 'br_ln120' <Predicate = (!phase_read & add_ln == 1)> <Delay = 0.00>
ST_13 : Operation 301 [1/1] (0.47ns)   --->   "%store_ln120 = store i32 %add_ln186_1, i32 %compute_ap_int_64_ap_int_32_bool_REG1" [Compute_block/Compute.cpp:120]   --->   Operation 301 'store' 'store_ln120' <Predicate = (!phase_read & add_ln == 0)> <Delay = 0.47>
ST_13 : Operation 302 [1/1] (0.00ns)   --->   "%br_ln120 = br void %arrayidx130.exit" [Compute_block/Compute.cpp:120]   --->   Operation 302 'br' 'br_ln120' <Predicate = (!phase_read & add_ln == 0)> <Delay = 0.00>
ST_13 : Operation 303 [1/1] (0.00ns)   --->   "%store_ln120 = store i32 %add_ln186_1, i32 %p_ZZ7computeP6ap_intILi64EEPS_ILi32EEbE4REG1_14" [Compute_block/Compute.cpp:120]   --->   Operation 303 'store' 'store_ln120' <Predicate = (!phase_read & add_ln == 15) | (!phase_read & add_ln == 14)> <Delay = 0.00>
ST_13 : Operation 304 [1/1] (0.00ns)   --->   "%br_ln120 = br void %arrayidx130.exit" [Compute_block/Compute.cpp:120]   --->   Operation 304 'br' 'br_ln120' <Predicate = (!phase_read & add_ln == 15) | (!phase_read & add_ln == 14)> <Delay = 0.00>
ST_13 : Operation 305 [1/1] (0.00ns)   --->   "%compute_ap_int_64_ap_int_32_bool_REG1_load_1 = load i32 %compute_ap_int_64_ap_int_32_bool_REG1"   --->   Operation 305 'load' 'compute_ap_int_64_ap_int_32_bool_REG1_load_1' <Predicate = (phase_read)> <Delay = 0.00>
ST_13 : Operation 306 [1/1] (0.00ns)   --->   "%compute_ap_int_64_ap_int_32_bool_REG1_1_load = load i32 %compute_ap_int_64_ap_int_32_bool_REG1_1"   --->   Operation 306 'load' 'compute_ap_int_64_ap_int_32_bool_REG1_1_load' <Predicate = (phase_read)> <Delay = 0.00>
ST_13 : Operation 307 [1/1] (0.00ns)   --->   "%compute_ap_int_64_ap_int_32_bool_REG1_2_load = load i32 %compute_ap_int_64_ap_int_32_bool_REG1_2"   --->   Operation 307 'load' 'compute_ap_int_64_ap_int_32_bool_REG1_2_load' <Predicate = (phase_read)> <Delay = 0.00>
ST_13 : Operation 308 [1/1] (0.00ns)   --->   "%compute_ap_int_64_ap_int_32_bool_REG1_3_load = load i32 %compute_ap_int_64_ap_int_32_bool_REG1_3"   --->   Operation 308 'load' 'compute_ap_int_64_ap_int_32_bool_REG1_3_load' <Predicate = (phase_read)> <Delay = 0.00>
ST_13 : Operation 309 [1/1] (0.00ns)   --->   "%compute_ap_int_64_ap_int_32_bool_REG1_4_load = load i32 %compute_ap_int_64_ap_int_32_bool_REG1_4"   --->   Operation 309 'load' 'compute_ap_int_64_ap_int_32_bool_REG1_4_load' <Predicate = (phase_read)> <Delay = 0.00>
ST_13 : Operation 310 [1/1] (0.00ns)   --->   "%compute_ap_int_64_ap_int_32_bool_REG1_5_load_1 = load i32 %compute_ap_int_64_ap_int_32_bool_REG1_5"   --->   Operation 310 'load' 'compute_ap_int_64_ap_int_32_bool_REG1_5_load_1' <Predicate = (phase_read)> <Delay = 0.00>
ST_13 : Operation 311 [1/1] (0.00ns)   --->   "%compute_ap_int_64_ap_int_32_bool_REG1_6_load = load i32 %compute_ap_int_64_ap_int_32_bool_REG1_6"   --->   Operation 311 'load' 'compute_ap_int_64_ap_int_32_bool_REG1_6_load' <Predicate = (phase_read)> <Delay = 0.00>
ST_13 : Operation 312 [1/1] (0.00ns)   --->   "%compute_ap_int_64_ap_int_32_bool_REG1_7_load = load i32 %compute_ap_int_64_ap_int_32_bool_REG1_7"   --->   Operation 312 'load' 'compute_ap_int_64_ap_int_32_bool_REG1_7_load' <Predicate = (phase_read)> <Delay = 0.00>
ST_13 : Operation 313 [1/1] (0.00ns)   --->   "%compute_ap_int_64_ap_int_32_bool_REG1_8_load = load i32 %compute_ap_int_64_ap_int_32_bool_REG1_8"   --->   Operation 313 'load' 'compute_ap_int_64_ap_int_32_bool_REG1_8_load' <Predicate = (phase_read)> <Delay = 0.00>
ST_13 : Operation 314 [1/1] (0.00ns)   --->   "%compute_ap_int_64_ap_int_32_bool_REG1_9_load = load i32 %compute_ap_int_64_ap_int_32_bool_REG1_9"   --->   Operation 314 'load' 'compute_ap_int_64_ap_int_32_bool_REG1_9_load' <Predicate = (phase_read)> <Delay = 0.00>
ST_13 : Operation 315 [1/1] (0.00ns)   --->   "%p_ZZ7computeP6ap_intILi64EEPS_ILi32EEbE4REG1_10_load_1 = load i32 %p_ZZ7computeP6ap_intILi64EEPS_ILi32EEbE4REG1_10"   --->   Operation 315 'load' 'p_ZZ7computeP6ap_intILi64EEPS_ILi32EEbE4REG1_10_load_1' <Predicate = (phase_read)> <Delay = 0.00>
ST_13 : Operation 316 [1/1] (0.00ns)   --->   "%compute_ap_int_64_ap_int_32_bool_REG1_12 = load i32 %p_ZZ7computeP6ap_intILi64EEPS_ILi32EEbE4REG1_11"   --->   Operation 316 'load' 'compute_ap_int_64_ap_int_32_bool_REG1_12' <Predicate = (phase_read)> <Delay = 0.00>
ST_13 : Operation 317 [1/1] (0.00ns)   --->   "%compute_ap_int_64_ap_int_32_bool_REG1_13 = load i32 %p_ZZ7computeP6ap_intILi64EEPS_ILi32EEbE4REG1_12"   --->   Operation 317 'load' 'compute_ap_int_64_ap_int_32_bool_REG1_13' <Predicate = (phase_read)> <Delay = 0.00>
ST_13 : Operation 318 [1/1] (0.00ns)   --->   "%compute_ap_int_64_ap_int_32_bool_REG1_14 = load i32 %p_ZZ7computeP6ap_intILi64EEPS_ILi32EEbE4REG1_13"   --->   Operation 318 'load' 'compute_ap_int_64_ap_int_32_bool_REG1_14' <Predicate = (phase_read)> <Delay = 0.00>
ST_13 : Operation 319 [1/1] (0.00ns)   --->   "%compute_ap_int_64_ap_int_32_bool_REG1_15 = load i32 %p_ZZ7computeP6ap_intILi64EEPS_ILi32EEbE4REG1_14"   --->   Operation 319 'load' 'compute_ap_int_64_ap_int_32_bool_REG1_15' <Predicate = (phase_read)> <Delay = 0.00>
ST_13 : Operation 320 [1/1] (0.54ns)   --->   "%tmp_2 = mux i32 @_ssdm_op_Mux.ap_auto.15i32.i4, i32 %compute_ap_int_64_ap_int_32_bool_REG1_load_1, i32 %compute_ap_int_64_ap_int_32_bool_REG1_1_load, i32 %compute_ap_int_64_ap_int_32_bool_REG1_2_load, i32 %compute_ap_int_64_ap_int_32_bool_REG1_3_load, i32 %compute_ap_int_64_ap_int_32_bool_REG1_4_load, i32 %compute_ap_int_64_ap_int_32_bool_REG1_5_load_1, i32 %compute_ap_int_64_ap_int_32_bool_REG1_6_load, i32 %compute_ap_int_64_ap_int_32_bool_REG1_7_load, i32 %compute_ap_int_64_ap_int_32_bool_REG1_8_load, i32 %compute_ap_int_64_ap_int_32_bool_REG1_9_load, i32 %p_ZZ7computeP6ap_intILi64EEPS_ILi32EEbE4REG1_10_load_1, i32 %compute_ap_int_64_ap_int_32_bool_REG1_12, i32 %compute_ap_int_64_ap_int_32_bool_REG1_13, i32 %compute_ap_int_64_ap_int_32_bool_REG1_14, i32 %compute_ap_int_64_ap_int_32_bool_REG1_15, i4 %add_ln"   --->   Operation 320 'mux' 'tmp_2' <Predicate = (phase_read)> <Delay = 0.54> <CoreInst = "Multiplexer">   --->   Core 76 'Multiplexer' <Latency = 0> <II = 1> <Delay = 0.54> <FuncUnit> <Opcode : 'mux'> <InPorts = 2> <OutPorts = 1>
ST_13 : Operation 321 [1/1] (0.00ns) (grouped into TernaryAdder)   --->   "%add_ln116_1 = add i32 %ret_V_10, i32 %tmp_2" [Compute_block/Compute.cpp:116]   --->   Operation 321 'add' 'add_ln116_1' <Predicate = (phase_read)> <Delay = 0.00> <CoreInst = "TAddSub">   --->   Core 10 'TAddSub' <Latency = 0> <II = 1> <Delay = 0.36> <IPBlock> <Opcode : 'add' 'sub'> <InPorts = 3> <OutPorts = 1> <Sync> <CReg>
ST_13 : Operation 322 [1/1] (0.73ns) (root node of TernaryAdder)   --->   "%add_ln116 = add i32 %add_ln116_1, i32 %add_ln840_3" [Compute_block/Compute.cpp:116]   --->   Operation 322 'add' 'add_ln116' <Predicate = (phase_read)> <Delay = 0.73> <CoreInst = "TAddSub">   --->   Core 10 'TAddSub' <Latency = 0> <II = 1> <Delay = 0.36> <IPBlock> <Opcode : 'add' 'sub'> <InPorts = 3> <OutPorts = 1> <Sync> <CReg>
ST_13 : Operation 323 [1/1] (0.00ns)   --->   "%buffer_2_addr_1 = getelementptr i32 %buffer_2, i64 0, i64 %zext_ln121" [Compute_block/Compute.cpp:116]   --->   Operation 323 'getelementptr' 'buffer_2_addr_1' <Predicate = (phase_read)> <Delay = 0.00>
ST_13 : Operation 324 [1/1] (0.67ns)   --->   "%store_ln116 = store i32 %add_ln116, i4 %buffer_2_addr_1" [Compute_block/Compute.cpp:116]   --->   Operation 324 'store' 'store_ln116' <Predicate = (phase_read)> <Delay = 0.67> <CoreInst = "RAM">   --->   Core 83 'RAM' <Latency = 1> <II = 1> <Delay = 0.67> <Storage> <Opcode : 'load' 'store'> <Ports = 2> <Width = 32> <Depth = 16> <RAM>
ST_13 : Operation 325 [1/1] (0.72ns)   --->   "%tmp_3 = mux i32 @_ssdm_op_Mux.ap_auto.12i32.i4, i32 %compute_ap_int_64_ap_int_32_bool_REG1_load_1, i32 %compute_ap_int_64_ap_int_32_bool_REG1_1_load, i32 %compute_ap_int_64_ap_int_32_bool_REG1_2_load, i32 %compute_ap_int_64_ap_int_32_bool_REG1_3_load, i32 %compute_ap_int_64_ap_int_32_bool_REG1_4_load, i32 %compute_ap_int_64_ap_int_32_bool_REG1_5_load_1, i32 %compute_ap_int_64_ap_int_32_bool_REG1_6_load, i32 %compute_ap_int_64_ap_int_32_bool_REG1_7_load, i32 %compute_ap_int_64_ap_int_32_bool_REG1_8_load, i32 %compute_ap_int_64_ap_int_32_bool_REG1_9_load, i32 %p_ZZ7computeP6ap_intILi64EEPS_ILi32EEbE4REG1_10_load_1, i32 %compute_ap_int_64_ap_int_32_bool_REG1_12, i4 %add_ln121_1"   --->   Operation 325 'mux' 'tmp_3' <Predicate = (phase_read)> <Delay = 0.72> <CoreInst = "Multiplexer">   --->   Core 76 'Multiplexer' <Latency = 0> <II = 1> <Delay = 0.72> <FuncUnit> <Opcode : 'mux'> <InPorts = 2> <OutPorts = 1>

State 14 <SV = 13> <Delay = 1.49>
ST_14 : Operation 326 [1/1] (1.01ns)   --->   "%add_ln186_2 = add i32 %add_ln840_5, i32 %ret_V_11"   --->   Operation 326 'add' 'add_ln186_2' <Predicate = (!phase_read)> <Delay = 1.01> <CoreInst = "Adder">   --->   Core 1 'Adder' <Latency = 0> <II = 1> <Delay = 1.01> <FuncUnit> <Opcode : 'add' 'sub'> <InPorts = 2> <OutPorts = 1>
ST_14 : Operation 327 [1/1] (0.44ns)   --->   "%switch_ln121 = switch i4 %add_ln121_1, void %arrayidx135.case.11, i4 0, void %arrayidx135.case.0, i4 1, void %arrayidx135.case.1, i4 2, void %arrayidx135.case.2, i4 3, void %arrayidx135.case.3, i4 4, void %arrayidx135.case.4, i4 5, void %arrayidx135.case.5, i4 6, void %arrayidx135.case.6, i4 7, void %arrayidx135.case.7, i4 8, void %arrayidx135.case.8, i4 9, void %arrayidx135.case.9, i4 10, void %arrayidx135.case.10" [Compute_block/Compute.cpp:121]   --->   Operation 327 'switch' 'switch_ln121' <Predicate = (!phase_read)> <Delay = 0.44>
ST_14 : Operation 328 [1/1] (0.47ns)   --->   "%store_ln121 = store i32 %add_ln186_2, i32 %p_ZZ7computeP6ap_intILi64EEPS_ILi32EEbE4REG1_10" [Compute_block/Compute.cpp:121]   --->   Operation 328 'store' 'store_ln121' <Predicate = (!phase_read & add_ln121_1 == 10)> <Delay = 0.47>
ST_14 : Operation 329 [1/1] (0.00ns)   --->   "%br_ln121 = br void %arrayidx135.exit" [Compute_block/Compute.cpp:121]   --->   Operation 329 'br' 'br_ln121' <Predicate = (!phase_read & add_ln121_1 == 10)> <Delay = 0.00>
ST_14 : Operation 330 [1/1] (0.42ns)   --->   "%store_ln121 = store i32 %add_ln186_2, i32 %compute_ap_int_64_ap_int_32_bool_REG1_9" [Compute_block/Compute.cpp:121]   --->   Operation 330 'store' 'store_ln121' <Predicate = (!phase_read & add_ln121_1 == 9)> <Delay = 0.42>
ST_14 : Operation 331 [1/1] (0.00ns)   --->   "%br_ln121 = br void %arrayidx135.exit" [Compute_block/Compute.cpp:121]   --->   Operation 331 'br' 'br_ln121' <Predicate = (!phase_read & add_ln121_1 == 9)> <Delay = 0.00>
ST_14 : Operation 332 [1/1] (0.42ns)   --->   "%store_ln121 = store i32 %add_ln186_2, i32 %compute_ap_int_64_ap_int_32_bool_REG1_8" [Compute_block/Compute.cpp:121]   --->   Operation 332 'store' 'store_ln121' <Predicate = (!phase_read & add_ln121_1 == 8)> <Delay = 0.42>
ST_14 : Operation 333 [1/1] (0.00ns)   --->   "%br_ln121 = br void %arrayidx135.exit" [Compute_block/Compute.cpp:121]   --->   Operation 333 'br' 'br_ln121' <Predicate = (!phase_read & add_ln121_1 == 8)> <Delay = 0.00>
ST_14 : Operation 334 [1/1] (0.42ns)   --->   "%store_ln121 = store i32 %add_ln186_2, i32 %compute_ap_int_64_ap_int_32_bool_REG1_7" [Compute_block/Compute.cpp:121]   --->   Operation 334 'store' 'store_ln121' <Predicate = (!phase_read & add_ln121_1 == 7)> <Delay = 0.42>
ST_14 : Operation 335 [1/1] (0.00ns)   --->   "%br_ln121 = br void %arrayidx135.exit" [Compute_block/Compute.cpp:121]   --->   Operation 335 'br' 'br_ln121' <Predicate = (!phase_read & add_ln121_1 == 7)> <Delay = 0.00>
ST_14 : Operation 336 [1/1] (0.42ns)   --->   "%store_ln121 = store i32 %add_ln186_2, i32 %compute_ap_int_64_ap_int_32_bool_REG1_6" [Compute_block/Compute.cpp:121]   --->   Operation 336 'store' 'store_ln121' <Predicate = (!phase_read & add_ln121_1 == 6)> <Delay = 0.42>
ST_14 : Operation 337 [1/1] (0.00ns)   --->   "%br_ln121 = br void %arrayidx135.exit" [Compute_block/Compute.cpp:121]   --->   Operation 337 'br' 'br_ln121' <Predicate = (!phase_read & add_ln121_1 == 6)> <Delay = 0.00>
ST_14 : Operation 338 [1/1] (0.47ns)   --->   "%store_ln121 = store i32 %add_ln186_2, i32 %compute_ap_int_64_ap_int_32_bool_REG1_5" [Compute_block/Compute.cpp:121]   --->   Operation 338 'store' 'store_ln121' <Predicate = (!phase_read & add_ln121_1 == 5)> <Delay = 0.47>
ST_14 : Operation 339 [1/1] (0.00ns)   --->   "%br_ln121 = br void %arrayidx135.exit" [Compute_block/Compute.cpp:121]   --->   Operation 339 'br' 'br_ln121' <Predicate = (!phase_read & add_ln121_1 == 5)> <Delay = 0.00>
ST_14 : Operation 340 [1/1] (0.42ns)   --->   "%store_ln121 = store i32 %add_ln186_2, i32 %compute_ap_int_64_ap_int_32_bool_REG1_4" [Compute_block/Compute.cpp:121]   --->   Operation 340 'store' 'store_ln121' <Predicate = (!phase_read & add_ln121_1 == 4)> <Delay = 0.42>
ST_14 : Operation 341 [1/1] (0.00ns)   --->   "%br_ln121 = br void %arrayidx135.exit" [Compute_block/Compute.cpp:121]   --->   Operation 341 'br' 'br_ln121' <Predicate = (!phase_read & add_ln121_1 == 4)> <Delay = 0.00>
ST_14 : Operation 342 [1/1] (0.42ns)   --->   "%store_ln121 = store i32 %add_ln186_2, i32 %compute_ap_int_64_ap_int_32_bool_REG1_3" [Compute_block/Compute.cpp:121]   --->   Operation 342 'store' 'store_ln121' <Predicate = (!phase_read & add_ln121_1 == 3)> <Delay = 0.42>
ST_14 : Operation 343 [1/1] (0.00ns)   --->   "%br_ln121 = br void %arrayidx135.exit" [Compute_block/Compute.cpp:121]   --->   Operation 343 'br' 'br_ln121' <Predicate = (!phase_read & add_ln121_1 == 3)> <Delay = 0.00>
ST_14 : Operation 344 [1/1] (0.42ns)   --->   "%store_ln121 = store i32 %add_ln186_2, i32 %compute_ap_int_64_ap_int_32_bool_REG1_2" [Compute_block/Compute.cpp:121]   --->   Operation 344 'store' 'store_ln121' <Predicate = (!phase_read & add_ln121_1 == 2)> <Delay = 0.42>
ST_14 : Operation 345 [1/1] (0.00ns)   --->   "%br_ln121 = br void %arrayidx135.exit" [Compute_block/Compute.cpp:121]   --->   Operation 345 'br' 'br_ln121' <Predicate = (!phase_read & add_ln121_1 == 2)> <Delay = 0.00>
ST_14 : Operation 346 [1/1] (0.42ns)   --->   "%store_ln121 = store i32 %add_ln186_2, i32 %compute_ap_int_64_ap_int_32_bool_REG1_1" [Compute_block/Compute.cpp:121]   --->   Operation 346 'store' 'store_ln121' <Predicate = (!phase_read & add_ln121_1 == 1)> <Delay = 0.42>
ST_14 : Operation 347 [1/1] (0.00ns)   --->   "%br_ln121 = br void %arrayidx135.exit" [Compute_block/Compute.cpp:121]   --->   Operation 347 'br' 'br_ln121' <Predicate = (!phase_read & add_ln121_1 == 1)> <Delay = 0.00>
ST_14 : Operation 348 [1/1] (0.47ns)   --->   "%store_ln121 = store i32 %add_ln186_2, i32 %compute_ap_int_64_ap_int_32_bool_REG1" [Compute_block/Compute.cpp:121]   --->   Operation 348 'store' 'store_ln121' <Predicate = (!phase_read & add_ln121_1 == 0)> <Delay = 0.47>
ST_14 : Operation 349 [1/1] (0.00ns)   --->   "%br_ln121 = br void %arrayidx135.exit" [Compute_block/Compute.cpp:121]   --->   Operation 349 'br' 'br_ln121' <Predicate = (!phase_read & add_ln121_1 == 0)> <Delay = 0.00>
ST_14 : Operation 350 [1/1] (0.42ns)   --->   "%store_ln121 = store i32 %add_ln186_2, i32 %p_ZZ7computeP6ap_intILi64EEPS_ILi32EEbE4REG1_11" [Compute_block/Compute.cpp:121]   --->   Operation 350 'store' 'store_ln121' <Predicate = (!phase_read & add_ln121_1 == 15) | (!phase_read & add_ln121_1 == 14) | (!phase_read & add_ln121_1 == 13) | (!phase_read & add_ln121_1 == 12) | (!phase_read & add_ln121_1 == 11)> <Delay = 0.42>
ST_14 : Operation 351 [1/1] (0.00ns)   --->   "%br_ln121 = br void %arrayidx135.exit" [Compute_block/Compute.cpp:121]   --->   Operation 351 'br' 'br_ln121' <Predicate = (!phase_read & add_ln121_1 == 15) | (!phase_read & add_ln121_1 == 14) | (!phase_read & add_ln121_1 == 13) | (!phase_read & add_ln121_1 == 12) | (!phase_read & add_ln121_1 == 11)> <Delay = 0.00>
ST_14 : Operation 352 [1/1] (0.00ns)   --->   "%br_ln0 = br void %for.inc138"   --->   Operation 352 'br' 'br_ln0' <Predicate = (!phase_read)> <Delay = 0.00>
ST_14 : Operation 353 [1/1] (0.00ns) (grouped into TernaryAdder)   --->   "%add_ln117_1 = add i32 %ret_V_11, i32 %tmp_3" [Compute_block/Compute.cpp:117]   --->   Operation 353 'add' 'add_ln117_1' <Predicate = (phase_read)> <Delay = 0.00> <CoreInst = "TAddSub">   --->   Core 10 'TAddSub' <Latency = 0> <II = 1> <Delay = 0.36> <IPBlock> <Opcode : 'add' 'sub'> <InPorts = 3> <OutPorts = 1> <Sync> <CReg>
ST_14 : Operation 354 [1/1] (0.73ns) (root node of TernaryAdder)   --->   "%add_ln117 = add i32 %add_ln117_1, i32 %add_ln840_5" [Compute_block/Compute.cpp:117]   --->   Operation 354 'add' 'add_ln117' <Predicate = (phase_read)> <Delay = 0.73> <CoreInst = "TAddSub">   --->   Core 10 'TAddSub' <Latency = 0> <II = 1> <Delay = 0.36> <IPBlock> <Opcode : 'add' 'sub'> <InPorts = 3> <OutPorts = 1> <Sync> <CReg>
ST_14 : Operation 355 [1/1] (0.00ns)   --->   "%buffer_2_addr_2 = getelementptr i32 %buffer_2, i64 0, i64 %zext_ln120" [Compute_block/Compute.cpp:117]   --->   Operation 355 'getelementptr' 'buffer_2_addr_2' <Predicate = (phase_read)> <Delay = 0.00>
ST_14 : Operation 356 [1/1] (0.67ns)   --->   "%store_ln117 = store i32 %add_ln117, i4 %buffer_2_addr_2" [Compute_block/Compute.cpp:117]   --->   Operation 356 'store' 'store_ln117' <Predicate = (phase_read)> <Delay = 0.67> <CoreInst = "RAM">   --->   Core 83 'RAM' <Latency = 1> <II = 1> <Delay = 0.67> <Storage> <Opcode : 'load' 'store'> <Ports = 2> <Width = 32> <Depth = 16> <RAM>
ST_14 : Operation 357 [1/1] (0.00ns)   --->   "%br_ln118 = br void %for.inc138" [Compute_block/Compute.cpp:118]   --->   Operation 357 'br' 'br_ln118' <Predicate = (phase_read)> <Delay = 0.00>
ST_14 : Operation 358 [1/1] (0.00ns)   --->   "%br_ln107 = br void %for.inc96" [Compute_block/Compute.cpp:107]   --->   Operation 358 'br' 'br_ln107' <Predicate = true> <Delay = 0.00>


============================================================
+ Verbose Summary: Timing violations
============================================================
Target clock period: 10ns, clock uncertainty: 2.7ns.

 <State 1>: 0.427ns
The critical path consists of the following:
	'alloca' operation ('i') [20]  (0 ns)
	'store' operation ('store_ln85', Compute_block/Compute.cpp:85) of constant 0 on local variable 'i' [54]  (0.427 ns)

 <State 2>: 0.677ns
The critical path consists of the following:
	'load' operation ('i', Compute_block/Compute.cpp:90) on local variable 'i' [57]  (0 ns)
	'shl' operation ('shl_ln90', Compute_block/Compute.cpp:90) [91]  (0 ns)
	'getelementptr' operation ('buffer_1_addr', Compute_block/Compute.cpp:90) [93]  (0 ns)
	'load' operation ('word', Compute_block/Compute.cpp:90) on array 'buffer_1' [94]  (0.677 ns)

 <State 3>: 1.21ns
The critical path consists of the following:
	'load' operation ('word', Compute_block/Compute.cpp:90) on array 'buffer_1' [94]  (0.677 ns)
	'mul' operation of DSP[104] ('ret.V') [104]  (0.535 ns)

 <State 4>: 0.996ns
The critical path consists of the following:
	'mul' operation of DSP[146] ('ret.V') [101]  (0.996 ns)

 <State 5>: 0.996ns
The critical path consists of the following:
	'mul' operation of DSP[146] ('ret.V') [101]  (0.996 ns)

 <State 6>: 0.645ns
The critical path consists of the following:
	'mul' operation of DSP[146] ('ret.V') [101]  (0 ns)
	'add' operation of DSP[146] ('add_ln840') [146]  (0.645 ns)

 <State 7>: 2.14ns
The critical path consists of the following:
	'add' operation of DSP[146] ('add_ln840') [146]  (0.645 ns)
	'add' operation ('add_ln186') [150]  (1.02 ns)
	'store' operation ('store_ln105', Compute_block/Compute.cpp:105) of variable 'add_ln186' on static variable 'compute_ap_int_64_ap_int_32_bool_REG1_5' [156]  (0.476 ns)

 <State 8>: 1.01ns
The critical path consists of the following:
	'phi' operation ('com', Compute_block/Compute.cpp:120) with incoming values : ('add_ln107', Compute_block/Compute.cpp:107) [182]  (0 ns)
	'mux' operation ('rhs') [190]  (0.476 ns)
	'mul' operation of DSP[192] ('ret.V') [192]  (0.535 ns)

 <State 9>: 0.996ns
The critical path consists of the following:
	'mul' operation of DSP[211] ('ret.V') [204]  (0.996 ns)

 <State 10>: 0.996ns
The critical path consists of the following:
	'mul' operation of DSP[212] ('ret.V') [198]  (0.996 ns)

 <State 11>: 0.996ns
The critical path consists of the following:
	'mul' operation of DSP[212] ('ret.V') [198]  (0.996 ns)

 <State 12>: 1.29ns
The critical path consists of the following:
	'add' operation of DSP[211] ('add_ln840_2') [211]  (0.645 ns)
	'add' operation of DSP[212] ('add_ln840_3') [212]  (0.645 ns)

 <State 13>: 2.14ns
The critical path consists of the following:
	'add' operation of DSP[212] ('add_ln840_3') [212]  (0.645 ns)
	'add' operation ('add_ln186_1') [226]  (1.02 ns)
	'store' operation ('store_ln120', Compute_block/Compute.cpp:120) of variable 'add_ln186_1' on static variable 'p_ZZ7computeP6ap_intILi64EEPS_ILi32EEbE4REG1_10' [238]  (0.476 ns)

 <State 14>: 1.49ns
The critical path consists of the following:
	'add' operation ('add_ln186_2') [274]  (1.02 ns)
	'store' operation ('store_ln121', Compute_block/Compute.cpp:121) of variable 'add_ln186_2' on static variable 'p_ZZ7computeP6ap_intILi64EEPS_ILi32EEbE4REG1_10' [277]  (0.476 ns)


============================================================
+ Verbose Summary: Binding
============================================================
N/A
* FSMD analyzer results:
  - Output states:
 - Input state : 
  - Chain level:
	State 1
	State 2
	State 3
	State 4
	State 5
	State 6
	State 7
	State 8
	State 9
	State 10
	State 11
	State 12
	State 13
	State 14


============================================================
+ Verbose Summary: Datapath Resource usage 
============================================================
N/A
