

================================================================
== Vitis HLS Report for 'compute_Pipeline_VITIS_LOOP_79_2'
================================================================
* Date:           Thu Sep 10 14:52:42 2026

* Version:        2022.2 (Build 3670227 on Oct 13 2022)
* Project:        Compute_block
* Solution:       solution1 (Vivado IP Flow Target)
* Product family: zynquplus
* Target device:  xczu7ev-ffvc1156-2-e


================================================================
== Performance Estimates
================================================================
+ Timing: 
    * Summary: 
    +--------+----------+----------+------------+
    |  Clock |  Target  | Estimated| Uncertainty|
    +--------+----------+----------+------------+
    |ap_clk  |  10.00 ns|  2.338 ns|     2.70 ns|
    +--------+----------+----------+------------+

+ Latency: 
    * Summary: 
    +---------+---------+-----------+-----------+-----+-----+---------+
    |  Latency (cycles) |   Latency (absolute)  |  Interval | Pipeline|
    |   min   |   max   |    min    |    max    | min | max |   Type  |
    +---------+---------+-----------+-----------+-----+-----+---------+
    |        2|        8|  20.000 ns|  80.000 ns|    2|    8|       no|
    +---------+---------+-----------+-----------+-----+-----+---------+

    + Detail: 
        * Instance: 
        N/A

        * Loop: 
        +-------------------+---------+---------+----------+-----------+-----------+-------+----------+
        |                   |  Latency (cycles) | Iteration|  Initiation Interval  |  Trip |          |
        |     Loop Name     |   min   |   max   |  Latency |  achieved |   target  | Count | Pipelined|
        +-------------------+---------+---------+----------+-----------+-----------+-------+----------+
        |- VITIS_LOOP_79_2  |        0|        6|         5|          1|          1|  0 ~ 3|       yes|
        +-------------------+---------+---------+----------+-----------+-----------+-------+----------+



================================================================
== Utilization Estimates
================================================================
* Summary: 
+-----------------+---------+------+--------+--------+-----+
|       Name      | BRAM_18K|  DSP |   FF   |   LUT  | URAM|
+-----------------+---------+------+--------+--------+-----+
|DSP              |        -|     8|       -|       -|    -|
|Expression       |        -|     -|       0|      97|    -|
|FIFO             |        -|     -|       -|       -|    -|
|Instance         |        -|     -|       0|     272|    -|
|Memory           |        -|     -|       -|       -|    -|
|Multiplexer      |        -|     -|       -|      36|    -|
|Register         |        -|     -|      77|      32|    -|
+-----------------+---------+------+--------+--------+-----+
|Total            |        0|     8|      77|     437|    0|
+-----------------+---------+------+--------+--------+-----+
|Available        |      624|  1728|  460800|  230400|   96|
+-----------------+---------+------+--------+--------+-----+
|Utilization (%)  |        0|    ~0|      ~0|      ~0|    0|
+-----------------+---------+------+--------+--------+-----+

+ Detail: 
    * Instance: 
    +-------------------+---------------+---------+----+---+----+-----+
    |      Instance     |     Module    | BRAM_18K| DSP| FF| LUT| URAM|
    +-------------------+---------------+---------+----+---+----+-----+
    |mux_32_16_1_1_U75  |mux_32_16_1_1  |        0|   0|  0|  14|    0|
    |mux_32_16_1_1_U76  |mux_32_16_1_1  |        0|   0|  0|  14|    0|
    |mux_32_16_1_1_U79  |mux_32_16_1_1  |        0|   0|  0|  14|    0|
    |mux_32_16_1_1_U80  |mux_32_16_1_1  |        0|   0|  0|  14|    0|
    |mux_32_16_1_1_U83  |mux_32_16_1_1  |        0|   0|  0|  14|    0|
    |mux_32_16_1_1_U84  |mux_32_16_1_1  |        0|   0|  0|  14|    0|
    |mux_32_16_1_1_U87  |mux_32_16_1_1  |        0|   0|  0|  14|    0|
    |mux_32_16_1_1_U88  |mux_32_16_1_1  |        0|   0|  0|  14|    0|
    |mux_42_16_1_1_U74  |mux_42_16_1_1  |        0|   0|  0|  20|    0|
    |mux_42_16_1_1_U77  |mux_42_16_1_1  |        0|   0|  0|  20|    0|
    |mux_42_16_1_1_U78  |mux_42_16_1_1  |        0|   0|  0|  20|    0|
    |mux_42_16_1_1_U81  |mux_42_16_1_1  |        0|   0|  0|  20|    0|
    |mux_42_16_1_1_U82  |mux_42_16_1_1  |        0|   0|  0|  20|    0|
    |mux_42_16_1_1_U85  |mux_42_16_1_1  |        0|   0|  0|  20|    0|
    |mux_42_16_1_1_U86  |mux_42_16_1_1  |        0|   0|  0|  20|    0|
    |mux_42_16_1_1_U89  |mux_42_16_1_1  |        0|   0|  0|  20|    0|
    +-------------------+---------------+---------+----+---+----+-----+
    |Total              |               |        0|   0|  0| 272|    0|
    +-------------------+---------------+---------+----+---+----+-----+

    * DSP: 
    +--------------------------------------+----------------------------------+--------------+
    |               Instance               |              Module              |  Expression  |
    +--------------------------------------+----------------------------------+--------------+
    |mac_muladd_16ns_16ns_32ns_32_4_1_U94  |mac_muladd_16ns_16ns_32ns_32_4_1  |  i0 + i1 * i2|
    |mac_muladd_16ns_16ns_32ns_32_4_1_U95  |mac_muladd_16ns_16ns_32ns_32_4_1  |  i0 + i1 * i2|
    |mac_muladd_16ns_16ns_32ns_32_4_1_U96  |mac_muladd_16ns_16ns_32ns_32_4_1  |  i0 + i1 * i2|
    |mac_muladd_16ns_16ns_32ns_32_4_1_U97  |mac_muladd_16ns_16ns_32ns_32_4_1  |  i0 + i1 * i2|
    |mul_mul_16ns_16ns_32_4_1_U90          |mul_mul_16ns_16ns_32_4_1          |       i0 * i1|
    |mul_mul_16ns_16ns_32_4_1_U91          |mul_mul_16ns_16ns_32_4_1          |       i0 * i1|
    |mul_mul_16ns_16ns_32_4_1_U92          |mul_mul_16ns_16ns_32_4_1          |       i0 * i1|
    |mul_mul_16ns_16ns_32_4_1_U93          |mul_mul_16ns_16ns_32_4_1          |       i0 * i1|
    +--------------------------------------+----------------------------------+--------------+

    * Memory: 
    N/A

    * FIFO: 
    N/A

    * Expression: 
    +---------------------+----------+----+---+----+------------+------------+
    |    Variable Name    | Operation| DSP| FF| LUT| Bitwidth P0| Bitwidth P1|
    +---------------------+----------+----+---+----+------------+------------+
    |add_ln79_fu_381_p2   |         +|   0|  0|   9|           2|           1|
    |buffer_2_d0          |         +|   0|  0|  39|          32|          32|
    |buffer_2_d1          |         +|   0|  0|  39|          32|          32|
    |icmp_ln79_fu_375_p2  |      icmp|   0|  0|   8|           3|           3|
    |ap_enable_pp0        |       xor|   0|  0|   2|           1|           2|
    +---------------------+----------+----+---+----+------------+------------+
    |Total                |          |   0|  0|  97|          70|          70|
    +---------------------+----------+----+---+----+------------+------------+

    * Multiplexer: 
    +-------------------------+----+-----------+-----+-----------+
    |           Name          | LUT| Input Size| Bits| Total Bits|
    +-------------------------+----+-----------+-----+-----------+
    |ap_done_int              |   9|          2|    1|          2|
    |ap_enable_reg_pp0_iter1  |   9|          2|    1|          2|
    |ap_sig_allocacmp_com_1   |   9|          2|    2|          4|
    |com_fu_118               |   9|          2|    2|          4|
    +-------------------------+----+-----------+-----+-----------+
    |Total                    |  36|          8|    6|         12|
    +-------------------------+----+-----------+-----+-----------+

    * Register: 
    +----------------------------------+----+----+-----+-----------+
    |               Name               | FF | LUT| Bits| Const Bits|
    +----------------------------------+----+----+-----+-----------+
    |ap_CS_fsm                         |   1|   0|    1|          0|
    |ap_done_reg                       |   1|   0|    1|          0|
    |ap_enable_reg_pp0_iter1           |   1|   0|    1|          0|
    |ap_enable_reg_pp0_iter2           |   1|   0|    1|          0|
    |ap_enable_reg_pp0_iter3           |   1|   0|    1|          0|
    |ap_enable_reg_pp0_iter4           |   1|   0|    1|          0|
    |ap_loop_exit_ready_pp0_iter1_reg  |   1|   0|    1|          0|
    |ap_loop_exit_ready_pp0_iter2_reg  |   1|   0|    1|          0|
    |ap_loop_exit_ready_pp0_iter3_reg  |   1|   0|    1|          0|
    |com_1_reg_837                     |   2|   0|    2|          0|
    |com_fu_118                        |   2|   0|    2|          0|
    |com_1_reg_837                     |  64|  32|    2|          0|
    +----------------------------------+----+----+-----+-----------+
    |Total                             |  77|  32|   15|          0|
    +----------------------------------+----+----+-----+-----------+



================================================================
== Interface
================================================================
* Summary: 
+-------------------+-----+-----+------------+----------------------------------+--------------+
|     RTL Ports     | Dir | Bits|  Protocol  |           Source Object          |    C Type    |
+-------------------+-----+-----+------------+----------------------------------+--------------+
|ap_clk             |   in|    1|  ap_ctrl_hs|  compute_Pipeline_VITIS_LOOP_79_2|  return value|
|ap_rst             |   in|    1|  ap_ctrl_hs|  compute_Pipeline_VITIS_LOOP_79_2|  return value|
|ap_start           |   in|    1|  ap_ctrl_hs|  compute_Pipeline_VITIS_LOOP_79_2|  return value|
|ap_done            |  out|    1|  ap_ctrl_hs|  compute_Pipeline_VITIS_LOOP_79_2|  return value|
|ap_idle            |  out|    1|  ap_ctrl_hs|  compute_Pipeline_VITIS_LOOP_79_2|  return value|
|ap_ready           |  out|    1|  ap_ctrl_hs|  compute_Pipeline_VITIS_LOOP_79_2|  return value|
|i                  |   in|    3|     ap_none|                                 i|        scalar|
|REG_V_32_reload    |   in|   16|     ap_none|                   REG_V_32_reload|        scalar|
|REG_V_40_reload    |   in|   16|     ap_none|                   REG_V_40_reload|        scalar|
|REG_V_48_reload    |   in|   16|     ap_none|                   REG_V_48_reload|        scalar|
|REG_V_56_reload    |   in|   16|     ap_none|                   REG_V_56_reload|        scalar|
|indvars_iv1        |   in|    2|     ap_none|                       indvars_iv1|        scalar|
|REG_V_36_reload    |   in|   16|     ap_none|                   REG_V_36_reload|        scalar|
|REG_V_44_reload    |   in|   16|     ap_none|                   REG_V_44_reload|        scalar|
|REG_V_52_reload    |   in|   16|     ap_none|                   REG_V_52_reload|        scalar|
|REG_V_60_reload    |   in|   16|     ap_none|                   REG_V_60_reload|        scalar|
|REG_V_33_reload    |   in|   16|     ap_none|                   REG_V_33_reload|        scalar|
|REG_V_41_reload    |   in|   16|     ap_none|                   REG_V_41_reload|        scalar|
|REG_V_49_reload    |   in|   16|     ap_none|                   REG_V_49_reload|        scalar|
|REG_V_57_reload    |   in|   16|     ap_none|                   REG_V_57_reload|        scalar|
|REG_V_37_reload    |   in|   16|     ap_none|                   REG_V_37_reload|        scalar|
|REG_V_45_reload    |   in|   16|     ap_none|                   REG_V_45_reload|        scalar|
|REG_V_53_reload    |   in|   16|     ap_none|                   REG_V_53_reload|        scalar|
|REG_V_61_reload    |   in|   16|     ap_none|                   REG_V_61_reload|        scalar|
|REG_V_34_reload    |   in|   16|     ap_none|                   REG_V_34_reload|        scalar|
|REG_V_42_reload    |   in|   16|     ap_none|                   REG_V_42_reload|        scalar|
|REG_V_50_reload    |   in|   16|     ap_none|                   REG_V_50_reload|        scalar|
|REG_V_58_reload    |   in|   16|     ap_none|                   REG_V_58_reload|        scalar|
|REG_V_38_reload    |   in|   16|     ap_none|                   REG_V_38_reload|        scalar|
|REG_V_46_reload    |   in|   16|     ap_none|                   REG_V_46_reload|        scalar|
|REG_V_54_reload    |   in|   16|     ap_none|                   REG_V_54_reload|        scalar|
|REG_V_62_reload    |   in|   16|     ap_none|                   REG_V_62_reload|        scalar|
|REG_V_35_reload    |   in|   16|     ap_none|                   REG_V_35_reload|        scalar|
|REG_V_43_reload    |   in|   16|     ap_none|                   REG_V_43_reload|        scalar|
|REG_V_51_reload    |   in|   16|     ap_none|                   REG_V_51_reload|        scalar|
|REG_V_59_reload    |   in|   16|     ap_none|                   REG_V_59_reload|        scalar|
|REG_V_39_reload    |   in|   16|     ap_none|                   REG_V_39_reload|        scalar|
|REG_V_47_reload    |   in|   16|     ap_none|                   REG_V_47_reload|        scalar|
|REG_V_55_reload    |   in|   16|     ap_none|                   REG_V_55_reload|        scalar|
|REG_V_63_reload    |   in|   16|     ap_none|                   REG_V_63_reload|        scalar|
|phase              |   in|    1|     ap_none|                             phase|        scalar|
|i_cast             |   in|    2|     ap_none|                            i_cast|        scalar|
|buffer_2_address0  |  out|    4|   ap_memory|                          buffer_2|         array|
|buffer_2_ce0       |  out|    1|   ap_memory|                          buffer_2|         array|
|buffer_2_we0       |  out|    1|   ap_memory|                          buffer_2|         array|
|buffer_2_d0        |  out|   32|   ap_memory|                          buffer_2|         array|
|buffer_2_address1  |  out|    4|   ap_memory|                          buffer_2|         array|
|buffer_2_ce1       |  out|    1|   ap_memory|                          buffer_2|         array|
|buffer_2_we1       |  out|    1|   ap_memory|                          buffer_2|         array|
|buffer_2_d1        |  out|   32|   ap_memory|                          buffer_2|         array|
+-------------------+-----+-----+------------+----------------------------------+--------------+

============================================================
+ Verbose Summary: Synthesis Manager
============================================================
InlineROM: 1
ExposeGlobal: 0
============================================================
+ Verbose Summary: CDFG Model
============================================================
IsTopModel: 0
ResetActiveHigh: 1
IsCombinational: 2
IsDatapathOnly: 2
HasWiredReturn: 1
HasMFsm: 2
HasVarLatency: 1
IsPipeline: 0
IsRtlPipelined: 0
IsInstanceOverlapped: 0
IsDontTouch: 0
HasImplIP: 0
IsGatedGlobalClock: 0

+ Individual pipeline summary: 
  * Pipeline-0: initiation interval (II) = 1, depth = 5


============================================================
+ Verbose Summary: Schedule
============================================================
* Number of FSM states : 5
* Pipeline : 1
  Pipeline-0 : II = 1, D = 5, States = { 1 2 3 4 5 }
* Dataflow Pipeline: 0

* FSM state transitions: 
1 --> 2 
2 --> 3 
3 --> 4 
4 --> 5 
5 --> 

* FSM state operations: 

State 1 <SV = 0> <Delay = 1.06>
ST_1 : Operation 8 [1/1] (0.00ns)   --->   "%com = alloca i32 1"   --->   Operation 8 'alloca' 'com' <Predicate = true> <Delay = 0.00>
ST_1 : Operation 9 [1/1] (0.00ns)   --->   "%specinterface_ln0 = specinterface void @_ssdm_op_SpecInterface, i32 %buffer_2, void @empty, i32 0, i32 0, void @empty_0, i32 4294967295, i32 0, void @empty_0, void @empty_0, void @empty_0, i32 0, i32 0, i32 0, i32 0, void @empty_0, void @empty_0, i32 4294967295, i32 0"   --->   Operation 9 'specinterface' 'specinterface_ln0' <Predicate = true> <Delay = 0.00>
ST_1 : Operation 10 [1/1] (0.00ns)   --->   "%i_cast_read = read i2 @_ssdm_op_Read.ap_auto.i2, i2 %i_cast"   --->   Operation 10 'read' 'i_cast_read' <Predicate = true> <Delay = 0.00>
ST_1 : Operation 11 [1/1] (0.00ns)   --->   "%phase_read = read i1 @_ssdm_op_Read.ap_auto.i1, i1 %phase"   --->   Operation 11 'read' 'phase_read' <Predicate = true> <Delay = 0.00>
ST_1 : Operation 12 [1/1] (0.00ns)   --->   "%REG_V_63_reload_read = read i16 @_ssdm_op_Read.ap_auto.i16, i16 %REG_V_63_reload"   --->   Operation 12 'read' 'REG_V_63_reload_read' <Predicate = true> <Delay = 0.00>
ST_1 : Operation 13 [1/1] (0.00ns)   --->   "%REG_V_55_reload_read = read i16 @_ssdm_op_Read.ap_auto.i16, i16 %REG_V_55_reload"   --->   Operation 13 'read' 'REG_V_55_reload_read' <Predicate = true> <Delay = 0.00>
ST_1 : Operation 14 [1/1] (0.00ns)   --->   "%REG_V_47_reload_read = read i16 @_ssdm_op_Read.ap_auto.i16, i16 %REG_V_47_reload"   --->   Operation 14 'read' 'REG_V_47_reload_read' <Predicate = true> <Delay = 0.00>
ST_1 : Operation 15 [1/1] (0.00ns)   --->   "%REG_V_39_reload_read = read i16 @_ssdm_op_Read.ap_auto.i16, i16 %REG_V_39_reload"   --->   Operation 15 'read' 'REG_V_39_reload_read' <Predicate = true> <Delay = 0.00>
ST_1 : Operation 16 [1/1] (0.00ns)   --->   "%REG_V_59_reload_read = read i16 @_ssdm_op_Read.ap_auto.i16, i16 %REG_V_59_reload"   --->   Operation 16 'read' 'REG_V_59_reload_read' <Predicate = true> <Delay = 0.00>
ST_1 : Operation 17 [1/1] (0.00ns)   --->   "%REG_V_51_reload_read = read i16 @_ssdm_op_Read.ap_auto.i16, i16 %REG_V_51_reload"   --->   Operation 17 'read' 'REG_V_51_reload_read' <Predicate = true> <Delay = 0.00>
ST_1 : Operation 18 [1/1] (0.00ns)   --->   "%REG_V_43_reload_read = read i16 @_ssdm_op_Read.ap_auto.i16, i16 %REG_V_43_reload"   --->   Operation 18 'read' 'REG_V_43_reload_read' <Predicate = true> <Delay = 0.00>
ST_1 : Operation 19 [1/1] (0.00ns)   --->   "%REG_V_35_reload_read = read i16 @_ssdm_op_Read.ap_auto.i16, i16 %REG_V_35_reload"   --->   Operation 19 'read' 'REG_V_35_reload_read' <Predicate = true> <Delay = 0.00>
ST_1 : Operation 20 [1/1] (0.00ns)   --->   "%REG_V_62_reload_read = read i16 @_ssdm_op_Read.ap_auto.i16, i16 %REG_V_62_reload"   --->   Operation 20 'read' 'REG_V_62_reload_read' <Predicate = true> <Delay = 0.00>
ST_1 : Operation 21 [1/1] (0.00ns)   --->   "%REG_V_54_reload_read = read i16 @_ssdm_op_Read.ap_auto.i16, i16 %REG_V_54_reload"   --->   Operation 21 'read' 'REG_V_54_reload_read' <Predicate = true> <Delay = 0.00>
ST_1 : Operation 22 [1/1] (0.00ns)   --->   "%REG_V_46_reload_read = read i16 @_ssdm_op_Read.ap_auto.i16, i16 %REG_V_46_reload"   --->   Operation 22 'read' 'REG_V_46_reload_read' <Predicate = true> <Delay = 0.00>
ST_1 : Operation 23 [1/1] (0.00ns)   --->   "%REG_V_38_reload_read = read i16 @_ssdm_op_Read.ap_auto.i16, i16 %REG_V_38_reload"   --->   Operation 23 'read' 'REG_V_38_reload_read' <Predicate = true> <Delay = 0.00>
ST_1 : Operation 24 [1/1] (0.00ns)   --->   "%REG_V_58_reload_read = read i16 @_ssdm_op_Read.ap_auto.i16, i16 %REG_V_58_reload"   --->   Operation 24 'read' 'REG_V_58_reload_read' <Predicate = true> <Delay = 0.00>
ST_1 : Operation 25 [1/1] (0.00ns)   --->   "%REG_V_50_reload_read = read i16 @_ssdm_op_Read.ap_auto.i16, i16 %REG_V_50_reload"   --->   Operation 25 'read' 'REG_V_50_reload_read' <Predicate = true> <Delay = 0.00>
ST_1 : Operation 26 [1/1] (0.00ns)   --->   "%REG_V_42_reload_read = read i16 @_ssdm_op_Read.ap_auto.i16, i16 %REG_V_42_reload"   --->   Operation 26 'read' 'REG_V_42_reload_read' <Predicate = true> <Delay = 0.00>
ST_1 : Operation 27 [1/1] (0.00ns)   --->   "%REG_V_34_reload_read = read i16 @_ssdm_op_Read.ap_auto.i16, i16 %REG_V_34_reload"   --->   Operation 27 'read' 'REG_V_34_reload_read' <Predicate = true> <Delay = 0.00>
ST_1 : Operation 28 [1/1] (0.00ns)   --->   "%REG_V_61_reload_read = read i16 @_ssdm_op_Read.ap_auto.i16, i16 %REG_V_61_reload"   --->   Operation 28 'read' 'REG_V_61_reload_read' <Predicate = true> <Delay = 0.00>
ST_1 : Operation 29 [1/1] (0.00ns)   --->   "%REG_V_53_reload_read = read i16 @_ssdm_op_Read.ap_auto.i16, i16 %REG_V_53_reload"   --->   Operation 29 'read' 'REG_V_53_reload_read' <Predicate = true> <Delay = 0.00>
ST_1 : Operation 30 [1/1] (0.00ns)   --->   "%REG_V_45_reload_read = read i16 @_ssdm_op_Read.ap_auto.i16, i16 %REG_V_45_reload"   --->   Operation 30 'read' 'REG_V_45_reload_read' <Predicate = true> <Delay = 0.00>
ST_1 : Operation 31 [1/1] (0.00ns)   --->   "%REG_V_37_reload_read = read i16 @_ssdm_op_Read.ap_auto.i16, i16 %REG_V_37_reload"   --->   Operation 31 'read' 'REG_V_37_reload_read' <Predicate = true> <Delay = 0.00>
ST_1 : Operation 32 [1/1] (0.00ns)   --->   "%REG_V_57_reload_read = read i16 @_ssdm_op_Read.ap_auto.i16, i16 %REG_V_57_reload"   --->   Operation 32 'read' 'REG_V_57_reload_read' <Predicate = true> <Delay = 0.00>
ST_1 : Operation 33 [1/1] (0.00ns)   --->   "%REG_V_49_reload_read = read i16 @_ssdm_op_Read.ap_auto.i16, i16 %REG_V_49_reload"   --->   Operation 33 'read' 'REG_V_49_reload_read' <Predicate = true> <Delay = 0.00>
ST_1 : Operation 34 [1/1] (0.00ns)   --->   "%REG_V_41_reload_read = read i16 @_ssdm_op_Read.ap_auto.i16, i16 %REG_V_41_reload"   --->   Operation 34 'read' 'REG_V_41_reload_read' <Predicate = true> <Delay = 0.00>
ST_1 : Operation 35 [1/1] (0.00ns)   --->   "%REG_V_33_reload_read = read i16 @_ssdm_op_Read.ap_auto.i16, i16 %REG_V_33_reload"   --->   Operation 35 'read' 'REG_V_33_reload_read' <Predicate = true> <Delay = 0.00>
ST_1 : Operation 36 [1/1] (0.00ns)   --->   "%REG_V_60_reload_read = read i16 @_ssdm_op_Read.ap_auto.i16, i16 %REG_V_60_reload"   --->   Operation 36 'read' 'REG_V_60_reload_read' <Predicate = true> <Delay = 0.00>
ST_1 : Operation 37 [1/1] (0.00ns)   --->   "%REG_V_52_reload_read = read i16 @_ssdm_op_Read.ap_auto.i16, i16 %REG_V_52_reload"   --->   Operation 37 'read' 'REG_V_52_reload_read' <Predicate = true> <Delay = 0.00>
ST_1 : Operation 38 [1/1] (0.00ns)   --->   "%REG_V_44_reload_read = read i16 @_ssdm_op_Read.ap_auto.i16, i16 %REG_V_44_reload"   --->   Operation 38 'read' 'REG_V_44_reload_read' <Predicate = true> <Delay = 0.00>
ST_1 : Operation 39 [1/1] (0.00ns)   --->   "%REG_V_36_reload_read = read i16 @_ssdm_op_Read.ap_auto.i16, i16 %REG_V_36_reload"   --->   Operation 39 'read' 'REG_V_36_reload_read' <Predicate = true> <Delay = 0.00>
ST_1 : Operation 40 [1/1] (0.00ns)   --->   "%indvars_iv1_read = read i2 @_ssdm_op_Read.ap_auto.i2, i2 %indvars_iv1"   --->   Operation 40 'read' 'indvars_iv1_read' <Predicate = true> <Delay = 0.00>
ST_1 : Operation 41 [1/1] (0.00ns)   --->   "%REG_V_56_reload_read = read i16 @_ssdm_op_Read.ap_auto.i16, i16 %REG_V_56_reload"   --->   Operation 41 'read' 'REG_V_56_reload_read' <Predicate = true> <Delay = 0.00>
ST_1 : Operation 42 [1/1] (0.00ns)   --->   "%REG_V_48_reload_read = read i16 @_ssdm_op_Read.ap_auto.i16, i16 %REG_V_48_reload"   --->   Operation 42 'read' 'REG_V_48_reload_read' <Predicate = true> <Delay = 0.00>
ST_1 : Operation 43 [1/1] (0.00ns)   --->   "%REG_V_40_reload_read = read i16 @_ssdm_op_Read.ap_auto.i16, i16 %REG_V_40_reload"   --->   Operation 43 'read' 'REG_V_40_reload_read' <Predicate = true> <Delay = 0.00>
ST_1 : Operation 44 [1/1] (0.00ns)   --->   "%REG_V_32_reload_read = read i16 @_ssdm_op_Read.ap_auto.i16, i16 %REG_V_32_reload"   --->   Operation 44 'read' 'REG_V_32_reload_read' <Predicate = true> <Delay = 0.00>
ST_1 : Operation 45 [1/1] (0.00ns)   --->   "%i_read = read i3 @_ssdm_op_Read.ap_auto.i3, i3 %i"   --->   Operation 45 'read' 'i_read' <Predicate = true> <Delay = 0.00>
ST_1 : Operation 46 [1/1] (0.42ns)   --->   "%store_ln0 = store i2 0, i2 %com"   --->   Operation 46 'store' 'store_ln0' <Predicate = true> <Delay = 0.42>
ST_1 : Operation 47 [1/1] (0.00ns)   --->   "%br_ln0 = br void %VITIS_LOOP_82_3"   --->   Operation 47 'br' 'br_ln0' <Predicate = true> <Delay = 0.00>
ST_1 : Operation 48 [1/1] (0.00ns)   --->   "%com_1 = load i2 %com" [Compute_block/Compute.cpp:79]   --->   Operation 48 'load' 'com_1' <Predicate = true> <Delay = 0.00>
ST_1 : Operation 49 [1/1] (0.00ns)   --->   "%com_cast = zext i2 %com_1" [Compute_block/Compute.cpp:79]   --->   Operation 49 'zext' 'com_cast' <Predicate = true> <Delay = 0.00>
ST_1 : Operation 50 [1/1] (0.00ns)   --->   "%specpipeline_ln0 = specpipeline void @_ssdm_op_SpecPipeline, i32 4294967295, i32 0, i32 1, i32 0, void @p_str"   --->   Operation 50 'specpipeline' 'specpipeline_ln0' <Predicate = true> <Delay = 0.00>
ST_1 : Operation 51 [1/1] (0.58ns)   --->   "%icmp_ln79 = icmp_eq  i3 %com_cast, i3 %i_read" [Compute_block/Compute.cpp:79]   --->   Operation 51 'icmp' 'icmp_ln79' <Predicate = true> <Delay = 0.58> <CoreInst = "Cmp">   --->   Core 9 'Cmp' <Latency = 0> <II = 1> <Delay = 0.58> <FuncUnit> <Opcode : 'icmp'> <InPorts = 2> <OutPorts = 1>
ST_1 : Operation 52 [1/1] (0.00ns)   --->   "%empty = speclooptripcount i32 @_ssdm_op_SpecLoopTripCount, i64 0, i64 3, i64 0"   --->   Operation 52 'speclooptripcount' 'empty' <Predicate = true> <Delay = 0.00>
ST_1 : Operation 53 [1/1] (0.54ns)   --->   "%add_ln79 = add i2 %com_1, i2 1" [Compute_block/Compute.cpp:79]   --->   Operation 53 'add' 'add_ln79' <Predicate = true> <Delay = 0.54> <CoreInst = "Adder">   --->   Core 1 'Adder' <Latency = 0> <II = 1> <Delay = 0.54> <FuncUnit> <Opcode : 'add' 'sub'> <InPorts = 2> <OutPorts = 1>
ST_1 : Operation 54 [1/1] (0.00ns)   --->   "%br_ln79 = br i1 %icmp_ln79, void %VITIS_LOOP_82_3.split, void %for.inc140.loopexit.exitStub" [Compute_block/Compute.cpp:79]   --->   Operation 54 'br' 'br_ln79' <Predicate = true> <Delay = 0.00>
ST_1 : Operation 55 [1/1] (0.52ns)   --->   "%tmp_4_1 = mux i16 @_ssdm_op_Mux.ap_auto.4i16.i2, i16 %REG_V_33_reload_read, i16 %REG_V_41_reload_read, i16 %REG_V_49_reload_read, i16 %REG_V_57_reload_read, i2 %indvars_iv1_read"   --->   Operation 55 'mux' 'tmp_4_1' <Predicate = (!icmp_ln79)> <Delay = 0.52> <CoreInst = "Multiplexer">   --->   Core 76 'Multiplexer' <Latency = 0> <II = 1> <Delay = 0.52> <FuncUnit> <Opcode : 'mux'> <InPorts = 2> <OutPorts = 1>
ST_1 : Operation 56 [1/1] (0.00ns)   --->   "%zext_ln186_4 = zext i16 %tmp_4_1"   --->   Operation 56 'zext' 'zext_ln186_4' <Predicate = (!icmp_ln79)> <Delay = 0.00>
ST_1 : Operation 57 [1/1] (0.47ns)   --->   "%tmp_8_1 = mux i16 @_ssdm_op_Mux.ap_auto.3i16.i2, i16 %REG_V_37_reload_read, i16 %REG_V_45_reload_read, i16 %REG_V_53_reload_read, i2 %com_1"   --->   Operation 57 'mux' 'tmp_8_1' <Predicate = (!icmp_ln79)> <Delay = 0.47> <CoreInst = "Multiplexer">   --->   Core 76 'Multiplexer' <Latency = 0> <II = 1> <Delay = 0.47> <FuncUnit> <Opcode : 'mux'> <InPorts = 2> <OutPorts = 1>
ST_1 : Operation 58 [1/1] (0.00ns)   --->   "%zext_ln186_5 = zext i16 %tmp_8_1"   --->   Operation 58 'zext' 'zext_ln186_5' <Predicate = (!icmp_ln79)> <Delay = 0.00>
ST_1 : Operation 59 [4/4] (0.53ns) (root node of the DSP)   --->   "%mul_ln1494_2 = mul i32 %zext_ln186_5, i32 %zext_ln186_4"   --->   Operation 59 'mul' 'mul_ln1494_2' <Predicate = (!icmp_ln79)> <Delay = 0.53> <CoreInst = "DSP48">   --->   Core 127 'DSP48' <Latency = 3> <II = 1> <Delay = 0.53> <IPBlock> <Opcode : 'mul' 'add' 'sub' 'select'> <InPorts = 0> <OutPorts = 1> <Sync> <CReg>
ST_1 : Operation 60 [1/1] (0.47ns)   --->   "%tmp_9_1 = mux i16 @_ssdm_op_Mux.ap_auto.3i16.i2, i16 %REG_V_33_reload_read, i16 %REG_V_41_reload_read, i16 %REG_V_49_reload_read, i2 %com_1"   --->   Operation 60 'mux' 'tmp_9_1' <Predicate = (!icmp_ln79)> <Delay = 0.47> <CoreInst = "Multiplexer">   --->   Core 76 'Multiplexer' <Latency = 0> <II = 1> <Delay = 0.47> <FuncUnit> <Opcode : 'mux'> <InPorts = 2> <OutPorts = 1>
ST_1 : Operation 61 [1/1] (0.00ns)   --->   "%zext_ln186_6 = zext i16 %tmp_9_1"   --->   Operation 61 'zext' 'zext_ln186_6' <Predicate = (!icmp_ln79)> <Delay = 0.00>
ST_1 : Operation 62 [1/1] (0.52ns)   --->   "%tmp_10_1 = mux i16 @_ssdm_op_Mux.ap_auto.4i16.i2, i16 %REG_V_37_reload_read, i16 %REG_V_45_reload_read, i16 %REG_V_53_reload_read, i16 %REG_V_61_reload_read, i2 %indvars_iv1_read"   --->   Operation 62 'mux' 'tmp_10_1' <Predicate = (!icmp_ln79)> <Delay = 0.52> <CoreInst = "Multiplexer">   --->   Core 76 'Multiplexer' <Latency = 0> <II = 1> <Delay = 0.52> <FuncUnit> <Opcode : 'mux'> <InPorts = 2> <OutPorts = 1>
ST_1 : Operation 63 [1/1] (0.00ns)   --->   "%zext_ln186_7 = zext i16 %tmp_10_1"   --->   Operation 63 'zext' 'zext_ln186_7' <Predicate = (!icmp_ln79)> <Delay = 0.00>
ST_1 : Operation 64 [4/4] (0.53ns) (root node of the DSP)   --->   "%mul_ln1494_3 = mul i32 %zext_ln186_7, i32 %zext_ln186_6"   --->   Operation 64 'mul' 'mul_ln1494_3' <Predicate = (!icmp_ln79)> <Delay = 0.53> <CoreInst = "DSP48">   --->   Core 127 'DSP48' <Latency = 3> <II = 1> <Delay = 0.53> <IPBlock> <Opcode : 'mul' 'add' 'sub' 'select'> <InPorts = 0> <OutPorts = 1> <Sync> <CReg>
ST_1 : Operation 65 [1/1] (0.52ns)   --->   "%tmp_4_2 = mux i16 @_ssdm_op_Mux.ap_auto.4i16.i2, i16 %REG_V_34_reload_read, i16 %REG_V_42_reload_read, i16 %REG_V_50_reload_read, i16 %REG_V_58_reload_read, i2 %indvars_iv1_read"   --->   Operation 65 'mux' 'tmp_4_2' <Predicate = (!icmp_ln79)> <Delay = 0.52> <CoreInst = "Multiplexer">   --->   Core 76 'Multiplexer' <Latency = 0> <II = 1> <Delay = 0.52> <FuncUnit> <Opcode : 'mux'> <InPorts = 2> <OutPorts = 1>
ST_1 : Operation 66 [1/1] (0.00ns)   --->   "%zext_ln186_8 = zext i16 %tmp_4_2"   --->   Operation 66 'zext' 'zext_ln186_8' <Predicate = (!icmp_ln79)> <Delay = 0.00>
ST_1 : Operation 67 [1/1] (0.47ns)   --->   "%tmp_8_2 = mux i16 @_ssdm_op_Mux.ap_auto.3i16.i2, i16 %REG_V_38_reload_read, i16 %REG_V_46_reload_read, i16 %REG_V_54_reload_read, i2 %com_1"   --->   Operation 67 'mux' 'tmp_8_2' <Predicate = (!icmp_ln79)> <Delay = 0.47> <CoreInst = "Multiplexer">   --->   Core 76 'Multiplexer' <Latency = 0> <II = 1> <Delay = 0.47> <FuncUnit> <Opcode : 'mux'> <InPorts = 2> <OutPorts = 1>
ST_1 : Operation 68 [1/1] (0.00ns)   --->   "%zext_ln186_9 = zext i16 %tmp_8_2"   --->   Operation 68 'zext' 'zext_ln186_9' <Predicate = (!icmp_ln79)> <Delay = 0.00>
ST_1 : Operation 69 [4/4] (0.53ns) (root node of the DSP)   --->   "%mul_ln1494_4 = mul i32 %zext_ln186_9, i32 %zext_ln186_8"   --->   Operation 69 'mul' 'mul_ln1494_4' <Predicate = (!icmp_ln79)> <Delay = 0.53> <CoreInst = "DSP48">   --->   Core 127 'DSP48' <Latency = 3> <II = 1> <Delay = 0.53> <IPBlock> <Opcode : 'mul' 'add' 'sub' 'select'> <InPorts = 0> <OutPorts = 1> <Sync> <CReg>
ST_1 : Operation 70 [1/1] (0.47ns)   --->   "%tmp_9_2 = mux i16 @_ssdm_op_Mux.ap_auto.3i16.i2, i16 %REG_V_34_reload_read, i16 %REG_V_42_reload_read, i16 %REG_V_50_reload_read, i2 %com_1"   --->   Operation 70 'mux' 'tmp_9_2' <Predicate = (!icmp_ln79)> <Delay = 0.47> <CoreInst = "Multiplexer">   --->   Core 76 'Multiplexer' <Latency = 0> <II = 1> <Delay = 0.47> <FuncUnit> <Opcode : 'mux'> <InPorts = 2> <OutPorts = 1>
ST_1 : Operation 71 [1/1] (0.00ns)   --->   "%zext_ln186_10 = zext i16 %tmp_9_2"   --->   Operation 71 'zext' 'zext_ln186_10' <Predicate = (!icmp_ln79)> <Delay = 0.00>
ST_1 : Operation 72 [1/1] (0.52ns)   --->   "%tmp_10_2 = mux i16 @_ssdm_op_Mux.ap_auto.4i16.i2, i16 %REG_V_38_reload_read, i16 %REG_V_46_reload_read, i16 %REG_V_54_reload_read, i16 %REG_V_62_reload_read, i2 %indvars_iv1_read"   --->   Operation 72 'mux' 'tmp_10_2' <Predicate = (!icmp_ln79)> <Delay = 0.52> <CoreInst = "Multiplexer">   --->   Core 76 'Multiplexer' <Latency = 0> <II = 1> <Delay = 0.52> <FuncUnit> <Opcode : 'mux'> <InPorts = 2> <OutPorts = 1>
ST_1 : Operation 73 [1/1] (0.00ns)   --->   "%zext_ln186_11 = zext i16 %tmp_10_2"   --->   Operation 73 'zext' 'zext_ln186_11' <Predicate = (!icmp_ln79)> <Delay = 0.00>
ST_1 : Operation 74 [4/4] (0.53ns) (root node of the DSP)   --->   "%mul_ln1494_5 = mul i32 %zext_ln186_11, i32 %zext_ln186_10"   --->   Operation 74 'mul' 'mul_ln1494_5' <Predicate = (!icmp_ln79)> <Delay = 0.53> <CoreInst = "DSP48">   --->   Core 127 'DSP48' <Latency = 3> <II = 1> <Delay = 0.53> <IPBlock> <Opcode : 'mul' 'add' 'sub' 'select'> <InPorts = 0> <OutPorts = 1> <Sync> <CReg>
ST_1 : Operation 75 [1/1] (0.00ns)   --->   "%br_ln86 = br i1 %phase_read, void %for.inc137, void %if.then110" [Compute_block/Compute.cpp:86]   --->   Operation 75 'br' 'br_ln86' <Predicate = (!icmp_ln79)> <Delay = 0.00>
ST_1 : Operation 76 [1/1] (0.42ns)   --->   "%store_ln79 = store i2 %add_ln79, i2 %com" [Compute_block/Compute.cpp:79]   --->   Operation 76 'store' 'store_ln79' <Predicate = (!icmp_ln79)> <Delay = 0.42>
ST_1 : Operation 77 [1/1] (0.00ns)   --->   "%br_ln79 = br void %VITIS_LOOP_82_3" [Compute_block/Compute.cpp:79]   --->   Operation 77 'br' 'br_ln79' <Predicate = (!icmp_ln79)> <Delay = 0.00>

State 2 <SV = 1> <Delay = 1.52>
ST_2 : Operation 78 [1/1] (0.52ns)   --->   "%tmp_4 = mux i16 @_ssdm_op_Mux.ap_auto.4i16.i2, i16 %REG_V_32_reload_read, i16 %REG_V_40_reload_read, i16 %REG_V_48_reload_read, i16 %REG_V_56_reload_read, i2 %indvars_iv1_read"   --->   Operation 78 'mux' 'tmp_4' <Predicate = true> <Delay = 0.52> <CoreInst = "Multiplexer">   --->   Core 76 'Multiplexer' <Latency = 0> <II = 1> <Delay = 0.52> <FuncUnit> <Opcode : 'mux'> <InPorts = 2> <OutPorts = 1>
ST_2 : Operation 79 [1/1] (0.00ns)   --->   "%zext_ln186 = zext i16 %tmp_4"   --->   Operation 79 'zext' 'zext_ln186' <Predicate = true> <Delay = 0.00>
ST_2 : Operation 80 [1/1] (0.47ns)   --->   "%tmp_8 = mux i16 @_ssdm_op_Mux.ap_auto.3i16.i2, i16 %REG_V_36_reload_read, i16 %REG_V_44_reload_read, i16 %REG_V_52_reload_read, i2 %com_1"   --->   Operation 80 'mux' 'tmp_8' <Predicate = true> <Delay = 0.47> <CoreInst = "Multiplexer">   --->   Core 76 'Multiplexer' <Latency = 0> <II = 1> <Delay = 0.47> <FuncUnit> <Opcode : 'mux'> <InPorts = 2> <OutPorts = 1>
ST_2 : Operation 81 [1/1] (0.00ns)   --->   "%zext_ln186_1 = zext i16 %tmp_8"   --->   Operation 81 'zext' 'zext_ln186_1' <Predicate = true> <Delay = 0.00>
ST_2 : Operation 82 [3/3] (0.99ns) (grouped into DSP with root node add_ln87)   --->   "%mul_ln1494 = mul i32 %zext_ln186_1, i32 %zext_ln186"   --->   Operation 82 'mul' 'mul_ln1494' <Predicate = true> <Delay = 0.99> <CoreInst = "DSP48">   --->   Core 127 'DSP48' <Latency = 3> <II = 1> <Delay = 0.53> <IPBlock> <Opcode : 'mul' 'add' 'sub' 'select'> <InPorts = 0> <OutPorts = 1> <Sync> <CReg>
ST_2 : Operation 83 [1/1] (0.47ns)   --->   "%tmp_9 = mux i16 @_ssdm_op_Mux.ap_auto.3i16.i2, i16 %REG_V_32_reload_read, i16 %REG_V_40_reload_read, i16 %REG_V_48_reload_read, i2 %com_1"   --->   Operation 83 'mux' 'tmp_9' <Predicate = true> <Delay = 0.47> <CoreInst = "Multiplexer">   --->   Core 76 'Multiplexer' <Latency = 0> <II = 1> <Delay = 0.47> <FuncUnit> <Opcode : 'mux'> <InPorts = 2> <OutPorts = 1>
ST_2 : Operation 84 [1/1] (0.00ns)   --->   "%zext_ln186_2 = zext i16 %tmp_9"   --->   Operation 84 'zext' 'zext_ln186_2' <Predicate = true> <Delay = 0.00>
ST_2 : Operation 85 [1/1] (0.52ns)   --->   "%tmp_s = mux i16 @_ssdm_op_Mux.ap_auto.4i16.i2, i16 %REG_V_36_reload_read, i16 %REG_V_44_reload_read, i16 %REG_V_52_reload_read, i16 %REG_V_60_reload_read, i2 %indvars_iv1_read"   --->   Operation 85 'mux' 'tmp_s' <Predicate = true> <Delay = 0.52> <CoreInst = "Multiplexer">   --->   Core 76 'Multiplexer' <Latency = 0> <II = 1> <Delay = 0.52> <FuncUnit> <Opcode : 'mux'> <InPorts = 2> <OutPorts = 1>
ST_2 : Operation 86 [1/1] (0.00ns)   --->   "%zext_ln186_3 = zext i16 %tmp_s"   --->   Operation 86 'zext' 'zext_ln186_3' <Predicate = true> <Delay = 0.00>
ST_2 : Operation 87 [3/3] (0.99ns) (grouped into DSP with root node add_ln88)   --->   "%mul_ln1494_1 = mul i32 %zext_ln186_3, i32 %zext_ln186_2"   --->   Operation 87 'mul' 'mul_ln1494_1' <Predicate = true> <Delay = 0.99> <CoreInst = "DSP48">   --->   Core 127 'DSP48' <Latency = 3> <II = 1> <Delay = 0.53> <IPBlock> <Opcode : 'mul' 'add' 'sub' 'select'> <InPorts = 0> <OutPorts = 1> <Sync> <CReg>
ST_2 : Operation 88 [3/4] (0.53ns) (root node of the DSP)   --->   "%mul_ln1494_2 = mul i32 %zext_ln186_5, i32 %zext_ln186_4"   --->   Operation 88 'mul' 'mul_ln1494_2' <Predicate = true> <Delay = 0.53> <CoreInst = "DSP48">   --->   Core 127 'DSP48' <Latency = 3> <II = 1> <Delay = 0.53> <IPBlock> <Opcode : 'mul' 'add' 'sub' 'select'> <InPorts = 0> <OutPorts = 1> <Sync> <CReg>
ST_2 : Operation 89 [3/4] (0.53ns) (root node of the DSP)   --->   "%mul_ln1494_3 = mul i32 %zext_ln186_7, i32 %zext_ln186_6"   --->   Operation 89 'mul' 'mul_ln1494_3' <Predicate = true> <Delay = 0.53> <CoreInst = "DSP48">   --->   Core 127 'DSP48' <Latency = 3> <II = 1> <Delay = 0.53> <IPBlock> <Opcode : 'mul' 'add' 'sub' 'select'> <InPorts = 0> <OutPorts = 1> <Sync> <CReg>
ST_2 : Operation 90 [3/4] (0.53ns) (root node of the DSP)   --->   "%mul_ln1494_4 = mul i32 %zext_ln186_9, i32 %zext_ln186_8"   --->   Operation 90 'mul' 'mul_ln1494_4' <Predicate = true> <Delay = 0.53> <CoreInst = "DSP48">   --->   Core 127 'DSP48' <Latency = 3> <II = 1> <Delay = 0.53> <IPBlock> <Opcode : 'mul' 'add' 'sub' 'select'> <InPorts = 0> <OutPorts = 1> <Sync> <CReg>
ST_2 : Operation 91 [3/4] (0.53ns) (root node of the DSP)   --->   "%mul_ln1494_5 = mul i32 %zext_ln186_11, i32 %zext_ln186_10"   --->   Operation 91 'mul' 'mul_ln1494_5' <Predicate = true> <Delay = 0.53> <CoreInst = "DSP48">   --->   Core 127 'DSP48' <Latency = 3> <II = 1> <Delay = 0.53> <IPBlock> <Opcode : 'mul' 'add' 'sub' 'select'> <InPorts = 0> <OutPorts = 1> <Sync> <CReg>
ST_2 : Operation 92 [1/1] (0.52ns)   --->   "%tmp_4_3 = mux i16 @_ssdm_op_Mux.ap_auto.4i16.i2, i16 %REG_V_35_reload_read, i16 %REG_V_43_reload_read, i16 %REG_V_51_reload_read, i16 %REG_V_59_reload_read, i2 %indvars_iv1_read"   --->   Operation 92 'mux' 'tmp_4_3' <Predicate = true> <Delay = 0.52> <CoreInst = "Multiplexer">   --->   Core 76 'Multiplexer' <Latency = 0> <II = 1> <Delay = 0.52> <FuncUnit> <Opcode : 'mux'> <InPorts = 2> <OutPorts = 1>
ST_2 : Operation 93 [1/1] (0.00ns)   --->   "%zext_ln186_12 = zext i16 %tmp_4_3"   --->   Operation 93 'zext' 'zext_ln186_12' <Predicate = true> <Delay = 0.00>
ST_2 : Operation 94 [1/1] (0.47ns)   --->   "%tmp_8_3 = mux i16 @_ssdm_op_Mux.ap_auto.3i16.i2, i16 %REG_V_39_reload_read, i16 %REG_V_47_reload_read, i16 %REG_V_55_reload_read, i2 %com_1"   --->   Operation 94 'mux' 'tmp_8_3' <Predicate = true> <Delay = 0.47> <CoreInst = "Multiplexer">   --->   Core 76 'Multiplexer' <Latency = 0> <II = 1> <Delay = 0.47> <FuncUnit> <Opcode : 'mux'> <InPorts = 2> <OutPorts = 1>
ST_2 : Operation 95 [1/1] (0.00ns)   --->   "%zext_ln186_13 = zext i16 %tmp_8_3"   --->   Operation 95 'zext' 'zext_ln186_13' <Predicate = true> <Delay = 0.00>
ST_2 : Operation 96 [3/3] (0.99ns) (grouped into DSP with root node add_ln87_1)   --->   "%mul_ln1494_6 = mul i32 %zext_ln186_13, i32 %zext_ln186_12"   --->   Operation 96 'mul' 'mul_ln1494_6' <Predicate = true> <Delay = 0.99> <CoreInst = "DSP48">   --->   Core 127 'DSP48' <Latency = 3> <II = 1> <Delay = 0.53> <IPBlock> <Opcode : 'mul' 'add' 'sub' 'select'> <InPorts = 0> <OutPorts = 1> <Sync> <CReg>
ST_2 : Operation 97 [1/1] (0.47ns)   --->   "%tmp_9_3 = mux i16 @_ssdm_op_Mux.ap_auto.3i16.i2, i16 %REG_V_35_reload_read, i16 %REG_V_43_reload_read, i16 %REG_V_51_reload_read, i2 %com_1"   --->   Operation 97 'mux' 'tmp_9_3' <Predicate = true> <Delay = 0.47> <CoreInst = "Multiplexer">   --->   Core 76 'Multiplexer' <Latency = 0> <II = 1> <Delay = 0.47> <FuncUnit> <Opcode : 'mux'> <InPorts = 2> <OutPorts = 1>
ST_2 : Operation 98 [1/1] (0.00ns)   --->   "%zext_ln186_14 = zext i16 %tmp_9_3"   --->   Operation 98 'zext' 'zext_ln186_14' <Predicate = true> <Delay = 0.00>
ST_2 : Operation 99 [1/1] (0.52ns)   --->   "%tmp_10_3 = mux i16 @_ssdm_op_Mux.ap_auto.4i16.i2, i16 %REG_V_39_reload_read, i16 %REG_V_47_reload_read, i16 %REG_V_55_reload_read, i16 %REG_V_63_reload_read, i2 %indvars_iv1_read"   --->   Operation 99 'mux' 'tmp_10_3' <Predicate = true> <Delay = 0.52> <CoreInst = "Multiplexer">   --->   Core 76 'Multiplexer' <Latency = 0> <II = 1> <Delay = 0.52> <FuncUnit> <Opcode : 'mux'> <InPorts = 2> <OutPorts = 1>
ST_2 : Operation 100 [1/1] (0.00ns)   --->   "%zext_ln186_15 = zext i16 %tmp_10_3"   --->   Operation 100 'zext' 'zext_ln186_15' <Predicate = true> <Delay = 0.00>
ST_2 : Operation 101 [3/3] (0.99ns) (grouped into DSP with root node add_ln88_1)   --->   "%mul_ln1494_7 = mul i32 %zext_ln186_15, i32 %zext_ln186_14"   --->   Operation 101 'mul' 'mul_ln1494_7' <Predicate = true> <Delay = 0.99> <CoreInst = "DSP48">   --->   Core 127 'DSP48' <Latency = 3> <II = 1> <Delay = 0.53> <IPBlock> <Opcode : 'mul' 'add' 'sub' 'select'> <InPorts = 0> <OutPorts = 1> <Sync> <CReg>

State 3 <SV = 2> <Delay = 0.99>
ST_3 : Operation 102 [2/3] (0.99ns) (grouped into DSP with root node add_ln87)   --->   "%mul_ln1494 = mul i32 %zext_ln186_1, i32 %zext_ln186"   --->   Operation 102 'mul' 'mul_ln1494' <Predicate = true> <Delay = 0.99> <CoreInst = "DSP48">   --->   Core 127 'DSP48' <Latency = 3> <II = 1> <Delay = 0.53> <IPBlock> <Opcode : 'mul' 'add' 'sub' 'select'> <InPorts = 0> <OutPorts = 1> <Sync> <CReg>
ST_3 : Operation 103 [2/3] (0.99ns) (grouped into DSP with root node add_ln88)   --->   "%mul_ln1494_1 = mul i32 %zext_ln186_3, i32 %zext_ln186_2"   --->   Operation 103 'mul' 'mul_ln1494_1' <Predicate = true> <Delay = 0.99> <CoreInst = "DSP48">   --->   Core 127 'DSP48' <Latency = 3> <II = 1> <Delay = 0.53> <IPBlock> <Opcode : 'mul' 'add' 'sub' 'select'> <InPorts = 0> <OutPorts = 1> <Sync> <CReg>
ST_3 : Operation 104 [2/4] (0.53ns) (root node of the DSP)   --->   "%mul_ln1494_2 = mul i32 %zext_ln186_5, i32 %zext_ln186_4"   --->   Operation 104 'mul' 'mul_ln1494_2' <Predicate = true> <Delay = 0.53> <CoreInst = "DSP48">   --->   Core 127 'DSP48' <Latency = 3> <II = 1> <Delay = 0.53> <IPBlock> <Opcode : 'mul' 'add' 'sub' 'select'> <InPorts = 0> <OutPorts = 1> <Sync> <CReg>
ST_3 : Operation 105 [2/4] (0.53ns) (root node of the DSP)   --->   "%mul_ln1494_3 = mul i32 %zext_ln186_7, i32 %zext_ln186_6"   --->   Operation 105 'mul' 'mul_ln1494_3' <Predicate = true> <Delay = 0.53> <CoreInst = "DSP48">   --->   Core 127 'DSP48' <Latency = 3> <II = 1> <Delay = 0.53> <IPBlock> <Opcode : 'mul' 'add' 'sub' 'select'> <InPorts = 0> <OutPorts = 1> <Sync> <CReg>
ST_3 : Operation 106 [2/4] (0.53ns) (root node of the DSP)   --->   "%mul_ln1494_4 = mul i32 %zext_ln186_9, i32 %zext_ln186_8"   --->   Operation 106 'mul' 'mul_ln1494_4' <Predicate = true> <Delay = 0.53> <CoreInst = "DSP48">   --->   Core 127 'DSP48' <Latency = 3> <II = 1> <Delay = 0.53> <IPBlock> <Opcode : 'mul' 'add' 'sub' 'select'> <InPorts = 0> <OutPorts = 1> <Sync> <CReg>
ST_3 : Operation 107 [2/4] (0.53ns) (root node of the DSP)   --->   "%mul_ln1494_5 = mul i32 %zext_ln186_11, i32 %zext_ln186_10"   --->   Operation 107 'mul' 'mul_ln1494_5' <Predicate = true> <Delay = 0.53> <CoreInst = "DSP48">   --->   Core 127 'DSP48' <Latency = 3> <II = 1> <Delay = 0.53> <IPBlock> <Opcode : 'mul' 'add' 'sub' 'select'> <InPorts = 0> <OutPorts = 1> <Sync> <CReg>
ST_3 : Operation 108 [2/3] (0.99ns) (grouped into DSP with root node add_ln87_1)   --->   "%mul_ln1494_6 = mul i32 %zext_ln186_13, i32 %zext_ln186_12"   --->   Operation 108 'mul' 'mul_ln1494_6' <Predicate = true> <Delay = 0.99> <CoreInst = "DSP48">   --->   Core 127 'DSP48' <Latency = 3> <II = 1> <Delay = 0.53> <IPBlock> <Opcode : 'mul' 'add' 'sub' 'select'> <InPorts = 0> <OutPorts = 1> <Sync> <CReg>
ST_3 : Operation 109 [2/3] (0.99ns) (grouped into DSP with root node add_ln88_1)   --->   "%mul_ln1494_7 = mul i32 %zext_ln186_15, i32 %zext_ln186_14"   --->   Operation 109 'mul' 'mul_ln1494_7' <Predicate = true> <Delay = 0.99> <CoreInst = "DSP48">   --->   Core 127 'DSP48' <Latency = 3> <II = 1> <Delay = 0.53> <IPBlock> <Opcode : 'mul' 'add' 'sub' 'select'> <InPorts = 0> <OutPorts = 1> <Sync> <CReg>

State 4 <SV = 3> <Delay = 0.64>
ST_4 : Operation 110 [1/3] (0.00ns) (grouped into DSP with root node add_ln87)   --->   "%mul_ln1494 = mul i32 %zext_ln186_1, i32 %zext_ln186"   --->   Operation 110 'mul' 'mul_ln1494' <Predicate = true> <Delay = 0.00> <CoreInst = "DSP48">   --->   Core 127 'DSP48' <Latency = 3> <II = 1> <Delay = 0.53> <IPBlock> <Opcode : 'mul' 'add' 'sub' 'select'> <InPorts = 0> <OutPorts = 1> <Sync> <CReg>
ST_4 : Operation 111 [1/3] (0.00ns) (grouped into DSP with root node add_ln88)   --->   "%mul_ln1494_1 = mul i32 %zext_ln186_3, i32 %zext_ln186_2"   --->   Operation 111 'mul' 'mul_ln1494_1' <Predicate = true> <Delay = 0.00> <CoreInst = "DSP48">   --->   Core 127 'DSP48' <Latency = 3> <II = 1> <Delay = 0.53> <IPBlock> <Opcode : 'mul' 'add' 'sub' 'select'> <InPorts = 0> <OutPorts = 1> <Sync> <CReg>
ST_4 : Operation 112 [1/4] (0.00ns) (root node of the DSP)   --->   "%mul_ln1494_2 = mul i32 %zext_ln186_5, i32 %zext_ln186_4"   --->   Operation 112 'mul' 'mul_ln1494_2' <Predicate = true> <Delay = 0.00> <CoreInst = "DSP48">   --->   Core 127 'DSP48' <Latency = 3> <II = 1> <Delay = 0.53> <IPBlock> <Opcode : 'mul' 'add' 'sub' 'select'> <InPorts = 0> <OutPorts = 1> <Sync> <CReg>
ST_4 : Operation 113 [1/4] (0.00ns) (root node of the DSP)   --->   "%mul_ln1494_3 = mul i32 %zext_ln186_7, i32 %zext_ln186_6"   --->   Operation 113 'mul' 'mul_ln1494_3' <Predicate = true> <Delay = 0.00> <CoreInst = "DSP48">   --->   Core 127 'DSP48' <Latency = 3> <II = 1> <Delay = 0.53> <IPBlock> <Opcode : 'mul' 'add' 'sub' 'select'> <InPorts = 0> <OutPorts = 1> <Sync> <CReg>
ST_4 : Operation 114 [1/4] (0.00ns) (root node of the DSP)   --->   "%mul_ln1494_4 = mul i32 %zext_ln186_9, i32 %zext_ln186_8"   --->   Operation 114 'mul' 'mul_ln1494_4' <Predicate = true> <Delay = 0.00> <CoreInst = "DSP48">   --->   Core 127 'DSP48' <Latency = 3> <II = 1> <Delay = 0.53> <IPBlock> <Opcode : 'mul' 'add' 'sub' 'select'> <InPorts = 0> <OutPorts = 1> <Sync> <CReg>
ST_4 : Operation 115 [1/4] (0.00ns) (root node of the DSP)   --->   "%mul_ln1494_5 = mul i32 %zext_ln186_11, i32 %zext_ln186_10"   --->   Operation 115 'mul' 'mul_ln1494_5' <Predicate = true> <Delay = 0.00> <CoreInst = "DSP48">   --->   Core 127 'DSP48' <Latency = 3> <II = 1> <Delay = 0.53> <IPBlock> <Opcode : 'mul' 'add' 'sub' 'select'> <InPorts = 0> <OutPorts = 1> <Sync> <CReg>
ST_4 : Operation 116 [1/3] (0.00ns) (grouped into DSP with root node add_ln87_1)   --->   "%mul_ln1494_6 = mul i32 %zext_ln186_13, i32 %zext_ln186_12"   --->   Operation 116 'mul' 'mul_ln1494_6' <Predicate = true> <Delay = 0.00> <CoreInst = "DSP48">   --->   Core 127 'DSP48' <Latency = 3> <II = 1> <Delay = 0.53> <IPBlock> <Opcode : 'mul' 'add' 'sub' 'select'> <InPorts = 0> <OutPorts = 1> <Sync> <CReg>
ST_4 : Operation 117 [2/2] (0.64ns) (root node of the DSP)   --->   "%add_ln87 = add i32 %mul_ln1494_2, i32 %mul_ln1494" [Compute_block/Compute.cpp:87]   --->   Operation 117 'add' 'add_ln87' <Predicate = true> <Delay = 0.64> <CoreInst = "DSP48">   --->   Core 127 'DSP48' <Latency = 3> <II = 1> <Delay = 0.53> <IPBlock> <Opcode : 'mul' 'add' 'sub' 'select'> <InPorts = 0> <OutPorts = 1> <Sync> <CReg>
ST_4 : Operation 118 [2/2] (0.64ns) (root node of the DSP)   --->   "%add_ln87_1 = add i32 %mul_ln1494_4, i32 %mul_ln1494_6" [Compute_block/Compute.cpp:87]   --->   Operation 118 'add' 'add_ln87_1' <Predicate = true> <Delay = 0.64> <CoreInst = "DSP48">   --->   Core 127 'DSP48' <Latency = 3> <II = 1> <Delay = 0.53> <IPBlock> <Opcode : 'mul' 'add' 'sub' 'select'> <InPorts = 0> <OutPorts = 1> <Sync> <CReg>
ST_4 : Operation 119 [1/3] (0.00ns) (grouped into DSP with root node add_ln88_1)   --->   "%mul_ln1494_7 = mul i32 %zext_ln186_15, i32 %zext_ln186_14"   --->   Operation 119 'mul' 'mul_ln1494_7' <Predicate = true> <Delay = 0.00> <CoreInst = "DSP48">   --->   Core 127 'DSP48' <Latency = 3> <II = 1> <Delay = 0.53> <IPBlock> <Opcode : 'mul' 'add' 'sub' 'select'> <InPorts = 0> <OutPorts = 1> <Sync> <CReg>
ST_4 : Operation 120 [2/2] (0.64ns) (root node of the DSP)   --->   "%add_ln88 = add i32 %mul_ln1494_3, i32 %mul_ln1494_1" [Compute_block/Compute.cpp:88]   --->   Operation 120 'add' 'add_ln88' <Predicate = true> <Delay = 0.64> <CoreInst = "DSP48">   --->   Core 127 'DSP48' <Latency = 3> <II = 1> <Delay = 0.53> <IPBlock> <Opcode : 'mul' 'add' 'sub' 'select'> <InPorts = 0> <OutPorts = 1> <Sync> <CReg>
ST_4 : Operation 121 [2/2] (0.64ns) (root node of the DSP)   --->   "%add_ln88_1 = add i32 %mul_ln1494_5, i32 %mul_ln1494_7" [Compute_block/Compute.cpp:88]   --->   Operation 121 'add' 'add_ln88_1' <Predicate = true> <Delay = 0.64> <CoreInst = "DSP48">   --->   Core 127 'DSP48' <Latency = 3> <II = 1> <Delay = 0.53> <IPBlock> <Opcode : 'mul' 'add' 'sub' 'select'> <InPorts = 0> <OutPorts = 1> <Sync> <CReg>
ST_4 : Operation 138 [1/1] (0.00ns)   --->   "%ret_ln0 = ret"   --->   Operation 138 'ret' 'ret_ln0' <Predicate = (icmp_ln79)> <Delay = 0.00>

State 5 <SV = 4> <Delay = 2.33>
ST_5 : Operation 122 [1/1] (0.00ns)   --->   "%specloopname_ln79 = specloopname void @_ssdm_op_SpecLoopName, void @empty_6" [Compute_block/Compute.cpp:79]   --->   Operation 122 'specloopname' 'specloopname_ln79' <Predicate = true> <Delay = 0.00>
ST_5 : Operation 123 [1/2] (0.64ns) (root node of the DSP)   --->   "%add_ln87 = add i32 %mul_ln1494_2, i32 %mul_ln1494" [Compute_block/Compute.cpp:87]   --->   Operation 123 'add' 'add_ln87' <Predicate = true> <Delay = 0.64> <CoreInst = "DSP48">   --->   Core 127 'DSP48' <Latency = 3> <II = 1> <Delay = 0.53> <IPBlock> <Opcode : 'mul' 'add' 'sub' 'select'> <InPorts = 0> <OutPorts = 1> <Sync> <CReg>
ST_5 : Operation 124 [1/2] (0.64ns) (root node of the DSP)   --->   "%add_ln87_1 = add i32 %mul_ln1494_4, i32 %mul_ln1494_6" [Compute_block/Compute.cpp:87]   --->   Operation 124 'add' 'add_ln87_1' <Predicate = true> <Delay = 0.64> <CoreInst = "DSP48">   --->   Core 127 'DSP48' <Latency = 3> <II = 1> <Delay = 0.53> <IPBlock> <Opcode : 'mul' 'add' 'sub' 'select'> <InPorts = 0> <OutPorts = 1> <Sync> <CReg>
ST_5 : Operation 125 [1/1] (1.01ns)   --->   "%add_ln87_2 = add i32 %add_ln87_1, i32 %add_ln87" [Compute_block/Compute.cpp:87]   --->   Operation 125 'add' 'add_ln87_2' <Predicate = true> <Delay = 1.01> <CoreInst = "Adder">   --->   Core 1 'Adder' <Latency = 0> <II = 1> <Delay = 1.01> <FuncUnit> <Opcode : 'add' 'sub'> <InPorts = 2> <OutPorts = 1>
ST_5 : Operation 126 [1/2] (0.64ns) (root node of the DSP)   --->   "%add_ln88 = add i32 %mul_ln1494_3, i32 %mul_ln1494_1" [Compute_block/Compute.cpp:88]   --->   Operation 126 'add' 'add_ln88' <Predicate = true> <Delay = 0.64> <CoreInst = "DSP48">   --->   Core 127 'DSP48' <Latency = 3> <II = 1> <Delay = 0.53> <IPBlock> <Opcode : 'mul' 'add' 'sub' 'select'> <InPorts = 0> <OutPorts = 1> <Sync> <CReg>
ST_5 : Operation 127 [1/2] (0.64ns) (root node of the DSP)   --->   "%add_ln88_1 = add i32 %mul_ln1494_5, i32 %mul_ln1494_7" [Compute_block/Compute.cpp:88]   --->   Operation 127 'add' 'add_ln88_1' <Predicate = true> <Delay = 0.64> <CoreInst = "DSP48">   --->   Core 127 'DSP48' <Latency = 3> <II = 1> <Delay = 0.53> <IPBlock> <Opcode : 'mul' 'add' 'sub' 'select'> <InPorts = 0> <OutPorts = 1> <Sync> <CReg>
ST_5 : Operation 128 [1/1] (1.01ns)   --->   "%add_ln88_2 = add i32 %add_ln88_1, i32 %add_ln88" [Compute_block/Compute.cpp:88]   --->   Operation 128 'add' 'add_ln88_2' <Predicate = true> <Delay = 1.01> <CoreInst = "Adder">   --->   Core 1 'Adder' <Latency = 0> <II = 1> <Delay = 1.01> <FuncUnit> <Opcode : 'add' 'sub'> <InPorts = 2> <OutPorts = 1>
ST_5 : Operation 129 [1/1] (0.00ns)   --->   "%add_ln87_3 = bitconcatenate i4 @_ssdm_op_BitConcatenate.i4.i2.i2, i2 %i_cast_read, i2 %com_1" [Compute_block/Compute.cpp:87]   --->   Operation 129 'bitconcatenate' 'add_ln87_3' <Predicate = (phase_read)> <Delay = 0.00>
ST_5 : Operation 130 [1/1] (0.00ns)   --->   "%zext_ln87 = zext i4 %add_ln87_3" [Compute_block/Compute.cpp:87]   --->   Operation 130 'zext' 'zext_ln87' <Predicate = (phase_read)> <Delay = 0.00>
ST_5 : Operation 131 [1/1] (0.00ns)   --->   "%buffer_2_addr = getelementptr i32 %buffer_2, i64 0, i64 %zext_ln87" [Compute_block/Compute.cpp:87]   --->   Operation 131 'getelementptr' 'buffer_2_addr' <Predicate = (phase_read)> <Delay = 0.00>
ST_5 : Operation 132 [1/1] (0.67ns)   --->   "%store_ln87 = store i32 %add_ln87_2, i4 %buffer_2_addr" [Compute_block/Compute.cpp:87]   --->   Operation 132 'store' 'store_ln87' <Predicate = (phase_read)> <Delay = 0.67> <CoreInst = "RAM">   --->   Core 83 'RAM' <Latency = 1> <II = 1> <Delay = 0.67> <Storage> <Opcode : 'load' 'store'> <Ports = 2> <Width = 32> <Depth = 16> <RAM>
ST_5 : Operation 133 [1/1] (0.00ns)   --->   "%add_ln88_3 = bitconcatenate i4 @_ssdm_op_BitConcatenate.i4.i2.i2, i2 %com_1, i2 %i_cast_read" [Compute_block/Compute.cpp:88]   --->   Operation 133 'bitconcatenate' 'add_ln88_3' <Predicate = (phase_read)> <Delay = 0.00>
ST_5 : Operation 134 [1/1] (0.00ns)   --->   "%zext_ln88 = zext i4 %add_ln88_3" [Compute_block/Compute.cpp:88]   --->   Operation 134 'zext' 'zext_ln88' <Predicate = (phase_read)> <Delay = 0.00>
ST_5 : Operation 135 [1/1] (0.00ns)   --->   "%buffer_2_addr_1 = getelementptr i32 %buffer_2, i64 0, i64 %zext_ln88" [Compute_block/Compute.cpp:88]   --->   Operation 135 'getelementptr' 'buffer_2_addr_1' <Predicate = (phase_read)> <Delay = 0.00>
ST_5 : Operation 136 [1/1] (0.67ns)   --->   "%store_ln88 = store i32 %add_ln88_2, i4 %buffer_2_addr_1" [Compute_block/Compute.cpp:88]   --->   Operation 136 'store' 'store_ln88' <Predicate = (phase_read)> <Delay = 0.67> <CoreInst = "RAM">   --->   Core 83 'RAM' <Latency = 1> <II = 1> <Delay = 0.67> <Storage> <Opcode : 'load' 'store'> <Ports = 2> <Width = 32> <Depth = 16> <RAM>
ST_5 : Operation 137 [1/1] (0.00ns)   --->   "%br_ln88 = br void %for.inc137" [Compute_block/Compute.cpp:88]   --->   Operation 137 'br' 'br_ln88' <Predicate = (phase_read)> <Delay = 0.00>


============================================================
+ Verbose Summary: Binding
============================================================
STG Binding: 
---------------- STG Properties BEGIN ----------------
- Is combinational: 0
- Is one-state seq: 0
- Is datapath-only: 0
- Is pipelined: 0
- Is top level: 0
Port [ Return ] is wired: 1; IO mode=ap_ctrl_hs:ce=0
Port [ i]:  wired=1; compound=0; hidden=0; nouse=0; global=0; static=0; extern=0; dir=0; type=0; pingpong=0; private_global=0; IO mode=ap_none:ce=0
Port [ REG_V_32_reload]:  wired=1; compound=0; hidden=0; nouse=0; global=0; static=0; extern=0; dir=0; type=0; pingpong=0; private_global=0; IO mode=ap_none:ce=0
Port [ REG_V_40_reload]:  wired=1; compound=0; hidden=0; nouse=0; global=0; static=0; extern=0; dir=0; type=0; pingpong=0; private_global=0; IO mode=ap_none:ce=0
Port [ REG_V_48_reload]:  wired=1; compound=0; hidden=0; nouse=0; global=0; static=0; extern=0; dir=0; type=0; pingpong=0; private_global=0; IO mode=ap_none:ce=0
Port [ REG_V_56_reload]:  wired=1; compound=0; hidden=0; nouse=0; global=0; static=0; extern=0; dir=0; type=0; pingpong=0; private_global=0; IO mode=ap_none:ce=0
Port [ indvars_iv1]:  wired=1; compound=0; hidden=0; nouse=0; global=0; static=0; extern=0; dir=0; type=0; pingpong=0; private_global=0; IO mode=ap_none:ce=0
Port [ REG_V_36_reload]:  wired=1; compound=0; hidden=0; nouse=0; global=0; static=0; extern=0; dir=0; type=0; pingpong=0; private_global=0; IO mode=ap_none:ce=0
Port [ REG_V_44_reload]:  wired=1; compound=0; hidden=0; nouse=0; global=0; static=0; extern=0; dir=0; type=0; pingpong=0; private_global=0; IO mode=ap_none:ce=0
Port [ REG_V_52_reload]:  wired=1; compound=0; hidden=0; nouse=0; global=0; static=0; extern=0; dir=0; type=0; pingpong=0; private_global=0; IO mode=ap_none:ce=0
Port [ REG_V_60_reload]:  wired=1; compound=0; hidden=0; nouse=0; global=0; static=0; extern=0; dir=0; type=0; pingpong=0; private_global=0; IO mode=ap_none:ce=0
Port [ REG_V_33_reload]:  wired=1; compound=0; hidden=0; nouse=0; global=0; static=0; extern=0; dir=0; type=0; pingpong=0; private_global=0; IO mode=ap_none:ce=0
Port [ REG_V_41_reload]:  wired=1; compound=0; hidden=0; nouse=0; global=0; static=0; extern=0; dir=0; type=0; pingpong=0; private_global=0; IO mode=ap_none:ce=0
Port [ REG_V_49_reload]:  wired=1; compound=0; hidden=0; nouse=0; global=0; static=0; extern=0; dir=0; type=0; pingpong=0; private_global=0; IO mode=ap_none:ce=0
Port [ REG_V_57_reload]:  wired=1; compound=0; hidden=0; nouse=0; global=0; static=0; extern=0; dir=0; type=0; pingpong=0; private_global=0; IO mode=ap_none:ce=0
Port [ REG_V_37_reload]:  wired=1; compound=0; hidden=0; nouse=0; global=0; static=0; extern=0; dir=0; type=0; pingpong=0; private_global=0; IO mode=ap_none:ce=0
Port [ REG_V_45_reload]:  wired=1; compound=0; hidden=0; nouse=0; global=0; static=0; extern=0; dir=0; type=0; pingpong=0; private_global=0; IO mode=ap_none:ce=0
Port [ REG_V_53_reload]:  wired=1; compound=0; hidden=0; nouse=0; global=0; static=0; extern=0; dir=0; type=0; pingpong=0; private_global=0; IO mode=ap_none:ce=0
Port [ REG_V_61_reload]:  wired=1; compound=0; hidden=0; nouse=0; global=0; static=0; extern=0; dir=0; type=0; pingpong=0; private_global=0; IO mode=ap_none:ce=0
Port [ REG_V_34_reload]:  wired=1; compound=0; hidden=0; nouse=0; global=0; static=0; extern=0; dir=0; type=0; pingpong=0; private_global=0; IO mode=ap_none:ce=0
Port [ REG_V_42_reload]:  wired=1; compound=0; hidden=0; nouse=0; global=0; static=0; extern=0; dir=0; type=0; pingpong=0; private_global=0; IO mode=ap_none:ce=0
Port [ REG_V_50_reload]:  wired=1; compound=0; hidden=0; nouse=0; global=0; static=0; extern=0; dir=0; type=0; pingpong=0; private_global=0; IO mode=ap_none:ce=0
Port [ REG_V_58_reload]:  wired=1; compound=0; hidden=0; nouse=0; global=0; static=0; extern=0; dir=0; type=0; pingpong=0; private_global=0; IO mode=ap_none:ce=0
Port [ REG_V_38_reload]:  wired=1; compound=0; hidden=0; nouse=0; global=0; static=0; extern=0; dir=0; type=0; pingpong=0; private_global=0; IO mode=ap_none:ce=0
Port [ REG_V_46_reload]:  wired=1; compound=0; hidden=0; nouse=0; global=0; static=0; extern=0; dir=0; type=0; pingpong=0; private_global=0; IO mode=ap_none:ce=0
Port [ REG_V_54_reload]:  wired=1; compound=0; hidden=0; nouse=0; global=0; static=0; extern=0; dir=0; type=0; pingpong=0; private_global=0; IO mode=ap_none:ce=0
Port [ REG_V_62_reload]:  wired=1; compound=0; hidden=0; nouse=0; global=0; static=0; extern=0; dir=0; type=0; pingpong=0; private_global=0; IO mode=ap_none:ce=0
Port [ REG_V_35_reload]:  wired=1; compound=0; hidden=0; nouse=0; global=0; static=0; extern=0; dir=0; type=0; pingpong=0; private_global=0; IO mode=ap_none:ce=0
Port [ REG_V_43_reload]:  wired=1; compound=0; hidden=0; nouse=0; global=0; static=0; extern=0; dir=0; type=0; pingpong=0; private_global=0; IO mode=ap_none:ce=0
Port [ REG_V_51_reload]:  wired=1; compound=0; hidden=0; nouse=0; global=0; static=0; extern=0; dir=0; type=0; pingpong=0; private_global=0; IO mode=ap_none:ce=0
Port [ REG_V_59_reload]:  wired=1; compound=0; hidden=0; nouse=0; global=0; static=0; extern=0; dir=0; type=0; pingpong=0; private_global=0; IO mode=ap_none:ce=0
Port [ REG_V_39_reload]:  wired=1; compound=0; hidden=0; nouse=0; global=0; static=0; extern=0; dir=0; type=0; pingpong=0; private_global=0; IO mode=ap_none:ce=0
Port [ REG_V_47_reload]:  wired=1; compound=0; hidden=0; nouse=0; global=0; static=0; extern=0; dir=0; type=0; pingpong=0; private_global=0; IO mode=ap_none:ce=0
Port [ REG_V_55_reload]:  wired=1; compound=0; hidden=0; nouse=0; global=0; static=0; extern=0; dir=0; type=0; pingpong=0; private_global=0; IO mode=ap_none:ce=0
Port [ REG_V_63_reload]:  wired=1; compound=0; hidden=0; nouse=0; global=0; static=0; extern=0; dir=0; type=0; pingpong=0; private_global=0; IO mode=ap_none:ce=0
Port [ phase]:  wired=1; compound=0; hidden=0; nouse=0; global=0; static=0; extern=0; dir=0; type=0; pingpong=0; private_global=0; IO mode=ap_none:ce=0
Port [ i_cast]:  wired=1; compound=0; hidden=0; nouse=0; global=0; static=0; extern=0; dir=0; type=0; pingpong=0; private_global=0; IO mode=ap_none:ce=0
Port [ buffer_2]:  wired=1; compound=1; hidden=0; nouse=0; global=0; static=0; extern=0; dir=1; type=1; pingpong=0; private_global=0; MemPort=[00]; IO mode=ap_memory:ce=0
---------------- STG Properties END ------------------

---------------- Datapath Model BEGIN ----------------

<LifeTime>
<method=bitvector/>
com                  (alloca           ) [ 010000]
specinterface_ln0    (specinterface    ) [ 000000]
i_cast_read          (read             ) [ 011111]
phase_read           (read             ) [ 011111]
REG_V_63_reload_read (read             ) [ 011000]
REG_V_55_reload_read (read             ) [ 011000]
REG_V_47_reload_read (read             ) [ 011000]
REG_V_39_reload_read (read             ) [ 011000]
REG_V_59_reload_read (read             ) [ 011000]
REG_V_51_reload_read (read             ) [ 011000]
REG_V_43_reload_read (read             ) [ 011000]
REG_V_35_reload_read (read             ) [ 011000]
REG_V_62_reload_read (read             ) [ 000000]
REG_V_54_reload_read (read             ) [ 000000]
REG_V_46_reload_read (read             ) [ 000000]
REG_V_38_reload_read (read             ) [ 000000]
REG_V_58_reload_read (read             ) [ 000000]
REG_V_50_reload_read (read             ) [ 000000]
REG_V_42_reload_read (read             ) [ 000000]
REG_V_34_reload_read (read             ) [ 000000]
REG_V_61_reload_read (read             ) [ 000000]
REG_V_53_reload_read (read             ) [ 000000]
REG_V_45_reload_read (read             ) [ 000000]
REG_V_37_reload_read (read             ) [ 000000]
REG_V_57_reload_read (read             ) [ 000000]
REG_V_49_reload_read (read             ) [ 000000]
REG_V_41_reload_read (read             ) [ 000000]
REG_V_33_reload_read (read             ) [ 000000]
REG_V_60_reload_read (read             ) [ 011000]
REG_V_52_reload_read (read             ) [ 011000]
REG_V_44_reload_read (read             ) [ 011000]
REG_V_36_reload_read (read             ) [ 011000]
indvars_iv1_read     (read             ) [ 011000]
REG_V_56_reload_read (read             ) [ 011000]
REG_V_48_reload_read (read             ) [ 011000]
REG_V_40_reload_read (read             ) [ 011000]
REG_V_32_reload_read (read             ) [ 011000]
i_read               (read             ) [ 000000]
store_ln0            (store            ) [ 000000]
br_ln0               (br               ) [ 000000]
com_1                (load             ) [ 011111]
com_cast             (zext             ) [ 000000]
specpipeline_ln0     (specpipeline     ) [ 000000]
icmp_ln79            (icmp             ) [ 011110]
empty                (speclooptripcount) [ 000000]
add_ln79             (add              ) [ 000000]
br_ln79              (br               ) [ 000000]
tmp_4_1              (mux              ) [ 000000]
zext_ln186_4         (zext             ) [ 011110]
tmp_8_1              (mux              ) [ 000000]
zext_ln186_5         (zext             ) [ 011110]
tmp_9_1              (mux              ) [ 000000]
zext_ln186_6         (zext             ) [ 011110]
tmp_10_1             (mux              ) [ 000000]
zext_ln186_7         (zext             ) [ 011110]
tmp_4_2              (mux              ) [ 000000]
zext_ln186_8         (zext             ) [ 011110]
tmp_8_2              (mux              ) [ 000000]
zext_ln186_9         (zext             ) [ 011110]
tmp_9_2              (mux              ) [ 000000]
zext_ln186_10        (zext             ) [ 011110]
tmp_10_2             (mux              ) [ 000000]
zext_ln186_11        (zext             ) [ 011110]
br_ln86              (br               ) [ 000000]
store_ln79           (store            ) [ 000000]
br_ln79              (br               ) [ 000000]
tmp_4                (mux              ) [ 000000]
zext_ln186           (zext             ) [ 010110]
tmp_8                (mux              ) [ 000000]
zext_ln186_1         (zext             ) [ 010110]
tmp_9                (mux              ) [ 000000]
zext_ln186_2         (zext             ) [ 010110]
tmp_s                (mux              ) [ 000000]
zext_ln186_3         (zext             ) [ 010110]
tmp_4_3              (mux              ) [ 000000]
zext_ln186_12        (zext             ) [ 010110]
tmp_8_3              (mux              ) [ 000000]
zext_ln186_13        (zext             ) [ 010110]
tmp_9_3              (mux              ) [ 000000]
zext_ln186_14        (zext             ) [ 010110]
tmp_10_3             (mux              ) [ 000000]
zext_ln186_15        (zext             ) [ 010110]
mul_ln1494           (mul              ) [ 010001]
mul_ln1494_1         (mul              ) [ 010001]
mul_ln1494_2         (mul              ) [ 010001]
mul_ln1494_3         (mul              ) [ 010001]
mul_ln1494_4         (mul              ) [ 010001]
mul_ln1494_5         (mul              ) [ 010001]
mul_ln1494_6         (mul              ) [ 010001]
mul_ln1494_7         (mul              ) [ 010001]
specloopname_ln79    (specloopname     ) [ 000000]
add_ln87             (add              ) [ 000000]
add_ln87_1           (add              ) [ 000000]
add_ln87_2           (add              ) [ 000000]
add_ln88             (add              ) [ 000000]
add_ln88_1           (add              ) [ 000000]
add_ln88_2           (add              ) [ 000000]
add_ln87_3           (bitconcatenate   ) [ 000000]
zext_ln87            (zext             ) [ 000000]
buffer_2_addr        (getelementptr    ) [ 000000]
store_ln87           (store            ) [ 000000]
add_ln88_3           (bitconcatenate   ) [ 000000]
zext_ln88            (zext             ) [ 000000]
buffer_2_addr_1      (getelementptr    ) [ 000000]
store_ln88           (store            ) [ 000000]
br_ln88              (br               ) [ 000000]
ret_ln0              (ret              ) [ 000000]
</LifeTime>

<model>

<comp_list>
<comp id="0" class="1000" name="i">
<pin_list>
<pin id="1" dir="1" index="0" bw="1" slack="0"/>
</pin_list>
<bind>
<StgValue><ssdm name="i"/></StgValue>
</bind>
</comp>

<comp id="2" class="1000" name="REG_V_32_reload">
<pin_list>
<pin id="3" dir="1" index="0" bw="1" slack="0"/>
</pin_list>
<bind>
<StgValue><ssdm name="REG_V_32_reload"/></StgValue>
</bind>
</comp>

<comp id="4" class="1000" name="REG_V_40_reload">
<pin_list>
<pin id="5" dir="1" index="0" bw="1" slack="0"/>
</pin_list>
<bind>
<StgValue><ssdm name="REG_V_40_reload"/></StgValue>
</bind>
</comp>

<comp id="6" class="1000" name="REG_V_48_reload">
<pin_list>
<pin id="7" dir="1" index="0" bw="1" slack="0"/>
</pin_list>
<bind>
<StgValue><ssdm name="REG_V_48_reload"/></StgValue>
</bind>
</comp>

<comp id="8" class="1000" name="REG_V_56_reload">
<pin_list>
<pin id="9" dir="1" index="0" bw="1" slack="0"/>
</pin_list>
<bind>
<StgValue><ssdm name="REG_V_56_reload"/></StgValue>
</bind>
</comp>

<comp id="10" class="1000" name="indvars_iv1">
<pin_list>
<pin id="11" dir="1" index="0" bw="1" slack="0"/>
</pin_list>
<bind>
<StgValue><ssdm name="indvars_iv1"/></StgValue>
</bind>
</comp>

<comp id="12" class="1000" name="REG_V_36_reload">
<pin_list>
<pin id="13" dir="1" index="0" bw="1" slack="0"/>
</pin_list>
<bind>
<StgValue><ssdm name="REG_V_36_reload"/></StgValue>
</bind>
</comp>

<comp id="14" class="1000" name="REG_V_44_reload">
<pin_list>
<pin id="15" dir="1" index="0" bw="1" slack="0"/>
</pin_list>
<bind>
<StgValue><ssdm name="REG_V_44_reload"/></StgValue>
</bind>
</comp>

<comp id="16" class="1000" name="REG_V_52_reload">
<pin_list>
<pin id="17" dir="1" index="0" bw="1" slack="0"/>
</pin_list>
<bind>
<StgValue><ssdm name="REG_V_52_reload"/></StgValue>
</bind>
</comp>

<comp id="18" class="1000" name="REG_V_60_reload">
<pin_list>
<pin id="19" dir="1" index="0" bw="1" slack="0"/>
</pin_list>
<bind>
<StgValue><ssdm name="REG_V_60_reload"/></StgValue>
</bind>
</comp>

<comp id="20" class="1000" name="REG_V_33_reload">
<pin_list>
<pin id="21" dir="1" index="0" bw="1" slack="0"/>
</pin_list>
<bind>
<StgValue><ssdm name="REG_V_33_reload"/></StgValue>
</bind>
</comp>

<comp id="22" class="1000" name="REG_V_41_reload">
<pin_list>
<pin id="23" dir="1" index="0" bw="1" slack="0"/>
</pin_list>
<bind>
<StgValue><ssdm name="REG_V_41_reload"/></StgValue>
</bind>
</comp>

<comp id="24" class="1000" name="REG_V_49_reload">
<pin_list>
<pin id="25" dir="1" index="0" bw="1" slack="0"/>
</pin_list>
<bind>
<StgValue><ssdm name="REG_V_49_reload"/></StgValue>
</bind>
</comp>

<comp id="26" class="1000" name="REG_V_57_reload">
<pin_list>
<pin id="27" dir="1" index="0" bw="1" slack="0"/>
</pin_list>
<bind>
<StgValue><ssdm name="REG_V_57_reload"/></StgValue>
</bind>
</comp>

<comp id="28" class="1000" name="REG_V_37_reload">
<pin_list>
<pin id="29" dir="1" index="0" bw="1" slack="0"/>
</pin_list>
<bind>
<StgValue><ssdm name="REG_V_37_reload"/></StgValue>
</bind>
</comp>

<comp id="30" class="1000" name="REG_V_45_reload">
<pin_list>
<pin id="31" dir="1" index="0" bw="1" slack="0"/>
</pin_list>
<bind>
<StgValue><ssdm name="REG_V_45_reload"/></StgValue>
</bind>
</comp>

<comp id="32" class="1000" name="REG_V_53_reload">
<pin_list>
<pin id="33" dir="1" index="0" bw="1" slack="0"/>
</pin_list>
<bind>
<StgValue><ssdm name="REG_V_53_reload"/></StgValue>
</bind>
</comp>

<comp id="34" class="1000" name="REG_V_61_reload">
<pin_list>
<pin id="35" dir="1" index="0" bw="1" slack="0"/>
</pin_list>
<bind>
<StgValue><ssdm name="REG_V_61_reload"/></StgValue>
</bind>
</comp>

<comp id="36" class="1000" name="REG_V_34_reload">
<pin_list>
<pin id="37" dir="1" index="0" bw="1" slack="0"/>
</pin_list>
<bind>
<StgValue><ssdm name="REG_V_34_reload"/></StgValue>
</bind>
</comp>

<comp id="38" class="1000" name="REG_V_42_reload">
<pin_list>
<pin id="39" dir="1" index="0" bw="1" slack="0"/>
</pin_list>
<bind>
<StgValue><ssdm name="REG_V_42_reload"/></StgValue>
</bind>
</comp>

<comp id="40" class="1000" name="REG_V_50_reload">
<pin_list>
<pin id="41" dir="1" index="0" bw="1" slack="0"/>
</pin_list>
<bind>
<StgValue><ssdm name="REG_V_50_reload"/></StgValue>
</bind>
</comp>

<comp id="42" class="1000" name="REG_V_58_reload">
<pin_list>
<pin id="43" dir="1" index="0" bw="1" slack="0"/>
</pin_list>
<bind>
<StgValue><ssdm name="REG_V_58_reload"/></StgValue>
</bind>
</comp>

<comp id="44" class="1000" name="REG_V_38_reload">
<pin_list>
<pin id="45" dir="1" index="0" bw="1" slack="0"/>
</pin_list>
<bind>
<StgValue><ssdm name="REG_V_38_reload"/></StgValue>
</bind>
</comp>

<comp id="46" class="1000" name="REG_V_46_reload">
<pin_list>
<pin id="47" dir="1" index="0" bw="1" slack="0"/>
</pin_list>
<bind>
<StgValue><ssdm name="REG_V_46_reload"/></StgValue>
</bind>
</comp>

<comp id="48" class="1000" name="REG_V_54_reload">
<pin_list>
<pin id="49" dir="1" index="0" bw="1" slack="0"/>
</pin_list>
<bind>
<StgValue><ssdm name="REG_V_54_reload"/></StgValue>
</bind>
</comp>

<comp id="50" class="1000" name="REG_V_62_reload">
<pin_list>
<pin id="51" dir="1" index="0" bw="1" slack="0"/>
</pin_list>
<bind>
<StgValue><ssdm name="REG_V_62_reload"/></StgValue>
</bind>
</comp>

<comp id="52" class="1000" name="REG_V_35_reload">
<pin_list>
<pin id="53" dir="1" index="0" bw="1" slack="0"/>
</pin_list>
<bind>
<StgValue><ssdm name="REG_V_35_reload"/></StgValue>
</bind>
</comp>

<comp id="54" class="1000" name="REG_V_43_reload">
<pin_list>
<pin id="55" dir="1" index="0" bw="1" slack="0"/>
</pin_list>
<bind>
<StgValue><ssdm name="REG_V_43_reload"/></StgValue>
</bind>
</comp>

<comp id="56" class="1000" name="REG_V_51_reload">
<pin_list>
<pin id="57" dir="1" index="0" bw="1" slack="0"/>
</pin_list>
<bind>
<StgValue><ssdm name="REG_V_51_reload"/></StgValue>
</bind>
</comp>

<comp id="58" class="1000" name="REG_V_59_reload">
<pin_list>
<pin id="59" dir="1" index="0" bw="1" slack="0"/>
</pin_list>
<bind>
<StgValue><ssdm name="REG_V_59_reload"/></StgValue>
</bind>
</comp>

<comp id="60" class="1000" name="REG_V_39_reload">
<pin_list>
<pin id="61" dir="1" index="0" bw="1" slack="0"/>
</pin_list>
<bind>
<StgValue><ssdm name="REG_V_39_reload"/></StgValue>
</bind>
</comp>

<comp id="62" class="1000" name="REG_V_47_reload">
<pin_list>
<pin id="63" dir="1" index="0" bw="1" slack="0"/>
</pin_list>
<bind>
<StgValue><ssdm name="REG_V_47_reload"/></StgValue>
</bind>
</comp>

<comp id="64" class="1000" name="REG_V_55_reload">
<pin_list>
<pin id="65" dir="1" index="0" bw="1" slack="0"/>
</pin_list>
<bind>
<StgValue><ssdm name="REG_V_55_reload"/></StgValue>
</bind>
</comp>

<comp id="66" class="1000" name="REG_V_63_reload">
<pin_list>
<pin id="67" dir="1" index="0" bw="1" slack="0"/>
</pin_list>
<bind>
<StgValue><ssdm name="REG_V_63_reload"/></StgValue>
</bind>
</comp>

<comp id="68" class="1000" name="phase">
<pin_list>
<pin id="69" dir="1" index="0" bw="1" slack="0"/>
</pin_list>
<bind>
<StgValue><ssdm name="phase"/></StgValue>
</bind>
</comp>

<comp id="70" class="1000" name="i_cast">
<pin_list>
<pin id="71" dir="1" index="0" bw="1" slack="0"/>
</pin_list>
<bind>
<StgValue><ssdm name="i_cast"/></StgValue>
</bind>
</comp>

<comp id="72" class="1000" name="buffer_2">
<pin_list>
<pin id="73" dir="1" index="0" bw="1" slack="0"/>
</pin_list>
<bind>
<StgValue><ssdm name="buffer_2"/><MemPortTyVec>0 0 </MemPortTyVec>
</StgValue>
</bind>
</comp>

<comp id="74" class="1001" name="const_74">
<pin_list>
<pin id="75" dir="1" index="0" bw="1" slack="0"/>
</pin_list>
<bind>
<StgValue><ssdm name=""/></StgValue>
</bind>
</comp>

<comp id="76" class="1001" name="const_76">
<pin_list>
<pin id="77" dir="1" index="0" bw="1" slack="2147483647"/>
</pin_list>
<bind>
<StgValue><ssdm name="_ssdm_op_SpecInterface"/></StgValue>
</bind>
</comp>

<comp id="78" class="1001" name="const_78">
<pin_list>
<pin id="79" dir="1" index="0" bw="1" slack="2147483647"/>
</pin_list>
<bind>
<StgValue><ssdm name="empty"/></StgValue>
</bind>
</comp>

<comp id="80" class="1001" name="const_80">
<pin_list>
<pin id="81" dir="1" index="0" bw="1" slack="2147483647"/>
</pin_list>
<bind>
<StgValue><ssdm name=""/></StgValue>
</bind>
</comp>

<comp id="82" class="1001" name="const_82">
<pin_list>
<pin id="83" dir="1" index="0" bw="1" slack="2147483647"/>
</pin_list>
<bind>
<StgValue><ssdm name="empty_0"/></StgValue>
</bind>
</comp>

<comp id="84" class="1001" name="const_84">
<pin_list>
<pin id="85" dir="1" index="0" bw="1" slack="2147483647"/>
</pin_list>
<bind>
<StgValue><ssdm name=""/></StgValue>
</bind>
</comp>

<comp id="86" class="1001" name="const_86">
<pin_list>
<pin id="87" dir="1" index="0" bw="1" slack="0"/>
</pin_list>
<bind>
<StgValue><ssdm name="_ssdm_op_Read.ap_auto.i2"/></StgValue>
</bind>
</comp>

<comp id="88" class="1001" name="const_88">
<pin_list>
<pin id="89" dir="1" index="0" bw="1" slack="0"/>
</pin_list>
<bind>
<StgValue><ssdm name="_ssdm_op_Read.ap_auto.i1"/></StgValue>
</bind>
</comp>

<comp id="90" class="1001" name="const_90">
<pin_list>
<pin id="91" dir="1" index="0" bw="1" slack="0"/>
</pin_list>
<bind>
<StgValue><ssdm name="_ssdm_op_Read.ap_auto.i16"/></StgValue>
</bind>
</comp>

<comp id="92" class="1001" name="const_92">
<pin_list>
<pin id="93" dir="1" index="0" bw="1" slack="0"/>
</pin_list>
<bind>
<StgValue><ssdm name="_ssdm_op_Read.ap_auto.i3"/></StgValue>
</bind>
</comp>

<comp id="94" class="1001" name="const_94">
<pin_list>
<pin id="95" dir="1" index="0" bw="1" slack="0"/>
</pin_list>
<bind>
<StgValue><ssdm name=""/></StgValue>
</bind>
</comp>

<comp id="96" class="1001" name="const_96">
<pin_list>
<pin id="97" dir="1" index="0" bw="1" slack="2147483647"/>
</pin_list>
<bind>
<StgValue><ssdm name="_ssdm_op_SpecPipeline"/></StgValue>
</bind>
</comp>

<comp id="98" class="1001" name="const_98">
<pin_list>
<pin id="99" dir="1" index="0" bw="1" slack="2147483647"/>
</pin_list>
<bind>
<StgValue><ssdm name="p_str"/></StgValue>
</bind>
</comp>

<comp id="100" class="1001" name="const_100">
<pin_list>
<pin id="101" dir="1" index="0" bw="1" slack="2147483647"/>
</pin_list>
<bind>
<StgValue><ssdm name="_ssdm_op_SpecLoopTripCount"/></StgValue>
</bind>
</comp>

<comp id="102" class="1001" name="const_102">
<pin_list>
<pin id="103" dir="1" index="0" bw="1" slack="0"/>
</pin_list>
<bind>
<StgValue><ssdm name=""/></StgValue>
</bind>
</comp>

<comp id="104" class="1001" name="const_104">
<pin_list>
<pin id="105" dir="1" index="0" bw="1" slack="2147483647"/>
</pin_list>
<bind>
<StgValue><ssdm name=""/></StgValue>
</bind>
</comp>

<comp id="106" class="1001" name="const_106">
<pin_list>
<pin id="107" dir="1" index="0" bw="1" slack="0"/>
</pin_list>
<bind>
<StgValue><ssdm name=""/></StgValue>
</bind>
</comp>

<comp id="108" class="1001" name="const_108">
<pin_list>
<pin id="109" dir="1" index="0" bw="1" slack="0"/>
</pin_list>
<bind>
<StgValue><ssdm name="_ssdm_op_Mux.ap_auto.4i16.i2"/></StgValue>
</bind>
</comp>

<comp id="110" class="1001" name="const_110">
<pin_list>
<pin id="111" dir="1" index="0" bw="1" slack="0"/>
</pin_list>
<bind>
<StgValue><ssdm name="_ssdm_op_Mux.ap_auto.3i16.i2"/></StgValue>
</bind>
</comp>

<comp id="112" class="1001" name="const_112">
<pin_list>
<pin id="113" dir="1" index="0" bw="1" slack="2147483647"/>
</pin_list>
<bind>
<StgValue><ssdm name="_ssdm_op_SpecLoopName"/></StgValue>
</bind>
</comp>

<comp id="114" class="1001" name="const_114">
<pin_list>
<pin id="115" dir="1" index="0" bw="1" slack="2147483647"/>
</pin_list>
<bind>
<StgValue><ssdm name="empty_6"/></StgValue>
</bind>
</comp>

<comp id="116" class="1001" name="const_116">
<pin_list>
<pin id="117" dir="1" index="0" bw="1" slack="0"/>
</pin_list>
<bind>
<StgValue><ssdm name="_ssdm_op_BitConcatenate.i4.i2.i2"/></StgValue>
</bind>
</comp>

<comp id="118" class="1004" name="com_fu_118">
<pin_list>
<pin id="119" dir="0" index="0" bw="1" slack="0"/>
<pin id="120" dir="1" index="1" bw="2" slack="0"/>
</pin_list>
<bind>
<opcode="alloca(26) " fcode="alloca"/>
<opset="com/1 "/>
</bind>
</comp>

<comp id="122" class="1004" name="i_cast_read_read_fu_122">
<pin_list>
<pin id="123" dir="0" index="0" bw="2" slack="0"/>
<pin id="124" dir="0" index="1" bw="2" slack="0"/>
<pin id="125" dir="1" index="2" bw="2" slack="4"/>
</pin_list>
<bind>
<opcode="read(1150) " fcode="read"/>
<opset="i_cast_read/1 "/>
</bind>
</comp>

<comp id="128" class="1004" name="phase_read_read_fu_128">
<pin_list>
<pin id="129" dir="0" index="0" bw="1" slack="0"/>
<pin id="130" dir="0" index="1" bw="1" slack="0"/>
<pin id="131" dir="1" index="2" bw="1" slack="4"/>
</pin_list>
<bind>
<opcode="read(1150) " fcode="read"/>
<opset="phase_read/1 "/>
</bind>
</comp>

<comp id="134" class="1004" name="REG_V_63_reload_read_read_fu_134">
<pin_list>
<pin id="135" dir="0" index="0" bw="16" slack="0"/>
<pin id="136" dir="0" index="1" bw="16" slack="0"/>
<pin id="137" dir="1" index="2" bw="16" slack="1"/>
</pin_list>
<bind>
<opcode="read(1150) " fcode="read"/>
<opset="REG_V_63_reload_read/1 "/>
</bind>
</comp>

<comp id="140" class="1004" name="REG_V_55_reload_read_read_fu_140">
<pin_list>
<pin id="141" dir="0" index="0" bw="16" slack="0"/>
<pin id="142" dir="0" index="1" bw="16" slack="0"/>
<pin id="143" dir="1" index="2" bw="16" slack="1"/>
</pin_list>
<bind>
<opcode="read(1150) " fcode="read"/>
<opset="REG_V_55_reload_read/1 "/>
</bind>
</comp>

<comp id="146" class="1004" name="REG_V_47_reload_read_read_fu_146">
<pin_list>
<pin id="147" dir="0" index="0" bw="16" slack="0"/>
<pin id="148" dir="0" index="1" bw="16" slack="0"/>
<pin id="149" dir="1" index="2" bw="16" slack="1"/>
</pin_list>
<bind>
<opcode="read(1150) " fcode="read"/>
<opset="REG_V_47_reload_read/1 "/>
</bind>
</comp>

<comp id="152" class="1004" name="REG_V_39_reload_read_read_fu_152">
<pin_list>
<pin id="153" dir="0" index="0" bw="16" slack="0"/>
<pin id="154" dir="0" index="1" bw="16" slack="0"/>
<pin id="155" dir="1" index="2" bw="16" slack="1"/>
</pin_list>
<bind>
<opcode="read(1150) " fcode="read"/>
<opset="REG_V_39_reload_read/1 "/>
</bind>
</comp>

<comp id="158" class="1004" name="REG_V_59_reload_read_read_fu_158">
<pin_list>
<pin id="159" dir="0" index="0" bw="16" slack="0"/>
<pin id="160" dir="0" index="1" bw="16" slack="0"/>
<pin id="161" dir="1" index="2" bw="16" slack="1"/>
</pin_list>
<bind>
<opcode="read(1150) " fcode="read"/>
<opset="REG_V_59_reload_read/1 "/>
</bind>
</comp>

<comp id="164" class="1004" name="REG_V_51_reload_read_read_fu_164">
<pin_list>
<pin id="165" dir="0" index="0" bw="16" slack="0"/>
<pin id="166" dir="0" index="1" bw="16" slack="0"/>
<pin id="167" dir="1" index="2" bw="16" slack="1"/>
</pin_list>
<bind>
<opcode="read(1150) " fcode="read"/>
<opset="REG_V_51_reload_read/1 "/>
</bind>
</comp>

<comp id="170" class="1004" name="REG_V_43_reload_read_read_fu_170">
<pin_list>
<pin id="171" dir="0" index="0" bw="16" slack="0"/>
<pin id="172" dir="0" index="1" bw="16" slack="0"/>
<pin id="173" dir="1" index="2" bw="16" slack="1"/>
</pin_list>
<bind>
<opcode="read(1150) " fcode="read"/>
<opset="REG_V_43_reload_read/1 "/>
</bind>
</comp>

<comp id="176" class="1004" name="REG_V_35_reload_read_read_fu_176">
<pin_list>
<pin id="177" dir="0" index="0" bw="16" slack="0"/>
<pin id="178" dir="0" index="1" bw="16" slack="0"/>
<pin id="179" dir="1" index="2" bw="16" slack="1"/>
</pin_list>
<bind>
<opcode="read(1150) " fcode="read"/>
<opset="REG_V_35_reload_read/1 "/>
</bind>
</comp>

<comp id="182" class="1004" name="REG_V_62_reload_read_read_fu_182">
<pin_list>
<pin id="183" dir="0" index="0" bw="16" slack="0"/>
<pin id="184" dir="0" index="1" bw="16" slack="0"/>
<pin id="185" dir="1" index="2" bw="16" slack="0"/>
</pin_list>
<bind>
<opcode="read(1150) " fcode="read"/>
<opset="REG_V_62_reload_read/1 "/>
</bind>
</comp>

<comp id="188" class="1004" name="REG_V_54_reload_read_read_fu_188">
<pin_list>
<pin id="189" dir="0" index="0" bw="16" slack="0"/>
<pin id="190" dir="0" index="1" bw="16" slack="0"/>
<pin id="191" dir="1" index="2" bw="16" slack="0"/>
</pin_list>
<bind>
<opcode="read(1150) " fcode="read"/>
<opset="REG_V_54_reload_read/1 "/>
</bind>
</comp>

<comp id="194" class="1004" name="REG_V_46_reload_read_read_fu_194">
<pin_list>
<pin id="195" dir="0" index="0" bw="16" slack="0"/>
<pin id="196" dir="0" index="1" bw="16" slack="0"/>
<pin id="197" dir="1" index="2" bw="16" slack="0"/>
</pin_list>
<bind>
<opcode="read(1150) " fcode="read"/>
<opset="REG_V_46_reload_read/1 "/>
</bind>
</comp>

<comp id="200" class="1004" name="REG_V_38_reload_read_read_fu_200">
<pin_list>
<pin id="201" dir="0" index="0" bw="16" slack="0"/>
<pin id="202" dir="0" index="1" bw="16" slack="0"/>
<pin id="203" dir="1" index="2" bw="16" slack="0"/>
</pin_list>
<bind>
<opcode="read(1150) " fcode="read"/>
<opset="REG_V_38_reload_read/1 "/>
</bind>
</comp>

<comp id="206" class="1004" name="REG_V_58_reload_read_read_fu_206">
<pin_list>
<pin id="207" dir="0" index="0" bw="16" slack="0"/>
<pin id="208" dir="0" index="1" bw="16" slack="0"/>
<pin id="209" dir="1" index="2" bw="16" slack="0"/>
</pin_list>
<bind>
<opcode="read(1150) " fcode="read"/>
<opset="REG_V_58_reload_read/1 "/>
</bind>
</comp>

<comp id="212" class="1004" name="REG_V_50_reload_read_read_fu_212">
<pin_list>
<pin id="213" dir="0" index="0" bw="16" slack="0"/>
<pin id="214" dir="0" index="1" bw="16" slack="0"/>
<pin id="215" dir="1" index="2" bw="16" slack="0"/>
</pin_list>
<bind>
<opcode="read(1150) " fcode="read"/>
<opset="REG_V_50_reload_read/1 "/>
</bind>
</comp>

<comp id="218" class="1004" name="REG_V_42_reload_read_read_fu_218">
<pin_list>
<pin id="219" dir="0" index="0" bw="16" slack="0"/>
<pin id="220" dir="0" index="1" bw="16" slack="0"/>
<pin id="221" dir="1" index="2" bw="16" slack="0"/>
</pin_list>
<bind>
<opcode="read(1150) " fcode="read"/>
<opset="REG_V_42_reload_read/1 "/>
</bind>
</comp>

<comp id="224" class="1004" name="REG_V_34_reload_read_read_fu_224">
<pin_list>
<pin id="225" dir="0" index="0" bw="16" slack="0"/>
<pin id="226" dir="0" index="1" bw="16" slack="0"/>
<pin id="227" dir="1" index="2" bw="16" slack="0"/>
</pin_list>
<bind>
<opcode="read(1150) " fcode="read"/>
<opset="REG_V_34_reload_read/1 "/>
</bind>
</comp>

<comp id="230" class="1004" name="REG_V_61_reload_read_read_fu_230">
<pin_list>
<pin id="231" dir="0" index="0" bw="16" slack="0"/>
<pin id="232" dir="0" index="1" bw="16" slack="0"/>
<pin id="233" dir="1" index="2" bw="16" slack="0"/>
</pin_list>
<bind>
<opcode="read(1150) " fcode="read"/>
<opset="REG_V_61_reload_read/1 "/>
</bind>
</comp>

<comp id="236" class="1004" name="REG_V_53_reload_read_read_fu_236">
<pin_list>
<pin id="237" dir="0" index="0" bw="16" slack="0"/>
<pin id="238" dir="0" index="1" bw="16" slack="0"/>
<pin id="239" dir="1" index="2" bw="16" slack="0"/>
</pin_list>
<bind>
<opcode="read(1150) " fcode="read"/>
<opset="REG_V_53_reload_read/1 "/>
</bind>
</comp>

<comp id="242" class="1004" name="REG_V_45_reload_read_read_fu_242">
<pin_list>
<pin id="243" dir="0" index="0" bw="16" slack="0"/>
<pin id="244" dir="0" index="1" bw="16" slack="0"/>
<pin id="245" dir="1" index="2" bw="16" slack="0"/>
</pin_list>
<bind>
<opcode="read(1150) " fcode="read"/>
<opset="REG_V_45_reload_read/1 "/>
</bind>
</comp>

<comp id="248" class="1004" name="REG_V_37_reload_read_read_fu_248">
<pin_list>
<pin id="249" dir="0" index="0" bw="16" slack="0"/>
<pin id="250" dir="0" index="1" bw="16" slack="0"/>
<pin id="251" dir="1" index="2" bw="16" slack="0"/>
</pin_list>
<bind>
<opcode="read(1150) " fcode="read"/>
<opset="REG_V_37_reload_read/1 "/>
</bind>
</comp>

<comp id="254" class="1004" name="REG_V_57_reload_read_read_fu_254">
<pin_list>
<pin id="255" dir="0" index="0" bw="16" slack="0"/>
<pin id="256" dir="0" index="1" bw="16" slack="0"/>
<pin id="257" dir="1" index="2" bw="16" slack="0"/>
</pin_list>
<bind>
<opcode="read(1150) " fcode="read"/>
<opset="REG_V_57_reload_read/1 "/>
</bind>
</comp>

<comp id="260" class="1004" name="REG_V_49_reload_read_read_fu_260">
<pin_list>
<pin id="261" dir="0" index="0" bw="16" slack="0"/>
<pin id="262" dir="0" index="1" bw="16" slack="0"/>
<pin id="263" dir="1" index="2" bw="16" slack="0"/>
</pin_list>
<bind>
<opcode="read(1150) " fcode="read"/>
<opset="REG_V_49_reload_read/1 "/>
</bind>
</comp>

<comp id="266" class="1004" name="REG_V_41_reload_read_read_fu_266">
<pin_list>
<pin id="267" dir="0" index="0" bw="16" slack="0"/>
<pin id="268" dir="0" index="1" bw="16" slack="0"/>
<pin id="269" dir="1" index="2" bw="16" slack="0"/>
</pin_list>
<bind>
<opcode="read(1150) " fcode="read"/>
<opset="REG_V_41_reload_read/1 "/>
</bind>
</comp>

<comp id="272" class="1004" name="REG_V_33_reload_read_read_fu_272">
<pin_list>
<pin id="273" dir="0" index="0" bw="16" slack="0"/>
<pin id="274" dir="0" index="1" bw="16" slack="0"/>
<pin id="275" dir="1" index="2" bw="16" slack="0"/>
</pin_list>
<bind>
<opcode="read(1150) " fcode="read"/>
<opset="REG_V_33_reload_read/1 "/>
</bind>
</comp>

<comp id="278" class="1004" name="REG_V_60_reload_read_read_fu_278">
<pin_list>
<pin id="279" dir="0" index="0" bw="16" slack="0"/>
<pin id="280" dir="0" index="1" bw="16" slack="0"/>
<pin id="281" dir="1" index="2" bw="16" slack="1"/>
</pin_list>
<bind>
<opcode="read(1150) " fcode="read"/>
<opset="REG_V_60_reload_read/1 "/>
</bind>
</comp>

<comp id="284" class="1004" name="REG_V_52_reload_read_read_fu_284">
<pin_list>
<pin id="285" dir="0" index="0" bw="16" slack="0"/>
<pin id="286" dir="0" index="1" bw="16" slack="0"/>
<pin id="287" dir="1" index="2" bw="16" slack="1"/>
</pin_list>
<bind>
<opcode="read(1150) " fcode="read"/>
<opset="REG_V_52_reload_read/1 "/>
</bind>
</comp>

<comp id="290" class="1004" name="REG_V_44_reload_read_read_fu_290">
<pin_list>
<pin id="291" dir="0" index="0" bw="16" slack="0"/>
<pin id="292" dir="0" index="1" bw="16" slack="0"/>
<pin id="293" dir="1" index="2" bw="16" slack="1"/>
</pin_list>
<bind>
<opcode="read(1150) " fcode="read"/>
<opset="REG_V_44_reload_read/1 "/>
</bind>
</comp>

<comp id="296" class="1004" name="REG_V_36_reload_read_read_fu_296">
<pin_list>
<pin id="297" dir="0" index="0" bw="16" slack="0"/>
<pin id="298" dir="0" index="1" bw="16" slack="0"/>
<pin id="299" dir="1" index="2" bw="16" slack="1"/>
</pin_list>
<bind>
<opcode="read(1150) " fcode="read"/>
<opset="REG_V_36_reload_read/1 "/>
</bind>
</comp>

<comp id="302" class="1004" name="indvars_iv1_read_read_fu_302">
<pin_list>
<pin id="303" dir="0" index="0" bw="2" slack="0"/>
<pin id="304" dir="0" index="1" bw="2" slack="0"/>
<pin id="305" dir="1" index="2" bw="2" slack="0"/>
</pin_list>
<bind>
<opcode="read(1150) " fcode="read"/>
<opset="indvars_iv1_read/1 "/>
</bind>
</comp>

<comp id="308" class="1004" name="REG_V_56_reload_read_read_fu_308">
<pin_list>
<pin id="309" dir="0" index="0" bw="16" slack="0"/>
<pin id="310" dir="0" index="1" bw="16" slack="0"/>
<pin id="311" dir="1" index="2" bw="16" slack="1"/>
</pin_list>
<bind>
<opcode="read(1150) " fcode="read"/>
<opset="REG_V_56_reload_read/1 "/>
</bind>
</comp>

<comp id="314" class="1004" name="REG_V_48_reload_read_read_fu_314">
<pin_list>
<pin id="315" dir="0" index="0" bw="16" slack="0"/>
<pin id="316" dir="0" index="1" bw="16" slack="0"/>
<pin id="317" dir="1" index="2" bw="16" slack="1"/>
</pin_list>
<bind>
<opcode="read(1150) " fcode="read"/>
<opset="REG_V_48_reload_read/1 "/>
</bind>
</comp>

<comp id="320" class="1004" name="REG_V_40_reload_read_read_fu_320">
<pin_list>
<pin id="321" dir="0" index="0" bw="16" slack="0"/>
<pin id="322" dir="0" index="1" bw="16" slack="0"/>
<pin id="323" dir="1" index="2" bw="16" slack="1"/>
</pin_list>
<bind>
<opcode="read(1150) " fcode="read"/>
<opset="REG_V_40_reload_read/1 "/>
</bind>
</comp>

<comp id="326" class="1004" name="REG_V_32_reload_read_read_fu_326">
<pin_list>
<pin id="327" dir="0" index="0" bw="16" slack="0"/>
<pin id="328" dir="0" index="1" bw="16" slack="0"/>
<pin id="329" dir="1" index="2" bw="16" slack="1"/>
</pin_list>
<bind>
<opcode="read(1150) " fcode="read"/>
<opset="REG_V_32_reload_read/1 "/>
</bind>
</comp>

<comp id="332" class="1004" name="i_read_read_fu_332">
<pin_list>
<pin id="333" dir="0" index="0" bw="3" slack="0"/>
<pin id="334" dir="0" index="1" bw="3" slack="0"/>
<pin id="335" dir="1" index="2" bw="3" slack="0"/>
</pin_list>
<bind>
<opcode="read(1150) " fcode="read"/>
<opset="i_read/1 "/>
</bind>
</comp>

<comp id="338" class="1004" name="buffer_2_addr_gep_fu_338">
<pin_list>
<pin id="339" dir="0" index="0" bw="32" slack="0"/>
<pin id="340" dir="0" index="1" bw="1" slack="0"/>
<pin id="341" dir="0" index="2" bw="4" slack="0"/>
<pin id="342" dir="1" index="3" bw="4" slack="0"/>
</pin_list>
<bind>
<opcode="getelementptr(29) " fcode="getelementptr"/>
<opset="buffer_2_addr/5 "/>
</bind>
</comp>

<comp id="345" class="1004" name="grp_access_fu_345">
<pin_list>
<pin id="346" dir="0" index="0" bw="4" slack="0"/>
<pin id="347" dir="0" index="1" bw="32" slack="0"/>
<pin id="348" dir="0" index="2" bw="0" slack="0"/>
<pin id="350" dir="0" index="4" bw="4" slack="0"/>
<pin id="351" dir="0" index="5" bw="32" slack="2147483647"/>
<pin id="352" dir="0" index="6" bw="0" slack="2147483647"/>
<pin id="349" dir="1" index="3" bw="32" slack="2147483647"/>
<pin id="353" dir="1" index="7" bw="32" slack="2147483647"/>
</pin_list>
<bind>
<opcode="store(28) " fcode="store"/>
<opset="store_ln87/5 store_ln88/5 "/>
</bind>
</comp>

<comp id="355" class="1004" name="buffer_2_addr_1_gep_fu_355">
<pin_list>
<pin id="356" dir="0" index="0" bw="32" slack="0"/>
<pin id="357" dir="0" index="1" bw="1" slack="0"/>
<pin id="358" dir="0" index="2" bw="4" slack="0"/>
<pin id="359" dir="1" index="3" bw="4" slack="0"/>
</pin_list>
<bind>
<opcode="getelementptr(29) " fcode="getelementptr"/>
<opset="buffer_2_addr_1/5 "/>
</bind>
</comp>

<comp id="363" class="1004" name="store_ln0_store_fu_363">
<pin_list>
<pin id="364" dir="0" index="0" bw="1" slack="0"/>
<pin id="365" dir="0" index="1" bw="2" slack="0"/>
<pin id="366" dir="1" index="2" bw="0" slack="2147483647"/>
</pin_list>
<bind>
<opcode="store(28) " fcode="store"/>
<opset="store_ln0/1 "/>
</bind>
</comp>

<comp id="368" class="1004" name="com_1_load_fu_368">
<pin_list>
<pin id="369" dir="0" index="0" bw="2" slack="0"/>
<pin id="370" dir="1" index="1" bw="2" slack="0"/>
</pin_list>
<bind>
<opcode="load(27) " fcode="load"/>
<opset="com_1/1 "/>
</bind>
</comp>

<comp id="371" class="1004" name="com_cast_fu_371">
<pin_list>
<pin id="372" dir="0" index="0" bw="2" slack="0"/>
<pin id="373" dir="1" index="1" bw="3" slack="0"/>
</pin_list>
<bind>
<opcode="zext(34) " fcode="zext"/>
<opset="com_cast/1 "/>
</bind>
</comp>

<comp id="375" class="1004" name="icmp_ln79_fu_375">
<pin_list>
<pin id="376" dir="0" index="0" bw="3" slack="0"/>
<pin id="377" dir="0" index="1" bw="3" slack="0"/>
<pin id="378" dir="1" index="2" bw="1" slack="3"/>
</pin_list>
<bind>
<opcode="icmp(45) " fcode="icmp"/>
<opset="icmp_ln79/1 "/>
</bind>
</comp>

<comp id="381" class="1004" name="add_ln79_fu_381">
<pin_list>
<pin id="382" dir="0" index="0" bw="2" slack="0"/>
<pin id="383" dir="0" index="1" bw="1" slack="0"/>
<pin id="384" dir="1" index="2" bw="2" slack="0"/>
</pin_list>
<bind>
<opcode="add(8) " fcode="add"/>
<opset="add_ln79/1 "/>
</bind>
</comp>

<comp id="387" class="1004" name="tmp_4_1_fu_387">
<pin_list>
<pin id="388" dir="0" index="0" bw="16" slack="0"/>
<pin id="389" dir="0" index="1" bw="16" slack="0"/>
<pin id="390" dir="0" index="2" bw="16" slack="0"/>
<pin id="391" dir="0" index="3" bw="16" slack="0"/>
<pin id="392" dir="0" index="4" bw="16" slack="0"/>
<pin id="393" dir="0" index="5" bw="2" slack="0"/>
<pin id="394" dir="1" index="6" bw="16" slack="0"/>
</pin_list>
<bind>
<opcode="mux(1196) " fcode="mux"/>
<opset="tmp_4_1/1 "/>
</bind>
</comp>

<comp id="401" class="1004" name="zext_ln186_4_fu_401">
<pin_list>
<pin id="402" dir="0" index="0" bw="16" slack="0"/>
<pin id="403" dir="1" index="1" bw="32" slack="0"/>
</pin_list>
<bind>
<opcode="zext(34) " fcode="zext"/>
<opset="zext_ln186_4/1 "/>
</bind>
</comp>

<comp id="405" class="1004" name="tmp_8_1_fu_405">
<pin_list>
<pin id="406" dir="0" index="0" bw="16" slack="0"/>
<pin id="407" dir="0" index="1" bw="16" slack="0"/>
<pin id="408" dir="0" index="2" bw="16" slack="0"/>
<pin id="409" dir="0" index="3" bw="16" slack="0"/>
<pin id="410" dir="0" index="4" bw="2" slack="0"/>
<pin id="411" dir="1" index="5" bw="16" slack="0"/>
</pin_list>
<bind>
<opcode="mux(1196) " fcode="mux"/>
<opset="tmp_8_1/1 "/>
</bind>
</comp>

<comp id="417" class="1004" name="zext_ln186_5_fu_417">
<pin_list>
<pin id="418" dir="0" index="0" bw="16" slack="0"/>
<pin id="419" dir="1" index="1" bw="32" slack="0"/>
</pin_list>
<bind>
<opcode="zext(34) " fcode="zext"/>
<opset="zext_ln186_5/1 "/>
</bind>
</comp>

<comp id="421" class="1004" name="tmp_9_1_fu_421">
<pin_list>
<pin id="422" dir="0" index="0" bw="16" slack="0"/>
<pin id="423" dir="0" index="1" bw="16" slack="0"/>
<pin id="424" dir="0" index="2" bw="16" slack="0"/>
<pin id="425" dir="0" index="3" bw="16" slack="0"/>
<pin id="426" dir="0" index="4" bw="2" slack="0"/>
<pin id="427" dir="1" index="5" bw="16" slack="0"/>
</pin_list>
<bind>
<opcode="mux(1196) " fcode="mux"/>
<opset="tmp_9_1/1 "/>
</bind>
</comp>

<comp id="433" class="1004" name="zext_ln186_6_fu_433">
<pin_list>
<pin id="434" dir="0" index="0" bw="16" slack="0"/>
<pin id="435" dir="1" index="1" bw="32" slack="0"/>
</pin_list>
<bind>
<opcode="zext(34) " fcode="zext"/>
<opset="zext_ln186_6/1 "/>
</bind>
</comp>

<comp id="437" class="1004" name="tmp_10_1_fu_437">
<pin_list>
<pin id="438" dir="0" index="0" bw="16" slack="0"/>
<pin id="439" dir="0" index="1" bw="16" slack="0"/>
<pin id="440" dir="0" index="2" bw="16" slack="0"/>
<pin id="441" dir="0" index="3" bw="16" slack="0"/>
<pin id="442" dir="0" index="4" bw="16" slack="0"/>
<pin id="443" dir="0" index="5" bw="2" slack="0"/>
<pin id="444" dir="1" index="6" bw="16" slack="0"/>
</pin_list>
<bind>
<opcode="mux(1196) " fcode="mux"/>
<opset="tmp_10_1/1 "/>
</bind>
</comp>

<comp id="451" class="1004" name="zext_ln186_7_fu_451">
<pin_list>
<pin id="452" dir="0" index="0" bw="16" slack="0"/>
<pin id="453" dir="1" index="1" bw="32" slack="0"/>
</pin_list>
<bind>
<opcode="zext(34) " fcode="zext"/>
<opset="zext_ln186_7/1 "/>
</bind>
</comp>

<comp id="455" class="1004" name="tmp_4_2_fu_455">
<pin_list>
<pin id="456" dir="0" index="0" bw="16" slack="0"/>
<pin id="457" dir="0" index="1" bw="16" slack="0"/>
<pin id="458" dir="0" index="2" bw="16" slack="0"/>
<pin id="459" dir="0" index="3" bw="16" slack="0"/>
<pin id="460" dir="0" index="4" bw="16" slack="0"/>
<pin id="461" dir="0" index="5" bw="2" slack="0"/>
<pin id="462" dir="1" index="6" bw="16" slack="0"/>
</pin_list>
<bind>
<opcode="mux(1196) " fcode="mux"/>
<opset="tmp_4_2/1 "/>
</bind>
</comp>

<comp id="469" class="1004" name="zext_ln186_8_fu_469">
<pin_list>
<pin id="470" dir="0" index="0" bw="16" slack="0"/>
<pin id="471" dir="1" index="1" bw="32" slack="0"/>
</pin_list>
<bind>
<opcode="zext(34) " fcode="zext"/>
<opset="zext_ln186_8/1 "/>
</bind>
</comp>

<comp id="473" class="1004" name="tmp_8_2_fu_473">
<pin_list>
<pin id="474" dir="0" index="0" bw="16" slack="0"/>
<pin id="475" dir="0" index="1" bw="16" slack="0"/>
<pin id="476" dir="0" index="2" bw="16" slack="0"/>
<pin id="477" dir="0" index="3" bw="16" slack="0"/>
<pin id="478" dir="0" index="4" bw="2" slack="0"/>
<pin id="479" dir="1" index="5" bw="16" slack="0"/>
</pin_list>
<bind>
<opcode="mux(1196) " fcode="mux"/>
<opset="tmp_8_2/1 "/>
</bind>
</comp>

<comp id="485" class="1004" name="zext_ln186_9_fu_485">
<pin_list>
<pin id="486" dir="0" index="0" bw="16" slack="0"/>
<pin id="487" dir="1" index="1" bw="32" slack="0"/>
</pin_list>
<bind>
<opcode="zext(34) " fcode="zext"/>
<opset="zext_ln186_9/1 "/>
</bind>
</comp>

<comp id="489" class="1004" name="tmp_9_2_fu_489">
<pin_list>
<pin id="490" dir="0" index="0" bw="16" slack="0"/>
<pin id="491" dir="0" index="1" bw="16" slack="0"/>
<pin id="492" dir="0" index="2" bw="16" slack="0"/>
<pin id="493" dir="0" index="3" bw="16" slack="0"/>
<pin id="494" dir="0" index="4" bw="2" slack="0"/>
<pin id="495" dir="1" index="5" bw="16" slack="0"/>
</pin_list>
<bind>
<opcode="mux(1196) " fcode="mux"/>
<opset="tmp_9_2/1 "/>
</bind>
</comp>

<comp id="501" class="1004" name="zext_ln186_10_fu_501">
<pin_list>
<pin id="502" dir="0" index="0" bw="16" slack="0"/>
<pin id="503" dir="1" index="1" bw="32" slack="0"/>
</pin_list>
<bind>
<opcode="zext(34) " fcode="zext"/>
<opset="zext_ln186_10/1 "/>
</bind>
</comp>

<comp id="505" class="1004" name="tmp_10_2_fu_505">
<pin_list>
<pin id="506" dir="0" index="0" bw="16" slack="0"/>
<pin id="507" dir="0" index="1" bw="16" slack="0"/>
<pin id="508" dir="0" index="2" bw="16" slack="0"/>
<pin id="509" dir="0" index="3" bw="16" slack="0"/>
<pin id="510" dir="0" index="4" bw="16" slack="0"/>
<pin id="511" dir="0" index="5" bw="2" slack="0"/>
<pin id="512" dir="1" index="6" bw="16" slack="0"/>
</pin_list>
<bind>
<opcode="mux(1196) " fcode="mux"/>
<opset="tmp_10_2/1 "/>
</bind>
</comp>

<comp id="519" class="1004" name="zext_ln186_11_fu_519">
<pin_list>
<pin id="520" dir="0" index="0" bw="16" slack="0"/>
<pin id="521" dir="1" index="1" bw="32" slack="0"/>
</pin_list>
<bind>
<opcode="zext(34) " fcode="zext"/>
<opset="zext_ln186_11/1 "/>
</bind>
</comp>

<comp id="523" class="1004" name="store_ln79_store_fu_523">
<pin_list>
<pin id="524" dir="0" index="0" bw="2" slack="0"/>
<pin id="525" dir="0" index="1" bw="2" slack="0"/>
<pin id="526" dir="1" index="2" bw="0" slack="2147483647"/>
</pin_list>
<bind>
<opcode="store(28) " fcode="store"/>
<opset="store_ln79/1 "/>
</bind>
</comp>

<comp id="528" class="1004" name="tmp_4_fu_528">
<pin_list>
<pin id="529" dir="0" index="0" bw="16" slack="0"/>
<pin id="530" dir="0" index="1" bw="16" slack="1"/>
<pin id="531" dir="0" index="2" bw="16" slack="1"/>
<pin id="532" dir="0" index="3" bw="16" slack="1"/>
<pin id="533" dir="0" index="4" bw="16" slack="1"/>
<pin id="534" dir="0" index="5" bw="2" slack="1"/>
<pin id="535" dir="1" index="6" bw="16" slack="0"/>
</pin_list>
<bind>
<opcode="mux(1196) " fcode="mux"/>
<opset="tmp_4/2 "/>
</bind>
</comp>

<comp id="537" class="1004" name="zext_ln186_fu_537">
<pin_list>
<pin id="538" dir="0" index="0" bw="16" slack="0"/>
<pin id="539" dir="1" index="1" bw="32" slack="0"/>
</pin_list>
<bind>
<opcode="zext(34) " fcode="zext"/>
<opset="zext_ln186/2 "/>
</bind>
</comp>

<comp id="541" class="1004" name="tmp_8_fu_541">
<pin_list>
<pin id="542" dir="0" index="0" bw="16" slack="0"/>
<pin id="543" dir="0" index="1" bw="16" slack="1"/>
<pin id="544" dir="0" index="2" bw="16" slack="1"/>
<pin id="545" dir="0" index="3" bw="16" slack="1"/>
<pin id="546" dir="0" index="4" bw="2" slack="1"/>
<pin id="547" dir="1" index="5" bw="16" slack="0"/>
</pin_list>
<bind>
<opcode="mux(1196) " fcode="mux"/>
<opset="tmp_8/2 "/>
</bind>
</comp>

<comp id="549" class="1004" name="zext_ln186_1_fu_549">
<pin_list>
<pin id="550" dir="0" index="0" bw="16" slack="0"/>
<pin id="551" dir="1" index="1" bw="32" slack="0"/>
</pin_list>
<bind>
<opcode="zext(34) " fcode="zext"/>
<opset="zext_ln186_1/2 "/>
</bind>
</comp>

<comp id="553" class="1004" name="tmp_9_fu_553">
<pin_list>
<pin id="554" dir="0" index="0" bw="16" slack="0"/>
<pin id="555" dir="0" index="1" bw="16" slack="1"/>
<pin id="556" dir="0" index="2" bw="16" slack="1"/>
<pin id="557" dir="0" index="3" bw="16" slack="1"/>
<pin id="558" dir="0" index="4" bw="2" slack="1"/>
<pin id="559" dir="1" index="5" bw="16" slack="0"/>
</pin_list>
<bind>
<opcode="mux(1196) " fcode="mux"/>
<opset="tmp_9/2 "/>
</bind>
</comp>

<comp id="561" class="1004" name="zext_ln186_2_fu_561">
<pin_list>
<pin id="562" dir="0" index="0" bw="16" slack="0"/>
<pin id="563" dir="1" index="1" bw="32" slack="0"/>
</pin_list>
<bind>
<opcode="zext(34) " fcode="zext"/>
<opset="zext_ln186_2/2 "/>
</bind>
</comp>

<comp id="565" class="1004" name="tmp_s_fu_565">
<pin_list>
<pin id="566" dir="0" index="0" bw="16" slack="0"/>
<pin id="567" dir="0" index="1" bw="16" slack="1"/>
<pin id="568" dir="0" index="2" bw="16" slack="1"/>
<pin id="569" dir="0" index="3" bw="16" slack="1"/>
<pin id="570" dir="0" index="4" bw="16" slack="1"/>
<pin id="571" dir="0" index="5" bw="2" slack="1"/>
<pin id="572" dir="1" index="6" bw="16" slack="0"/>
</pin_list>
<bind>
<opcode="mux(1196) " fcode="mux"/>
<opset="tmp_s/2 "/>
</bind>
</comp>

<comp id="574" class="1004" name="zext_ln186_3_fu_574">
<pin_list>
<pin id="575" dir="0" index="0" bw="16" slack="0"/>
<pin id="576" dir="1" index="1" bw="32" slack="0"/>
</pin_list>
<bind>
<opcode="zext(34) " fcode="zext"/>
<opset="zext_ln186_3/2 "/>
</bind>
</comp>

<comp id="578" class="1004" name="tmp_4_3_fu_578">
<pin_list>
<pin id="579" dir="0" index="0" bw="16" slack="0"/>
<pin id="580" dir="0" index="1" bw="16" slack="1"/>
<pin id="581" dir="0" index="2" bw="16" slack="1"/>
<pin id="582" dir="0" index="3" bw="16" slack="1"/>
<pin id="583" dir="0" index="4" bw="16" slack="1"/>
<pin id="584" dir="0" index="5" bw="2" slack="1"/>
<pin id="585" dir="1" index="6" bw="16" slack="0"/>
</pin_list>
<bind>
<opcode="mux(1196) " fcode="mux"/>
<opset="tmp_4_3/2 "/>
</bind>
</comp>

<comp id="587" class="1004" name="zext_ln186_12_fu_587">
<pin_list>
<pin id="588" dir="0" index="0" bw="16" slack="0"/>
<pin id="589" dir="1" index="1" bw="32" slack="0"/>
</pin_list>
<bind>
<opcode="zext(34) " fcode="zext"/>
<opset="zext_ln186_12/2 "/>
</bind>
</comp>

<comp id="591" class="1004" name="tmp_8_3_fu_591">
<pin_list>
<pin id="592" dir="0" index="0" bw="16" slack="0"/>
<pin id="593" dir="0" index="1" bw="16" slack="1"/>
<pin id="594" dir="0" index="2" bw="16" slack="1"/>
<pin id="595" dir="0" index="3" bw="16" slack="1"/>
<pin id="596" dir="0" index="4" bw="2" slack="1"/>
<pin id="597" dir="1" index="5" bw="16" slack="0"/>
</pin_list>
<bind>
<opcode="mux(1196) " fcode="mux"/>
<opset="tmp_8_3/2 "/>
</bind>
</comp>

<comp id="599" class="1004" name="zext_ln186_13_fu_599">
<pin_list>
<pin id="600" dir="0" index="0" bw="16" slack="0"/>
<pin id="601" dir="1" index="1" bw="32" slack="0"/>
</pin_list>
<bind>
<opcode="zext(34) " fcode="zext"/>
<opset="zext_ln186_13/2 "/>
</bind>
</comp>

<comp id="603" class="1004" name="tmp_9_3_fu_603">
<pin_list>
<pin id="604" dir="0" index="0" bw="16" slack="0"/>
<pin id="605" dir="0" index="1" bw="16" slack="1"/>
<pin id="606" dir="0" index="2" bw="16" slack="1"/>
<pin id="607" dir="0" index="3" bw="16" slack="1"/>
<pin id="608" dir="0" index="4" bw="2" slack="1"/>
<pin id="609" dir="1" index="5" bw="16" slack="0"/>
</pin_list>
<bind>
<opcode="mux(1196) " fcode="mux"/>
<opset="tmp_9_3/2 "/>
</bind>
</comp>

<comp id="611" class="1004" name="zext_ln186_14_fu_611">
<pin_list>
<pin id="612" dir="0" index="0" bw="16" slack="0"/>
<pin id="613" dir="1" index="1" bw="32" slack="0"/>
</pin_list>
<bind>
<opcode="zext(34) " fcode="zext"/>
<opset="zext_ln186_14/2 "/>
</bind>
</comp>

<comp id="615" class="1004" name="tmp_10_3_fu_615">
<pin_list>
<pin id="616" dir="0" index="0" bw="16" slack="0"/>
<pin id="617" dir="0" index="1" bw="16" slack="1"/>
<pin id="618" dir="0" index="2" bw="16" slack="1"/>
<pin id="619" dir="0" index="3" bw="16" slack="1"/>
<pin id="620" dir="0" index="4" bw="16" slack="1"/>
<pin id="621" dir="0" index="5" bw="2" slack="1"/>
<pin id="622" dir="1" index="6" bw="16" slack="0"/>
</pin_list>
<bind>
<opcode="mux(1196) " fcode="mux"/>
<opset="tmp_10_3/2 "/>
</bind>
</comp>

<comp id="624" class="1004" name="zext_ln186_15_fu_624">
<pin_list>
<pin id="625" dir="0" index="0" bw="16" slack="0"/>
<pin id="626" dir="1" index="1" bw="32" slack="0"/>
</pin_list>
<bind>
<opcode="zext(34) " fcode="zext"/>
<opset="zext_ln186_15/2 "/>
</bind>
</comp>

<comp id="628" class="1004" name="add_ln87_2_fu_628">
<pin_list>
<pin id="629" dir="0" index="0" bw="32" slack="0"/>
<pin id="630" dir="0" index="1" bw="32" slack="0"/>
<pin id="631" dir="1" index="2" bw="32" slack="0"/>
</pin_list>
<bind>
<opcode="add(8) " fcode="add"/>
<opset="add_ln87_2/5 "/>
</bind>
</comp>

<comp id="633" class="1004" name="add_ln88_2_fu_633">
<pin_list>
<pin id="634" dir="0" index="0" bw="32" slack="0"/>
<pin id="635" dir="0" index="1" bw="32" slack="0"/>
<pin id="636" dir="1" index="2" bw="32" slack="0"/>
</pin_list>
<bind>
<opcode="add(8) " fcode="add"/>
<opset="add_ln88_2/5 "/>
</bind>
</comp>

<comp id="638" class="1004" name="add_ln87_3_fu_638">
<pin_list>
<pin id="639" dir="0" index="0" bw="4" slack="0"/>
<pin id="640" dir="0" index="1" bw="2" slack="4"/>
<pin id="641" dir="0" index="2" bw="2" slack="4"/>
<pin id="642" dir="1" index="3" bw="4" slack="0"/>
</pin_list>
<bind>
<opcode="bitconcatenate(1004) " fcode="bitconcatenate"/>
<opset="add_ln87_3/5 "/>
</bind>
</comp>

<comp id="644" class="1004" name="zext_ln87_fu_644">
<pin_list>
<pin id="645" dir="0" index="0" bw="4" slack="0"/>
<pin id="646" dir="1" index="1" bw="64" slack="0"/>
</pin_list>
<bind>
<opcode="zext(34) " fcode="zext"/>
<opset="zext_ln87/5 "/>
</bind>
</comp>

<comp id="649" class="1004" name="add_ln88_3_fu_649">
<pin_list>
<pin id="650" dir="0" index="0" bw="4" slack="0"/>
<pin id="651" dir="0" index="1" bw="2" slack="4"/>
<pin id="652" dir="0" index="2" bw="2" slack="4"/>
<pin id="653" dir="1" index="3" bw="4" slack="0"/>
</pin_list>
<bind>
<opcode="bitconcatenate(1004) " fcode="bitconcatenate"/>
<opset="add_ln88_3/5 "/>
</bind>
</comp>

<comp id="655" class="1004" name="zext_ln88_fu_655">
<pin_list>
<pin id="656" dir="0" index="0" bw="4" slack="0"/>
<pin id="657" dir="1" index="1" bw="64" slack="0"/>
</pin_list>
<bind>
<opcode="zext(34) " fcode="zext"/>
<opset="zext_ln88/5 "/>
</bind>
</comp>

<comp id="660" class="1007" name="grp_fu_660">
<pin_list>
<pin id="661" dir="0" index="0" bw="16" slack="0"/>
<pin id="662" dir="0" index="1" bw="16" slack="0"/>
<pin id="663" dir="1" index="2" bw="32" slack="0"/>
</pin_list>
<bind>
<opcode="mul(12) " fcode="mul"/>
<opset="mul_ln1494_2/1 "/>
</bind>
</comp>

<comp id="666" class="1007" name="grp_fu_666">
<pin_list>
<pin id="667" dir="0" index="0" bw="16" slack="0"/>
<pin id="668" dir="0" index="1" bw="16" slack="0"/>
<pin id="669" dir="1" index="2" bw="32" slack="0"/>
</pin_list>
<bind>
<opcode="mul(12) " fcode="mul"/>
<opset="mul_ln1494_3/1 "/>
</bind>
</comp>

<comp id="672" class="1007" name="grp_fu_672">
<pin_list>
<pin id="673" dir="0" index="0" bw="16" slack="0"/>
<pin id="674" dir="0" index="1" bw="16" slack="0"/>
<pin id="675" dir="1" index="2" bw="32" slack="0"/>
</pin_list>
<bind>
<opcode="mul(12) " fcode="mul"/>
<opset="mul_ln1494_4/1 "/>
</bind>
</comp>

<comp id="678" class="1007" name="grp_fu_678">
<pin_list>
<pin id="679" dir="0" index="0" bw="16" slack="0"/>
<pin id="680" dir="0" index="1" bw="16" slack="0"/>
<pin id="681" dir="1" index="2" bw="32" slack="0"/>
</pin_list>
<bind>
<opcode="mul(12) " fcode="mul"/>
<opset="mul_ln1494_5/1 "/>
</bind>
</comp>

<comp id="684" class="1007" name="grp_fu_684">
<pin_list>
<pin id="685" dir="0" index="0" bw="16" slack="0"/>
<pin id="686" dir="0" index="1" bw="16" slack="0"/>
<pin id="687" dir="0" index="2" bw="32" slack="0"/>
<pin id="688" dir="1" index="3" bw="32" slack="0"/>
</pin_list>
<bind>
<opcode="muladd(1172) " fcode="muladd"/>
<opset="mul_ln1494/2 add_ln87/4 "/>
</bind>
</comp>

<comp id="693" class="1007" name="grp_fu_693">
<pin_list>
<pin id="694" dir="0" index="0" bw="16" slack="0"/>
<pin id="695" dir="0" index="1" bw="16" slack="0"/>
<pin id="696" dir="0" index="2" bw="32" slack="0"/>
<pin id="697" dir="1" index="3" bw="32" slack="0"/>
</pin_list>
<bind>
<opcode="muladd(1172) " fcode="muladd"/>
<opset="mul_ln1494_1/2 add_ln88/4 "/>
</bind>
</comp>

<comp id="702" class="1007" name="grp_fu_702">
<pin_list>
<pin id="703" dir="0" index="0" bw="16" slack="0"/>
<pin id="704" dir="0" index="1" bw="16" slack="0"/>
<pin id="705" dir="0" index="2" bw="32" slack="0"/>
<pin id="706" dir="1" index="3" bw="32" slack="0"/>
</pin_list>
<bind>
<opcode="muladd(1172) " fcode="muladd"/>
<opset="mul_ln1494_6/2 add_ln87_1/4 "/>
</bind>
</comp>

<comp id="711" class="1007" name="grp_fu_711">
<pin_list>
<pin id="712" dir="0" index="0" bw="16" slack="0"/>
<pin id="713" dir="0" index="1" bw="16" slack="0"/>
<pin id="714" dir="0" index="2" bw="32" slack="0"/>
<pin id="715" dir="1" index="3" bw="32" slack="0"/>
</pin_list>
<bind>
<opcode="muladd(1172) " fcode="muladd"/>
<opset="mul_ln1494_7/2 add_ln88_1/4 "/>
</bind>
</comp>

<comp id="720" class="1005" name="com_reg_720">
<pin_list>
<pin id="721" dir="0" index="0" bw="2" slack="0"/>
<pin id="722" dir="1" index="1" bw="2" slack="0"/>
</pin_list>
<bind>
<opset="com "/>
</bind>
</comp>

<comp id="727" class="1005" name="i_cast_read_reg_727">
<pin_list>
<pin id="728" dir="0" index="0" bw="2" slack="4"/>
<pin id="729" dir="1" index="1" bw="2" slack="4"/>
</pin_list>
<bind>
<opset="i_cast_read "/>
</bind>
</comp>

<comp id="733" class="1005" name="phase_read_reg_733">
<pin_list>
<pin id="734" dir="0" index="0" bw="1" slack="4"/>
<pin id="735" dir="1" index="1" bw="1" slack="2147483647"/>
</pin_list>
<bind>
<opset="phase_read "/>
</bind>
</comp>

<comp id="737" class="1005" name="REG_V_63_reload_read_reg_737">
<pin_list>
<pin id="738" dir="0" index="0" bw="16" slack="1"/>
<pin id="739" dir="1" index="1" bw="16" slack="1"/>
</pin_list>
<bind>
<opset="REG_V_63_reload_read "/>
</bind>
</comp>

<comp id="742" class="1005" name="REG_V_55_reload_read_reg_742">
<pin_list>
<pin id="743" dir="0" index="0" bw="16" slack="1"/>
<pin id="744" dir="1" index="1" bw="16" slack="1"/>
</pin_list>
<bind>
<opset="REG_V_55_reload_read "/>
</bind>
</comp>

<comp id="748" class="1005" name="REG_V_47_reload_read_reg_748">
<pin_list>
<pin id="749" dir="0" index="0" bw="16" slack="1"/>
<pin id="750" dir="1" index="1" bw="16" slack="1"/>
</pin_list>
<bind>
<opset="REG_V_47_reload_read "/>
</bind>
</comp>

<comp id="754" class="1005" name="REG_V_39_reload_read_reg_754">
<pin_list>
<pin id="755" dir="0" index="0" bw="16" slack="1"/>
<pin id="756" dir="1" index="1" bw="16" slack="1"/>
</pin_list>
<bind>
<opset="REG_V_39_reload_read "/>
</bind>
</comp>

<comp id="760" class="1005" name="REG_V_59_reload_read_reg_760">
<pin_list>
<pin id="761" dir="0" index="0" bw="16" slack="1"/>
<pin id="762" dir="1" index="1" bw="16" slack="1"/>
</pin_list>
<bind>
<opset="REG_V_59_reload_read "/>
</bind>
</comp>

<comp id="765" class="1005" name="REG_V_51_reload_read_reg_765">
<pin_list>
<pin id="766" dir="0" index="0" bw="16" slack="1"/>
<pin id="767" dir="1" index="1" bw="16" slack="1"/>
</pin_list>
<bind>
<opset="REG_V_51_reload_read "/>
</bind>
</comp>

<comp id="771" class="1005" name="REG_V_43_reload_read_reg_771">
<pin_list>
<pin id="772" dir="0" index="0" bw="16" slack="1"/>
<pin id="773" dir="1" index="1" bw="16" slack="1"/>
</pin_list>
<bind>
<opset="REG_V_43_reload_read "/>
</bind>
</comp>

<comp id="777" class="1005" name="REG_V_35_reload_read_reg_777">
<pin_list>
<pin id="778" dir="0" index="0" bw="16" slack="1"/>
<pin id="779" dir="1" index="1" bw="16" slack="1"/>
</pin_list>
<bind>
<opset="REG_V_35_reload_read "/>
</bind>
</comp>

<comp id="783" class="1005" name="REG_V_60_reload_read_reg_783">
<pin_list>
<pin id="784" dir="0" index="0" bw="16" slack="1"/>
<pin id="785" dir="1" index="1" bw="16" slack="1"/>
</pin_list>
<bind>
<opset="REG_V_60_reload_read "/>
</bind>
</comp>

<comp id="788" class="1005" name="REG_V_52_reload_read_reg_788">
<pin_list>
<pin id="789" dir="0" index="0" bw="16" slack="1"/>
<pin id="790" dir="1" index="1" bw="16" slack="1"/>
</pin_list>
<bind>
<opset="REG_V_52_reload_read "/>
</bind>
</comp>

<comp id="794" class="1005" name="REG_V_44_reload_read_reg_794">
<pin_list>
<pin id="795" dir="0" index="0" bw="16" slack="1"/>
<pin id="796" dir="1" index="1" bw="16" slack="1"/>
</pin_list>
<bind>
<opset="REG_V_44_reload_read "/>
</bind>
</comp>

<comp id="800" class="1005" name="REG_V_36_reload_read_reg_800">
<pin_list>
<pin id="801" dir="0" index="0" bw="16" slack="1"/>
<pin id="802" dir="1" index="1" bw="16" slack="1"/>
</pin_list>
<bind>
<opset="REG_V_36_reload_read "/>
</bind>
</comp>

<comp id="806" class="1005" name="indvars_iv1_read_reg_806">
<pin_list>
<pin id="807" dir="0" index="0" bw="2" slack="1"/>
<pin id="808" dir="1" index="1" bw="2" slack="1"/>
</pin_list>
<bind>
<opset="indvars_iv1_read "/>
</bind>
</comp>

<comp id="814" class="1005" name="REG_V_56_reload_read_reg_814">
<pin_list>
<pin id="815" dir="0" index="0" bw="16" slack="1"/>
<pin id="816" dir="1" index="1" bw="16" slack="1"/>
</pin_list>
<bind>
<opset="REG_V_56_reload_read "/>
</bind>
</comp>

<comp id="819" class="1005" name="REG_V_48_reload_read_reg_819">
<pin_list>
<pin id="820" dir="0" index="0" bw="16" slack="1"/>
<pin id="821" dir="1" index="1" bw="16" slack="1"/>
</pin_list>
<bind>
<opset="REG_V_48_reload_read "/>
</bind>
</comp>

<comp id="825" class="1005" name="REG_V_40_reload_read_reg_825">
<pin_list>
<pin id="826" dir="0" index="0" bw="16" slack="1"/>
<pin id="827" dir="1" index="1" bw="16" slack="1"/>
</pin_list>
<bind>
<opset="REG_V_40_reload_read "/>
</bind>
</comp>

<comp id="831" class="1005" name="REG_V_32_reload_read_reg_831">
<pin_list>
<pin id="832" dir="0" index="0" bw="16" slack="1"/>
<pin id="833" dir="1" index="1" bw="16" slack="1"/>
</pin_list>
<bind>
<opset="REG_V_32_reload_read "/>
</bind>
</comp>

<comp id="837" class="1005" name="com_1_reg_837">
<pin_list>
<pin id="838" dir="0" index="0" bw="2" slack="1"/>
<pin id="839" dir="1" index="1" bw="2" slack="1"/>
</pin_list>
<bind>
<opset="com_1 "/>
</bind>
</comp>

<comp id="847" class="1005" name="icmp_ln79_reg_847">
<pin_list>
<pin id="848" dir="0" index="0" bw="1" slack="3"/>
<pin id="849" dir="1" index="1" bw="1" slack="2147483647"/>
</pin_list>
<bind>
<opset="icmp_ln79 "/>
</bind>
</comp>

<comp id="851" class="1005" name="zext_ln186_4_reg_851">
<pin_list>
<pin id="852" dir="0" index="0" bw="32" slack="1"/>
<pin id="853" dir="1" index="1" bw="32" slack="1"/>
</pin_list>
<bind>
<opset="zext_ln186_4 "/>
</bind>
</comp>

<comp id="856" class="1005" name="zext_ln186_5_reg_856">
<pin_list>
<pin id="857" dir="0" index="0" bw="32" slack="1"/>
<pin id="858" dir="1" index="1" bw="32" slack="1"/>
</pin_list>
<bind>
<opset="zext_ln186_5 "/>
</bind>
</comp>

<comp id="861" class="1005" name="zext_ln186_6_reg_861">
<pin_list>
<pin id="862" dir="0" index="0" bw="32" slack="1"/>
<pin id="863" dir="1" index="1" bw="32" slack="1"/>
</pin_list>
<bind>
<opset="zext_ln186_6 "/>
</bind>
</comp>

<comp id="866" class="1005" name="zext_ln186_7_reg_866">
<pin_list>
<pin id="867" dir="0" index="0" bw="32" slack="1"/>
<pin id="868" dir="1" index="1" bw="32" slack="1"/>
</pin_list>
<bind>
<opset="zext_ln186_7 "/>
</bind>
</comp>

<comp id="871" class="1005" name="zext_ln186_8_reg_871">
<pin_list>
<pin id="872" dir="0" index="0" bw="32" slack="1"/>
<pin id="873" dir="1" index="1" bw="32" slack="1"/>
</pin_list>
<bind>
<opset="zext_ln186_8 "/>
</bind>
</comp>

<comp id="876" class="1005" name="zext_ln186_9_reg_876">
<pin_list>
<pin id="877" dir="0" index="0" bw="32" slack="1"/>
<pin id="878" dir="1" index="1" bw="32" slack="1"/>
</pin_list>
<bind>
<opset="zext_ln186_9 "/>
</bind>
</comp>

<comp id="881" class="1005" name="zext_ln186_10_reg_881">
<pin_list>
<pin id="882" dir="0" index="0" bw="32" slack="1"/>
<pin id="883" dir="1" index="1" bw="32" slack="1"/>
</pin_list>
<bind>
<opset="zext_ln186_10 "/>
</bind>
</comp>

<comp id="886" class="1005" name="zext_ln186_11_reg_886">
<pin_list>
<pin id="887" dir="0" index="0" bw="32" slack="1"/>
<pin id="888" dir="1" index="1" bw="32" slack="1"/>
</pin_list>
<bind>
<opset="zext_ln186_11 "/>
</bind>
</comp>

<comp id="891" class="1005" name="zext_ln186_reg_891">
<pin_list>
<pin id="892" dir="0" index="0" bw="32" slack="1"/>
<pin id="893" dir="1" index="1" bw="32" slack="1"/>
</pin_list>
<bind>
<opset="zext_ln186 "/>
</bind>
</comp>

<comp id="896" class="1005" name="zext_ln186_1_reg_896">
<pin_list>
<pin id="897" dir="0" index="0" bw="32" slack="1"/>
<pin id="898" dir="1" index="1" bw="32" slack="1"/>
</pin_list>
<bind>
<opset="zext_ln186_1 "/>
</bind>
</comp>

<comp id="901" class="1005" name="zext_ln186_2_reg_901">
<pin_list>
<pin id="902" dir="0" index="0" bw="32" slack="1"/>
<pin id="903" dir="1" index="1" bw="32" slack="1"/>
</pin_list>
<bind>
<opset="zext_ln186_2 "/>
</bind>
</comp>

<comp id="906" class="1005" name="zext_ln186_3_reg_906">
<pin_list>
<pin id="907" dir="0" index="0" bw="32" slack="1"/>
<pin id="908" dir="1" index="1" bw="32" slack="1"/>
</pin_list>
<bind>
<opset="zext_ln186_3 "/>
</bind>
</comp>

<comp id="911" class="1005" name="zext_ln186_12_reg_911">
<pin_list>
<pin id="912" dir="0" index="0" bw="32" slack="1"/>
<pin id="913" dir="1" index="1" bw="32" slack="1"/>
</pin_list>
<bind>
<opset="zext_ln186_12 "/>
</bind>
</comp>

<comp id="916" class="1005" name="zext_ln186_13_reg_916">
<pin_list>
<pin id="917" dir="0" index="0" bw="32" slack="1"/>
<pin id="918" dir="1" index="1" bw="32" slack="1"/>
</pin_list>
<bind>
<opset="zext_ln186_13 "/>
</bind>
</comp>

<comp id="921" class="1005" name="zext_ln186_14_reg_921">
<pin_list>
<pin id="922" dir="0" index="0" bw="32" slack="1"/>
<pin id="923" dir="1" index="1" bw="32" slack="1"/>
</pin_list>
<bind>
<opset="zext_ln186_14 "/>
</bind>
</comp>

<comp id="926" class="1005" name="zext_ln186_15_reg_926">
<pin_list>
<pin id="927" dir="0" index="0" bw="32" slack="1"/>
<pin id="928" dir="1" index="1" bw="32" slack="1"/>
</pin_list>
<bind>
<opset="zext_ln186_15 "/>
</bind>
</comp>

<comp id="931" class="1005" name="mul_ln1494_2_reg_931">
<pin_list>
<pin id="932" dir="0" index="0" bw="32" slack="1"/>
<pin id="933" dir="1" index="1" bw="32" slack="1"/>
</pin_list>
<bind>
<opset="mul_ln1494_2 "/>
</bind>
</comp>

<comp id="936" class="1005" name="mul_ln1494_3_reg_936">
<pin_list>
<pin id="937" dir="0" index="0" bw="32" slack="1"/>
<pin id="938" dir="1" index="1" bw="32" slack="1"/>
</pin_list>
<bind>
<opset="mul_ln1494_3 "/>
</bind>
</comp>

<comp id="941" class="1005" name="mul_ln1494_4_reg_941">
<pin_list>
<pin id="942" dir="0" index="0" bw="32" slack="1"/>
<pin id="943" dir="1" index="1" bw="32" slack="1"/>
</pin_list>
<bind>
<opset="mul_ln1494_4 "/>
</bind>
</comp>

<comp id="946" class="1005" name="mul_ln1494_5_reg_946">
<pin_list>
<pin id="947" dir="0" index="0" bw="32" slack="1"/>
<pin id="948" dir="1" index="1" bw="32" slack="1"/>
</pin_list>
<bind>
<opset="mul_ln1494_5 "/>
</bind>
</comp>

</comp_list>

<net_list>
<net id="121"><net_src comp="74" pin="0"/><net_sink comp="118" pin=0"/></net>

<net id="126"><net_src comp="86" pin="0"/><net_sink comp="122" pin=0"/></net>

<net id="127"><net_src comp="70" pin="0"/><net_sink comp="122" pin=1"/></net>

<net id="132"><net_src comp="88" pin="0"/><net_sink comp="128" pin=0"/></net>

<net id="133"><net_src comp="68" pin="0"/><net_sink comp="128" pin=1"/></net>

<net id="138"><net_src comp="90" pin="0"/><net_sink comp="134" pin=0"/></net>

<net id="139"><net_src comp="66" pin="0"/><net_sink comp="134" pin=1"/></net>

<net id="144"><net_src comp="90" pin="0"/><net_sink comp="140" pin=0"/></net>

<net id="145"><net_src comp="64" pin="0"/><net_sink comp="140" pin=1"/></net>

<net id="150"><net_src comp="90" pin="0"/><net_sink comp="146" pin=0"/></net>

<net id="151"><net_src comp="62" pin="0"/><net_sink comp="146" pin=1"/></net>

<net id="156"><net_src comp="90" pin="0"/><net_sink comp="152" pin=0"/></net>

<net id="157"><net_src comp="60" pin="0"/><net_sink comp="152" pin=1"/></net>

<net id="162"><net_src comp="90" pin="0"/><net_sink comp="158" pin=0"/></net>

<net id="163"><net_src comp="58" pin="0"/><net_sink comp="158" pin=1"/></net>

<net id="168"><net_src comp="90" pin="0"/><net_sink comp="164" pin=0"/></net>

<net id="169"><net_src comp="56" pin="0"/><net_sink comp="164" pin=1"/></net>

<net id="174"><net_src comp="90" pin="0"/><net_sink comp="170" pin=0"/></net>

<net id="175"><net_src comp="54" pin="0"/><net_sink comp="170" pin=1"/></net>

<net id="180"><net_src comp="90" pin="0"/><net_sink comp="176" pin=0"/></net>

<net id="181"><net_src comp="52" pin="0"/><net_sink comp="176" pin=1"/></net>

<net id="186"><net_src comp="90" pin="0"/><net_sink comp="182" pin=0"/></net>

<net id="187"><net_src comp="50" pin="0"/><net_sink comp="182" pin=1"/></net>

<net id="192"><net_src comp="90" pin="0"/><net_sink comp="188" pin=0"/></net>

<net id="193"><net_src comp="48" pin="0"/><net_sink comp="188" pin=1"/></net>

<net id="198"><net_src comp="90" pin="0"/><net_sink comp="194" pin=0"/></net>

<net id="199"><net_src comp="46" pin="0"/><net_sink comp="194" pin=1"/></net>

<net id="204"><net_src comp="90" pin="0"/><net_sink comp="200" pin=0"/></net>

<net id="205"><net_src comp="44" pin="0"/><net_sink comp="200" pin=1"/></net>

<net id="210"><net_src comp="90" pin="0"/><net_sink comp="206" pin=0"/></net>

<net id="211"><net_src comp="42" pin="0"/><net_sink comp="206" pin=1"/></net>

<net id="216"><net_src comp="90" pin="0"/><net_sink comp="212" pin=0"/></net>

<net id="217"><net_src comp="40" pin="0"/><net_sink comp="212" pin=1"/></net>

<net id="222"><net_src comp="90" pin="0"/><net_sink comp="218" pin=0"/></net>

<net id="223"><net_src comp="38" pin="0"/><net_sink comp="218" pin=1"/></net>

<net id="228"><net_src comp="90" pin="0"/><net_sink comp="224" pin=0"/></net>

<net id="229"><net_src comp="36" pin="0"/><net_sink comp="224" pin=1"/></net>

<net id="234"><net_src comp="90" pin="0"/><net_sink comp="230" pin=0"/></net>

<net id="235"><net_src comp="34" pin="0"/><net_sink comp="230" pin=1"/></net>

<net id="240"><net_src comp="90" pin="0"/><net_sink comp="236" pin=0"/></net>

<net id="241"><net_src comp="32" pin="0"/><net_sink comp="236" pin=1"/></net>

<net id="246"><net_src comp="90" pin="0"/><net_sink comp="242" pin=0"/></net>

<net id="247"><net_src comp="30" pin="0"/><net_sink comp="242" pin=1"/></net>

<net id="252"><net_src comp="90" pin="0"/><net_sink comp="248" pin=0"/></net>

<net id="253"><net_src comp="28" pin="0"/><net_sink comp="248" pin=1"/></net>

<net id="258"><net_src comp="90" pin="0"/><net_sink comp="254" pin=0"/></net>

<net id="259"><net_src comp="26" pin="0"/><net_sink comp="254" pin=1"/></net>

<net id="264"><net_src comp="90" pin="0"/><net_sink comp="260" pin=0"/></net>

<net id="265"><net_src comp="24" pin="0"/><net_sink comp="260" pin=1"/></net>

<net id="270"><net_src comp="90" pin="0"/><net_sink comp="266" pin=0"/></net>

<net id="271"><net_src comp="22" pin="0"/><net_sink comp="266" pin=1"/></net>

<net id="276"><net_src comp="90" pin="0"/><net_sink comp="272" pin=0"/></net>

<net id="277"><net_src comp="20" pin="0"/><net_sink comp="272" pin=1"/></net>

<net id="282"><net_src comp="90" pin="0"/><net_sink comp="278" pin=0"/></net>

<net id="283"><net_src comp="18" pin="0"/><net_sink comp="278" pin=1"/></net>

<net id="288"><net_src comp="90" pin="0"/><net_sink comp="284" pin=0"/></net>

<net id="289"><net_src comp="16" pin="0"/><net_sink comp="284" pin=1"/></net>

<net id="294"><net_src comp="90" pin="0"/><net_sink comp="290" pin=0"/></net>

<net id="295"><net_src comp="14" pin="0"/><net_sink comp="290" pin=1"/></net>

<net id="300"><net_src comp="90" pin="0"/><net_sink comp="296" pin=0"/></net>

<net id="301"><net_src comp="12" pin="0"/><net_sink comp="296" pin=1"/></net>

<net id="306"><net_src comp="86" pin="0"/><net_sink comp="302" pin=0"/></net>

<net id="307"><net_src comp="10" pin="0"/><net_sink comp="302" pin=1"/></net>

<net id="312"><net_src comp="90" pin="0"/><net_sink comp="308" pin=0"/></net>

<net id="313"><net_src comp="8" pin="0"/><net_sink comp="308" pin=1"/></net>

<net id="318"><net_src comp="90" pin="0"/><net_sink comp="314" pin=0"/></net>

<net id="319"><net_src comp="6" pin="0"/><net_sink comp="314" pin=1"/></net>

<net id="324"><net_src comp="90" pin="0"/><net_sink comp="320" pin=0"/></net>

<net id="325"><net_src comp="4" pin="0"/><net_sink comp="320" pin=1"/></net>

<net id="330"><net_src comp="90" pin="0"/><net_sink comp="326" pin=0"/></net>

<net id="331"><net_src comp="2" pin="0"/><net_sink comp="326" pin=1"/></net>

<net id="336"><net_src comp="92" pin="0"/><net_sink comp="332" pin=0"/></net>

<net id="337"><net_src comp="0" pin="0"/><net_sink comp="332" pin=1"/></net>

<net id="343"><net_src comp="72" pin="0"/><net_sink comp="338" pin=0"/></net>

<net id="344"><net_src comp="102" pin="0"/><net_sink comp="338" pin=1"/></net>

<net id="354"><net_src comp="338" pin="3"/><net_sink comp="345" pin=2"/></net>

<net id="360"><net_src comp="72" pin="0"/><net_sink comp="355" pin=0"/></net>

<net id="361"><net_src comp="102" pin="0"/><net_sink comp="355" pin=1"/></net>

<net id="362"><net_src comp="355" pin="3"/><net_sink comp="345" pin=0"/></net>

<net id="367"><net_src comp="94" pin="0"/><net_sink comp="363" pin=0"/></net>

<net id="374"><net_src comp="368" pin="1"/><net_sink comp="371" pin=0"/></net>

<net id="379"><net_src comp="371" pin="1"/><net_sink comp="375" pin=0"/></net>

<net id="380"><net_src comp="332" pin="2"/><net_sink comp="375" pin=1"/></net>

<net id="385"><net_src comp="368" pin="1"/><net_sink comp="381" pin=0"/></net>

<net id="386"><net_src comp="106" pin="0"/><net_sink comp="381" pin=1"/></net>

<net id="395"><net_src comp="108" pin="0"/><net_sink comp="387" pin=0"/></net>

<net id="396"><net_src comp="272" pin="2"/><net_sink comp="387" pin=1"/></net>

<net id="397"><net_src comp="266" pin="2"/><net_sink comp="387" pin=2"/></net>

<net id="398"><net_src comp="260" pin="2"/><net_sink comp="387" pin=3"/></net>

<net id="399"><net_src comp="254" pin="2"/><net_sink comp="387" pin=4"/></net>

<net id="400"><net_src comp="302" pin="2"/><net_sink comp="387" pin=5"/></net>

<net id="404"><net_src comp="387" pin="6"/><net_sink comp="401" pin=0"/></net>

<net id="412"><net_src comp="110" pin="0"/><net_sink comp="405" pin=0"/></net>

<net id="413"><net_src comp="248" pin="2"/><net_sink comp="405" pin=1"/></net>

<net id="414"><net_src comp="242" pin="2"/><net_sink comp="405" pin=2"/></net>

<net id="415"><net_src comp="236" pin="2"/><net_sink comp="405" pin=3"/></net>

<net id="416"><net_src comp="368" pin="1"/><net_sink comp="405" pin=4"/></net>

<net id="420"><net_src comp="405" pin="5"/><net_sink comp="417" pin=0"/></net>

<net id="428"><net_src comp="110" pin="0"/><net_sink comp="421" pin=0"/></net>

<net id="429"><net_src comp="272" pin="2"/><net_sink comp="421" pin=1"/></net>

<net id="430"><net_src comp="266" pin="2"/><net_sink comp="421" pin=2"/></net>

<net id="431"><net_src comp="260" pin="2"/><net_sink comp="421" pin=3"/></net>

<net id="432"><net_src comp="368" pin="1"/><net_sink comp="421" pin=4"/></net>

<net id="436"><net_src comp="421" pin="5"/><net_sink comp="433" pin=0"/></net>

<net id="445"><net_src comp="108" pin="0"/><net_sink comp="437" pin=0"/></net>

<net id="446"><net_src comp="248" pin="2"/><net_sink comp="437" pin=1"/></net>

<net id="447"><net_src comp="242" pin="2"/><net_sink comp="437" pin=2"/></net>

<net id="448"><net_src comp="236" pin="2"/><net_sink comp="437" pin=3"/></net>

<net id="449"><net_src comp="230" pin="2"/><net_sink comp="437" pin=4"/></net>

<net id="450"><net_src comp="302" pin="2"/><net_sink comp="437" pin=5"/></net>

<net id="454"><net_src comp="437" pin="6"/><net_sink comp="451" pin=0"/></net>

<net id="463"><net_src comp="108" pin="0"/><net_sink comp="455" pin=0"/></net>

<net id="464"><net_src comp="224" pin="2"/><net_sink comp="455" pin=1"/></net>

<net id="465"><net_src comp="218" pin="2"/><net_sink comp="455" pin=2"/></net>

<net id="466"><net_src comp="212" pin="2"/><net_sink comp="455" pin=3"/></net>

<net id="467"><net_src comp="206" pin="2"/><net_sink comp="455" pin=4"/></net>

<net id="468"><net_src comp="302" pin="2"/><net_sink comp="455" pin=5"/></net>

<net id="472"><net_src comp="455" pin="6"/><net_sink comp="469" pin=0"/></net>

<net id="480"><net_src comp="110" pin="0"/><net_sink comp="473" pin=0"/></net>

<net id="481"><net_src comp="200" pin="2"/><net_sink comp="473" pin=1"/></net>

<net id="482"><net_src comp="194" pin="2"/><net_sink comp="473" pin=2"/></net>

<net id="483"><net_src comp="188" pin="2"/><net_sink comp="473" pin=3"/></net>

<net id="484"><net_src comp="368" pin="1"/><net_sink comp="473" pin=4"/></net>

<net id="488"><net_src comp="473" pin="5"/><net_sink comp="485" pin=0"/></net>

<net id="496"><net_src comp="110" pin="0"/><net_sink comp="489" pin=0"/></net>

<net id="497"><net_src comp="224" pin="2"/><net_sink comp="489" pin=1"/></net>

<net id="498"><net_src comp="218" pin="2"/><net_sink comp="489" pin=2"/></net>

<net id="499"><net_src comp="212" pin="2"/><net_sink comp="489" pin=3"/></net>

<net id="500"><net_src comp="368" pin="1"/><net_sink comp="489" pin=4"/></net>

<net id="504"><net_src comp="489" pin="5"/><net_sink comp="501" pin=0"/></net>

<net id="513"><net_src comp="108" pin="0"/><net_sink comp="505" pin=0"/></net>

<net id="514"><net_src comp="200" pin="2"/><net_sink comp="505" pin=1"/></net>

<net id="515"><net_src comp="194" pin="2"/><net_sink comp="505" pin=2"/></net>

<net id="516"><net_src comp="188" pin="2"/><net_sink comp="505" pin=3"/></net>

<net id="517"><net_src comp="182" pin="2"/><net_sink comp="505" pin=4"/></net>

<net id="518"><net_src comp="302" pin="2"/><net_sink comp="505" pin=5"/></net>

<net id="522"><net_src comp="505" pin="6"/><net_sink comp="519" pin=0"/></net>

<net id="527"><net_src comp="381" pin="2"/><net_sink comp="523" pin=0"/></net>

<net id="536"><net_src comp="108" pin="0"/><net_sink comp="528" pin=0"/></net>

<net id="540"><net_src comp="528" pin="6"/><net_sink comp="537" pin=0"/></net>

<net id="548"><net_src comp="110" pin="0"/><net_sink comp="541" pin=0"/></net>

<net id="552"><net_src comp="541" pin="5"/><net_sink comp="549" pin=0"/></net>

<net id="560"><net_src comp="110" pin="0"/><net_sink comp="553" pin=0"/></net>

<net id="564"><net_src comp="553" pin="5"/><net_sink comp="561" pin=0"/></net>

<net id="573"><net_src comp="108" pin="0"/><net_sink comp="565" pin=0"/></net>

<net id="577"><net_src comp="565" pin="6"/><net_sink comp="574" pin=0"/></net>

<net id="586"><net_src comp="108" pin="0"/><net_sink comp="578" pin=0"/></net>

<net id="590"><net_src comp="578" pin="6"/><net_sink comp="587" pin=0"/></net>

<net id="598"><net_src comp="110" pin="0"/><net_sink comp="591" pin=0"/></net>

<net id="602"><net_src comp="591" pin="5"/><net_sink comp="599" pin=0"/></net>

<net id="610"><net_src comp="110" pin="0"/><net_sink comp="603" pin=0"/></net>

<net id="614"><net_src comp="603" pin="5"/><net_sink comp="611" pin=0"/></net>

<net id="623"><net_src comp="108" pin="0"/><net_sink comp="615" pin=0"/></net>

<net id="627"><net_src comp="615" pin="6"/><net_sink comp="624" pin=0"/></net>

<net id="632"><net_src comp="628" pin="2"/><net_sink comp="345" pin=4"/></net>

<net id="637"><net_src comp="633" pin="2"/><net_sink comp="345" pin=1"/></net>

<net id="643"><net_src comp="116" pin="0"/><net_sink comp="638" pin=0"/></net>

<net id="647"><net_src comp="638" pin="3"/><net_sink comp="644" pin=0"/></net>

<net id="648"><net_src comp="644" pin="1"/><net_sink comp="338" pin=2"/></net>

<net id="654"><net_src comp="116" pin="0"/><net_sink comp="649" pin=0"/></net>

<net id="658"><net_src comp="649" pin="3"/><net_sink comp="655" pin=0"/></net>

<net id="659"><net_src comp="655" pin="1"/><net_sink comp="355" pin=2"/></net>

<net id="664"><net_src comp="417" pin="1"/><net_sink comp="660" pin=0"/></net>

<net id="665"><net_src comp="401" pin="1"/><net_sink comp="660" pin=1"/></net>

<net id="670"><net_src comp="451" pin="1"/><net_sink comp="666" pin=0"/></net>

<net id="671"><net_src comp="433" pin="1"/><net_sink comp="666" pin=1"/></net>

<net id="676"><net_src comp="485" pin="1"/><net_sink comp="672" pin=0"/></net>

<net id="677"><net_src comp="469" pin="1"/><net_sink comp="672" pin=1"/></net>

<net id="682"><net_src comp="519" pin="1"/><net_sink comp="678" pin=0"/></net>

<net id="683"><net_src comp="501" pin="1"/><net_sink comp="678" pin=1"/></net>

<net id="689"><net_src comp="549" pin="1"/><net_sink comp="684" pin=0"/></net>

<net id="690"><net_src comp="537" pin="1"/><net_sink comp="684" pin=1"/></net>

<net id="691"><net_src comp="660" pin="2"/><net_sink comp="684" pin=2"/></net>

<net id="692"><net_src comp="684" pin="3"/><net_sink comp="628" pin=1"/></net>

<net id="698"><net_src comp="574" pin="1"/><net_sink comp="693" pin=0"/></net>

<net id="699"><net_src comp="561" pin="1"/><net_sink comp="693" pin=1"/></net>

<net id="700"><net_src comp="666" pin="2"/><net_sink comp="693" pin=2"/></net>

<net id="701"><net_src comp="693" pin="3"/><net_sink comp="633" pin=1"/></net>

<net id="707"><net_src comp="599" pin="1"/><net_sink comp="702" pin=0"/></net>

<net id="708"><net_src comp="587" pin="1"/><net_sink comp="702" pin=1"/></net>

<net id="709"><net_src comp="672" pin="2"/><net_sink comp="702" pin=2"/></net>

<net id="710"><net_src comp="702" pin="3"/><net_sink comp="628" pin=0"/></net>

<net id="716"><net_src comp="624" pin="1"/><net_sink comp="711" pin=0"/></net>

<net id="717"><net_src comp="611" pin="1"/><net_sink comp="711" pin=1"/></net>

<net id="718"><net_src comp="678" pin="2"/><net_sink comp="711" pin=2"/></net>

<net id="719"><net_src comp="711" pin="3"/><net_sink comp="633" pin=0"/></net>

<net id="723"><net_src comp="118" pin="1"/><net_sink comp="720" pin=0"/></net>

<net id="724"><net_src comp="720" pin="1"/><net_sink comp="363" pin=1"/></net>

<net id="725"><net_src comp="720" pin="1"/><net_sink comp="368" pin=0"/></net>

<net id="726"><net_src comp="720" pin="1"/><net_sink comp="523" pin=1"/></net>

<net id="730"><net_src comp="122" pin="2"/><net_sink comp="727" pin=0"/></net>

<net id="731"><net_src comp="727" pin="1"/><net_sink comp="638" pin=1"/></net>

<net id="732"><net_src comp="727" pin="1"/><net_sink comp="649" pin=2"/></net>

<net id="736"><net_src comp="128" pin="2"/><net_sink comp="733" pin=0"/></net>

<net id="740"><net_src comp="134" pin="2"/><net_sink comp="737" pin=0"/></net>

<net id="741"><net_src comp="737" pin="1"/><net_sink comp="615" pin=4"/></net>

<net id="745"><net_src comp="140" pin="2"/><net_sink comp="742" pin=0"/></net>

<net id="746"><net_src comp="742" pin="1"/><net_sink comp="591" pin=3"/></net>

<net id="747"><net_src comp="742" pin="1"/><net_sink comp="615" pin=3"/></net>

<net id="751"><net_src comp="146" pin="2"/><net_sink comp="748" pin=0"/></net>

<net id="752"><net_src comp="748" pin="1"/><net_sink comp="591" pin=2"/></net>

<net id="753"><net_src comp="748" pin="1"/><net_sink comp="615" pin=2"/></net>

<net id="757"><net_src comp="152" pin="2"/><net_sink comp="754" pin=0"/></net>

<net id="758"><net_src comp="754" pin="1"/><net_sink comp="591" pin=1"/></net>

<net id="759"><net_src comp="754" pin="1"/><net_sink comp="615" pin=1"/></net>

<net id="763"><net_src comp="158" pin="2"/><net_sink comp="760" pin=0"/></net>

<net id="764"><net_src comp="760" pin="1"/><net_sink comp="578" pin=4"/></net>

<net id="768"><net_src comp="164" pin="2"/><net_sink comp="765" pin=0"/></net>

<net id="769"><net_src comp="765" pin="1"/><net_sink comp="578" pin=3"/></net>

<net id="770"><net_src comp="765" pin="1"/><net_sink comp="603" pin=3"/></net>

<net id="774"><net_src comp="170" pin="2"/><net_sink comp="771" pin=0"/></net>

<net id="775"><net_src comp="771" pin="1"/><net_sink comp="578" pin=2"/></net>

<net id="776"><net_src comp="771" pin="1"/><net_sink comp="603" pin=2"/></net>

<net id="780"><net_src comp="176" pin="2"/><net_sink comp="777" pin=0"/></net>

<net id="781"><net_src comp="777" pin="1"/><net_sink comp="578" pin=1"/></net>

<net id="782"><net_src comp="777" pin="1"/><net_sink comp="603" pin=1"/></net>

<net id="786"><net_src comp="278" pin="2"/><net_sink comp="783" pin=0"/></net>

<net id="787"><net_src comp="783" pin="1"/><net_sink comp="565" pin=4"/></net>

<net id="791"><net_src comp="284" pin="2"/><net_sink comp="788" pin=0"/></net>

<net id="792"><net_src comp="788" pin="1"/><net_sink comp="541" pin=3"/></net>

<net id="793"><net_src comp="788" pin="1"/><net_sink comp="565" pin=3"/></net>

<net id="797"><net_src comp="290" pin="2"/><net_sink comp="794" pin=0"/></net>

<net id="798"><net_src comp="794" pin="1"/><net_sink comp="541" pin=2"/></net>

<net id="799"><net_src comp="794" pin="1"/><net_sink comp="565" pin=2"/></net>

<net id="803"><net_src comp="296" pin="2"/><net_sink comp="800" pin=0"/></net>

<net id="804"><net_src comp="800" pin="1"/><net_sink comp="541" pin=1"/></net>

<net id="805"><net_src comp="800" pin="1"/><net_sink comp="565" pin=1"/></net>

<net id="809"><net_src comp="302" pin="2"/><net_sink comp="806" pin=0"/></net>

<net id="810"><net_src comp="806" pin="1"/><net_sink comp="528" pin=5"/></net>

<net id="811"><net_src comp="806" pin="1"/><net_sink comp="565" pin=5"/></net>

<net id="812"><net_src comp="806" pin="1"/><net_sink comp="578" pin=5"/></net>

<net id="813"><net_src comp="806" pin="1"/><net_sink comp="615" pin=5"/></net>

<net id="817"><net_src comp="308" pin="2"/><net_sink comp="814" pin=0"/></net>

<net id="818"><net_src comp="814" pin="1"/><net_sink comp="528" pin=4"/></net>

<net id="822"><net_src comp="314" pin="2"/><net_sink comp="819" pin=0"/></net>

<net id="823"><net_src comp="819" pin="1"/><net_sink comp="528" pin=3"/></net>

<net id="824"><net_src comp="819" pin="1"/><net_sink comp="553" pin=3"/></net>

<net id="828"><net_src comp="320" pin="2"/><net_sink comp="825" pin=0"/></net>

<net id="829"><net_src comp="825" pin="1"/><net_sink comp="528" pin=2"/></net>

<net id="830"><net_src comp="825" pin="1"/><net_sink comp="553" pin=2"/></net>

<net id="834"><net_src comp="326" pin="2"/><net_sink comp="831" pin=0"/></net>

<net id="835"><net_src comp="831" pin="1"/><net_sink comp="528" pin=1"/></net>

<net id="836"><net_src comp="831" pin="1"/><net_sink comp="553" pin=1"/></net>

<net id="840"><net_src comp="368" pin="1"/><net_sink comp="837" pin=0"/></net>

<net id="841"><net_src comp="837" pin="1"/><net_sink comp="541" pin=4"/></net>

<net id="842"><net_src comp="837" pin="1"/><net_sink comp="553" pin=4"/></net>

<net id="843"><net_src comp="837" pin="1"/><net_sink comp="591" pin=4"/></net>

<net id="844"><net_src comp="837" pin="1"/><net_sink comp="603" pin=4"/></net>

<net id="845"><net_src comp="837" pin="1"/><net_sink comp="638" pin=2"/></net>

<net id="846"><net_src comp="837" pin="1"/><net_sink comp="649" pin=1"/></net>

<net id="850"><net_src comp="375" pin="2"/><net_sink comp="847" pin=0"/></net>

<net id="854"><net_src comp="401" pin="1"/><net_sink comp="851" pin=0"/></net>

<net id="855"><net_src comp="851" pin="1"/><net_sink comp="660" pin=1"/></net>

<net id="859"><net_src comp="417" pin="1"/><net_sink comp="856" pin=0"/></net>

<net id="860"><net_src comp="856" pin="1"/><net_sink comp="660" pin=0"/></net>

<net id="864"><net_src comp="433" pin="1"/><net_sink comp="861" pin=0"/></net>

<net id="865"><net_src comp="861" pin="1"/><net_sink comp="666" pin=1"/></net>

<net id="869"><net_src comp="451" pin="1"/><net_sink comp="866" pin=0"/></net>

<net id="870"><net_src comp="866" pin="1"/><net_sink comp="666" pin=0"/></net>

<net id="874"><net_src comp="469" pin="1"/><net_sink comp="871" pin=0"/></net>

<net id="875"><net_src comp="871" pin="1"/><net_sink comp="672" pin=1"/></net>

<net id="879"><net_src comp="485" pin="1"/><net_sink comp="876" pin=0"/></net>

<net id="880"><net_src comp="876" pin="1"/><net_sink comp="672" pin=0"/></net>

<net id="884"><net_src comp="501" pin="1"/><net_sink comp="881" pin=0"/></net>

<net id="885"><net_src comp="881" pin="1"/><net_sink comp="678" pin=1"/></net>

<net id="889"><net_src comp="519" pin="1"/><net_sink comp="886" pin=0"/></net>

<net id="890"><net_src comp="886" pin="1"/><net_sink comp="678" pin=0"/></net>

<net id="894"><net_src comp="537" pin="1"/><net_sink comp="891" pin=0"/></net>

<net id="895"><net_src comp="891" pin="1"/><net_sink comp="684" pin=1"/></net>

<net id="899"><net_src comp="549" pin="1"/><net_sink comp="896" pin=0"/></net>

<net id="900"><net_src comp="896" pin="1"/><net_sink comp="684" pin=0"/></net>

<net id="904"><net_src comp="561" pin="1"/><net_sink comp="901" pin=0"/></net>

<net id="905"><net_src comp="901" pin="1"/><net_sink comp="693" pin=1"/></net>

<net id="909"><net_src comp="574" pin="1"/><net_sink comp="906" pin=0"/></net>

<net id="910"><net_src comp="906" pin="1"/><net_sink comp="693" pin=0"/></net>

<net id="914"><net_src comp="587" pin="1"/><net_sink comp="911" pin=0"/></net>

<net id="915"><net_src comp="911" pin="1"/><net_sink comp="702" pin=1"/></net>

<net id="919"><net_src comp="599" pin="1"/><net_sink comp="916" pin=0"/></net>

<net id="920"><net_src comp="916" pin="1"/><net_sink comp="702" pin=0"/></net>

<net id="924"><net_src comp="611" pin="1"/><net_sink comp="921" pin=0"/></net>

<net id="925"><net_src comp="921" pin="1"/><net_sink comp="711" pin=1"/></net>

<net id="929"><net_src comp="624" pin="1"/><net_sink comp="926" pin=0"/></net>

<net id="930"><net_src comp="926" pin="1"/><net_sink comp="711" pin=0"/></net>

<net id="934"><net_src comp="660" pin="2"/><net_sink comp="931" pin=0"/></net>

<net id="935"><net_src comp="931" pin="1"/><net_sink comp="684" pin=0"/></net>

<net id="939"><net_src comp="666" pin="2"/><net_sink comp="936" pin=0"/></net>

<net id="940"><net_src comp="936" pin="1"/><net_sink comp="693" pin=0"/></net>

<net id="944"><net_src comp="672" pin="2"/><net_sink comp="941" pin=0"/></net>

<net id="945"><net_src comp="941" pin="1"/><net_sink comp="702" pin=0"/></net>

<net id="949"><net_src comp="678" pin="2"/><net_sink comp="946" pin=0"/></net>

<net id="950"><net_src comp="946" pin="1"/><net_sink comp="711" pin=0"/></net>

</net_list>

</model> 
---------------- Datapath Model END ------------------

* FSMD analyzer results:
  - Output states:
	Port: buffer_2 | {5 }
 - Input state : 
	Port: compute_Pipeline_VITIS_LOOP_79_2 : i | {1 }
	Port: compute_Pipeline_VITIS_LOOP_79_2 : REG_V_32_reload | {1 }
	Port: compute_Pipeline_VITIS_LOOP_79_2 : REG_V_40_reload | {1 }
	Port: compute_Pipeline_VITIS_LOOP_79_2 : REG_V_48_reload | {1 }
	Port: compute_Pipeline_VITIS_LOOP_79_2 : REG_V_56_reload | {1 }
	Port: compute_Pipeline_VITIS_LOOP_79_2 : indvars_iv1 | {1 }
	Port: compute_Pipeline_VITIS_LOOP_79_2 : REG_V_36_reload | {1 }
	Port: compute_Pipeline_VITIS_LOOP_79_2 : REG_V_44_reload | {1 }
	Port: compute_Pipeline_VITIS_LOOP_79_2 : REG_V_52_reload | {1 }
	Port: compute_Pipeline_VITIS_LOOP_79_2 : REG_V_60_reload | {1 }
	Port: compute_Pipeline_VITIS_LOOP_79_2 : REG_V_33_reload | {1 }
	Port: compute_Pipeline_VITIS_LOOP_79_2 : REG_V_41_reload | {1 }
	Port: compute_Pipeline_VITIS_LOOP_79_2 : REG_V_49_reload | {1 }
	Port: compute_Pipeline_VITIS_LOOP_79_2 : REG_V_57_reload | {1 }
	Port: compute_Pipeline_VITIS_LOOP_79_2 : REG_V_37_reload | {1 }
	Port: compute_Pipeline_VITIS_LOOP_79_2 : REG_V_45_reload | {1 }
	Port: compute_Pipeline_VITIS_LOOP_79_2 : REG_V_53_reload | {1 }
	Port: compute_Pipeline_VITIS_LOOP_79_2 : REG_V_61_reload | {1 }
	Port: compute_Pipeline_VITIS_LOOP_79_2 : REG_V_34_reload | {1 }
	Port: compute_Pipeline_VITIS_LOOP_79_2 : REG_V_42_reload | {1 }
	Port: compute_Pipeline_VITIS_LOOP_79_2 : REG_V_50_reload | {1 }
	Port: compute_Pipeline_VITIS_LOOP_79_2 : REG_V_58_reload | {1 }
	Port: compute_Pipeline_VITIS_LOOP_79_2 : REG_V_38_reload | {1 }
	Port: compute_Pipeline_VITIS_LOOP_79_2 : REG_V_46_reload | {1 }
	Port: compute_Pipeline_VITIS_LOOP_79_2 : REG_V_54_reload | {1 }
	Port: compute_Pipeline_VITIS_LOOP_79_2 : REG_V_62_reload | {1 }
	Port: compute_Pipeline_VITIS_LOOP_79_2 : REG_V_35_reload | {1 }
	Port: compute_Pipeline_VITIS_LOOP_79_2 : REG_V_43_reload | {1 }
	Port: compute_Pipeline_VITIS_LOOP_79_2 : REG_V_51_reload | {1 }
	Port: compute_Pipeline_VITIS_LOOP_79_2 : REG_V_59_reload | {1 }
	Port: compute_Pipeline_VITIS_LOOP_79_2 : REG_V_39_reload | {1 }
	Port: compute_Pipeline_VITIS_LOOP_79_2 : REG_V_47_reload | {1 }
	Port: compute_Pipeline_VITIS_LOOP_79_2 : REG_V_55_reload | {1 }
	Port: compute_Pipeline_VITIS_LOOP_79_2 : REG_V_63_reload | {1 }
	Port: compute_Pipeline_VITIS_LOOP_79_2 : phase | {1 }
	Port: compute_Pipeline_VITIS_LOOP_79_2 : i_cast | {1 }
	Port: compute_Pipeline_VITIS_LOOP_79_2 : buffer_2 | {}
  - Chain level:
	State 1
		store_ln0 : 1
		com_1 : 1
		com_cast : 2
		icmp_ln79 : 3
		add_ln79 : 2
		br_ln79 : 4
		zext_ln186_4 : 1
		tmp_8_1 : 2
		zext_ln186_5 : 3
		mul_ln1494_2 : 4
		tmp_9_1 : 2
		zext_ln186_6 : 3
		zext_ln186_7 : 1
		mul_ln1494_3 : 4
		zext_ln186_8 : 1
		tmp_8_2 : 2
		zext_ln186_9 : 3
		mul_ln1494_4 : 4
		tmp_9_2 : 2
		zext_ln186_10 : 3
		zext_ln186_11 : 1
		mul_ln1494_5 : 4
		store_ln79 : 3
	State 2
		zext_ln186 : 1
		zext_ln186_1 : 1
		mul_ln1494 : 2
		zext_ln186_2 : 1
		zext_ln186_3 : 1
		mul_ln1494_1 : 2
		zext_ln186_12 : 1
		zext_ln186_13 : 1
		mul_ln1494_6 : 2
		zext_ln186_14 : 1
		zext_ln186_15 : 1
		mul_ln1494_7 : 2
	State 3
	State 4
		add_ln87 : 1
		add_ln87_1 : 1
		add_ln88 : 1
		add_ln88_1 : 1
	State 5
		add_ln87_2 : 1
		add_ln88_2 : 1
		zext_ln87 : 1
		buffer_2_addr : 2
		store_ln87 : 3
		zext_ln88 : 1
		buffer_2_addr_1 : 2
		store_ln88 : 3


============================================================
+ Verbose Summary: Datapath Resource usage 
============================================================

* Functional unit list:
|----------|----------------------------------|---------|---------|---------|
| Operation|          Functional Unit         |   DSP   |    FF   |   LUT   |
|----------|----------------------------------|---------|---------|---------|
|          |          tmp_4_1_fu_387          |    0    |    0    |    20   |
|          |          tmp_8_1_fu_405          |    0    |    0    |    14   |
|          |          tmp_9_1_fu_421          |    0    |    0    |    14   |
|          |          tmp_10_1_fu_437         |    0    |    0    |    20   |
|          |          tmp_4_2_fu_455          |    0    |    0    |    20   |
|          |          tmp_8_2_fu_473          |    0    |    0    |    14   |
|          |          tmp_9_2_fu_489          |    0    |    0    |    14   |
|    mux   |          tmp_10_2_fu_505         |    0    |    0    |    20   |
|          |           tmp_4_fu_528           |    0    |    0    |    20   |
|          |           tmp_8_fu_541           |    0    |    0    |    14   |
|          |           tmp_9_fu_553           |    0    |    0    |    14   |
|          |           tmp_s_fu_565           |    0    |    0    |    20   |
|          |          tmp_4_3_fu_578          |    0    |    0    |    20   |
|          |          tmp_8_3_fu_591          |    0    |    0    |    14   |
|          |          tmp_9_3_fu_603          |    0    |    0    |    14   |
|          |          tmp_10_3_fu_615         |    0    |    0    |    20   |
|----------|----------------------------------|---------|---------|---------|
|          |          add_ln79_fu_381         |    0    |    0    |    9    |
|    add   |         add_ln87_2_fu_628        |    0    |    0    |    39   |
|          |         add_ln88_2_fu_633        |    0    |    0    |    39   |
|----------|----------------------------------|---------|---------|---------|
|   icmp   |         icmp_ln79_fu_375         |    0    |    0    |    8    |
|----------|----------------------------------|---------|---------|---------|
|          |            grp_fu_660            |    1    |    0    |    0    |
|    mul   |            grp_fu_666            |    1    |    0    |    0    |
|          |            grp_fu_672            |    1    |    0    |    0    |
|          |            grp_fu_678            |    1    |    0    |    0    |
|----------|----------------------------------|---------|---------|---------|
|          |            grp_fu_684            |    1    |    0    |    0    |
|  muladd  |            grp_fu_693            |    1    |    0    |    0    |
|          |            grp_fu_702            |    1    |    0    |    0    |
|          |            grp_fu_711            |    1    |    0    |    0    |
|----------|----------------------------------|---------|---------|---------|
|          |      i_cast_read_read_fu_122     |    0    |    0    |    0    |
|          |      phase_read_read_fu_128      |    0    |    0    |    0    |
|          | REG_V_63_reload_read_read_fu_134 |    0    |    0    |    0    |
|          | REG_V_55_reload_read_read_fu_140 |    0    |    0    |    0    |
|          | REG_V_47_reload_read_read_fu_146 |    0    |    0    |    0    |
|          | REG_V_39_reload_read_read_fu_152 |    0    |    0    |    0    |
|          | REG_V_59_reload_read_read_fu_158 |    0    |    0    |    0    |
|          | REG_V_51_reload_read_read_fu_164 |    0    |    0    |    0    |
|          | REG_V_43_reload_read_read_fu_170 |    0    |    0    |    0    |
|          | REG_V_35_reload_read_read_fu_176 |    0    |    0    |    0    |
|          | REG_V_62_reload_read_read_fu_182 |    0    |    0    |    0    |
|          | REG_V_54_reload_read_read_fu_188 |    0    |    0    |    0    |
|          | REG_V_46_reload_read_read_fu_194 |    0    |    0    |    0    |
|          | REG_V_38_reload_read_read_fu_200 |    0    |    0    |    0    |
|          | REG_V_58_reload_read_read_fu_206 |    0    |    0    |    0    |
|          | REG_V_50_reload_read_read_fu_212 |    0    |    0    |    0    |
|          | REG_V_42_reload_read_read_fu_218 |    0    |    0    |    0    |
|   read   | REG_V_34_reload_read_read_fu_224 |    0    |    0    |    0    |
|          | REG_V_61_reload_read_read_fu_230 |    0    |    0    |    0    |
|          | REG_V_53_reload_read_read_fu_236 |    0    |    0    |    0    |
|          | REG_V_45_reload_read_read_fu_242 |    0    |    0    |    0    |
|          | REG_V_37_reload_read_read_fu_248 |    0    |    0    |    0    |
|          | REG_V_57_reload_read_read_fu_254 |    0    |    0    |    0    |
|          | REG_V_49_reload_read_read_fu_260 |    0    |    0    |    0    |
|          | REG_V_41_reload_read_read_fu_266 |    0    |    0    |    0    |
|          | REG_V_33_reload_read_read_fu_272 |    0    |    0    |    0    |
|          | REG_V_60_reload_read_read_fu_278 |    0    |    0    |    0    |
|          | REG_V_52_reload_read_read_fu_284 |    0    |    0    |    0    |
|          | REG_V_44_reload_read_read_fu_290 |    0    |    0    |    0    |
|          | REG_V_36_reload_read_read_fu_296 |    0    |    0    |    0    |
|          |   indvars_iv1_read_read_fu_302   |    0    |    0    |    0    |
|          | REG_V_56_reload_read_read_fu_308 |    0    |    0    |    0    |
|          | REG_V_48_reload_read_read_fu_314 |    0    |    0    |    0    |
|          | REG_V_40_reload_read_read_fu_320 |    0    |    0    |    0    |
|          | REG_V_32_reload_read_read_fu_326 |    0    |    0    |    0    |
|          |        i_read_read_fu_332        |    0    |    0    |    0    |
|----------|----------------------------------|---------|---------|---------|
|          |          com_cast_fu_371         |    0    |    0    |    0    |
|          |        zext_ln186_4_fu_401       |    0    |    0    |    0    |
|          |        zext_ln186_5_fu_417       |    0    |    0    |    0    |
|          |        zext_ln186_6_fu_433       |    0    |    0    |    0    |
|          |        zext_ln186_7_fu_451       |    0    |    0    |    0    |
|          |        zext_ln186_8_fu_469       |    0    |    0    |    0    |
|          |        zext_ln186_9_fu_485       |    0    |    0    |    0    |
|          |       zext_ln186_10_fu_501       |    0    |    0    |    0    |
|          |       zext_ln186_11_fu_519       |    0    |    0    |    0    |
|   zext   |         zext_ln186_fu_537        |    0    |    0    |    0    |
|          |        zext_ln186_1_fu_549       |    0    |    0    |    0    |
|          |        zext_ln186_2_fu_561       |    0    |    0    |    0    |
|          |        zext_ln186_3_fu_574       |    0    |    0    |    0    |
|          |       zext_ln186_12_fu_587       |    0    |    0    |    0    |
|          |       zext_ln186_13_fu_599       |    0    |    0    |    0    |
|          |       zext_ln186_14_fu_611       |    0    |    0    |    0    |
|          |       zext_ln186_15_fu_624       |    0    |    0    |    0    |
|          |         zext_ln87_fu_644         |    0    |    0    |    0    |
|          |         zext_ln88_fu_655         |    0    |    0    |    0    |
|----------|----------------------------------|---------|---------|---------|
|bitconcatenate|         add_ln87_3_fu_638        |    0    |    0    |    0    |
|          |         add_ln88_3_fu_649        |    0    |    0    |    0    |
|----------|----------------------------------|---------|---------|---------|
|   Total  |                                  |    8    |    0    |   367   |
|----------|----------------------------------|---------|---------|---------|

Memories:
N/A

* Register list:
+----------------------------+--------+
|                            |   FF   |
+----------------------------+--------+
|REG_V_32_reload_read_reg_831|   16   |
|REG_V_35_reload_read_reg_777|   16   |
|REG_V_36_reload_read_reg_800|   16   |
|REG_V_39_reload_read_reg_754|   16   |
|REG_V_40_reload_read_reg_825|   16   |
|REG_V_43_reload_read_reg_771|   16   |
|REG_V_44_reload_read_reg_794|   16   |
|REG_V_47_reload_read_reg_748|   16   |
|REG_V_48_reload_read_reg_819|   16   |
|REG_V_51_reload_read_reg_765|   16   |
|REG_V_52_reload_read_reg_788|   16   |
|REG_V_55_reload_read_reg_742|   16   |
|REG_V_56_reload_read_reg_814|   16   |
|REG_V_59_reload_read_reg_760|   16   |
|REG_V_60_reload_read_reg_783|   16   |
|REG_V_63_reload_read_reg_737|   16   |
|        com_1_reg_837       |    2   |
|         com_reg_720        |    2   |
|     i_cast_read_reg_727    |    2   |
|      icmp_ln79_reg_847     |    1   |
|  indvars_iv1_read_reg_806  |    2   |
|    mul_ln1494_2_reg_931    |   32   |
|    mul_ln1494_3_reg_936    |   32   |
|    mul_ln1494_4_reg_941    |   32   |
|    mul_ln1494_5_reg_946    |   32   |
|     phase_read_reg_733     |    1   |
|    zext_ln186_10_reg_881   |   32   |
|    zext_ln186_11_reg_886   |   32   |
|    zext_ln186_12_reg_911   |   32   |
|    zext_ln186_13_reg_916   |   32   |
|    zext_ln186_14_reg_921   |   32   |
|    zext_ln186_15_reg_926   |   32   |
|    zext_ln186_1_reg_896    |   32   |
|    zext_ln186_2_reg_901    |   32   |
|    zext_ln186_3_reg_906    |   32   |
|    zext_ln186_4_reg_851    |   32   |
|    zext_ln186_5_reg_856    |   32   |
|    zext_ln186_6_reg_861    |   32   |
|    zext_ln186_7_reg_866    |   32   |
|    zext_ln186_8_reg_871    |   32   |
|    zext_ln186_9_reg_876    |   32   |
|     zext_ln186_reg_891     |   32   |
+----------------------------+--------+
|            Total           |   906  |
+----------------------------+--------+

* Multiplexer (MUX) list: 
|------------|------|------|------|--------||---------||---------|
|    Comp    |  Pin | Size |  BW  | S x BW ||  Delay  ||   LUT   |
|------------|------|------|------|--------||---------||---------|
| grp_fu_660 |  p0  |   2  |  16  |   32   ||    9    |
| grp_fu_660 |  p1  |   2  |  16  |   32   ||    9    |
| grp_fu_666 |  p0  |   2  |  16  |   32   ||    9    |
| grp_fu_666 |  p1  |   2  |  16  |   32   ||    9    |
| grp_fu_672 |  p0  |   2  |  16  |   32   ||    9    |
| grp_fu_672 |  p1  |   2  |  16  |   32   ||    9    |
| grp_fu_678 |  p0  |   2  |  16  |   32   ||    9    |
| grp_fu_678 |  p1  |   2  |  16  |   32   ||    9    |
| grp_fu_684 |  p0  |   3  |  16  |   48   ||    14   |
| grp_fu_684 |  p1  |   2  |  16  |   32   ||    9    |
| grp_fu_693 |  p0  |   3  |  16  |   48   ||    14   |
| grp_fu_693 |  p1  |   2  |  16  |   32   ||    9    |
| grp_fu_702 |  p0  |   3  |  16  |   48   ||    14   |
| grp_fu_702 |  p1  |   2  |  16  |   32   ||    9    |
| grp_fu_711 |  p0  |   3  |  16  |   48   ||    14   |
| grp_fu_711 |  p1  |   2  |  16  |   32   ||    9    |
|------------|------|------|------|--------||---------||---------|
|    Total   |      |      |      |   576  ||  7.028  ||   164   |
|------------|------|------|------|--------||---------||---------|



* Summary:
+-----------+--------+--------+--------+--------+
|           |   DSP  |  Delay |   FF   |   LUT  |
+-----------+--------+--------+--------+--------+
|  Function |    8   |    -   |    0   |   367  |
|   Memory  |    -   |    -   |    -   |    -   |
|Multiplexer|    -   |    7   |    -   |   164  |
|  Register |    -   |    -   |   906  |    -   |
+-----------+--------+--------+--------+--------+
|   Total   |    8   |    7   |   906  |   531  |
+-----------+--------+--------+--------+--------+
