

================================================================
== Vitis HLS Report for 'compute'
================================================================
* Date:           Thu Sep 10 14:52:42 2026

* Version:        2022.2 (Build 3670227 on Oct 13 2022)
* Project:        Compute_block
* Solution:       solution1 (Vivado IP Flow Target)
* Product family: zynquplus
* Target device:  xczu7ev-ffvc1156-2-e


================================================================
== Performance Estimates
================================================================
+ Timing: 
    * Summary: 
    +--------+----------+----------+------------+
    |  Clock |  Target  | Estimated| Uncertainty|
    +--------+----------+----------+------------+
    |ap_clk  |  10.00 ns|  2.338 ns|     2.70 ns|
    +--------+----------+----------+------------+

+ Latency: 
    * Summary: 
    +---------+---------+----------+----------+-----+-----+---------+
    |  Latency (cycles) |  Latency (absolute) |  Interval | Pipeline|
    |   min   |   max   |    min   |    max   | min | max |   Type  |
    +---------+---------+----------+----------+-----+-----+---------+
    |       65|       89|  0.650 us|  0.890 us|   66|   90|       no|
    +---------+---------+----------+----------+-----+-----+---------+

    + Detail: 
        * Instance: 
        +---------------------------------------------+----------------------------------+---------+---------+-----------+-----------+-----+-----+---------+
        |                                             |                                  |  Latency (cycles) |   Latency (absolute)  |  Interval | Pipeline|
        |                   Instance                  |              Module              |   min   |   max   |    min    |    max    | min | max |   Type  |
        +---------------------------------------------+----------------------------------+---------+---------+-----------+-----------+-----+-----+---------+
        |grp_compute_Pipeline_VITIS_LOOP_60_1_fu_359  |compute_Pipeline_VITIS_LOOP_60_1  |        9|        9|  90.000 ns|  90.000 ns|    9|    9|       no|
        |grp_compute_Pipeline_VITIS_LOOP_79_2_fu_435  |compute_Pipeline_VITIS_LOOP_79_2  |        2|        8|  20.000 ns|  80.000 ns|    2|    8|       no|
        +---------------------------------------------+----------------------------------+---------+---------+-----------+-----------+-----+-----+---------+

        * Loop: 
        +-----------------------+---------+---------+----------+-----------+-----------+------+----------+
        |                       |  Latency (cycles) | Iteration|  Initiation Interval  | Trip |          |
        |       Loop Name       |   min   |   max   |  Latency |  achieved |   target  | Count| Pipelined|
        +-----------------------+---------+---------+----------+-----------+-----------+------+----------+
        |- read_and_write_back  |       64|       88|   16 ~ 22|          -|          -|     4|        no|
        +-----------------------+---------+---------+----------+-----------+-----------+------+----------+



================================================================
== Utilization Estimates
================================================================
* Summary: 
+-----------------+---------+------+--------+--------+-----+
|       Name      | BRAM_18K|  DSP |   FF   |   LUT  | URAM|
+-----------------+---------+------+--------+--------+-----+
|DSP              |        -|     -|       -|       -|    -|
|Expression       |        -|     -|       0|      28|    -|
|FIFO             |        -|     -|       -|       -|    -|
|Instance         |        -|    10|     735|    1404|    -|
|Memory           |        -|     -|       -|       -|    -|
|Multiplexer      |        -|     -|       -|     165|    -|
|Register         |        -|     -|     567|       -|    -|
+-----------------+---------+------+--------+--------+-----+
|Total            |        0|    10|    1302|    1597|    0|
+-----------------+---------+------+--------+--------+-----+
|Available        |      624|  1728|  460800|  230400|   96|
+-----------------+---------+------+--------+--------+-----+
|Utilization (%)  |        0|    ~0|      ~0|      ~0|    0|
+-----------------+---------+------+--------+--------+-----+

+ Detail: 
    * Instance: 
    +---------------------------------------------+----------------------------------+---------+----+-----+-----+-----+
    |                   Instance                  |              Module              | BRAM_18K| DSP|  FF | LUT | URAM|
    +---------------------------------------------+----------------------------------+---------+----+-----+-----+-----+
    |grp_compute_Pipeline_VITIS_LOOP_60_1_fu_359  |compute_Pipeline_VITIS_LOOP_60_1  |        0|   2|  658|  967|    0|
    |grp_compute_Pipeline_VITIS_LOOP_79_2_fu_435  |compute_Pipeline_VITIS_LOOP_79_2  |        0|   8|   77|  437|    0|
    +---------------------------------------------+----------------------------------+---------+----+-----+-----+-----+
    |Total                                        |                                  |        0|  10|  735| 1404|    0|
    +---------------------------------------------+----------------------------------+---------+----+-----+-----+-----+

    * DSP: 
    N/A

    * Memory: 
    N/A

    * FIFO: 
    N/A

    * Expression: 
    +----------------------+----------+----+---+----+------------+------------+
    |     Variable Name    | Operation| DSP| FF| LUT| Bitwidth P0| Bitwidth P1|
    +----------------------+----------+----+---+----+------------+------------+
    |add_ln58_1_fu_512_p2  |         +|   0|  0|   9|           2|           1|
    |add_ln58_fu_762_p2    |         +|   0|  0|  10|           3|           1|
    |icmp_ln58_fu_506_p2   |      icmp|   0|  0|   9|           3|           4|
    +----------------------+----------+----+---+----+------------+------------+
    |Total                 |          |   0|  0|  28|           8|           6|
    +----------------------+----------+----+---+----+------------+------------+

    * Multiplexer: 
    +--------------------------+----+-----------+-----+-----------+
    |           Name           | LUT| Input Size| Bits| Total Bits|
    +--------------------------+----+-----------+-----+-----------+
    |ap_NS_fsm                 |  37|          7|    1|          7|
    |ap_sig_allocacmp_dummy_1  |   9|          2|    1|          2|
    |buffer_2_address0         |  14|          3|    4|         12|
    |buffer_2_ce0              |  14|          3|    1|          3|
    |buffer_2_ce1              |   9|          2|    1|          2|
    |buffer_2_d0               |  14|          3|   32|         96|
    |buffer_2_we0              |  14|          3|    1|          3|
    |buffer_2_we1              |   9|          2|    1|          2|
    |dummy_fu_336              |   9|          2|    1|          2|
    |fwd_out1_write            |   9|          2|    1|          2|
    |fwd_out2_write            |   9|          2|    1|          2|
    |i_fu_68                   |   9|          2|    3|          6|
    |indvars_iv1_fu_200        |   9|          2|    2|          4|
    +--------------------------+----+-----------+-----+-----------+
    |Total                     | 165|         35|   50|        143|
    +--------------------------+----+-----------+-----+-----------+

    * Register: 
    +----------------------------------------------------------+----+----+-----+-----------+
    |                           Name                           | FF | LUT| Bits| Const Bits|
    +----------------------------------------------------------+----+----+-----+-----------+
    |REG_V_10_fu_112                                           |  16|   0|   16|          0|
    |REG_V_11_fu_116                                           |  16|   0|   16|          0|
    |REG_V_12_fu_120                                           |  16|   0|   16|          0|
    |REG_V_13_fu_124                                           |  16|   0|   16|          0|
    |REG_V_14_fu_128                                           |  16|   0|   16|          0|
    |REG_V_15_fu_132                                           |  16|   0|   16|          0|
    |REG_V_16_fu_136                                           |  16|   0|   16|          0|
    |REG_V_17_fu_140                                           |  16|   0|   16|          0|
    |REG_V_18_fu_144                                           |  16|   0|   16|          0|
    |REG_V_19_fu_148                                           |  16|   0|   16|          0|
    |REG_V_1_fu_76                                             |  16|   0|   16|          0|
    |REG_V_20_fu_152                                           |  16|   0|   16|          0|
    |REG_V_21_fu_156                                           |  16|   0|   16|          0|
    |REG_V_22_fu_160                                           |  16|   0|   16|          0|
    |REG_V_23_fu_164                                           |  16|   0|   16|          0|
    |REG_V_24_fu_168                                           |  16|   0|   16|          0|
    |REG_V_25_fu_172                                           |  16|   0|   16|          0|
    |REG_V_26_fu_176                                           |  16|   0|   16|          0|
    |REG_V_27_fu_180                                           |  16|   0|   16|          0|
    |REG_V_28_fu_184                                           |  16|   0|   16|          0|
    |REG_V_29_fu_188                                           |  16|   0|   16|          0|
    |REG_V_2_fu_80                                             |  16|   0|   16|          0|
    |REG_V_30_fu_192                                           |  16|   0|   16|          0|
    |REG_V_31_fu_196                                           |  16|   0|   16|          0|
    |REG_V_3_fu_84                                             |  16|   0|   16|          0|
    |REG_V_4_fu_88                                             |  16|   0|   16|          0|
    |REG_V_5_fu_92                                             |  16|   0|   16|          0|
    |REG_V_6_fu_96                                             |  16|   0|   16|          0|
    |REG_V_7_fu_100                                            |  16|   0|   16|          0|
    |REG_V_8_fu_104                                            |  16|   0|   16|          0|
    |REG_V_9_fu_108                                            |  16|   0|   16|          0|
    |REG_V_fu_72                                               |  16|   0|   16|          0|
    |add_ln58_1_reg_1365                                       |   2|   0|    2|          0|
    |ap_CS_fsm                                                 |   6|   0|    6|          0|
    |dummy_fu_336                                              |   1|   0|    1|          0|
    |empty_15_reg_1466                                         |   2|   0|    2|          0|
    |grp_compute_Pipeline_VITIS_LOOP_60_1_fu_359_ap_start_reg  |   1|   0|    1|          0|
    |grp_compute_Pipeline_VITIS_LOOP_79_2_fu_435_ap_start_reg  |   1|   0|    1|          0|
    |i_1_reg_1352                                              |   3|   0|    3|          0|
    |i_fu_68                                                   |   3|   0|    3|          0|
    |indvars_iv1_fu_200                                        |   2|   0|    2|          0|
    |indvars_iv1_load_reg_1357                                 |   2|   0|    2|          0|
    |self_sum_V_loc_fu_204                                     |  32|   0|   32|          0|
    +----------------------------------------------------------+----+----+-----+-----------+
    |Total                                                     | 567|   0|  567|          0|
    +----------------------------------------------------------+----+----+-----+-----------+



================================================================
== Interface
================================================================
* Summary: 
+-------------------+-----+-----+------------+--------------+--------------+
|     RTL Ports     | Dir | Bits|  Protocol  | Source Object|    C Type    |
+-------------------+-----+-----+------------+--------------+--------------+
|ap_clk             |   in|    1|  ap_ctrl_hs|       compute|  return value|
|ap_rst             |   in|    1|  ap_ctrl_hs|       compute|  return value|
|ap_start           |   in|    1|  ap_ctrl_hs|       compute|  return value|
|ap_done            |  out|    1|  ap_ctrl_hs|       compute|  return value|
|ap_idle            |  out|    1|  ap_ctrl_hs|       compute|  return value|
|ap_ready           |  out|    1|  ap_ctrl_hs|       compute|  return value|
|buffer_1_address0  |  out|    3|   ap_memory|      buffer_1|         array|
|buffer_1_ce0       |  out|    1|   ap_memory|      buffer_1|         array|
|buffer_1_q0        |   in|   64|   ap_memory|      buffer_1|         array|
|buffer_2_address0  |  out|    4|   ap_memory|      buffer_2|         array|
|buffer_2_ce0       |  out|    1|   ap_memory|      buffer_2|         array|
|buffer_2_we0       |  out|    1|   ap_memory|      buffer_2|         array|
|buffer_2_d0        |  out|   32|   ap_memory|      buffer_2|         array|
|buffer_2_address1  |  out|    4|   ap_memory|      buffer_2|         array|
|buffer_2_ce1       |  out|    1|   ap_memory|      buffer_2|         array|
|buffer_2_we1       |  out|    1|   ap_memory|      buffer_2|         array|
|buffer_2_d1        |  out|   32|   ap_memory|      buffer_2|         array|
|phase              |   in|    1|     ap_none|         phase|        scalar|
|fwd_out1_din       |  out|   32|     ap_fifo|      fwd_out1|       pointer|
|fwd_out1_full_n    |   in|    1|     ap_fifo|      fwd_out1|       pointer|
|fwd_out1_write     |  out|    1|     ap_fifo|      fwd_out1|       pointer|
|fwd_out2_din       |  out|   32|     ap_fifo|      fwd_out2|       pointer|
|fwd_out2_full_n    |   in|    1|     ap_fifo|      fwd_out2|       pointer|
|fwd_out2_write     |  out|    1|     ap_fifo|      fwd_out2|       pointer|
+-------------------+-----+-----+------------+--------------+--------------+

============================================================
+ Verbose Summary: Synthesis Manager
============================================================
InlineROM: 1
ExposeGlobal: 0
============================================================
+ Verbose Summary: CDFG Model
============================================================
IsTopModel: 1
ResetActiveHigh: 1
IsCombinational: 2
IsDatapathOnly: 2
HasWiredReturn: 1
HasMFsm: 0
HasVarLatency: 1
IsPipeline: 0
IsRtlPipelined: 0
IsInstanceOverlapped: 0
IsDontTouch: 0
HasImplIP: 0
IsGatedGlobalClock: 0


============================================================
+ Verbose Summary: Schedule
============================================================
* Number of FSM states : 6
* Pipeline : 0
* Dataflow Pipeline: 0

* FSM state transitions: 
1 --> 2 
2 --> 3 
3 --> 4 
4 --> 5 
5 --> 6 
6 --> 2 

* FSM state operations: 

State 1 <SV = 0> <Delay = 0.42>
ST_1 : Operation 7 [1/1] (0.00ns)   --->   "%i = alloca i32 1"   --->   Operation 7 'alloca' 'i' <Predicate = true> <Delay = 0.00>
ST_1 : Operation 8 [1/1] (0.00ns)   --->   "%REG_V = alloca i32 1"   --->   Operation 8 'alloca' 'REG_V' <Predicate = true> <Delay = 0.00>
ST_1 : Operation 9 [1/1] (0.00ns)   --->   "%REG_V_1 = alloca i32 1"   --->   Operation 9 'alloca' 'REG_V_1' <Predicate = true> <Delay = 0.00>
ST_1 : Operation 10 [1/1] (0.00ns)   --->   "%REG_V_2 = alloca i32 1"   --->   Operation 10 'alloca' 'REG_V_2' <Predicate = true> <Delay = 0.00>
ST_1 : Operation 11 [1/1] (0.00ns)   --->   "%REG_V_3 = alloca i32 1"   --->   Operation 11 'alloca' 'REG_V_3' <Predicate = true> <Delay = 0.00>
ST_1 : Operation 12 [1/1] (0.00ns)   --->   "%REG_V_4 = alloca i32 1"   --->   Operation 12 'alloca' 'REG_V_4' <Predicate = true> <Delay = 0.00>
ST_1 : Operation 13 [1/1] (0.00ns)   --->   "%REG_V_5 = alloca i32 1"   --->   Operation 13 'alloca' 'REG_V_5' <Predicate = true> <Delay = 0.00>
ST_1 : Operation 14 [1/1] (0.00ns)   --->   "%REG_V_6 = alloca i32 1"   --->   Operation 14 'alloca' 'REG_V_6' <Predicate = true> <Delay = 0.00>
ST_1 : Operation 15 [1/1] (0.00ns)   --->   "%REG_V_7 = alloca i32 1"   --->   Operation 15 'alloca' 'REG_V_7' <Predicate = true> <Delay = 0.00>
ST_1 : Operation 16 [1/1] (0.00ns)   --->   "%REG_V_8 = alloca i32 1"   --->   Operation 16 'alloca' 'REG_V_8' <Predicate = true> <Delay = 0.00>
ST_1 : Operation 17 [1/1] (0.00ns)   --->   "%REG_V_9 = alloca i32 1"   --->   Operation 17 'alloca' 'REG_V_9' <Predicate = true> <Delay = 0.00>
ST_1 : Operation 18 [1/1] (0.00ns)   --->   "%REG_V_10 = alloca i32 1"   --->   Operation 18 'alloca' 'REG_V_10' <Predicate = true> <Delay = 0.00>
ST_1 : Operation 19 [1/1] (0.00ns)   --->   "%REG_V_11 = alloca i32 1"   --->   Operation 19 'alloca' 'REG_V_11' <Predicate = true> <Delay = 0.00>
ST_1 : Operation 20 [1/1] (0.00ns)   --->   "%REG_V_12 = alloca i32 1"   --->   Operation 20 'alloca' 'REG_V_12' <Predicate = true> <Delay = 0.00>
ST_1 : Operation 21 [1/1] (0.00ns)   --->   "%REG_V_13 = alloca i32 1"   --->   Operation 21 'alloca' 'REG_V_13' <Predicate = true> <Delay = 0.00>
ST_1 : Operation 22 [1/1] (0.00ns)   --->   "%REG_V_14 = alloca i32 1"   --->   Operation 22 'alloca' 'REG_V_14' <Predicate = true> <Delay = 0.00>
ST_1 : Operation 23 [1/1] (0.00ns)   --->   "%REG_V_15 = alloca i32 1"   --->   Operation 23 'alloca' 'REG_V_15' <Predicate = true> <Delay = 0.00>
ST_1 : Operation 24 [1/1] (0.00ns)   --->   "%REG_V_16 = alloca i32 1"   --->   Operation 24 'alloca' 'REG_V_16' <Predicate = true> <Delay = 0.00>
ST_1 : Operation 25 [1/1] (0.00ns)   --->   "%REG_V_17 = alloca i32 1"   --->   Operation 25 'alloca' 'REG_V_17' <Predicate = true> <Delay = 0.00>
ST_1 : Operation 26 [1/1] (0.00ns)   --->   "%REG_V_18 = alloca i32 1"   --->   Operation 26 'alloca' 'REG_V_18' <Predicate = true> <Delay = 0.00>
ST_1 : Operation 27 [1/1] (0.00ns)   --->   "%REG_V_19 = alloca i32 1"   --->   Operation 27 'alloca' 'REG_V_19' <Predicate = true> <Delay = 0.00>
ST_1 : Operation 28 [1/1] (0.00ns)   --->   "%REG_V_20 = alloca i32 1"   --->   Operation 28 'alloca' 'REG_V_20' <Predicate = true> <Delay = 0.00>
ST_1 : Operation 29 [1/1] (0.00ns)   --->   "%REG_V_21 = alloca i32 1"   --->   Operation 29 'alloca' 'REG_V_21' <Predicate = true> <Delay = 0.00>
ST_1 : Operation 30 [1/1] (0.00ns)   --->   "%REG_V_22 = alloca i32 1"   --->   Operation 30 'alloca' 'REG_V_22' <Predicate = true> <Delay = 0.00>
ST_1 : Operation 31 [1/1] (0.00ns)   --->   "%REG_V_23 = alloca i32 1"   --->   Operation 31 'alloca' 'REG_V_23' <Predicate = true> <Delay = 0.00>
ST_1 : Operation 32 [1/1] (0.00ns)   --->   "%REG_V_24 = alloca i32 1"   --->   Operation 32 'alloca' 'REG_V_24' <Predicate = true> <Delay = 0.00>
ST_1 : Operation 33 [1/1] (0.00ns)   --->   "%REG_V_25 = alloca i32 1"   --->   Operation 33 'alloca' 'REG_V_25' <Predicate = true> <Delay = 0.00>
ST_1 : Operation 34 [1/1] (0.00ns)   --->   "%REG_V_26 = alloca i32 1"   --->   Operation 34 'alloca' 'REG_V_26' <Predicate = true> <Delay = 0.00>
ST_1 : Operation 35 [1/1] (0.00ns)   --->   "%REG_V_27 = alloca i32 1"   --->   Operation 35 'alloca' 'REG_V_27' <Predicate = true> <Delay = 0.00>
ST_1 : Operation 36 [1/1] (0.00ns)   --->   "%REG_V_28 = alloca i32 1"   --->   Operation 36 'alloca' 'REG_V_28' <Predicate = true> <Delay = 0.00>
ST_1 : Operation 37 [1/1] (0.00ns)   --->   "%REG_V_29 = alloca i32 1"   --->   Operation 37 'alloca' 'REG_V_29' <Predicate = true> <Delay = 0.00>
ST_1 : Operation 38 [1/1] (0.00ns)   --->   "%REG_V_30 = alloca i32 1"   --->   Operation 38 'alloca' 'REG_V_30' <Predicate = true> <Delay = 0.00>
ST_1 : Operation 39 [1/1] (0.00ns)   --->   "%REG_V_31 = alloca i32 1"   --->   Operation 39 'alloca' 'REG_V_31' <Predicate = true> <Delay = 0.00>
ST_1 : Operation 40 [1/1] (0.00ns)   --->   "%indvars_iv1 = alloca i32 1"   --->   Operation 40 'alloca' 'indvars_iv1' <Predicate = true> <Delay = 0.00>
ST_1 : Operation 41 [1/1] (0.00ns)   --->   "%phase_read = read i1 @_ssdm_op_Read.ap_auto.i1, i1 %phase"   --->   Operation 41 'read' 'phase_read' <Predicate = true> <Delay = 0.00>
ST_1 : Operation 42 [1/1] (0.00ns)   --->   "%self_sum_V_loc = alloca i64 1"   --->   Operation 42 'alloca' 'self_sum_V_loc' <Predicate = true> <Delay = 0.00>
ST_1 : Operation 43 [1/1] (0.00ns)   --->   "%REG_V_32_loc = alloca i64 1"   --->   Operation 43 'alloca' 'REG_V_32_loc' <Predicate = true> <Delay = 0.00>
ST_1 : Operation 44 [1/1] (0.00ns)   --->   "%REG_V_33_loc = alloca i64 1"   --->   Operation 44 'alloca' 'REG_V_33_loc' <Predicate = true> <Delay = 0.00>
ST_1 : Operation 45 [1/1] (0.00ns)   --->   "%REG_V_34_loc = alloca i64 1"   --->   Operation 45 'alloca' 'REG_V_34_loc' <Predicate = true> <Delay = 0.00>
ST_1 : Operation 46 [1/1] (0.00ns)   --->   "%REG_V_35_loc = alloca i64 1"   --->   Operation 46 'alloca' 'REG_V_35_loc' <Predicate = true> <Delay = 0.00>
ST_1 : Operation 47 [1/1] (0.00ns)   --->   "%REG_V_36_loc = alloca i64 1"   --->   Operation 47 'alloca' 'REG_V_36_loc' <Predicate = true> <Delay = 0.00>
ST_1 : Operation 48 [1/1] (0.00ns)   --->   "%REG_V_37_loc = alloca i64 1"   --->   Operation 48 'alloca' 'REG_V_37_loc' <Predicate = true> <Delay = 0.00>
ST_1 : Operation 49 [1/1] (0.00ns)   --->   "%REG_V_38_loc = alloca i64 1"   --->   Operation 49 'alloca' 'REG_V_38_loc' <Predicate = true> <Delay = 0.00>
ST_1 : Operation 50 [1/1] (0.00ns)   --->   "%REG_V_39_loc = alloca i64 1"   --->   Operation 50 'alloca' 'REG_V_39_loc' <Predicate = true> <Delay = 0.00>
ST_1 : Operation 51 [1/1] (0.00ns)   --->   "%REG_V_40_loc = alloca i64 1"   --->   Operation 51 'alloca' 'REG_V_40_loc' <Predicate = true> <Delay = 0.00>
ST_1 : Operation 52 [1/1] (0.00ns)   --->   "%REG_V_41_loc = alloca i64 1"   --->   Operation 52 'alloca' 'REG_V_41_loc' <Predicate = true> <Delay = 0.00>
ST_1 : Operation 53 [1/1] (0.00ns)   --->   "%REG_V_42_loc = alloca i64 1"   --->   Operation 53 'alloca' 'REG_V_42_loc' <Predicate = true> <Delay = 0.00>
ST_1 : Operation 54 [1/1] (0.00ns)   --->   "%REG_V_43_loc = alloca i64 1"   --->   Operation 54 'alloca' 'REG_V_43_loc' <Predicate = true> <Delay = 0.00>
ST_1 : Operation 55 [1/1] (0.00ns)   --->   "%REG_V_44_loc = alloca i64 1"   --->   Operation 55 'alloca' 'REG_V_44_loc' <Predicate = true> <Delay = 0.00>
ST_1 : Operation 56 [1/1] (0.00ns)   --->   "%REG_V_45_loc = alloca i64 1"   --->   Operation 56 'alloca' 'REG_V_45_loc' <Predicate = true> <Delay = 0.00>
ST_1 : Operation 57 [1/1] (0.00ns)   --->   "%REG_V_46_loc = alloca i64 1"   --->   Operation 57 'alloca' 'REG_V_46_loc' <Predicate = true> <Delay = 0.00>
ST_1 : Operation 58 [1/1] (0.00ns)   --->   "%REG_V_47_loc = alloca i64 1"   --->   Operation 58 'alloca' 'REG_V_47_loc' <Predicate = true> <Delay = 0.00>
ST_1 : Operation 59 [1/1] (0.00ns)   --->   "%REG_V_48_loc = alloca i64 1"   --->   Operation 59 'alloca' 'REG_V_48_loc' <Predicate = true> <Delay = 0.00>
ST_1 : Operation 60 [1/1] (0.00ns)   --->   "%REG_V_49_loc = alloca i64 1"   --->   Operation 60 'alloca' 'REG_V_49_loc' <Predicate = true> <Delay = 0.00>
ST_1 : Operation 61 [1/1] (0.00ns)   --->   "%REG_V_50_loc = alloca i64 1"   --->   Operation 61 'alloca' 'REG_V_50_loc' <Predicate = true> <Delay = 0.00>
ST_1 : Operation 62 [1/1] (0.00ns)   --->   "%REG_V_51_loc = alloca i64 1"   --->   Operation 62 'alloca' 'REG_V_51_loc' <Predicate = true> <Delay = 0.00>
ST_1 : Operation 63 [1/1] (0.00ns)   --->   "%REG_V_52_loc = alloca i64 1"   --->   Operation 63 'alloca' 'REG_V_52_loc' <Predicate = true> <Delay = 0.00>
ST_1 : Operation 64 [1/1] (0.00ns)   --->   "%REG_V_53_loc = alloca i64 1"   --->   Operation 64 'alloca' 'REG_V_53_loc' <Predicate = true> <Delay = 0.00>
ST_1 : Operation 65 [1/1] (0.00ns)   --->   "%REG_V_54_loc = alloca i64 1"   --->   Operation 65 'alloca' 'REG_V_54_loc' <Predicate = true> <Delay = 0.00>
ST_1 : Operation 66 [1/1] (0.00ns)   --->   "%REG_V_55_loc = alloca i64 1"   --->   Operation 66 'alloca' 'REG_V_55_loc' <Predicate = true> <Delay = 0.00>
ST_1 : Operation 67 [1/1] (0.00ns)   --->   "%REG_V_56_loc = alloca i64 1"   --->   Operation 67 'alloca' 'REG_V_56_loc' <Predicate = true> <Delay = 0.00>
ST_1 : Operation 68 [1/1] (0.00ns)   --->   "%REG_V_57_loc = alloca i64 1"   --->   Operation 68 'alloca' 'REG_V_57_loc' <Predicate = true> <Delay = 0.00>
ST_1 : Operation 69 [1/1] (0.00ns)   --->   "%REG_V_58_loc = alloca i64 1"   --->   Operation 69 'alloca' 'REG_V_58_loc' <Predicate = true> <Delay = 0.00>
ST_1 : Operation 70 [1/1] (0.00ns)   --->   "%REG_V_59_loc = alloca i64 1"   --->   Operation 70 'alloca' 'REG_V_59_loc' <Predicate = true> <Delay = 0.00>
ST_1 : Operation 71 [1/1] (0.00ns)   --->   "%REG_V_60_loc = alloca i64 1"   --->   Operation 71 'alloca' 'REG_V_60_loc' <Predicate = true> <Delay = 0.00>
ST_1 : Operation 72 [1/1] (0.00ns)   --->   "%REG_V_61_loc = alloca i64 1"   --->   Operation 72 'alloca' 'REG_V_61_loc' <Predicate = true> <Delay = 0.00>
ST_1 : Operation 73 [1/1] (0.00ns)   --->   "%REG_V_62_loc = alloca i64 1"   --->   Operation 73 'alloca' 'REG_V_62_loc' <Predicate = true> <Delay = 0.00>
ST_1 : Operation 74 [1/1] (0.00ns)   --->   "%REG_V_63_loc = alloca i64 1"   --->   Operation 74 'alloca' 'REG_V_63_loc' <Predicate = true> <Delay = 0.00>
ST_1 : Operation 75 [1/1] (0.00ns)   --->   "%spectopmodule_ln36 = spectopmodule void @_ssdm_op_SpecTopModule, void @empty_3" [Compute_block/Compute.cpp:36]   --->   Operation 75 'spectopmodule' 'spectopmodule_ln36' <Predicate = true> <Delay = 0.00>
ST_1 : Operation 76 [1/1] (0.00ns)   --->   "%specinterface_ln36 = specinterface void @_ssdm_op_SpecInterface, i32 0, void @empty_4, i32 0, i32 0, void @empty_0, i32 0, i32 0, void @empty_0, void @empty_0, void @empty_0, i32 0, i32 0, i32 0, i32 0, void @empty_0, void @empty_0, i32 4294967295, i32 0" [Compute_block/Compute.cpp:36]   --->   Operation 76 'specinterface' 'specinterface_ln36' <Predicate = true> <Delay = 0.00>
ST_1 : Operation 77 [1/1] (0.00ns)   --->   "%specinterface_ln0 = specinterface void @_ssdm_op_SpecInterface, i64 %buffer_1, void @empty, i32 0, i32 0, void @empty_0, i32 4294967295, i32 0, void @empty_0, void @empty_0, void @empty_0, i32 0, i32 0, i32 0, i32 0, void @empty_0, void @empty_0, i32 4294967295, i32 0"   --->   Operation 77 'specinterface' 'specinterface_ln0' <Predicate = true> <Delay = 0.00>
ST_1 : Operation 78 [1/1] (0.00ns)   --->   "%specbitsmap_ln0 = specbitsmap void @_ssdm_op_SpecBitsMap, i64 %buffer_1"   --->   Operation 78 'specbitsmap' 'specbitsmap_ln0' <Predicate = true> <Delay = 0.00>
ST_1 : Operation 79 [1/1] (0.00ns)   --->   "%specinterface_ln0 = specinterface void @_ssdm_op_SpecInterface, i32 %buffer_2, void @empty, i32 0, i32 0, void @empty_0, i32 4294967295, i32 0, void @empty_0, void @empty_0, void @empty_0, i32 0, i32 0, i32 0, i32 0, void @empty_0, void @empty_0, i32 4294967295, i32 0"   --->   Operation 79 'specinterface' 'specinterface_ln0' <Predicate = true> <Delay = 0.00>
ST_1 : Operation 80 [1/1] (0.00ns)   --->   "%specbitsmap_ln0 = specbitsmap void @_ssdm_op_SpecBitsMap, i32 %buffer_2"   --->   Operation 80 'specbitsmap' 'specbitsmap_ln0' <Predicate = true> <Delay = 0.00>
ST_1 : Operation 81 [1/1] (0.00ns)   --->   "%specbitsmap_ln0 = specbitsmap void @_ssdm_op_SpecBitsMap, i1 %phase"   --->   Operation 81 'specbitsmap' 'specbitsmap_ln0' <Predicate = true> <Delay = 0.00>
ST_1 : Operation 82 [1/1] (0.00ns)   --->   "%specinterface_ln0 = specinterface void @_ssdm_op_SpecInterface, i1 %phase, void @empty_1, i32 0, i32 0, void @empty_0, i32 0, i32 0, void @empty_0, void @empty_0, void @empty_0, i32 0, i32 0, i32 0, i32 0, void @empty_0, void @empty_0, i32 4294967295, i32 0"   --->   Operation 82 'specinterface' 'specinterface_ln0' <Predicate = true> <Delay = 0.00>
ST_1 : Operation 83 [1/1] (0.00ns)   --->   "%specinterface_ln0 = specinterface void @_ssdm_op_SpecInterface, i32 %fwd_out1, void @empty_2, i32 0, i32 0, void @empty_0, i32 0, i32 0, void @empty_0, void @empty_0, void @empty_0, i32 0, i32 0, i32 0, i32 0, void @empty_0, void @empty_0, i32 4294967295, i32 0"   --->   Operation 83 'specinterface' 'specinterface_ln0' <Predicate = true> <Delay = 0.00>
ST_1 : Operation 84 [1/1] (0.00ns)   --->   "%specbitsmap_ln0 = specbitsmap void @_ssdm_op_SpecBitsMap, i32 %fwd_out1"   --->   Operation 84 'specbitsmap' 'specbitsmap_ln0' <Predicate = true> <Delay = 0.00>
ST_1 : Operation 85 [1/1] (0.00ns)   --->   "%specinterface_ln0 = specinterface void @_ssdm_op_SpecInterface, i32 %fwd_out2, void @empty_2, i32 0, i32 0, void @empty_0, i32 0, i32 0, void @empty_0, void @empty_0, void @empty_0, i32 0, i32 0, i32 0, i32 0, void @empty_0, void @empty_0, i32 4294967295, i32 0"   --->   Operation 85 'specinterface' 'specinterface_ln0' <Predicate = true> <Delay = 0.00>
ST_1 : Operation 86 [1/1] (0.00ns)   --->   "%specbitsmap_ln0 = specbitsmap void @_ssdm_op_SpecBitsMap, i32 %fwd_out2"   --->   Operation 86 'specbitsmap' 'specbitsmap_ln0' <Predicate = true> <Delay = 0.00>
ST_1 : Operation 87 [1/1] (0.00ns)   --->   "%dummy = alloca i64 1"   --->   Operation 87 'alloca' 'dummy' <Predicate = true> <Delay = 0.00>
ST_1 : Operation 88 [1/1] (0.42ns)   --->   "%store_ln52 = store i1 0, i1 %dummy" [Compute_block/Compute.cpp:52]   --->   Operation 88 'store' 'store_ln52' <Predicate = true> <Delay = 0.42>
ST_1 : Operation 89 [1/1] (0.00ns)   --->   "%dummy_1 = load i1 %dummy" [Compute_block/Compute.cpp:54]   --->   Operation 89 'load' 'dummy_1' <Predicate = true> <Delay = 0.00>
ST_1 : Operation 90 [1/1] (0.42ns)   --->   "%store_ln54 = store i1 %dummy_1, i1 %dummy" [Compute_block/Compute.cpp:54]   --->   Operation 90 'store' 'store_ln54' <Predicate = true> <Delay = 0.42>
ST_1 : Operation 91 [1/1] (0.42ns)   --->   "%store_ln58 = store i2 0, i2 %indvars_iv1" [Compute_block/Compute.cpp:58]   --->   Operation 91 'store' 'store_ln58' <Predicate = true> <Delay = 0.42>
ST_1 : Operation 92 [1/1] (0.42ns)   --->   "%store_ln58 = store i3 0, i3 %i" [Compute_block/Compute.cpp:58]   --->   Operation 92 'store' 'store_ln58' <Predicate = true> <Delay = 0.42>
ST_1 : Operation 93 [1/1] (0.00ns)   --->   "%br_ln58 = br void %VITIS_LOOP_60_1" [Compute_block/Compute.cpp:58]   --->   Operation 93 'br' 'br_ln58' <Predicate = true> <Delay = 0.00>

State 2 <SV = 1> <Delay = 1.26>
ST_2 : Operation 94 [1/1] (0.00ns)   --->   "%i_1 = load i3 %i"   --->   Operation 94 'load' 'i_1' <Predicate = true> <Delay = 0.00>
ST_2 : Operation 95 [1/1] (0.00ns)   --->   "%indvars_iv1_load = load i2 %indvars_iv1" [Compute_block/Compute.cpp:58]   --->   Operation 95 'load' 'indvars_iv1_load' <Predicate = true> <Delay = 0.00>
ST_2 : Operation 96 [1/1] (0.58ns)   --->   "%icmp_ln58 = icmp_eq  i3 %i_1, i3 4" [Compute_block/Compute.cpp:58]   --->   Operation 96 'icmp' 'icmp_ln58' <Predicate = true> <Delay = 0.58> <CoreInst = "Cmp">   --->   Core 9 'Cmp' <Latency = 0> <II = 1> <Delay = 0.72> <FuncUnit> <Opcode : 'icmp'> <InPorts = 2> <OutPorts = 1>
ST_2 : Operation 97 [1/1] (0.00ns)   --->   "%empty = speclooptripcount i32 @_ssdm_op_SpecLoopTripCount, i64 4, i64 4, i64 4"   --->   Operation 97 'speclooptripcount' 'empty' <Predicate = true> <Delay = 0.00>
ST_2 : Operation 98 [1/1] (0.54ns)   --->   "%add_ln58_1 = add i2 %indvars_iv1_load, i2 1" [Compute_block/Compute.cpp:58]   --->   Operation 98 'add' 'add_ln58_1' <Predicate = true> <Delay = 0.54> <CoreInst = "Adder">   --->   Core 1 'Adder' <Latency = 0> <II = 1> <Delay = 0.54> <FuncUnit> <Opcode : 'add' 'sub'> <InPorts = 2> <OutPorts = 1>
ST_2 : Operation 99 [1/1] (0.00ns)   --->   "%br_ln58 = br i1 %icmp_ln58, void %VITIS_LOOP_60_1.split, void %for.end142" [Compute_block/Compute.cpp:58]   --->   Operation 99 'br' 'br_ln58' <Predicate = true> <Delay = 0.00>
ST_2 : Operation 100 [1/1] (0.00ns)   --->   "%REG_V_load = load i16 %REG_V"   --->   Operation 100 'load' 'REG_V_load' <Predicate = (!icmp_ln58)> <Delay = 0.00>
ST_2 : Operation 101 [1/1] (0.00ns)   --->   "%REG_V_1_load = load i16 %REG_V_1"   --->   Operation 101 'load' 'REG_V_1_load' <Predicate = (!icmp_ln58)> <Delay = 0.00>
ST_2 : Operation 102 [1/1] (0.00ns)   --->   "%REG_V_2_load = load i16 %REG_V_2"   --->   Operation 102 'load' 'REG_V_2_load' <Predicate = (!icmp_ln58)> <Delay = 0.00>
ST_2 : Operation 103 [1/1] (0.00ns)   --->   "%REG_V_3_load = load i16 %REG_V_3"   --->   Operation 103 'load' 'REG_V_3_load' <Predicate = (!icmp_ln58)> <Delay = 0.00>
ST_2 : Operation 104 [1/1] (0.00ns)   --->   "%REG_V_4_load = load i16 %REG_V_4"   --->   Operation 104 'load' 'REG_V_4_load' <Predicate = (!icmp_ln58)> <Delay = 0.00>
ST_2 : Operation 105 [1/1] (0.00ns)   --->   "%REG_V_5_load = load i16 %REG_V_5"   --->   Operation 105 'load' 'REG_V_5_load' <Predicate = (!icmp_ln58)> <Delay = 0.00>
ST_2 : Operation 106 [1/1] (0.00ns)   --->   "%REG_V_6_load = load i16 %REG_V_6"   --->   Operation 106 'load' 'REG_V_6_load' <Predicate = (!icmp_ln58)> <Delay = 0.00>
ST_2 : Operation 107 [1/1] (0.00ns)   --->   "%REG_V_7_load = load i16 %REG_V_7"   --->   Operation 107 'load' 'REG_V_7_load' <Predicate = (!icmp_ln58)> <Delay = 0.00>
ST_2 : Operation 108 [1/1] (0.00ns)   --->   "%REG_V_8_load = load i16 %REG_V_8"   --->   Operation 108 'load' 'REG_V_8_load' <Predicate = (!icmp_ln58)> <Delay = 0.00>
ST_2 : Operation 109 [1/1] (0.00ns)   --->   "%REG_V_9_load = load i16 %REG_V_9"   --->   Operation 109 'load' 'REG_V_9_load' <Predicate = (!icmp_ln58)> <Delay = 0.00>
ST_2 : Operation 110 [1/1] (0.00ns)   --->   "%REG_V_10_load = load i16 %REG_V_10"   --->   Operation 110 'load' 'REG_V_10_load' <Predicate = (!icmp_ln58)> <Delay = 0.00>
ST_2 : Operation 111 [1/1] (0.00ns)   --->   "%REG_V_11_load = load i16 %REG_V_11"   --->   Operation 111 'load' 'REG_V_11_load' <Predicate = (!icmp_ln58)> <Delay = 0.00>
ST_2 : Operation 112 [1/1] (0.00ns)   --->   "%REG_V_12_load = load i16 %REG_V_12"   --->   Operation 112 'load' 'REG_V_12_load' <Predicate = (!icmp_ln58)> <Delay = 0.00>
ST_2 : Operation 113 [1/1] (0.00ns)   --->   "%REG_V_13_load = load i16 %REG_V_13"   --->   Operation 113 'load' 'REG_V_13_load' <Predicate = (!icmp_ln58)> <Delay = 0.00>
ST_2 : Operation 114 [1/1] (0.00ns)   --->   "%REG_V_14_load = load i16 %REG_V_14"   --->   Operation 114 'load' 'REG_V_14_load' <Predicate = (!icmp_ln58)> <Delay = 0.00>
ST_2 : Operation 115 [1/1] (0.00ns)   --->   "%REG_V_15_load = load i16 %REG_V_15"   --->   Operation 115 'load' 'REG_V_15_load' <Predicate = (!icmp_ln58)> <Delay = 0.00>
ST_2 : Operation 116 [1/1] (0.00ns)   --->   "%REG_V_16_load = load i16 %REG_V_16"   --->   Operation 116 'load' 'REG_V_16_load' <Predicate = (!icmp_ln58)> <Delay = 0.00>
ST_2 : Operation 117 [1/1] (0.00ns)   --->   "%REG_V_17_load = load i16 %REG_V_17"   --->   Operation 117 'load' 'REG_V_17_load' <Predicate = (!icmp_ln58)> <Delay = 0.00>
ST_2 : Operation 118 [1/1] (0.00ns)   --->   "%REG_V_18_load = load i16 %REG_V_18"   --->   Operation 118 'load' 'REG_V_18_load' <Predicate = (!icmp_ln58)> <Delay = 0.00>
ST_2 : Operation 119 [1/1] (0.00ns)   --->   "%REG_V_19_load = load i16 %REG_V_19"   --->   Operation 119 'load' 'REG_V_19_load' <Predicate = (!icmp_ln58)> <Delay = 0.00>
ST_2 : Operation 120 [1/1] (0.00ns)   --->   "%REG_V_20_load = load i16 %REG_V_20"   --->   Operation 120 'load' 'REG_V_20_load' <Predicate = (!icmp_ln58)> <Delay = 0.00>
ST_2 : Operation 121 [1/1] (0.00ns)   --->   "%REG_V_21_load = load i16 %REG_V_21"   --->   Operation 121 'load' 'REG_V_21_load' <Predicate = (!icmp_ln58)> <Delay = 0.00>
ST_2 : Operation 122 [1/1] (0.00ns)   --->   "%REG_V_22_load = load i16 %REG_V_22"   --->   Operation 122 'load' 'REG_V_22_load' <Predicate = (!icmp_ln58)> <Delay = 0.00>
ST_2 : Operation 123 [1/1] (0.00ns)   --->   "%REG_V_23_load = load i16 %REG_V_23"   --->   Operation 123 'load' 'REG_V_23_load' <Predicate = (!icmp_ln58)> <Delay = 0.00>
ST_2 : Operation 124 [1/1] (0.00ns)   --->   "%REG_V_24_load = load i16 %REG_V_24"   --->   Operation 124 'load' 'REG_V_24_load' <Predicate = (!icmp_ln58)> <Delay = 0.00>
ST_2 : Operation 125 [1/1] (0.00ns)   --->   "%REG_V_25_load = load i16 %REG_V_25"   --->   Operation 125 'load' 'REG_V_25_load' <Predicate = (!icmp_ln58)> <Delay = 0.00>
ST_2 : Operation 126 [1/1] (0.00ns)   --->   "%REG_V_26_load = load i16 %REG_V_26"   --->   Operation 126 'load' 'REG_V_26_load' <Predicate = (!icmp_ln58)> <Delay = 0.00>
ST_2 : Operation 127 [1/1] (0.00ns)   --->   "%REG_V_27_load = load i16 %REG_V_27"   --->   Operation 127 'load' 'REG_V_27_load' <Predicate = (!icmp_ln58)> <Delay = 0.00>
ST_2 : Operation 128 [1/1] (0.00ns)   --->   "%REG_V_28_load = load i16 %REG_V_28"   --->   Operation 128 'load' 'REG_V_28_load' <Predicate = (!icmp_ln58)> <Delay = 0.00>
ST_2 : Operation 129 [1/1] (0.00ns)   --->   "%REG_V_29_load = load i16 %REG_V_29"   --->   Operation 129 'load' 'REG_V_29_load' <Predicate = (!icmp_ln58)> <Delay = 0.00>
ST_2 : Operation 130 [1/1] (0.00ns)   --->   "%REG_V_30_load = load i16 %REG_V_30"   --->   Operation 130 'load' 'REG_V_30_load' <Predicate = (!icmp_ln58)> <Delay = 0.00>
ST_2 : Operation 131 [1/1] (0.00ns)   --->   "%REG_V_31_load = load i16 %REG_V_31"   --->   Operation 131 'load' 'REG_V_31_load' <Predicate = (!icmp_ln58)> <Delay = 0.00>
ST_2 : Operation 132 [1/1] (0.00ns)   --->   "%empty_15 = trunc i3 %i_1"   --->   Operation 132 'trunc' 'empty_15' <Predicate = (!icmp_ln58)> <Delay = 0.00>
ST_2 : Operation 133 [1/1] (0.00ns)   --->   "%empty_16 = wait i32 @_ssdm_op_Wait"   --->   Operation 133 'wait' 'empty_16' <Predicate = (!icmp_ln58)> <Delay = 0.00>
ST_2 : Operation 134 [2/2] (0.67ns)   --->   "%call_ln0 = call void @compute_Pipeline_VITIS_LOOP_60_1, i16 %REG_V_31_load, i16 %REG_V_30_load, i16 %REG_V_29_load, i16 %REG_V_28_load, i16 %REG_V_27_load, i16 %REG_V_26_load, i16 %REG_V_25_load, i16 %REG_V_24_load, i16 %REG_V_23_load, i16 %REG_V_22_load, i16 %REG_V_21_load, i16 %REG_V_20_load, i16 %REG_V_19_load, i16 %REG_V_18_load, i16 %REG_V_17_load, i16 %REG_V_16_load, i16 %REG_V_15_load, i16 %REG_V_14_load, i16 %REG_V_13_load, i16 %REG_V_12_load, i16 %REG_V_11_load, i16 %REG_V_10_load, i16 %REG_V_9_load, i16 %REG_V_8_load, i16 %REG_V_7_load, i16 %REG_V_6_load, i16 %REG_V_5_load, i16 %REG_V_4_load, i16 %REG_V_3_load, i16 %REG_V_2_load, i16 %REG_V_1_load, i16 %REG_V_load, i32 %fwd_out1, i32 %fwd_out2, i2 %empty_15, i64 %buffer_1, i16 %REG_V_63_loc, i16 %REG_V_62_loc, i16 %REG_V_61_loc, i16 %REG_V_60_loc, i16 %REG_V_59_loc, i16 %REG_V_58_loc, i16 %REG_V_57_loc, i16 %REG_V_56_loc, i16 %REG_V_55_loc, i16 %REG_V_54_loc, i16 %REG_V_53_loc, i16 %REG_V_52_loc, i16 %REG_V_51_loc, i16 %REG_V_50_loc, i16 %REG_V_49_loc, i16 %REG_V_48_loc, i16 %REG_V_47_loc, i16 %REG_V_46_loc, i16 %REG_V_45_loc, i16 %REG_V_44_loc, i16 %REG_V_43_loc, i16 %REG_V_42_loc, i16 %REG_V_41_loc, i16 %REG_V_40_loc, i16 %REG_V_39_loc, i16 %REG_V_38_loc, i16 %REG_V_37_loc, i16 %REG_V_36_loc, i16 %REG_V_35_loc, i16 %REG_V_34_loc, i16 %REG_V_33_loc, i16 %REG_V_32_loc, i32 %self_sum_V_loc"   --->   Operation 134 'call' 'call_ln0' <Predicate = (!icmp_ln58)> <Delay = 0.67> <CoreType = "Generic">   --->   Core 0 '' <Latency = 0> <II = 1> <Delay = 1.00> <Generic> <Opcode : >
ST_2 : Operation 135 [1/1] (0.00ns)   --->   "%ret_ln96 = ret" [Compute_block/Compute.cpp:96]   --->   Operation 135 'ret' 'ret_ln96' <Predicate = (icmp_ln58)> <Delay = 0.00>

State 3 <SV = 2> <Delay = 0.00>
ST_3 : Operation 136 [1/2] (0.00ns)   --->   "%call_ln0 = call void @compute_Pipeline_VITIS_LOOP_60_1, i16 %REG_V_31_load, i16 %REG_V_30_load, i16 %REG_V_29_load, i16 %REG_V_28_load, i16 %REG_V_27_load, i16 %REG_V_26_load, i16 %REG_V_25_load, i16 %REG_V_24_load, i16 %REG_V_23_load, i16 %REG_V_22_load, i16 %REG_V_21_load, i16 %REG_V_20_load, i16 %REG_V_19_load, i16 %REG_V_18_load, i16 %REG_V_17_load, i16 %REG_V_16_load, i16 %REG_V_15_load, i16 %REG_V_14_load, i16 %REG_V_13_load, i16 %REG_V_12_load, i16 %REG_V_11_load, i16 %REG_V_10_load, i16 %REG_V_9_load, i16 %REG_V_8_load, i16 %REG_V_7_load, i16 %REG_V_6_load, i16 %REG_V_5_load, i16 %REG_V_4_load, i16 %REG_V_3_load, i16 %REG_V_2_load, i16 %REG_V_1_load, i16 %REG_V_load, i32 %fwd_out1, i32 %fwd_out2, i2 %empty_15, i64 %buffer_1, i16 %REG_V_63_loc, i16 %REG_V_62_loc, i16 %REG_V_61_loc, i16 %REG_V_60_loc, i16 %REG_V_59_loc, i16 %REG_V_58_loc, i16 %REG_V_57_loc, i16 %REG_V_56_loc, i16 %REG_V_55_loc, i16 %REG_V_54_loc, i16 %REG_V_53_loc, i16 %REG_V_52_loc, i16 %REG_V_51_loc, i16 %REG_V_50_loc, i16 %REG_V_49_loc, i16 %REG_V_48_loc, i16 %REG_V_47_loc, i16 %REG_V_46_loc, i16 %REG_V_45_loc, i16 %REG_V_44_loc, i16 %REG_V_43_loc, i16 %REG_V_42_loc, i16 %REG_V_41_loc, i16 %REG_V_40_loc, i16 %REG_V_39_loc, i16 %REG_V_38_loc, i16 %REG_V_37_loc, i16 %REG_V_36_loc, i16 %REG_V_35_loc, i16 %REG_V_34_loc, i16 %REG_V_33_loc, i16 %REG_V_32_loc, i32 %self_sum_V_loc"   --->   Operation 136 'call' 'call_ln0' <Predicate = true> <Delay = 0.00> <CoreType = "Generic">   --->   Core 0 '' <Latency = 0> <II = 1> <Delay = 1.00> <Generic> <Opcode : >

State 4 <SV = 3> <Delay = 1.09>
ST_4 : Operation 137 [1/1] (0.00ns)   --->   "%specloopname_ln47 = specloopname void @_ssdm_op_SpecLoopName, void @empty_7" [Compute_block/Compute.cpp:47]   --->   Operation 137 'specloopname' 'specloopname_ln47' <Predicate = true> <Delay = 0.00>
ST_4 : Operation 138 [1/1] (0.00ns)   --->   "%REG_V_63_loc_load = load i16 %REG_V_63_loc"   --->   Operation 138 'load' 'REG_V_63_loc_load' <Predicate = true> <Delay = 0.00>
ST_4 : Operation 139 [1/1] (0.00ns)   --->   "%REG_V_62_loc_load = load i16 %REG_V_62_loc"   --->   Operation 139 'load' 'REG_V_62_loc_load' <Predicate = true> <Delay = 0.00>
ST_4 : Operation 140 [1/1] (0.00ns)   --->   "%REG_V_61_loc_load = load i16 %REG_V_61_loc"   --->   Operation 140 'load' 'REG_V_61_loc_load' <Predicate = true> <Delay = 0.00>
ST_4 : Operation 141 [1/1] (0.00ns)   --->   "%REG_V_60_loc_load = load i16 %REG_V_60_loc"   --->   Operation 141 'load' 'REG_V_60_loc_load' <Predicate = true> <Delay = 0.00>
ST_4 : Operation 142 [1/1] (0.00ns)   --->   "%REG_V_59_loc_load = load i16 %REG_V_59_loc"   --->   Operation 142 'load' 'REG_V_59_loc_load' <Predicate = true> <Delay = 0.00>
ST_4 : Operation 143 [1/1] (0.00ns)   --->   "%REG_V_58_loc_load = load i16 %REG_V_58_loc"   --->   Operation 143 'load' 'REG_V_58_loc_load' <Predicate = true> <Delay = 0.00>
ST_4 : Operation 144 [1/1] (0.00ns)   --->   "%REG_V_57_loc_load = load i16 %REG_V_57_loc"   --->   Operation 144 'load' 'REG_V_57_loc_load' <Predicate = true> <Delay = 0.00>
ST_4 : Operation 145 [1/1] (0.00ns)   --->   "%REG_V_56_loc_load = load i16 %REG_V_56_loc"   --->   Operation 145 'load' 'REG_V_56_loc_load' <Predicate = true> <Delay = 0.00>
ST_4 : Operation 146 [1/1] (0.00ns)   --->   "%REG_V_55_loc_load = load i16 %REG_V_55_loc"   --->   Operation 146 'load' 'REG_V_55_loc_load' <Predicate = true> <Delay = 0.00>
ST_4 : Operation 147 [1/1] (0.00ns)   --->   "%REG_V_54_loc_load = load i16 %REG_V_54_loc"   --->   Operation 147 'load' 'REG_V_54_loc_load' <Predicate = true> <Delay = 0.00>
ST_4 : Operation 148 [1/1] (0.00ns)   --->   "%REG_V_53_loc_load = load i16 %REG_V_53_loc"   --->   Operation 148 'load' 'REG_V_53_loc_load' <Predicate = true> <Delay = 0.00>
ST_4 : Operation 149 [1/1] (0.00ns)   --->   "%REG_V_52_loc_load = load i16 %REG_V_52_loc"   --->   Operation 149 'load' 'REG_V_52_loc_load' <Predicate = true> <Delay = 0.00>
ST_4 : Operation 150 [1/1] (0.00ns)   --->   "%REG_V_51_loc_load = load i16 %REG_V_51_loc"   --->   Operation 150 'load' 'REG_V_51_loc_load' <Predicate = true> <Delay = 0.00>
ST_4 : Operation 151 [1/1] (0.00ns)   --->   "%REG_V_50_loc_load = load i16 %REG_V_50_loc"   --->   Operation 151 'load' 'REG_V_50_loc_load' <Predicate = true> <Delay = 0.00>
ST_4 : Operation 152 [1/1] (0.00ns)   --->   "%REG_V_49_loc_load = load i16 %REG_V_49_loc"   --->   Operation 152 'load' 'REG_V_49_loc_load' <Predicate = true> <Delay = 0.00>
ST_4 : Operation 153 [1/1] (0.00ns)   --->   "%REG_V_48_loc_load = load i16 %REG_V_48_loc"   --->   Operation 153 'load' 'REG_V_48_loc_load' <Predicate = true> <Delay = 0.00>
ST_4 : Operation 154 [1/1] (0.00ns)   --->   "%REG_V_47_loc_load = load i16 %REG_V_47_loc"   --->   Operation 154 'load' 'REG_V_47_loc_load' <Predicate = true> <Delay = 0.00>
ST_4 : Operation 155 [1/1] (0.00ns)   --->   "%REG_V_46_loc_load = load i16 %REG_V_46_loc"   --->   Operation 155 'load' 'REG_V_46_loc_load' <Predicate = true> <Delay = 0.00>
ST_4 : Operation 156 [1/1] (0.00ns)   --->   "%REG_V_45_loc_load = load i16 %REG_V_45_loc"   --->   Operation 156 'load' 'REG_V_45_loc_load' <Predicate = true> <Delay = 0.00>
ST_4 : Operation 157 [1/1] (0.00ns)   --->   "%REG_V_44_loc_load = load i16 %REG_V_44_loc"   --->   Operation 157 'load' 'REG_V_44_loc_load' <Predicate = true> <Delay = 0.00>
ST_4 : Operation 158 [1/1] (0.00ns)   --->   "%REG_V_43_loc_load = load i16 %REG_V_43_loc"   --->   Operation 158 'load' 'REG_V_43_loc_load' <Predicate = true> <Delay = 0.00>
ST_4 : Operation 159 [1/1] (0.00ns)   --->   "%REG_V_42_loc_load = load i16 %REG_V_42_loc"   --->   Operation 159 'load' 'REG_V_42_loc_load' <Predicate = true> <Delay = 0.00>
ST_4 : Operation 160 [1/1] (0.00ns)   --->   "%REG_V_41_loc_load = load i16 %REG_V_41_loc"   --->   Operation 160 'load' 'REG_V_41_loc_load' <Predicate = true> <Delay = 0.00>
ST_4 : Operation 161 [1/1] (0.00ns)   --->   "%REG_V_40_loc_load = load i16 %REG_V_40_loc"   --->   Operation 161 'load' 'REG_V_40_loc_load' <Predicate = true> <Delay = 0.00>
ST_4 : Operation 162 [1/1] (0.00ns)   --->   "%REG_V_39_loc_load = load i16 %REG_V_39_loc"   --->   Operation 162 'load' 'REG_V_39_loc_load' <Predicate = true> <Delay = 0.00>
ST_4 : Operation 163 [1/1] (0.00ns)   --->   "%REG_V_38_loc_load = load i16 %REG_V_38_loc"   --->   Operation 163 'load' 'REG_V_38_loc_load' <Predicate = true> <Delay = 0.00>
ST_4 : Operation 164 [1/1] (0.00ns)   --->   "%REG_V_37_loc_load = load i16 %REG_V_37_loc"   --->   Operation 164 'load' 'REG_V_37_loc_load' <Predicate = true> <Delay = 0.00>
ST_4 : Operation 165 [1/1] (0.00ns)   --->   "%REG_V_36_loc_load = load i16 %REG_V_36_loc"   --->   Operation 165 'load' 'REG_V_36_loc_load' <Predicate = true> <Delay = 0.00>
ST_4 : Operation 166 [1/1] (0.00ns)   --->   "%REG_V_35_loc_load = load i16 %REG_V_35_loc"   --->   Operation 166 'load' 'REG_V_35_loc_load' <Predicate = true> <Delay = 0.00>
ST_4 : Operation 167 [1/1] (0.00ns)   --->   "%REG_V_34_loc_load = load i16 %REG_V_34_loc"   --->   Operation 167 'load' 'REG_V_34_loc_load' <Predicate = true> <Delay = 0.00>
ST_4 : Operation 168 [1/1] (0.00ns)   --->   "%REG_V_33_loc_load = load i16 %REG_V_33_loc"   --->   Operation 168 'load' 'REG_V_33_loc_load' <Predicate = true> <Delay = 0.00>
ST_4 : Operation 169 [1/1] (0.00ns)   --->   "%REG_V_32_loc_load = load i16 %REG_V_32_loc"   --->   Operation 169 'load' 'REG_V_32_loc_load' <Predicate = true> <Delay = 0.00>
ST_4 : Operation 170 [1/1] (0.00ns)   --->   "%self_sum_V_loc_load = load i32 %self_sum_V_loc"   --->   Operation 170 'load' 'self_sum_V_loc_load' <Predicate = true> <Delay = 0.00>
ST_4 : Operation 171 [1/1] (0.00ns)   --->   "%br_ln74 = br i1 %phase_read, void %VITIS_LOOP_79_2, void %if.then" [Compute_block/Compute.cpp:74]   --->   Operation 171 'br' 'br_ln74' <Predicate = true> <Delay = 0.00>
ST_4 : Operation 172 [1/1] (0.00ns)   --->   "%lshr_ln = bitconcatenate i4 @_ssdm_op_BitConcatenate.i4.i2.i2, i2 %empty_15, i2 %empty_15" [Compute_block/Compute.cpp:75]   --->   Operation 172 'bitconcatenate' 'lshr_ln' <Predicate = (phase_read)> <Delay = 0.00>
ST_4 : Operation 173 [1/1] (0.00ns)   --->   "%zext_ln75 = zext i4 %lshr_ln" [Compute_block/Compute.cpp:75]   --->   Operation 173 'zext' 'zext_ln75' <Predicate = (phase_read)> <Delay = 0.00>
ST_4 : Operation 174 [1/1] (0.00ns)   --->   "%buffer_2_addr = getelementptr i32 %buffer_2, i64 0, i64 %zext_ln75" [Compute_block/Compute.cpp:75]   --->   Operation 174 'getelementptr' 'buffer_2_addr' <Predicate = (phase_read)> <Delay = 0.00>
ST_4 : Operation 175 [1/1] (0.67ns)   --->   "%store_ln75 = store i32 %self_sum_V_loc_load, i4 %buffer_2_addr" [Compute_block/Compute.cpp:75]   --->   Operation 175 'store' 'store_ln75' <Predicate = (phase_read)> <Delay = 0.67> <CoreInst = "RAM">   --->   Core 83 'RAM' <Latency = 1> <II = 1> <Delay = 0.67> <Storage> <Opcode : 'load' 'store'> <Ports = 2> <Width = 32> <Depth = 16> <RAM>
ST_4 : Operation 176 [1/1] (0.00ns)   --->   "%br_ln75 = br void %VITIS_LOOP_79_2" [Compute_block/Compute.cpp:75]   --->   Operation 176 'br' 'br_ln75' <Predicate = (phase_read)> <Delay = 0.00>
ST_4 : Operation 177 [1/1] (0.67ns)   --->   "%add_ln58 = add i3 %i_1, i3 1" [Compute_block/Compute.cpp:58]   --->   Operation 177 'add' 'add_ln58' <Predicate = true> <Delay = 0.67> <CoreInst = "Adder">   --->   Core 1 'Adder' <Latency = 0> <II = 1> <Delay = 0.67> <FuncUnit> <Opcode : 'add' 'sub'> <InPorts = 2> <OutPorts = 1>
ST_4 : Operation 178 [1/1] (0.42ns)   --->   "%store_ln58 = store i2 %add_ln58_1, i2 %indvars_iv1" [Compute_block/Compute.cpp:58]   --->   Operation 178 'store' 'store_ln58' <Predicate = true> <Delay = 0.42>
ST_4 : Operation 179 [1/1] (0.00ns)   --->   "%store_ln58 = store i16 %REG_V_63_loc_load, i16 %REG_V_31" [Compute_block/Compute.cpp:58]   --->   Operation 179 'store' 'store_ln58' <Predicate = true> <Delay = 0.00>
ST_4 : Operation 180 [1/1] (0.00ns)   --->   "%store_ln58 = store i16 %REG_V_62_loc_load, i16 %REG_V_30" [Compute_block/Compute.cpp:58]   --->   Operation 180 'store' 'store_ln58' <Predicate = true> <Delay = 0.00>
ST_4 : Operation 181 [1/1] (0.00ns)   --->   "%store_ln58 = store i16 %REG_V_61_loc_load, i16 %REG_V_29" [Compute_block/Compute.cpp:58]   --->   Operation 181 'store' 'store_ln58' <Predicate = true> <Delay = 0.00>
ST_4 : Operation 182 [1/1] (0.00ns)   --->   "%store_ln58 = store i16 %REG_V_60_loc_load, i16 %REG_V_28" [Compute_block/Compute.cpp:58]   --->   Operation 182 'store' 'store_ln58' <Predicate = true> <Delay = 0.00>
ST_4 : Operation 183 [1/1] (0.00ns)   --->   "%store_ln58 = store i16 %REG_V_59_loc_load, i16 %REG_V_27" [Compute_block/Compute.cpp:58]   --->   Operation 183 'store' 'store_ln58' <Predicate = true> <Delay = 0.00>
ST_4 : Operation 184 [1/1] (0.00ns)   --->   "%store_ln58 = store i16 %REG_V_58_loc_load, i16 %REG_V_26" [Compute_block/Compute.cpp:58]   --->   Operation 184 'store' 'store_ln58' <Predicate = true> <Delay = 0.00>
ST_4 : Operation 185 [1/1] (0.00ns)   --->   "%store_ln58 = store i16 %REG_V_57_loc_load, i16 %REG_V_25" [Compute_block/Compute.cpp:58]   --->   Operation 185 'store' 'store_ln58' <Predicate = true> <Delay = 0.00>
ST_4 : Operation 186 [1/1] (0.00ns)   --->   "%store_ln58 = store i16 %REG_V_56_loc_load, i16 %REG_V_24" [Compute_block/Compute.cpp:58]   --->   Operation 186 'store' 'store_ln58' <Predicate = true> <Delay = 0.00>
ST_4 : Operation 187 [1/1] (0.00ns)   --->   "%store_ln58 = store i16 %REG_V_55_loc_load, i16 %REG_V_23" [Compute_block/Compute.cpp:58]   --->   Operation 187 'store' 'store_ln58' <Predicate = true> <Delay = 0.00>
ST_4 : Operation 188 [1/1] (0.00ns)   --->   "%store_ln58 = store i16 %REG_V_54_loc_load, i16 %REG_V_22" [Compute_block/Compute.cpp:58]   --->   Operation 188 'store' 'store_ln58' <Predicate = true> <Delay = 0.00>
ST_4 : Operation 189 [1/1] (0.00ns)   --->   "%store_ln58 = store i16 %REG_V_53_loc_load, i16 %REG_V_21" [Compute_block/Compute.cpp:58]   --->   Operation 189 'store' 'store_ln58' <Predicate = true> <Delay = 0.00>
ST_4 : Operation 190 [1/1] (0.00ns)   --->   "%store_ln58 = store i16 %REG_V_52_loc_load, i16 %REG_V_20" [Compute_block/Compute.cpp:58]   --->   Operation 190 'store' 'store_ln58' <Predicate = true> <Delay = 0.00>
ST_4 : Operation 191 [1/1] (0.00ns)   --->   "%store_ln58 = store i16 %REG_V_51_loc_load, i16 %REG_V_19" [Compute_block/Compute.cpp:58]   --->   Operation 191 'store' 'store_ln58' <Predicate = true> <Delay = 0.00>
ST_4 : Operation 192 [1/1] (0.00ns)   --->   "%store_ln58 = store i16 %REG_V_50_loc_load, i16 %REG_V_18" [Compute_block/Compute.cpp:58]   --->   Operation 192 'store' 'store_ln58' <Predicate = true> <Delay = 0.00>
ST_4 : Operation 193 [1/1] (0.00ns)   --->   "%store_ln58 = store i16 %REG_V_49_loc_load, i16 %REG_V_17" [Compute_block/Compute.cpp:58]   --->   Operation 193 'store' 'store_ln58' <Predicate = true> <Delay = 0.00>
ST_4 : Operation 194 [1/1] (0.00ns)   --->   "%store_ln58 = store i16 %REG_V_48_loc_load, i16 %REG_V_16" [Compute_block/Compute.cpp:58]   --->   Operation 194 'store' 'store_ln58' <Predicate = true> <Delay = 0.00>
ST_4 : Operation 195 [1/1] (0.00ns)   --->   "%store_ln58 = store i16 %REG_V_47_loc_load, i16 %REG_V_15" [Compute_block/Compute.cpp:58]   --->   Operation 195 'store' 'store_ln58' <Predicate = true> <Delay = 0.00>
ST_4 : Operation 196 [1/1] (0.00ns)   --->   "%store_ln58 = store i16 %REG_V_46_loc_load, i16 %REG_V_14" [Compute_block/Compute.cpp:58]   --->   Operation 196 'store' 'store_ln58' <Predicate = true> <Delay = 0.00>
ST_4 : Operation 197 [1/1] (0.00ns)   --->   "%store_ln58 = store i16 %REG_V_45_loc_load, i16 %REG_V_13" [Compute_block/Compute.cpp:58]   --->   Operation 197 'store' 'store_ln58' <Predicate = true> <Delay = 0.00>
ST_4 : Operation 198 [1/1] (0.00ns)   --->   "%store_ln58 = store i16 %REG_V_44_loc_load, i16 %REG_V_12" [Compute_block/Compute.cpp:58]   --->   Operation 198 'store' 'store_ln58' <Predicate = true> <Delay = 0.00>
ST_4 : Operation 199 [1/1] (0.00ns)   --->   "%store_ln58 = store i16 %REG_V_43_loc_load, i16 %REG_V_11" [Compute_block/Compute.cpp:58]   --->   Operation 199 'store' 'store_ln58' <Predicate = true> <Delay = 0.00>
ST_4 : Operation 200 [1/1] (0.00ns)   --->   "%store_ln58 = store i16 %REG_V_42_loc_load, i16 %REG_V_10" [Compute_block/Compute.cpp:58]   --->   Operation 200 'store' 'store_ln58' <Predicate = true> <Delay = 0.00>
ST_4 : Operation 201 [1/1] (0.00ns)   --->   "%store_ln58 = store i16 %REG_V_41_loc_load, i16 %REG_V_9" [Compute_block/Compute.cpp:58]   --->   Operation 201 'store' 'store_ln58' <Predicate = true> <Delay = 0.00>
ST_4 : Operation 202 [1/1] (0.00ns)   --->   "%store_ln58 = store i16 %REG_V_40_loc_load, i16 %REG_V_8" [Compute_block/Compute.cpp:58]   --->   Operation 202 'store' 'store_ln58' <Predicate = true> <Delay = 0.00>
ST_4 : Operation 203 [1/1] (0.00ns)   --->   "%store_ln58 = store i16 %REG_V_39_loc_load, i16 %REG_V_7" [Compute_block/Compute.cpp:58]   --->   Operation 203 'store' 'store_ln58' <Predicate = true> <Delay = 0.00>
ST_4 : Operation 204 [1/1] (0.00ns)   --->   "%store_ln58 = store i16 %REG_V_38_loc_load, i16 %REG_V_6" [Compute_block/Compute.cpp:58]   --->   Operation 204 'store' 'store_ln58' <Predicate = true> <Delay = 0.00>
ST_4 : Operation 205 [1/1] (0.00ns)   --->   "%store_ln58 = store i16 %REG_V_37_loc_load, i16 %REG_V_5" [Compute_block/Compute.cpp:58]   --->   Operation 205 'store' 'store_ln58' <Predicate = true> <Delay = 0.00>
ST_4 : Operation 206 [1/1] (0.00ns)   --->   "%store_ln58 = store i16 %REG_V_36_loc_load, i16 %REG_V_4" [Compute_block/Compute.cpp:58]   --->   Operation 206 'store' 'store_ln58' <Predicate = true> <Delay = 0.00>
ST_4 : Operation 207 [1/1] (0.00ns)   --->   "%store_ln58 = store i16 %REG_V_35_loc_load, i16 %REG_V_3" [Compute_block/Compute.cpp:58]   --->   Operation 207 'store' 'store_ln58' <Predicate = true> <Delay = 0.00>
ST_4 : Operation 208 [1/1] (0.00ns)   --->   "%store_ln58 = store i16 %REG_V_34_loc_load, i16 %REG_V_2" [Compute_block/Compute.cpp:58]   --->   Operation 208 'store' 'store_ln58' <Predicate = true> <Delay = 0.00>
ST_4 : Operation 209 [1/1] (0.00ns)   --->   "%store_ln58 = store i16 %REG_V_33_loc_load, i16 %REG_V_1" [Compute_block/Compute.cpp:58]   --->   Operation 209 'store' 'store_ln58' <Predicate = true> <Delay = 0.00>
ST_4 : Operation 210 [1/1] (0.00ns)   --->   "%store_ln58 = store i16 %REG_V_32_loc_load, i16 %REG_V" [Compute_block/Compute.cpp:58]   --->   Operation 210 'store' 'store_ln58' <Predicate = true> <Delay = 0.00>
ST_4 : Operation 211 [1/1] (0.42ns)   --->   "%store_ln58 = store i3 %add_ln58, i3 %i" [Compute_block/Compute.cpp:58]   --->   Operation 211 'store' 'store_ln58' <Predicate = true> <Delay = 0.42>

State 5 <SV = 4> <Delay = 1.06>
ST_5 : Operation 212 [2/2] (1.06ns)   --->   "%call_ln58 = call void @compute_Pipeline_VITIS_LOOP_79_2, i3 %i_1, i16 %REG_V_32_loc_load, i16 %REG_V_40_loc_load, i16 %REG_V_48_loc_load, i16 %REG_V_56_loc_load, i2 %indvars_iv1_load, i16 %REG_V_36_loc_load, i16 %REG_V_44_loc_load, i16 %REG_V_52_loc_load, i16 %REG_V_60_loc_load, i16 %REG_V_33_loc_load, i16 %REG_V_41_loc_load, i16 %REG_V_49_loc_load, i16 %REG_V_57_loc_load, i16 %REG_V_37_loc_load, i16 %REG_V_45_loc_load, i16 %REG_V_53_loc_load, i16 %REG_V_61_loc_load, i16 %REG_V_34_loc_load, i16 %REG_V_42_loc_load, i16 %REG_V_50_loc_load, i16 %REG_V_58_loc_load, i16 %REG_V_38_loc_load, i16 %REG_V_46_loc_load, i16 %REG_V_54_loc_load, i16 %REG_V_62_loc_load, i16 %REG_V_35_loc_load, i16 %REG_V_43_loc_load, i16 %REG_V_51_loc_load, i16 %REG_V_59_loc_load, i16 %REG_V_39_loc_load, i16 %REG_V_47_loc_load, i16 %REG_V_55_loc_load, i16 %REG_V_63_loc_load, i1 %phase_read, i2 %empty_15, i32 %buffer_2" [Compute_block/Compute.cpp:58]   --->   Operation 212 'call' 'call_ln58' <Predicate = true> <Delay = 1.06> <CoreType = "Generic">   --->   Core 0 '' <Latency = 0> <II = 1> <Delay = 1.00> <Generic> <Opcode : >

State 6 <SV = 5> <Delay = 0.00>
ST_6 : Operation 213 [1/2] (0.00ns)   --->   "%call_ln58 = call void @compute_Pipeline_VITIS_LOOP_79_2, i3 %i_1, i16 %REG_V_32_loc_load, i16 %REG_V_40_loc_load, i16 %REG_V_48_loc_load, i16 %REG_V_56_loc_load, i2 %indvars_iv1_load, i16 %REG_V_36_loc_load, i16 %REG_V_44_loc_load, i16 %REG_V_52_loc_load, i16 %REG_V_60_loc_load, i16 %REG_V_33_loc_load, i16 %REG_V_41_loc_load, i16 %REG_V_49_loc_load, i16 %REG_V_57_loc_load, i16 %REG_V_37_loc_load, i16 %REG_V_45_loc_load, i16 %REG_V_53_loc_load, i16 %REG_V_61_loc_load, i16 %REG_V_34_loc_load, i16 %REG_V_42_loc_load, i16 %REG_V_50_loc_load, i16 %REG_V_58_loc_load, i16 %REG_V_38_loc_load, i16 %REG_V_46_loc_load, i16 %REG_V_54_loc_load, i16 %REG_V_62_loc_load, i16 %REG_V_35_loc_load, i16 %REG_V_43_loc_load, i16 %REG_V_51_loc_load, i16 %REG_V_59_loc_load, i16 %REG_V_39_loc_load, i16 %REG_V_47_loc_load, i16 %REG_V_55_loc_load, i16 %REG_V_63_loc_load, i1 %phase_read, i2 %empty_15, i32 %buffer_2" [Compute_block/Compute.cpp:58]   --->   Operation 213 'call' 'call_ln58' <Predicate = true> <Delay = 0.00> <CoreType = "Generic">   --->   Core 0 '' <Latency = 0> <II = 1> <Delay = 1.00> <Generic> <Opcode : >
ST_6 : Operation 214 [1/1] (0.00ns)   --->   "%br_ln58 = br void %VITIS_LOOP_60_1" [Compute_block/Compute.cpp:58]   --->   Operation 214 'br' 'br_ln58' <Predicate = true> <Delay = 0.00>


============================================================
+ Verbose Summary: Binding
============================================================
STG Binding: 
---------------- STG Properties BEGIN ----------------
- Is combinational: 0
- Is one-state seq: 0
- Is datapath-only: 0
- Is pipelined: 0
- Is top level: 1
Port [ Return ] is wired: 1; IO mode=ap_ctrl_hs:ce=0
Port [ buffer_1]:  wired=1; compound=1; hidden=0; nouse=0; global=0; static=0; extern=0; dir=0; type=1; pingpong=0; private_global=0; MemPort=[13]; IO mode=ap_memory:ce=0
Port [ buffer_2]:  wired=1; compound=1; hidden=0; nouse=0; global=0; static=0; extern=0; dir=1; type=1; pingpong=0; private_global=0; MemPort=[00]; IO mode=ap_memory:ce=0
Port [ phase]:  wired=1; compound=0; hidden=0; nouse=0; global=0; static=0; extern=0; dir=0; type=0; pingpong=0; private_global=0; IO mode=ap_none:ce=0
Port [ fwd_out1]:  wired=1; compound=1; hidden=0; nouse=0; global=0; static=0; extern=0; dir=1; type=3; pingpong=0; private_global=0; IO mode=ap_fifo:ce=0
Port [ fwd_out2]:  wired=1; compound=1; hidden=0; nouse=0; global=0; static=0; extern=0; dir=1; type=3; pingpong=0; private_global=0; IO mode=ap_fifo:ce=0
---------------- STG Properties END ------------------

---------------- Datapath Model BEGIN ----------------

<LifeTime>
<method=bitvector/>
i                   (alloca           ) [ 0111111]
REG_V               (alloca           ) [ 0011111]
REG_V_1             (alloca           ) [ 0011111]
REG_V_2             (alloca           ) [ 0011111]
REG_V_3             (alloca           ) [ 0011111]
REG_V_4             (alloca           ) [ 0011111]
REG_V_5             (alloca           ) [ 0011111]
REG_V_6             (alloca           ) [ 0011111]
REG_V_7             (alloca           ) [ 0011111]
REG_V_8             (alloca           ) [ 0011111]
REG_V_9             (alloca           ) [ 0011111]
REG_V_10            (alloca           ) [ 0011111]
REG_V_11            (alloca           ) [ 0011111]
REG_V_12            (alloca           ) [ 0011111]
REG_V_13            (alloca           ) [ 0011111]
REG_V_14            (alloca           ) [ 0011111]
REG_V_15            (alloca           ) [ 0011111]
REG_V_16            (alloca           ) [ 0011111]
REG_V_17            (alloca           ) [ 0011111]
REG_V_18            (alloca           ) [ 0011111]
REG_V_19            (alloca           ) [ 0011111]
REG_V_20            (alloca           ) [ 0011111]
REG_V_21            (alloca           ) [ 0011111]
REG_V_22            (alloca           ) [ 0011111]
REG_V_23            (alloca           ) [ 0011111]
REG_V_24            (alloca           ) [ 0011111]
REG_V_25            (alloca           ) [ 0011111]
REG_V_26            (alloca           ) [ 0011111]
REG_V_27            (alloca           ) [ 0011111]
REG_V_28            (alloca           ) [ 0011111]
REG_V_29            (alloca           ) [ 0011111]
REG_V_30            (alloca           ) [ 0011111]
REG_V_31            (alloca           ) [ 0011111]
indvars_iv1         (alloca           ) [ 0111111]
phase_read          (read             ) [ 0011111]
self_sum_V_loc      (alloca           ) [ 0011111]
REG_V_32_loc        (alloca           ) [ 0011111]
REG_V_33_loc        (alloca           ) [ 0011111]
REG_V_34_loc        (alloca           ) [ 0011111]
REG_V_35_loc        (alloca           ) [ 0011111]
REG_V_36_loc        (alloca           ) [ 0011111]
REG_V_37_loc        (alloca           ) [ 0011111]
REG_V_38_loc        (alloca           ) [ 0011111]
REG_V_39_loc        (alloca           ) [ 0011111]
REG_V_40_loc        (alloca           ) [ 0011111]
REG_V_41_loc        (alloca           ) [ 0011111]
REG_V_42_loc        (alloca           ) [ 0011111]
REG_V_43_loc        (alloca           ) [ 0011111]
REG_V_44_loc        (alloca           ) [ 0011111]
REG_V_45_loc        (alloca           ) [ 0011111]
REG_V_46_loc        (alloca           ) [ 0011111]
REG_V_47_loc        (alloca           ) [ 0011111]
REG_V_48_loc        (alloca           ) [ 0011111]
REG_V_49_loc        (alloca           ) [ 0011111]
REG_V_50_loc        (alloca           ) [ 0011111]
REG_V_51_loc        (alloca           ) [ 0011111]
REG_V_52_loc        (alloca           ) [ 0011111]
REG_V_53_loc        (alloca           ) [ 0011111]
REG_V_54_loc        (alloca           ) [ 0011111]
REG_V_55_loc        (alloca           ) [ 0011111]
REG_V_56_loc        (alloca           ) [ 0011111]
REG_V_57_loc        (alloca           ) [ 0011111]
REG_V_58_loc        (alloca           ) [ 0011111]
REG_V_59_loc        (alloca           ) [ 0011111]
REG_V_60_loc        (alloca           ) [ 0011111]
REG_V_61_loc        (alloca           ) [ 0011111]
REG_V_62_loc        (alloca           ) [ 0011111]
REG_V_63_loc        (alloca           ) [ 0011111]
spectopmodule_ln36  (spectopmodule    ) [ 0000000]
specinterface_ln36  (specinterface    ) [ 0000000]
specinterface_ln0   (specinterface    ) [ 0000000]
specbitsmap_ln0     (specbitsmap      ) [ 0000000]
specinterface_ln0   (specinterface    ) [ 0000000]
specbitsmap_ln0     (specbitsmap      ) [ 0000000]
specbitsmap_ln0     (specbitsmap      ) [ 0000000]
specinterface_ln0   (specinterface    ) [ 0000000]
specinterface_ln0   (specinterface    ) [ 0000000]
specbitsmap_ln0     (specbitsmap      ) [ 0000000]
specinterface_ln0   (specinterface    ) [ 0000000]
specbitsmap_ln0     (specbitsmap      ) [ 0000000]
dummy               (alloca           ) [ 0100000]
store_ln52          (store            ) [ 0000000]
dummy_1             (load             ) [ 0000000]
store_ln54          (store            ) [ 0000000]
store_ln58          (store            ) [ 0000000]
store_ln58          (store            ) [ 0000000]
br_ln58             (br               ) [ 0000000]
i_1                 (load             ) [ 0001111]
indvars_iv1_load    (load             ) [ 0001111]
icmp_ln58           (icmp             ) [ 0011111]
empty               (speclooptripcount) [ 0000000]
add_ln58_1          (add              ) [ 0001100]
br_ln58             (br               ) [ 0000000]
REG_V_load          (load             ) [ 0001000]
REG_V_1_load        (load             ) [ 0001000]
REG_V_2_load        (load             ) [ 0001000]
REG_V_3_load        (load             ) [ 0001000]
REG_V_4_load        (load             ) [ 0001000]
REG_V_5_load        (load             ) [ 0001000]
REG_V_6_load        (load             ) [ 0001000]
REG_V_7_load        (load             ) [ 0001000]
REG_V_8_load        (load             ) [ 0001000]
REG_V_9_load        (load             ) [ 0001000]
REG_V_10_load       (load             ) [ 0001000]
REG_V_11_load       (load             ) [ 0001000]
REG_V_12_load       (load             ) [ 0001000]
REG_V_13_load       (load             ) [ 0001000]
REG_V_14_load       (load             ) [ 0001000]
REG_V_15_load       (load             ) [ 0001000]
REG_V_16_load       (load             ) [ 0001000]
REG_V_17_load       (load             ) [ 0001000]
REG_V_18_load       (load             ) [ 0001000]
REG_V_19_load       (load             ) [ 0001000]
REG_V_20_load       (load             ) [ 0001000]
REG_V_21_load       (load             ) [ 0001000]
REG_V_22_load       (load             ) [ 0001000]
REG_V_23_load       (load             ) [ 0001000]
REG_V_24_load       (load             ) [ 0001000]
REG_V_25_load       (load             ) [ 0001000]
REG_V_26_load       (load             ) [ 0001000]
REG_V_27_load       (load             ) [ 0001000]
REG_V_28_load       (load             ) [ 0001000]
REG_V_29_load       (load             ) [ 0001000]
REG_V_30_load       (load             ) [ 0001000]
REG_V_31_load       (load             ) [ 0001000]
empty_15            (trunc            ) [ 0001111]
empty_16            (wait             ) [ 0000000]
ret_ln96            (ret              ) [ 0000000]
call_ln0            (call             ) [ 0000000]
specloopname_ln47   (specloopname     ) [ 0000000]
REG_V_63_loc_load   (load             ) [ 0000011]
REG_V_62_loc_load   (load             ) [ 0000011]
REG_V_61_loc_load   (load             ) [ 0000011]
REG_V_60_loc_load   (load             ) [ 0000011]
REG_V_59_loc_load   (load             ) [ 0000011]
REG_V_58_loc_load   (load             ) [ 0000011]
REG_V_57_loc_load   (load             ) [ 0000011]
REG_V_56_loc_load   (load             ) [ 0000011]
REG_V_55_loc_load   (load             ) [ 0000011]
REG_V_54_loc_load   (load             ) [ 0000011]
REG_V_53_loc_load   (load             ) [ 0000011]
REG_V_52_loc_load   (load             ) [ 0000011]
REG_V_51_loc_load   (load             ) [ 0000011]
REG_V_50_loc_load   (load             ) [ 0000011]
REG_V_49_loc_load   (load             ) [ 0000011]
REG_V_48_loc_load   (load             ) [ 0000011]
REG_V_47_loc_load   (load             ) [ 0000011]
REG_V_46_loc_load   (load             ) [ 0000011]
REG_V_45_loc_load   (load             ) [ 0000011]
REG_V_44_loc_load   (load             ) [ 0000011]
REG_V_43_loc_load   (load             ) [ 0000011]
REG_V_42_loc_load   (load             ) [ 0000011]
REG_V_41_loc_load   (load             ) [ 0000011]
REG_V_40_loc_load   (load             ) [ 0000011]
REG_V_39_loc_load   (load             ) [ 0000011]
REG_V_38_loc_load   (load             ) [ 0000011]
REG_V_37_loc_load   (load             ) [ 0000011]
REG_V_36_loc_load   (load             ) [ 0000011]
REG_V_35_loc_load   (load             ) [ 0000011]
REG_V_34_loc_load   (load             ) [ 0000011]
REG_V_33_loc_load   (load             ) [ 0000011]
REG_V_32_loc_load   (load             ) [ 0000011]
self_sum_V_loc_load (load             ) [ 0000000]
br_ln74             (br               ) [ 0000000]
lshr_ln             (bitconcatenate   ) [ 0000000]
zext_ln75           (zext             ) [ 0000000]
buffer_2_addr       (getelementptr    ) [ 0000000]
store_ln75          (store            ) [ 0000000]
br_ln75             (br               ) [ 0000000]
add_ln58            (add              ) [ 0000000]
store_ln58          (store            ) [ 0000000]
store_ln58          (store            ) [ 0000000]
store_ln58          (store            ) [ 0000000]
store_ln58          (store            ) [ 0000000]
store_ln58          (store            ) [ 0000000]
store_ln58          (store            ) [ 0000000]
store_ln58          (store            ) [ 0000000]
store_ln58          (store            ) [ 0000000]
store_ln58          (store            ) [ 0000000]
store_ln58          (store            ) [ 0000000]
store_ln58          (store            ) [ 0000000]
store_ln58          (store            ) [ 0000000]
store_ln58          (store            ) [ 0000000]
store_ln58          (store            ) [ 0000000]
store_ln58          (store            ) [ 0000000]
store_ln58          (store            ) [ 0000000]
store_ln58          (store            ) [ 0000000]
store_ln58          (store            ) [ 0000000]
store_ln58          (store            ) [ 0000000]
store_ln58          (store            ) [ 0000000]
store_ln58          (store            ) [ 0000000]
store_ln58          (store            ) [ 0000000]
store_ln58          (store            ) [ 0000000]
store_ln58          (store            ) [ 0000000]
store_ln58          (store            ) [ 0000000]
store_ln58          (store            ) [ 0000000]
store_ln58          (store            ) [ 0000000]
store_ln58          (store            ) [ 0000000]
store_ln58          (store            ) [ 0000000]
store_ln58          (store            ) [ 0000000]
store_ln58          (store            ) [ 0000000]
store_ln58          (store            ) [ 0000000]
store_ln58          (store            ) [ 0000000]
store_ln58          (store            ) [ 0000000]
call_ln58           (call             ) [ 0000000]
br_ln58             (br               ) [ 0000000]
</LifeTime>

<model>

<comp_list>
<comp id="0" class="1000" name="buffer_1">
<pin_list>
<pin id="1" dir="1" index="0" bw="1" slack="0"/>
</pin_list>
<bind>
<StgValue><ssdm name="buffer_1"/><MemPortTyVec>1 3 </MemPortTyVec>
</StgValue>
</bind>
</comp>

<comp id="2" class="1000" name="buffer_2">
<pin_list>
<pin id="3" dir="1" index="0" bw="1" slack="0"/>
</pin_list>
<bind>
<StgValue><ssdm name="buffer_2"/><MemPortTyVec>0 0 </MemPortTyVec>
</StgValue>
</bind>
</comp>

<comp id="4" class="1000" name="phase">
<pin_list>
<pin id="5" dir="1" index="0" bw="1" slack="0"/>
</pin_list>
<bind>
<StgValue><ssdm name="phase"/></StgValue>
</bind>
</comp>

<comp id="6" class="1000" name="fwd_out1">
<pin_list>
<pin id="7" dir="1" index="0" bw="1" slack="0"/>
</pin_list>
<bind>
<StgValue><ssdm name="fwd_out1"/></StgValue>
</bind>
</comp>

<comp id="8" class="1000" name="fwd_out2">
<pin_list>
<pin id="9" dir="1" index="0" bw="1" slack="0"/>
</pin_list>
<bind>
<StgValue><ssdm name="fwd_out2"/></StgValue>
</bind>
</comp>

<comp id="10" class="1001" name="const_10">
<pin_list>
<pin id="11" dir="1" index="0" bw="1" slack="0"/>
</pin_list>
<bind>
<StgValue><ssdm name=""/></StgValue>
</bind>
</comp>

<comp id="12" class="1001" name="const_12">
<pin_list>
<pin id="13" dir="1" index="0" bw="1" slack="0"/>
</pin_list>
<bind>
<StgValue><ssdm name="_ssdm_op_Read.ap_auto.i1"/></StgValue>
</bind>
</comp>

<comp id="14" class="1001" name="const_14">
<pin_list>
<pin id="15" dir="1" index="0" bw="1" slack="0"/>
</pin_list>
<bind>
<StgValue><ssdm name=""/></StgValue>
</bind>
</comp>

<comp id="16" class="1001" name="const_16">
<pin_list>
<pin id="17" dir="1" index="0" bw="1" slack="2147483647"/>
</pin_list>
<bind>
<StgValue><ssdm name="_ssdm_op_SpecTopModule"/></StgValue>
</bind>
</comp>

<comp id="18" class="1001" name="const_18">
<pin_list>
<pin id="19" dir="1" index="0" bw="1" slack="2147483647"/>
</pin_list>
<bind>
<StgValue><ssdm name="empty_3"/></StgValue>
</bind>
</comp>

<comp id="20" class="1001" name="const_20">
<pin_list>
<pin id="21" dir="1" index="0" bw="1" slack="2147483647"/>
</pin_list>
<bind>
<StgValue><ssdm name="_ssdm_op_SpecInterface"/></StgValue>
</bind>
</comp>

<comp id="22" class="1001" name="const_22">
<pin_list>
<pin id="23" dir="1" index="0" bw="1" slack="2147483647"/>
</pin_list>
<bind>
<StgValue><ssdm name=""/></StgValue>
</bind>
</comp>

<comp id="24" class="1001" name="const_24">
<pin_list>
<pin id="25" dir="1" index="0" bw="1" slack="2147483647"/>
</pin_list>
<bind>
<StgValue><ssdm name="empty_4"/></StgValue>
</bind>
</comp>

<comp id="26" class="1001" name="const_26">
<pin_list>
<pin id="27" dir="1" index="0" bw="1" slack="2147483647"/>
</pin_list>
<bind>
<StgValue><ssdm name="empty_0"/></StgValue>
</bind>
</comp>

<comp id="28" class="1001" name="const_28">
<pin_list>
<pin id="29" dir="1" index="0" bw="1" slack="2147483647"/>
</pin_list>
<bind>
<StgValue><ssdm name=""/></StgValue>
</bind>
</comp>

<comp id="30" class="1001" name="const_30">
<pin_list>
<pin id="31" dir="1" index="0" bw="1" slack="2147483647"/>
</pin_list>
<bind>
<StgValue><ssdm name="empty"/></StgValue>
</bind>
</comp>

<comp id="32" class="1001" name="const_32">
<pin_list>
<pin id="33" dir="1" index="0" bw="1" slack="2147483647"/>
</pin_list>
<bind>
<StgValue><ssdm name="_ssdm_op_SpecBitsMap"/></StgValue>
</bind>
</comp>

<comp id="34" class="1001" name="const_34">
<pin_list>
<pin id="35" dir="1" index="0" bw="1" slack="2147483647"/>
</pin_list>
<bind>
<StgValue><ssdm name="empty_1"/></StgValue>
</bind>
</comp>

<comp id="36" class="1001" name="const_36">
<pin_list>
<pin id="37" dir="1" index="0" bw="1" slack="2147483647"/>
</pin_list>
<bind>
<StgValue><ssdm name="empty_2"/></StgValue>
</bind>
</comp>

<comp id="38" class="1001" name="const_38">
<pin_list>
<pin id="39" dir="1" index="0" bw="1" slack="0"/>
</pin_list>
<bind>
<StgValue><ssdm name=""/></StgValue>
</bind>
</comp>

<comp id="40" class="1001" name="const_40">
<pin_list>
<pin id="41" dir="1" index="0" bw="1" slack="0"/>
</pin_list>
<bind>
<StgValue><ssdm name=""/></StgValue>
</bind>
</comp>

<comp id="42" class="1001" name="const_42">
<pin_list>
<pin id="43" dir="1" index="0" bw="1" slack="0"/>
</pin_list>
<bind>
<StgValue><ssdm name=""/></StgValue>
</bind>
</comp>

<comp id="44" class="1001" name="const_44">
<pin_list>
<pin id="45" dir="1" index="0" bw="1" slack="0"/>
</pin_list>
<bind>
<StgValue><ssdm name=""/></StgValue>
</bind>
</comp>

<comp id="46" class="1001" name="const_46">
<pin_list>
<pin id="47" dir="1" index="0" bw="1" slack="2147483647"/>
</pin_list>
<bind>
<StgValue><ssdm name="_ssdm_op_SpecLoopTripCount"/></StgValue>
</bind>
</comp>

<comp id="48" class="1001" name="const_48">
<pin_list>
<pin id="49" dir="1" index="0" bw="1" slack="2147483647"/>
</pin_list>
<bind>
<StgValue><ssdm name=""/></StgValue>
</bind>
</comp>

<comp id="50" class="1001" name="const_50">
<pin_list>
<pin id="51" dir="1" index="0" bw="1" slack="0"/>
</pin_list>
<bind>
<StgValue><ssdm name=""/></StgValue>
</bind>
</comp>

<comp id="52" class="1001" name="const_52">
<pin_list>
<pin id="53" dir="1" index="0" bw="1" slack="2147483647"/>
</pin_list>
<bind>
<StgValue><ssdm name="_ssdm_op_Wait"/></StgValue>
</bind>
</comp>

<comp id="54" class="1001" name="const_54">
<pin_list>
<pin id="55" dir="1" index="0" bw="1" slack="0"/>
</pin_list>
<bind>
<StgValue><ssdm name="compute_Pipeline_VITIS_LOOP_60_1"/></StgValue>
</bind>
</comp>

<comp id="56" class="1001" name="const_56">
<pin_list>
<pin id="57" dir="1" index="0" bw="1" slack="2147483647"/>
</pin_list>
<bind>
<StgValue><ssdm name="_ssdm_op_SpecLoopName"/></StgValue>
</bind>
</comp>

<comp id="58" class="1001" name="const_58">
<pin_list>
<pin id="59" dir="1" index="0" bw="1" slack="2147483647"/>
</pin_list>
<bind>
<StgValue><ssdm name="empty_7"/></StgValue>
</bind>
</comp>

<comp id="60" class="1001" name="const_60">
<pin_list>
<pin id="61" dir="1" index="0" bw="1" slack="0"/>
</pin_list>
<bind>
<StgValue><ssdm name="_ssdm_op_BitConcatenate.i4.i2.i2"/></StgValue>
</bind>
</comp>

<comp id="62" class="1001" name="const_62">
<pin_list>
<pin id="63" dir="1" index="0" bw="1" slack="0"/>
</pin_list>
<bind>
<StgValue><ssdm name=""/></StgValue>
</bind>
</comp>

<comp id="64" class="1001" name="const_64">
<pin_list>
<pin id="65" dir="1" index="0" bw="1" slack="0"/>
</pin_list>
<bind>
<StgValue><ssdm name=""/></StgValue>
</bind>
</comp>

<comp id="66" class="1001" name="const_66">
<pin_list>
<pin id="67" dir="1" index="0" bw="1" slack="0"/>
</pin_list>
<bind>
<StgValue><ssdm name="compute_Pipeline_VITIS_LOOP_79_2"/></StgValue>
</bind>
</comp>

<comp id="68" class="1004" name="i_fu_68">
<pin_list>
<pin id="69" dir="0" index="0" bw="1" slack="0"/>
<pin id="70" dir="1" index="1" bw="3" slack="0"/>
</pin_list>
<bind>
<opcode="alloca(26) " fcode="alloca"/>
<opset="i/1 "/>
</bind>
</comp>

<comp id="72" class="1004" name="REG_V_fu_72">
<pin_list>
<pin id="73" dir="0" index="0" bw="1" slack="0"/>
<pin id="74" dir="1" index="1" bw="16" slack="1"/>
</pin_list>
<bind>
<opcode="alloca(26) " fcode="alloca"/>
<opset="REG_V/1 "/>
</bind>
</comp>

<comp id="76" class="1004" name="REG_V_1_fu_76">
<pin_list>
<pin id="77" dir="0" index="0" bw="1" slack="0"/>
<pin id="78" dir="1" index="1" bw="16" slack="1"/>
</pin_list>
<bind>
<opcode="alloca(26) " fcode="alloca"/>
<opset="REG_V_1/1 "/>
</bind>
</comp>

<comp id="80" class="1004" name="REG_V_2_fu_80">
<pin_list>
<pin id="81" dir="0" index="0" bw="1" slack="0"/>
<pin id="82" dir="1" index="1" bw="16" slack="1"/>
</pin_list>
<bind>
<opcode="alloca(26) " fcode="alloca"/>
<opset="REG_V_2/1 "/>
</bind>
</comp>

<comp id="84" class="1004" name="REG_V_3_fu_84">
<pin_list>
<pin id="85" dir="0" index="0" bw="1" slack="0"/>
<pin id="86" dir="1" index="1" bw="16" slack="1"/>
</pin_list>
<bind>
<opcode="alloca(26) " fcode="alloca"/>
<opset="REG_V_3/1 "/>
</bind>
</comp>

<comp id="88" class="1004" name="REG_V_4_fu_88">
<pin_list>
<pin id="89" dir="0" index="0" bw="1" slack="0"/>
<pin id="90" dir="1" index="1" bw="16" slack="1"/>
</pin_list>
<bind>
<opcode="alloca(26) " fcode="alloca"/>
<opset="REG_V_4/1 "/>
</bind>
</comp>

<comp id="92" class="1004" name="REG_V_5_fu_92">
<pin_list>
<pin id="93" dir="0" index="0" bw="1" slack="0"/>
<pin id="94" dir="1" index="1" bw="16" slack="1"/>
</pin_list>
<bind>
<opcode="alloca(26) " fcode="alloca"/>
<opset="REG_V_5/1 "/>
</bind>
</comp>

<comp id="96" class="1004" name="REG_V_6_fu_96">
<pin_list>
<pin id="97" dir="0" index="0" bw="1" slack="0"/>
<pin id="98" dir="1" index="1" bw="16" slack="1"/>
</pin_list>
<bind>
<opcode="alloca(26) " fcode="alloca"/>
<opset="REG_V_6/1 "/>
</bind>
</comp>

<comp id="100" class="1004" name="REG_V_7_fu_100">
<pin_list>
<pin id="101" dir="0" index="0" bw="1" slack="0"/>
<pin id="102" dir="1" index="1" bw="16" slack="1"/>
</pin_list>
<bind>
<opcode="alloca(26) " fcode="alloca"/>
<opset="REG_V_7/1 "/>
</bind>
</comp>

<comp id="104" class="1004" name="REG_V_8_fu_104">
<pin_list>
<pin id="105" dir="0" index="0" bw="1" slack="0"/>
<pin id="106" dir="1" index="1" bw="16" slack="1"/>
</pin_list>
<bind>
<opcode="alloca(26) " fcode="alloca"/>
<opset="REG_V_8/1 "/>
</bind>
</comp>

<comp id="108" class="1004" name="REG_V_9_fu_108">
<pin_list>
<pin id="109" dir="0" index="0" bw="1" slack="0"/>
<pin id="110" dir="1" index="1" bw="16" slack="1"/>
</pin_list>
<bind>
<opcode="alloca(26) " fcode="alloca"/>
<opset="REG_V_9/1 "/>
</bind>
</comp>

<comp id="112" class="1004" name="REG_V_10_fu_112">
<pin_list>
<pin id="113" dir="0" index="0" bw="1" slack="0"/>
<pin id="114" dir="1" index="1" bw="16" slack="1"/>
</pin_list>
<bind>
<opcode="alloca(26) " fcode="alloca"/>
<opset="REG_V_10/1 "/>
</bind>
</comp>

<comp id="116" class="1004" name="REG_V_11_fu_116">
<pin_list>
<pin id="117" dir="0" index="0" bw="1" slack="0"/>
<pin id="118" dir="1" index="1" bw="16" slack="1"/>
</pin_list>
<bind>
<opcode="alloca(26) " fcode="alloca"/>
<opset="REG_V_11/1 "/>
</bind>
</comp>

<comp id="120" class="1004" name="REG_V_12_fu_120">
<pin_list>
<pin id="121" dir="0" index="0" bw="1" slack="0"/>
<pin id="122" dir="1" index="1" bw="16" slack="1"/>
</pin_list>
<bind>
<opcode="alloca(26) " fcode="alloca"/>
<opset="REG_V_12/1 "/>
</bind>
</comp>

<comp id="124" class="1004" name="REG_V_13_fu_124">
<pin_list>
<pin id="125" dir="0" index="0" bw="1" slack="0"/>
<pin id="126" dir="1" index="1" bw="16" slack="1"/>
</pin_list>
<bind>
<opcode="alloca(26) " fcode="alloca"/>
<opset="REG_V_13/1 "/>
</bind>
</comp>

<comp id="128" class="1004" name="REG_V_14_fu_128">
<pin_list>
<pin id="129" dir="0" index="0" bw="1" slack="0"/>
<pin id="130" dir="1" index="1" bw="16" slack="1"/>
</pin_list>
<bind>
<opcode="alloca(26) " fcode="alloca"/>
<opset="REG_V_14/1 "/>
</bind>
</comp>

<comp id="132" class="1004" name="REG_V_15_fu_132">
<pin_list>
<pin id="133" dir="0" index="0" bw="1" slack="0"/>
<pin id="134" dir="1" index="1" bw="16" slack="1"/>
</pin_list>
<bind>
<opcode="alloca(26) " fcode="alloca"/>
<opset="REG_V_15/1 "/>
</bind>
</comp>

<comp id="136" class="1004" name="REG_V_16_fu_136">
<pin_list>
<pin id="137" dir="0" index="0" bw="1" slack="0"/>
<pin id="138" dir="1" index="1" bw="16" slack="1"/>
</pin_list>
<bind>
<opcode="alloca(26) " fcode="alloca"/>
<opset="REG_V_16/1 "/>
</bind>
</comp>

<comp id="140" class="1004" name="REG_V_17_fu_140">
<pin_list>
<pin id="141" dir="0" index="0" bw="1" slack="0"/>
<pin id="142" dir="1" index="1" bw="16" slack="1"/>
</pin_list>
<bind>
<opcode="alloca(26) " fcode="alloca"/>
<opset="REG_V_17/1 "/>
</bind>
</comp>

<comp id="144" class="1004" name="REG_V_18_fu_144">
<pin_list>
<pin id="145" dir="0" index="0" bw="1" slack="0"/>
<pin id="146" dir="1" index="1" bw="16" slack="1"/>
</pin_list>
<bind>
<opcode="alloca(26) " fcode="alloca"/>
<opset="REG_V_18/1 "/>
</bind>
</comp>

<comp id="148" class="1004" name="REG_V_19_fu_148">
<pin_list>
<pin id="149" dir="0" index="0" bw="1" slack="0"/>
<pin id="150" dir="1" index="1" bw="16" slack="1"/>
</pin_list>
<bind>
<opcode="alloca(26) " fcode="alloca"/>
<opset="REG_V_19/1 "/>
</bind>
</comp>

<comp id="152" class="1004" name="REG_V_20_fu_152">
<pin_list>
<pin id="153" dir="0" index="0" bw="1" slack="0"/>
<pin id="154" dir="1" index="1" bw="16" slack="1"/>
</pin_list>
<bind>
<opcode="alloca(26) " fcode="alloca"/>
<opset="REG_V_20/1 "/>
</bind>
</comp>

<comp id="156" class="1004" name="REG_V_21_fu_156">
<pin_list>
<pin id="157" dir="0" index="0" bw="1" slack="0"/>
<pin id="158" dir="1" index="1" bw="16" slack="1"/>
</pin_list>
<bind>
<opcode="alloca(26) " fcode="alloca"/>
<opset="REG_V_21/1 "/>
</bind>
</comp>

<comp id="160" class="1004" name="REG_V_22_fu_160">
<pin_list>
<pin id="161" dir="0" index="0" bw="1" slack="0"/>
<pin id="162" dir="1" index="1" bw="16" slack="1"/>
</pin_list>
<bind>
<opcode="alloca(26) " fcode="alloca"/>
<opset="REG_V_22/1 "/>
</bind>
</comp>

<comp id="164" class="1004" name="REG_V_23_fu_164">
<pin_list>
<pin id="165" dir="0" index="0" bw="1" slack="0"/>
<pin id="166" dir="1" index="1" bw="16" slack="1"/>
</pin_list>
<bind>
<opcode="alloca(26) " fcode="alloca"/>
<opset="REG_V_23/1 "/>
</bind>
</comp>

<comp id="168" class="1004" name="REG_V_24_fu_168">
<pin_list>
<pin id="169" dir="0" index="0" bw="1" slack="0"/>
<pin id="170" dir="1" index="1" bw="16" slack="1"/>
</pin_list>
<bind>
<opcode="alloca(26) " fcode="alloca"/>
<opset="REG_V_24/1 "/>
</bind>
</comp>

<comp id="172" class="1004" name="REG_V_25_fu_172">
<pin_list>
<pin id="173" dir="0" index="0" bw="1" slack="0"/>
<pin id="174" dir="1" index="1" bw="16" slack="1"/>
</pin_list>
<bind>
<opcode="alloca(26) " fcode="alloca"/>
<opset="REG_V_25/1 "/>
</bind>
</comp>

<comp id="176" class="1004" name="REG_V_26_fu_176">
<pin_list>
<pin id="177" dir="0" index="0" bw="1" slack="0"/>
<pin id="178" dir="1" index="1" bw="16" slack="1"/>
</pin_list>
<bind>
<opcode="alloca(26) " fcode="alloca"/>
<opset="REG_V_26/1 "/>
</bind>
</comp>

<comp id="180" class="1004" name="REG_V_27_fu_180">
<pin_list>
<pin id="181" dir="0" index="0" bw="1" slack="0"/>
<pin id="182" dir="1" index="1" bw="16" slack="1"/>
</pin_list>
<bind>
<opcode="alloca(26) " fcode="alloca"/>
<opset="REG_V_27/1 "/>
</bind>
</comp>

<comp id="184" class="1004" name="REG_V_28_fu_184">
<pin_list>
<pin id="185" dir="0" index="0" bw="1" slack="0"/>
<pin id="186" dir="1" index="1" bw="16" slack="1"/>
</pin_list>
<bind>
<opcode="alloca(26) " fcode="alloca"/>
<opset="REG_V_28/1 "/>
</bind>
</comp>

<comp id="188" class="1004" name="REG_V_29_fu_188">
<pin_list>
<pin id="189" dir="0" index="0" bw="1" slack="0"/>
<pin id="190" dir="1" index="1" bw="16" slack="1"/>
</pin_list>
<bind>
<opcode="alloca(26) " fcode="alloca"/>
<opset="REG_V_29/1 "/>
</bind>
</comp>

<comp id="192" class="1004" name="REG_V_30_fu_192">
<pin_list>
<pin id="193" dir="0" index="0" bw="1" slack="0"/>
<pin id="194" dir="1" index="1" bw="16" slack="1"/>
</pin_list>
<bind>
<opcode="alloca(26) " fcode="alloca"/>
<opset="REG_V_30/1 "/>
</bind>
</comp>

<comp id="196" class="1004" name="REG_V_31_fu_196">
<pin_list>
<pin id="197" dir="0" index="0" bw="1" slack="0"/>
<pin id="198" dir="1" index="1" bw="16" slack="1"/>
</pin_list>
<bind>
<opcode="alloca(26) " fcode="alloca"/>
<opset="REG_V_31/1 "/>
</bind>
</comp>

<comp id="200" class="1004" name="indvars_iv1_fu_200">
<pin_list>
<pin id="201" dir="0" index="0" bw="1" slack="0"/>
<pin id="202" dir="1" index="1" bw="2" slack="0"/>
</pin_list>
<bind>
<opcode="alloca(26) " fcode="alloca"/>
<opset="indvars_iv1/1 "/>
</bind>
</comp>

<comp id="204" class="1004" name="self_sum_V_loc_fu_204">
<pin_list>
<pin id="205" dir="0" index="0" bw="1" slack="0"/>
<pin id="206" dir="1" index="1" bw="32" slack="1"/>
</pin_list>
<bind>
<opcode="alloca(26) " fcode="alloca"/>
<opset="self_sum_V_loc/1 "/>
</bind>
</comp>

<comp id="208" class="1004" name="REG_V_32_loc_fu_208">
<pin_list>
<pin id="209" dir="0" index="0" bw="1" slack="0"/>
<pin id="210" dir="1" index="1" bw="16" slack="1"/>
</pin_list>
<bind>
<opcode="alloca(26) " fcode="alloca"/>
<opset="REG_V_32_loc/1 "/>
</bind>
</comp>

<comp id="212" class="1004" name="REG_V_33_loc_fu_212">
<pin_list>
<pin id="213" dir="0" index="0" bw="1" slack="0"/>
<pin id="214" dir="1" index="1" bw="16" slack="1"/>
</pin_list>
<bind>
<opcode="alloca(26) " fcode="alloca"/>
<opset="REG_V_33_loc/1 "/>
</bind>
</comp>

<comp id="216" class="1004" name="REG_V_34_loc_fu_216">
<pin_list>
<pin id="217" dir="0" index="0" bw="1" slack="0"/>
<pin id="218" dir="1" index="1" bw="16" slack="1"/>
</pin_list>
<bind>
<opcode="alloca(26) " fcode="alloca"/>
<opset="REG_V_34_loc/1 "/>
</bind>
</comp>

<comp id="220" class="1004" name="REG_V_35_loc_fu_220">
<pin_list>
<pin id="221" dir="0" index="0" bw="1" slack="0"/>
<pin id="222" dir="1" index="1" bw="16" slack="1"/>
</pin_list>
<bind>
<opcode="alloca(26) " fcode="alloca"/>
<opset="REG_V_35_loc/1 "/>
</bind>
</comp>

<comp id="224" class="1004" name="REG_V_36_loc_fu_224">
<pin_list>
<pin id="225" dir="0" index="0" bw="1" slack="0"/>
<pin id="226" dir="1" index="1" bw="16" slack="1"/>
</pin_list>
<bind>
<opcode="alloca(26) " fcode="alloca"/>
<opset="REG_V_36_loc/1 "/>
</bind>
</comp>

<comp id="228" class="1004" name="REG_V_37_loc_fu_228">
<pin_list>
<pin id="229" dir="0" index="0" bw="1" slack="0"/>
<pin id="230" dir="1" index="1" bw="16" slack="1"/>
</pin_list>
<bind>
<opcode="alloca(26) " fcode="alloca"/>
<opset="REG_V_37_loc/1 "/>
</bind>
</comp>

<comp id="232" class="1004" name="REG_V_38_loc_fu_232">
<pin_list>
<pin id="233" dir="0" index="0" bw="1" slack="0"/>
<pin id="234" dir="1" index="1" bw="16" slack="1"/>
</pin_list>
<bind>
<opcode="alloca(26) " fcode="alloca"/>
<opset="REG_V_38_loc/1 "/>
</bind>
</comp>

<comp id="236" class="1004" name="REG_V_39_loc_fu_236">
<pin_list>
<pin id="237" dir="0" index="0" bw="1" slack="0"/>
<pin id="238" dir="1" index="1" bw="16" slack="1"/>
</pin_list>
<bind>
<opcode="alloca(26) " fcode="alloca"/>
<opset="REG_V_39_loc/1 "/>
</bind>
</comp>

<comp id="240" class="1004" name="REG_V_40_loc_fu_240">
<pin_list>
<pin id="241" dir="0" index="0" bw="1" slack="0"/>
<pin id="242" dir="1" index="1" bw="16" slack="1"/>
</pin_list>
<bind>
<opcode="alloca(26) " fcode="alloca"/>
<opset="REG_V_40_loc/1 "/>
</bind>
</comp>

<comp id="244" class="1004" name="REG_V_41_loc_fu_244">
<pin_list>
<pin id="245" dir="0" index="0" bw="1" slack="0"/>
<pin id="246" dir="1" index="1" bw="16" slack="1"/>
</pin_list>
<bind>
<opcode="alloca(26) " fcode="alloca"/>
<opset="REG_V_41_loc/1 "/>
</bind>
</comp>

<comp id="248" class="1004" name="REG_V_42_loc_fu_248">
<pin_list>
<pin id="249" dir="0" index="0" bw="1" slack="0"/>
<pin id="250" dir="1" index="1" bw="16" slack="1"/>
</pin_list>
<bind>
<opcode="alloca(26) " fcode="alloca"/>
<opset="REG_V_42_loc/1 "/>
</bind>
</comp>

<comp id="252" class="1004" name="REG_V_43_loc_fu_252">
<pin_list>
<pin id="253" dir="0" index="0" bw="1" slack="0"/>
<pin id="254" dir="1" index="1" bw="16" slack="1"/>
</pin_list>
<bind>
<opcode="alloca(26) " fcode="alloca"/>
<opset="REG_V_43_loc/1 "/>
</bind>
</comp>

<comp id="256" class="1004" name="REG_V_44_loc_fu_256">
<pin_list>
<pin id="257" dir="0" index="0" bw="1" slack="0"/>
<pin id="258" dir="1" index="1" bw="16" slack="1"/>
</pin_list>
<bind>
<opcode="alloca(26) " fcode="alloca"/>
<opset="REG_V_44_loc/1 "/>
</bind>
</comp>

<comp id="260" class="1004" name="REG_V_45_loc_fu_260">
<pin_list>
<pin id="261" dir="0" index="0" bw="1" slack="0"/>
<pin id="262" dir="1" index="1" bw="16" slack="1"/>
</pin_list>
<bind>
<opcode="alloca(26) " fcode="alloca"/>
<opset="REG_V_45_loc/1 "/>
</bind>
</comp>

<comp id="264" class="1004" name="REG_V_46_loc_fu_264">
<pin_list>
<pin id="265" dir="0" index="0" bw="1" slack="0"/>
<pin id="266" dir="1" index="1" bw="16" slack="1"/>
</pin_list>
<bind>
<opcode="alloca(26) " fcode="alloca"/>
<opset="REG_V_46_loc/1 "/>
</bind>
</comp>

<comp id="268" class="1004" name="REG_V_47_loc_fu_268">
<pin_list>
<pin id="269" dir="0" index="0" bw="1" slack="0"/>
<pin id="270" dir="1" index="1" bw="16" slack="1"/>
</pin_list>
<bind>
<opcode="alloca(26) " fcode="alloca"/>
<opset="REG_V_47_loc/1 "/>
</bind>
</comp>

<comp id="272" class="1004" name="REG_V_48_loc_fu_272">
<pin_list>
<pin id="273" dir="0" index="0" bw="1" slack="0"/>
<pin id="274" dir="1" index="1" bw="16" slack="1"/>
</pin_list>
<bind>
<opcode="alloca(26) " fcode="alloca"/>
<opset="REG_V_48_loc/1 "/>
</bind>
</comp>

<comp id="276" class="1004" name="REG_V_49_loc_fu_276">
<pin_list>
<pin id="277" dir="0" index="0" bw="1" slack="0"/>
<pin id="278" dir="1" index="1" bw="16" slack="1"/>
</pin_list>
<bind>
<opcode="alloca(26) " fcode="alloca"/>
<opset="REG_V_49_loc/1 "/>
</bind>
</comp>

<comp id="280" class="1004" name="REG_V_50_loc_fu_280">
<pin_list>
<pin id="281" dir="0" index="0" bw="1" slack="0"/>
<pin id="282" dir="1" index="1" bw="16" slack="1"/>
</pin_list>
<bind>
<opcode="alloca(26) " fcode="alloca"/>
<opset="REG_V_50_loc/1 "/>
</bind>
</comp>

<comp id="284" class="1004" name="REG_V_51_loc_fu_284">
<pin_list>
<pin id="285" dir="0" index="0" bw="1" slack="0"/>
<pin id="286" dir="1" index="1" bw="16" slack="1"/>
</pin_list>
<bind>
<opcode="alloca(26) " fcode="alloca"/>
<opset="REG_V_51_loc/1 "/>
</bind>
</comp>

<comp id="288" class="1004" name="REG_V_52_loc_fu_288">
<pin_list>
<pin id="289" dir="0" index="0" bw="1" slack="0"/>
<pin id="290" dir="1" index="1" bw="16" slack="1"/>
</pin_list>
<bind>
<opcode="alloca(26) " fcode="alloca"/>
<opset="REG_V_52_loc/1 "/>
</bind>
</comp>

<comp id="292" class="1004" name="REG_V_53_loc_fu_292">
<pin_list>
<pin id="293" dir="0" index="0" bw="1" slack="0"/>
<pin id="294" dir="1" index="1" bw="16" slack="1"/>
</pin_list>
<bind>
<opcode="alloca(26) " fcode="alloca"/>
<opset="REG_V_53_loc/1 "/>
</bind>
</comp>

<comp id="296" class="1004" name="REG_V_54_loc_fu_296">
<pin_list>
<pin id="297" dir="0" index="0" bw="1" slack="0"/>
<pin id="298" dir="1" index="1" bw="16" slack="1"/>
</pin_list>
<bind>
<opcode="alloca(26) " fcode="alloca"/>
<opset="REG_V_54_loc/1 "/>
</bind>
</comp>

<comp id="300" class="1004" name="REG_V_55_loc_fu_300">
<pin_list>
<pin id="301" dir="0" index="0" bw="1" slack="0"/>
<pin id="302" dir="1" index="1" bw="16" slack="1"/>
</pin_list>
<bind>
<opcode="alloca(26) " fcode="alloca"/>
<opset="REG_V_55_loc/1 "/>
</bind>
</comp>

<comp id="304" class="1004" name="REG_V_56_loc_fu_304">
<pin_list>
<pin id="305" dir="0" index="0" bw="1" slack="0"/>
<pin id="306" dir="1" index="1" bw="16" slack="1"/>
</pin_list>
<bind>
<opcode="alloca(26) " fcode="alloca"/>
<opset="REG_V_56_loc/1 "/>
</bind>
</comp>

<comp id="308" class="1004" name="REG_V_57_loc_fu_308">
<pin_list>
<pin id="309" dir="0" index="0" bw="1" slack="0"/>
<pin id="310" dir="1" index="1" bw="16" slack="1"/>
</pin_list>
<bind>
<opcode="alloca(26) " fcode="alloca"/>
<opset="REG_V_57_loc/1 "/>
</bind>
</comp>

<comp id="312" class="1004" name="REG_V_58_loc_fu_312">
<pin_list>
<pin id="313" dir="0" index="0" bw="1" slack="0"/>
<pin id="314" dir="1" index="1" bw="16" slack="1"/>
</pin_list>
<bind>
<opcode="alloca(26) " fcode="alloca"/>
<opset="REG_V_58_loc/1 "/>
</bind>
</comp>

<comp id="316" class="1004" name="REG_V_59_loc_fu_316">
<pin_list>
<pin id="317" dir="0" index="0" bw="1" slack="0"/>
<pin id="318" dir="1" index="1" bw="16" slack="1"/>
</pin_list>
<bind>
<opcode="alloca(26) " fcode="alloca"/>
<opset="REG_V_59_loc/1 "/>
</bind>
</comp>

<comp id="320" class="1004" name="REG_V_60_loc_fu_320">
<pin_list>
<pin id="321" dir="0" index="0" bw="1" slack="0"/>
<pin id="322" dir="1" index="1" bw="16" slack="1"/>
</pin_list>
<bind>
<opcode="alloca(26) " fcode="alloca"/>
<opset="REG_V_60_loc/1 "/>
</bind>
</comp>

<comp id="324" class="1004" name="REG_V_61_loc_fu_324">
<pin_list>
<pin id="325" dir="0" index="0" bw="1" slack="0"/>
<pin id="326" dir="1" index="1" bw="16" slack="1"/>
</pin_list>
<bind>
<opcode="alloca(26) " fcode="alloca"/>
<opset="REG_V_61_loc/1 "/>
</bind>
</comp>

<comp id="328" class="1004" name="REG_V_62_loc_fu_328">
<pin_list>
<pin id="329" dir="0" index="0" bw="1" slack="0"/>
<pin id="330" dir="1" index="1" bw="16" slack="1"/>
</pin_list>
<bind>
<opcode="alloca(26) " fcode="alloca"/>
<opset="REG_V_62_loc/1 "/>
</bind>
</comp>

<comp id="332" class="1004" name="REG_V_63_loc_fu_332">
<pin_list>
<pin id="333" dir="0" index="0" bw="1" slack="0"/>
<pin id="334" dir="1" index="1" bw="16" slack="1"/>
</pin_list>
<bind>
<opcode="alloca(26) " fcode="alloca"/>
<opset="REG_V_63_loc/1 "/>
</bind>
</comp>

<comp id="336" class="1004" name="dummy_fu_336">
<pin_list>
<pin id="337" dir="0" index="0" bw="1" slack="0"/>
<pin id="338" dir="1" index="1" bw="1" slack="0"/>
</pin_list>
<bind>
<opcode="alloca(26) " fcode="alloca"/>
<opset="dummy/1 "/>
</bind>
</comp>

<comp id="340" class="1004" name="phase_read_read_fu_340">
<pin_list>
<pin id="341" dir="0" index="0" bw="1" slack="0"/>
<pin id="342" dir="0" index="1" bw="1" slack="0"/>
<pin id="343" dir="1" index="2" bw="1" slack="3"/>
</pin_list>
<bind>
<opcode="read(1150) " fcode="read"/>
<opset="phase_read/1 "/>
</bind>
</comp>

<comp id="346" class="1004" name="buffer_2_addr_gep_fu_346">
<pin_list>
<pin id="347" dir="0" index="0" bw="32" slack="0"/>
<pin id="348" dir="0" index="1" bw="1" slack="0"/>
<pin id="349" dir="0" index="2" bw="4" slack="0"/>
<pin id="350" dir="1" index="3" bw="4" slack="0"/>
</pin_list>
<bind>
<opcode="getelementptr(29) " fcode="getelementptr"/>
<opset="buffer_2_addr/4 "/>
</bind>
</comp>

<comp id="353" class="1004" name="store_ln75_access_fu_353">
<pin_list>
<pin id="354" dir="0" index="0" bw="4" slack="0"/>
<pin id="355" dir="0" index="1" bw="32" slack="0"/>
<pin id="356" dir="0" index="2" bw="0" slack="2147483647"/>
<pin id="357" dir="1" index="3" bw="32" slack="2147483647"/>
</pin_list>
<bind>
<opcode="store(28) " fcode="store"/>
<opset="store_ln75/4 "/>
</bind>
</comp>

<comp id="359" class="1004" name="grp_compute_Pipeline_VITIS_LOOP_60_1_fu_359">
<pin_list>
<pin id="360" dir="0" index="0" bw="0" slack="0"/>
<pin id="361" dir="0" index="1" bw="16" slack="0"/>
<pin id="362" dir="0" index="2" bw="16" slack="0"/>
<pin id="363" dir="0" index="3" bw="16" slack="0"/>
<pin id="364" dir="0" index="4" bw="16" slack="0"/>
<pin id="365" dir="0" index="5" bw="16" slack="0"/>
<pin id="366" dir="0" index="6" bw="16" slack="0"/>
<pin id="367" dir="0" index="7" bw="16" slack="0"/>
<pin id="368" dir="0" index="8" bw="16" slack="0"/>
<pin id="369" dir="0" index="9" bw="16" slack="0"/>
<pin id="370" dir="0" index="10" bw="16" slack="0"/>
<pin id="371" dir="0" index="11" bw="16" slack="0"/>
<pin id="372" dir="0" index="12" bw="16" slack="0"/>
<pin id="373" dir="0" index="13" bw="16" slack="0"/>
<pin id="374" dir="0" index="14" bw="16" slack="0"/>
<pin id="375" dir="0" index="15" bw="16" slack="0"/>
<pin id="376" dir="0" index="16" bw="16" slack="0"/>
<pin id="377" dir="0" index="17" bw="16" slack="0"/>
<pin id="378" dir="0" index="18" bw="16" slack="0"/>
<pin id="379" dir="0" index="19" bw="16" slack="0"/>
<pin id="380" dir="0" index="20" bw="16" slack="0"/>
<pin id="381" dir="0" index="21" bw="16" slack="0"/>
<pin id="382" dir="0" index="22" bw="16" slack="0"/>
<pin id="383" dir="0" index="23" bw="16" slack="0"/>
<pin id="384" dir="0" index="24" bw="16" slack="0"/>
<pin id="385" dir="0" index="25" bw="16" slack="0"/>
<pin id="386" dir="0" index="26" bw="16" slack="0"/>
<pin id="387" dir="0" index="27" bw="16" slack="0"/>
<pin id="388" dir="0" index="28" bw="16" slack="0"/>
<pin id="389" dir="0" index="29" bw="16" slack="0"/>
<pin id="390" dir="0" index="30" bw="16" slack="0"/>
<pin id="391" dir="0" index="31" bw="16" slack="0"/>
<pin id="392" dir="0" index="32" bw="16" slack="0"/>
<pin id="393" dir="0" index="33" bw="32" slack="0"/>
<pin id="394" dir="0" index="34" bw="32" slack="0"/>
<pin id="395" dir="0" index="35" bw="2" slack="0"/>
<pin id="396" dir="0" index="36" bw="64" slack="0"/>
<pin id="397" dir="0" index="37" bw="16" slack="1"/>
<pin id="398" dir="0" index="38" bw="16" slack="1"/>
<pin id="399" dir="0" index="39" bw="16" slack="1"/>
<pin id="400" dir="0" index="40" bw="16" slack="1"/>
<pin id="401" dir="0" index="41" bw="16" slack="1"/>
<pin id="402" dir="0" index="42" bw="16" slack="1"/>
<pin id="403" dir="0" index="43" bw="16" slack="1"/>
<pin id="404" dir="0" index="44" bw="16" slack="1"/>
<pin id="405" dir="0" index="45" bw="16" slack="1"/>
<pin id="406" dir="0" index="46" bw="16" slack="1"/>
<pin id="407" dir="0" index="47" bw="16" slack="1"/>
<pin id="408" dir="0" index="48" bw="16" slack="1"/>
<pin id="409" dir="0" index="49" bw="16" slack="1"/>
<pin id="410" dir="0" index="50" bw="16" slack="1"/>
<pin id="411" dir="0" index="51" bw="16" slack="1"/>
<pin id="412" dir="0" index="52" bw="16" slack="1"/>
<pin id="413" dir="0" index="53" bw="16" slack="1"/>
<pin id="414" dir="0" index="54" bw="16" slack="1"/>
<pin id="415" dir="0" index="55" bw="16" slack="1"/>
<pin id="416" dir="0" index="56" bw="16" slack="1"/>
<pin id="417" dir="0" index="57" bw="16" slack="1"/>
<pin id="418" dir="0" index="58" bw="16" slack="1"/>
<pin id="419" dir="0" index="59" bw="16" slack="1"/>
<pin id="420" dir="0" index="60" bw="16" slack="1"/>
<pin id="421" dir="0" index="61" bw="16" slack="1"/>
<pin id="422" dir="0" index="62" bw="16" slack="1"/>
<pin id="423" dir="0" index="63" bw="16" slack="1"/>
<pin id="424" dir="0" index="64" bw="16" slack="1"/>
<pin id="425" dir="0" index="65" bw="16" slack="1"/>
<pin id="426" dir="0" index="66" bw="16" slack="1"/>
<pin id="427" dir="0" index="67" bw="16" slack="1"/>
<pin id="428" dir="0" index="68" bw="16" slack="1"/>
<pin id="429" dir="0" index="69" bw="32" slack="1"/>
<pin id="430" dir="1" index="70" bw="0" slack="2147483647"/>
</pin_list>
<bind>
<opcode="call(48) " fcode="call"/>
<opset="call_ln0/2 "/>
</bind>
</comp>

<comp id="435" class="1004" name="grp_compute_Pipeline_VITIS_LOOP_79_2_fu_435">
<pin_list>
<pin id="436" dir="0" index="0" bw="0" slack="0"/>
<pin id="437" dir="0" index="1" bw="3" slack="3"/>
<pin id="438" dir="0" index="2" bw="16" slack="2147483647"/>
<pin id="439" dir="0" index="3" bw="16" slack="2147483647"/>
<pin id="440" dir="0" index="4" bw="16" slack="2147483647"/>
<pin id="441" dir="0" index="5" bw="16" slack="2147483647"/>
<pin id="442" dir="0" index="6" bw="2" slack="3"/>
<pin id="443" dir="0" index="7" bw="16" slack="2147483647"/>
<pin id="444" dir="0" index="8" bw="16" slack="2147483647"/>
<pin id="445" dir="0" index="9" bw="16" slack="2147483647"/>
<pin id="446" dir="0" index="10" bw="16" slack="2147483647"/>
<pin id="447" dir="0" index="11" bw="16" slack="2147483647"/>
<pin id="448" dir="0" index="12" bw="16" slack="2147483647"/>
<pin id="449" dir="0" index="13" bw="16" slack="2147483647"/>
<pin id="450" dir="0" index="14" bw="16" slack="2147483647"/>
<pin id="451" dir="0" index="15" bw="16" slack="2147483647"/>
<pin id="452" dir="0" index="16" bw="16" slack="2147483647"/>
<pin id="453" dir="0" index="17" bw="16" slack="2147483647"/>
<pin id="454" dir="0" index="18" bw="16" slack="2147483647"/>
<pin id="455" dir="0" index="19" bw="16" slack="2147483647"/>
<pin id="456" dir="0" index="20" bw="16" slack="2147483647"/>
<pin id="457" dir="0" index="21" bw="16" slack="2147483647"/>
<pin id="458" dir="0" index="22" bw="16" slack="2147483647"/>
<pin id="459" dir="0" index="23" bw="16" slack="2147483647"/>
<pin id="460" dir="0" index="24" bw="16" slack="2147483647"/>
<pin id="461" dir="0" index="25" bw="16" slack="2147483647"/>
<pin id="462" dir="0" index="26" bw="16" slack="2147483647"/>
<pin id="463" dir="0" index="27" bw="16" slack="2147483647"/>
<pin id="464" dir="0" index="28" bw="16" slack="2147483647"/>
<pin id="465" dir="0" index="29" bw="16" slack="2147483647"/>
<pin id="466" dir="0" index="30" bw="16" slack="2147483647"/>
<pin id="467" dir="0" index="31" bw="16" slack="2147483647"/>
<pin id="468" dir="0" index="32" bw="16" slack="2147483647"/>
<pin id="469" dir="0" index="33" bw="16" slack="2147483647"/>
<pin id="470" dir="0" index="34" bw="16" slack="2147483647"/>
<pin id="471" dir="0" index="35" bw="1" slack="4"/>
<pin id="472" dir="0" index="36" bw="2" slack="3"/>
<pin id="473" dir="0" index="37" bw="32" slack="0"/>
<pin id="474" dir="1" index="38" bw="0" slack="2147483647"/>
</pin_list>
<bind>
<opcode="call(48) " fcode="call"/>
<opset="call_ln58/5 "/>
</bind>
</comp>

<comp id="477" class="1004" name="store_ln52_store_fu_477">
<pin_list>
<pin id="478" dir="0" index="0" bw="1" slack="0"/>
<pin id="479" dir="0" index="1" bw="1" slack="0"/>
<pin id="480" dir="1" index="2" bw="0" slack="2147483647"/>
</pin_list>
<bind>
<opcode="store(28) " fcode="store"/>
<opset="store_ln52/1 "/>
</bind>
</comp>

<comp id="482" class="1004" name="dummy_1_load_fu_482">
<pin_list>
<pin id="483" dir="0" index="0" bw="1" slack="0"/>
<pin id="484" dir="1" index="1" bw="1" slack="0"/>
</pin_list>
<bind>
<opcode="load(27) " fcode="load"/>
<opset="dummy_1/1 "/>
</bind>
</comp>

<comp id="485" class="1004" name="store_ln54_store_fu_485">
<pin_list>
<pin id="486" dir="0" index="0" bw="1" slack="0"/>
<pin id="487" dir="0" index="1" bw="1" slack="0"/>
<pin id="488" dir="1" index="2" bw="0" slack="2147483647"/>
</pin_list>
<bind>
<opcode="store(28) " fcode="store"/>
<opset="store_ln54/1 "/>
</bind>
</comp>

<comp id="490" class="1004" name="store_ln58_store_fu_490">
<pin_list>
<pin id="491" dir="0" index="0" bw="1" slack="0"/>
<pin id="492" dir="0" index="1" bw="2" slack="0"/>
<pin id="493" dir="1" index="2" bw="0" slack="2147483647"/>
</pin_list>
<bind>
<opcode="store(28) " fcode="store"/>
<opset="store_ln58/1 "/>
</bind>
</comp>

<comp id="495" class="1004" name="store_ln58_store_fu_495">
<pin_list>
<pin id="496" dir="0" index="0" bw="1" slack="0"/>
<pin id="497" dir="0" index="1" bw="3" slack="0"/>
<pin id="498" dir="1" index="2" bw="0" slack="2147483647"/>
</pin_list>
<bind>
<opcode="store(28) " fcode="store"/>
<opset="store_ln58/1 "/>
</bind>
</comp>

<comp id="500" class="1004" name="i_1_load_fu_500">
<pin_list>
<pin id="501" dir="0" index="0" bw="3" slack="1"/>
<pin id="502" dir="1" index="1" bw="3" slack="0"/>
</pin_list>
<bind>
<opcode="load(27) " fcode="load"/>
<opset="i_1/2 "/>
</bind>
</comp>

<comp id="503" class="1004" name="indvars_iv1_load_load_fu_503">
<pin_list>
<pin id="504" dir="0" index="0" bw="2" slack="1"/>
<pin id="505" dir="1" index="1" bw="2" slack="0"/>
</pin_list>
<bind>
<opcode="load(27) " fcode="load"/>
<opset="indvars_iv1_load/2 "/>
</bind>
</comp>

<comp id="506" class="1004" name="icmp_ln58_fu_506">
<pin_list>
<pin id="507" dir="0" index="0" bw="3" slack="0"/>
<pin id="508" dir="0" index="1" bw="3" slack="0"/>
<pin id="509" dir="1" index="2" bw="1" slack="2147483647"/>
</pin_list>
<bind>
<opcode="icmp(45) " fcode="icmp"/>
<opset="icmp_ln58/2 "/>
</bind>
</comp>

<comp id="512" class="1004" name="add_ln58_1_fu_512">
<pin_list>
<pin id="513" dir="0" index="0" bw="2" slack="0"/>
<pin id="514" dir="0" index="1" bw="1" slack="0"/>
<pin id="515" dir="1" index="2" bw="2" slack="2"/>
</pin_list>
<bind>
<opcode="add(8) " fcode="add"/>
<opset="add_ln58_1/2 "/>
</bind>
</comp>

<comp id="518" class="1004" name="REG_V_load_load_fu_518">
<pin_list>
<pin id="519" dir="0" index="0" bw="16" slack="1"/>
<pin id="520" dir="1" index="1" bw="16" slack="0"/>
</pin_list>
<bind>
<opcode="load(27) " fcode="load"/>
<opset="REG_V_load/2 "/>
</bind>
</comp>

<comp id="522" class="1004" name="REG_V_1_load_load_fu_522">
<pin_list>
<pin id="523" dir="0" index="0" bw="16" slack="1"/>
<pin id="524" dir="1" index="1" bw="16" slack="0"/>
</pin_list>
<bind>
<opcode="load(27) " fcode="load"/>
<opset="REG_V_1_load/2 "/>
</bind>
</comp>

<comp id="526" class="1004" name="REG_V_2_load_load_fu_526">
<pin_list>
<pin id="527" dir="0" index="0" bw="16" slack="1"/>
<pin id="528" dir="1" index="1" bw="16" slack="0"/>
</pin_list>
<bind>
<opcode="load(27) " fcode="load"/>
<opset="REG_V_2_load/2 "/>
</bind>
</comp>

<comp id="530" class="1004" name="REG_V_3_load_load_fu_530">
<pin_list>
<pin id="531" dir="0" index="0" bw="16" slack="1"/>
<pin id="532" dir="1" index="1" bw="16" slack="0"/>
</pin_list>
<bind>
<opcode="load(27) " fcode="load"/>
<opset="REG_V_3_load/2 "/>
</bind>
</comp>

<comp id="534" class="1004" name="REG_V_4_load_load_fu_534">
<pin_list>
<pin id="535" dir="0" index="0" bw="16" slack="1"/>
<pin id="536" dir="1" index="1" bw="16" slack="0"/>
</pin_list>
<bind>
<opcode="load(27) " fcode="load"/>
<opset="REG_V_4_load/2 "/>
</bind>
</comp>

<comp id="538" class="1004" name="REG_V_5_load_load_fu_538">
<pin_list>
<pin id="539" dir="0" index="0" bw="16" slack="1"/>
<pin id="540" dir="1" index="1" bw="16" slack="0"/>
</pin_list>
<bind>
<opcode="load(27) " fcode="load"/>
<opset="REG_V_5_load/2 "/>
</bind>
</comp>

<comp id="542" class="1004" name="REG_V_6_load_load_fu_542">
<pin_list>
<pin id="543" dir="0" index="0" bw="16" slack="1"/>
<pin id="544" dir="1" index="1" bw="16" slack="0"/>
</pin_list>
<bind>
<opcode="load(27) " fcode="load"/>
<opset="REG_V_6_load/2 "/>
</bind>
</comp>

<comp id="546" class="1004" name="REG_V_7_load_load_fu_546">
<pin_list>
<pin id="547" dir="0" index="0" bw="16" slack="1"/>
<pin id="548" dir="1" index="1" bw="16" slack="0"/>
</pin_list>
<bind>
<opcode="load(27) " fcode="load"/>
<opset="REG_V_7_load/2 "/>
</bind>
</comp>

<comp id="550" class="1004" name="REG_V_8_load_load_fu_550">
<pin_list>
<pin id="551" dir="0" index="0" bw="16" slack="1"/>
<pin id="552" dir="1" index="1" bw="16" slack="0"/>
</pin_list>
<bind>
<opcode="load(27) " fcode="load"/>
<opset="REG_V_8_load/2 "/>
</bind>
</comp>

<comp id="554" class="1004" name="REG_V_9_load_load_fu_554">
<pin_list>
<pin id="555" dir="0" index="0" bw="16" slack="1"/>
<pin id="556" dir="1" index="1" bw="16" slack="0"/>
</pin_list>
<bind>
<opcode="load(27) " fcode="load"/>
<opset="REG_V_9_load/2 "/>
</bind>
</comp>

<comp id="558" class="1004" name="REG_V_10_load_load_fu_558">
<pin_list>
<pin id="559" dir="0" index="0" bw="16" slack="1"/>
<pin id="560" dir="1" index="1" bw="16" slack="0"/>
</pin_list>
<bind>
<opcode="load(27) " fcode="load"/>
<opset="REG_V_10_load/2 "/>
</bind>
</comp>

<comp id="562" class="1004" name="REG_V_11_load_load_fu_562">
<pin_list>
<pin id="563" dir="0" index="0" bw="16" slack="1"/>
<pin id="564" dir="1" index="1" bw="16" slack="0"/>
</pin_list>
<bind>
<opcode="load(27) " fcode="load"/>
<opset="REG_V_11_load/2 "/>
</bind>
</comp>

<comp id="566" class="1004" name="REG_V_12_load_load_fu_566">
<pin_list>
<pin id="567" dir="0" index="0" bw="16" slack="1"/>
<pin id="568" dir="1" index="1" bw="16" slack="0"/>
</pin_list>
<bind>
<opcode="load(27) " fcode="load"/>
<opset="REG_V_12_load/2 "/>
</bind>
</comp>

<comp id="570" class="1004" name="REG_V_13_load_load_fu_570">
<pin_list>
<pin id="571" dir="0" index="0" bw="16" slack="1"/>
<pin id="572" dir="1" index="1" bw="16" slack="0"/>
</pin_list>
<bind>
<opcode="load(27) " fcode="load"/>
<opset="REG_V_13_load/2 "/>
</bind>
</comp>

<comp id="574" class="1004" name="REG_V_14_load_load_fu_574">
<pin_list>
<pin id="575" dir="0" index="0" bw="16" slack="1"/>
<pin id="576" dir="1" index="1" bw="16" slack="0"/>
</pin_list>
<bind>
<opcode="load(27) " fcode="load"/>
<opset="REG_V_14_load/2 "/>
</bind>
</comp>

<comp id="578" class="1004" name="REG_V_15_load_load_fu_578">
<pin_list>
<pin id="579" dir="0" index="0" bw="16" slack="1"/>
<pin id="580" dir="1" index="1" bw="16" slack="0"/>
</pin_list>
<bind>
<opcode="load(27) " fcode="load"/>
<opset="REG_V_15_load/2 "/>
</bind>
</comp>

<comp id="582" class="1004" name="REG_V_16_load_load_fu_582">
<pin_list>
<pin id="583" dir="0" index="0" bw="16" slack="1"/>
<pin id="584" dir="1" index="1" bw="16" slack="0"/>
</pin_list>
<bind>
<opcode="load(27) " fcode="load"/>
<opset="REG_V_16_load/2 "/>
</bind>
</comp>

<comp id="586" class="1004" name="REG_V_17_load_load_fu_586">
<pin_list>
<pin id="587" dir="0" index="0" bw="16" slack="1"/>
<pin id="588" dir="1" index="1" bw="16" slack="0"/>
</pin_list>
<bind>
<opcode="load(27) " fcode="load"/>
<opset="REG_V_17_load/2 "/>
</bind>
</comp>

<comp id="590" class="1004" name="REG_V_18_load_load_fu_590">
<pin_list>
<pin id="591" dir="0" index="0" bw="16" slack="1"/>
<pin id="592" dir="1" index="1" bw="16" slack="0"/>
</pin_list>
<bind>
<opcode="load(27) " fcode="load"/>
<opset="REG_V_18_load/2 "/>
</bind>
</comp>

<comp id="594" class="1004" name="REG_V_19_load_load_fu_594">
<pin_list>
<pin id="595" dir="0" index="0" bw="16" slack="1"/>
<pin id="596" dir="1" index="1" bw="16" slack="0"/>
</pin_list>
<bind>
<opcode="load(27) " fcode="load"/>
<opset="REG_V_19_load/2 "/>
</bind>
</comp>

<comp id="598" class="1004" name="REG_V_20_load_load_fu_598">
<pin_list>
<pin id="599" dir="0" index="0" bw="16" slack="1"/>
<pin id="600" dir="1" index="1" bw="16" slack="0"/>
</pin_list>
<bind>
<opcode="load(27) " fcode="load"/>
<opset="REG_V_20_load/2 "/>
</bind>
</comp>

<comp id="602" class="1004" name="REG_V_21_load_load_fu_602">
<pin_list>
<pin id="603" dir="0" index="0" bw="16" slack="1"/>
<pin id="604" dir="1" index="1" bw="16" slack="0"/>
</pin_list>
<bind>
<opcode="load(27) " fcode="load"/>
<opset="REG_V_21_load/2 "/>
</bind>
</comp>

<comp id="606" class="1004" name="REG_V_22_load_load_fu_606">
<pin_list>
<pin id="607" dir="0" index="0" bw="16" slack="1"/>
<pin id="608" dir="1" index="1" bw="16" slack="0"/>
</pin_list>
<bind>
<opcode="load(27) " fcode="load"/>
<opset="REG_V_22_load/2 "/>
</bind>
</comp>

<comp id="610" class="1004" name="REG_V_23_load_load_fu_610">
<pin_list>
<pin id="611" dir="0" index="0" bw="16" slack="1"/>
<pin id="612" dir="1" index="1" bw="16" slack="0"/>
</pin_list>
<bind>
<opcode="load(27) " fcode="load"/>
<opset="REG_V_23_load/2 "/>
</bind>
</comp>

<comp id="614" class="1004" name="REG_V_24_load_load_fu_614">
<pin_list>
<pin id="615" dir="0" index="0" bw="16" slack="1"/>
<pin id="616" dir="1" index="1" bw="16" slack="0"/>
</pin_list>
<bind>
<opcode="load(27) " fcode="load"/>
<opset="REG_V_24_load/2 "/>
</bind>
</comp>

<comp id="618" class="1004" name="REG_V_25_load_load_fu_618">
<pin_list>
<pin id="619" dir="0" index="0" bw="16" slack="1"/>
<pin id="620" dir="1" index="1" bw="16" slack="0"/>
</pin_list>
<bind>
<opcode="load(27) " fcode="load"/>
<opset="REG_V_25_load/2 "/>
</bind>
</comp>

<comp id="622" class="1004" name="REG_V_26_load_load_fu_622">
<pin_list>
<pin id="623" dir="0" index="0" bw="16" slack="1"/>
<pin id="624" dir="1" index="1" bw="16" slack="0"/>
</pin_list>
<bind>
<opcode="load(27) " fcode="load"/>
<opset="REG_V_26_load/2 "/>
</bind>
</comp>

<comp id="626" class="1004" name="REG_V_27_load_load_fu_626">
<pin_list>
<pin id="627" dir="0" index="0" bw="16" slack="1"/>
<pin id="628" dir="1" index="1" bw="16" slack="0"/>
</pin_list>
<bind>
<opcode="load(27) " fcode="load"/>
<opset="REG_V_27_load/2 "/>
</bind>
</comp>

<comp id="630" class="1004" name="REG_V_28_load_load_fu_630">
<pin_list>
<pin id="631" dir="0" index="0" bw="16" slack="1"/>
<pin id="632" dir="1" index="1" bw="16" slack="0"/>
</pin_list>
<bind>
<opcode="load(27) " fcode="load"/>
<opset="REG_V_28_load/2 "/>
</bind>
</comp>

<comp id="634" class="1004" name="REG_V_29_load_load_fu_634">
<pin_list>
<pin id="635" dir="0" index="0" bw="16" slack="1"/>
<pin id="636" dir="1" index="1" bw="16" slack="0"/>
</pin_list>
<bind>
<opcode="load(27) " fcode="load"/>
<opset="REG_V_29_load/2 "/>
</bind>
</comp>

<comp id="638" class="1004" name="REG_V_30_load_load_fu_638">
<pin_list>
<pin id="639" dir="0" index="0" bw="16" slack="1"/>
<pin id="640" dir="1" index="1" bw="16" slack="0"/>
</pin_list>
<bind>
<opcode="load(27) " fcode="load"/>
<opset="REG_V_30_load/2 "/>
</bind>
</comp>

<comp id="642" class="1004" name="REG_V_31_load_load_fu_642">
<pin_list>
<pin id="643" dir="0" index="0" bw="16" slack="1"/>
<pin id="644" dir="1" index="1" bw="16" slack="0"/>
</pin_list>
<bind>
<opcode="load(27) " fcode="load"/>
<opset="REG_V_31_load/2 "/>
</bind>
</comp>

<comp id="646" class="1004" name="empty_15_fu_646">
<pin_list>
<pin id="647" dir="0" index="0" bw="3" slack="0"/>
<pin id="648" dir="1" index="1" bw="2" slack="0"/>
</pin_list>
<bind>
<opcode="trunc(33) " fcode="trunc"/>
<opset="empty_15/2 "/>
</bind>
</comp>

<comp id="651" class="1004" name="REG_V_63_loc_load_load_fu_651">
<pin_list>
<pin id="652" dir="0" index="0" bw="16" slack="3"/>
<pin id="653" dir="1" index="1" bw="16" slack="0"/>
</pin_list>
<bind>
<opcode="load(27) " fcode="load"/>
<opset="REG_V_63_loc_load/4 "/>
</bind>
</comp>

<comp id="654" class="1004" name="REG_V_62_loc_load_load_fu_654">
<pin_list>
<pin id="655" dir="0" index="0" bw="16" slack="3"/>
<pin id="656" dir="1" index="1" bw="16" slack="0"/>
</pin_list>
<bind>
<opcode="load(27) " fcode="load"/>
<opset="REG_V_62_loc_load/4 "/>
</bind>
</comp>

<comp id="657" class="1004" name="REG_V_61_loc_load_load_fu_657">
<pin_list>
<pin id="658" dir="0" index="0" bw="16" slack="3"/>
<pin id="659" dir="1" index="1" bw="16" slack="0"/>
</pin_list>
<bind>
<opcode="load(27) " fcode="load"/>
<opset="REG_V_61_loc_load/4 "/>
</bind>
</comp>

<comp id="660" class="1004" name="REG_V_60_loc_load_load_fu_660">
<pin_list>
<pin id="661" dir="0" index="0" bw="16" slack="3"/>
<pin id="662" dir="1" index="1" bw="16" slack="0"/>
</pin_list>
<bind>
<opcode="load(27) " fcode="load"/>
<opset="REG_V_60_loc_load/4 "/>
</bind>
</comp>

<comp id="663" class="1004" name="REG_V_59_loc_load_load_fu_663">
<pin_list>
<pin id="664" dir="0" index="0" bw="16" slack="3"/>
<pin id="665" dir="1" index="1" bw="16" slack="0"/>
</pin_list>
<bind>
<opcode="load(27) " fcode="load"/>
<opset="REG_V_59_loc_load/4 "/>
</bind>
</comp>

<comp id="666" class="1004" name="REG_V_58_loc_load_load_fu_666">
<pin_list>
<pin id="667" dir="0" index="0" bw="16" slack="3"/>
<pin id="668" dir="1" index="1" bw="16" slack="0"/>
</pin_list>
<bind>
<opcode="load(27) " fcode="load"/>
<opset="REG_V_58_loc_load/4 "/>
</bind>
</comp>

<comp id="669" class="1004" name="REG_V_57_loc_load_load_fu_669">
<pin_list>
<pin id="670" dir="0" index="0" bw="16" slack="3"/>
<pin id="671" dir="1" index="1" bw="16" slack="0"/>
</pin_list>
<bind>
<opcode="load(27) " fcode="load"/>
<opset="REG_V_57_loc_load/4 "/>
</bind>
</comp>

<comp id="672" class="1004" name="REG_V_56_loc_load_load_fu_672">
<pin_list>
<pin id="673" dir="0" index="0" bw="16" slack="3"/>
<pin id="674" dir="1" index="1" bw="16" slack="0"/>
</pin_list>
<bind>
<opcode="load(27) " fcode="load"/>
<opset="REG_V_56_loc_load/4 "/>
</bind>
</comp>

<comp id="675" class="1004" name="REG_V_55_loc_load_load_fu_675">
<pin_list>
<pin id="676" dir="0" index="0" bw="16" slack="3"/>
<pin id="677" dir="1" index="1" bw="16" slack="0"/>
</pin_list>
<bind>
<opcode="load(27) " fcode="load"/>
<opset="REG_V_55_loc_load/4 "/>
</bind>
</comp>

<comp id="678" class="1004" name="REG_V_54_loc_load_load_fu_678">
<pin_list>
<pin id="679" dir="0" index="0" bw="16" slack="3"/>
<pin id="680" dir="1" index="1" bw="16" slack="0"/>
</pin_list>
<bind>
<opcode="load(27) " fcode="load"/>
<opset="REG_V_54_loc_load/4 "/>
</bind>
</comp>

<comp id="681" class="1004" name="REG_V_53_loc_load_load_fu_681">
<pin_list>
<pin id="682" dir="0" index="0" bw="16" slack="3"/>
<pin id="683" dir="1" index="1" bw="16" slack="0"/>
</pin_list>
<bind>
<opcode="load(27) " fcode="load"/>
<opset="REG_V_53_loc_load/4 "/>
</bind>
</comp>

<comp id="684" class="1004" name="REG_V_52_loc_load_load_fu_684">
<pin_list>
<pin id="685" dir="0" index="0" bw="16" slack="3"/>
<pin id="686" dir="1" index="1" bw="16" slack="0"/>
</pin_list>
<bind>
<opcode="load(27) " fcode="load"/>
<opset="REG_V_52_loc_load/4 "/>
</bind>
</comp>

<comp id="687" class="1004" name="REG_V_51_loc_load_load_fu_687">
<pin_list>
<pin id="688" dir="0" index="0" bw="16" slack="3"/>
<pin id="689" dir="1" index="1" bw="16" slack="0"/>
</pin_list>
<bind>
<opcode="load(27) " fcode="load"/>
<opset="REG_V_51_loc_load/4 "/>
</bind>
</comp>

<comp id="690" class="1004" name="REG_V_50_loc_load_load_fu_690">
<pin_list>
<pin id="691" dir="0" index="0" bw="16" slack="3"/>
<pin id="692" dir="1" index="1" bw="16" slack="0"/>
</pin_list>
<bind>
<opcode="load(27) " fcode="load"/>
<opset="REG_V_50_loc_load/4 "/>
</bind>
</comp>

<comp id="693" class="1004" name="REG_V_49_loc_load_load_fu_693">
<pin_list>
<pin id="694" dir="0" index="0" bw="16" slack="3"/>
<pin id="695" dir="1" index="1" bw="16" slack="0"/>
</pin_list>
<bind>
<opcode="load(27) " fcode="load"/>
<opset="REG_V_49_loc_load/4 "/>
</bind>
</comp>

<comp id="696" class="1004" name="REG_V_48_loc_load_load_fu_696">
<pin_list>
<pin id="697" dir="0" index="0" bw="16" slack="3"/>
<pin id="698" dir="1" index="1" bw="16" slack="0"/>
</pin_list>
<bind>
<opcode="load(27) " fcode="load"/>
<opset="REG_V_48_loc_load/4 "/>
</bind>
</comp>

<comp id="699" class="1004" name="REG_V_47_loc_load_load_fu_699">
<pin_list>
<pin id="700" dir="0" index="0" bw="16" slack="3"/>
<pin id="701" dir="1" index="1" bw="16" slack="0"/>
</pin_list>
<bind>
<opcode="load(27) " fcode="load"/>
<opset="REG_V_47_loc_load/4 "/>
</bind>
</comp>

<comp id="702" class="1004" name="REG_V_46_loc_load_load_fu_702">
<pin_list>
<pin id="703" dir="0" index="0" bw="16" slack="3"/>
<pin id="704" dir="1" index="1" bw="16" slack="0"/>
</pin_list>
<bind>
<opcode="load(27) " fcode="load"/>
<opset="REG_V_46_loc_load/4 "/>
</bind>
</comp>

<comp id="705" class="1004" name="REG_V_45_loc_load_load_fu_705">
<pin_list>
<pin id="706" dir="0" index="0" bw="16" slack="3"/>
<pin id="707" dir="1" index="1" bw="16" slack="0"/>
</pin_list>
<bind>
<opcode="load(27) " fcode="load"/>
<opset="REG_V_45_loc_load/4 "/>
</bind>
</comp>

<comp id="708" class="1004" name="REG_V_44_loc_load_load_fu_708">
<pin_list>
<pin id="709" dir="0" index="0" bw="16" slack="3"/>
<pin id="710" dir="1" index="1" bw="16" slack="0"/>
</pin_list>
<bind>
<opcode="load(27) " fcode="load"/>
<opset="REG_V_44_loc_load/4 "/>
</bind>
</comp>

<comp id="711" class="1004" name="REG_V_43_loc_load_load_fu_711">
<pin_list>
<pin id="712" dir="0" index="0" bw="16" slack="3"/>
<pin id="713" dir="1" index="1" bw="16" slack="0"/>
</pin_list>
<bind>
<opcode="load(27) " fcode="load"/>
<opset="REG_V_43_loc_load/4 "/>
</bind>
</comp>

<comp id="714" class="1004" name="REG_V_42_loc_load_load_fu_714">
<pin_list>
<pin id="715" dir="0" index="0" bw="16" slack="3"/>
<pin id="716" dir="1" index="1" bw="16" slack="0"/>
</pin_list>
<bind>
<opcode="load(27) " fcode="load"/>
<opset="REG_V_42_loc_load/4 "/>
</bind>
</comp>

<comp id="717" class="1004" name="REG_V_41_loc_load_load_fu_717">
<pin_list>
<pin id="718" dir="0" index="0" bw="16" slack="3"/>
<pin id="719" dir="1" index="1" bw="16" slack="0"/>
</pin_list>
<bind>
<opcode="load(27) " fcode="load"/>
<opset="REG_V_41_loc_load/4 "/>
</bind>
</comp>

<comp id="720" class="1004" name="REG_V_40_loc_load_load_fu_720">
<pin_list>
<pin id="721" dir="0" index="0" bw="16" slack="3"/>
<pin id="722" dir="1" index="1" bw="16" slack="0"/>
</pin_list>
<bind>
<opcode="load(27) " fcode="load"/>
<opset="REG_V_40_loc_load/4 "/>
</bind>
</comp>

<comp id="723" class="1004" name="REG_V_39_loc_load_load_fu_723">
<pin_list>
<pin id="724" dir="0" index="0" bw="16" slack="3"/>
<pin id="725" dir="1" index="1" bw="16" slack="0"/>
</pin_list>
<bind>
<opcode="load(27) " fcode="load"/>
<opset="REG_V_39_loc_load/4 "/>
</bind>
</comp>

<comp id="726" class="1004" name="REG_V_38_loc_load_load_fu_726">
<pin_list>
<pin id="727" dir="0" index="0" bw="16" slack="3"/>
<pin id="728" dir="1" index="1" bw="16" slack="0"/>
</pin_list>
<bind>
<opcode="load(27) " fcode="load"/>
<opset="REG_V_38_loc_load/4 "/>
</bind>
</comp>

<comp id="729" class="1004" name="REG_V_37_loc_load_load_fu_729">
<pin_list>
<pin id="730" dir="0" index="0" bw="16" slack="3"/>
<pin id="731" dir="1" index="1" bw="16" slack="0"/>
</pin_list>
<bind>
<opcode="load(27) " fcode="load"/>
<opset="REG_V_37_loc_load/4 "/>
</bind>
</comp>

<comp id="732" class="1004" name="REG_V_36_loc_load_load_fu_732">
<pin_list>
<pin id="733" dir="0" index="0" bw="16" slack="3"/>
<pin id="734" dir="1" index="1" bw="16" slack="0"/>
</pin_list>
<bind>
<opcode="load(27) " fcode="load"/>
<opset="REG_V_36_loc_load/4 "/>
</bind>
</comp>

<comp id="735" class="1004" name="REG_V_35_loc_load_load_fu_735">
<pin_list>
<pin id="736" dir="0" index="0" bw="16" slack="3"/>
<pin id="737" dir="1" index="1" bw="16" slack="0"/>
</pin_list>
<bind>
<opcode="load(27) " fcode="load"/>
<opset="REG_V_35_loc_load/4 "/>
</bind>
</comp>

<comp id="738" class="1004" name="REG_V_34_loc_load_load_fu_738">
<pin_list>
<pin id="739" dir="0" index="0" bw="16" slack="3"/>
<pin id="740" dir="1" index="1" bw="16" slack="0"/>
</pin_list>
<bind>
<opcode="load(27) " fcode="load"/>
<opset="REG_V_34_loc_load/4 "/>
</bind>
</comp>

<comp id="741" class="1004" name="REG_V_33_loc_load_load_fu_741">
<pin_list>
<pin id="742" dir="0" index="0" bw="16" slack="3"/>
<pin id="743" dir="1" index="1" bw="16" slack="0"/>
</pin_list>
<bind>
<opcode="load(27) " fcode="load"/>
<opset="REG_V_33_loc_load/4 "/>
</bind>
</comp>

<comp id="744" class="1004" name="REG_V_32_loc_load_load_fu_744">
<pin_list>
<pin id="745" dir="0" index="0" bw="16" slack="3"/>
<pin id="746" dir="1" index="1" bw="16" slack="0"/>
</pin_list>
<bind>
<opcode="load(27) " fcode="load"/>
<opset="REG_V_32_loc_load/4 "/>
</bind>
</comp>

<comp id="747" class="1004" name="self_sum_V_loc_load_load_fu_747">
<pin_list>
<pin id="748" dir="0" index="0" bw="32" slack="3"/>
<pin id="749" dir="1" index="1" bw="32" slack="0"/>
</pin_list>
<bind>
<opcode="load(27) " fcode="load"/>
<opset="self_sum_V_loc_load/4 "/>
</bind>
</comp>

<comp id="751" class="1004" name="lshr_ln_fu_751">
<pin_list>
<pin id="752" dir="0" index="0" bw="4" slack="0"/>
<pin id="753" dir="0" index="1" bw="2" slack="2"/>
<pin id="754" dir="0" index="2" bw="2" slack="2"/>
<pin id="755" dir="1" index="3" bw="4" slack="0"/>
</pin_list>
<bind>
<opcode="bitconcatenate(1004) " fcode="bitconcatenate"/>
<opset="lshr_ln/4 "/>
</bind>
</comp>

<comp id="757" class="1004" name="zext_ln75_fu_757">
<pin_list>
<pin id="758" dir="0" index="0" bw="4" slack="0"/>
<pin id="759" dir="1" index="1" bw="64" slack="0"/>
</pin_list>
<bind>
<opcode="zext(34) " fcode="zext"/>
<opset="zext_ln75/4 "/>
</bind>
</comp>

<comp id="762" class="1004" name="add_ln58_fu_762">
<pin_list>
<pin id="763" dir="0" index="0" bw="3" slack="2147483647"/>
<pin id="764" dir="0" index="1" bw="1" slack="0"/>
<pin id="765" dir="1" index="2" bw="3" slack="0"/>
</pin_list>
<bind>
<opcode="add(8) " fcode="add"/>
<opset="add_ln58/4 "/>
</bind>
</comp>

<comp id="767" class="1004" name="store_ln58_store_fu_767">
<pin_list>
<pin id="768" dir="0" index="0" bw="2" slack="2"/>
<pin id="769" dir="0" index="1" bw="2" slack="3"/>
<pin id="770" dir="1" index="2" bw="0" slack="2147483647"/>
</pin_list>
<bind>
<opcode="store(28) " fcode="store"/>
<opset="store_ln58/4 "/>
</bind>
</comp>

<comp id="771" class="1004" name="store_ln58_store_fu_771">
<pin_list>
<pin id="772" dir="0" index="0" bw="16" slack="0"/>
<pin id="773" dir="0" index="1" bw="16" slack="3"/>
<pin id="774" dir="1" index="2" bw="0" slack="2147483647"/>
</pin_list>
<bind>
<opcode="store(28) " fcode="store"/>
<opset="store_ln58/4 "/>
</bind>
</comp>

<comp id="776" class="1004" name="store_ln58_store_fu_776">
<pin_list>
<pin id="777" dir="0" index="0" bw="16" slack="0"/>
<pin id="778" dir="0" index="1" bw="16" slack="3"/>
<pin id="779" dir="1" index="2" bw="0" slack="2147483647"/>
</pin_list>
<bind>
<opcode="store(28) " fcode="store"/>
<opset="store_ln58/4 "/>
</bind>
</comp>

<comp id="781" class="1004" name="store_ln58_store_fu_781">
<pin_list>
<pin id="782" dir="0" index="0" bw="16" slack="0"/>
<pin id="783" dir="0" index="1" bw="16" slack="3"/>
<pin id="784" dir="1" index="2" bw="0" slack="2147483647"/>
</pin_list>
<bind>
<opcode="store(28) " fcode="store"/>
<opset="store_ln58/4 "/>
</bind>
</comp>

<comp id="786" class="1004" name="store_ln58_store_fu_786">
<pin_list>
<pin id="787" dir="0" index="0" bw="16" slack="0"/>
<pin id="788" dir="0" index="1" bw="16" slack="3"/>
<pin id="789" dir="1" index="2" bw="0" slack="2147483647"/>
</pin_list>
<bind>
<opcode="store(28) " fcode="store"/>
<opset="store_ln58/4 "/>
</bind>
</comp>

<comp id="791" class="1004" name="store_ln58_store_fu_791">
<pin_list>
<pin id="792" dir="0" index="0" bw="16" slack="0"/>
<pin id="793" dir="0" index="1" bw="16" slack="3"/>
<pin id="794" dir="1" index="2" bw="0" slack="2147483647"/>
</pin_list>
<bind>
<opcode="store(28) " fcode="store"/>
<opset="store_ln58/4 "/>
</bind>
</comp>

<comp id="796" class="1004" name="store_ln58_store_fu_796">
<pin_list>
<pin id="797" dir="0" index="0" bw="16" slack="0"/>
<pin id="798" dir="0" index="1" bw="16" slack="3"/>
<pin id="799" dir="1" index="2" bw="0" slack="2147483647"/>
</pin_list>
<bind>
<opcode="store(28) " fcode="store"/>
<opset="store_ln58/4 "/>
</bind>
</comp>

<comp id="801" class="1004" name="store_ln58_store_fu_801">
<pin_list>
<pin id="802" dir="0" index="0" bw="16" slack="0"/>
<pin id="803" dir="0" index="1" bw="16" slack="3"/>
<pin id="804" dir="1" index="2" bw="0" slack="2147483647"/>
</pin_list>
<bind>
<opcode="store(28) " fcode="store"/>
<opset="store_ln58/4 "/>
</bind>
</comp>

<comp id="806" class="1004" name="store_ln58_store_fu_806">
<pin_list>
<pin id="807" dir="0" index="0" bw="16" slack="0"/>
<pin id="808" dir="0" index="1" bw="16" slack="3"/>
<pin id="809" dir="1" index="2" bw="0" slack="2147483647"/>
</pin_list>
<bind>
<opcode="store(28) " fcode="store"/>
<opset="store_ln58/4 "/>
</bind>
</comp>

<comp id="811" class="1004" name="store_ln58_store_fu_811">
<pin_list>
<pin id="812" dir="0" index="0" bw="16" slack="0"/>
<pin id="813" dir="0" index="1" bw="16" slack="3"/>
<pin id="814" dir="1" index="2" bw="0" slack="2147483647"/>
</pin_list>
<bind>
<opcode="store(28) " fcode="store"/>
<opset="store_ln58/4 "/>
</bind>
</comp>

<comp id="816" class="1004" name="store_ln58_store_fu_816">
<pin_list>
<pin id="817" dir="0" index="0" bw="16" slack="0"/>
<pin id="818" dir="0" index="1" bw="16" slack="3"/>
<pin id="819" dir="1" index="2" bw="0" slack="2147483647"/>
</pin_list>
<bind>
<opcode="store(28) " fcode="store"/>
<opset="store_ln58/4 "/>
</bind>
</comp>

<comp id="821" class="1004" name="store_ln58_store_fu_821">
<pin_list>
<pin id="822" dir="0" index="0" bw="16" slack="0"/>
<pin id="823" dir="0" index="1" bw="16" slack="3"/>
<pin id="824" dir="1" index="2" bw="0" slack="2147483647"/>
</pin_list>
<bind>
<opcode="store(28) " fcode="store"/>
<opset="store_ln58/4 "/>
</bind>
</comp>

<comp id="826" class="1004" name="store_ln58_store_fu_826">
<pin_list>
<pin id="827" dir="0" index="0" bw="16" slack="0"/>
<pin id="828" dir="0" index="1" bw="16" slack="3"/>
<pin id="829" dir="1" index="2" bw="0" slack="2147483647"/>
</pin_list>
<bind>
<opcode="store(28) " fcode="store"/>
<opset="store_ln58/4 "/>
</bind>
</comp>

<comp id="831" class="1004" name="store_ln58_store_fu_831">
<pin_list>
<pin id="832" dir="0" index="0" bw="16" slack="0"/>
<pin id="833" dir="0" index="1" bw="16" slack="3"/>
<pin id="834" dir="1" index="2" bw="0" slack="2147483647"/>
</pin_list>
<bind>
<opcode="store(28) " fcode="store"/>
<opset="store_ln58/4 "/>
</bind>
</comp>

<comp id="836" class="1004" name="store_ln58_store_fu_836">
<pin_list>
<pin id="837" dir="0" index="0" bw="16" slack="0"/>
<pin id="838" dir="0" index="1" bw="16" slack="3"/>
<pin id="839" dir="1" index="2" bw="0" slack="2147483647"/>
</pin_list>
<bind>
<opcode="store(28) " fcode="store"/>
<opset="store_ln58/4 "/>
</bind>
</comp>

<comp id="841" class="1004" name="store_ln58_store_fu_841">
<pin_list>
<pin id="842" dir="0" index="0" bw="16" slack="0"/>
<pin id="843" dir="0" index="1" bw="16" slack="3"/>
<pin id="844" dir="1" index="2" bw="0" slack="2147483647"/>
</pin_list>
<bind>
<opcode="store(28) " fcode="store"/>
<opset="store_ln58/4 "/>
</bind>
</comp>

<comp id="846" class="1004" name="store_ln58_store_fu_846">
<pin_list>
<pin id="847" dir="0" index="0" bw="16" slack="0"/>
<pin id="848" dir="0" index="1" bw="16" slack="3"/>
<pin id="849" dir="1" index="2" bw="0" slack="2147483647"/>
</pin_list>
<bind>
<opcode="store(28) " fcode="store"/>
<opset="store_ln58/4 "/>
</bind>
</comp>

<comp id="851" class="1004" name="store_ln58_store_fu_851">
<pin_list>
<pin id="852" dir="0" index="0" bw="16" slack="0"/>
<pin id="853" dir="0" index="1" bw="16" slack="3"/>
<pin id="854" dir="1" index="2" bw="0" slack="2147483647"/>
</pin_list>
<bind>
<opcode="store(28) " fcode="store"/>
<opset="store_ln58/4 "/>
</bind>
</comp>

<comp id="856" class="1004" name="store_ln58_store_fu_856">
<pin_list>
<pin id="857" dir="0" index="0" bw="16" slack="0"/>
<pin id="858" dir="0" index="1" bw="16" slack="3"/>
<pin id="859" dir="1" index="2" bw="0" slack="2147483647"/>
</pin_list>
<bind>
<opcode="store(28) " fcode="store"/>
<opset="store_ln58/4 "/>
</bind>
</comp>

<comp id="861" class="1004" name="store_ln58_store_fu_861">
<pin_list>
<pin id="862" dir="0" index="0" bw="16" slack="0"/>
<pin id="863" dir="0" index="1" bw="16" slack="3"/>
<pin id="864" dir="1" index="2" bw="0" slack="2147483647"/>
</pin_list>
<bind>
<opcode="store(28) " fcode="store"/>
<opset="store_ln58/4 "/>
</bind>
</comp>

<comp id="866" class="1004" name="store_ln58_store_fu_866">
<pin_list>
<pin id="867" dir="0" index="0" bw="16" slack="0"/>
<pin id="868" dir="0" index="1" bw="16" slack="3"/>
<pin id="869" dir="1" index="2" bw="0" slack="2147483647"/>
</pin_list>
<bind>
<opcode="store(28) " fcode="store"/>
<opset="store_ln58/4 "/>
</bind>
</comp>

<comp id="871" class="1004" name="store_ln58_store_fu_871">
<pin_list>
<pin id="872" dir="0" index="0" bw="16" slack="0"/>
<pin id="873" dir="0" index="1" bw="16" slack="3"/>
<pin id="874" dir="1" index="2" bw="0" slack="2147483647"/>
</pin_list>
<bind>
<opcode="store(28) " fcode="store"/>
<opset="store_ln58/4 "/>
</bind>
</comp>

<comp id="876" class="1004" name="store_ln58_store_fu_876">
<pin_list>
<pin id="877" dir="0" index="0" bw="16" slack="0"/>
<pin id="878" dir="0" index="1" bw="16" slack="3"/>
<pin id="879" dir="1" index="2" bw="0" slack="2147483647"/>
</pin_list>
<bind>
<opcode="store(28) " fcode="store"/>
<opset="store_ln58/4 "/>
</bind>
</comp>

<comp id="881" class="1004" name="store_ln58_store_fu_881">
<pin_list>
<pin id="882" dir="0" index="0" bw="16" slack="0"/>
<pin id="883" dir="0" index="1" bw="16" slack="3"/>
<pin id="884" dir="1" index="2" bw="0" slack="2147483647"/>
</pin_list>
<bind>
<opcode="store(28) " fcode="store"/>
<opset="store_ln58/4 "/>
</bind>
</comp>

<comp id="886" class="1004" name="store_ln58_store_fu_886">
<pin_list>
<pin id="887" dir="0" index="0" bw="16" slack="0"/>
<pin id="888" dir="0" index="1" bw="16" slack="3"/>
<pin id="889" dir="1" index="2" bw="0" slack="2147483647"/>
</pin_list>
<bind>
<opcode="store(28) " fcode="store"/>
<opset="store_ln58/4 "/>
</bind>
</comp>

<comp id="891" class="1004" name="store_ln58_store_fu_891">
<pin_list>
<pin id="892" dir="0" index="0" bw="16" slack="0"/>
<pin id="893" dir="0" index="1" bw="16" slack="3"/>
<pin id="894" dir="1" index="2" bw="0" slack="2147483647"/>
</pin_list>
<bind>
<opcode="store(28) " fcode="store"/>
<opset="store_ln58/4 "/>
</bind>
</comp>

<comp id="896" class="1004" name="store_ln58_store_fu_896">
<pin_list>
<pin id="897" dir="0" index="0" bw="16" slack="0"/>
<pin id="898" dir="0" index="1" bw="16" slack="3"/>
<pin id="899" dir="1" index="2" bw="0" slack="2147483647"/>
</pin_list>
<bind>
<opcode="store(28) " fcode="store"/>
<opset="store_ln58/4 "/>
</bind>
</comp>

<comp id="901" class="1004" name="store_ln58_store_fu_901">
<pin_list>
<pin id="902" dir="0" index="0" bw="16" slack="0"/>
<pin id="903" dir="0" index="1" bw="16" slack="3"/>
<pin id="904" dir="1" index="2" bw="0" slack="2147483647"/>
</pin_list>
<bind>
<opcode="store(28) " fcode="store"/>
<opset="store_ln58/4 "/>
</bind>
</comp>

<comp id="906" class="1004" name="store_ln58_store_fu_906">
<pin_list>
<pin id="907" dir="0" index="0" bw="16" slack="0"/>
<pin id="908" dir="0" index="1" bw="16" slack="3"/>
<pin id="909" dir="1" index="2" bw="0" slack="2147483647"/>
</pin_list>
<bind>
<opcode="store(28) " fcode="store"/>
<opset="store_ln58/4 "/>
</bind>
</comp>

<comp id="911" class="1004" name="store_ln58_store_fu_911">
<pin_list>
<pin id="912" dir="0" index="0" bw="16" slack="0"/>
<pin id="913" dir="0" index="1" bw="16" slack="3"/>
<pin id="914" dir="1" index="2" bw="0" slack="2147483647"/>
</pin_list>
<bind>
<opcode="store(28) " fcode="store"/>
<opset="store_ln58/4 "/>
</bind>
</comp>

<comp id="916" class="1004" name="store_ln58_store_fu_916">
<pin_list>
<pin id="917" dir="0" index="0" bw="16" slack="0"/>
<pin id="918" dir="0" index="1" bw="16" slack="3"/>
<pin id="919" dir="1" index="2" bw="0" slack="2147483647"/>
</pin_list>
<bind>
<opcode="store(28) " fcode="store"/>
<opset="store_ln58/4 "/>
</bind>
</comp>

<comp id="921" class="1004" name="store_ln58_store_fu_921">
<pin_list>
<pin id="922" dir="0" index="0" bw="16" slack="0"/>
<pin id="923" dir="0" index="1" bw="16" slack="3"/>
<pin id="924" dir="1" index="2" bw="0" slack="2147483647"/>
</pin_list>
<bind>
<opcode="store(28) " fcode="store"/>
<opset="store_ln58/4 "/>
</bind>
</comp>

<comp id="926" class="1004" name="store_ln58_store_fu_926">
<pin_list>
<pin id="927" dir="0" index="0" bw="16" slack="0"/>
<pin id="928" dir="0" index="1" bw="16" slack="3"/>
<pin id="929" dir="1" index="2" bw="0" slack="2147483647"/>
</pin_list>
<bind>
<opcode="store(28) " fcode="store"/>
<opset="store_ln58/4 "/>
</bind>
</comp>

<comp id="931" class="1004" name="store_ln58_store_fu_931">
<pin_list>
<pin id="932" dir="0" index="0" bw="3" slack="0"/>
<pin id="933" dir="0" index="1" bw="3" slack="3"/>
<pin id="934" dir="1" index="2" bw="0" slack="2147483647"/>
</pin_list>
<bind>
<opcode="store(28) " fcode="store"/>
<opset="store_ln58/4 "/>
</bind>
</comp>

<comp id="936" class="1005" name="i_reg_936">
<pin_list>
<pin id="937" dir="0" index="0" bw="3" slack="0"/>
<pin id="938" dir="1" index="1" bw="3" slack="0"/>
</pin_list>
<bind>
<opset="i "/>
</bind>
</comp>

<comp id="943" class="1005" name="REG_V_reg_943">
<pin_list>
<pin id="944" dir="0" index="0" bw="16" slack="1"/>
<pin id="945" dir="1" index="1" bw="16" slack="1"/>
</pin_list>
<bind>
<opset="REG_V "/>
</bind>
</comp>

<comp id="949" class="1005" name="REG_V_1_reg_949">
<pin_list>
<pin id="950" dir="0" index="0" bw="16" slack="1"/>
<pin id="951" dir="1" index="1" bw="16" slack="1"/>
</pin_list>
<bind>
<opset="REG_V_1 "/>
</bind>
</comp>

<comp id="955" class="1005" name="REG_V_2_reg_955">
<pin_list>
<pin id="956" dir="0" index="0" bw="16" slack="1"/>
<pin id="957" dir="1" index="1" bw="16" slack="1"/>
</pin_list>
<bind>
<opset="REG_V_2 "/>
</bind>
</comp>

<comp id="961" class="1005" name="REG_V_3_reg_961">
<pin_list>
<pin id="962" dir="0" index="0" bw="16" slack="1"/>
<pin id="963" dir="1" index="1" bw="16" slack="1"/>
</pin_list>
<bind>
<opset="REG_V_3 "/>
</bind>
</comp>

<comp id="967" class="1005" name="REG_V_4_reg_967">
<pin_list>
<pin id="968" dir="0" index="0" bw="16" slack="1"/>
<pin id="969" dir="1" index="1" bw="16" slack="1"/>
</pin_list>
<bind>
<opset="REG_V_4 "/>
</bind>
</comp>

<comp id="973" class="1005" name="REG_V_5_reg_973">
<pin_list>
<pin id="974" dir="0" index="0" bw="16" slack="1"/>
<pin id="975" dir="1" index="1" bw="16" slack="1"/>
</pin_list>
<bind>
<opset="REG_V_5 "/>
</bind>
</comp>

<comp id="979" class="1005" name="REG_V_6_reg_979">
<pin_list>
<pin id="980" dir="0" index="0" bw="16" slack="1"/>
<pin id="981" dir="1" index="1" bw="16" slack="1"/>
</pin_list>
<bind>
<opset="REG_V_6 "/>
</bind>
</comp>

<comp id="985" class="1005" name="REG_V_7_reg_985">
<pin_list>
<pin id="986" dir="0" index="0" bw="16" slack="1"/>
<pin id="987" dir="1" index="1" bw="16" slack="1"/>
</pin_list>
<bind>
<opset="REG_V_7 "/>
</bind>
</comp>

<comp id="991" class="1005" name="REG_V_8_reg_991">
<pin_list>
<pin id="992" dir="0" index="0" bw="16" slack="1"/>
<pin id="993" dir="1" index="1" bw="16" slack="1"/>
</pin_list>
<bind>
<opset="REG_V_8 "/>
</bind>
</comp>

<comp id="997" class="1005" name="REG_V_9_reg_997">
<pin_list>
<pin id="998" dir="0" index="0" bw="16" slack="1"/>
<pin id="999" dir="1" index="1" bw="16" slack="1"/>
</pin_list>
<bind>
<opset="REG_V_9 "/>
</bind>
</comp>

<comp id="1003" class="1005" name="REG_V_10_reg_1003">
<pin_list>
<pin id="1004" dir="0" index="0" bw="16" slack="1"/>
<pin id="1005" dir="1" index="1" bw="16" slack="1"/>
</pin_list>
<bind>
<opset="REG_V_10 "/>
</bind>
</comp>

<comp id="1009" class="1005" name="REG_V_11_reg_1009">
<pin_list>
<pin id="1010" dir="0" index="0" bw="16" slack="1"/>
<pin id="1011" dir="1" index="1" bw="16" slack="1"/>
</pin_list>
<bind>
<opset="REG_V_11 "/>
</bind>
</comp>

<comp id="1015" class="1005" name="REG_V_12_reg_1015">
<pin_list>
<pin id="1016" dir="0" index="0" bw="16" slack="1"/>
<pin id="1017" dir="1" index="1" bw="16" slack="1"/>
</pin_list>
<bind>
<opset="REG_V_12 "/>
</bind>
</comp>

<comp id="1021" class="1005" name="REG_V_13_reg_1021">
<pin_list>
<pin id="1022" dir="0" index="0" bw="16" slack="1"/>
<pin id="1023" dir="1" index="1" bw="16" slack="1"/>
</pin_list>
<bind>
<opset="REG_V_13 "/>
</bind>
</comp>

<comp id="1027" class="1005" name="REG_V_14_reg_1027">
<pin_list>
<pin id="1028" dir="0" index="0" bw="16" slack="1"/>
<pin id="1029" dir="1" index="1" bw="16" slack="1"/>
</pin_list>
<bind>
<opset="REG_V_14 "/>
</bind>
</comp>

<comp id="1033" class="1005" name="REG_V_15_reg_1033">
<pin_list>
<pin id="1034" dir="0" index="0" bw="16" slack="1"/>
<pin id="1035" dir="1" index="1" bw="16" slack="1"/>
</pin_list>
<bind>
<opset="REG_V_15 "/>
</bind>
</comp>

<comp id="1039" class="1005" name="REG_V_16_reg_1039">
<pin_list>
<pin id="1040" dir="0" index="0" bw="16" slack="1"/>
<pin id="1041" dir="1" index="1" bw="16" slack="1"/>
</pin_list>
<bind>
<opset="REG_V_16 "/>
</bind>
</comp>

<comp id="1045" class="1005" name="REG_V_17_reg_1045">
<pin_list>
<pin id="1046" dir="0" index="0" bw="16" slack="1"/>
<pin id="1047" dir="1" index="1" bw="16" slack="1"/>
</pin_list>
<bind>
<opset="REG_V_17 "/>
</bind>
</comp>

<comp id="1051" class="1005" name="REG_V_18_reg_1051">
<pin_list>
<pin id="1052" dir="0" index="0" bw="16" slack="1"/>
<pin id="1053" dir="1" index="1" bw="16" slack="1"/>
</pin_list>
<bind>
<opset="REG_V_18 "/>
</bind>
</comp>

<comp id="1057" class="1005" name="REG_V_19_reg_1057">
<pin_list>
<pin id="1058" dir="0" index="0" bw="16" slack="1"/>
<pin id="1059" dir="1" index="1" bw="16" slack="1"/>
</pin_list>
<bind>
<opset="REG_V_19 "/>
</bind>
</comp>

<comp id="1063" class="1005" name="REG_V_20_reg_1063">
<pin_list>
<pin id="1064" dir="0" index="0" bw="16" slack="1"/>
<pin id="1065" dir="1" index="1" bw="16" slack="1"/>
</pin_list>
<bind>
<opset="REG_V_20 "/>
</bind>
</comp>

<comp id="1069" class="1005" name="REG_V_21_reg_1069">
<pin_list>
<pin id="1070" dir="0" index="0" bw="16" slack="1"/>
<pin id="1071" dir="1" index="1" bw="16" slack="1"/>
</pin_list>
<bind>
<opset="REG_V_21 "/>
</bind>
</comp>

<comp id="1075" class="1005" name="REG_V_22_reg_1075">
<pin_list>
<pin id="1076" dir="0" index="0" bw="16" slack="1"/>
<pin id="1077" dir="1" index="1" bw="16" slack="1"/>
</pin_list>
<bind>
<opset="REG_V_22 "/>
</bind>
</comp>

<comp id="1081" class="1005" name="REG_V_23_reg_1081">
<pin_list>
<pin id="1082" dir="0" index="0" bw="16" slack="1"/>
<pin id="1083" dir="1" index="1" bw="16" slack="1"/>
</pin_list>
<bind>
<opset="REG_V_23 "/>
</bind>
</comp>

<comp id="1087" class="1005" name="REG_V_24_reg_1087">
<pin_list>
<pin id="1088" dir="0" index="0" bw="16" slack="1"/>
<pin id="1089" dir="1" index="1" bw="16" slack="1"/>
</pin_list>
<bind>
<opset="REG_V_24 "/>
</bind>
</comp>

<comp id="1093" class="1005" name="REG_V_25_reg_1093">
<pin_list>
<pin id="1094" dir="0" index="0" bw="16" slack="1"/>
<pin id="1095" dir="1" index="1" bw="16" slack="1"/>
</pin_list>
<bind>
<opset="REG_V_25 "/>
</bind>
</comp>

<comp id="1099" class="1005" name="REG_V_26_reg_1099">
<pin_list>
<pin id="1100" dir="0" index="0" bw="16" slack="1"/>
<pin id="1101" dir="1" index="1" bw="16" slack="1"/>
</pin_list>
<bind>
<opset="REG_V_26 "/>
</bind>
</comp>

<comp id="1105" class="1005" name="REG_V_27_reg_1105">
<pin_list>
<pin id="1106" dir="0" index="0" bw="16" slack="1"/>
<pin id="1107" dir="1" index="1" bw="16" slack="1"/>
</pin_list>
<bind>
<opset="REG_V_27 "/>
</bind>
</comp>

<comp id="1111" class="1005" name="REG_V_28_reg_1111">
<pin_list>
<pin id="1112" dir="0" index="0" bw="16" slack="1"/>
<pin id="1113" dir="1" index="1" bw="16" slack="1"/>
</pin_list>
<bind>
<opset="REG_V_28 "/>
</bind>
</comp>

<comp id="1117" class="1005" name="REG_V_29_reg_1117">
<pin_list>
<pin id="1118" dir="0" index="0" bw="16" slack="1"/>
<pin id="1119" dir="1" index="1" bw="16" slack="1"/>
</pin_list>
<bind>
<opset="REG_V_29 "/>
</bind>
</comp>

<comp id="1123" class="1005" name="REG_V_30_reg_1123">
<pin_list>
<pin id="1124" dir="0" index="0" bw="16" slack="1"/>
<pin id="1125" dir="1" index="1" bw="16" slack="1"/>
</pin_list>
<bind>
<opset="REG_V_30 "/>
</bind>
</comp>

<comp id="1129" class="1005" name="REG_V_31_reg_1129">
<pin_list>
<pin id="1130" dir="0" index="0" bw="16" slack="1"/>
<pin id="1131" dir="1" index="1" bw="16" slack="1"/>
</pin_list>
<bind>
<opset="REG_V_31 "/>
</bind>
</comp>

<comp id="1135" class="1005" name="indvars_iv1_reg_1135">
<pin_list>
<pin id="1136" dir="0" index="0" bw="2" slack="0"/>
<pin id="1137" dir="1" index="1" bw="2" slack="0"/>
</pin_list>
<bind>
<opset="indvars_iv1 "/>
</bind>
</comp>

<comp id="1142" class="1005" name="phase_read_reg_1142">
<pin_list>
<pin id="1143" dir="0" index="0" bw="1" slack="3"/>
<pin id="1144" dir="1" index="1" bw="1" slack="4"/>
</pin_list>
<bind>
<opset="phase_read "/>
</bind>
</comp>

<comp id="1147" class="1005" name="self_sum_V_loc_reg_1147">
<pin_list>
<pin id="1148" dir="0" index="0" bw="32" slack="1"/>
<pin id="1149" dir="1" index="1" bw="32" slack="1"/>
</pin_list>
<bind>
<opset="self_sum_V_loc "/>
</bind>
</comp>

<comp id="1153" class="1005" name="REG_V_32_loc_reg_1153">
<pin_list>
<pin id="1154" dir="0" index="0" bw="16" slack="1"/>
<pin id="1155" dir="1" index="1" bw="16" slack="1"/>
</pin_list>
<bind>
<opset="REG_V_32_loc "/>
</bind>
</comp>

<comp id="1159" class="1005" name="REG_V_33_loc_reg_1159">
<pin_list>
<pin id="1160" dir="0" index="0" bw="16" slack="1"/>
<pin id="1161" dir="1" index="1" bw="16" slack="1"/>
</pin_list>
<bind>
<opset="REG_V_33_loc "/>
</bind>
</comp>

<comp id="1165" class="1005" name="REG_V_34_loc_reg_1165">
<pin_list>
<pin id="1166" dir="0" index="0" bw="16" slack="1"/>
<pin id="1167" dir="1" index="1" bw="16" slack="1"/>
</pin_list>
<bind>
<opset="REG_V_34_loc "/>
</bind>
</comp>

<comp id="1171" class="1005" name="REG_V_35_loc_reg_1171">
<pin_list>
<pin id="1172" dir="0" index="0" bw="16" slack="1"/>
<pin id="1173" dir="1" index="1" bw="16" slack="1"/>
</pin_list>
<bind>
<opset="REG_V_35_loc "/>
</bind>
</comp>

<comp id="1177" class="1005" name="REG_V_36_loc_reg_1177">
<pin_list>
<pin id="1178" dir="0" index="0" bw="16" slack="1"/>
<pin id="1179" dir="1" index="1" bw="16" slack="1"/>
</pin_list>
<bind>
<opset="REG_V_36_loc "/>
</bind>
</comp>

<comp id="1183" class="1005" name="REG_V_37_loc_reg_1183">
<pin_list>
<pin id="1184" dir="0" index="0" bw="16" slack="1"/>
<pin id="1185" dir="1" index="1" bw="16" slack="1"/>
</pin_list>
<bind>
<opset="REG_V_37_loc "/>
</bind>
</comp>

<comp id="1189" class="1005" name="REG_V_38_loc_reg_1189">
<pin_list>
<pin id="1190" dir="0" index="0" bw="16" slack="1"/>
<pin id="1191" dir="1" index="1" bw="16" slack="1"/>
</pin_list>
<bind>
<opset="REG_V_38_loc "/>
</bind>
</comp>

<comp id="1195" class="1005" name="REG_V_39_loc_reg_1195">
<pin_list>
<pin id="1196" dir="0" index="0" bw="16" slack="1"/>
<pin id="1197" dir="1" index="1" bw="16" slack="1"/>
</pin_list>
<bind>
<opset="REG_V_39_loc "/>
</bind>
</comp>

<comp id="1201" class="1005" name="REG_V_40_loc_reg_1201">
<pin_list>
<pin id="1202" dir="0" index="0" bw="16" slack="1"/>
<pin id="1203" dir="1" index="1" bw="16" slack="1"/>
</pin_list>
<bind>
<opset="REG_V_40_loc "/>
</bind>
</comp>

<comp id="1207" class="1005" name="REG_V_41_loc_reg_1207">
<pin_list>
<pin id="1208" dir="0" index="0" bw="16" slack="1"/>
<pin id="1209" dir="1" index="1" bw="16" slack="1"/>
</pin_list>
<bind>
<opset="REG_V_41_loc "/>
</bind>
</comp>

<comp id="1213" class="1005" name="REG_V_42_loc_reg_1213">
<pin_list>
<pin id="1214" dir="0" index="0" bw="16" slack="1"/>
<pin id="1215" dir="1" index="1" bw="16" slack="1"/>
</pin_list>
<bind>
<opset="REG_V_42_loc "/>
</bind>
</comp>

<comp id="1219" class="1005" name="REG_V_43_loc_reg_1219">
<pin_list>
<pin id="1220" dir="0" index="0" bw="16" slack="1"/>
<pin id="1221" dir="1" index="1" bw="16" slack="1"/>
</pin_list>
<bind>
<opset="REG_V_43_loc "/>
</bind>
</comp>

<comp id="1225" class="1005" name="REG_V_44_loc_reg_1225">
<pin_list>
<pin id="1226" dir="0" index="0" bw="16" slack="1"/>
<pin id="1227" dir="1" index="1" bw="16" slack="1"/>
</pin_list>
<bind>
<opset="REG_V_44_loc "/>
</bind>
</comp>

<comp id="1231" class="1005" name="REG_V_45_loc_reg_1231">
<pin_list>
<pin id="1232" dir="0" index="0" bw="16" slack="1"/>
<pin id="1233" dir="1" index="1" bw="16" slack="1"/>
</pin_list>
<bind>
<opset="REG_V_45_loc "/>
</bind>
</comp>

<comp id="1237" class="1005" name="REG_V_46_loc_reg_1237">
<pin_list>
<pin id="1238" dir="0" index="0" bw="16" slack="1"/>
<pin id="1239" dir="1" index="1" bw="16" slack="1"/>
</pin_list>
<bind>
<opset="REG_V_46_loc "/>
</bind>
</comp>

<comp id="1243" class="1005" name="REG_V_47_loc_reg_1243">
<pin_list>
<pin id="1244" dir="0" index="0" bw="16" slack="1"/>
<pin id="1245" dir="1" index="1" bw="16" slack="1"/>
</pin_list>
<bind>
<opset="REG_V_47_loc "/>
</bind>
</comp>

<comp id="1249" class="1005" name="REG_V_48_loc_reg_1249">
<pin_list>
<pin id="1250" dir="0" index="0" bw="16" slack="1"/>
<pin id="1251" dir="1" index="1" bw="16" slack="1"/>
</pin_list>
<bind>
<opset="REG_V_48_loc "/>
</bind>
</comp>

<comp id="1255" class="1005" name="REG_V_49_loc_reg_1255">
<pin_list>
<pin id="1256" dir="0" index="0" bw="16" slack="1"/>
<pin id="1257" dir="1" index="1" bw="16" slack="1"/>
</pin_list>
<bind>
<opset="REG_V_49_loc "/>
</bind>
</comp>

<comp id="1261" class="1005" name="REG_V_50_loc_reg_1261">
<pin_list>
<pin id="1262" dir="0" index="0" bw="16" slack="1"/>
<pin id="1263" dir="1" index="1" bw="16" slack="1"/>
</pin_list>
<bind>
<opset="REG_V_50_loc "/>
</bind>
</comp>

<comp id="1267" class="1005" name="REG_V_51_loc_reg_1267">
<pin_list>
<pin id="1268" dir="0" index="0" bw="16" slack="1"/>
<pin id="1269" dir="1" index="1" bw="16" slack="1"/>
</pin_list>
<bind>
<opset="REG_V_51_loc "/>
</bind>
</comp>

<comp id="1273" class="1005" name="REG_V_52_loc_reg_1273">
<pin_list>
<pin id="1274" dir="0" index="0" bw="16" slack="1"/>
<pin id="1275" dir="1" index="1" bw="16" slack="1"/>
</pin_list>
<bind>
<opset="REG_V_52_loc "/>
</bind>
</comp>

<comp id="1279" class="1005" name="REG_V_53_loc_reg_1279">
<pin_list>
<pin id="1280" dir="0" index="0" bw="16" slack="1"/>
<pin id="1281" dir="1" index="1" bw="16" slack="1"/>
</pin_list>
<bind>
<opset="REG_V_53_loc "/>
</bind>
</comp>

<comp id="1285" class="1005" name="REG_V_54_loc_reg_1285">
<pin_list>
<pin id="1286" dir="0" index="0" bw="16" slack="1"/>
<pin id="1287" dir="1" index="1" bw="16" slack="1"/>
</pin_list>
<bind>
<opset="REG_V_54_loc "/>
</bind>
</comp>

<comp id="1291" class="1005" name="REG_V_55_loc_reg_1291">
<pin_list>
<pin id="1292" dir="0" index="0" bw="16" slack="1"/>
<pin id="1293" dir="1" index="1" bw="16" slack="1"/>
</pin_list>
<bind>
<opset="REG_V_55_loc "/>
</bind>
</comp>

<comp id="1297" class="1005" name="REG_V_56_loc_reg_1297">
<pin_list>
<pin id="1298" dir="0" index="0" bw="16" slack="1"/>
<pin id="1299" dir="1" index="1" bw="16" slack="1"/>
</pin_list>
<bind>
<opset="REG_V_56_loc "/>
</bind>
</comp>

<comp id="1303" class="1005" name="REG_V_57_loc_reg_1303">
<pin_list>
<pin id="1304" dir="0" index="0" bw="16" slack="1"/>
<pin id="1305" dir="1" index="1" bw="16" slack="1"/>
</pin_list>
<bind>
<opset="REG_V_57_loc "/>
</bind>
</comp>

<comp id="1309" class="1005" name="REG_V_58_loc_reg_1309">
<pin_list>
<pin id="1310" dir="0" index="0" bw="16" slack="1"/>
<pin id="1311" dir="1" index="1" bw="16" slack="1"/>
</pin_list>
<bind>
<opset="REG_V_58_loc "/>
</bind>
</comp>

<comp id="1315" class="1005" name="REG_V_59_loc_reg_1315">
<pin_list>
<pin id="1316" dir="0" index="0" bw="16" slack="1"/>
<pin id="1317" dir="1" index="1" bw="16" slack="1"/>
</pin_list>
<bind>
<opset="REG_V_59_loc "/>
</bind>
</comp>

<comp id="1321" class="1005" name="REG_V_60_loc_reg_1321">
<pin_list>
<pin id="1322" dir="0" index="0" bw="16" slack="1"/>
<pin id="1323" dir="1" index="1" bw="16" slack="1"/>
</pin_list>
<bind>
<opset="REG_V_60_loc "/>
</bind>
</comp>

<comp id="1327" class="1005" name="REG_V_61_loc_reg_1327">
<pin_list>
<pin id="1328" dir="0" index="0" bw="16" slack="1"/>
<pin id="1329" dir="1" index="1" bw="16" slack="1"/>
</pin_list>
<bind>
<opset="REG_V_61_loc "/>
</bind>
</comp>

<comp id="1333" class="1005" name="REG_V_62_loc_reg_1333">
<pin_list>
<pin id="1334" dir="0" index="0" bw="16" slack="1"/>
<pin id="1335" dir="1" index="1" bw="16" slack="1"/>
</pin_list>
<bind>
<opset="REG_V_62_loc "/>
</bind>
</comp>

<comp id="1339" class="1005" name="REG_V_63_loc_reg_1339">
<pin_list>
<pin id="1340" dir="0" index="0" bw="16" slack="1"/>
<pin id="1341" dir="1" index="1" bw="16" slack="1"/>
</pin_list>
<bind>
<opset="REG_V_63_loc "/>
</bind>
</comp>

<comp id="1345" class="1005" name="dummy_reg_1345">
<pin_list>
<pin id="1346" dir="0" index="0" bw="1" slack="0"/>
<pin id="1347" dir="1" index="1" bw="1" slack="0"/>
</pin_list>
<bind>
<opset="dummy "/>
</bind>
</comp>

<comp id="1352" class="1005" name="i_1_reg_1352">
<pin_list>
<pin id="1353" dir="0" index="0" bw="3" slack="3"/>
<pin id="1354" dir="1" index="1" bw="3" slack="3"/>
</pin_list>
<bind>
<opset="i_1 "/>
</bind>
</comp>

<comp id="1357" class="1005" name="indvars_iv1_load_reg_1357">
<pin_list>
<pin id="1358" dir="0" index="0" bw="2" slack="3"/>
<pin id="1359" dir="1" index="1" bw="2" slack="3"/>
</pin_list>
<bind>
<opset="indvars_iv1_load "/>
</bind>
</comp>

<comp id="1365" class="1005" name="add_ln58_1_reg_1365">
<pin_list>
<pin id="1366" dir="0" index="0" bw="2" slack="2"/>
<pin id="1367" dir="1" index="1" bw="2" slack="2"/>
</pin_list>
<bind>
<opset="add_ln58_1 "/>
</bind>
</comp>

<comp id="1466" class="1005" name="empty_15_reg_1466">
<pin_list>
<pin id="1467" dir="0" index="0" bw="2" slack="1"/>
<pin id="1468" dir="1" index="1" bw="2" slack="1"/>
</pin_list>
<bind>
<opset="empty_15 "/>
</bind>
</comp>

</comp_list>

<net_list>
<net id="71"><net_src comp="10" pin="0"/><net_sink comp="68" pin=0"/></net>

<net id="75"><net_src comp="10" pin="0"/><net_sink comp="72" pin=0"/></net>

<net id="79"><net_src comp="10" pin="0"/><net_sink comp="76" pin=0"/></net>

<net id="83"><net_src comp="10" pin="0"/><net_sink comp="80" pin=0"/></net>

<net id="87"><net_src comp="10" pin="0"/><net_sink comp="84" pin=0"/></net>

<net id="91"><net_src comp="10" pin="0"/><net_sink comp="88" pin=0"/></net>

<net id="95"><net_src comp="10" pin="0"/><net_sink comp="92" pin=0"/></net>

<net id="99"><net_src comp="10" pin="0"/><net_sink comp="96" pin=0"/></net>

<net id="103"><net_src comp="10" pin="0"/><net_sink comp="100" pin=0"/></net>

<net id="107"><net_src comp="10" pin="0"/><net_sink comp="104" pin=0"/></net>

<net id="111"><net_src comp="10" pin="0"/><net_sink comp="108" pin=0"/></net>

<net id="115"><net_src comp="10" pin="0"/><net_sink comp="112" pin=0"/></net>

<net id="119"><net_src comp="10" pin="0"/><net_sink comp="116" pin=0"/></net>

<net id="123"><net_src comp="10" pin="0"/><net_sink comp="120" pin=0"/></net>

<net id="127"><net_src comp="10" pin="0"/><net_sink comp="124" pin=0"/></net>

<net id="131"><net_src comp="10" pin="0"/><net_sink comp="128" pin=0"/></net>

<net id="135"><net_src comp="10" pin="0"/><net_sink comp="132" pin=0"/></net>

<net id="139"><net_src comp="10" pin="0"/><net_sink comp="136" pin=0"/></net>

<net id="143"><net_src comp="10" pin="0"/><net_sink comp="140" pin=0"/></net>

<net id="147"><net_src comp="10" pin="0"/><net_sink comp="144" pin=0"/></net>

<net id="151"><net_src comp="10" pin="0"/><net_sink comp="148" pin=0"/></net>

<net id="155"><net_src comp="10" pin="0"/><net_sink comp="152" pin=0"/></net>

<net id="159"><net_src comp="10" pin="0"/><net_sink comp="156" pin=0"/></net>

<net id="163"><net_src comp="10" pin="0"/><net_sink comp="160" pin=0"/></net>

<net id="167"><net_src comp="10" pin="0"/><net_sink comp="164" pin=0"/></net>

<net id="171"><net_src comp="10" pin="0"/><net_sink comp="168" pin=0"/></net>

<net id="175"><net_src comp="10" pin="0"/><net_sink comp="172" pin=0"/></net>

<net id="179"><net_src comp="10" pin="0"/><net_sink comp="176" pin=0"/></net>

<net id="183"><net_src comp="10" pin="0"/><net_sink comp="180" pin=0"/></net>

<net id="187"><net_src comp="10" pin="0"/><net_sink comp="184" pin=0"/></net>

<net id="191"><net_src comp="10" pin="0"/><net_sink comp="188" pin=0"/></net>

<net id="195"><net_src comp="10" pin="0"/><net_sink comp="192" pin=0"/></net>

<net id="199"><net_src comp="10" pin="0"/><net_sink comp="196" pin=0"/></net>

<net id="203"><net_src comp="10" pin="0"/><net_sink comp="200" pin=0"/></net>

<net id="207"><net_src comp="14" pin="0"/><net_sink comp="204" pin=0"/></net>

<net id="211"><net_src comp="14" pin="0"/><net_sink comp="208" pin=0"/></net>

<net id="215"><net_src comp="14" pin="0"/><net_sink comp="212" pin=0"/></net>

<net id="219"><net_src comp="14" pin="0"/><net_sink comp="216" pin=0"/></net>

<net id="223"><net_src comp="14" pin="0"/><net_sink comp="220" pin=0"/></net>

<net id="227"><net_src comp="14" pin="0"/><net_sink comp="224" pin=0"/></net>

<net id="231"><net_src comp="14" pin="0"/><net_sink comp="228" pin=0"/></net>

<net id="235"><net_src comp="14" pin="0"/><net_sink comp="232" pin=0"/></net>

<net id="239"><net_src comp="14" pin="0"/><net_sink comp="236" pin=0"/></net>

<net id="243"><net_src comp="14" pin="0"/><net_sink comp="240" pin=0"/></net>

<net id="247"><net_src comp="14" pin="0"/><net_sink comp="244" pin=0"/></net>

<net id="251"><net_src comp="14" pin="0"/><net_sink comp="248" pin=0"/></net>

<net id="255"><net_src comp="14" pin="0"/><net_sink comp="252" pin=0"/></net>

<net id="259"><net_src comp="14" pin="0"/><net_sink comp="256" pin=0"/></net>

<net id="263"><net_src comp="14" pin="0"/><net_sink comp="260" pin=0"/></net>

<net id="267"><net_src comp="14" pin="0"/><net_sink comp="264" pin=0"/></net>

<net id="271"><net_src comp="14" pin="0"/><net_sink comp="268" pin=0"/></net>

<net id="275"><net_src comp="14" pin="0"/><net_sink comp="272" pin=0"/></net>

<net id="279"><net_src comp="14" pin="0"/><net_sink comp="276" pin=0"/></net>

<net id="283"><net_src comp="14" pin="0"/><net_sink comp="280" pin=0"/></net>

<net id="287"><net_src comp="14" pin="0"/><net_sink comp="284" pin=0"/></net>

<net id="291"><net_src comp="14" pin="0"/><net_sink comp="288" pin=0"/></net>

<net id="295"><net_src comp="14" pin="0"/><net_sink comp="292" pin=0"/></net>

<net id="299"><net_src comp="14" pin="0"/><net_sink comp="296" pin=0"/></net>

<net id="303"><net_src comp="14" pin="0"/><net_sink comp="300" pin=0"/></net>

<net id="307"><net_src comp="14" pin="0"/><net_sink comp="304" pin=0"/></net>

<net id="311"><net_src comp="14" pin="0"/><net_sink comp="308" pin=0"/></net>

<net id="315"><net_src comp="14" pin="0"/><net_sink comp="312" pin=0"/></net>

<net id="319"><net_src comp="14" pin="0"/><net_sink comp="316" pin=0"/></net>

<net id="323"><net_src comp="14" pin="0"/><net_sink comp="320" pin=0"/></net>

<net id="327"><net_src comp="14" pin="0"/><net_sink comp="324" pin=0"/></net>

<net id="331"><net_src comp="14" pin="0"/><net_sink comp="328" pin=0"/></net>

<net id="335"><net_src comp="14" pin="0"/><net_sink comp="332" pin=0"/></net>

<net id="339"><net_src comp="14" pin="0"/><net_sink comp="336" pin=0"/></net>

<net id="344"><net_src comp="12" pin="0"/><net_sink comp="340" pin=0"/></net>

<net id="345"><net_src comp="4" pin="0"/><net_sink comp="340" pin=1"/></net>

<net id="351"><net_src comp="2" pin="0"/><net_sink comp="346" pin=0"/></net>

<net id="352"><net_src comp="62" pin="0"/><net_sink comp="346" pin=1"/></net>

<net id="358"><net_src comp="346" pin="3"/><net_sink comp="353" pin=0"/></net>

<net id="431"><net_src comp="54" pin="0"/><net_sink comp="359" pin=0"/></net>

<net id="432"><net_src comp="6" pin="0"/><net_sink comp="359" pin=33"/></net>

<net id="433"><net_src comp="8" pin="0"/><net_sink comp="359" pin=34"/></net>

<net id="434"><net_src comp="0" pin="0"/><net_sink comp="359" pin=36"/></net>

<net id="475"><net_src comp="66" pin="0"/><net_sink comp="435" pin=0"/></net>

<net id="476"><net_src comp="2" pin="0"/><net_sink comp="435" pin=37"/></net>

<net id="481"><net_src comp="38" pin="0"/><net_sink comp="477" pin=0"/></net>

<net id="489"><net_src comp="482" pin="1"/><net_sink comp="485" pin=0"/></net>

<net id="494"><net_src comp="40" pin="0"/><net_sink comp="490" pin=0"/></net>

<net id="499"><net_src comp="42" pin="0"/><net_sink comp="495" pin=0"/></net>

<net id="510"><net_src comp="500" pin="1"/><net_sink comp="506" pin=0"/></net>

<net id="511"><net_src comp="44" pin="0"/><net_sink comp="506" pin=1"/></net>

<net id="516"><net_src comp="503" pin="1"/><net_sink comp="512" pin=0"/></net>

<net id="517"><net_src comp="50" pin="0"/><net_sink comp="512" pin=1"/></net>

<net id="521"><net_src comp="518" pin="1"/><net_sink comp="359" pin=32"/></net>

<net id="525"><net_src comp="522" pin="1"/><net_sink comp="359" pin=31"/></net>

<net id="529"><net_src comp="526" pin="1"/><net_sink comp="359" pin=30"/></net>

<net id="533"><net_src comp="530" pin="1"/><net_sink comp="359" pin=29"/></net>

<net id="537"><net_src comp="534" pin="1"/><net_sink comp="359" pin=28"/></net>

<net id="541"><net_src comp="538" pin="1"/><net_sink comp="359" pin=27"/></net>

<net id="545"><net_src comp="542" pin="1"/><net_sink comp="359" pin=26"/></net>

<net id="549"><net_src comp="546" pin="1"/><net_sink comp="359" pin=25"/></net>

<net id="553"><net_src comp="550" pin="1"/><net_sink comp="359" pin=24"/></net>

<net id="557"><net_src comp="554" pin="1"/><net_sink comp="359" pin=23"/></net>

<net id="561"><net_src comp="558" pin="1"/><net_sink comp="359" pin=22"/></net>

<net id="565"><net_src comp="562" pin="1"/><net_sink comp="359" pin=21"/></net>

<net id="569"><net_src comp="566" pin="1"/><net_sink comp="359" pin=20"/></net>

<net id="573"><net_src comp="570" pin="1"/><net_sink comp="359" pin=19"/></net>

<net id="577"><net_src comp="574" pin="1"/><net_sink comp="359" pin=18"/></net>

<net id="581"><net_src comp="578" pin="1"/><net_sink comp="359" pin=17"/></net>

<net id="585"><net_src comp="582" pin="1"/><net_sink comp="359" pin=16"/></net>

<net id="589"><net_src comp="586" pin="1"/><net_sink comp="359" pin=15"/></net>

<net id="593"><net_src comp="590" pin="1"/><net_sink comp="359" pin=14"/></net>

<net id="597"><net_src comp="594" pin="1"/><net_sink comp="359" pin=13"/></net>

<net id="601"><net_src comp="598" pin="1"/><net_sink comp="359" pin=12"/></net>

<net id="605"><net_src comp="602" pin="1"/><net_sink comp="359" pin=11"/></net>

<net id="609"><net_src comp="606" pin="1"/><net_sink comp="359" pin=10"/></net>

<net id="613"><net_src comp="610" pin="1"/><net_sink comp="359" pin=9"/></net>

<net id="617"><net_src comp="614" pin="1"/><net_sink comp="359" pin=8"/></net>

<net id="621"><net_src comp="618" pin="1"/><net_sink comp="359" pin=7"/></net>

<net id="625"><net_src comp="622" pin="1"/><net_sink comp="359" pin=6"/></net>

<net id="629"><net_src comp="626" pin="1"/><net_sink comp="359" pin=5"/></net>

<net id="633"><net_src comp="630" pin="1"/><net_sink comp="359" pin=4"/></net>

<net id="637"><net_src comp="634" pin="1"/><net_sink comp="359" pin=3"/></net>

<net id="641"><net_src comp="638" pin="1"/><net_sink comp="359" pin=2"/></net>

<net id="645"><net_src comp="642" pin="1"/><net_sink comp="359" pin=1"/></net>

<net id="649"><net_src comp="500" pin="1"/><net_sink comp="646" pin=0"/></net>

<net id="650"><net_src comp="646" pin="1"/><net_sink comp="359" pin=35"/></net>

<net id="750"><net_src comp="747" pin="1"/><net_sink comp="353" pin=1"/></net>

<net id="756"><net_src comp="60" pin="0"/><net_sink comp="751" pin=0"/></net>

<net id="760"><net_src comp="751" pin="3"/><net_sink comp="757" pin=0"/></net>

<net id="761"><net_src comp="757" pin="1"/><net_sink comp="346" pin=2"/></net>

<net id="766"><net_src comp="64" pin="0"/><net_sink comp="762" pin=1"/></net>

<net id="775"><net_src comp="651" pin="1"/><net_sink comp="771" pin=0"/></net>

<net id="780"><net_src comp="654" pin="1"/><net_sink comp="776" pin=0"/></net>

<net id="785"><net_src comp="657" pin="1"/><net_sink comp="781" pin=0"/></net>

<net id="790"><net_src comp="660" pin="1"/><net_sink comp="786" pin=0"/></net>

<net id="795"><net_src comp="663" pin="1"/><net_sink comp="791" pin=0"/></net>

<net id="800"><net_src comp="666" pin="1"/><net_sink comp="796" pin=0"/></net>

<net id="805"><net_src comp="669" pin="1"/><net_sink comp="801" pin=0"/></net>

<net id="810"><net_src comp="672" pin="1"/><net_sink comp="806" pin=0"/></net>

<net id="815"><net_src comp="675" pin="1"/><net_sink comp="811" pin=0"/></net>

<net id="820"><net_src comp="678" pin="1"/><net_sink comp="816" pin=0"/></net>

<net id="825"><net_src comp="681" pin="1"/><net_sink comp="821" pin=0"/></net>

<net id="830"><net_src comp="684" pin="1"/><net_sink comp="826" pin=0"/></net>

<net id="835"><net_src comp="687" pin="1"/><net_sink comp="831" pin=0"/></net>

<net id="840"><net_src comp="690" pin="1"/><net_sink comp="836" pin=0"/></net>

<net id="845"><net_src comp="693" pin="1"/><net_sink comp="841" pin=0"/></net>

<net id="850"><net_src comp="696" pin="1"/><net_sink comp="846" pin=0"/></net>

<net id="855"><net_src comp="699" pin="1"/><net_sink comp="851" pin=0"/></net>

<net id="860"><net_src comp="702" pin="1"/><net_sink comp="856" pin=0"/></net>

<net id="865"><net_src comp="705" pin="1"/><net_sink comp="861" pin=0"/></net>

<net id="870"><net_src comp="708" pin="1"/><net_sink comp="866" pin=0"/></net>

<net id="875"><net_src comp="711" pin="1"/><net_sink comp="871" pin=0"/></net>

<net id="880"><net_src comp="714" pin="1"/><net_sink comp="876" pin=0"/></net>

<net id="885"><net_src comp="717" pin="1"/><net_sink comp="881" pin=0"/></net>

<net id="890"><net_src comp="720" pin="1"/><net_sink comp="886" pin=0"/></net>

<net id="895"><net_src comp="723" pin="1"/><net_sink comp="891" pin=0"/></net>

<net id="900"><net_src comp="726" pin="1"/><net_sink comp="896" pin=0"/></net>

<net id="905"><net_src comp="729" pin="1"/><net_sink comp="901" pin=0"/></net>

<net id="910"><net_src comp="732" pin="1"/><net_sink comp="906" pin=0"/></net>

<net id="915"><net_src comp="735" pin="1"/><net_sink comp="911" pin=0"/></net>

<net id="920"><net_src comp="738" pin="1"/><net_sink comp="916" pin=0"/></net>

<net id="925"><net_src comp="741" pin="1"/><net_sink comp="921" pin=0"/></net>

<net id="930"><net_src comp="744" pin="1"/><net_sink comp="926" pin=0"/></net>

<net id="935"><net_src comp="762" pin="2"/><net_sink comp="931" pin=0"/></net>

<net id="939"><net_src comp="68" pin="1"/><net_sink comp="936" pin=0"/></net>

<net id="940"><net_src comp="936" pin="1"/><net_sink comp="495" pin=1"/></net>

<net id="941"><net_src comp="936" pin="1"/><net_sink comp="500" pin=0"/></net>

<net id="942"><net_src comp="936" pin="1"/><net_sink comp="931" pin=1"/></net>

<net id="946"><net_src comp="72" pin="1"/><net_sink comp="943" pin=0"/></net>

<net id="947"><net_src comp="943" pin="1"/><net_sink comp="518" pin=0"/></net>

<net id="948"><net_src comp="943" pin="1"/><net_sink comp="926" pin=1"/></net>

<net id="952"><net_src comp="76" pin="1"/><net_sink comp="949" pin=0"/></net>

<net id="953"><net_src comp="949" pin="1"/><net_sink comp="522" pin=0"/></net>

<net id="954"><net_src comp="949" pin="1"/><net_sink comp="921" pin=1"/></net>

<net id="958"><net_src comp="80" pin="1"/><net_sink comp="955" pin=0"/></net>

<net id="959"><net_src comp="955" pin="1"/><net_sink comp="526" pin=0"/></net>

<net id="960"><net_src comp="955" pin="1"/><net_sink comp="916" pin=1"/></net>

<net id="964"><net_src comp="84" pin="1"/><net_sink comp="961" pin=0"/></net>

<net id="965"><net_src comp="961" pin="1"/><net_sink comp="530" pin=0"/></net>

<net id="966"><net_src comp="961" pin="1"/><net_sink comp="911" pin=1"/></net>

<net id="970"><net_src comp="88" pin="1"/><net_sink comp="967" pin=0"/></net>

<net id="971"><net_src comp="967" pin="1"/><net_sink comp="534" pin=0"/></net>

<net id="972"><net_src comp="967" pin="1"/><net_sink comp="906" pin=1"/></net>

<net id="976"><net_src comp="92" pin="1"/><net_sink comp="973" pin=0"/></net>

<net id="977"><net_src comp="973" pin="1"/><net_sink comp="538" pin=0"/></net>

<net id="978"><net_src comp="973" pin="1"/><net_sink comp="901" pin=1"/></net>

<net id="982"><net_src comp="96" pin="1"/><net_sink comp="979" pin=0"/></net>

<net id="983"><net_src comp="979" pin="1"/><net_sink comp="542" pin=0"/></net>

<net id="984"><net_src comp="979" pin="1"/><net_sink comp="896" pin=1"/></net>

<net id="988"><net_src comp="100" pin="1"/><net_sink comp="985" pin=0"/></net>

<net id="989"><net_src comp="985" pin="1"/><net_sink comp="546" pin=0"/></net>

<net id="990"><net_src comp="985" pin="1"/><net_sink comp="891" pin=1"/></net>

<net id="994"><net_src comp="104" pin="1"/><net_sink comp="991" pin=0"/></net>

<net id="995"><net_src comp="991" pin="1"/><net_sink comp="550" pin=0"/></net>

<net id="996"><net_src comp="991" pin="1"/><net_sink comp="886" pin=1"/></net>

<net id="1000"><net_src comp="108" pin="1"/><net_sink comp="997" pin=0"/></net>

<net id="1001"><net_src comp="997" pin="1"/><net_sink comp="554" pin=0"/></net>

<net id="1002"><net_src comp="997" pin="1"/><net_sink comp="881" pin=1"/></net>

<net id="1006"><net_src comp="112" pin="1"/><net_sink comp="1003" pin=0"/></net>

<net id="1007"><net_src comp="1003" pin="1"/><net_sink comp="558" pin=0"/></net>

<net id="1008"><net_src comp="1003" pin="1"/><net_sink comp="876" pin=1"/></net>

<net id="1012"><net_src comp="116" pin="1"/><net_sink comp="1009" pin=0"/></net>

<net id="1013"><net_src comp="1009" pin="1"/><net_sink comp="562" pin=0"/></net>

<net id="1014"><net_src comp="1009" pin="1"/><net_sink comp="871" pin=1"/></net>

<net id="1018"><net_src comp="120" pin="1"/><net_sink comp="1015" pin=0"/></net>

<net id="1019"><net_src comp="1015" pin="1"/><net_sink comp="566" pin=0"/></net>

<net id="1020"><net_src comp="1015" pin="1"/><net_sink comp="866" pin=1"/></net>

<net id="1024"><net_src comp="124" pin="1"/><net_sink comp="1021" pin=0"/></net>

<net id="1025"><net_src comp="1021" pin="1"/><net_sink comp="570" pin=0"/></net>

<net id="1026"><net_src comp="1021" pin="1"/><net_sink comp="861" pin=1"/></net>

<net id="1030"><net_src comp="128" pin="1"/><net_sink comp="1027" pin=0"/></net>

<net id="1031"><net_src comp="1027" pin="1"/><net_sink comp="574" pin=0"/></net>

<net id="1032"><net_src comp="1027" pin="1"/><net_sink comp="856" pin=1"/></net>

<net id="1036"><net_src comp="132" pin="1"/><net_sink comp="1033" pin=0"/></net>

<net id="1037"><net_src comp="1033" pin="1"/><net_sink comp="578" pin=0"/></net>

<net id="1038"><net_src comp="1033" pin="1"/><net_sink comp="851" pin=1"/></net>

<net id="1042"><net_src comp="136" pin="1"/><net_sink comp="1039" pin=0"/></net>

<net id="1043"><net_src comp="1039" pin="1"/><net_sink comp="582" pin=0"/></net>

<net id="1044"><net_src comp="1039" pin="1"/><net_sink comp="846" pin=1"/></net>

<net id="1048"><net_src comp="140" pin="1"/><net_sink comp="1045" pin=0"/></net>

<net id="1049"><net_src comp="1045" pin="1"/><net_sink comp="586" pin=0"/></net>

<net id="1050"><net_src comp="1045" pin="1"/><net_sink comp="841" pin=1"/></net>

<net id="1054"><net_src comp="144" pin="1"/><net_sink comp="1051" pin=0"/></net>

<net id="1055"><net_src comp="1051" pin="1"/><net_sink comp="590" pin=0"/></net>

<net id="1056"><net_src comp="1051" pin="1"/><net_sink comp="836" pin=1"/></net>

<net id="1060"><net_src comp="148" pin="1"/><net_sink comp="1057" pin=0"/></net>

<net id="1061"><net_src comp="1057" pin="1"/><net_sink comp="594" pin=0"/></net>

<net id="1062"><net_src comp="1057" pin="1"/><net_sink comp="831" pin=1"/></net>

<net id="1066"><net_src comp="152" pin="1"/><net_sink comp="1063" pin=0"/></net>

<net id="1067"><net_src comp="1063" pin="1"/><net_sink comp="598" pin=0"/></net>

<net id="1068"><net_src comp="1063" pin="1"/><net_sink comp="826" pin=1"/></net>

<net id="1072"><net_src comp="156" pin="1"/><net_sink comp="1069" pin=0"/></net>

<net id="1073"><net_src comp="1069" pin="1"/><net_sink comp="602" pin=0"/></net>

<net id="1074"><net_src comp="1069" pin="1"/><net_sink comp="821" pin=1"/></net>

<net id="1078"><net_src comp="160" pin="1"/><net_sink comp="1075" pin=0"/></net>

<net id="1079"><net_src comp="1075" pin="1"/><net_sink comp="606" pin=0"/></net>

<net id="1080"><net_src comp="1075" pin="1"/><net_sink comp="816" pin=1"/></net>

<net id="1084"><net_src comp="164" pin="1"/><net_sink comp="1081" pin=0"/></net>

<net id="1085"><net_src comp="1081" pin="1"/><net_sink comp="610" pin=0"/></net>

<net id="1086"><net_src comp="1081" pin="1"/><net_sink comp="811" pin=1"/></net>

<net id="1090"><net_src comp="168" pin="1"/><net_sink comp="1087" pin=0"/></net>

<net id="1091"><net_src comp="1087" pin="1"/><net_sink comp="614" pin=0"/></net>

<net id="1092"><net_src comp="1087" pin="1"/><net_sink comp="806" pin=1"/></net>

<net id="1096"><net_src comp="172" pin="1"/><net_sink comp="1093" pin=0"/></net>

<net id="1097"><net_src comp="1093" pin="1"/><net_sink comp="618" pin=0"/></net>

<net id="1098"><net_src comp="1093" pin="1"/><net_sink comp="801" pin=1"/></net>

<net id="1102"><net_src comp="176" pin="1"/><net_sink comp="1099" pin=0"/></net>

<net id="1103"><net_src comp="1099" pin="1"/><net_sink comp="622" pin=0"/></net>

<net id="1104"><net_src comp="1099" pin="1"/><net_sink comp="796" pin=1"/></net>

<net id="1108"><net_src comp="180" pin="1"/><net_sink comp="1105" pin=0"/></net>

<net id="1109"><net_src comp="1105" pin="1"/><net_sink comp="626" pin=0"/></net>

<net id="1110"><net_src comp="1105" pin="1"/><net_sink comp="791" pin=1"/></net>

<net id="1114"><net_src comp="184" pin="1"/><net_sink comp="1111" pin=0"/></net>

<net id="1115"><net_src comp="1111" pin="1"/><net_sink comp="630" pin=0"/></net>

<net id="1116"><net_src comp="1111" pin="1"/><net_sink comp="786" pin=1"/></net>

<net id="1120"><net_src comp="188" pin="1"/><net_sink comp="1117" pin=0"/></net>

<net id="1121"><net_src comp="1117" pin="1"/><net_sink comp="634" pin=0"/></net>

<net id="1122"><net_src comp="1117" pin="1"/><net_sink comp="781" pin=1"/></net>

<net id="1126"><net_src comp="192" pin="1"/><net_sink comp="1123" pin=0"/></net>

<net id="1127"><net_src comp="1123" pin="1"/><net_sink comp="638" pin=0"/></net>

<net id="1128"><net_src comp="1123" pin="1"/><net_sink comp="776" pin=1"/></net>

<net id="1132"><net_src comp="196" pin="1"/><net_sink comp="1129" pin=0"/></net>

<net id="1133"><net_src comp="1129" pin="1"/><net_sink comp="642" pin=0"/></net>

<net id="1134"><net_src comp="1129" pin="1"/><net_sink comp="771" pin=1"/></net>

<net id="1138"><net_src comp="200" pin="1"/><net_sink comp="1135" pin=0"/></net>

<net id="1139"><net_src comp="1135" pin="1"/><net_sink comp="490" pin=1"/></net>

<net id="1140"><net_src comp="1135" pin="1"/><net_sink comp="503" pin=0"/></net>

<net id="1141"><net_src comp="1135" pin="1"/><net_sink comp="767" pin=1"/></net>

<net id="1145"><net_src comp="340" pin="2"/><net_sink comp="1142" pin=0"/></net>

<net id="1146"><net_src comp="1142" pin="1"/><net_sink comp="435" pin=35"/></net>

<net id="1150"><net_src comp="204" pin="1"/><net_sink comp="1147" pin=0"/></net>

<net id="1151"><net_src comp="1147" pin="1"/><net_sink comp="359" pin=69"/></net>

<net id="1152"><net_src comp="1147" pin="1"/><net_sink comp="747" pin=0"/></net>

<net id="1156"><net_src comp="208" pin="1"/><net_sink comp="1153" pin=0"/></net>

<net id="1157"><net_src comp="1153" pin="1"/><net_sink comp="359" pin=68"/></net>

<net id="1158"><net_src comp="1153" pin="1"/><net_sink comp="744" pin=0"/></net>

<net id="1162"><net_src comp="212" pin="1"/><net_sink comp="1159" pin=0"/></net>

<net id="1163"><net_src comp="1159" pin="1"/><net_sink comp="359" pin=67"/></net>

<net id="1164"><net_src comp="1159" pin="1"/><net_sink comp="741" pin=0"/></net>

<net id="1168"><net_src comp="216" pin="1"/><net_sink comp="1165" pin=0"/></net>

<net id="1169"><net_src comp="1165" pin="1"/><net_sink comp="359" pin=66"/></net>

<net id="1170"><net_src comp="1165" pin="1"/><net_sink comp="738" pin=0"/></net>

<net id="1174"><net_src comp="220" pin="1"/><net_sink comp="1171" pin=0"/></net>

<net id="1175"><net_src comp="1171" pin="1"/><net_sink comp="359" pin=65"/></net>

<net id="1176"><net_src comp="1171" pin="1"/><net_sink comp="735" pin=0"/></net>

<net id="1180"><net_src comp="224" pin="1"/><net_sink comp="1177" pin=0"/></net>

<net id="1181"><net_src comp="1177" pin="1"/><net_sink comp="359" pin=64"/></net>

<net id="1182"><net_src comp="1177" pin="1"/><net_sink comp="732" pin=0"/></net>

<net id="1186"><net_src comp="228" pin="1"/><net_sink comp="1183" pin=0"/></net>

<net id="1187"><net_src comp="1183" pin="1"/><net_sink comp="359" pin=63"/></net>

<net id="1188"><net_src comp="1183" pin="1"/><net_sink comp="729" pin=0"/></net>

<net id="1192"><net_src comp="232" pin="1"/><net_sink comp="1189" pin=0"/></net>

<net id="1193"><net_src comp="1189" pin="1"/><net_sink comp="359" pin=62"/></net>

<net id="1194"><net_src comp="1189" pin="1"/><net_sink comp="726" pin=0"/></net>

<net id="1198"><net_src comp="236" pin="1"/><net_sink comp="1195" pin=0"/></net>

<net id="1199"><net_src comp="1195" pin="1"/><net_sink comp="359" pin=61"/></net>

<net id="1200"><net_src comp="1195" pin="1"/><net_sink comp="723" pin=0"/></net>

<net id="1204"><net_src comp="240" pin="1"/><net_sink comp="1201" pin=0"/></net>

<net id="1205"><net_src comp="1201" pin="1"/><net_sink comp="359" pin=60"/></net>

<net id="1206"><net_src comp="1201" pin="1"/><net_sink comp="720" pin=0"/></net>

<net id="1210"><net_src comp="244" pin="1"/><net_sink comp="1207" pin=0"/></net>

<net id="1211"><net_src comp="1207" pin="1"/><net_sink comp="359" pin=59"/></net>

<net id="1212"><net_src comp="1207" pin="1"/><net_sink comp="717" pin=0"/></net>

<net id="1216"><net_src comp="248" pin="1"/><net_sink comp="1213" pin=0"/></net>

<net id="1217"><net_src comp="1213" pin="1"/><net_sink comp="359" pin=58"/></net>

<net id="1218"><net_src comp="1213" pin="1"/><net_sink comp="714" pin=0"/></net>

<net id="1222"><net_src comp="252" pin="1"/><net_sink comp="1219" pin=0"/></net>

<net id="1223"><net_src comp="1219" pin="1"/><net_sink comp="359" pin=57"/></net>

<net id="1224"><net_src comp="1219" pin="1"/><net_sink comp="711" pin=0"/></net>

<net id="1228"><net_src comp="256" pin="1"/><net_sink comp="1225" pin=0"/></net>

<net id="1229"><net_src comp="1225" pin="1"/><net_sink comp="359" pin=56"/></net>

<net id="1230"><net_src comp="1225" pin="1"/><net_sink comp="708" pin=0"/></net>

<net id="1234"><net_src comp="260" pin="1"/><net_sink comp="1231" pin=0"/></net>

<net id="1235"><net_src comp="1231" pin="1"/><net_sink comp="359" pin=55"/></net>

<net id="1236"><net_src comp="1231" pin="1"/><net_sink comp="705" pin=0"/></net>

<net id="1240"><net_src comp="264" pin="1"/><net_sink comp="1237" pin=0"/></net>

<net id="1241"><net_src comp="1237" pin="1"/><net_sink comp="359" pin=54"/></net>

<net id="1242"><net_src comp="1237" pin="1"/><net_sink comp="702" pin=0"/></net>

<net id="1246"><net_src comp="268" pin="1"/><net_sink comp="1243" pin=0"/></net>

<net id="1247"><net_src comp="1243" pin="1"/><net_sink comp="359" pin=53"/></net>

<net id="1248"><net_src comp="1243" pin="1"/><net_sink comp="699" pin=0"/></net>

<net id="1252"><net_src comp="272" pin="1"/><net_sink comp="1249" pin=0"/></net>

<net id="1253"><net_src comp="1249" pin="1"/><net_sink comp="359" pin=52"/></net>

<net id="1254"><net_src comp="1249" pin="1"/><net_sink comp="696" pin=0"/></net>

<net id="1258"><net_src comp="276" pin="1"/><net_sink comp="1255" pin=0"/></net>

<net id="1259"><net_src comp="1255" pin="1"/><net_sink comp="359" pin=51"/></net>

<net id="1260"><net_src comp="1255" pin="1"/><net_sink comp="693" pin=0"/></net>

<net id="1264"><net_src comp="280" pin="1"/><net_sink comp="1261" pin=0"/></net>

<net id="1265"><net_src comp="1261" pin="1"/><net_sink comp="359" pin=50"/></net>

<net id="1266"><net_src comp="1261" pin="1"/><net_sink comp="690" pin=0"/></net>

<net id="1270"><net_src comp="284" pin="1"/><net_sink comp="1267" pin=0"/></net>

<net id="1271"><net_src comp="1267" pin="1"/><net_sink comp="359" pin=49"/></net>

<net id="1272"><net_src comp="1267" pin="1"/><net_sink comp="687" pin=0"/></net>

<net id="1276"><net_src comp="288" pin="1"/><net_sink comp="1273" pin=0"/></net>

<net id="1277"><net_src comp="1273" pin="1"/><net_sink comp="359" pin=48"/></net>

<net id="1278"><net_src comp="1273" pin="1"/><net_sink comp="684" pin=0"/></net>

<net id="1282"><net_src comp="292" pin="1"/><net_sink comp="1279" pin=0"/></net>

<net id="1283"><net_src comp="1279" pin="1"/><net_sink comp="359" pin=47"/></net>

<net id="1284"><net_src comp="1279" pin="1"/><net_sink comp="681" pin=0"/></net>

<net id="1288"><net_src comp="296" pin="1"/><net_sink comp="1285" pin=0"/></net>

<net id="1289"><net_src comp="1285" pin="1"/><net_sink comp="359" pin=46"/></net>

<net id="1290"><net_src comp="1285" pin="1"/><net_sink comp="678" pin=0"/></net>

<net id="1294"><net_src comp="300" pin="1"/><net_sink comp="1291" pin=0"/></net>

<net id="1295"><net_src comp="1291" pin="1"/><net_sink comp="359" pin=45"/></net>

<net id="1296"><net_src comp="1291" pin="1"/><net_sink comp="675" pin=0"/></net>

<net id="1300"><net_src comp="304" pin="1"/><net_sink comp="1297" pin=0"/></net>

<net id="1301"><net_src comp="1297" pin="1"/><net_sink comp="359" pin=44"/></net>

<net id="1302"><net_src comp="1297" pin="1"/><net_sink comp="672" pin=0"/></net>

<net id="1306"><net_src comp="308" pin="1"/><net_sink comp="1303" pin=0"/></net>

<net id="1307"><net_src comp="1303" pin="1"/><net_sink comp="359" pin=43"/></net>

<net id="1308"><net_src comp="1303" pin="1"/><net_sink comp="669" pin=0"/></net>

<net id="1312"><net_src comp="312" pin="1"/><net_sink comp="1309" pin=0"/></net>

<net id="1313"><net_src comp="1309" pin="1"/><net_sink comp="359" pin=42"/></net>

<net id="1314"><net_src comp="1309" pin="1"/><net_sink comp="666" pin=0"/></net>

<net id="1318"><net_src comp="316" pin="1"/><net_sink comp="1315" pin=0"/></net>

<net id="1319"><net_src comp="1315" pin="1"/><net_sink comp="359" pin=41"/></net>

<net id="1320"><net_src comp="1315" pin="1"/><net_sink comp="663" pin=0"/></net>

<net id="1324"><net_src comp="320" pin="1"/><net_sink comp="1321" pin=0"/></net>

<net id="1325"><net_src comp="1321" pin="1"/><net_sink comp="359" pin=40"/></net>

<net id="1326"><net_src comp="1321" pin="1"/><net_sink comp="660" pin=0"/></net>

<net id="1330"><net_src comp="324" pin="1"/><net_sink comp="1327" pin=0"/></net>

<net id="1331"><net_src comp="1327" pin="1"/><net_sink comp="359" pin=39"/></net>

<net id="1332"><net_src comp="1327" pin="1"/><net_sink comp="657" pin=0"/></net>

<net id="1336"><net_src comp="328" pin="1"/><net_sink comp="1333" pin=0"/></net>

<net id="1337"><net_src comp="1333" pin="1"/><net_sink comp="359" pin=38"/></net>

<net id="1338"><net_src comp="1333" pin="1"/><net_sink comp="654" pin=0"/></net>

<net id="1342"><net_src comp="332" pin="1"/><net_sink comp="1339" pin=0"/></net>

<net id="1343"><net_src comp="1339" pin="1"/><net_sink comp="359" pin=37"/></net>

<net id="1344"><net_src comp="1339" pin="1"/><net_sink comp="651" pin=0"/></net>

<net id="1348"><net_src comp="336" pin="1"/><net_sink comp="1345" pin=0"/></net>

<net id="1349"><net_src comp="1345" pin="1"/><net_sink comp="477" pin=1"/></net>

<net id="1350"><net_src comp="1345" pin="1"/><net_sink comp="482" pin=0"/></net>

<net id="1351"><net_src comp="1345" pin="1"/><net_sink comp="485" pin=1"/></net>

<net id="1355"><net_src comp="500" pin="1"/><net_sink comp="1352" pin=0"/></net>

<net id="1356"><net_src comp="1352" pin="1"/><net_sink comp="435" pin=1"/></net>

<net id="1360"><net_src comp="503" pin="1"/><net_sink comp="1357" pin=0"/></net>

<net id="1361"><net_src comp="1357" pin="1"/><net_sink comp="435" pin=6"/></net>

<net id="1368"><net_src comp="512" pin="2"/><net_sink comp="1365" pin=0"/></net>

<net id="1369"><net_src comp="1365" pin="1"/><net_sink comp="767" pin=0"/></net>

<net id="1469"><net_src comp="646" pin="1"/><net_sink comp="1466" pin=0"/></net>

<net id="1470"><net_src comp="1466" pin="1"/><net_sink comp="359" pin=35"/></net>

<net id="1471"><net_src comp="1466" pin="1"/><net_sink comp="751" pin=1"/></net>

<net id="1472"><net_src comp="1466" pin="1"/><net_sink comp="751" pin=2"/></net>

<net id="1473"><net_src comp="1466" pin="1"/><net_sink comp="435" pin=36"/></net>

</net_list>

</model> 
---------------- Datapath Model END ------------------

* FSMD analyzer results:
  - Output states:
	Port: buffer_2 | {4 5 6 }
	Port: fwd_out1 | {2 3 }
	Port: fwd_out2 | {2 3 }
 - Input state : 
	Port: compute : buffer_1 | {2 3 }
	Port: compute : phase | {1 }
  - Chain level:
	State 1
		store_ln52 : 1
		dummy_1 : 1
		store_ln54 : 2
		store_ln58 : 1
		store_ln58 : 1
	State 2
		icmp_ln58 : 1
		add_ln58_1 : 1
		br_ln58 : 2
		empty_15 : 1
		call_ln0 : 2
	State 3
	State 4
		zext_ln75 : 1
		buffer_2_addr : 2
		store_ln75 : 3
		store_ln58 : 1
		store_ln58 : 1
		store_ln58 : 1
		store_ln58 : 1
		store_ln58 : 1
		store_ln58 : 1
		store_ln58 : 1
		store_ln58 : 1
		store_ln58 : 1
		store_ln58 : 1
		store_ln58 : 1
		store_ln58 : 1
		store_ln58 : 1
		store_ln58 : 1
		store_ln58 : 1
		store_ln58 : 1
		store_ln58 : 1
		store_ln58 : 1
		store_ln58 : 1
		store_ln58 : 1
		store_ln58 : 1
		store_ln58 : 1
		store_ln58 : 1
		store_ln58 : 1
		store_ln58 : 1
		store_ln58 : 1
		store_ln58 : 1
		store_ln58 : 1
		store_ln58 : 1
		store_ln58 : 1
		store_ln58 : 1
		store_ln58 : 1
		store_ln58 : 1
	State 5
	State 6


============================================================
+ Verbose Summary: Datapath Resource usage 
============================================================

* Functional unit list:
|----------|---------------------------------------------|---------|---------|---------|---------|
| Operation|               Functional Unit               |   DSP   |  Delay  |    FF   |   LUT   |
|----------|---------------------------------------------|---------|---------|---------|---------|
|   call   | grp_compute_Pipeline_VITIS_LOOP_60_1_fu_359 |    2    |  2.184  |   748   |   620   |
|          | grp_compute_Pipeline_VITIS_LOOP_79_2_fu_435 |    8    |  7.028  |   906   |   531   |
|----------|---------------------------------------------|---------|---------|---------|---------|
|    add   |              add_ln58_1_fu_512              |    0    |    0    |    0    |    9    |
|          |               add_ln58_fu_762               |    0    |    0    |    0    |    10   |
|----------|---------------------------------------------|---------|---------|---------|---------|
|   icmp   |               icmp_ln58_fu_506              |    0    |    0    |    0    |    8    |
|----------|---------------------------------------------|---------|---------|---------|---------|
|   read   |            phase_read_read_fu_340           |    0    |    0    |    0    |    0    |
|----------|---------------------------------------------|---------|---------|---------|---------|
|   trunc  |               empty_15_fu_646               |    0    |    0    |    0    |    0    |
|----------|---------------------------------------------|---------|---------|---------|---------|
|bitconcatenate|                lshr_ln_fu_751               |    0    |    0    |    0    |    0    |
|----------|---------------------------------------------|---------|---------|---------|---------|
|   zext   |               zext_ln75_fu_757              |    0    |    0    |    0    |    0    |
|----------|---------------------------------------------|---------|---------|---------|---------|
|   Total  |                                             |    10   |  9.212  |   1654  |   1178  |
|----------|---------------------------------------------|---------|---------|---------|---------|

Memories:
N/A

* Register list:
+-------------------------+--------+
|                         |   FF   |
+-------------------------+--------+
|    REG_V_10_reg_1003    |   16   |
|    REG_V_11_reg_1009    |   16   |
|    REG_V_12_reg_1015    |   16   |
|    REG_V_13_reg_1021    |   16   |
|    REG_V_14_reg_1027    |   16   |
|    REG_V_15_reg_1033    |   16   |
|    REG_V_16_reg_1039    |   16   |
|    REG_V_17_reg_1045    |   16   |
|    REG_V_18_reg_1051    |   16   |
|    REG_V_19_reg_1057    |   16   |
|     REG_V_1_reg_949     |   16   |
|    REG_V_20_reg_1063    |   16   |
|    REG_V_21_reg_1069    |   16   |
|    REG_V_22_reg_1075    |   16   |
|    REG_V_23_reg_1081    |   16   |
|    REG_V_24_reg_1087    |   16   |
|    REG_V_25_reg_1093    |   16   |
|    REG_V_26_reg_1099    |   16   |
|    REG_V_27_reg_1105    |   16   |
|    REG_V_28_reg_1111    |   16   |
|    REG_V_29_reg_1117    |   16   |
|     REG_V_2_reg_955     |   16   |
|    REG_V_30_reg_1123    |   16   |
|    REG_V_31_reg_1129    |   16   |
|  REG_V_32_loc_reg_1153  |   16   |
|  REG_V_33_loc_reg_1159  |   16   |
|  REG_V_34_loc_reg_1165  |   16   |
|  REG_V_35_loc_reg_1171  |   16   |
|  REG_V_36_loc_reg_1177  |   16   |
|  REG_V_37_loc_reg_1183  |   16   |
|  REG_V_38_loc_reg_1189  |   16   |
|  REG_V_39_loc_reg_1195  |   16   |
|     REG_V_3_reg_961     |   16   |
|  REG_V_40_loc_reg_1201  |   16   |
|  REG_V_41_loc_reg_1207  |   16   |
|  REG_V_42_loc_reg_1213  |   16   |
|  REG_V_43_loc_reg_1219  |   16   |
|  REG_V_44_loc_reg_1225  |   16   |
|  REG_V_45_loc_reg_1231  |   16   |
|  REG_V_46_loc_reg_1237  |   16   |
|  REG_V_47_loc_reg_1243  |   16   |
|  REG_V_48_loc_reg_1249  |   16   |
|  REG_V_49_loc_reg_1255  |   16   |
|     REG_V_4_reg_967     |   16   |
|  REG_V_50_loc_reg_1261  |   16   |
|  REG_V_51_loc_reg_1267  |   16   |
|  REG_V_52_loc_reg_1273  |   16   |
|  REG_V_53_loc_reg_1279  |   16   |
|  REG_V_54_loc_reg_1285  |   16   |
|  REG_V_55_loc_reg_1291  |   16   |
|  REG_V_56_loc_reg_1297  |   16   |
|  REG_V_57_loc_reg_1303  |   16   |
|  REG_V_58_loc_reg_1309  |   16   |
|  REG_V_59_loc_reg_1315  |   16   |
|     REG_V_5_reg_973     |   16   |
|  REG_V_60_loc_reg_1321  |   16   |
|  REG_V_61_loc_reg_1327  |   16   |
|  REG_V_62_loc_reg_1333  |   16   |
|  REG_V_63_loc_reg_1339  |   16   |
|     REG_V_6_reg_979     |   16   |
|     REG_V_7_reg_985     |   16   |
|     REG_V_8_reg_991     |   16   |
|     REG_V_9_reg_997     |   16   |
|      REG_V_reg_943      |   16   |
|   add_ln58_1_reg_1365   |    2   |
|      dummy_reg_1345     |    1   |
|    empty_15_reg_1466    |    2   |
|       i_1_reg_1352      |    3   |
|        i_reg_936        |    3   |
|indvars_iv1_load_reg_1357|    2   |
|   indvars_iv1_reg_1135  |    2   |
|   phase_read_reg_1142   |    1   |
| self_sum_V_loc_reg_1147 |   32   |
+-------------------------+--------+
|          Total          |  1072  |
+-------------------------+--------+

* Multiplexer (MUX) list: 
|---------------------------------------------|------|------|------|--------||---------||---------|
|                     Comp                    |  Pin | Size |  BW  | S x BW ||  Delay  ||   LUT   |
|---------------------------------------------|------|------|------|--------||---------||---------|
| grp_compute_Pipeline_VITIS_LOOP_60_1_fu_359 |  p35 |   2  |   2  |    4   ||    9    |
|---------------------------------------------|------|------|------|--------||---------||---------|
|                    Total                    |      |      |      |    4   ||  0.427  ||    9    |
|---------------------------------------------|------|------|------|--------||---------||---------|



* Summary:
+-----------+--------+--------+--------+--------+
|           |   DSP  |  Delay |   FF   |   LUT  |
+-----------+--------+--------+--------+--------+
|  Function |   10   |    9   |  1654  |  1178  |
|   Memory  |    -   |    -   |    -   |    -   |
|Multiplexer|    -   |    0   |    -   |    9   |
|  Register |    -   |    -   |  1072  |    -   |
+-----------+--------+--------+--------+--------+
|   Total   |   10   |    9   |  2726  |  1187  |
+-----------+--------+--------+--------+--------+
