

================================================================
== Vitis HLS Report for 'compute_Pipeline_VITIS_LOOP_60_1'
================================================================
* Date:           Thu Sep 10 14:52:41 2026

* Version:        2022.2 (Build 3670227 on Oct 13 2022)
* Project:        Compute_block
* Solution:       solution1 (Vivado IP Flow Target)
* Product family: zynquplus
* Target device:  xczu7ev-ffvc1156-2-e


================================================================
== Performance Estimates
================================================================
+ Timing: 
    * Summary: 
    +--------+----------+----------+------------+
    |  Clock |  Target  | Estimated| Uncertainty|
    +--------+----------+----------+------------+
    |ap_clk  |  10.00 ns|  2.313 ns|     2.70 ns|
    +--------+----------+----------+------------+

+ Latency: 
    * Summary: 
    +---------+---------+-----------+-----------+-----+-----+---------+
    |  Latency (cycles) |   Latency (absolute)  |  Interval | Pipeline|
    |   min   |   max   |    min    |    max    | min | max |   Type  |
    +---------+---------+-----------+-----------+-----+-----+---------+
    |        9|        9|  90.000 ns|  90.000 ns|    9|    9|       no|
    +---------+---------+-----------+-----------+-----+-----+---------+

    + Detail: 
        * Instance: 
        N/A

        * Loop: 
        +-------------------+---------+---------+----------+-----------+-----------+------+----------+
        |                   |  Latency (cycles) | Iteration|  Initiation Interval  | Trip |          |
        |     Loop Name     |   min   |   max   |  Latency |  achieved |   target  | Count| Pipelined|
        +-------------------+---------+---------+----------+-----------+-----------+------+----------+
        |- VITIS_LOOP_60_1  |        7|        7|         6|          1|          1|     2|       yes|
        +-------------------+---------+---------+----------+-----------+-----------+------+----------+

============================================================
+ Verbose Summary: Synthesis Manager
============================================================
InlineROM: 1
ExposeGlobal: 0
============================================================
+ Verbose Summary: CDFG Model
============================================================
IsTopModel: 0
ResetActiveHigh: 1
IsCombinational: 0
IsDatapathOnly: 0
HasWiredReturn: 1
HasMFsm: 2
HasVarLatency: 1
IsPipeline: 0
IsRtlPipelined: 0
IsInstanceOverlapped: 0
IsDontTouch: 0
HasImplIP: 0
IsGatedGlobalClock: 0

+ Individual pipeline summary: 
  * Pipeline-0: initiation interval (II) = 1, depth = 6


============================================================
+ Verbose Summary: Schedule
============================================================
* Number of FSM states : 6
* Pipeline : 1
  Pipeline-0 : II = 1, D = 6, States = { 1 2 3 4 5 6 }
* Dataflow Pipeline: 0

* FSM state transitions: 
1 --> 2 
2 --> 3 
3 --> 4 
4 --> 5 
5 --> 6 
6 --> 

* FSM state operations: 

State 1 <SV = 0> <Delay = 0.97>
ST_1 : Operation 9 [1/1] (0.00ns)   --->   "%self_sum_V = alloca i32 1"   --->   Operation 9 'alloca' 'self_sum_V' <Predicate = true> <Delay = 0.00>
ST_1 : Operation 10 [1/1] (0.00ns)   --->   "%fe = alloca i32 1"   --->   Operation 10 'alloca' 'fe' <Predicate = true> <Delay = 0.00>
ST_1 : Operation 11 [1/1] (0.00ns)   --->   "%REG_V_32 = alloca i32 1"   --->   Operation 11 'alloca' 'REG_V_32' <Predicate = true> <Delay = 0.00>
ST_1 : Operation 12 [1/1] (0.00ns)   --->   "%REG_V_33 = alloca i32 1"   --->   Operation 12 'alloca' 'REG_V_33' <Predicate = true> <Delay = 0.00>
ST_1 : Operation 13 [1/1] (0.00ns)   --->   "%REG_V_34 = alloca i32 1"   --->   Operation 13 'alloca' 'REG_V_34' <Predicate = true> <Delay = 0.00>
ST_1 : Operation 14 [1/1] (0.00ns)   --->   "%REG_V_35 = alloca i32 1"   --->   Operation 14 'alloca' 'REG_V_35' <Predicate = true> <Delay = 0.00>
ST_1 : Operation 15 [1/1] (0.00ns)   --->   "%REG_V_36 = alloca i32 1"   --->   Operation 15 'alloca' 'REG_V_36' <Predicate = true> <Delay = 0.00>
ST_1 : Operation 16 [1/1] (0.00ns)   --->   "%REG_V_37 = alloca i32 1"   --->   Operation 16 'alloca' 'REG_V_37' <Predicate = true> <Delay = 0.00>
ST_1 : Operation 17 [1/1] (0.00ns)   --->   "%REG_V_38 = alloca i32 1"   --->   Operation 17 'alloca' 'REG_V_38' <Predicate = true> <Delay = 0.00>
ST_1 : Operation 18 [1/1] (0.00ns)   --->   "%REG_V_39 = alloca i32 1"   --->   Operation 18 'alloca' 'REG_V_39' <Predicate = true> <Delay = 0.00>
ST_1 : Operation 19 [1/1] (0.00ns)   --->   "%REG_V_40 = alloca i32 1"   --->   Operation 19 'alloca' 'REG_V_40' <Predicate = true> <Delay = 0.00>
ST_1 : Operation 20 [1/1] (0.00ns)   --->   "%REG_V_41 = alloca i32 1"   --->   Operation 20 'alloca' 'REG_V_41' <Predicate = true> <Delay = 0.00>
ST_1 : Operation 21 [1/1] (0.00ns)   --->   "%REG_V_42 = alloca i32 1"   --->   Operation 21 'alloca' 'REG_V_42' <Predicate = true> <Delay = 0.00>
ST_1 : Operation 22 [1/1] (0.00ns)   --->   "%REG_V_43 = alloca i32 1"   --->   Operation 22 'alloca' 'REG_V_43' <Predicate = true> <Delay = 0.00>
ST_1 : Operation 23 [1/1] (0.00ns)   --->   "%REG_V_44 = alloca i32 1"   --->   Operation 23 'alloca' 'REG_V_44' <Predicate = true> <Delay = 0.00>
ST_1 : Operation 24 [1/1] (0.00ns)   --->   "%REG_V_45 = alloca i32 1"   --->   Operation 24 'alloca' 'REG_V_45' <Predicate = true> <Delay = 0.00>
ST_1 : Operation 25 [1/1] (0.00ns)   --->   "%REG_V_46 = alloca i32 1"   --->   Operation 25 'alloca' 'REG_V_46' <Predicate = true> <Delay = 0.00>
ST_1 : Operation 26 [1/1] (0.00ns)   --->   "%REG_V_47 = alloca i32 1"   --->   Operation 26 'alloca' 'REG_V_47' <Predicate = true> <Delay = 0.00>
ST_1 : Operation 27 [1/1] (0.00ns)   --->   "%REG_V_48 = alloca i32 1"   --->   Operation 27 'alloca' 'REG_V_48' <Predicate = true> <Delay = 0.00>
ST_1 : Operation 28 [1/1] (0.00ns)   --->   "%REG_V_49 = alloca i32 1"   --->   Operation 28 'alloca' 'REG_V_49' <Predicate = true> <Delay = 0.00>
ST_1 : Operation 29 [1/1] (0.00ns)   --->   "%REG_V_50 = alloca i32 1"   --->   Operation 29 'alloca' 'REG_V_50' <Predicate = true> <Delay = 0.00>
ST_1 : Operation 30 [1/1] (0.00ns)   --->   "%REG_V_51 = alloca i32 1"   --->   Operation 30 'alloca' 'REG_V_51' <Predicate = true> <Delay = 0.00>
ST_1 : Operation 31 [1/1] (0.00ns)   --->   "%REG_V_52 = alloca i32 1"   --->   Operation 31 'alloca' 'REG_V_52' <Predicate = true> <Delay = 0.00>
ST_1 : Operation 32 [1/1] (0.00ns)   --->   "%REG_V_53 = alloca i32 1"   --->   Operation 32 'alloca' 'REG_V_53' <Predicate = true> <Delay = 0.00>
ST_1 : Operation 33 [1/1] (0.00ns)   --->   "%REG_V_54 = alloca i32 1"   --->   Operation 33 'alloca' 'REG_V_54' <Predicate = true> <Delay = 0.00>
ST_1 : Operation 34 [1/1] (0.00ns)   --->   "%REG_V_55 = alloca i32 1"   --->   Operation 34 'alloca' 'REG_V_55' <Predicate = true> <Delay = 0.00>
ST_1 : Operation 35 [1/1] (0.00ns)   --->   "%REG_V_56 = alloca i32 1"   --->   Operation 35 'alloca' 'REG_V_56' <Predicate = true> <Delay = 0.00>
ST_1 : Operation 36 [1/1] (0.00ns)   --->   "%REG_V_57 = alloca i32 1"   --->   Operation 36 'alloca' 'REG_V_57' <Predicate = true> <Delay = 0.00>
ST_1 : Operation 37 [1/1] (0.00ns)   --->   "%REG_V_58 = alloca i32 1"   --->   Operation 37 'alloca' 'REG_V_58' <Predicate = true> <Delay = 0.00>
ST_1 : Operation 38 [1/1] (0.00ns)   --->   "%REG_V_59 = alloca i32 1"   --->   Operation 38 'alloca' 'REG_V_59' <Predicate = true> <Delay = 0.00>
ST_1 : Operation 39 [1/1] (0.00ns)   --->   "%REG_V_60 = alloca i32 1"   --->   Operation 39 'alloca' 'REG_V_60' <Predicate = true> <Delay = 0.00>
ST_1 : Operation 40 [1/1] (0.00ns)   --->   "%REG_V_61 = alloca i32 1"   --->   Operation 40 'alloca' 'REG_V_61' <Predicate = true> <Delay = 0.00>
ST_1 : Operation 41 [1/1] (0.00ns)   --->   "%REG_V_62 = alloca i32 1"   --->   Operation 41 'alloca' 'REG_V_62' <Predicate = true> <Delay = 0.00>
ST_1 : Operation 42 [1/1] (0.00ns)   --->   "%REG_V_63 = alloca i32 1"   --->   Operation 42 'alloca' 'REG_V_63' <Predicate = true> <Delay = 0.00>
ST_1 : Operation 43 [1/1] (0.00ns)   --->   "%specinterface_ln0 = specinterface void @_ssdm_op_SpecInterface, i32 %fwd_out2, void @empty_2, i32 0, i32 0, void @empty_0, i32 0, i32 0, void @empty_0, void @empty_0, void @empty_0, i32 0, i32 0, i32 0, i32 0, void @empty_0, void @empty_0, i32 4294967295, i32 0"   --->   Operation 43 'specinterface' 'specinterface_ln0' <Predicate = true> <Delay = 0.00>
ST_1 : Operation 44 [1/1] (0.00ns)   --->   "%specinterface_ln0 = specinterface void @_ssdm_op_SpecInterface, i32 %fwd_out1, void @empty_2, i32 0, i32 0, void @empty_0, i32 0, i32 0, void @empty_0, void @empty_0, void @empty_0, i32 0, i32 0, i32 0, i32 0, void @empty_0, void @empty_0, i32 4294967295, i32 0"   --->   Operation 44 'specinterface' 'specinterface_ln0' <Predicate = true> <Delay = 0.00>
ST_1 : Operation 45 [1/1] (0.00ns)   --->   "%specinterface_ln0 = specinterface void @_ssdm_op_SpecInterface, i64 %buffer_1, void @empty, i32 0, i32 0, void @empty_0, i32 4294967295, i32 0, void @empty_0, void @empty_0, void @empty_0, i32 0, i32 0, i32 0, i32 0, void @empty_0, void @empty_0, i32 4294967295, i32 0"   --->   Operation 45 'specinterface' 'specinterface_ln0' <Predicate = true> <Delay = 0.00>
ST_1 : Operation 46 [1/1] (0.00ns)   --->   "%i_cast_read = read i2 @_ssdm_op_Read.ap_auto.i2, i2 %i_cast"   --->   Operation 46 'read' 'i_cast_read' <Predicate = true> <Delay = 0.00>
ST_1 : Operation 47 [1/1] (0.00ns)   --->   "%REG_V_read = read i16 @_ssdm_op_Read.ap_auto.i16, i16 %REG_V"   --->   Operation 47 'read' 'REG_V_read' <Predicate = true> <Delay = 0.00>
ST_1 : Operation 48 [1/1] (0.00ns)   --->   "%REG_V_1_read = read i16 @_ssdm_op_Read.ap_auto.i16, i16 %REG_V_1"   --->   Operation 48 'read' 'REG_V_1_read' <Predicate = true> <Delay = 0.00>
ST_1 : Operation 49 [1/1] (0.00ns)   --->   "%REG_V_2_read = read i16 @_ssdm_op_Read.ap_auto.i16, i16 %REG_V_2"   --->   Operation 49 'read' 'REG_V_2_read' <Predicate = true> <Delay = 0.00>
ST_1 : Operation 50 [1/1] (0.00ns)   --->   "%REG_V_3_read = read i16 @_ssdm_op_Read.ap_auto.i16, i16 %REG_V_3"   --->   Operation 50 'read' 'REG_V_3_read' <Predicate = true> <Delay = 0.00>
ST_1 : Operation 51 [1/1] (0.00ns)   --->   "%REG_V_4_read = read i16 @_ssdm_op_Read.ap_auto.i16, i16 %REG_V_4"   --->   Operation 51 'read' 'REG_V_4_read' <Predicate = true> <Delay = 0.00>
ST_1 : Operation 52 [1/1] (0.00ns)   --->   "%REG_V_5_read = read i16 @_ssdm_op_Read.ap_auto.i16, i16 %REG_V_5"   --->   Operation 52 'read' 'REG_V_5_read' <Predicate = true> <Delay = 0.00>
ST_1 : Operation 53 [1/1] (0.00ns)   --->   "%REG_V_6_read = read i16 @_ssdm_op_Read.ap_auto.i16, i16 %REG_V_6"   --->   Operation 53 'read' 'REG_V_6_read' <Predicate = true> <Delay = 0.00>
ST_1 : Operation 54 [1/1] (0.00ns)   --->   "%REG_V_7_read = read i16 @_ssdm_op_Read.ap_auto.i16, i16 %REG_V_7"   --->   Operation 54 'read' 'REG_V_7_read' <Predicate = true> <Delay = 0.00>
ST_1 : Operation 55 [1/1] (0.00ns)   --->   "%REG_V_8_read = read i16 @_ssdm_op_Read.ap_auto.i16, i16 %REG_V_8"   --->   Operation 55 'read' 'REG_V_8_read' <Predicate = true> <Delay = 0.00>
ST_1 : Operation 56 [1/1] (0.00ns)   --->   "%REG_V_9_read = read i16 @_ssdm_op_Read.ap_auto.i16, i16 %REG_V_9"   --->   Operation 56 'read' 'REG_V_9_read' <Predicate = true> <Delay = 0.00>
ST_1 : Operation 57 [1/1] (0.00ns)   --->   "%REG_V_10_read = read i16 @_ssdm_op_Read.ap_auto.i16, i16 %REG_V_10"   --->   Operation 57 'read' 'REG_V_10_read' <Predicate = true> <Delay = 0.00>
ST_1 : Operation 58 [1/1] (0.00ns)   --->   "%REG_V_11_read = read i16 @_ssdm_op_Read.ap_auto.i16, i16 %REG_V_11"   --->   Operation 58 'read' 'REG_V_11_read' <Predicate = true> <Delay = 0.00>
ST_1 : Operation 59 [1/1] (0.00ns)   --->   "%REG_V_12_read = read i16 @_ssdm_op_Read.ap_auto.i16, i16 %REG_V_12"   --->   Operation 59 'read' 'REG_V_12_read' <Predicate = true> <Delay = 0.00>
ST_1 : Operation 60 [1/1] (0.00ns)   --->   "%REG_V_13_read = read i16 @_ssdm_op_Read.ap_auto.i16, i16 %REG_V_13"   --->   Operation 60 'read' 'REG_V_13_read' <Predicate = true> <Delay = 0.00>
ST_1 : Operation 61 [1/1] (0.00ns)   --->   "%REG_V_14_read = read i16 @_ssdm_op_Read.ap_auto.i16, i16 %REG_V_14"   --->   Operation 61 'read' 'REG_V_14_read' <Predicate = true> <Delay = 0.00>
ST_1 : Operation 62 [1/1] (0.00ns)   --->   "%REG_V_15_read = read i16 @_ssdm_op_Read.ap_auto.i16, i16 %REG_V_15"   --->   Operation 62 'read' 'REG_V_15_read' <Predicate = true> <Delay = 0.00>
ST_1 : Operation 63 [1/1] (0.00ns)   --->   "%REG_V_16_read = read i16 @_ssdm_op_Read.ap_auto.i16, i16 %REG_V_16"   --->   Operation 63 'read' 'REG_V_16_read' <Predicate = true> <Delay = 0.00>
ST_1 : Operation 64 [1/1] (0.00ns)   --->   "%REG_V_17_read = read i16 @_ssdm_op_Read.ap_auto.i16, i16 %REG_V_17"   --->   Operation 64 'read' 'REG_V_17_read' <Predicate = true> <Delay = 0.00>
ST_1 : Operation 65 [1/1] (0.00ns)   --->   "%REG_V_18_read = read i16 @_ssdm_op_Read.ap_auto.i16, i16 %REG_V_18"   --->   Operation 65 'read' 'REG_V_18_read' <Predicate = true> <Delay = 0.00>
ST_1 : Operation 66 [1/1] (0.00ns)   --->   "%REG_V_19_read = read i16 @_ssdm_op_Read.ap_auto.i16, i16 %REG_V_19"   --->   Operation 66 'read' 'REG_V_19_read' <Predicate = true> <Delay = 0.00>
ST_1 : Operation 67 [1/1] (0.00ns)   --->   "%REG_V_20_read = read i16 @_ssdm_op_Read.ap_auto.i16, i16 %REG_V_20"   --->   Operation 67 'read' 'REG_V_20_read' <Predicate = true> <Delay = 0.00>
ST_1 : Operation 68 [1/1] (0.00ns)   --->   "%REG_V_21_read = read i16 @_ssdm_op_Read.ap_auto.i16, i16 %REG_V_21"   --->   Operation 68 'read' 'REG_V_21_read' <Predicate = true> <Delay = 0.00>
ST_1 : Operation 69 [1/1] (0.00ns)   --->   "%REG_V_22_read = read i16 @_ssdm_op_Read.ap_auto.i16, i16 %REG_V_22"   --->   Operation 69 'read' 'REG_V_22_read' <Predicate = true> <Delay = 0.00>
ST_1 : Operation 70 [1/1] (0.00ns)   --->   "%REG_V_23_read = read i16 @_ssdm_op_Read.ap_auto.i16, i16 %REG_V_23"   --->   Operation 70 'read' 'REG_V_23_read' <Predicate = true> <Delay = 0.00>
ST_1 : Operation 71 [1/1] (0.00ns)   --->   "%REG_V_24_read = read i16 @_ssdm_op_Read.ap_auto.i16, i16 %REG_V_24"   --->   Operation 71 'read' 'REG_V_24_read' <Predicate = true> <Delay = 0.00>
ST_1 : Operation 72 [1/1] (0.00ns)   --->   "%REG_V_25_read = read i16 @_ssdm_op_Read.ap_auto.i16, i16 %REG_V_25"   --->   Operation 72 'read' 'REG_V_25_read' <Predicate = true> <Delay = 0.00>
ST_1 : Operation 73 [1/1] (0.00ns)   --->   "%REG_V_26_read = read i16 @_ssdm_op_Read.ap_auto.i16, i16 %REG_V_26"   --->   Operation 73 'read' 'REG_V_26_read' <Predicate = true> <Delay = 0.00>
ST_1 : Operation 74 [1/1] (0.00ns)   --->   "%REG_V_27_read = read i16 @_ssdm_op_Read.ap_auto.i16, i16 %REG_V_27"   --->   Operation 74 'read' 'REG_V_27_read' <Predicate = true> <Delay = 0.00>
ST_1 : Operation 75 [1/1] (0.00ns)   --->   "%REG_V_28_read = read i16 @_ssdm_op_Read.ap_auto.i16, i16 %REG_V_28"   --->   Operation 75 'read' 'REG_V_28_read' <Predicate = true> <Delay = 0.00>
ST_1 : Operation 76 [1/1] (0.00ns)   --->   "%REG_V_29_read = read i16 @_ssdm_op_Read.ap_auto.i16, i16 %REG_V_29"   --->   Operation 76 'read' 'REG_V_29_read' <Predicate = true> <Delay = 0.00>
ST_1 : Operation 77 [1/1] (0.00ns)   --->   "%REG_V_30_read = read i16 @_ssdm_op_Read.ap_auto.i16, i16 %REG_V_30"   --->   Operation 77 'read' 'REG_V_30_read' <Predicate = true> <Delay = 0.00>
ST_1 : Operation 78 [1/1] (0.00ns)   --->   "%REG_V_31_read = read i16 @_ssdm_op_Read.ap_auto.i16, i16 %REG_V_31"   --->   Operation 78 'read' 'REG_V_31_read' <Predicate = true> <Delay = 0.00>
ST_1 : Operation 79 [1/1] (0.42ns)   --->   "%store_ln0 = store i16 %REG_V_31_read, i16 %REG_V_63"   --->   Operation 79 'store' 'store_ln0' <Predicate = true> <Delay = 0.42>
ST_1 : Operation 80 [1/1] (0.42ns)   --->   "%store_ln0 = store i16 %REG_V_30_read, i16 %REG_V_62"   --->   Operation 80 'store' 'store_ln0' <Predicate = true> <Delay = 0.42>
ST_1 : Operation 81 [1/1] (0.42ns)   --->   "%store_ln0 = store i16 %REG_V_29_read, i16 %REG_V_61"   --->   Operation 81 'store' 'store_ln0' <Predicate = true> <Delay = 0.42>
ST_1 : Operation 82 [1/1] (0.42ns)   --->   "%store_ln0 = store i16 %REG_V_28_read, i16 %REG_V_60"   --->   Operation 82 'store' 'store_ln0' <Predicate = true> <Delay = 0.42>
ST_1 : Operation 83 [1/1] (0.42ns)   --->   "%store_ln0 = store i16 %REG_V_27_read, i16 %REG_V_59"   --->   Operation 83 'store' 'store_ln0' <Predicate = true> <Delay = 0.42>
ST_1 : Operation 84 [1/1] (0.42ns)   --->   "%store_ln0 = store i16 %REG_V_26_read, i16 %REG_V_58"   --->   Operation 84 'store' 'store_ln0' <Predicate = true> <Delay = 0.42>
ST_1 : Operation 85 [1/1] (0.42ns)   --->   "%store_ln0 = store i16 %REG_V_25_read, i16 %REG_V_57"   --->   Operation 85 'store' 'store_ln0' <Predicate = true> <Delay = 0.42>
ST_1 : Operation 86 [1/1] (0.42ns)   --->   "%store_ln0 = store i16 %REG_V_24_read, i16 %REG_V_56"   --->   Operation 86 'store' 'store_ln0' <Predicate = true> <Delay = 0.42>
ST_1 : Operation 87 [1/1] (0.42ns)   --->   "%store_ln0 = store i16 %REG_V_23_read, i16 %REG_V_55"   --->   Operation 87 'store' 'store_ln0' <Predicate = true> <Delay = 0.42>
ST_1 : Operation 88 [1/1] (0.42ns)   --->   "%store_ln0 = store i16 %REG_V_22_read, i16 %REG_V_54"   --->   Operation 88 'store' 'store_ln0' <Predicate = true> <Delay = 0.42>
ST_1 : Operation 89 [1/1] (0.42ns)   --->   "%store_ln0 = store i16 %REG_V_21_read, i16 %REG_V_53"   --->   Operation 89 'store' 'store_ln0' <Predicate = true> <Delay = 0.42>
ST_1 : Operation 90 [1/1] (0.42ns)   --->   "%store_ln0 = store i16 %REG_V_20_read, i16 %REG_V_52"   --->   Operation 90 'store' 'store_ln0' <Predicate = true> <Delay = 0.42>
ST_1 : Operation 91 [1/1] (0.42ns)   --->   "%store_ln0 = store i16 %REG_V_19_read, i16 %REG_V_51"   --->   Operation 91 'store' 'store_ln0' <Predicate = true> <Delay = 0.42>
ST_1 : Operation 92 [1/1] (0.42ns)   --->   "%store_ln0 = store i16 %REG_V_18_read, i16 %REG_V_50"   --->   Operation 92 'store' 'store_ln0' <Predicate = true> <Delay = 0.42>
ST_1 : Operation 93 [1/1] (0.42ns)   --->   "%store_ln0 = store i16 %REG_V_17_read, i16 %REG_V_49"   --->   Operation 93 'store' 'store_ln0' <Predicate = true> <Delay = 0.42>
ST_1 : Operation 94 [1/1] (0.42ns)   --->   "%store_ln0 = store i16 %REG_V_16_read, i16 %REG_V_48"   --->   Operation 94 'store' 'store_ln0' <Predicate = true> <Delay = 0.42>
ST_1 : Operation 95 [1/1] (0.42ns)   --->   "%store_ln0 = store i16 %REG_V_15_read, i16 %REG_V_47"   --->   Operation 95 'store' 'store_ln0' <Predicate = true> <Delay = 0.42>
ST_1 : Operation 96 [1/1] (0.42ns)   --->   "%store_ln0 = store i16 %REG_V_14_read, i16 %REG_V_46"   --->   Operation 96 'store' 'store_ln0' <Predicate = true> <Delay = 0.42>
ST_1 : Operation 97 [1/1] (0.42ns)   --->   "%store_ln0 = store i16 %REG_V_13_read, i16 %REG_V_45"   --->   Operation 97 'store' 'store_ln0' <Predicate = true> <Delay = 0.42>
ST_1 : Operation 98 [1/1] (0.42ns)   --->   "%store_ln0 = store i16 %REG_V_12_read, i16 %REG_V_44"   --->   Operation 98 'store' 'store_ln0' <Predicate = true> <Delay = 0.42>
ST_1 : Operation 99 [1/1] (0.42ns)   --->   "%store_ln0 = store i16 %REG_V_11_read, i16 %REG_V_43"   --->   Operation 99 'store' 'store_ln0' <Predicate = true> <Delay = 0.42>
ST_1 : Operation 100 [1/1] (0.42ns)   --->   "%store_ln0 = store i16 %REG_V_10_read, i16 %REG_V_42"   --->   Operation 100 'store' 'store_ln0' <Predicate = true> <Delay = 0.42>
ST_1 : Operation 101 [1/1] (0.42ns)   --->   "%store_ln0 = store i16 %REG_V_9_read, i16 %REG_V_41"   --->   Operation 101 'store' 'store_ln0' <Predicate = true> <Delay = 0.42>
ST_1 : Operation 102 [1/1] (0.42ns)   --->   "%store_ln0 = store i16 %REG_V_8_read, i16 %REG_V_40"   --->   Operation 102 'store' 'store_ln0' <Predicate = true> <Delay = 0.42>
ST_1 : Operation 103 [1/1] (0.42ns)   --->   "%store_ln0 = store i16 %REG_V_7_read, i16 %REG_V_39"   --->   Operation 103 'store' 'store_ln0' <Predicate = true> <Delay = 0.42>
ST_1 : Operation 104 [1/1] (0.42ns)   --->   "%store_ln0 = store i16 %REG_V_6_read, i16 %REG_V_38"   --->   Operation 104 'store' 'store_ln0' <Predicate = true> <Delay = 0.42>
ST_1 : Operation 105 [1/1] (0.42ns)   --->   "%store_ln0 = store i16 %REG_V_5_read, i16 %REG_V_37"   --->   Operation 105 'store' 'store_ln0' <Predicate = true> <Delay = 0.42>
ST_1 : Operation 106 [1/1] (0.42ns)   --->   "%store_ln0 = store i16 %REG_V_4_read, i16 %REG_V_36"   --->   Operation 106 'store' 'store_ln0' <Predicate = true> <Delay = 0.42>
ST_1 : Operation 107 [1/1] (0.42ns)   --->   "%store_ln0 = store i16 %REG_V_3_read, i16 %REG_V_35"   --->   Operation 107 'store' 'store_ln0' <Predicate = true> <Delay = 0.42>
ST_1 : Operation 108 [1/1] (0.42ns)   --->   "%store_ln0 = store i16 %REG_V_2_read, i16 %REG_V_34"   --->   Operation 108 'store' 'store_ln0' <Predicate = true> <Delay = 0.42>
ST_1 : Operation 109 [1/1] (0.42ns)   --->   "%store_ln0 = store i16 %REG_V_1_read, i16 %REG_V_33"   --->   Operation 109 'store' 'store_ln0' <Predicate = true> <Delay = 0.42>
ST_1 : Operation 110 [1/1] (0.42ns)   --->   "%store_ln0 = store i16 %REG_V_read, i16 %REG_V_32"   --->   Operation 110 'store' 'store_ln0' <Predicate = true> <Delay = 0.42>
ST_1 : Operation 111 [1/1] (0.42ns)   --->   "%store_ln0 = store i2 0, i2 %fe"   --->   Operation 111 'store' 'store_ln0' <Predicate = true> <Delay = 0.42>
ST_1 : Operation 112 [1/1] (0.42ns)   --->   "%store_ln0 = store i34 0, i34 %self_sum_V"   --->   Operation 112 'store' 'store_ln0' <Predicate = true> <Delay = 0.42>
ST_1 : Operation 113 [1/1] (0.00ns)   --->   "%br_ln0 = br void %for.inc59"   --->   Operation 113 'br' 'br_ln0' <Predicate = true> <Delay = 0.00>
ST_1 : Operation 114 [1/1] (0.00ns)   --->   "%fe_1 = load i2 %fe" [Compute_block/Compute.cpp:61]   --->   Operation 114 'load' 'fe_1' <Predicate = true> <Delay = 0.00>
ST_1 : Operation 115 [1/1] (0.44ns)   --->   "%icmp_ln60 = icmp_eq  i2 %fe_1, i2 2" [Compute_block/Compute.cpp:60]   --->   Operation 115 'icmp' 'icmp_ln60' <Predicate = true> <Delay = 0.44> <CoreInst = "Cmp">   --->   Core 9 'Cmp' <Latency = 0> <II = 1> <Delay = 0.44> <FuncUnit> <Opcode : 'icmp'> <InPorts = 2> <OutPorts = 1>
ST_1 : Operation 116 [1/1] (0.54ns)   --->   "%add_ln60 = add i2 %fe_1, i2 1" [Compute_block/Compute.cpp:60]   --->   Operation 116 'add' 'add_ln60' <Predicate = true> <Delay = 0.54> <CoreInst = "Adder">   --->   Core 1 'Adder' <Latency = 0> <II = 1> <Delay = 0.54> <FuncUnit> <Opcode : 'add' 'sub'> <InPorts = 2> <OutPorts = 1>
ST_1 : Operation 117 [1/1] (0.00ns)   --->   "%br_ln60 = br i1 %icmp_ln60, void %for.inc59.split, void %for.end61.exitStub" [Compute_block/Compute.cpp:60]   --->   Operation 117 'br' 'br_ln60' <Predicate = true> <Delay = 0.00>
ST_1 : Operation 118 [1/1] (0.00ns)   --->   "%trunc_ln61 = trunc i2 %fe_1" [Compute_block/Compute.cpp:61]   --->   Operation 118 'trunc' 'trunc_ln61' <Predicate = (!icmp_ln60)> <Delay = 0.00>
ST_1 : Operation 119 [1/1] (0.00ns)   --->   "%add_ln = bitconcatenate i3 @_ssdm_op_BitConcatenate.i3.i2.i1, i2 %i_cast_read, i1 %trunc_ln61" [Compute_block/Compute.cpp:61]   --->   Operation 119 'bitconcatenate' 'add_ln' <Predicate = (!icmp_ln60)> <Delay = 0.00>
ST_1 : Operation 120 [1/1] (0.00ns)   --->   "%zext_ln61 = zext i3 %add_ln" [Compute_block/Compute.cpp:61]   --->   Operation 120 'zext' 'zext_ln61' <Predicate = (!icmp_ln60)> <Delay = 0.00>
ST_1 : Operation 121 [1/1] (0.00ns)   --->   "%buffer_1_addr = getelementptr i64 %buffer_1, i64 0, i64 %zext_ln61" [Compute_block/Compute.cpp:61]   --->   Operation 121 'getelementptr' 'buffer_1_addr' <Predicate = (!icmp_ln60)> <Delay = 0.00>
ST_1 : Operation 122 [2/2] (0.67ns)   --->   "%word = load i3 %buffer_1_addr" [Compute_block/Compute.cpp:61]   --->   Operation 122 'load' 'word' <Predicate = (!icmp_ln60)> <Delay = 0.67> <CoreInst = "RAM">   --->   Core 83 'RAM' <Latency = 1> <II = 1> <Delay = 0.67> <Storage> <Opcode : 'load' 'store'> <Ports = 2> <Width = 64> <Depth = 8> <RAM>
ST_1 : Operation 123 [1/1] (0.44ns)   --->   "%switch_ln66 = switch i2 %i_cast_read, void %arrayidx325.case.3, i2 0, void %arrayidx325.case.0, i2 1, void %arrayidx325.case.1, i2 2, void %arrayidx325.case.2" [Compute_block/Compute.cpp:66]   --->   Operation 123 'switch' 'switch_ln66' <Predicate = (!icmp_ln60)> <Delay = 0.44>
ST_1 : Operation 124 [1/1] (0.42ns)   --->   "%store_ln60 = store i2 %add_ln60, i2 %fe" [Compute_block/Compute.cpp:60]   --->   Operation 124 'store' 'store_ln60' <Predicate = (!icmp_ln60)> <Delay = 0.42>

State 2 <SV = 1> <Delay = 2.31>
ST_2 : Operation 125 [1/1] (0.00ns)   --->   "%specloopname_ln47 = specloopname void @_ssdm_op_SpecLoopName, void @empty_5" [Compute_block/Compute.cpp:47]   --->   Operation 125 'specloopname' 'specloopname_ln47' <Predicate = (!icmp_ln60)> <Delay = 0.00>
ST_2 : Operation 126 [1/2] (0.67ns)   --->   "%word = load i3 %buffer_1_addr" [Compute_block/Compute.cpp:61]   --->   Operation 126 'load' 'word' <Predicate = (!icmp_ln60)> <Delay = 0.67> <CoreInst = "RAM">   --->   Core 83 'RAM' <Latency = 1> <II = 1> <Delay = 0.67> <Storage> <Opcode : 'load' 'store'> <Ports = 2> <Width = 64> <Depth = 8> <RAM>
ST_2 : Operation 127 [1/1] (0.00ns)   --->   "%lhs = trunc i64 %word"   --->   Operation 127 'trunc' 'lhs' <Predicate = (!icmp_ln60)> <Delay = 0.00>
ST_2 : Operation 128 [1/1] (0.00ns)   --->   "%lhs_2 = partselect i16 @_ssdm_op_PartSelect.i16.i64.i32.i32, i64 %word, i32 16, i32 31"   --->   Operation 128 'partselect' 'lhs_2' <Predicate = (!icmp_ln60)> <Delay = 0.00>
ST_2 : Operation 129 [1/1] (0.00ns)   --->   "%rhs = partselect i16 @_ssdm_op_PartSelect.i16.i64.i32.i32, i64 %word, i32 32, i32 47"   --->   Operation 129 'partselect' 'rhs' <Predicate = (!icmp_ln60)> <Delay = 0.00>
ST_2 : Operation 130 [1/1] (0.00ns)   --->   "%rhs_2 = partselect i16 @_ssdm_op_PartSelect.i16.i64.i32.i32, i64 %word, i32 48, i32 63"   --->   Operation 130 'partselect' 'rhs_2' <Predicate = (!icmp_ln60)> <Delay = 0.00>
ST_2 : Operation 131 [1/1] (0.00ns)   --->   "%REG_V_48_load_1 = load i16 %REG_V_48" [Compute_block/Compute.cpp:66]   --->   Operation 131 'load' 'REG_V_48_load_1' <Predicate = (!icmp_ln60 & i_cast_read == 2 & trunc_ln61)> <Delay = 0.00>
ST_2 : Operation 132 [1/1] (0.00ns)   --->   "%REG_V_49_load_1 = load i16 %REG_V_49" [Compute_block/Compute.cpp:67]   --->   Operation 132 'load' 'REG_V_49_load_1' <Predicate = (!icmp_ln60 & i_cast_read == 2 & trunc_ln61)> <Delay = 0.00>
ST_2 : Operation 133 [1/1] (0.00ns)   --->   "%REG_V_50_load_1 = load i16 %REG_V_50" [Compute_block/Compute.cpp:66]   --->   Operation 133 'load' 'REG_V_50_load_1' <Predicate = (!icmp_ln60 & i_cast_read == 2 & !trunc_ln61)> <Delay = 0.00>
ST_2 : Operation 134 [1/1] (0.00ns)   --->   "%REG_V_51_load_1 = load i16 %REG_V_51" [Compute_block/Compute.cpp:67]   --->   Operation 134 'load' 'REG_V_51_load_1' <Predicate = (!icmp_ln60 & i_cast_read == 2 & !trunc_ln61)> <Delay = 0.00>
ST_2 : Operation 135 [1/1] (0.00ns)   --->   "%REG_V_52_load_1 = load i16 %REG_V_52" [Compute_block/Compute.cpp:68]   --->   Operation 135 'load' 'REG_V_52_load_1' <Predicate = (!icmp_ln60 & i_cast_read == 2 & trunc_ln61)> <Delay = 0.00>
ST_2 : Operation 136 [1/1] (0.00ns)   --->   "%REG_V_53_load_1 = load i16 %REG_V_53" [Compute_block/Compute.cpp:69]   --->   Operation 136 'load' 'REG_V_53_load_1' <Predicate = (!icmp_ln60 & i_cast_read == 2 & trunc_ln61)> <Delay = 0.00>
ST_2 : Operation 137 [1/1] (0.00ns)   --->   "%REG_V_54_load_1 = load i16 %REG_V_54" [Compute_block/Compute.cpp:68]   --->   Operation 137 'load' 'REG_V_54_load_1' <Predicate = (!icmp_ln60 & i_cast_read == 2 & !trunc_ln61)> <Delay = 0.00>
ST_2 : Operation 138 [1/1] (0.00ns)   --->   "%REG_V_55_load_1 = load i16 %REG_V_55" [Compute_block/Compute.cpp:69]   --->   Operation 138 'load' 'REG_V_55_load_1' <Predicate = (!icmp_ln60 & i_cast_read == 2 & !trunc_ln61)> <Delay = 0.00>
ST_2 : Operation 139 [1/1] (0.35ns)   --->   "%REG_V_75 = select i1 %trunc_ln61, i16 %lhs, i16 %REG_V_50_load_1" [Compute_block/Compute.cpp:66]   --->   Operation 139 'select' 'REG_V_75' <Predicate = (!icmp_ln60 & i_cast_read == 2)> <Delay = 0.35> <CoreInst = "Sel">   --->   Core 73 'Sel' <Latency = 0> <II = 1> <Delay = 0.35> <FuncUnit> <Opcode : 'select'> <InPorts = 3> <OutPorts = 1>
ST_2 : Operation 140 [1/1] (0.35ns)   --->   "%REG_V_76 = select i1 %trunc_ln61, i16 %REG_V_48_load_1, i16 %lhs" [Compute_block/Compute.cpp:66]   --->   Operation 140 'select' 'REG_V_76' <Predicate = (!icmp_ln60 & i_cast_read == 2)> <Delay = 0.35> <CoreInst = "Sel">   --->   Core 73 'Sel' <Latency = 0> <II = 1> <Delay = 0.35> <FuncUnit> <Opcode : 'select'> <InPorts = 3> <OutPorts = 1>
ST_2 : Operation 141 [1/1] (0.35ns)   --->   "%REG_V_80 = select i1 %trunc_ln61, i16 %lhs_2, i16 %REG_V_51_load_1" [Compute_block/Compute.cpp:67]   --->   Operation 141 'select' 'REG_V_80' <Predicate = (!icmp_ln60 & i_cast_read == 2)> <Delay = 0.35> <CoreInst = "Sel">   --->   Core 73 'Sel' <Latency = 0> <II = 1> <Delay = 0.35> <FuncUnit> <Opcode : 'select'> <InPorts = 3> <OutPorts = 1>
ST_2 : Operation 142 [1/1] (0.35ns)   --->   "%REG_V_79 = select i1 %trunc_ln61, i16 %REG_V_49_load_1, i16 %lhs_2" [Compute_block/Compute.cpp:67]   --->   Operation 142 'select' 'REG_V_79' <Predicate = (!icmp_ln60 & i_cast_read == 2)> <Delay = 0.35> <CoreInst = "Sel">   --->   Core 73 'Sel' <Latency = 0> <II = 1> <Delay = 0.35> <FuncUnit> <Opcode : 'select'> <InPorts = 3> <OutPorts = 1>
ST_2 : Operation 143 [1/1] (0.35ns)   --->   "%REG_V_78 = select i1 %trunc_ln61, i16 %rhs, i16 %REG_V_54_load_1" [Compute_block/Compute.cpp:68]   --->   Operation 143 'select' 'REG_V_78' <Predicate = (!icmp_ln60 & i_cast_read == 2)> <Delay = 0.35> <CoreInst = "Sel">   --->   Core 73 'Sel' <Latency = 0> <II = 1> <Delay = 0.35> <FuncUnit> <Opcode : 'select'> <InPorts = 3> <OutPorts = 1>
ST_2 : Operation 144 [1/1] (0.35ns)   --->   "%REG_V_77 = select i1 %trunc_ln61, i16 %REG_V_52_load_1, i16 %rhs" [Compute_block/Compute.cpp:68]   --->   Operation 144 'select' 'REG_V_77' <Predicate = (!icmp_ln60 & i_cast_read == 2)> <Delay = 0.35> <CoreInst = "Sel">   --->   Core 73 'Sel' <Latency = 0> <II = 1> <Delay = 0.35> <FuncUnit> <Opcode : 'select'> <InPorts = 3> <OutPorts = 1>
ST_2 : Operation 145 [1/1] (0.35ns)   --->   "%select_ln69_6 = select i1 %trunc_ln61, i16 %rhs_2, i16 %REG_V_55_load_1" [Compute_block/Compute.cpp:69]   --->   Operation 145 'select' 'select_ln69_6' <Predicate = (!icmp_ln60 & i_cast_read == 2)> <Delay = 0.35> <CoreInst = "Sel">   --->   Core 73 'Sel' <Latency = 0> <II = 1> <Delay = 0.35> <FuncUnit> <Opcode : 'select'> <InPorts = 3> <OutPorts = 1>
ST_2 : Operation 146 [1/1] (0.35ns)   --->   "%select_ln69_7 = select i1 %trunc_ln61, i16 %REG_V_53_load_1, i16 %rhs_2" [Compute_block/Compute.cpp:69]   --->   Operation 146 'select' 'select_ln69_7' <Predicate = (!icmp_ln60 & i_cast_read == 2)> <Delay = 0.35> <CoreInst = "Sel">   --->   Core 73 'Sel' <Latency = 0> <II = 1> <Delay = 0.35> <FuncUnit> <Opcode : 'select'> <InPorts = 3> <OutPorts = 1>
ST_2 : Operation 147 [1/1] (0.42ns)   --->   "%store_ln69 = store i16 %select_ln69_6, i16 %REG_V_55" [Compute_block/Compute.cpp:69]   --->   Operation 147 'store' 'store_ln69' <Predicate = (!icmp_ln60 & i_cast_read == 2)> <Delay = 0.42>
ST_2 : Operation 148 [1/1] (0.42ns)   --->   "%store_ln69 = store i16 %REG_V_78, i16 %REG_V_54" [Compute_block/Compute.cpp:69]   --->   Operation 148 'store' 'store_ln69' <Predicate = (!icmp_ln60 & i_cast_read == 2)> <Delay = 0.42>
ST_2 : Operation 149 [1/1] (0.42ns)   --->   "%store_ln69 = store i16 %select_ln69_7, i16 %REG_V_53" [Compute_block/Compute.cpp:69]   --->   Operation 149 'store' 'store_ln69' <Predicate = (!icmp_ln60 & i_cast_read == 2)> <Delay = 0.42>
ST_2 : Operation 150 [1/1] (0.42ns)   --->   "%store_ln69 = store i16 %REG_V_77, i16 %REG_V_52" [Compute_block/Compute.cpp:69]   --->   Operation 150 'store' 'store_ln69' <Predicate = (!icmp_ln60 & i_cast_read == 2)> <Delay = 0.42>
ST_2 : Operation 151 [1/1] (0.42ns)   --->   "%store_ln69 = store i16 %REG_V_80, i16 %REG_V_51" [Compute_block/Compute.cpp:69]   --->   Operation 151 'store' 'store_ln69' <Predicate = (!icmp_ln60 & i_cast_read == 2)> <Delay = 0.42>
ST_2 : Operation 152 [1/1] (0.42ns)   --->   "%store_ln69 = store i16 %REG_V_75, i16 %REG_V_50" [Compute_block/Compute.cpp:69]   --->   Operation 152 'store' 'store_ln69' <Predicate = (!icmp_ln60 & i_cast_read == 2)> <Delay = 0.42>
ST_2 : Operation 153 [1/1] (0.42ns)   --->   "%store_ln69 = store i16 %REG_V_79, i16 %REG_V_49" [Compute_block/Compute.cpp:69]   --->   Operation 153 'store' 'store_ln69' <Predicate = (!icmp_ln60 & i_cast_read == 2)> <Delay = 0.42>
ST_2 : Operation 154 [1/1] (0.42ns)   --->   "%store_ln69 = store i16 %REG_V_76, i16 %REG_V_48" [Compute_block/Compute.cpp:69]   --->   Operation 154 'store' 'store_ln69' <Predicate = (!icmp_ln60 & i_cast_read == 2)> <Delay = 0.42>
ST_2 : Operation 155 [1/1] (0.00ns)   --->   "%br_ln69 = br void %arrayidx518.exit" [Compute_block/Compute.cpp:69]   --->   Operation 155 'br' 'br_ln69' <Predicate = (!icmp_ln60 & i_cast_read == 2)> <Delay = 0.00>
ST_2 : Operation 156 [1/1] (0.00ns)   --->   "%REG_V_40_load_1 = load i16 %REG_V_40" [Compute_block/Compute.cpp:66]   --->   Operation 156 'load' 'REG_V_40_load_1' <Predicate = (!icmp_ln60 & i_cast_read == 1 & trunc_ln61)> <Delay = 0.00>
ST_2 : Operation 157 [1/1] (0.00ns)   --->   "%REG_V_41_load_1 = load i16 %REG_V_41" [Compute_block/Compute.cpp:67]   --->   Operation 157 'load' 'REG_V_41_load_1' <Predicate = (!icmp_ln60 & i_cast_read == 1 & trunc_ln61)> <Delay = 0.00>
ST_2 : Operation 158 [1/1] (0.00ns)   --->   "%REG_V_42_load_1 = load i16 %REG_V_42" [Compute_block/Compute.cpp:66]   --->   Operation 158 'load' 'REG_V_42_load_1' <Predicate = (!icmp_ln60 & i_cast_read == 1 & !trunc_ln61)> <Delay = 0.00>
ST_2 : Operation 159 [1/1] (0.00ns)   --->   "%REG_V_43_load_1 = load i16 %REG_V_43" [Compute_block/Compute.cpp:67]   --->   Operation 159 'load' 'REG_V_43_load_1' <Predicate = (!icmp_ln60 & i_cast_read == 1 & !trunc_ln61)> <Delay = 0.00>
ST_2 : Operation 160 [1/1] (0.00ns)   --->   "%REG_V_44_load_1 = load i16 %REG_V_44" [Compute_block/Compute.cpp:68]   --->   Operation 160 'load' 'REG_V_44_load_1' <Predicate = (!icmp_ln60 & i_cast_read == 1 & trunc_ln61)> <Delay = 0.00>
ST_2 : Operation 161 [1/1] (0.00ns)   --->   "%REG_V_45_load_1 = load i16 %REG_V_45" [Compute_block/Compute.cpp:69]   --->   Operation 161 'load' 'REG_V_45_load_1' <Predicate = (!icmp_ln60 & i_cast_read == 1 & trunc_ln61)> <Delay = 0.00>
ST_2 : Operation 162 [1/1] (0.00ns)   --->   "%REG_V_46_load_1 = load i16 %REG_V_46" [Compute_block/Compute.cpp:68]   --->   Operation 162 'load' 'REG_V_46_load_1' <Predicate = (!icmp_ln60 & i_cast_read == 1 & !trunc_ln61)> <Delay = 0.00>
ST_2 : Operation 163 [1/1] (0.00ns)   --->   "%REG_V_47_load_1 = load i16 %REG_V_47" [Compute_block/Compute.cpp:69]   --->   Operation 163 'load' 'REG_V_47_load_1' <Predicate = (!icmp_ln60 & i_cast_read == 1 & !trunc_ln61)> <Delay = 0.00>
ST_2 : Operation 164 [1/1] (0.35ns)   --->   "%REG_V_72 = select i1 %trunc_ln61, i16 %lhs, i16 %REG_V_42_load_1" [Compute_block/Compute.cpp:66]   --->   Operation 164 'select' 'REG_V_72' <Predicate = (!icmp_ln60 & i_cast_read == 1)> <Delay = 0.35> <CoreInst = "Sel">   --->   Core 73 'Sel' <Latency = 0> <II = 1> <Delay = 0.35> <FuncUnit> <Opcode : 'select'> <InPorts = 3> <OutPorts = 1>
ST_2 : Operation 165 [1/1] (0.35ns)   --->   "%p_Repl2_2 = select i1 %trunc_ln61, i16 %REG_V_40_load_1, i16 %lhs" [Compute_block/Compute.cpp:66]   --->   Operation 165 'select' 'p_Repl2_2' <Predicate = (!icmp_ln60 & i_cast_read == 1)> <Delay = 0.35> <CoreInst = "Sel">   --->   Core 73 'Sel' <Latency = 0> <II = 1> <Delay = 0.35> <FuncUnit> <Opcode : 'select'> <InPorts = 3> <OutPorts = 1>
ST_2 : Operation 166 [1/1] (0.35ns)   --->   "%select_ln67_4 = select i1 %trunc_ln61, i16 %lhs_2, i16 %REG_V_43_load_1" [Compute_block/Compute.cpp:67]   --->   Operation 166 'select' 'select_ln67_4' <Predicate = (!icmp_ln60 & i_cast_read == 1)> <Delay = 0.35> <CoreInst = "Sel">   --->   Core 73 'Sel' <Latency = 0> <II = 1> <Delay = 0.35> <FuncUnit> <Opcode : 'select'> <InPorts = 3> <OutPorts = 1>
ST_2 : Operation 167 [1/1] (0.35ns)   --->   "%select_ln67_5 = select i1 %trunc_ln61, i16 %REG_V_41_load_1, i16 %lhs_2" [Compute_block/Compute.cpp:67]   --->   Operation 167 'select' 'select_ln67_5' <Predicate = (!icmp_ln60 & i_cast_read == 1)> <Delay = 0.35> <CoreInst = "Sel">   --->   Core 73 'Sel' <Latency = 0> <II = 1> <Delay = 0.35> <FuncUnit> <Opcode : 'select'> <InPorts = 3> <OutPorts = 1>
ST_2 : Operation 168 [1/1] (0.35ns)   --->   "%select_ln68_4 = select i1 %trunc_ln61, i16 %rhs, i16 %REG_V_46_load_1" [Compute_block/Compute.cpp:68]   --->   Operation 168 'select' 'select_ln68_4' <Predicate = (!icmp_ln60 & i_cast_read == 1)> <Delay = 0.35> <CoreInst = "Sel">   --->   Core 73 'Sel' <Latency = 0> <II = 1> <Delay = 0.35> <FuncUnit> <Opcode : 'select'> <InPorts = 3> <OutPorts = 1>
ST_2 : Operation 169 [1/1] (0.35ns)   --->   "%select_ln68_5 = select i1 %trunc_ln61, i16 %REG_V_44_load_1, i16 %rhs" [Compute_block/Compute.cpp:68]   --->   Operation 169 'select' 'select_ln68_5' <Predicate = (!icmp_ln60 & i_cast_read == 1)> <Delay = 0.35> <CoreInst = "Sel">   --->   Core 73 'Sel' <Latency = 0> <II = 1> <Delay = 0.35> <FuncUnit> <Opcode : 'select'> <InPorts = 3> <OutPorts = 1>
ST_2 : Operation 170 [1/1] (0.35ns)   --->   "%select_ln69_4 = select i1 %trunc_ln61, i16 %rhs_2, i16 %REG_V_47_load_1" [Compute_block/Compute.cpp:69]   --->   Operation 170 'select' 'select_ln69_4' <Predicate = (!icmp_ln60 & i_cast_read == 1)> <Delay = 0.35> <CoreInst = "Sel">   --->   Core 73 'Sel' <Latency = 0> <II = 1> <Delay = 0.35> <FuncUnit> <Opcode : 'select'> <InPorts = 3> <OutPorts = 1>
ST_2 : Operation 171 [1/1] (0.35ns)   --->   "%select_ln69_5 = select i1 %trunc_ln61, i16 %REG_V_45_load_1, i16 %rhs_2" [Compute_block/Compute.cpp:69]   --->   Operation 171 'select' 'select_ln69_5' <Predicate = (!icmp_ln60 & i_cast_read == 1)> <Delay = 0.35> <CoreInst = "Sel">   --->   Core 73 'Sel' <Latency = 0> <II = 1> <Delay = 0.35> <FuncUnit> <Opcode : 'select'> <InPorts = 3> <OutPorts = 1>
ST_2 : Operation 172 [1/1] (0.42ns)   --->   "%store_ln69 = store i16 %select_ln69_4, i16 %REG_V_47" [Compute_block/Compute.cpp:69]   --->   Operation 172 'store' 'store_ln69' <Predicate = (!icmp_ln60 & i_cast_read == 1)> <Delay = 0.42>
ST_2 : Operation 173 [1/1] (0.42ns)   --->   "%store_ln69 = store i16 %select_ln68_4, i16 %REG_V_46" [Compute_block/Compute.cpp:69]   --->   Operation 173 'store' 'store_ln69' <Predicate = (!icmp_ln60 & i_cast_read == 1)> <Delay = 0.42>
ST_2 : Operation 174 [1/1] (0.42ns)   --->   "%store_ln69 = store i16 %select_ln69_5, i16 %REG_V_45" [Compute_block/Compute.cpp:69]   --->   Operation 174 'store' 'store_ln69' <Predicate = (!icmp_ln60 & i_cast_read == 1)> <Delay = 0.42>
ST_2 : Operation 175 [1/1] (0.42ns)   --->   "%store_ln69 = store i16 %select_ln68_5, i16 %REG_V_44" [Compute_block/Compute.cpp:69]   --->   Operation 175 'store' 'store_ln69' <Predicate = (!icmp_ln60 & i_cast_read == 1)> <Delay = 0.42>
ST_2 : Operation 176 [1/1] (0.42ns)   --->   "%store_ln69 = store i16 %select_ln67_4, i16 %REG_V_43" [Compute_block/Compute.cpp:69]   --->   Operation 176 'store' 'store_ln69' <Predicate = (!icmp_ln60 & i_cast_read == 1)> <Delay = 0.42>
ST_2 : Operation 177 [1/1] (0.42ns)   --->   "%store_ln69 = store i16 %REG_V_72, i16 %REG_V_42" [Compute_block/Compute.cpp:69]   --->   Operation 177 'store' 'store_ln69' <Predicate = (!icmp_ln60 & i_cast_read == 1)> <Delay = 0.42>
ST_2 : Operation 178 [1/1] (0.42ns)   --->   "%store_ln69 = store i16 %select_ln67_5, i16 %REG_V_41" [Compute_block/Compute.cpp:69]   --->   Operation 178 'store' 'store_ln69' <Predicate = (!icmp_ln60 & i_cast_read == 1)> <Delay = 0.42>
ST_2 : Operation 179 [1/1] (0.42ns)   --->   "%store_ln69 = store i16 %p_Repl2_2, i16 %REG_V_40" [Compute_block/Compute.cpp:69]   --->   Operation 179 'store' 'store_ln69' <Predicate = (!icmp_ln60 & i_cast_read == 1)> <Delay = 0.42>
ST_2 : Operation 180 [1/1] (0.00ns)   --->   "%br_ln69 = br void %arrayidx518.exit" [Compute_block/Compute.cpp:69]   --->   Operation 180 'br' 'br_ln69' <Predicate = (!icmp_ln60 & i_cast_read == 1)> <Delay = 0.00>
ST_2 : Operation 181 [1/1] (0.00ns)   --->   "%REG_V_32_load_1 = load i16 %REG_V_32" [Compute_block/Compute.cpp:66]   --->   Operation 181 'load' 'REG_V_32_load_1' <Predicate = (!icmp_ln60 & i_cast_read == 0 & trunc_ln61)> <Delay = 0.00>
ST_2 : Operation 182 [1/1] (0.00ns)   --->   "%REG_V_33_load_1 = load i16 %REG_V_33" [Compute_block/Compute.cpp:67]   --->   Operation 182 'load' 'REG_V_33_load_1' <Predicate = (!icmp_ln60 & i_cast_read == 0 & trunc_ln61)> <Delay = 0.00>
ST_2 : Operation 183 [1/1] (0.00ns)   --->   "%REG_V_34_load_1 = load i16 %REG_V_34" [Compute_block/Compute.cpp:66]   --->   Operation 183 'load' 'REG_V_34_load_1' <Predicate = (!icmp_ln60 & i_cast_read == 0 & !trunc_ln61)> <Delay = 0.00>
ST_2 : Operation 184 [1/1] (0.00ns)   --->   "%REG_V_35_load_1 = load i16 %REG_V_35" [Compute_block/Compute.cpp:67]   --->   Operation 184 'load' 'REG_V_35_load_1' <Predicate = (!icmp_ln60 & i_cast_read == 0 & !trunc_ln61)> <Delay = 0.00>
ST_2 : Operation 185 [1/1] (0.00ns)   --->   "%REG_V_36_load_1 = load i16 %REG_V_36" [Compute_block/Compute.cpp:68]   --->   Operation 185 'load' 'REG_V_36_load_1' <Predicate = (!icmp_ln60 & i_cast_read == 0 & trunc_ln61)> <Delay = 0.00>
ST_2 : Operation 186 [1/1] (0.00ns)   --->   "%REG_V_37_load_1 = load i16 %REG_V_37" [Compute_block/Compute.cpp:69]   --->   Operation 186 'load' 'REG_V_37_load_1' <Predicate = (!icmp_ln60 & i_cast_read == 0 & trunc_ln61)> <Delay = 0.00>
ST_2 : Operation 187 [1/1] (0.00ns)   --->   "%REG_V_38_load_1 = load i16 %REG_V_38" [Compute_block/Compute.cpp:68]   --->   Operation 187 'load' 'REG_V_38_load_1' <Predicate = (!icmp_ln60 & i_cast_read == 0 & !trunc_ln61)> <Delay = 0.00>
ST_2 : Operation 188 [1/1] (0.00ns)   --->   "%REG_V_39_load_1 = load i16 %REG_V_39" [Compute_block/Compute.cpp:69]   --->   Operation 188 'load' 'REG_V_39_load_1' <Predicate = (!icmp_ln60 & i_cast_read == 0 & !trunc_ln61)> <Delay = 0.00>
ST_2 : Operation 189 [1/1] (0.35ns)   --->   "%REG_V_71 = select i1 %trunc_ln61, i16 %lhs, i16 %REG_V_34_load_1" [Compute_block/Compute.cpp:66]   --->   Operation 189 'select' 'REG_V_71' <Predicate = (!icmp_ln60 & i_cast_read == 0)> <Delay = 0.35> <CoreInst = "Sel">   --->   Core 73 'Sel' <Latency = 0> <II = 1> <Delay = 0.35> <FuncUnit> <Opcode : 'select'> <InPorts = 3> <OutPorts = 1>
ST_2 : Operation 190 [1/1] (0.35ns)   --->   "%p_Repl2_1 = select i1 %trunc_ln61, i16 %REG_V_32_load_1, i16 %lhs" [Compute_block/Compute.cpp:66]   --->   Operation 190 'select' 'p_Repl2_1' <Predicate = (!icmp_ln60 & i_cast_read == 0)> <Delay = 0.35> <CoreInst = "Sel">   --->   Core 73 'Sel' <Latency = 0> <II = 1> <Delay = 0.35> <FuncUnit> <Opcode : 'select'> <InPorts = 3> <OutPorts = 1>
ST_2 : Operation 191 [1/1] (0.35ns)   --->   "%select_ln67_2 = select i1 %trunc_ln61, i16 %lhs_2, i16 %REG_V_35_load_1" [Compute_block/Compute.cpp:67]   --->   Operation 191 'select' 'select_ln67_2' <Predicate = (!icmp_ln60 & i_cast_read == 0)> <Delay = 0.35> <CoreInst = "Sel">   --->   Core 73 'Sel' <Latency = 0> <II = 1> <Delay = 0.35> <FuncUnit> <Opcode : 'select'> <InPorts = 3> <OutPorts = 1>
ST_2 : Operation 192 [1/1] (0.35ns)   --->   "%select_ln67_3 = select i1 %trunc_ln61, i16 %REG_V_33_load_1, i16 %lhs_2" [Compute_block/Compute.cpp:67]   --->   Operation 192 'select' 'select_ln67_3' <Predicate = (!icmp_ln60 & i_cast_read == 0)> <Delay = 0.35> <CoreInst = "Sel">   --->   Core 73 'Sel' <Latency = 0> <II = 1> <Delay = 0.35> <FuncUnit> <Opcode : 'select'> <InPorts = 3> <OutPorts = 1>
ST_2 : Operation 193 [1/1] (0.35ns)   --->   "%select_ln68_2 = select i1 %trunc_ln61, i16 %rhs, i16 %REG_V_38_load_1" [Compute_block/Compute.cpp:68]   --->   Operation 193 'select' 'select_ln68_2' <Predicate = (!icmp_ln60 & i_cast_read == 0)> <Delay = 0.35> <CoreInst = "Sel">   --->   Core 73 'Sel' <Latency = 0> <II = 1> <Delay = 0.35> <FuncUnit> <Opcode : 'select'> <InPorts = 3> <OutPorts = 1>
ST_2 : Operation 194 [1/1] (0.35ns)   --->   "%select_ln68_3 = select i1 %trunc_ln61, i16 %REG_V_36_load_1, i16 %rhs" [Compute_block/Compute.cpp:68]   --->   Operation 194 'select' 'select_ln68_3' <Predicate = (!icmp_ln60 & i_cast_read == 0)> <Delay = 0.35> <CoreInst = "Sel">   --->   Core 73 'Sel' <Latency = 0> <II = 1> <Delay = 0.35> <FuncUnit> <Opcode : 'select'> <InPorts = 3> <OutPorts = 1>
ST_2 : Operation 195 [1/1] (0.35ns)   --->   "%select_ln69_2 = select i1 %trunc_ln61, i16 %rhs_2, i16 %REG_V_39_load_1" [Compute_block/Compute.cpp:69]   --->   Operation 195 'select' 'select_ln69_2' <Predicate = (!icmp_ln60 & i_cast_read == 0)> <Delay = 0.35> <CoreInst = "Sel">   --->   Core 73 'Sel' <Latency = 0> <II = 1> <Delay = 0.35> <FuncUnit> <Opcode : 'select'> <InPorts = 3> <OutPorts = 1>
ST_2 : Operation 196 [1/1] (0.35ns)   --->   "%select_ln69_3 = select i1 %trunc_ln61, i16 %REG_V_37_load_1, i16 %rhs_2" [Compute_block/Compute.cpp:69]   --->   Operation 196 'select' 'select_ln69_3' <Predicate = (!icmp_ln60 & i_cast_read == 0)> <Delay = 0.35> <CoreInst = "Sel">   --->   Core 73 'Sel' <Latency = 0> <II = 1> <Delay = 0.35> <FuncUnit> <Opcode : 'select'> <InPorts = 3> <OutPorts = 1>
ST_2 : Operation 197 [1/1] (0.42ns)   --->   "%store_ln69 = store i16 %select_ln69_2, i16 %REG_V_39" [Compute_block/Compute.cpp:69]   --->   Operation 197 'store' 'store_ln69' <Predicate = (!icmp_ln60 & i_cast_read == 0)> <Delay = 0.42>
ST_2 : Operation 198 [1/1] (0.42ns)   --->   "%store_ln69 = store i16 %select_ln68_2, i16 %REG_V_38" [Compute_block/Compute.cpp:69]   --->   Operation 198 'store' 'store_ln69' <Predicate = (!icmp_ln60 & i_cast_read == 0)> <Delay = 0.42>
ST_2 : Operation 199 [1/1] (0.42ns)   --->   "%store_ln69 = store i16 %select_ln69_3, i16 %REG_V_37" [Compute_block/Compute.cpp:69]   --->   Operation 199 'store' 'store_ln69' <Predicate = (!icmp_ln60 & i_cast_read == 0)> <Delay = 0.42>
ST_2 : Operation 200 [1/1] (0.42ns)   --->   "%store_ln69 = store i16 %select_ln68_3, i16 %REG_V_36" [Compute_block/Compute.cpp:69]   --->   Operation 200 'store' 'store_ln69' <Predicate = (!icmp_ln60 & i_cast_read == 0)> <Delay = 0.42>
ST_2 : Operation 201 [1/1] (0.42ns)   --->   "%store_ln69 = store i16 %select_ln67_2, i16 %REG_V_35" [Compute_block/Compute.cpp:69]   --->   Operation 201 'store' 'store_ln69' <Predicate = (!icmp_ln60 & i_cast_read == 0)> <Delay = 0.42>
ST_2 : Operation 202 [1/1] (0.42ns)   --->   "%store_ln69 = store i16 %REG_V_71, i16 %REG_V_34" [Compute_block/Compute.cpp:69]   --->   Operation 202 'store' 'store_ln69' <Predicate = (!icmp_ln60 & i_cast_read == 0)> <Delay = 0.42>
ST_2 : Operation 203 [1/1] (0.42ns)   --->   "%store_ln69 = store i16 %select_ln67_3, i16 %REG_V_33" [Compute_block/Compute.cpp:69]   --->   Operation 203 'store' 'store_ln69' <Predicate = (!icmp_ln60 & i_cast_read == 0)> <Delay = 0.42>
ST_2 : Operation 204 [1/1] (0.42ns)   --->   "%store_ln69 = store i16 %p_Repl2_1, i16 %REG_V_32" [Compute_block/Compute.cpp:69]   --->   Operation 204 'store' 'store_ln69' <Predicate = (!icmp_ln60 & i_cast_read == 0)> <Delay = 0.42>
ST_2 : Operation 205 [1/1] (0.00ns)   --->   "%br_ln69 = br void %arrayidx518.exit" [Compute_block/Compute.cpp:69]   --->   Operation 205 'br' 'br_ln69' <Predicate = (!icmp_ln60 & i_cast_read == 0)> <Delay = 0.00>
ST_2 : Operation 206 [1/1] (0.00ns)   --->   "%REG_V_56_load_1 = load i16 %REG_V_56" [Compute_block/Compute.cpp:66]   --->   Operation 206 'load' 'REG_V_56_load_1' <Predicate = (!icmp_ln60 & i_cast_read == 3 & trunc_ln61)> <Delay = 0.00>
ST_2 : Operation 207 [1/1] (0.00ns)   --->   "%REG_V_57_load_1 = load i16 %REG_V_57" [Compute_block/Compute.cpp:67]   --->   Operation 207 'load' 'REG_V_57_load_1' <Predicate = (!icmp_ln60 & i_cast_read == 3 & trunc_ln61)> <Delay = 0.00>
ST_2 : Operation 208 [1/1] (0.00ns)   --->   "%REG_V_58_load_1 = load i16 %REG_V_58" [Compute_block/Compute.cpp:66]   --->   Operation 208 'load' 'REG_V_58_load_1' <Predicate = (!icmp_ln60 & i_cast_read == 3 & !trunc_ln61)> <Delay = 0.00>
ST_2 : Operation 209 [1/1] (0.00ns)   --->   "%REG_V_59_load_1 = load i16 %REG_V_59" [Compute_block/Compute.cpp:67]   --->   Operation 209 'load' 'REG_V_59_load_1' <Predicate = (!icmp_ln60 & i_cast_read == 3 & !trunc_ln61)> <Delay = 0.00>
ST_2 : Operation 210 [1/1] (0.00ns)   --->   "%REG_V_60_load_1 = load i16 %REG_V_60" [Compute_block/Compute.cpp:68]   --->   Operation 210 'load' 'REG_V_60_load_1' <Predicate = (!icmp_ln60 & i_cast_read == 3 & trunc_ln61)> <Delay = 0.00>
ST_2 : Operation 211 [1/1] (0.00ns)   --->   "%REG_V_61_load_1 = load i16 %REG_V_61" [Compute_block/Compute.cpp:69]   --->   Operation 211 'load' 'REG_V_61_load_1' <Predicate = (!icmp_ln60 & i_cast_read == 3 & trunc_ln61)> <Delay = 0.00>
ST_2 : Operation 212 [1/1] (0.00ns)   --->   "%REG_V_62_load_1 = load i16 %REG_V_62" [Compute_block/Compute.cpp:68]   --->   Operation 212 'load' 'REG_V_62_load_1' <Predicate = (!icmp_ln60 & i_cast_read == 3 & !trunc_ln61)> <Delay = 0.00>
ST_2 : Operation 213 [1/1] (0.00ns)   --->   "%REG_V_63_load_1 = load i16 %REG_V_63" [Compute_block/Compute.cpp:69]   --->   Operation 213 'load' 'REG_V_63_load_1' <Predicate = (!icmp_ln60 & i_cast_read == 3 & !trunc_ln61)> <Delay = 0.00>
ST_2 : Operation 214 [1/1] (0.35ns)   --->   "%REG_V_65 = select i1 %trunc_ln61, i16 %lhs, i16 %REG_V_58_load_1" [Compute_block/Compute.cpp:66]   --->   Operation 214 'select' 'REG_V_65' <Predicate = (!icmp_ln60 & i_cast_read == 3)> <Delay = 0.35> <CoreInst = "Sel">   --->   Core 73 'Sel' <Latency = 0> <II = 1> <Delay = 0.35> <FuncUnit> <Opcode : 'select'> <InPorts = 3> <OutPorts = 1>
ST_2 : Operation 215 [1/1] (0.35ns)   --->   "%p_Repl2_s = select i1 %trunc_ln61, i16 %REG_V_56_load_1, i16 %lhs" [Compute_block/Compute.cpp:66]   --->   Operation 215 'select' 'p_Repl2_s' <Predicate = (!icmp_ln60 & i_cast_read == 3)> <Delay = 0.35> <CoreInst = "Sel">   --->   Core 73 'Sel' <Latency = 0> <II = 1> <Delay = 0.35> <FuncUnit> <Opcode : 'select'> <InPorts = 3> <OutPorts = 1>
ST_2 : Operation 216 [1/1] (0.35ns)   --->   "%select_ln67 = select i1 %trunc_ln61, i16 %lhs_2, i16 %REG_V_59_load_1" [Compute_block/Compute.cpp:67]   --->   Operation 216 'select' 'select_ln67' <Predicate = (!icmp_ln60 & i_cast_read == 3)> <Delay = 0.35> <CoreInst = "Sel">   --->   Core 73 'Sel' <Latency = 0> <II = 1> <Delay = 0.35> <FuncUnit> <Opcode : 'select'> <InPorts = 3> <OutPorts = 1>
ST_2 : Operation 217 [1/1] (0.35ns)   --->   "%select_ln67_1 = select i1 %trunc_ln61, i16 %REG_V_57_load_1, i16 %lhs_2" [Compute_block/Compute.cpp:67]   --->   Operation 217 'select' 'select_ln67_1' <Predicate = (!icmp_ln60 & i_cast_read == 3)> <Delay = 0.35> <CoreInst = "Sel">   --->   Core 73 'Sel' <Latency = 0> <II = 1> <Delay = 0.35> <FuncUnit> <Opcode : 'select'> <InPorts = 3> <OutPorts = 1>
ST_2 : Operation 218 [1/1] (0.35ns)   --->   "%select_ln68 = select i1 %trunc_ln61, i16 %rhs, i16 %REG_V_62_load_1" [Compute_block/Compute.cpp:68]   --->   Operation 218 'select' 'select_ln68' <Predicate = (!icmp_ln60 & i_cast_read == 3)> <Delay = 0.35> <CoreInst = "Sel">   --->   Core 73 'Sel' <Latency = 0> <II = 1> <Delay = 0.35> <FuncUnit> <Opcode : 'select'> <InPorts = 3> <OutPorts = 1>
ST_2 : Operation 219 [1/1] (0.35ns)   --->   "%select_ln68_1 = select i1 %trunc_ln61, i16 %REG_V_60_load_1, i16 %rhs" [Compute_block/Compute.cpp:68]   --->   Operation 219 'select' 'select_ln68_1' <Predicate = (!icmp_ln60 & i_cast_read == 3)> <Delay = 0.35> <CoreInst = "Sel">   --->   Core 73 'Sel' <Latency = 0> <II = 1> <Delay = 0.35> <FuncUnit> <Opcode : 'select'> <InPorts = 3> <OutPorts = 1>
ST_2 : Operation 220 [1/1] (0.35ns)   --->   "%select_ln69 = select i1 %trunc_ln61, i16 %rhs_2, i16 %REG_V_63_load_1" [Compute_block/Compute.cpp:69]   --->   Operation 220 'select' 'select_ln69' <Predicate = (!icmp_ln60 & i_cast_read == 3)> <Delay = 0.35> <CoreInst = "Sel">   --->   Core 73 'Sel' <Latency = 0> <II = 1> <Delay = 0.35> <FuncUnit> <Opcode : 'select'> <InPorts = 3> <OutPorts = 1>
ST_2 : Operation 221 [1/1] (0.35ns)   --->   "%select_ln69_1 = select i1 %trunc_ln61, i16 %REG_V_61_load_1, i16 %rhs_2" [Compute_block/Compute.cpp:69]   --->   Operation 221 'select' 'select_ln69_1' <Predicate = (!icmp_ln60 & i_cast_read == 3)> <Delay = 0.35> <CoreInst = "Sel">   --->   Core 73 'Sel' <Latency = 0> <II = 1> <Delay = 0.35> <FuncUnit> <Opcode : 'select'> <InPorts = 3> <OutPorts = 1>
ST_2 : Operation 222 [1/1] (0.42ns)   --->   "%store_ln69 = store i16 %select_ln69, i16 %REG_V_63" [Compute_block/Compute.cpp:69]   --->   Operation 222 'store' 'store_ln69' <Predicate = (!icmp_ln60 & i_cast_read == 3)> <Delay = 0.42>
ST_2 : Operation 223 [1/1] (0.42ns)   --->   "%store_ln69 = store i16 %select_ln68, i16 %REG_V_62" [Compute_block/Compute.cpp:69]   --->   Operation 223 'store' 'store_ln69' <Predicate = (!icmp_ln60 & i_cast_read == 3)> <Delay = 0.42>
ST_2 : Operation 224 [1/1] (0.42ns)   --->   "%store_ln69 = store i16 %select_ln69_1, i16 %REG_V_61" [Compute_block/Compute.cpp:69]   --->   Operation 224 'store' 'store_ln69' <Predicate = (!icmp_ln60 & i_cast_read == 3)> <Delay = 0.42>
ST_2 : Operation 225 [1/1] (0.42ns)   --->   "%store_ln69 = store i16 %select_ln68_1, i16 %REG_V_60" [Compute_block/Compute.cpp:69]   --->   Operation 225 'store' 'store_ln69' <Predicate = (!icmp_ln60 & i_cast_read == 3)> <Delay = 0.42>
ST_2 : Operation 226 [1/1] (0.42ns)   --->   "%store_ln69 = store i16 %select_ln67, i16 %REG_V_59" [Compute_block/Compute.cpp:69]   --->   Operation 226 'store' 'store_ln69' <Predicate = (!icmp_ln60 & i_cast_read == 3)> <Delay = 0.42>
ST_2 : Operation 227 [1/1] (0.42ns)   --->   "%store_ln69 = store i16 %REG_V_65, i16 %REG_V_58" [Compute_block/Compute.cpp:69]   --->   Operation 227 'store' 'store_ln69' <Predicate = (!icmp_ln60 & i_cast_read == 3)> <Delay = 0.42>
ST_2 : Operation 228 [1/1] (0.42ns)   --->   "%store_ln69 = store i16 %select_ln67_1, i16 %REG_V_57" [Compute_block/Compute.cpp:69]   --->   Operation 228 'store' 'store_ln69' <Predicate = (!icmp_ln60 & i_cast_read == 3)> <Delay = 0.42>
ST_2 : Operation 229 [1/1] (0.42ns)   --->   "%store_ln69 = store i16 %p_Repl2_s, i16 %REG_V_56" [Compute_block/Compute.cpp:69]   --->   Operation 229 'store' 'store_ln69' <Predicate = (!icmp_ln60 & i_cast_read == 3)> <Delay = 0.42>
ST_2 : Operation 230 [1/1] (0.00ns)   --->   "%br_ln69 = br void %arrayidx518.exit" [Compute_block/Compute.cpp:69]   --->   Operation 230 'br' 'br_ln69' <Predicate = (!icmp_ln60 & i_cast_read == 3)> <Delay = 0.00>
ST_2 : Operation 231 [1/1] (0.00ns)   --->   "%zext_ln186_17 = zext i16 %lhs_2"   --->   Operation 231 'zext' 'zext_ln186_17' <Predicate = (!icmp_ln60)> <Delay = 0.00>
ST_2 : Operation 232 [1/1] (0.00ns)   --->   "%zext_ln186_18 = zext i16 %rhs_2"   --->   Operation 232 'zext' 'zext_ln186_18' <Predicate = (!icmp_ln60)> <Delay = 0.00>
ST_2 : Operation 233 [4/4] (0.53ns) (root node of the DSP)   --->   "%ret_V_4 = mul i32 %zext_ln186_18, i32 %zext_ln186_17"   --->   Operation 233 'mul' 'ret_V_4' <Predicate = (!icmp_ln60)> <Delay = 0.53> <CoreInst = "DSP48">   --->   Core 127 'DSP48' <Latency = 3> <II = 1> <Delay = 0.53> <IPBlock> <Opcode : 'mul' 'add' 'sub' 'select'> <InPorts = 0> <OutPorts = 1> <Sync> <CReg>
ST_2 : Operation 234 [1/1] (0.00ns)   --->   "%p_Result_s = bitconcatenate i32 @_ssdm_op_BitConcatenate.i32.i16.i16, i16 %lhs, i16 %lhs_2"   --->   Operation 234 'bitconcatenate' 'p_Result_s' <Predicate = (!icmp_ln60)> <Delay = 0.00>
ST_2 : Operation 235 [1/1] (1.63ns)   --->   "%write_ln71 = write void @_ssdm_op_Write.ap_fifo.volatile.i32P0A, i32 %fwd_out1, i32 %p_Result_s" [Compute_block/Compute.cpp:71]   --->   Operation 235 'write' 'write_ln71' <Predicate = (!icmp_ln60)> <Delay = 1.63> <CoreInst = "FIFO">   --->   Core 78 'FIFO' <Latency = 0> <II = 1> <Delay = 1.63> <Storage> <Opcode : 'read' 'write' 'nbread' 'nbwrite'> <Ports = 0> <Width = -1> <Depth = -1> <FIFO>
ST_2 : Operation 236 [1/1] (0.00ns)   --->   "%p_Result_1 = bitconcatenate i32 @_ssdm_op_BitConcatenate.i32.i16.i16, i16 %rhs, i16 %rhs_2"   --->   Operation 236 'bitconcatenate' 'p_Result_1' <Predicate = (!icmp_ln60)> <Delay = 0.00>
ST_2 : Operation 237 [1/1] (1.63ns)   --->   "%write_ln72 = write void @_ssdm_op_Write.ap_fifo.volatile.i32P0A, i32 %fwd_out2, i32 %p_Result_1" [Compute_block/Compute.cpp:72]   --->   Operation 237 'write' 'write_ln72' <Predicate = (!icmp_ln60)> <Delay = 1.63> <CoreInst = "FIFO">   --->   Core 78 'FIFO' <Latency = 0> <II = 1> <Delay = 1.63> <Storage> <Opcode : 'read' 'write' 'nbread' 'nbwrite'> <Ports = 0> <Width = -1> <Depth = -1> <FIFO>

State 3 <SV = 2> <Delay = 0.99>
ST_3 : Operation 238 [1/1] (0.00ns)   --->   "%zext_ln186 = zext i16 %lhs"   --->   Operation 238 'zext' 'zext_ln186' <Predicate = (!icmp_ln60)> <Delay = 0.00>
ST_3 : Operation 239 [1/1] (0.00ns)   --->   "%zext_ln186_16 = zext i16 %rhs"   --->   Operation 239 'zext' 'zext_ln186_16' <Predicate = (!icmp_ln60)> <Delay = 0.00>
ST_3 : Operation 240 [3/3] (0.99ns) (grouped into DSP with root node ret_V)   --->   "%ret_V_3 = mul i32 %zext_ln186_16, i32 %zext_ln186"   --->   Operation 240 'mul' 'ret_V_3' <Predicate = (!icmp_ln60)> <Delay = 0.99> <CoreInst = "DSP48">   --->   Core 127 'DSP48' <Latency = 3> <II = 1> <Delay = 0.53> <IPBlock> <Opcode : 'mul' 'add' 'sub' 'select'> <InPorts = 0> <OutPorts = 1> <Sync> <CReg>
ST_3 : Operation 241 [3/4] (0.53ns) (root node of the DSP)   --->   "%ret_V_4 = mul i32 %zext_ln186_18, i32 %zext_ln186_17"   --->   Operation 241 'mul' 'ret_V_4' <Predicate = (!icmp_ln60)> <Delay = 0.53> <CoreInst = "DSP48">   --->   Core 127 'DSP48' <Latency = 3> <II = 1> <Delay = 0.53> <IPBlock> <Opcode : 'mul' 'add' 'sub' 'select'> <InPorts = 0> <OutPorts = 1> <Sync> <CReg>

State 4 <SV = 3> <Delay = 0.99>
ST_4 : Operation 242 [2/3] (0.99ns) (grouped into DSP with root node ret_V)   --->   "%ret_V_3 = mul i32 %zext_ln186_16, i32 %zext_ln186"   --->   Operation 242 'mul' 'ret_V_3' <Predicate = (!icmp_ln60)> <Delay = 0.99> <CoreInst = "DSP48">   --->   Core 127 'DSP48' <Latency = 3> <II = 1> <Delay = 0.53> <IPBlock> <Opcode : 'mul' 'add' 'sub' 'select'> <InPorts = 0> <OutPorts = 1> <Sync> <CReg>
ST_4 : Operation 243 [2/4] (0.53ns) (root node of the DSP)   --->   "%ret_V_4 = mul i32 %zext_ln186_18, i32 %zext_ln186_17"   --->   Operation 243 'mul' 'ret_V_4' <Predicate = (!icmp_ln60)> <Delay = 0.53> <CoreInst = "DSP48">   --->   Core 127 'DSP48' <Latency = 3> <II = 1> <Delay = 0.53> <IPBlock> <Opcode : 'mul' 'add' 'sub' 'select'> <InPorts = 0> <OutPorts = 1> <Sync> <CReg>

State 5 <SV = 4> <Delay = 0.64>
ST_5 : Operation 244 [1/3] (0.00ns) (grouped into DSP with root node ret_V)   --->   "%ret_V_3 = mul i32 %zext_ln186_16, i32 %zext_ln186"   --->   Operation 244 'mul' 'ret_V_3' <Predicate = (!icmp_ln60)> <Delay = 0.00> <CoreInst = "DSP48">   --->   Core 127 'DSP48' <Latency = 3> <II = 1> <Delay = 0.53> <IPBlock> <Opcode : 'mul' 'add' 'sub' 'select'> <InPorts = 0> <OutPorts = 1> <Sync> <CReg>
ST_5 : Operation 245 [1/4] (0.00ns) (root node of the DSP)   --->   "%ret_V_4 = mul i32 %zext_ln186_18, i32 %zext_ln186_17"   --->   Operation 245 'mul' 'ret_V_4' <Predicate = (!icmp_ln60)> <Delay = 0.00> <CoreInst = "DSP48">   --->   Core 127 'DSP48' <Latency = 3> <II = 1> <Delay = 0.53> <IPBlock> <Opcode : 'mul' 'add' 'sub' 'select'> <InPorts = 0> <OutPorts = 1> <Sync> <CReg>
ST_5 : Operation 246 [1/1] (0.00ns) (grouped into DSP with root node ret_V)   --->   "%zext_ln186_19 = zext i32 %ret_V_3"   --->   Operation 246 'zext' 'zext_ln186_19' <Predicate = (!icmp_ln60)> <Delay = 0.00>
ST_5 : Operation 247 [1/1] (0.00ns)   --->   "%zext_ln186_20 = zext i32 %ret_V_4"   --->   Operation 247 'zext' 'zext_ln186_20' <Predicate = (!icmp_ln60)> <Delay = 0.00>
ST_5 : Operation 248 [2/2] (0.64ns) (root node of the DSP)   --->   "%ret_V = add i33 %zext_ln186_20, i33 %zext_ln186_19"   --->   Operation 248 'add' 'ret_V' <Predicate = (!icmp_ln60)> <Delay = 0.64> <CoreInst = "DSP48">   --->   Core 127 'DSP48' <Latency = 3> <II = 1> <Delay = 0.53> <IPBlock> <Opcode : 'mul' 'add' 'sub' 'select'> <InPorts = 0> <OutPorts = 1> <Sync> <CReg>

State 6 <SV = 5> <Delay = 2.09>
ST_6 : Operation 249 [1/1] (0.00ns)   --->   "%self_sum_V_2 = load i34 %self_sum_V"   --->   Operation 249 'load' 'self_sum_V_2' <Predicate = true> <Delay = 0.00>
ST_6 : Operation 250 [1/1] (0.00ns)   --->   "%empty = trunc i34 %self_sum_V_2"   --->   Operation 250 'trunc' 'empty' <Predicate = true> <Delay = 0.00>
ST_6 : Operation 251 [1/1] (0.00ns)   --->   "%specpipeline_ln0 = specpipeline void @_ssdm_op_SpecPipeline, i32 4294967295, i32 0, i32 1, i32 0, void @p_str"   --->   Operation 251 'specpipeline' 'specpipeline_ln0' <Predicate = true> <Delay = 0.00>
ST_6 : Operation 252 [1/1] (0.00ns)   --->   "%empty_14 = speclooptripcount i32 @_ssdm_op_SpecLoopTripCount, i64 2, i64 2, i64 2"   --->   Operation 252 'speclooptripcount' 'empty_14' <Predicate = true> <Delay = 0.00>
ST_6 : Operation 253 [1/2] (0.64ns) (root node of the DSP)   --->   "%ret_V = add i33 %zext_ln186_20, i33 %zext_ln186_19"   --->   Operation 253 'add' 'ret_V' <Predicate = (!icmp_ln60)> <Delay = 0.64> <CoreInst = "DSP48">   --->   Core 127 'DSP48' <Latency = 3> <II = 1> <Delay = 0.53> <IPBlock> <Opcode : 'mul' 'add' 'sub' 'select'> <InPorts = 0> <OutPorts = 1> <Sync> <CReg>
ST_6 : Operation 254 [1/1] (0.00ns)   --->   "%zext_ln840 = zext i33 %ret_V"   --->   Operation 254 'zext' 'zext_ln840' <Predicate = (!icmp_ln60)> <Delay = 0.00>
ST_6 : Operation 255 [1/1] (1.02ns)   --->   "%self_sum_V_3 = add i34 %zext_ln840, i34 %self_sum_V_2"   --->   Operation 255 'add' 'self_sum_V_3' <Predicate = (!icmp_ln60)> <Delay = 1.02> <CoreInst = "Adder">   --->   Core 1 'Adder' <Latency = 0> <II = 1> <Delay = 1.02> <FuncUnit> <Opcode : 'add' 'sub'> <InPorts = 2> <OutPorts = 1>
ST_6 : Operation 256 [1/1] (0.42ns)   --->   "%store_ln60 = store i34 %self_sum_V_3, i34 %self_sum_V" [Compute_block/Compute.cpp:60]   --->   Operation 256 'store' 'store_ln60' <Predicate = (!icmp_ln60)> <Delay = 0.42>
ST_6 : Operation 257 [1/1] (0.00ns)   --->   "%br_ln60 = br void %for.inc59" [Compute_block/Compute.cpp:60]   --->   Operation 257 'br' 'br_ln60' <Predicate = (!icmp_ln60)> <Delay = 0.00>
ST_6 : Operation 258 [1/1] (0.00ns)   --->   "%REG_V_32_load = load i16 %REG_V_32"   --->   Operation 258 'load' 'REG_V_32_load' <Predicate = (icmp_ln60)> <Delay = 0.00>
ST_6 : Operation 259 [1/1] (0.00ns)   --->   "%REG_V_33_load = load i16 %REG_V_33"   --->   Operation 259 'load' 'REG_V_33_load' <Predicate = (icmp_ln60)> <Delay = 0.00>
ST_6 : Operation 260 [1/1] (0.00ns)   --->   "%REG_V_34_load = load i16 %REG_V_34"   --->   Operation 260 'load' 'REG_V_34_load' <Predicate = (icmp_ln60)> <Delay = 0.00>
ST_6 : Operation 261 [1/1] (0.00ns)   --->   "%REG_V_35_load = load i16 %REG_V_35"   --->   Operation 261 'load' 'REG_V_35_load' <Predicate = (icmp_ln60)> <Delay = 0.00>
ST_6 : Operation 262 [1/1] (0.00ns)   --->   "%REG_V_36_load = load i16 %REG_V_36"   --->   Operation 262 'load' 'REG_V_36_load' <Predicate = (icmp_ln60)> <Delay = 0.00>
ST_6 : Operation 263 [1/1] (0.00ns)   --->   "%REG_V_37_load = load i16 %REG_V_37"   --->   Operation 263 'load' 'REG_V_37_load' <Predicate = (icmp_ln60)> <Delay = 0.00>
ST_6 : Operation 264 [1/1] (0.00ns)   --->   "%REG_V_38_load = load i16 %REG_V_38"   --->   Operation 264 'load' 'REG_V_38_load' <Predicate = (icmp_ln60)> <Delay = 0.00>
ST_6 : Operation 265 [1/1] (0.00ns)   --->   "%REG_V_39_load = load i16 %REG_V_39"   --->   Operation 265 'load' 'REG_V_39_load' <Predicate = (icmp_ln60)> <Delay = 0.00>
ST_6 : Operation 266 [1/1] (0.00ns)   --->   "%REG_V_40_load = load i16 %REG_V_40"   --->   Operation 266 'load' 'REG_V_40_load' <Predicate = (icmp_ln60)> <Delay = 0.00>
ST_6 : Operation 267 [1/1] (0.00ns)   --->   "%REG_V_41_load = load i16 %REG_V_41"   --->   Operation 267 'load' 'REG_V_41_load' <Predicate = (icmp_ln60)> <Delay = 0.00>
ST_6 : Operation 268 [1/1] (0.00ns)   --->   "%REG_V_42_load = load i16 %REG_V_42"   --->   Operation 268 'load' 'REG_V_42_load' <Predicate = (icmp_ln60)> <Delay = 0.00>
ST_6 : Operation 269 [1/1] (0.00ns)   --->   "%REG_V_43_load = load i16 %REG_V_43"   --->   Operation 269 'load' 'REG_V_43_load' <Predicate = (icmp_ln60)> <Delay = 0.00>
ST_6 : Operation 270 [1/1] (0.00ns)   --->   "%REG_V_44_load = load i16 %REG_V_44"   --->   Operation 270 'load' 'REG_V_44_load' <Predicate = (icmp_ln60)> <Delay = 0.00>
ST_6 : Operation 271 [1/1] (0.00ns)   --->   "%REG_V_45_load = load i16 %REG_V_45"   --->   Operation 271 'load' 'REG_V_45_load' <Predicate = (icmp_ln60)> <Delay = 0.00>
ST_6 : Operation 272 [1/1] (0.00ns)   --->   "%REG_V_46_load = load i16 %REG_V_46"   --->   Operation 272 'load' 'REG_V_46_load' <Predicate = (icmp_ln60)> <Delay = 0.00>
ST_6 : Operation 273 [1/1] (0.00ns)   --->   "%REG_V_47_load = load i16 %REG_V_47"   --->   Operation 273 'load' 'REG_V_47_load' <Predicate = (icmp_ln60)> <Delay = 0.00>
ST_6 : Operation 274 [1/1] (0.00ns)   --->   "%REG_V_48_load = load i16 %REG_V_48"   --->   Operation 274 'load' 'REG_V_48_load' <Predicate = (icmp_ln60)> <Delay = 0.00>
ST_6 : Operation 275 [1/1] (0.00ns)   --->   "%REG_V_49_load = load i16 %REG_V_49"   --->   Operation 275 'load' 'REG_V_49_load' <Predicate = (icmp_ln60)> <Delay = 0.00>
ST_6 : Operation 276 [1/1] (0.00ns)   --->   "%REG_V_50_load = load i16 %REG_V_50"   --->   Operation 276 'load' 'REG_V_50_load' <Predicate = (icmp_ln60)> <Delay = 0.00>
ST_6 : Operation 277 [1/1] (0.00ns)   --->   "%REG_V_51_load = load i16 %REG_V_51"   --->   Operation 277 'load' 'REG_V_51_load' <Predicate = (icmp_ln60)> <Delay = 0.00>
ST_6 : Operation 278 [1/1] (0.00ns)   --->   "%REG_V_52_load = load i16 %REG_V_52"   --->   Operation 278 'load' 'REG_V_52_load' <Predicate = (icmp_ln60)> <Delay = 0.00>
ST_6 : Operation 279 [1/1] (0.00ns)   --->   "%REG_V_53_load = load i16 %REG_V_53"   --->   Operation 279 'load' 'REG_V_53_load' <Predicate = (icmp_ln60)> <Delay = 0.00>
ST_6 : Operation 280 [1/1] (0.00ns)   --->   "%REG_V_54_load = load i16 %REG_V_54"   --->   Operation 280 'load' 'REG_V_54_load' <Predicate = (icmp_ln60)> <Delay = 0.00>
ST_6 : Operation 281 [1/1] (0.00ns)   --->   "%REG_V_55_load = load i16 %REG_V_55"   --->   Operation 281 'load' 'REG_V_55_load' <Predicate = (icmp_ln60)> <Delay = 0.00>
ST_6 : Operation 282 [1/1] (0.00ns)   --->   "%REG_V_56_load = load i16 %REG_V_56"   --->   Operation 282 'load' 'REG_V_56_load' <Predicate = (icmp_ln60)> <Delay = 0.00>
ST_6 : Operation 283 [1/1] (0.00ns)   --->   "%REG_V_57_load = load i16 %REG_V_57"   --->   Operation 283 'load' 'REG_V_57_load' <Predicate = (icmp_ln60)> <Delay = 0.00>
ST_6 : Operation 284 [1/1] (0.00ns)   --->   "%REG_V_58_load = load i16 %REG_V_58"   --->   Operation 284 'load' 'REG_V_58_load' <Predicate = (icmp_ln60)> <Delay = 0.00>
ST_6 : Operation 285 [1/1] (0.00ns)   --->   "%REG_V_59_load = load i16 %REG_V_59"   --->   Operation 285 'load' 'REG_V_59_load' <Predicate = (icmp_ln60)> <Delay = 0.00>
ST_6 : Operation 286 [1/1] (0.00ns)   --->   "%REG_V_60_load = load i16 %REG_V_60"   --->   Operation 286 'load' 'REG_V_60_load' <Predicate = (icmp_ln60)> <Delay = 0.00>
ST_6 : Operation 287 [1/1] (0.00ns)   --->   "%REG_V_61_load = load i16 %REG_V_61"   --->   Operation 287 'load' 'REG_V_61_load' <Predicate = (icmp_ln60)> <Delay = 0.00>
ST_6 : Operation 288 [1/1] (0.00ns)   --->   "%REG_V_62_load = load i16 %REG_V_62"   --->   Operation 288 'load' 'REG_V_62_load' <Predicate = (icmp_ln60)> <Delay = 0.00>
ST_6 : Operation 289 [1/1] (0.00ns)   --->   "%REG_V_63_load = load i16 %REG_V_63"   --->   Operation 289 'load' 'REG_V_63_load' <Predicate = (icmp_ln60)> <Delay = 0.00>
ST_6 : Operation 290 [1/1] (0.00ns)   --->   "%write_ln0 = write void @_ssdm_op_Write.ap_auto.i16P0A, i16 %REG_V_63_out, i16 %REG_V_63_load"   --->   Operation 290 'write' 'write_ln0' <Predicate = (icmp_ln60)> <Delay = 0.00>
ST_6 : Operation 291 [1/1] (0.00ns)   --->   "%write_ln0 = write void @_ssdm_op_Write.ap_auto.i16P0A, i16 %REG_V_62_out, i16 %REG_V_62_load"   --->   Operation 291 'write' 'write_ln0' <Predicate = (icmp_ln60)> <Delay = 0.00>
ST_6 : Operation 292 [1/1] (0.00ns)   --->   "%write_ln0 = write void @_ssdm_op_Write.ap_auto.i16P0A, i16 %REG_V_61_out, i16 %REG_V_61_load"   --->   Operation 292 'write' 'write_ln0' <Predicate = (icmp_ln60)> <Delay = 0.00>
ST_6 : Operation 293 [1/1] (0.00ns)   --->   "%write_ln0 = write void @_ssdm_op_Write.ap_auto.i16P0A, i16 %REG_V_60_out, i16 %REG_V_60_load"   --->   Operation 293 'write' 'write_ln0' <Predicate = (icmp_ln60)> <Delay = 0.00>
ST_6 : Operation 294 [1/1] (0.00ns)   --->   "%write_ln0 = write void @_ssdm_op_Write.ap_auto.i16P0A, i16 %REG_V_59_out, i16 %REG_V_59_load"   --->   Operation 294 'write' 'write_ln0' <Predicate = (icmp_ln60)> <Delay = 0.00>
ST_6 : Operation 295 [1/1] (0.00ns)   --->   "%write_ln0 = write void @_ssdm_op_Write.ap_auto.i16P0A, i16 %REG_V_58_out, i16 %REG_V_58_load"   --->   Operation 295 'write' 'write_ln0' <Predicate = (icmp_ln60)> <Delay = 0.00>
ST_6 : Operation 296 [1/1] (0.00ns)   --->   "%write_ln0 = write void @_ssdm_op_Write.ap_auto.i16P0A, i16 %REG_V_57_out, i16 %REG_V_57_load"   --->   Operation 296 'write' 'write_ln0' <Predicate = (icmp_ln60)> <Delay = 0.00>
ST_6 : Operation 297 [1/1] (0.00ns)   --->   "%write_ln0 = write void @_ssdm_op_Write.ap_auto.i16P0A, i16 %REG_V_56_out, i16 %REG_V_56_load"   --->   Operation 297 'write' 'write_ln0' <Predicate = (icmp_ln60)> <Delay = 0.00>
ST_6 : Operation 298 [1/1] (0.00ns)   --->   "%write_ln0 = write void @_ssdm_op_Write.ap_auto.i16P0A, i16 %REG_V_55_out, i16 %REG_V_55_load"   --->   Operation 298 'write' 'write_ln0' <Predicate = (icmp_ln60)> <Delay = 0.00>
ST_6 : Operation 299 [1/1] (0.00ns)   --->   "%write_ln0 = write void @_ssdm_op_Write.ap_auto.i16P0A, i16 %REG_V_54_out, i16 %REG_V_54_load"   --->   Operation 299 'write' 'write_ln0' <Predicate = (icmp_ln60)> <Delay = 0.00>
ST_6 : Operation 300 [1/1] (0.00ns)   --->   "%write_ln0 = write void @_ssdm_op_Write.ap_auto.i16P0A, i16 %REG_V_53_out, i16 %REG_V_53_load"   --->   Operation 300 'write' 'write_ln0' <Predicate = (icmp_ln60)> <Delay = 0.00>
ST_6 : Operation 301 [1/1] (0.00ns)   --->   "%write_ln0 = write void @_ssdm_op_Write.ap_auto.i16P0A, i16 %REG_V_52_out, i16 %REG_V_52_load"   --->   Operation 301 'write' 'write_ln0' <Predicate = (icmp_ln60)> <Delay = 0.00>
ST_6 : Operation 302 [1/1] (0.00ns)   --->   "%write_ln0 = write void @_ssdm_op_Write.ap_auto.i16P0A, i16 %REG_V_51_out, i16 %REG_V_51_load"   --->   Operation 302 'write' 'write_ln0' <Predicate = (icmp_ln60)> <Delay = 0.00>
ST_6 : Operation 303 [1/1] (0.00ns)   --->   "%write_ln0 = write void @_ssdm_op_Write.ap_auto.i16P0A, i16 %REG_V_50_out, i16 %REG_V_50_load"   --->   Operation 303 'write' 'write_ln0' <Predicate = (icmp_ln60)> <Delay = 0.00>
ST_6 : Operation 304 [1/1] (0.00ns)   --->   "%write_ln0 = write void @_ssdm_op_Write.ap_auto.i16P0A, i16 %REG_V_49_out, i16 %REG_V_49_load"   --->   Operation 304 'write' 'write_ln0' <Predicate = (icmp_ln60)> <Delay = 0.00>
ST_6 : Operation 305 [1/1] (0.00ns)   --->   "%write_ln0 = write void @_ssdm_op_Write.ap_auto.i16P0A, i16 %REG_V_48_out, i16 %REG_V_48_load"   --->   Operation 305 'write' 'write_ln0' <Predicate = (icmp_ln60)> <Delay = 0.00>
ST_6 : Operation 306 [1/1] (0.00ns)   --->   "%write_ln0 = write void @_ssdm_op_Write.ap_auto.i16P0A, i16 %REG_V_47_out, i16 %REG_V_47_load"   --->   Operation 306 'write' 'write_ln0' <Predicate = (icmp_ln60)> <Delay = 0.00>
ST_6 : Operation 307 [1/1] (0.00ns)   --->   "%write_ln0 = write void @_ssdm_op_Write.ap_auto.i16P0A, i16 %REG_V_46_out, i16 %REG_V_46_load"   --->   Operation 307 'write' 'write_ln0' <Predicate = (icmp_ln60)> <Delay = 0.00>
ST_6 : Operation 308 [1/1] (0.00ns)   --->   "%write_ln0 = write void @_ssdm_op_Write.ap_auto.i16P0A, i16 %REG_V_45_out, i16 %REG_V_45_load"   --->   Operation 308 'write' 'write_ln0' <Predicate = (icmp_ln60)> <Delay = 0.00>
ST_6 : Operation 309 [1/1] (0.00ns)   --->   "%write_ln0 = write void @_ssdm_op_Write.ap_auto.i16P0A, i16 %REG_V_44_out, i16 %REG_V_44_load"   --->   Operation 309 'write' 'write_ln0' <Predicate = (icmp_ln60)> <Delay = 0.00>
ST_6 : Operation 310 [1/1] (0.00ns)   --->   "%write_ln0 = write void @_ssdm_op_Write.ap_auto.i16P0A, i16 %REG_V_43_out, i16 %REG_V_43_load"   --->   Operation 310 'write' 'write_ln0' <Predicate = (icmp_ln60)> <Delay = 0.00>
ST_6 : Operation 311 [1/1] (0.00ns)   --->   "%write_ln0 = write void @_ssdm_op_Write.ap_auto.i16P0A, i16 %REG_V_42_out, i16 %REG_V_42_load"   --->   Operation 311 'write' 'write_ln0' <Predicate = (icmp_ln60)> <Delay = 0.00>
ST_6 : Operation 312 [1/1] (0.00ns)   --->   "%write_ln0 = write void @_ssdm_op_Write.ap_auto.i16P0A, i16 %REG_V_41_out, i16 %REG_V_41_load"   --->   Operation 312 'write' 'write_ln0' <Predicate = (icmp_ln60)> <Delay = 0.00>
ST_6 : Operation 313 [1/1] (0.00ns)   --->   "%write_ln0 = write void @_ssdm_op_Write.ap_auto.i16P0A, i16 %REG_V_40_out, i16 %REG_V_40_load"   --->   Operation 313 'write' 'write_ln0' <Predicate = (icmp_ln60)> <Delay = 0.00>
ST_6 : Operation 314 [1/1] (0.00ns)   --->   "%write_ln0 = write void @_ssdm_op_Write.ap_auto.i16P0A, i16 %REG_V_39_out, i16 %REG_V_39_load"   --->   Operation 314 'write' 'write_ln0' <Predicate = (icmp_ln60)> <Delay = 0.00>
ST_6 : Operation 315 [1/1] (0.00ns)   --->   "%write_ln0 = write void @_ssdm_op_Write.ap_auto.i16P0A, i16 %REG_V_38_out, i16 %REG_V_38_load"   --->   Operation 315 'write' 'write_ln0' <Predicate = (icmp_ln60)> <Delay = 0.00>
ST_6 : Operation 316 [1/1] (0.00ns)   --->   "%write_ln0 = write void @_ssdm_op_Write.ap_auto.i16P0A, i16 %REG_V_37_out, i16 %REG_V_37_load"   --->   Operation 316 'write' 'write_ln0' <Predicate = (icmp_ln60)> <Delay = 0.00>
ST_6 : Operation 317 [1/1] (0.00ns)   --->   "%write_ln0 = write void @_ssdm_op_Write.ap_auto.i16P0A, i16 %REG_V_36_out, i16 %REG_V_36_load"   --->   Operation 317 'write' 'write_ln0' <Predicate = (icmp_ln60)> <Delay = 0.00>
ST_6 : Operation 318 [1/1] (0.00ns)   --->   "%write_ln0 = write void @_ssdm_op_Write.ap_auto.i16P0A, i16 %REG_V_35_out, i16 %REG_V_35_load"   --->   Operation 318 'write' 'write_ln0' <Predicate = (icmp_ln60)> <Delay = 0.00>
ST_6 : Operation 319 [1/1] (0.00ns)   --->   "%write_ln0 = write void @_ssdm_op_Write.ap_auto.i16P0A, i16 %REG_V_34_out, i16 %REG_V_34_load"   --->   Operation 319 'write' 'write_ln0' <Predicate = (icmp_ln60)> <Delay = 0.00>
ST_6 : Operation 320 [1/1] (0.00ns)   --->   "%write_ln0 = write void @_ssdm_op_Write.ap_auto.i16P0A, i16 %REG_V_33_out, i16 %REG_V_33_load"   --->   Operation 320 'write' 'write_ln0' <Predicate = (icmp_ln60)> <Delay = 0.00>
ST_6 : Operation 321 [1/1] (0.00ns)   --->   "%write_ln0 = write void @_ssdm_op_Write.ap_auto.i16P0A, i16 %REG_V_32_out, i16 %REG_V_32_load"   --->   Operation 321 'write' 'write_ln0' <Predicate = (icmp_ln60)> <Delay = 0.00>
ST_6 : Operation 322 [1/1] (0.00ns)   --->   "%write_ln0 = write void @_ssdm_op_Write.ap_auto.i32P0A, i32 %self_sum_V_out, i32 %empty"   --->   Operation 322 'write' 'write_ln0' <Predicate = (icmp_ln60)> <Delay = 0.00>
ST_6 : Operation 323 [1/1] (0.00ns)   --->   "%ret_ln0 = ret"   --->   Operation 323 'ret' 'ret_ln0' <Predicate = (icmp_ln60)> <Delay = 0.00>


============================================================
+ Verbose Summary: Binding
============================================================
STG Binding: 
---------------- STG Properties BEGIN ----------------
- Is combinational: 0
- Is one-state seq: 0
- Is datapath-only: 0
- Is pipelined: 0
- Is top level: 0
Port [ Return ] is wired: 1; IO mode=ap_ctrl_hs:ce=0
Port [ REG_V_31]:  wired=1; compound=0; hidden=0; nouse=0; global=0; static=0; extern=0; dir=0; type=0; pingpong=0; private_global=0; IO mode=ap_none:ce=0
Port [ REG_V_30]:  wired=1; compound=0; hidden=0; nouse=0; global=0; static=0; extern=0; dir=0; type=0; pingpong=0; private_global=0; IO mode=ap_none:ce=0
Port [ REG_V_29]:  wired=1; compound=0; hidden=0; nouse=0; global=0; static=0; extern=0; dir=0; type=0; pingpong=0; private_global=0; IO mode=ap_none:ce=0
Port [ REG_V_28]:  wired=1; compound=0; hidden=0; nouse=0; global=0; static=0; extern=0; dir=0; type=0; pingpong=0; private_global=0; IO mode=ap_none:ce=0
Port [ REG_V_27]:  wired=1; compound=0; hidden=0; nouse=0; global=0; static=0; extern=0; dir=0; type=0; pingpong=0; private_global=0; IO mode=ap_none:ce=0
Port [ REG_V_26]:  wired=1; compound=0; hidden=0; nouse=0; global=0; static=0; extern=0; dir=0; type=0; pingpong=0; private_global=0; IO mode=ap_none:ce=0
Port [ REG_V_25]:  wired=1; compound=0; hidden=0; nouse=0; global=0; static=0; extern=0; dir=0; type=0; pingpong=0; private_global=0; IO mode=ap_none:ce=0
Port [ REG_V_24]:  wired=1; compound=0; hidden=0; nouse=0; global=0; static=0; extern=0; dir=0; type=0; pingpong=0; private_global=0; IO mode=ap_none:ce=0
Port [ REG_V_23]:  wired=1; compound=0; hidden=0; nouse=0; global=0; static=0; extern=0; dir=0; type=0; pingpong=0; private_global=0; IO mode=ap_none:ce=0
Port [ REG_V_22]:  wired=1; compound=0; hidden=0; nouse=0; global=0; static=0; extern=0; dir=0; type=0; pingpong=0; private_global=0; IO mode=ap_none:ce=0
Port [ REG_V_21]:  wired=1; compound=0; hidden=0; nouse=0; global=0; static=0; extern=0; dir=0; type=0; pingpong=0; private_global=0; IO mode=ap_none:ce=0
Port [ REG_V_20]:  wired=1; compound=0; hidden=0; nouse=0; global=0; static=0; extern=0; dir=0; type=0; pingpong=0; private_global=0; IO mode=ap_none:ce=0
Port [ REG_V_19]:  wired=1; compound=0; hidden=0; nouse=0; global=0; static=0; extern=0; dir=0; type=0; pingpong=0; private_global=0; IO mode=ap_none:ce=0
Port [ REG_V_18]:  wired=1; compound=0; hidden=0; nouse=0; global=0; static=0; extern=0; dir=0; type=0; pingpong=0; private_global=0; IO mode=ap_none:ce=0
Port [ REG_V_17]:  wired=1; compound=0; hidden=0; nouse=0; global=0; static=0; extern=0; dir=0; type=0; pingpong=0; private_global=0; IO mode=ap_none:ce=0
Port [ REG_V_16]:  wired=1; compound=0; hidden=0; nouse=0; global=0; static=0; extern=0; dir=0; type=0; pingpong=0; private_global=0; IO mode=ap_none:ce=0
Port [ REG_V_15]:  wired=1; compound=0; hidden=0; nouse=0; global=0; static=0; extern=0; dir=0; type=0; pingpong=0; private_global=0; IO mode=ap_none:ce=0
Port [ REG_V_14]:  wired=1; compound=0; hidden=0; nouse=0; global=0; static=0; extern=0; dir=0; type=0; pingpong=0; private_global=0; IO mode=ap_none:ce=0
Port [ REG_V_13]:  wired=1; compound=0; hidden=0; nouse=0; global=0; static=0; extern=0; dir=0; type=0; pingpong=0; private_global=0; IO mode=ap_none:ce=0
Port [ REG_V_12]:  wired=1; compound=0; hidden=0; nouse=0; global=0; static=0; extern=0; dir=0; type=0; pingpong=0; private_global=0; IO mode=ap_none:ce=0
Port [ REG_V_11]:  wired=1; compound=0; hidden=0; nouse=0; global=0; static=0; extern=0; dir=0; type=0; pingpong=0; private_global=0; IO mode=ap_none:ce=0
Port [ REG_V_10]:  wired=1; compound=0; hidden=0; nouse=0; global=0; static=0; extern=0; dir=0; type=0; pingpong=0; private_global=0; IO mode=ap_none:ce=0
Port [ REG_V_9]:  wired=1; compound=0; hidden=0; nouse=0; global=0; static=0; extern=0; dir=0; type=0; pingpong=0; private_global=0; IO mode=ap_none:ce=0
Port [ REG_V_8]:  wired=1; compound=0; hidden=0; nouse=0; global=0; static=0; extern=0; dir=0; type=0; pingpong=0; private_global=0; IO mode=ap_none:ce=0
Port [ REG_V_7]:  wired=1; compound=0; hidden=0; nouse=0; global=0; static=0; extern=0; dir=0; type=0; pingpong=0; private_global=0; IO mode=ap_none:ce=0
Port [ REG_V_6]:  wired=1; compound=0; hidden=0; nouse=0; global=0; static=0; extern=0; dir=0; type=0; pingpong=0; private_global=0; IO mode=ap_none:ce=0
Port [ REG_V_5]:  wired=1; compound=0; hidden=0; nouse=0; global=0; static=0; extern=0; dir=0; type=0; pingpong=0; private_global=0; IO mode=ap_none:ce=0
Port [ REG_V_4]:  wired=1; compound=0; hidden=0; nouse=0; global=0; static=0; extern=0; dir=0; type=0; pingpong=0; private_global=0; IO mode=ap_none:ce=0
Port [ REG_V_3]:  wired=1; compound=0; hidden=0; nouse=0; global=0; static=0; extern=0; dir=0; type=0; pingpong=0; private_global=0; IO mode=ap_none:ce=0
Port [ REG_V_2]:  wired=1; compound=0; hidden=0; nouse=0; global=0; static=0; extern=0; dir=0; type=0; pingpong=0; private_global=0; IO mode=ap_none:ce=0
Port [ REG_V_1]:  wired=1; compound=0; hidden=0; nouse=0; global=0; static=0; extern=0; dir=0; type=0; pingpong=0; private_global=0; IO mode=ap_none:ce=0
Port [ REG_V]:  wired=1; compound=0; hidden=0; nouse=0; global=0; static=0; extern=0; dir=0; type=0; pingpong=0; private_global=0; IO mode=ap_none:ce=0
Port [ fwd_out1]:  wired=1; compound=1; hidden=0; nouse=0; global=0; static=0; extern=0; dir=1; type=3; pingpong=0; private_global=0; IO mode=ap_fifo:ce=0
Port [ fwd_out2]:  wired=1; compound=1; hidden=0; nouse=0; global=0; static=0; extern=0; dir=1; type=3; pingpong=0; private_global=0; IO mode=ap_fifo:ce=0
Port [ i_cast]:  wired=1; compound=0; hidden=0; nouse=0; global=0; static=0; extern=0; dir=0; type=0; pingpong=0; private_global=0; IO mode=ap_none:ce=0
Port [ buffer_1]:  wired=1; compound=1; hidden=0; nouse=0; global=0; static=0; extern=0; dir=0; type=1; pingpong=0; private_global=0; MemPort=[13]; IO mode=ap_memory:ce=0
Port [ REG_V_63_out]:  wired=1; compound=0; hidden=0; nouse=0; global=0; static=0; extern=0; dir=1; type=0; pingpong=0; private_global=0; IO mode=ap_vld:ce=0
Port [ REG_V_62_out]:  wired=1; compound=0; hidden=0; nouse=0; global=0; static=0; extern=0; dir=1; type=0; pingpong=0; private_global=0; IO mode=ap_vld:ce=0
Port [ REG_V_61_out]:  wired=1; compound=0; hidden=0; nouse=0; global=0; static=0; extern=0; dir=1; type=0; pingpong=0; private_global=0; IO mode=ap_vld:ce=0
Port [ REG_V_60_out]:  wired=1; compound=0; hidden=0; nouse=0; global=0; static=0; extern=0; dir=1; type=0; pingpong=0; private_global=0; IO mode=ap_vld:ce=0
Port [ REG_V_59_out]:  wired=1; compound=0; hidden=0; nouse=0; global=0; static=0; extern=0; dir=1; type=0; pingpong=0; private_global=0; IO mode=ap_vld:ce=0
Port [ REG_V_58_out]:  wired=1; compound=0; hidden=0; nouse=0; global=0; static=0; extern=0; dir=1; type=0; pingpong=0; private_global=0; IO mode=ap_vld:ce=0
Port [ REG_V_57_out]:  wired=1; compound=0; hidden=0; nouse=0; global=0; static=0; extern=0; dir=1; type=0; pingpong=0; private_global=0; IO mode=ap_vld:ce=0
Port [ REG_V_56_out]:  wired=1; compound=0; hidden=0; nouse=0; global=0; static=0; extern=0; dir=1; type=0; pingpong=0; private_global=0; IO mode=ap_vld:ce=0
Port [ REG_V_55_out]:  wired=1; compound=0; hidden=0; nouse=0; global=0; static=0; extern=0; dir=1; type=0; pingpong=0; private_global=0; IO mode=ap_vld:ce=0
Port [ REG_V_54_out]:  wired=1; compound=0; hidden=0; nouse=0; global=0; static=0; extern=0; dir=1; type=0; pingpong=0; private_global=0; IO mode=ap_vld:ce=0
Port [ REG_V_53_out]:  wired=1; compound=0; hidden=0; nouse=0; global=0; static=0; extern=0; dir=1; type=0; pingpong=0; private_global=0; IO mode=ap_vld:ce=0
Port [ REG_V_52_out]:  wired=1; compound=0; hidden=0; nouse=0; global=0; static=0; extern=0; dir=1; type=0; pingpong=0; private_global=0; IO mode=ap_vld:ce=0
Port [ REG_V_51_out]:  wired=1; compound=0; hidden=0; nouse=0; global=0; static=0; extern=0; dir=1; type=0; pingpong=0; private_global=0; IO mode=ap_vld:ce=0
Port [ REG_V_50_out]:  wired=1; compound=0; hidden=0; nouse=0; global=0; static=0; extern=0; dir=1; type=0; pingpong=0; private_global=0; IO mode=ap_vld:ce=0
Port [ REG_V_49_out]:  wired=1; compound=0; hidden=0; nouse=0; global=0; static=0; extern=0; dir=1; type=0; pingpong=0; private_global=0; IO mode=ap_vld:ce=0
Port [ REG_V_48_out]:  wired=1; compound=0; hidden=0; nouse=0; global=0; static=0; extern=0; dir=1; type=0; pingpong=0; private_global=0; IO mode=ap_vld:ce=0
Port [ REG_V_47_out]:  wired=1; compound=0; hidden=0; nouse=0; global=0; static=0; extern=0; dir=1; type=0; pingpong=0; private_global=0; IO mode=ap_vld:ce=0
Port [ REG_V_46_out]:  wired=1; compound=0; hidden=0; nouse=0; global=0; static=0; extern=0; dir=1; type=0; pingpong=0; private_global=0; IO mode=ap_vld:ce=0
Port [ REG_V_45_out]:  wired=1; compound=0; hidden=0; nouse=0; global=0; static=0; extern=0; dir=1; type=0; pingpong=0; private_global=0; IO mode=ap_vld:ce=0
Port [ REG_V_44_out]:  wired=1; compound=0; hidden=0; nouse=0; global=0; static=0; extern=0; dir=1; type=0; pingpong=0; private_global=0; IO mode=ap_vld:ce=0
Port [ REG_V_43_out]:  wired=1; compound=0; hidden=0; nouse=0; global=0; static=0; extern=0; dir=1; type=0; pingpong=0; private_global=0; IO mode=ap_vld:ce=0
Port [ REG_V_42_out]:  wired=1; compound=0; hidden=0; nouse=0; global=0; static=0; extern=0; dir=1; type=0; pingpong=0; private_global=0; IO mode=ap_vld:ce=0
Port [ REG_V_41_out]:  wired=1; compound=0; hidden=0; nouse=0; global=0; static=0; extern=0; dir=1; type=0; pingpong=0; private_global=0; IO mode=ap_vld:ce=0
Port [ REG_V_40_out]:  wired=1; compound=0; hidden=0; nouse=0; global=0; static=0; extern=0; dir=1; type=0; pingpong=0; private_global=0; IO mode=ap_vld:ce=0
Port [ REG_V_39_out]:  wired=1; compound=0; hidden=0; nouse=0; global=0; static=0; extern=0; dir=1; type=0; pingpong=0; private_global=0; IO mode=ap_vld:ce=0
Port [ REG_V_38_out]:  wired=1; compound=0; hidden=0; nouse=0; global=0; static=0; extern=0; dir=1; type=0; pingpong=0; private_global=0; IO mode=ap_vld:ce=0
Port [ REG_V_37_out]:  wired=1; compound=0; hidden=0; nouse=0; global=0; static=0; extern=0; dir=1; type=0; pingpong=0; private_global=0; IO mode=ap_vld:ce=0
Port [ REG_V_36_out]:  wired=1; compound=0; hidden=0; nouse=0; global=0; static=0; extern=0; dir=1; type=0; pingpong=0; private_global=0; IO mode=ap_vld:ce=0
Port [ REG_V_35_out]:  wired=1; compound=0; hidden=0; nouse=0; global=0; static=0; extern=0; dir=1; type=0; pingpong=0; private_global=0; IO mode=ap_vld:ce=0
Port [ REG_V_34_out]:  wired=1; compound=0; hidden=0; nouse=0; global=0; static=0; extern=0; dir=1; type=0; pingpong=0; private_global=0; IO mode=ap_vld:ce=0
Port [ REG_V_33_out]:  wired=1; compound=0; hidden=0; nouse=0; global=0; static=0; extern=0; dir=1; type=0; pingpong=0; private_global=0; IO mode=ap_vld:ce=0
Port [ REG_V_32_out]:  wired=1; compound=0; hidden=0; nouse=0; global=0; static=0; extern=0; dir=1; type=0; pingpong=0; private_global=0; IO mode=ap_vld:ce=0
Port [ self_sum_V_out]:  wired=1; compound=0; hidden=0; nouse=0; global=0; static=0; extern=0; dir=1; type=0; pingpong=0; private_global=0; IO mode=ap_vld:ce=0
---------------- STG Properties END ------------------

---------------- Datapath Model BEGIN ----------------

<LifeTime>
<method=bitvector/>
self_sum_V        (alloca           ) [ 0111111]
fe                (alloca           ) [ 0100000]
REG_V_32          (alloca           ) [ 0111111]
REG_V_33          (alloca           ) [ 0111111]
REG_V_34          (alloca           ) [ 0111111]
REG_V_35          (alloca           ) [ 0111111]
REG_V_36          (alloca           ) [ 0111111]
REG_V_37          (alloca           ) [ 0111111]
REG_V_38          (alloca           ) [ 0111111]
REG_V_39          (alloca           ) [ 0111111]
REG_V_40          (alloca           ) [ 0111111]
REG_V_41          (alloca           ) [ 0111111]
REG_V_42          (alloca           ) [ 0111111]
REG_V_43          (alloca           ) [ 0111111]
REG_V_44          (alloca           ) [ 0111111]
REG_V_45          (alloca           ) [ 0111111]
REG_V_46          (alloca           ) [ 0111111]
REG_V_47          (alloca           ) [ 0111111]
REG_V_48          (alloca           ) [ 0111111]
REG_V_49          (alloca           ) [ 0111111]
REG_V_50          (alloca           ) [ 0111111]
REG_V_51          (alloca           ) [ 0111111]
REG_V_52          (alloca           ) [ 0111111]
REG_V_53          (alloca           ) [ 0111111]
REG_V_54          (alloca           ) [ 0111111]
REG_V_55          (alloca           ) [ 0111111]
REG_V_56          (alloca           ) [ 0111111]
REG_V_57          (alloca           ) [ 0111111]
REG_V_58          (alloca           ) [ 0111111]
REG_V_59          (alloca           ) [ 0111111]
REG_V_60          (alloca           ) [ 0111111]
REG_V_61          (alloca           ) [ 0111111]
REG_V_62          (alloca           ) [ 0111111]
REG_V_63          (alloca           ) [ 0111111]
specinterface_ln0 (specinterface    ) [ 0000000]
specinterface_ln0 (specinterface    ) [ 0000000]
specinterface_ln0 (specinterface    ) [ 0000000]
i_cast_read       (read             ) [ 0110000]
REG_V_read        (read             ) [ 0000000]
REG_V_1_read      (read             ) [ 0000000]
REG_V_2_read      (read             ) [ 0000000]
REG_V_3_read      (read             ) [ 0000000]
REG_V_4_read      (read             ) [ 0000000]
REG_V_5_read      (read             ) [ 0000000]
REG_V_6_read      (read             ) [ 0000000]
REG_V_7_read      (read             ) [ 0000000]
REG_V_8_read      (read             ) [ 0000000]
REG_V_9_read      (read             ) [ 0000000]
REG_V_10_read     (read             ) [ 0000000]
REG_V_11_read     (read             ) [ 0000000]
REG_V_12_read     (read             ) [ 0000000]
REG_V_13_read     (read             ) [ 0000000]
REG_V_14_read     (read             ) [ 0000000]
REG_V_15_read     (read             ) [ 0000000]
REG_V_16_read     (read             ) [ 0000000]
REG_V_17_read     (read             ) [ 0000000]
REG_V_18_read     (read             ) [ 0000000]
REG_V_19_read     (read             ) [ 0000000]
REG_V_20_read     (read             ) [ 0000000]
REG_V_21_read     (read             ) [ 0000000]
REG_V_22_read     (read             ) [ 0000000]
REG_V_23_read     (read             ) [ 0000000]
REG_V_24_read     (read             ) [ 0000000]
REG_V_25_read     (read             ) [ 0000000]
REG_V_26_read     (read             ) [ 0000000]
REG_V_27_read     (read             ) [ 0000000]
REG_V_28_read     (read             ) [ 0000000]
REG_V_29_read     (read             ) [ 0000000]
REG_V_30_read     (read             ) [ 0000000]
REG_V_31_read     (read             ) [ 0000000]
store_ln0         (store            ) [ 0000000]
store_ln0         (store            ) [ 0000000]
store_ln0         (store            ) [ 0000000]
store_ln0         (store            ) [ 0000000]
store_ln0         (store            ) [ 0000000]
store_ln0         (store            ) [ 0000000]
store_ln0         (store            ) [ 0000000]
store_ln0         (store            ) [ 0000000]
store_ln0         (store            ) [ 0000000]
store_ln0         (store            ) [ 0000000]
store_ln0         (store            ) [ 0000000]
store_ln0         (store            ) [ 0000000]
store_ln0         (store            ) [ 0000000]
store_ln0         (store            ) [ 0000000]
store_ln0         (store            ) [ 0000000]
store_ln0         (store            ) [ 0000000]
store_ln0         (store            ) [ 0000000]
store_ln0         (store            ) [ 0000000]
store_ln0         (store            ) [ 0000000]
store_ln0         (store            ) [ 0000000]
store_ln0         (store            ) [ 0000000]
store_ln0         (store            ) [ 0000000]
store_ln0         (store            ) [ 0000000]
store_ln0         (store            ) [ 0000000]
store_ln0         (store            ) [ 0000000]
store_ln0         (store            ) [ 0000000]
store_ln0         (store            ) [ 0000000]
store_ln0         (store            ) [ 0000000]
store_ln0         (store            ) [ 0000000]
store_ln0         (store            ) [ 0000000]
store_ln0         (store            ) [ 0000000]
store_ln0         (store            ) [ 0000000]
store_ln0         (store            ) [ 0000000]
store_ln0         (store            ) [ 0000000]
br_ln0            (br               ) [ 0000000]
fe_1              (load             ) [ 0000000]
icmp_ln60         (icmp             ) [ 0111111]
add_ln60          (add              ) [ 0000000]
br_ln60           (br               ) [ 0000000]
trunc_ln61        (trunc            ) [ 0110000]
add_ln            (bitconcatenate   ) [ 0000000]
zext_ln61         (zext             ) [ 0000000]
buffer_1_addr     (getelementptr    ) [ 0110000]
switch_ln66       (switch           ) [ 0000000]
store_ln60        (store            ) [ 0000000]
specloopname_ln47 (specloopname     ) [ 0000000]
word              (load             ) [ 0000000]
lhs               (trunc            ) [ 0101000]
lhs_2             (partselect       ) [ 0000000]
rhs               (partselect       ) [ 0101000]
rhs_2             (partselect       ) [ 0000000]
REG_V_48_load_1   (load             ) [ 0000000]
REG_V_49_load_1   (load             ) [ 0000000]
REG_V_50_load_1   (load             ) [ 0000000]
REG_V_51_load_1   (load             ) [ 0000000]
REG_V_52_load_1   (load             ) [ 0000000]
REG_V_53_load_1   (load             ) [ 0000000]
REG_V_54_load_1   (load             ) [ 0000000]
REG_V_55_load_1   (load             ) [ 0000000]
REG_V_75          (select           ) [ 0000000]
REG_V_76          (select           ) [ 0000000]
REG_V_80          (select           ) [ 0000000]
REG_V_79          (select           ) [ 0000000]
REG_V_78          (select           ) [ 0000000]
REG_V_77          (select           ) [ 0000000]
select_ln69_6     (select           ) [ 0000000]
select_ln69_7     (select           ) [ 0000000]
store_ln69        (store            ) [ 0000000]
store_ln69        (store            ) [ 0000000]
store_ln69        (store            ) [ 0000000]
store_ln69        (store            ) [ 0000000]
store_ln69        (store            ) [ 0000000]
store_ln69        (store            ) [ 0000000]
store_ln69        (store            ) [ 0000000]
store_ln69        (store            ) [ 0000000]
br_ln69           (br               ) [ 0000000]
REG_V_40_load_1   (load             ) [ 0000000]
REG_V_41_load_1   (load             ) [ 0000000]
REG_V_42_load_1   (load             ) [ 0000000]
REG_V_43_load_1   (load             ) [ 0000000]
REG_V_44_load_1   (load             ) [ 0000000]
REG_V_45_load_1   (load             ) [ 0000000]
REG_V_46_load_1   (load             ) [ 0000000]
REG_V_47_load_1   (load             ) [ 0000000]
REG_V_72          (select           ) [ 0000000]
p_Repl2_2         (select           ) [ 0000000]
select_ln67_4     (select           ) [ 0000000]
select_ln67_5     (select           ) [ 0000000]
select_ln68_4     (select           ) [ 0000000]
select_ln68_5     (select           ) [ 0000000]
select_ln69_4     (select           ) [ 0000000]
select_ln69_5     (select           ) [ 0000000]
store_ln69        (store            ) [ 0000000]
store_ln69        (store            ) [ 0000000]
store_ln69        (store            ) [ 0000000]
store_ln69        (store            ) [ 0000000]
store_ln69        (store            ) [ 0000000]
store_ln69        (store            ) [ 0000000]
store_ln69        (store            ) [ 0000000]
store_ln69        (store            ) [ 0000000]
br_ln69           (br               ) [ 0000000]
REG_V_32_load_1   (load             ) [ 0000000]
REG_V_33_load_1   (load             ) [ 0000000]
REG_V_34_load_1   (load             ) [ 0000000]
REG_V_35_load_1   (load             ) [ 0000000]
REG_V_36_load_1   (load             ) [ 0000000]
REG_V_37_load_1   (load             ) [ 0000000]
REG_V_38_load_1   (load             ) [ 0000000]
REG_V_39_load_1   (load             ) [ 0000000]
REG_V_71          (select           ) [ 0000000]
p_Repl2_1         (select           ) [ 0000000]
select_ln67_2     (select           ) [ 0000000]
select_ln67_3     (select           ) [ 0000000]
select_ln68_2     (select           ) [ 0000000]
select_ln68_3     (select           ) [ 0000000]
select_ln69_2     (select           ) [ 0000000]
select_ln69_3     (select           ) [ 0000000]
store_ln69        (store            ) [ 0000000]
store_ln69        (store            ) [ 0000000]
store_ln69        (store            ) [ 0000000]
store_ln69        (store            ) [ 0000000]
store_ln69        (store            ) [ 0000000]
store_ln69        (store            ) [ 0000000]
store_ln69        (store            ) [ 0000000]
store_ln69        (store            ) [ 0000000]
br_ln69           (br               ) [ 0000000]
REG_V_56_load_1   (load             ) [ 0000000]
REG_V_57_load_1   (load             ) [ 0000000]
REG_V_58_load_1   (load             ) [ 0000000]
REG_V_59_load_1   (load             ) [ 0000000]
REG_V_60_load_1   (load             ) [ 0000000]
REG_V_61_load_1   (load             ) [ 0000000]
REG_V_62_load_1   (load             ) [ 0000000]
REG_V_63_load_1   (load             ) [ 0000000]
REG_V_65          (select           ) [ 0000000]
p_Repl2_s         (select           ) [ 0000000]
select_ln67       (select           ) [ 0000000]
select_ln67_1     (select           ) [ 0000000]
select_ln68       (select           ) [ 0000000]
select_ln68_1     (select           ) [ 0000000]
select_ln69       (select           ) [ 0000000]
select_ln69_1     (select           ) [ 0000000]
store_ln69        (store            ) [ 0000000]
store_ln69        (store            ) [ 0000000]
store_ln69        (store            ) [ 0000000]
store_ln69        (store            ) [ 0000000]
store_ln69        (store            ) [ 0000000]
store_ln69        (store            ) [ 0000000]
store_ln69        (store            ) [ 0000000]
store_ln69        (store            ) [ 0000000]
br_ln69           (br               ) [ 0000000]
zext_ln186_17     (zext             ) [ 0101110]
zext_ln186_18     (zext             ) [ 0101110]
p_Result_s        (bitconcatenate   ) [ 0000000]
write_ln71        (write            ) [ 0000000]
p_Result_1        (bitconcatenate   ) [ 0000000]
write_ln72        (write            ) [ 0000000]
zext_ln186        (zext             ) [ 0100110]
zext_ln186_16     (zext             ) [ 0100110]
ret_V_3           (mul              ) [ 0000000]
ret_V_4           (mul              ) [ 0000000]
zext_ln186_19     (zext             ) [ 0100001]
zext_ln186_20     (zext             ) [ 0100001]
self_sum_V_2      (load             ) [ 0000000]
empty             (trunc            ) [ 0000000]
specpipeline_ln0  (specpipeline     ) [ 0000000]
empty_14          (speclooptripcount) [ 0000000]
ret_V             (add              ) [ 0000000]
zext_ln840        (zext             ) [ 0000000]
self_sum_V_3      (add              ) [ 0000000]
store_ln60        (store            ) [ 0000000]
br_ln60           (br               ) [ 0000000]
REG_V_32_load     (load             ) [ 0000000]
REG_V_33_load     (load             ) [ 0000000]
REG_V_34_load     (load             ) [ 0000000]
REG_V_35_load     (load             ) [ 0000000]
REG_V_36_load     (load             ) [ 0000000]
REG_V_37_load     (load             ) [ 0000000]
REG_V_38_load     (load             ) [ 0000000]
REG_V_39_load     (load             ) [ 0000000]
REG_V_40_load     (load             ) [ 0000000]
REG_V_41_load     (load             ) [ 0000000]
REG_V_42_load     (load             ) [ 0000000]
REG_V_43_load     (load             ) [ 0000000]
REG_V_44_load     (load             ) [ 0000000]
REG_V_45_load     (load             ) [ 0000000]
REG_V_46_load     (load             ) [ 0000000]
REG_V_47_load     (load             ) [ 0000000]
REG_V_48_load     (load             ) [ 0000000]
REG_V_49_load     (load             ) [ 0000000]
REG_V_50_load     (load             ) [ 0000000]
REG_V_51_load     (load             ) [ 0000000]
REG_V_52_load     (load             ) [ 0000000]
REG_V_53_load     (load             ) [ 0000000]
REG_V_54_load     (load             ) [ 0000000]
REG_V_55_load     (load             ) [ 0000000]
REG_V_56_load     (load             ) [ 0000000]
REG_V_57_load     (load             ) [ 0000000]
REG_V_58_load     (load             ) [ 0000000]
REG_V_59_load     (load             ) [ 0000000]
REG_V_60_load     (load             ) [ 0000000]
REG_V_61_load     (load             ) [ 0000000]
REG_V_62_load     (load             ) [ 0000000]
REG_V_63_load     (load             ) [ 0000000]
write_ln0         (write            ) [ 0000000]
write_ln0         (write            ) [ 0000000]
write_ln0         (write            ) [ 0000000]
write_ln0         (write            ) [ 0000000]
write_ln0         (write            ) [ 0000000]
write_ln0         (write            ) [ 0000000]
write_ln0         (write            ) [ 0000000]
write_ln0         (write            ) [ 0000000]
write_ln0         (write            ) [ 0000000]
write_ln0         (write            ) [ 0000000]
write_ln0         (write            ) [ 0000000]
write_ln0         (write            ) [ 0000000]
write_ln0         (write            ) [ 0000000]
write_ln0         (write            ) [ 0000000]
write_ln0         (write            ) [ 0000000]
write_ln0         (write            ) [ 0000000]
write_ln0         (write            ) [ 0000000]
write_ln0         (write            ) [ 0000000]
write_ln0         (write            ) [ 0000000]
write_ln0         (write            ) [ 0000000]
write_ln0         (write            ) [ 0000000]
write_ln0         (write            ) [ 0000000]
write_ln0         (write            ) [ 0000000]
write_ln0         (write            ) [ 0000000]
write_ln0         (write            ) [ 0000000]
write_ln0         (write            ) [ 0000000]
write_ln0         (write            ) [ 0000000]
write_ln0         (write            ) [ 0000000]
write_ln0         (write            ) [ 0000000]
write_ln0         (write            ) [ 0000000]
write_ln0         (write            ) [ 0000000]
write_ln0         (write            ) [ 0000000]
write_ln0         (write            ) [ 0000000]
ret_ln0           (ret              ) [ 0000000]
</LifeTime>

<model>

<comp_list>
<comp id="0" class="1000" name="REG_V_31">
<pin_list>
<pin id="1" dir="1" index="0" bw="1" slack="0"/>
</pin_list>
<bind>
<StgValue><ssdm name="REG_V_31"/></StgValue>
</bind>
</comp>

<comp id="2" class="1000" name="REG_V_30">
<pin_list>
<pin id="3" dir="1" index="0" bw="1" slack="0"/>
</pin_list>
<bind>
<StgValue><ssdm name="REG_V_30"/></StgValue>
</bind>
</comp>

<comp id="4" class="1000" name="REG_V_29">
<pin_list>
<pin id="5" dir="1" index="0" bw="1" slack="0"/>
</pin_list>
<bind>
<StgValue><ssdm name="REG_V_29"/></StgValue>
</bind>
</comp>

<comp id="6" class="1000" name="REG_V_28">
<pin_list>
<pin id="7" dir="1" index="0" bw="1" slack="0"/>
</pin_list>
<bind>
<StgValue><ssdm name="REG_V_28"/></StgValue>
</bind>
</comp>

<comp id="8" class="1000" name="REG_V_27">
<pin_list>
<pin id="9" dir="1" index="0" bw="1" slack="0"/>
</pin_list>
<bind>
<StgValue><ssdm name="REG_V_27"/></StgValue>
</bind>
</comp>

<comp id="10" class="1000" name="REG_V_26">
<pin_list>
<pin id="11" dir="1" index="0" bw="1" slack="0"/>
</pin_list>
<bind>
<StgValue><ssdm name="REG_V_26"/></StgValue>
</bind>
</comp>

<comp id="12" class="1000" name="REG_V_25">
<pin_list>
<pin id="13" dir="1" index="0" bw="1" slack="0"/>
</pin_list>
<bind>
<StgValue><ssdm name="REG_V_25"/></StgValue>
</bind>
</comp>

<comp id="14" class="1000" name="REG_V_24">
<pin_list>
<pin id="15" dir="1" index="0" bw="1" slack="0"/>
</pin_list>
<bind>
<StgValue><ssdm name="REG_V_24"/></StgValue>
</bind>
</comp>

<comp id="16" class="1000" name="REG_V_23">
<pin_list>
<pin id="17" dir="1" index="0" bw="1" slack="0"/>
</pin_list>
<bind>
<StgValue><ssdm name="REG_V_23"/></StgValue>
</bind>
</comp>

<comp id="18" class="1000" name="REG_V_22">
<pin_list>
<pin id="19" dir="1" index="0" bw="1" slack="0"/>
</pin_list>
<bind>
<StgValue><ssdm name="REG_V_22"/></StgValue>
</bind>
</comp>

<comp id="20" class="1000" name="REG_V_21">
<pin_list>
<pin id="21" dir="1" index="0" bw="1" slack="0"/>
</pin_list>
<bind>
<StgValue><ssdm name="REG_V_21"/></StgValue>
</bind>
</comp>

<comp id="22" class="1000" name="REG_V_20">
<pin_list>
<pin id="23" dir="1" index="0" bw="1" slack="0"/>
</pin_list>
<bind>
<StgValue><ssdm name="REG_V_20"/></StgValue>
</bind>
</comp>

<comp id="24" class="1000" name="REG_V_19">
<pin_list>
<pin id="25" dir="1" index="0" bw="1" slack="0"/>
</pin_list>
<bind>
<StgValue><ssdm name="REG_V_19"/></StgValue>
</bind>
</comp>

<comp id="26" class="1000" name="REG_V_18">
<pin_list>
<pin id="27" dir="1" index="0" bw="1" slack="0"/>
</pin_list>
<bind>
<StgValue><ssdm name="REG_V_18"/></StgValue>
</bind>
</comp>

<comp id="28" class="1000" name="REG_V_17">
<pin_list>
<pin id="29" dir="1" index="0" bw="1" slack="0"/>
</pin_list>
<bind>
<StgValue><ssdm name="REG_V_17"/></StgValue>
</bind>
</comp>

<comp id="30" class="1000" name="REG_V_16">
<pin_list>
<pin id="31" dir="1" index="0" bw="1" slack="0"/>
</pin_list>
<bind>
<StgValue><ssdm name="REG_V_16"/></StgValue>
</bind>
</comp>

<comp id="32" class="1000" name="REG_V_15">
<pin_list>
<pin id="33" dir="1" index="0" bw="1" slack="0"/>
</pin_list>
<bind>
<StgValue><ssdm name="REG_V_15"/></StgValue>
</bind>
</comp>

<comp id="34" class="1000" name="REG_V_14">
<pin_list>
<pin id="35" dir="1" index="0" bw="1" slack="0"/>
</pin_list>
<bind>
<StgValue><ssdm name="REG_V_14"/></StgValue>
</bind>
</comp>

<comp id="36" class="1000" name="REG_V_13">
<pin_list>
<pin id="37" dir="1" index="0" bw="1" slack="0"/>
</pin_list>
<bind>
<StgValue><ssdm name="REG_V_13"/></StgValue>
</bind>
</comp>

<comp id="38" class="1000" name="REG_V_12">
<pin_list>
<pin id="39" dir="1" index="0" bw="1" slack="0"/>
</pin_list>
<bind>
<StgValue><ssdm name="REG_V_12"/></StgValue>
</bind>
</comp>

<comp id="40" class="1000" name="REG_V_11">
<pin_list>
<pin id="41" dir="1" index="0" bw="1" slack="0"/>
</pin_list>
<bind>
<StgValue><ssdm name="REG_V_11"/></StgValue>
</bind>
</comp>

<comp id="42" class="1000" name="REG_V_10">
<pin_list>
<pin id="43" dir="1" index="0" bw="1" slack="0"/>
</pin_list>
<bind>
<StgValue><ssdm name="REG_V_10"/></StgValue>
</bind>
</comp>

<comp id="44" class="1000" name="REG_V_9">
<pin_list>
<pin id="45" dir="1" index="0" bw="1" slack="0"/>
</pin_list>
<bind>
<StgValue><ssdm name="REG_V_9"/></StgValue>
</bind>
</comp>

<comp id="46" class="1000" name="REG_V_8">
<pin_list>
<pin id="47" dir="1" index="0" bw="1" slack="0"/>
</pin_list>
<bind>
<StgValue><ssdm name="REG_V_8"/></StgValue>
</bind>
</comp>

<comp id="48" class="1000" name="REG_V_7">
<pin_list>
<pin id="49" dir="1" index="0" bw="1" slack="0"/>
</pin_list>
<bind>
<StgValue><ssdm name="REG_V_7"/></StgValue>
</bind>
</comp>

<comp id="50" class="1000" name="REG_V_6">
<pin_list>
<pin id="51" dir="1" index="0" bw="1" slack="0"/>
</pin_list>
<bind>
<StgValue><ssdm name="REG_V_6"/></StgValue>
</bind>
</comp>

<comp id="52" class="1000" name="REG_V_5">
<pin_list>
<pin id="53" dir="1" index="0" bw="1" slack="0"/>
</pin_list>
<bind>
<StgValue><ssdm name="REG_V_5"/></StgValue>
</bind>
</comp>

<comp id="54" class="1000" name="REG_V_4">
<pin_list>
<pin id="55" dir="1" index="0" bw="1" slack="0"/>
</pin_list>
<bind>
<StgValue><ssdm name="REG_V_4"/></StgValue>
</bind>
</comp>

<comp id="56" class="1000" name="REG_V_3">
<pin_list>
<pin id="57" dir="1" index="0" bw="1" slack="0"/>
</pin_list>
<bind>
<StgValue><ssdm name="REG_V_3"/></StgValue>
</bind>
</comp>

<comp id="58" class="1000" name="REG_V_2">
<pin_list>
<pin id="59" dir="1" index="0" bw="1" slack="0"/>
</pin_list>
<bind>
<StgValue><ssdm name="REG_V_2"/></StgValue>
</bind>
</comp>

<comp id="60" class="1000" name="REG_V_1">
<pin_list>
<pin id="61" dir="1" index="0" bw="1" slack="0"/>
</pin_list>
<bind>
<StgValue><ssdm name="REG_V_1"/></StgValue>
</bind>
</comp>

<comp id="62" class="1000" name="REG_V">
<pin_list>
<pin id="63" dir="1" index="0" bw="1" slack="0"/>
</pin_list>
<bind>
<StgValue><ssdm name="REG_V"/></StgValue>
</bind>
</comp>

<comp id="64" class="1000" name="fwd_out1">
<pin_list>
<pin id="65" dir="1" index="0" bw="1" slack="0"/>
</pin_list>
<bind>
<StgValue><ssdm name="fwd_out1"/></StgValue>
</bind>
</comp>

<comp id="66" class="1000" name="fwd_out2">
<pin_list>
<pin id="67" dir="1" index="0" bw="1" slack="0"/>
</pin_list>
<bind>
<StgValue><ssdm name="fwd_out2"/></StgValue>
</bind>
</comp>

<comp id="68" class="1000" name="i_cast">
<pin_list>
<pin id="69" dir="1" index="0" bw="1" slack="0"/>
</pin_list>
<bind>
<StgValue><ssdm name="i_cast"/></StgValue>
</bind>
</comp>

<comp id="70" class="1000" name="buffer_1">
<pin_list>
<pin id="71" dir="1" index="0" bw="1" slack="0"/>
</pin_list>
<bind>
<StgValue><ssdm name="buffer_1"/><MemPortTyVec>1 3 </MemPortTyVec>
</StgValue>
</bind>
</comp>

<comp id="72" class="1000" name="REG_V_63_out">
<pin_list>
<pin id="73" dir="1" index="0" bw="1" slack="0"/>
</pin_list>
<bind>
<StgValue><ssdm name="REG_V_63_out"/></StgValue>
</bind>
</comp>

<comp id="74" class="1000" name="REG_V_62_out">
<pin_list>
<pin id="75" dir="1" index="0" bw="1" slack="0"/>
</pin_list>
<bind>
<StgValue><ssdm name="REG_V_62_out"/></StgValue>
</bind>
</comp>

<comp id="76" class="1000" name="REG_V_61_out">
<pin_list>
<pin id="77" dir="1" index="0" bw="1" slack="0"/>
</pin_list>
<bind>
<StgValue><ssdm name="REG_V_61_out"/></StgValue>
</bind>
</comp>

<comp id="78" class="1000" name="REG_V_60_out">
<pin_list>
<pin id="79" dir="1" index="0" bw="1" slack="0"/>
</pin_list>
<bind>
<StgValue><ssdm name="REG_V_60_out"/></StgValue>
</bind>
</comp>

<comp id="80" class="1000" name="REG_V_59_out">
<pin_list>
<pin id="81" dir="1" index="0" bw="1" slack="0"/>
</pin_list>
<bind>
<StgValue><ssdm name="REG_V_59_out"/></StgValue>
</bind>
</comp>

<comp id="82" class="1000" name="REG_V_58_out">
<pin_list>
<pin id="83" dir="1" index="0" bw="1" slack="0"/>
</pin_list>
<bind>
<StgValue><ssdm name="REG_V_58_out"/></StgValue>
</bind>
</comp>

<comp id="84" class="1000" name="REG_V_57_out">
<pin_list>
<pin id="85" dir="1" index="0" bw="1" slack="0"/>
</pin_list>
<bind>
<StgValue><ssdm name="REG_V_57_out"/></StgValue>
</bind>
</comp>

<comp id="86" class="1000" name="REG_V_56_out">
<pin_list>
<pin id="87" dir="1" index="0" bw="1" slack="0"/>
</pin_list>
<bind>
<StgValue><ssdm name="REG_V_56_out"/></StgValue>
</bind>
</comp>

<comp id="88" class="1000" name="REG_V_55_out">
<pin_list>
<pin id="89" dir="1" index="0" bw="1" slack="0"/>
</pin_list>
<bind>
<StgValue><ssdm name="REG_V_55_out"/></StgValue>
</bind>
</comp>

<comp id="90" class="1000" name="REG_V_54_out">
<pin_list>
<pin id="91" dir="1" index="0" bw="1" slack="0"/>
</pin_list>
<bind>
<StgValue><ssdm name="REG_V_54_out"/></StgValue>
</bind>
</comp>

<comp id="92" class="1000" name="REG_V_53_out">
<pin_list>
<pin id="93" dir="1" index="0" bw="1" slack="0"/>
</pin_list>
<bind>
<StgValue><ssdm name="REG_V_53_out"/></StgValue>
</bind>
</comp>

<comp id="94" class="1000" name="REG_V_52_out">
<pin_list>
<pin id="95" dir="1" index="0" bw="1" slack="0"/>
</pin_list>
<bind>
<StgValue><ssdm name="REG_V_52_out"/></StgValue>
</bind>
</comp>

<comp id="96" class="1000" name="REG_V_51_out">
<pin_list>
<pin id="97" dir="1" index="0" bw="1" slack="0"/>
</pin_list>
<bind>
<StgValue><ssdm name="REG_V_51_out"/></StgValue>
</bind>
</comp>

<comp id="98" class="1000" name="REG_V_50_out">
<pin_list>
<pin id="99" dir="1" index="0" bw="1" slack="0"/>
</pin_list>
<bind>
<StgValue><ssdm name="REG_V_50_out"/></StgValue>
</bind>
</comp>

<comp id="100" class="1000" name="REG_V_49_out">
<pin_list>
<pin id="101" dir="1" index="0" bw="1" slack="0"/>
</pin_list>
<bind>
<StgValue><ssdm name="REG_V_49_out"/></StgValue>
</bind>
</comp>

<comp id="102" class="1000" name="REG_V_48_out">
<pin_list>
<pin id="103" dir="1" index="0" bw="1" slack="0"/>
</pin_list>
<bind>
<StgValue><ssdm name="REG_V_48_out"/></StgValue>
</bind>
</comp>

<comp id="104" class="1000" name="REG_V_47_out">
<pin_list>
<pin id="105" dir="1" index="0" bw="1" slack="0"/>
</pin_list>
<bind>
<StgValue><ssdm name="REG_V_47_out"/></StgValue>
</bind>
</comp>

<comp id="106" class="1000" name="REG_V_46_out">
<pin_list>
<pin id="107" dir="1" index="0" bw="1" slack="0"/>
</pin_list>
<bind>
<StgValue><ssdm name="REG_V_46_out"/></StgValue>
</bind>
</comp>

<comp id="108" class="1000" name="REG_V_45_out">
<pin_list>
<pin id="109" dir="1" index="0" bw="1" slack="0"/>
</pin_list>
<bind>
<StgValue><ssdm name="REG_V_45_out"/></StgValue>
</bind>
</comp>

<comp id="110" class="1000" name="REG_V_44_out">
<pin_list>
<pin id="111" dir="1" index="0" bw="1" slack="0"/>
</pin_list>
<bind>
<StgValue><ssdm name="REG_V_44_out"/></StgValue>
</bind>
</comp>

<comp id="112" class="1000" name="REG_V_43_out">
<pin_list>
<pin id="113" dir="1" index="0" bw="1" slack="0"/>
</pin_list>
<bind>
<StgValue><ssdm name="REG_V_43_out"/></StgValue>
</bind>
</comp>

<comp id="114" class="1000" name="REG_V_42_out">
<pin_list>
<pin id="115" dir="1" index="0" bw="1" slack="0"/>
</pin_list>
<bind>
<StgValue><ssdm name="REG_V_42_out"/></StgValue>
</bind>
</comp>

<comp id="116" class="1000" name="REG_V_41_out">
<pin_list>
<pin id="117" dir="1" index="0" bw="1" slack="0"/>
</pin_list>
<bind>
<StgValue><ssdm name="REG_V_41_out"/></StgValue>
</bind>
</comp>

<comp id="118" class="1000" name="REG_V_40_out">
<pin_list>
<pin id="119" dir="1" index="0" bw="1" slack="0"/>
</pin_list>
<bind>
<StgValue><ssdm name="REG_V_40_out"/></StgValue>
</bind>
</comp>

<comp id="120" class="1000" name="REG_V_39_out">
<pin_list>
<pin id="121" dir="1" index="0" bw="1" slack="0"/>
</pin_list>
<bind>
<StgValue><ssdm name="REG_V_39_out"/></StgValue>
</bind>
</comp>

<comp id="122" class="1000" name="REG_V_38_out">
<pin_list>
<pin id="123" dir="1" index="0" bw="1" slack="0"/>
</pin_list>
<bind>
<StgValue><ssdm name="REG_V_38_out"/></StgValue>
</bind>
</comp>

<comp id="124" class="1000" name="REG_V_37_out">
<pin_list>
<pin id="125" dir="1" index="0" bw="1" slack="0"/>
</pin_list>
<bind>
<StgValue><ssdm name="REG_V_37_out"/></StgValue>
</bind>
</comp>

<comp id="126" class="1000" name="REG_V_36_out">
<pin_list>
<pin id="127" dir="1" index="0" bw="1" slack="0"/>
</pin_list>
<bind>
<StgValue><ssdm name="REG_V_36_out"/></StgValue>
</bind>
</comp>

<comp id="128" class="1000" name="REG_V_35_out">
<pin_list>
<pin id="129" dir="1" index="0" bw="1" slack="0"/>
</pin_list>
<bind>
<StgValue><ssdm name="REG_V_35_out"/></StgValue>
</bind>
</comp>

<comp id="130" class="1000" name="REG_V_34_out">
<pin_list>
<pin id="131" dir="1" index="0" bw="1" slack="0"/>
</pin_list>
<bind>
<StgValue><ssdm name="REG_V_34_out"/></StgValue>
</bind>
</comp>

<comp id="132" class="1000" name="REG_V_33_out">
<pin_list>
<pin id="133" dir="1" index="0" bw="1" slack="0"/>
</pin_list>
<bind>
<StgValue><ssdm name="REG_V_33_out"/></StgValue>
</bind>
</comp>

<comp id="134" class="1000" name="REG_V_32_out">
<pin_list>
<pin id="135" dir="1" index="0" bw="1" slack="0"/>
</pin_list>
<bind>
<StgValue><ssdm name="REG_V_32_out"/></StgValue>
</bind>
</comp>

<comp id="136" class="1000" name="self_sum_V_out">
<pin_list>
<pin id="137" dir="1" index="0" bw="1" slack="0"/>
</pin_list>
<bind>
<StgValue><ssdm name="self_sum_V_out"/></StgValue>
</bind>
</comp>

<comp id="138" class="1001" name="const_138">
<pin_list>
<pin id="139" dir="1" index="0" bw="1" slack="0"/>
</pin_list>
<bind>
<StgValue><ssdm name=""/></StgValue>
</bind>
</comp>

<comp id="140" class="1001" name="const_140">
<pin_list>
<pin id="141" dir="1" index="0" bw="1" slack="2147483647"/>
</pin_list>
<bind>
<StgValue><ssdm name="_ssdm_op_SpecInterface"/></StgValue>
</bind>
</comp>

<comp id="142" class="1001" name="const_142">
<pin_list>
<pin id="143" dir="1" index="0" bw="1" slack="2147483647"/>
</pin_list>
<bind>
<StgValue><ssdm name="empty_2"/></StgValue>
</bind>
</comp>

<comp id="144" class="1001" name="const_144">
<pin_list>
<pin id="145" dir="1" index="0" bw="1" slack="2147483647"/>
</pin_list>
<bind>
<StgValue><ssdm name=""/></StgValue>
</bind>
</comp>

<comp id="146" class="1001" name="const_146">
<pin_list>
<pin id="147" dir="1" index="0" bw="1" slack="2147483647"/>
</pin_list>
<bind>
<StgValue><ssdm name="empty_0"/></StgValue>
</bind>
</comp>

<comp id="148" class="1001" name="const_148">
<pin_list>
<pin id="149" dir="1" index="0" bw="1" slack="2147483647"/>
</pin_list>
<bind>
<StgValue><ssdm name=""/></StgValue>
</bind>
</comp>

<comp id="150" class="1001" name="const_150">
<pin_list>
<pin id="151" dir="1" index="0" bw="1" slack="2147483647"/>
</pin_list>
<bind>
<StgValue><ssdm name="empty"/></StgValue>
</bind>
</comp>

<comp id="152" class="1001" name="const_152">
<pin_list>
<pin id="153" dir="1" index="0" bw="1" slack="0"/>
</pin_list>
<bind>
<StgValue><ssdm name="_ssdm_op_Read.ap_auto.i2"/></StgValue>
</bind>
</comp>

<comp id="154" class="1001" name="const_154">
<pin_list>
<pin id="155" dir="1" index="0" bw="1" slack="0"/>
</pin_list>
<bind>
<StgValue><ssdm name="_ssdm_op_Read.ap_auto.i16"/></StgValue>
</bind>
</comp>

<comp id="156" class="1001" name="const_156">
<pin_list>
<pin id="157" dir="1" index="0" bw="1" slack="0"/>
</pin_list>
<bind>
<StgValue><ssdm name=""/></StgValue>
</bind>
</comp>

<comp id="158" class="1001" name="const_158">
<pin_list>
<pin id="159" dir="1" index="0" bw="1" slack="0"/>
</pin_list>
<bind>
<StgValue><ssdm name=""/></StgValue>
</bind>
</comp>

<comp id="160" class="1001" name="const_160">
<pin_list>
<pin id="161" dir="1" index="0" bw="1" slack="0"/>
</pin_list>
<bind>
<StgValue><ssdm name=""/></StgValue>
</bind>
</comp>

<comp id="162" class="1001" name="const_162">
<pin_list>
<pin id="163" dir="1" index="0" bw="1" slack="0"/>
</pin_list>
<bind>
<StgValue><ssdm name=""/></StgValue>
</bind>
</comp>

<comp id="164" class="1001" name="const_164">
<pin_list>
<pin id="165" dir="1" index="0" bw="1" slack="0"/>
</pin_list>
<bind>
<StgValue><ssdm name="_ssdm_op_BitConcatenate.i3.i2.i1"/></StgValue>
</bind>
</comp>

<comp id="166" class="1001" name="const_166">
<pin_list>
<pin id="167" dir="1" index="0" bw="1" slack="0"/>
</pin_list>
<bind>
<StgValue><ssdm name=""/></StgValue>
</bind>
</comp>

<comp id="168" class="1001" name="const_168">
<pin_list>
<pin id="169" dir="1" index="0" bw="1" slack="2147483647"/>
</pin_list>
<bind>
<StgValue><ssdm name="_ssdm_op_SpecLoopName"/></StgValue>
</bind>
</comp>

<comp id="170" class="1001" name="const_170">
<pin_list>
<pin id="171" dir="1" index="0" bw="1" slack="2147483647"/>
</pin_list>
<bind>
<StgValue><ssdm name="empty_5"/></StgValue>
</bind>
</comp>

<comp id="172" class="1001" name="const_172">
<pin_list>
<pin id="173" dir="1" index="0" bw="1" slack="0"/>
</pin_list>
<bind>
<StgValue><ssdm name="_ssdm_op_PartSelect.i16.i64.i32.i32"/></StgValue>
</bind>
</comp>

<comp id="174" class="1001" name="const_174">
<pin_list>
<pin id="175" dir="1" index="0" bw="1" slack="0"/>
</pin_list>
<bind>
<StgValue><ssdm name=""/></StgValue>
</bind>
</comp>

<comp id="176" class="1001" name="const_176">
<pin_list>
<pin id="177" dir="1" index="0" bw="1" slack="0"/>
</pin_list>
<bind>
<StgValue><ssdm name=""/></StgValue>
</bind>
</comp>

<comp id="178" class="1001" name="const_178">
<pin_list>
<pin id="179" dir="1" index="0" bw="1" slack="0"/>
</pin_list>
<bind>
<StgValue><ssdm name=""/></StgValue>
</bind>
</comp>

<comp id="180" class="1001" name="const_180">
<pin_list>
<pin id="181" dir="1" index="0" bw="1" slack="0"/>
</pin_list>
<bind>
<StgValue><ssdm name=""/></StgValue>
</bind>
</comp>

<comp id="182" class="1001" name="const_182">
<pin_list>
<pin id="183" dir="1" index="0" bw="1" slack="0"/>
</pin_list>
<bind>
<StgValue><ssdm name=""/></StgValue>
</bind>
</comp>

<comp id="184" class="1001" name="const_184">
<pin_list>
<pin id="185" dir="1" index="0" bw="1" slack="0"/>
</pin_list>
<bind>
<StgValue><ssdm name=""/></StgValue>
</bind>
</comp>

<comp id="186" class="1001" name="const_186">
<pin_list>
<pin id="187" dir="1" index="0" bw="1" slack="0"/>
</pin_list>
<bind>
<StgValue><ssdm name="_ssdm_op_BitConcatenate.i32.i16.i16"/></StgValue>
</bind>
</comp>

<comp id="188" class="1001" name="const_188">
<pin_list>
<pin id="189" dir="1" index="0" bw="1" slack="0"/>
</pin_list>
<bind>
<StgValue><ssdm name="_ssdm_op_Write.ap_fifo.volatile.i32P0A"/></StgValue>
</bind>
</comp>

<comp id="190" class="1001" name="const_190">
<pin_list>
<pin id="191" dir="1" index="0" bw="1" slack="2147483647"/>
</pin_list>
<bind>
<StgValue><ssdm name="_ssdm_op_SpecPipeline"/></StgValue>
</bind>
</comp>

<comp id="192" class="1001" name="const_192">
<pin_list>
<pin id="193" dir="1" index="0" bw="1" slack="2147483647"/>
</pin_list>
<bind>
<StgValue><ssdm name="p_str"/></StgValue>
</bind>
</comp>

<comp id="194" class="1001" name="const_194">
<pin_list>
<pin id="195" dir="1" index="0" bw="1" slack="2147483647"/>
</pin_list>
<bind>
<StgValue><ssdm name="_ssdm_op_SpecLoopTripCount"/></StgValue>
</bind>
</comp>

<comp id="196" class="1001" name="const_196">
<pin_list>
<pin id="197" dir="1" index="0" bw="1" slack="2147483647"/>
</pin_list>
<bind>
<StgValue><ssdm name=""/></StgValue>
</bind>
</comp>

<comp id="198" class="1001" name="const_198">
<pin_list>
<pin id="199" dir="1" index="0" bw="1" slack="0"/>
</pin_list>
<bind>
<StgValue><ssdm name="_ssdm_op_Write.ap_auto.i16P0A"/></StgValue>
</bind>
</comp>

<comp id="200" class="1001" name="const_200">
<pin_list>
<pin id="201" dir="1" index="0" bw="1" slack="0"/>
</pin_list>
<bind>
<StgValue><ssdm name="_ssdm_op_Write.ap_auto.i32P0A"/></StgValue>
</bind>
</comp>

<comp id="202" class="1004" name="self_sum_V_fu_202">
<pin_list>
<pin id="203" dir="0" index="0" bw="1" slack="0"/>
<pin id="204" dir="1" index="1" bw="34" slack="0"/>
</pin_list>
<bind>
<opcode="alloca(26) " fcode="alloca"/>
<opset="self_sum_V/1 "/>
</bind>
</comp>

<comp id="206" class="1004" name="fe_fu_206">
<pin_list>
<pin id="207" dir="0" index="0" bw="1" slack="0"/>
<pin id="208" dir="1" index="1" bw="2" slack="0"/>
</pin_list>
<bind>
<opcode="alloca(26) " fcode="alloca"/>
<opset="fe/1 "/>
</bind>
</comp>

<comp id="210" class="1004" name="REG_V_32_fu_210">
<pin_list>
<pin id="211" dir="0" index="0" bw="1" slack="0"/>
<pin id="212" dir="1" index="1" bw="16" slack="0"/>
</pin_list>
<bind>
<opcode="alloca(26) " fcode="alloca"/>
<opset="REG_V_32/1 "/>
</bind>
</comp>

<comp id="214" class="1004" name="REG_V_33_fu_214">
<pin_list>
<pin id="215" dir="0" index="0" bw="1" slack="0"/>
<pin id="216" dir="1" index="1" bw="16" slack="0"/>
</pin_list>
<bind>
<opcode="alloca(26) " fcode="alloca"/>
<opset="REG_V_33/1 "/>
</bind>
</comp>

<comp id="218" class="1004" name="REG_V_34_fu_218">
<pin_list>
<pin id="219" dir="0" index="0" bw="1" slack="0"/>
<pin id="220" dir="1" index="1" bw="16" slack="0"/>
</pin_list>
<bind>
<opcode="alloca(26) " fcode="alloca"/>
<opset="REG_V_34/1 "/>
</bind>
</comp>

<comp id="222" class="1004" name="REG_V_35_fu_222">
<pin_list>
<pin id="223" dir="0" index="0" bw="1" slack="0"/>
<pin id="224" dir="1" index="1" bw="16" slack="0"/>
</pin_list>
<bind>
<opcode="alloca(26) " fcode="alloca"/>
<opset="REG_V_35/1 "/>
</bind>
</comp>

<comp id="226" class="1004" name="REG_V_36_fu_226">
<pin_list>
<pin id="227" dir="0" index="0" bw="1" slack="0"/>
<pin id="228" dir="1" index="1" bw="16" slack="0"/>
</pin_list>
<bind>
<opcode="alloca(26) " fcode="alloca"/>
<opset="REG_V_36/1 "/>
</bind>
</comp>

<comp id="230" class="1004" name="REG_V_37_fu_230">
<pin_list>
<pin id="231" dir="0" index="0" bw="1" slack="0"/>
<pin id="232" dir="1" index="1" bw="16" slack="0"/>
</pin_list>
<bind>
<opcode="alloca(26) " fcode="alloca"/>
<opset="REG_V_37/1 "/>
</bind>
</comp>

<comp id="234" class="1004" name="REG_V_38_fu_234">
<pin_list>
<pin id="235" dir="0" index="0" bw="1" slack="0"/>
<pin id="236" dir="1" index="1" bw="16" slack="0"/>
</pin_list>
<bind>
<opcode="alloca(26) " fcode="alloca"/>
<opset="REG_V_38/1 "/>
</bind>
</comp>

<comp id="238" class="1004" name="REG_V_39_fu_238">
<pin_list>
<pin id="239" dir="0" index="0" bw="1" slack="0"/>
<pin id="240" dir="1" index="1" bw="16" slack="0"/>
</pin_list>
<bind>
<opcode="alloca(26) " fcode="alloca"/>
<opset="REG_V_39/1 "/>
</bind>
</comp>

<comp id="242" class="1004" name="REG_V_40_fu_242">
<pin_list>
<pin id="243" dir="0" index="0" bw="1" slack="0"/>
<pin id="244" dir="1" index="1" bw="16" slack="0"/>
</pin_list>
<bind>
<opcode="alloca(26) " fcode="alloca"/>
<opset="REG_V_40/1 "/>
</bind>
</comp>

<comp id="246" class="1004" name="REG_V_41_fu_246">
<pin_list>
<pin id="247" dir="0" index="0" bw="1" slack="0"/>
<pin id="248" dir="1" index="1" bw="16" slack="0"/>
</pin_list>
<bind>
<opcode="alloca(26) " fcode="alloca"/>
<opset="REG_V_41/1 "/>
</bind>
</comp>

<comp id="250" class="1004" name="REG_V_42_fu_250">
<pin_list>
<pin id="251" dir="0" index="0" bw="1" slack="0"/>
<pin id="252" dir="1" index="1" bw="16" slack="0"/>
</pin_list>
<bind>
<opcode="alloca(26) " fcode="alloca"/>
<opset="REG_V_42/1 "/>
</bind>
</comp>

<comp id="254" class="1004" name="REG_V_43_fu_254">
<pin_list>
<pin id="255" dir="0" index="0" bw="1" slack="0"/>
<pin id="256" dir="1" index="1" bw="16" slack="0"/>
</pin_list>
<bind>
<opcode="alloca(26) " fcode="alloca"/>
<opset="REG_V_43/1 "/>
</bind>
</comp>

<comp id="258" class="1004" name="REG_V_44_fu_258">
<pin_list>
<pin id="259" dir="0" index="0" bw="1" slack="0"/>
<pin id="260" dir="1" index="1" bw="16" slack="0"/>
</pin_list>
<bind>
<opcode="alloca(26) " fcode="alloca"/>
<opset="REG_V_44/1 "/>
</bind>
</comp>

<comp id="262" class="1004" name="REG_V_45_fu_262">
<pin_list>
<pin id="263" dir="0" index="0" bw="1" slack="0"/>
<pin id="264" dir="1" index="1" bw="16" slack="0"/>
</pin_list>
<bind>
<opcode="alloca(26) " fcode="alloca"/>
<opset="REG_V_45/1 "/>
</bind>
</comp>

<comp id="266" class="1004" name="REG_V_46_fu_266">
<pin_list>
<pin id="267" dir="0" index="0" bw="1" slack="0"/>
<pin id="268" dir="1" index="1" bw="16" slack="0"/>
</pin_list>
<bind>
<opcode="alloca(26) " fcode="alloca"/>
<opset="REG_V_46/1 "/>
</bind>
</comp>

<comp id="270" class="1004" name="REG_V_47_fu_270">
<pin_list>
<pin id="271" dir="0" index="0" bw="1" slack="0"/>
<pin id="272" dir="1" index="1" bw="16" slack="0"/>
</pin_list>
<bind>
<opcode="alloca(26) " fcode="alloca"/>
<opset="REG_V_47/1 "/>
</bind>
</comp>

<comp id="274" class="1004" name="REG_V_48_fu_274">
<pin_list>
<pin id="275" dir="0" index="0" bw="1" slack="0"/>
<pin id="276" dir="1" index="1" bw="16" slack="0"/>
</pin_list>
<bind>
<opcode="alloca(26) " fcode="alloca"/>
<opset="REG_V_48/1 "/>
</bind>
</comp>

<comp id="278" class="1004" name="REG_V_49_fu_278">
<pin_list>
<pin id="279" dir="0" index="0" bw="1" slack="0"/>
<pin id="280" dir="1" index="1" bw="16" slack="0"/>
</pin_list>
<bind>
<opcode="alloca(26) " fcode="alloca"/>
<opset="REG_V_49/1 "/>
</bind>
</comp>

<comp id="282" class="1004" name="REG_V_50_fu_282">
<pin_list>
<pin id="283" dir="0" index="0" bw="1" slack="0"/>
<pin id="284" dir="1" index="1" bw="16" slack="0"/>
</pin_list>
<bind>
<opcode="alloca(26) " fcode="alloca"/>
<opset="REG_V_50/1 "/>
</bind>
</comp>

<comp id="286" class="1004" name="REG_V_51_fu_286">
<pin_list>
<pin id="287" dir="0" index="0" bw="1" slack="0"/>
<pin id="288" dir="1" index="1" bw="16" slack="0"/>
</pin_list>
<bind>
<opcode="alloca(26) " fcode="alloca"/>
<opset="REG_V_51/1 "/>
</bind>
</comp>

<comp id="290" class="1004" name="REG_V_52_fu_290">
<pin_list>
<pin id="291" dir="0" index="0" bw="1" slack="0"/>
<pin id="292" dir="1" index="1" bw="16" slack="0"/>
</pin_list>
<bind>
<opcode="alloca(26) " fcode="alloca"/>
<opset="REG_V_52/1 "/>
</bind>
</comp>

<comp id="294" class="1004" name="REG_V_53_fu_294">
<pin_list>
<pin id="295" dir="0" index="0" bw="1" slack="0"/>
<pin id="296" dir="1" index="1" bw="16" slack="0"/>
</pin_list>
<bind>
<opcode="alloca(26) " fcode="alloca"/>
<opset="REG_V_53/1 "/>
</bind>
</comp>

<comp id="298" class="1004" name="REG_V_54_fu_298">
<pin_list>
<pin id="299" dir="0" index="0" bw="1" slack="0"/>
<pin id="300" dir="1" index="1" bw="16" slack="0"/>
</pin_list>
<bind>
<opcode="alloca(26) " fcode="alloca"/>
<opset="REG_V_54/1 "/>
</bind>
</comp>

<comp id="302" class="1004" name="REG_V_55_fu_302">
<pin_list>
<pin id="303" dir="0" index="0" bw="1" slack="0"/>
<pin id="304" dir="1" index="1" bw="16" slack="0"/>
</pin_list>
<bind>
<opcode="alloca(26) " fcode="alloca"/>
<opset="REG_V_55/1 "/>
</bind>
</comp>

<comp id="306" class="1004" name="REG_V_56_fu_306">
<pin_list>
<pin id="307" dir="0" index="0" bw="1" slack="0"/>
<pin id="308" dir="1" index="1" bw="16" slack="0"/>
</pin_list>
<bind>
<opcode="alloca(26) " fcode="alloca"/>
<opset="REG_V_56/1 "/>
</bind>
</comp>

<comp id="310" class="1004" name="REG_V_57_fu_310">
<pin_list>
<pin id="311" dir="0" index="0" bw="1" slack="0"/>
<pin id="312" dir="1" index="1" bw="16" slack="0"/>
</pin_list>
<bind>
<opcode="alloca(26) " fcode="alloca"/>
<opset="REG_V_57/1 "/>
</bind>
</comp>

<comp id="314" class="1004" name="REG_V_58_fu_314">
<pin_list>
<pin id="315" dir="0" index="0" bw="1" slack="0"/>
<pin id="316" dir="1" index="1" bw="16" slack="0"/>
</pin_list>
<bind>
<opcode="alloca(26) " fcode="alloca"/>
<opset="REG_V_58/1 "/>
</bind>
</comp>

<comp id="318" class="1004" name="REG_V_59_fu_318">
<pin_list>
<pin id="319" dir="0" index="0" bw="1" slack="0"/>
<pin id="320" dir="1" index="1" bw="16" slack="0"/>
</pin_list>
<bind>
<opcode="alloca(26) " fcode="alloca"/>
<opset="REG_V_59/1 "/>
</bind>
</comp>

<comp id="322" class="1004" name="REG_V_60_fu_322">
<pin_list>
<pin id="323" dir="0" index="0" bw="1" slack="0"/>
<pin id="324" dir="1" index="1" bw="16" slack="0"/>
</pin_list>
<bind>
<opcode="alloca(26) " fcode="alloca"/>
<opset="REG_V_60/1 "/>
</bind>
</comp>

<comp id="326" class="1004" name="REG_V_61_fu_326">
<pin_list>
<pin id="327" dir="0" index="0" bw="1" slack="0"/>
<pin id="328" dir="1" index="1" bw="16" slack="0"/>
</pin_list>
<bind>
<opcode="alloca(26) " fcode="alloca"/>
<opset="REG_V_61/1 "/>
</bind>
</comp>

<comp id="330" class="1004" name="REG_V_62_fu_330">
<pin_list>
<pin id="331" dir="0" index="0" bw="1" slack="0"/>
<pin id="332" dir="1" index="1" bw="16" slack="0"/>
</pin_list>
<bind>
<opcode="alloca(26) " fcode="alloca"/>
<opset="REG_V_62/1 "/>
</bind>
</comp>

<comp id="334" class="1004" name="REG_V_63_fu_334">
<pin_list>
<pin id="335" dir="0" index="0" bw="1" slack="0"/>
<pin id="336" dir="1" index="1" bw="16" slack="0"/>
</pin_list>
<bind>
<opcode="alloca(26) " fcode="alloca"/>
<opset="REG_V_63/1 "/>
</bind>
</comp>

<comp id="338" class="1004" name="i_cast_read_read_fu_338">
<pin_list>
<pin id="339" dir="0" index="0" bw="2" slack="0"/>
<pin id="340" dir="0" index="1" bw="2" slack="0"/>
<pin id="341" dir="1" index="2" bw="2" slack="0"/>
</pin_list>
<bind>
<opcode="read(1150) " fcode="read"/>
<opset="i_cast_read/1 "/>
</bind>
</comp>

<comp id="344" class="1004" name="REG_V_read_read_fu_344">
<pin_list>
<pin id="345" dir="0" index="0" bw="16" slack="0"/>
<pin id="346" dir="0" index="1" bw="16" slack="0"/>
<pin id="347" dir="1" index="2" bw="16" slack="0"/>
</pin_list>
<bind>
<opcode="read(1150) " fcode="read"/>
<opset="REG_V_read/1 "/>
</bind>
</comp>

<comp id="350" class="1004" name="REG_V_1_read_read_fu_350">
<pin_list>
<pin id="351" dir="0" index="0" bw="16" slack="0"/>
<pin id="352" dir="0" index="1" bw="16" slack="0"/>
<pin id="353" dir="1" index="2" bw="16" slack="0"/>
</pin_list>
<bind>
<opcode="read(1150) " fcode="read"/>
<opset="REG_V_1_read/1 "/>
</bind>
</comp>

<comp id="356" class="1004" name="REG_V_2_read_read_fu_356">
<pin_list>
<pin id="357" dir="0" index="0" bw="16" slack="0"/>
<pin id="358" dir="0" index="1" bw="16" slack="0"/>
<pin id="359" dir="1" index="2" bw="16" slack="0"/>
</pin_list>
<bind>
<opcode="read(1150) " fcode="read"/>
<opset="REG_V_2_read/1 "/>
</bind>
</comp>

<comp id="362" class="1004" name="REG_V_3_read_read_fu_362">
<pin_list>
<pin id="363" dir="0" index="0" bw="16" slack="0"/>
<pin id="364" dir="0" index="1" bw="16" slack="0"/>
<pin id="365" dir="1" index="2" bw="16" slack="0"/>
</pin_list>
<bind>
<opcode="read(1150) " fcode="read"/>
<opset="REG_V_3_read/1 "/>
</bind>
</comp>

<comp id="368" class="1004" name="REG_V_4_read_read_fu_368">
<pin_list>
<pin id="369" dir="0" index="0" bw="16" slack="0"/>
<pin id="370" dir="0" index="1" bw="16" slack="0"/>
<pin id="371" dir="1" index="2" bw="16" slack="0"/>
</pin_list>
<bind>
<opcode="read(1150) " fcode="read"/>
<opset="REG_V_4_read/1 "/>
</bind>
</comp>

<comp id="374" class="1004" name="REG_V_5_read_read_fu_374">
<pin_list>
<pin id="375" dir="0" index="0" bw="16" slack="0"/>
<pin id="376" dir="0" index="1" bw="16" slack="0"/>
<pin id="377" dir="1" index="2" bw="16" slack="0"/>
</pin_list>
<bind>
<opcode="read(1150) " fcode="read"/>
<opset="REG_V_5_read/1 "/>
</bind>
</comp>

<comp id="380" class="1004" name="REG_V_6_read_read_fu_380">
<pin_list>
<pin id="381" dir="0" index="0" bw="16" slack="0"/>
<pin id="382" dir="0" index="1" bw="16" slack="0"/>
<pin id="383" dir="1" index="2" bw="16" slack="0"/>
</pin_list>
<bind>
<opcode="read(1150) " fcode="read"/>
<opset="REG_V_6_read/1 "/>
</bind>
</comp>

<comp id="386" class="1004" name="REG_V_7_read_read_fu_386">
<pin_list>
<pin id="387" dir="0" index="0" bw="16" slack="0"/>
<pin id="388" dir="0" index="1" bw="16" slack="0"/>
<pin id="389" dir="1" index="2" bw="16" slack="0"/>
</pin_list>
<bind>
<opcode="read(1150) " fcode="read"/>
<opset="REG_V_7_read/1 "/>
</bind>
</comp>

<comp id="392" class="1004" name="REG_V_8_read_read_fu_392">
<pin_list>
<pin id="393" dir="0" index="0" bw="16" slack="0"/>
<pin id="394" dir="0" index="1" bw="16" slack="0"/>
<pin id="395" dir="1" index="2" bw="16" slack="0"/>
</pin_list>
<bind>
<opcode="read(1150) " fcode="read"/>
<opset="REG_V_8_read/1 "/>
</bind>
</comp>

<comp id="398" class="1004" name="REG_V_9_read_read_fu_398">
<pin_list>
<pin id="399" dir="0" index="0" bw="16" slack="0"/>
<pin id="400" dir="0" index="1" bw="16" slack="0"/>
<pin id="401" dir="1" index="2" bw="16" slack="0"/>
</pin_list>
<bind>
<opcode="read(1150) " fcode="read"/>
<opset="REG_V_9_read/1 "/>
</bind>
</comp>

<comp id="404" class="1004" name="REG_V_10_read_read_fu_404">
<pin_list>
<pin id="405" dir="0" index="0" bw="16" slack="0"/>
<pin id="406" dir="0" index="1" bw="16" slack="0"/>
<pin id="407" dir="1" index="2" bw="16" slack="0"/>
</pin_list>
<bind>
<opcode="read(1150) " fcode="read"/>
<opset="REG_V_10_read/1 "/>
</bind>
</comp>

<comp id="410" class="1004" name="REG_V_11_read_read_fu_410">
<pin_list>
<pin id="411" dir="0" index="0" bw="16" slack="0"/>
<pin id="412" dir="0" index="1" bw="16" slack="0"/>
<pin id="413" dir="1" index="2" bw="16" slack="0"/>
</pin_list>
<bind>
<opcode="read(1150) " fcode="read"/>
<opset="REG_V_11_read/1 "/>
</bind>
</comp>

<comp id="416" class="1004" name="REG_V_12_read_read_fu_416">
<pin_list>
<pin id="417" dir="0" index="0" bw="16" slack="0"/>
<pin id="418" dir="0" index="1" bw="16" slack="0"/>
<pin id="419" dir="1" index="2" bw="16" slack="0"/>
</pin_list>
<bind>
<opcode="read(1150) " fcode="read"/>
<opset="REG_V_12_read/1 "/>
</bind>
</comp>

<comp id="422" class="1004" name="REG_V_13_read_read_fu_422">
<pin_list>
<pin id="423" dir="0" index="0" bw="16" slack="0"/>
<pin id="424" dir="0" index="1" bw="16" slack="0"/>
<pin id="425" dir="1" index="2" bw="16" slack="0"/>
</pin_list>
<bind>
<opcode="read(1150) " fcode="read"/>
<opset="REG_V_13_read/1 "/>
</bind>
</comp>

<comp id="428" class="1004" name="REG_V_14_read_read_fu_428">
<pin_list>
<pin id="429" dir="0" index="0" bw="16" slack="0"/>
<pin id="430" dir="0" index="1" bw="16" slack="0"/>
<pin id="431" dir="1" index="2" bw="16" slack="0"/>
</pin_list>
<bind>
<opcode="read(1150) " fcode="read"/>
<opset="REG_V_14_read/1 "/>
</bind>
</comp>

<comp id="434" class="1004" name="REG_V_15_read_read_fu_434">
<pin_list>
<pin id="435" dir="0" index="0" bw="16" slack="0"/>
<pin id="436" dir="0" index="1" bw="16" slack="0"/>
<pin id="437" dir="1" index="2" bw="16" slack="0"/>
</pin_list>
<bind>
<opcode="read(1150) " fcode="read"/>
<opset="REG_V_15_read/1 "/>
</bind>
</comp>

<comp id="440" class="1004" name="REG_V_16_read_read_fu_440">
<pin_list>
<pin id="441" dir="0" index="0" bw="16" slack="0"/>
<pin id="442" dir="0" index="1" bw="16" slack="0"/>
<pin id="443" dir="1" index="2" bw="16" slack="0"/>
</pin_list>
<bind>
<opcode="read(1150) " fcode="read"/>
<opset="REG_V_16_read/1 "/>
</bind>
</comp>

<comp id="446" class="1004" name="REG_V_17_read_read_fu_446">
<pin_list>
<pin id="447" dir="0" index="0" bw="16" slack="0"/>
<pin id="448" dir="0" index="1" bw="16" slack="0"/>
<pin id="449" dir="1" index="2" bw="16" slack="0"/>
</pin_list>
<bind>
<opcode="read(1150) " fcode="read"/>
<opset="REG_V_17_read/1 "/>
</bind>
</comp>

<comp id="452" class="1004" name="REG_V_18_read_read_fu_452">
<pin_list>
<pin id="453" dir="0" index="0" bw="16" slack="0"/>
<pin id="454" dir="0" index="1" bw="16" slack="0"/>
<pin id="455" dir="1" index="2" bw="16" slack="0"/>
</pin_list>
<bind>
<opcode="read(1150) " fcode="read"/>
<opset="REG_V_18_read/1 "/>
</bind>
</comp>

<comp id="458" class="1004" name="REG_V_19_read_read_fu_458">
<pin_list>
<pin id="459" dir="0" index="0" bw="16" slack="0"/>
<pin id="460" dir="0" index="1" bw="16" slack="0"/>
<pin id="461" dir="1" index="2" bw="16" slack="0"/>
</pin_list>
<bind>
<opcode="read(1150) " fcode="read"/>
<opset="REG_V_19_read/1 "/>
</bind>
</comp>

<comp id="464" class="1004" name="REG_V_20_read_read_fu_464">
<pin_list>
<pin id="465" dir="0" index="0" bw="16" slack="0"/>
<pin id="466" dir="0" index="1" bw="16" slack="0"/>
<pin id="467" dir="1" index="2" bw="16" slack="0"/>
</pin_list>
<bind>
<opcode="read(1150) " fcode="read"/>
<opset="REG_V_20_read/1 "/>
</bind>
</comp>

<comp id="470" class="1004" name="REG_V_21_read_read_fu_470">
<pin_list>
<pin id="471" dir="0" index="0" bw="16" slack="0"/>
<pin id="472" dir="0" index="1" bw="16" slack="0"/>
<pin id="473" dir="1" index="2" bw="16" slack="0"/>
</pin_list>
<bind>
<opcode="read(1150) " fcode="read"/>
<opset="REG_V_21_read/1 "/>
</bind>
</comp>

<comp id="476" class="1004" name="REG_V_22_read_read_fu_476">
<pin_list>
<pin id="477" dir="0" index="0" bw="16" slack="0"/>
<pin id="478" dir="0" index="1" bw="16" slack="0"/>
<pin id="479" dir="1" index="2" bw="16" slack="0"/>
</pin_list>
<bind>
<opcode="read(1150) " fcode="read"/>
<opset="REG_V_22_read/1 "/>
</bind>
</comp>

<comp id="482" class="1004" name="REG_V_23_read_read_fu_482">
<pin_list>
<pin id="483" dir="0" index="0" bw="16" slack="0"/>
<pin id="484" dir="0" index="1" bw="16" slack="0"/>
<pin id="485" dir="1" index="2" bw="16" slack="0"/>
</pin_list>
<bind>
<opcode="read(1150) " fcode="read"/>
<opset="REG_V_23_read/1 "/>
</bind>
</comp>

<comp id="488" class="1004" name="REG_V_24_read_read_fu_488">
<pin_list>
<pin id="489" dir="0" index="0" bw="16" slack="0"/>
<pin id="490" dir="0" index="1" bw="16" slack="0"/>
<pin id="491" dir="1" index="2" bw="16" slack="0"/>
</pin_list>
<bind>
<opcode="read(1150) " fcode="read"/>
<opset="REG_V_24_read/1 "/>
</bind>
</comp>

<comp id="494" class="1004" name="REG_V_25_read_read_fu_494">
<pin_list>
<pin id="495" dir="0" index="0" bw="16" slack="0"/>
<pin id="496" dir="0" index="1" bw="16" slack="0"/>
<pin id="497" dir="1" index="2" bw="16" slack="0"/>
</pin_list>
<bind>
<opcode="read(1150) " fcode="read"/>
<opset="REG_V_25_read/1 "/>
</bind>
</comp>

<comp id="500" class="1004" name="REG_V_26_read_read_fu_500">
<pin_list>
<pin id="501" dir="0" index="0" bw="16" slack="0"/>
<pin id="502" dir="0" index="1" bw="16" slack="0"/>
<pin id="503" dir="1" index="2" bw="16" slack="0"/>
</pin_list>
<bind>
<opcode="read(1150) " fcode="read"/>
<opset="REG_V_26_read/1 "/>
</bind>
</comp>

<comp id="506" class="1004" name="REG_V_27_read_read_fu_506">
<pin_list>
<pin id="507" dir="0" index="0" bw="16" slack="0"/>
<pin id="508" dir="0" index="1" bw="16" slack="0"/>
<pin id="509" dir="1" index="2" bw="16" slack="0"/>
</pin_list>
<bind>
<opcode="read(1150) " fcode="read"/>
<opset="REG_V_27_read/1 "/>
</bind>
</comp>

<comp id="512" class="1004" name="REG_V_28_read_read_fu_512">
<pin_list>
<pin id="513" dir="0" index="0" bw="16" slack="0"/>
<pin id="514" dir="0" index="1" bw="16" slack="0"/>
<pin id="515" dir="1" index="2" bw="16" slack="0"/>
</pin_list>
<bind>
<opcode="read(1150) " fcode="read"/>
<opset="REG_V_28_read/1 "/>
</bind>
</comp>

<comp id="518" class="1004" name="REG_V_29_read_read_fu_518">
<pin_list>
<pin id="519" dir="0" index="0" bw="16" slack="0"/>
<pin id="520" dir="0" index="1" bw="16" slack="0"/>
<pin id="521" dir="1" index="2" bw="16" slack="0"/>
</pin_list>
<bind>
<opcode="read(1150) " fcode="read"/>
<opset="REG_V_29_read/1 "/>
</bind>
</comp>

<comp id="524" class="1004" name="REG_V_30_read_read_fu_524">
<pin_list>
<pin id="525" dir="0" index="0" bw="16" slack="0"/>
<pin id="526" dir="0" index="1" bw="16" slack="0"/>
<pin id="527" dir="1" index="2" bw="16" slack="0"/>
</pin_list>
<bind>
<opcode="read(1150) " fcode="read"/>
<opset="REG_V_30_read/1 "/>
</bind>
</comp>

<comp id="530" class="1004" name="REG_V_31_read_read_fu_530">
<pin_list>
<pin id="531" dir="0" index="0" bw="16" slack="0"/>
<pin id="532" dir="0" index="1" bw="16" slack="0"/>
<pin id="533" dir="1" index="2" bw="16" slack="0"/>
</pin_list>
<bind>
<opcode="read(1150) " fcode="read"/>
<opset="REG_V_31_read/1 "/>
</bind>
</comp>

<comp id="536" class="1004" name="write_ln71_write_fu_536">
<pin_list>
<pin id="537" dir="0" index="0" bw="0" slack="0"/>
<pin id="538" dir="0" index="1" bw="32" slack="0"/>
<pin id="539" dir="0" index="2" bw="32" slack="0"/>
<pin id="540" dir="1" index="3" bw="0" slack="2147483647"/>
</pin_list>
<bind>
<opcode="write(1151) " fcode="write"/>
<opset="write_ln71/2 "/>
</bind>
</comp>

<comp id="543" class="1004" name="write_ln72_write_fu_543">
<pin_list>
<pin id="544" dir="0" index="0" bw="0" slack="0"/>
<pin id="545" dir="0" index="1" bw="32" slack="0"/>
<pin id="546" dir="0" index="2" bw="32" slack="0"/>
<pin id="547" dir="1" index="3" bw="0" slack="2147483647"/>
</pin_list>
<bind>
<opcode="write(1151) " fcode="write"/>
<opset="write_ln72/2 "/>
</bind>
</comp>

<comp id="550" class="1004" name="write_ln0_write_fu_550">
<pin_list>
<pin id="551" dir="0" index="0" bw="0" slack="0"/>
<pin id="552" dir="0" index="1" bw="16" slack="0"/>
<pin id="553" dir="0" index="2" bw="16" slack="0"/>
<pin id="554" dir="1" index="3" bw="0" slack="2147483647"/>
</pin_list>
<bind>
<opcode="write(1151) " fcode="write"/>
<opset="write_ln0/6 "/>
</bind>
</comp>

<comp id="557" class="1004" name="write_ln0_write_fu_557">
<pin_list>
<pin id="558" dir="0" index="0" bw="0" slack="0"/>
<pin id="559" dir="0" index="1" bw="16" slack="0"/>
<pin id="560" dir="0" index="2" bw="16" slack="0"/>
<pin id="561" dir="1" index="3" bw="0" slack="2147483647"/>
</pin_list>
<bind>
<opcode="write(1151) " fcode="write"/>
<opset="write_ln0/6 "/>
</bind>
</comp>

<comp id="564" class="1004" name="write_ln0_write_fu_564">
<pin_list>
<pin id="565" dir="0" index="0" bw="0" slack="0"/>
<pin id="566" dir="0" index="1" bw="16" slack="0"/>
<pin id="567" dir="0" index="2" bw="16" slack="0"/>
<pin id="568" dir="1" index="3" bw="0" slack="2147483647"/>
</pin_list>
<bind>
<opcode="write(1151) " fcode="write"/>
<opset="write_ln0/6 "/>
</bind>
</comp>

<comp id="571" class="1004" name="write_ln0_write_fu_571">
<pin_list>
<pin id="572" dir="0" index="0" bw="0" slack="0"/>
<pin id="573" dir="0" index="1" bw="16" slack="0"/>
<pin id="574" dir="0" index="2" bw="16" slack="0"/>
<pin id="575" dir="1" index="3" bw="0" slack="2147483647"/>
</pin_list>
<bind>
<opcode="write(1151) " fcode="write"/>
<opset="write_ln0/6 "/>
</bind>
</comp>

<comp id="578" class="1004" name="write_ln0_write_fu_578">
<pin_list>
<pin id="579" dir="0" index="0" bw="0" slack="0"/>
<pin id="580" dir="0" index="1" bw="16" slack="0"/>
<pin id="581" dir="0" index="2" bw="16" slack="0"/>
<pin id="582" dir="1" index="3" bw="0" slack="2147483647"/>
</pin_list>
<bind>
<opcode="write(1151) " fcode="write"/>
<opset="write_ln0/6 "/>
</bind>
</comp>

<comp id="585" class="1004" name="write_ln0_write_fu_585">
<pin_list>
<pin id="586" dir="0" index="0" bw="0" slack="0"/>
<pin id="587" dir="0" index="1" bw="16" slack="0"/>
<pin id="588" dir="0" index="2" bw="16" slack="0"/>
<pin id="589" dir="1" index="3" bw="0" slack="2147483647"/>
</pin_list>
<bind>
<opcode="write(1151) " fcode="write"/>
<opset="write_ln0/6 "/>
</bind>
</comp>

<comp id="592" class="1004" name="write_ln0_write_fu_592">
<pin_list>
<pin id="593" dir="0" index="0" bw="0" slack="0"/>
<pin id="594" dir="0" index="1" bw="16" slack="0"/>
<pin id="595" dir="0" index="2" bw="16" slack="0"/>
<pin id="596" dir="1" index="3" bw="0" slack="2147483647"/>
</pin_list>
<bind>
<opcode="write(1151) " fcode="write"/>
<opset="write_ln0/6 "/>
</bind>
</comp>

<comp id="599" class="1004" name="write_ln0_write_fu_599">
<pin_list>
<pin id="600" dir="0" index="0" bw="0" slack="0"/>
<pin id="601" dir="0" index="1" bw="16" slack="0"/>
<pin id="602" dir="0" index="2" bw="16" slack="0"/>
<pin id="603" dir="1" index="3" bw="0" slack="2147483647"/>
</pin_list>
<bind>
<opcode="write(1151) " fcode="write"/>
<opset="write_ln0/6 "/>
</bind>
</comp>

<comp id="606" class="1004" name="write_ln0_write_fu_606">
<pin_list>
<pin id="607" dir="0" index="0" bw="0" slack="0"/>
<pin id="608" dir="0" index="1" bw="16" slack="0"/>
<pin id="609" dir="0" index="2" bw="16" slack="0"/>
<pin id="610" dir="1" index="3" bw="0" slack="2147483647"/>
</pin_list>
<bind>
<opcode="write(1151) " fcode="write"/>
<opset="write_ln0/6 "/>
</bind>
</comp>

<comp id="613" class="1004" name="write_ln0_write_fu_613">
<pin_list>
<pin id="614" dir="0" index="0" bw="0" slack="0"/>
<pin id="615" dir="0" index="1" bw="16" slack="0"/>
<pin id="616" dir="0" index="2" bw="16" slack="0"/>
<pin id="617" dir="1" index="3" bw="0" slack="2147483647"/>
</pin_list>
<bind>
<opcode="write(1151) " fcode="write"/>
<opset="write_ln0/6 "/>
</bind>
</comp>

<comp id="620" class="1004" name="write_ln0_write_fu_620">
<pin_list>
<pin id="621" dir="0" index="0" bw="0" slack="0"/>
<pin id="622" dir="0" index="1" bw="16" slack="0"/>
<pin id="623" dir="0" index="2" bw="16" slack="0"/>
<pin id="624" dir="1" index="3" bw="0" slack="2147483647"/>
</pin_list>
<bind>
<opcode="write(1151) " fcode="write"/>
<opset="write_ln0/6 "/>
</bind>
</comp>

<comp id="627" class="1004" name="write_ln0_write_fu_627">
<pin_list>
<pin id="628" dir="0" index="0" bw="0" slack="0"/>
<pin id="629" dir="0" index="1" bw="16" slack="0"/>
<pin id="630" dir="0" index="2" bw="16" slack="0"/>
<pin id="631" dir="1" index="3" bw="0" slack="2147483647"/>
</pin_list>
<bind>
<opcode="write(1151) " fcode="write"/>
<opset="write_ln0/6 "/>
</bind>
</comp>

<comp id="634" class="1004" name="write_ln0_write_fu_634">
<pin_list>
<pin id="635" dir="0" index="0" bw="0" slack="0"/>
<pin id="636" dir="0" index="1" bw="16" slack="0"/>
<pin id="637" dir="0" index="2" bw="16" slack="0"/>
<pin id="638" dir="1" index="3" bw="0" slack="2147483647"/>
</pin_list>
<bind>
<opcode="write(1151) " fcode="write"/>
<opset="write_ln0/6 "/>
</bind>
</comp>

<comp id="641" class="1004" name="write_ln0_write_fu_641">
<pin_list>
<pin id="642" dir="0" index="0" bw="0" slack="0"/>
<pin id="643" dir="0" index="1" bw="16" slack="0"/>
<pin id="644" dir="0" index="2" bw="16" slack="0"/>
<pin id="645" dir="1" index="3" bw="0" slack="2147483647"/>
</pin_list>
<bind>
<opcode="write(1151) " fcode="write"/>
<opset="write_ln0/6 "/>
</bind>
</comp>

<comp id="648" class="1004" name="write_ln0_write_fu_648">
<pin_list>
<pin id="649" dir="0" index="0" bw="0" slack="0"/>
<pin id="650" dir="0" index="1" bw="16" slack="0"/>
<pin id="651" dir="0" index="2" bw="16" slack="0"/>
<pin id="652" dir="1" index="3" bw="0" slack="2147483647"/>
</pin_list>
<bind>
<opcode="write(1151) " fcode="write"/>
<opset="write_ln0/6 "/>
</bind>
</comp>

<comp id="655" class="1004" name="write_ln0_write_fu_655">
<pin_list>
<pin id="656" dir="0" index="0" bw="0" slack="0"/>
<pin id="657" dir="0" index="1" bw="16" slack="0"/>
<pin id="658" dir="0" index="2" bw="16" slack="0"/>
<pin id="659" dir="1" index="3" bw="0" slack="2147483647"/>
</pin_list>
<bind>
<opcode="write(1151) " fcode="write"/>
<opset="write_ln0/6 "/>
</bind>
</comp>

<comp id="662" class="1004" name="write_ln0_write_fu_662">
<pin_list>
<pin id="663" dir="0" index="0" bw="0" slack="0"/>
<pin id="664" dir="0" index="1" bw="16" slack="0"/>
<pin id="665" dir="0" index="2" bw="16" slack="0"/>
<pin id="666" dir="1" index="3" bw="0" slack="2147483647"/>
</pin_list>
<bind>
<opcode="write(1151) " fcode="write"/>
<opset="write_ln0/6 "/>
</bind>
</comp>

<comp id="669" class="1004" name="write_ln0_write_fu_669">
<pin_list>
<pin id="670" dir="0" index="0" bw="0" slack="0"/>
<pin id="671" dir="0" index="1" bw="16" slack="0"/>
<pin id="672" dir="0" index="2" bw="16" slack="0"/>
<pin id="673" dir="1" index="3" bw="0" slack="2147483647"/>
</pin_list>
<bind>
<opcode="write(1151) " fcode="write"/>
<opset="write_ln0/6 "/>
</bind>
</comp>

<comp id="676" class="1004" name="write_ln0_write_fu_676">
<pin_list>
<pin id="677" dir="0" index="0" bw="0" slack="0"/>
<pin id="678" dir="0" index="1" bw="16" slack="0"/>
<pin id="679" dir="0" index="2" bw="16" slack="0"/>
<pin id="680" dir="1" index="3" bw="0" slack="2147483647"/>
</pin_list>
<bind>
<opcode="write(1151) " fcode="write"/>
<opset="write_ln0/6 "/>
</bind>
</comp>

<comp id="683" class="1004" name="write_ln0_write_fu_683">
<pin_list>
<pin id="684" dir="0" index="0" bw="0" slack="0"/>
<pin id="685" dir="0" index="1" bw="16" slack="0"/>
<pin id="686" dir="0" index="2" bw="16" slack="0"/>
<pin id="687" dir="1" index="3" bw="0" slack="2147483647"/>
</pin_list>
<bind>
<opcode="write(1151) " fcode="write"/>
<opset="write_ln0/6 "/>
</bind>
</comp>

<comp id="690" class="1004" name="write_ln0_write_fu_690">
<pin_list>
<pin id="691" dir="0" index="0" bw="0" slack="0"/>
<pin id="692" dir="0" index="1" bw="16" slack="0"/>
<pin id="693" dir="0" index="2" bw="16" slack="0"/>
<pin id="694" dir="1" index="3" bw="0" slack="2147483647"/>
</pin_list>
<bind>
<opcode="write(1151) " fcode="write"/>
<opset="write_ln0/6 "/>
</bind>
</comp>

<comp id="697" class="1004" name="write_ln0_write_fu_697">
<pin_list>
<pin id="698" dir="0" index="0" bw="0" slack="0"/>
<pin id="699" dir="0" index="1" bw="16" slack="0"/>
<pin id="700" dir="0" index="2" bw="16" slack="0"/>
<pin id="701" dir="1" index="3" bw="0" slack="2147483647"/>
</pin_list>
<bind>
<opcode="write(1151) " fcode="write"/>
<opset="write_ln0/6 "/>
</bind>
</comp>

<comp id="704" class="1004" name="write_ln0_write_fu_704">
<pin_list>
<pin id="705" dir="0" index="0" bw="0" slack="0"/>
<pin id="706" dir="0" index="1" bw="16" slack="0"/>
<pin id="707" dir="0" index="2" bw="16" slack="0"/>
<pin id="708" dir="1" index="3" bw="0" slack="2147483647"/>
</pin_list>
<bind>
<opcode="write(1151) " fcode="write"/>
<opset="write_ln0/6 "/>
</bind>
</comp>

<comp id="711" class="1004" name="write_ln0_write_fu_711">
<pin_list>
<pin id="712" dir="0" index="0" bw="0" slack="0"/>
<pin id="713" dir="0" index="1" bw="16" slack="0"/>
<pin id="714" dir="0" index="2" bw="16" slack="0"/>
<pin id="715" dir="1" index="3" bw="0" slack="2147483647"/>
</pin_list>
<bind>
<opcode="write(1151) " fcode="write"/>
<opset="write_ln0/6 "/>
</bind>
</comp>

<comp id="718" class="1004" name="write_ln0_write_fu_718">
<pin_list>
<pin id="719" dir="0" index="0" bw="0" slack="0"/>
<pin id="720" dir="0" index="1" bw="16" slack="0"/>
<pin id="721" dir="0" index="2" bw="16" slack="0"/>
<pin id="722" dir="1" index="3" bw="0" slack="2147483647"/>
</pin_list>
<bind>
<opcode="write(1151) " fcode="write"/>
<opset="write_ln0/6 "/>
</bind>
</comp>

<comp id="725" class="1004" name="write_ln0_write_fu_725">
<pin_list>
<pin id="726" dir="0" index="0" bw="0" slack="0"/>
<pin id="727" dir="0" index="1" bw="16" slack="0"/>
<pin id="728" dir="0" index="2" bw="16" slack="0"/>
<pin id="729" dir="1" index="3" bw="0" slack="2147483647"/>
</pin_list>
<bind>
<opcode="write(1151) " fcode="write"/>
<opset="write_ln0/6 "/>
</bind>
</comp>

<comp id="732" class="1004" name="write_ln0_write_fu_732">
<pin_list>
<pin id="733" dir="0" index="0" bw="0" slack="0"/>
<pin id="734" dir="0" index="1" bw="16" slack="0"/>
<pin id="735" dir="0" index="2" bw="16" slack="0"/>
<pin id="736" dir="1" index="3" bw="0" slack="2147483647"/>
</pin_list>
<bind>
<opcode="write(1151) " fcode="write"/>
<opset="write_ln0/6 "/>
</bind>
</comp>

<comp id="739" class="1004" name="write_ln0_write_fu_739">
<pin_list>
<pin id="740" dir="0" index="0" bw="0" slack="0"/>
<pin id="741" dir="0" index="1" bw="16" slack="0"/>
<pin id="742" dir="0" index="2" bw="16" slack="0"/>
<pin id="743" dir="1" index="3" bw="0" slack="2147483647"/>
</pin_list>
<bind>
<opcode="write(1151) " fcode="write"/>
<opset="write_ln0/6 "/>
</bind>
</comp>

<comp id="746" class="1004" name="write_ln0_write_fu_746">
<pin_list>
<pin id="747" dir="0" index="0" bw="0" slack="0"/>
<pin id="748" dir="0" index="1" bw="16" slack="0"/>
<pin id="749" dir="0" index="2" bw="16" slack="0"/>
<pin id="750" dir="1" index="3" bw="0" slack="2147483647"/>
</pin_list>
<bind>
<opcode="write(1151) " fcode="write"/>
<opset="write_ln0/6 "/>
</bind>
</comp>

<comp id="753" class="1004" name="write_ln0_write_fu_753">
<pin_list>
<pin id="754" dir="0" index="0" bw="0" slack="0"/>
<pin id="755" dir="0" index="1" bw="16" slack="0"/>
<pin id="756" dir="0" index="2" bw="16" slack="0"/>
<pin id="757" dir="1" index="3" bw="0" slack="2147483647"/>
</pin_list>
<bind>
<opcode="write(1151) " fcode="write"/>
<opset="write_ln0/6 "/>
</bind>
</comp>

<comp id="760" class="1004" name="write_ln0_write_fu_760">
<pin_list>
<pin id="761" dir="0" index="0" bw="0" slack="0"/>
<pin id="762" dir="0" index="1" bw="16" slack="0"/>
<pin id="763" dir="0" index="2" bw="16" slack="0"/>
<pin id="764" dir="1" index="3" bw="0" slack="2147483647"/>
</pin_list>
<bind>
<opcode="write(1151) " fcode="write"/>
<opset="write_ln0/6 "/>
</bind>
</comp>

<comp id="767" class="1004" name="write_ln0_write_fu_767">
<pin_list>
<pin id="768" dir="0" index="0" bw="0" slack="0"/>
<pin id="769" dir="0" index="1" bw="16" slack="0"/>
<pin id="770" dir="0" index="2" bw="16" slack="0"/>
<pin id="771" dir="1" index="3" bw="0" slack="2147483647"/>
</pin_list>
<bind>
<opcode="write(1151) " fcode="write"/>
<opset="write_ln0/6 "/>
</bind>
</comp>

<comp id="774" class="1004" name="write_ln0_write_fu_774">
<pin_list>
<pin id="775" dir="0" index="0" bw="0" slack="0"/>
<pin id="776" dir="0" index="1" bw="32" slack="0"/>
<pin id="777" dir="0" index="2" bw="32" slack="0"/>
<pin id="778" dir="1" index="3" bw="0" slack="2147483647"/>
</pin_list>
<bind>
<opcode="write(1151) " fcode="write"/>
<opset="write_ln0/6 "/>
</bind>
</comp>

<comp id="781" class="1004" name="buffer_1_addr_gep_fu_781">
<pin_list>
<pin id="782" dir="0" index="0" bw="64" slack="0"/>
<pin id="783" dir="0" index="1" bw="1" slack="0"/>
<pin id="784" dir="0" index="2" bw="3" slack="0"/>
<pin id="785" dir="1" index="3" bw="3" slack="0"/>
</pin_list>
<bind>
<opcode="getelementptr(29) " fcode="getelementptr"/>
<opset="buffer_1_addr/1 "/>
</bind>
</comp>

<comp id="788" class="1004" name="grp_access_fu_788">
<pin_list>
<pin id="789" dir="0" index="0" bw="3" slack="0"/>
<pin id="790" dir="0" index="1" bw="64" slack="2147483647"/>
<pin id="791" dir="0" index="2" bw="0" slack="2147483647"/>
<pin id="792" dir="1" index="3" bw="64" slack="0"/>
</pin_list>
<bind>
<opcode="load(27) " fcode="load"/>
<opset="word/1 "/>
</bind>
</comp>

<comp id="794" class="1004" name="store_ln0_store_fu_794">
<pin_list>
<pin id="795" dir="0" index="0" bw="16" slack="0"/>
<pin id="796" dir="0" index="1" bw="16" slack="0"/>
<pin id="797" dir="1" index="2" bw="0" slack="2147483647"/>
</pin_list>
<bind>
<opcode="store(28) " fcode="store"/>
<opset="store_ln0/1 "/>
</bind>
</comp>

<comp id="799" class="1004" name="store_ln0_store_fu_799">
<pin_list>
<pin id="800" dir="0" index="0" bw="16" slack="0"/>
<pin id="801" dir="0" index="1" bw="16" slack="0"/>
<pin id="802" dir="1" index="2" bw="0" slack="2147483647"/>
</pin_list>
<bind>
<opcode="store(28) " fcode="store"/>
<opset="store_ln0/1 "/>
</bind>
</comp>

<comp id="804" class="1004" name="store_ln0_store_fu_804">
<pin_list>
<pin id="805" dir="0" index="0" bw="16" slack="0"/>
<pin id="806" dir="0" index="1" bw="16" slack="0"/>
<pin id="807" dir="1" index="2" bw="0" slack="2147483647"/>
</pin_list>
<bind>
<opcode="store(28) " fcode="store"/>
<opset="store_ln0/1 "/>
</bind>
</comp>

<comp id="809" class="1004" name="store_ln0_store_fu_809">
<pin_list>
<pin id="810" dir="0" index="0" bw="16" slack="0"/>
<pin id="811" dir="0" index="1" bw="16" slack="0"/>
<pin id="812" dir="1" index="2" bw="0" slack="2147483647"/>
</pin_list>
<bind>
<opcode="store(28) " fcode="store"/>
<opset="store_ln0/1 "/>
</bind>
</comp>

<comp id="814" class="1004" name="store_ln0_store_fu_814">
<pin_list>
<pin id="815" dir="0" index="0" bw="16" slack="0"/>
<pin id="816" dir="0" index="1" bw="16" slack="0"/>
<pin id="817" dir="1" index="2" bw="0" slack="2147483647"/>
</pin_list>
<bind>
<opcode="store(28) " fcode="store"/>
<opset="store_ln0/1 "/>
</bind>
</comp>

<comp id="819" class="1004" name="store_ln0_store_fu_819">
<pin_list>
<pin id="820" dir="0" index="0" bw="16" slack="0"/>
<pin id="821" dir="0" index="1" bw="16" slack="0"/>
<pin id="822" dir="1" index="2" bw="0" slack="2147483647"/>
</pin_list>
<bind>
<opcode="store(28) " fcode="store"/>
<opset="store_ln0/1 "/>
</bind>
</comp>

<comp id="824" class="1004" name="store_ln0_store_fu_824">
<pin_list>
<pin id="825" dir="0" index="0" bw="16" slack="0"/>
<pin id="826" dir="0" index="1" bw="16" slack="0"/>
<pin id="827" dir="1" index="2" bw="0" slack="2147483647"/>
</pin_list>
<bind>
<opcode="store(28) " fcode="store"/>
<opset="store_ln0/1 "/>
</bind>
</comp>

<comp id="829" class="1004" name="store_ln0_store_fu_829">
<pin_list>
<pin id="830" dir="0" index="0" bw="16" slack="0"/>
<pin id="831" dir="0" index="1" bw="16" slack="0"/>
<pin id="832" dir="1" index="2" bw="0" slack="2147483647"/>
</pin_list>
<bind>
<opcode="store(28) " fcode="store"/>
<opset="store_ln0/1 "/>
</bind>
</comp>

<comp id="834" class="1004" name="store_ln0_store_fu_834">
<pin_list>
<pin id="835" dir="0" index="0" bw="16" slack="0"/>
<pin id="836" dir="0" index="1" bw="16" slack="0"/>
<pin id="837" dir="1" index="2" bw="0" slack="2147483647"/>
</pin_list>
<bind>
<opcode="store(28) " fcode="store"/>
<opset="store_ln0/1 "/>
</bind>
</comp>

<comp id="839" class="1004" name="store_ln0_store_fu_839">
<pin_list>
<pin id="840" dir="0" index="0" bw="16" slack="0"/>
<pin id="841" dir="0" index="1" bw="16" slack="0"/>
<pin id="842" dir="1" index="2" bw="0" slack="2147483647"/>
</pin_list>
<bind>
<opcode="store(28) " fcode="store"/>
<opset="store_ln0/1 "/>
</bind>
</comp>

<comp id="844" class="1004" name="store_ln0_store_fu_844">
<pin_list>
<pin id="845" dir="0" index="0" bw="16" slack="0"/>
<pin id="846" dir="0" index="1" bw="16" slack="0"/>
<pin id="847" dir="1" index="2" bw="0" slack="2147483647"/>
</pin_list>
<bind>
<opcode="store(28) " fcode="store"/>
<opset="store_ln0/1 "/>
</bind>
</comp>

<comp id="849" class="1004" name="store_ln0_store_fu_849">
<pin_list>
<pin id="850" dir="0" index="0" bw="16" slack="0"/>
<pin id="851" dir="0" index="1" bw="16" slack="0"/>
<pin id="852" dir="1" index="2" bw="0" slack="2147483647"/>
</pin_list>
<bind>
<opcode="store(28) " fcode="store"/>
<opset="store_ln0/1 "/>
</bind>
</comp>

<comp id="854" class="1004" name="store_ln0_store_fu_854">
<pin_list>
<pin id="855" dir="0" index="0" bw="16" slack="0"/>
<pin id="856" dir="0" index="1" bw="16" slack="0"/>
<pin id="857" dir="1" index="2" bw="0" slack="2147483647"/>
</pin_list>
<bind>
<opcode="store(28) " fcode="store"/>
<opset="store_ln0/1 "/>
</bind>
</comp>

<comp id="859" class="1004" name="store_ln0_store_fu_859">
<pin_list>
<pin id="860" dir="0" index="0" bw="16" slack="0"/>
<pin id="861" dir="0" index="1" bw="16" slack="0"/>
<pin id="862" dir="1" index="2" bw="0" slack="2147483647"/>
</pin_list>
<bind>
<opcode="store(28) " fcode="store"/>
<opset="store_ln0/1 "/>
</bind>
</comp>

<comp id="864" class="1004" name="store_ln0_store_fu_864">
<pin_list>
<pin id="865" dir="0" index="0" bw="16" slack="0"/>
<pin id="866" dir="0" index="1" bw="16" slack="0"/>
<pin id="867" dir="1" index="2" bw="0" slack="2147483647"/>
</pin_list>
<bind>
<opcode="store(28) " fcode="store"/>
<opset="store_ln0/1 "/>
</bind>
</comp>

<comp id="869" class="1004" name="store_ln0_store_fu_869">
<pin_list>
<pin id="870" dir="0" index="0" bw="16" slack="0"/>
<pin id="871" dir="0" index="1" bw="16" slack="0"/>
<pin id="872" dir="1" index="2" bw="0" slack="2147483647"/>
</pin_list>
<bind>
<opcode="store(28) " fcode="store"/>
<opset="store_ln0/1 "/>
</bind>
</comp>

<comp id="874" class="1004" name="store_ln0_store_fu_874">
<pin_list>
<pin id="875" dir="0" index="0" bw="16" slack="0"/>
<pin id="876" dir="0" index="1" bw="16" slack="0"/>
<pin id="877" dir="1" index="2" bw="0" slack="2147483647"/>
</pin_list>
<bind>
<opcode="store(28) " fcode="store"/>
<opset="store_ln0/1 "/>
</bind>
</comp>

<comp id="879" class="1004" name="store_ln0_store_fu_879">
<pin_list>
<pin id="880" dir="0" index="0" bw="16" slack="0"/>
<pin id="881" dir="0" index="1" bw="16" slack="0"/>
<pin id="882" dir="1" index="2" bw="0" slack="2147483647"/>
</pin_list>
<bind>
<opcode="store(28) " fcode="store"/>
<opset="store_ln0/1 "/>
</bind>
</comp>

<comp id="884" class="1004" name="store_ln0_store_fu_884">
<pin_list>
<pin id="885" dir="0" index="0" bw="16" slack="0"/>
<pin id="886" dir="0" index="1" bw="16" slack="0"/>
<pin id="887" dir="1" index="2" bw="0" slack="2147483647"/>
</pin_list>
<bind>
<opcode="store(28) " fcode="store"/>
<opset="store_ln0/1 "/>
</bind>
</comp>

<comp id="889" class="1004" name="store_ln0_store_fu_889">
<pin_list>
<pin id="890" dir="0" index="0" bw="16" slack="0"/>
<pin id="891" dir="0" index="1" bw="16" slack="0"/>
<pin id="892" dir="1" index="2" bw="0" slack="2147483647"/>
</pin_list>
<bind>
<opcode="store(28) " fcode="store"/>
<opset="store_ln0/1 "/>
</bind>
</comp>

<comp id="894" class="1004" name="store_ln0_store_fu_894">
<pin_list>
<pin id="895" dir="0" index="0" bw="16" slack="0"/>
<pin id="896" dir="0" index="1" bw="16" slack="0"/>
<pin id="897" dir="1" index="2" bw="0" slack="2147483647"/>
</pin_list>
<bind>
<opcode="store(28) " fcode="store"/>
<opset="store_ln0/1 "/>
</bind>
</comp>

<comp id="899" class="1004" name="store_ln0_store_fu_899">
<pin_list>
<pin id="900" dir="0" index="0" bw="16" slack="0"/>
<pin id="901" dir="0" index="1" bw="16" slack="0"/>
<pin id="902" dir="1" index="2" bw="0" slack="2147483647"/>
</pin_list>
<bind>
<opcode="store(28) " fcode="store"/>
<opset="store_ln0/1 "/>
</bind>
</comp>

<comp id="904" class="1004" name="store_ln0_store_fu_904">
<pin_list>
<pin id="905" dir="0" index="0" bw="16" slack="0"/>
<pin id="906" dir="0" index="1" bw="16" slack="0"/>
<pin id="907" dir="1" index="2" bw="0" slack="2147483647"/>
</pin_list>
<bind>
<opcode="store(28) " fcode="store"/>
<opset="store_ln0/1 "/>
</bind>
</comp>

<comp id="909" class="1004" name="store_ln0_store_fu_909">
<pin_list>
<pin id="910" dir="0" index="0" bw="16" slack="0"/>
<pin id="911" dir="0" index="1" bw="16" slack="0"/>
<pin id="912" dir="1" index="2" bw="0" slack="2147483647"/>
</pin_list>
<bind>
<opcode="store(28) " fcode="store"/>
<opset="store_ln0/1 "/>
</bind>
</comp>

<comp id="914" class="1004" name="store_ln0_store_fu_914">
<pin_list>
<pin id="915" dir="0" index="0" bw="16" slack="0"/>
<pin id="916" dir="0" index="1" bw="16" slack="0"/>
<pin id="917" dir="1" index="2" bw="0" slack="2147483647"/>
</pin_list>
<bind>
<opcode="store(28) " fcode="store"/>
<opset="store_ln0/1 "/>
</bind>
</comp>

<comp id="919" class="1004" name="store_ln0_store_fu_919">
<pin_list>
<pin id="920" dir="0" index="0" bw="16" slack="0"/>
<pin id="921" dir="0" index="1" bw="16" slack="0"/>
<pin id="922" dir="1" index="2" bw="0" slack="2147483647"/>
</pin_list>
<bind>
<opcode="store(28) " fcode="store"/>
<opset="store_ln0/1 "/>
</bind>
</comp>

<comp id="924" class="1004" name="store_ln0_store_fu_924">
<pin_list>
<pin id="925" dir="0" index="0" bw="16" slack="0"/>
<pin id="926" dir="0" index="1" bw="16" slack="0"/>
<pin id="927" dir="1" index="2" bw="0" slack="2147483647"/>
</pin_list>
<bind>
<opcode="store(28) " fcode="store"/>
<opset="store_ln0/1 "/>
</bind>
</comp>

<comp id="929" class="1004" name="store_ln0_store_fu_929">
<pin_list>
<pin id="930" dir="0" index="0" bw="16" slack="0"/>
<pin id="931" dir="0" index="1" bw="16" slack="0"/>
<pin id="932" dir="1" index="2" bw="0" slack="2147483647"/>
</pin_list>
<bind>
<opcode="store(28) " fcode="store"/>
<opset="store_ln0/1 "/>
</bind>
</comp>

<comp id="934" class="1004" name="store_ln0_store_fu_934">
<pin_list>
<pin id="935" dir="0" index="0" bw="16" slack="0"/>
<pin id="936" dir="0" index="1" bw="16" slack="0"/>
<pin id="937" dir="1" index="2" bw="0" slack="2147483647"/>
</pin_list>
<bind>
<opcode="store(28) " fcode="store"/>
<opset="store_ln0/1 "/>
</bind>
</comp>

<comp id="939" class="1004" name="store_ln0_store_fu_939">
<pin_list>
<pin id="940" dir="0" index="0" bw="16" slack="0"/>
<pin id="941" dir="0" index="1" bw="16" slack="0"/>
<pin id="942" dir="1" index="2" bw="0" slack="2147483647"/>
</pin_list>
<bind>
<opcode="store(28) " fcode="store"/>
<opset="store_ln0/1 "/>
</bind>
</comp>

<comp id="944" class="1004" name="store_ln0_store_fu_944">
<pin_list>
<pin id="945" dir="0" index="0" bw="16" slack="0"/>
<pin id="946" dir="0" index="1" bw="16" slack="0"/>
<pin id="947" dir="1" index="2" bw="0" slack="2147483647"/>
</pin_list>
<bind>
<opcode="store(28) " fcode="store"/>
<opset="store_ln0/1 "/>
</bind>
</comp>

<comp id="949" class="1004" name="store_ln0_store_fu_949">
<pin_list>
<pin id="950" dir="0" index="0" bw="16" slack="0"/>
<pin id="951" dir="0" index="1" bw="16" slack="0"/>
<pin id="952" dir="1" index="2" bw="0" slack="2147483647"/>
</pin_list>
<bind>
<opcode="store(28) " fcode="store"/>
<opset="store_ln0/1 "/>
</bind>
</comp>

<comp id="954" class="1004" name="store_ln0_store_fu_954">
<pin_list>
<pin id="955" dir="0" index="0" bw="1" slack="0"/>
<pin id="956" dir="0" index="1" bw="2" slack="0"/>
<pin id="957" dir="1" index="2" bw="0" slack="2147483647"/>
</pin_list>
<bind>
<opcode="store(28) " fcode="store"/>
<opset="store_ln0/1 "/>
</bind>
</comp>

<comp id="959" class="1004" name="store_ln0_store_fu_959">
<pin_list>
<pin id="960" dir="0" index="0" bw="1" slack="0"/>
<pin id="961" dir="0" index="1" bw="34" slack="0"/>
<pin id="962" dir="1" index="2" bw="0" slack="2147483647"/>
</pin_list>
<bind>
<opcode="store(28) " fcode="store"/>
<opset="store_ln0/1 "/>
</bind>
</comp>

<comp id="964" class="1004" name="fe_1_load_fu_964">
<pin_list>
<pin id="965" dir="0" index="0" bw="2" slack="0"/>
<pin id="966" dir="1" index="1" bw="2" slack="0"/>
</pin_list>
<bind>
<opcode="load(27) " fcode="load"/>
<opset="fe_1/1 "/>
</bind>
</comp>

<comp id="967" class="1004" name="icmp_ln60_fu_967">
<pin_list>
<pin id="968" dir="0" index="0" bw="2" slack="0"/>
<pin id="969" dir="0" index="1" bw="2" slack="0"/>
<pin id="970" dir="1" index="2" bw="1" slack="1"/>
</pin_list>
<bind>
<opcode="icmp(45) " fcode="icmp"/>
<opset="icmp_ln60/1 "/>
</bind>
</comp>

<comp id="973" class="1004" name="add_ln60_fu_973">
<pin_list>
<pin id="974" dir="0" index="0" bw="2" slack="0"/>
<pin id="975" dir="0" index="1" bw="1" slack="0"/>
<pin id="976" dir="1" index="2" bw="2" slack="0"/>
</pin_list>
<bind>
<opcode="add(8) " fcode="add"/>
<opset="add_ln60/1 "/>
</bind>
</comp>

<comp id="979" class="1004" name="trunc_ln61_fu_979">
<pin_list>
<pin id="980" dir="0" index="0" bw="2" slack="0"/>
<pin id="981" dir="1" index="1" bw="1" slack="0"/>
</pin_list>
<bind>
<opcode="trunc(33) " fcode="trunc"/>
<opset="trunc_ln61/1 "/>
</bind>
</comp>

<comp id="983" class="1004" name="add_ln_fu_983">
<pin_list>
<pin id="984" dir="0" index="0" bw="3" slack="0"/>
<pin id="985" dir="0" index="1" bw="2" slack="0"/>
<pin id="986" dir="0" index="2" bw="1" slack="0"/>
<pin id="987" dir="1" index="3" bw="3" slack="0"/>
</pin_list>
<bind>
<opcode="bitconcatenate(1004) " fcode="bitconcatenate"/>
<opset="add_ln/1 "/>
</bind>
</comp>

<comp id="991" class="1004" name="zext_ln61_fu_991">
<pin_list>
<pin id="992" dir="0" index="0" bw="3" slack="0"/>
<pin id="993" dir="1" index="1" bw="64" slack="0"/>
</pin_list>
<bind>
<opcode="zext(34) " fcode="zext"/>
<opset="zext_ln61/1 "/>
</bind>
</comp>

<comp id="996" class="1004" name="store_ln60_store_fu_996">
<pin_list>
<pin id="997" dir="0" index="0" bw="2" slack="0"/>
<pin id="998" dir="0" index="1" bw="2" slack="0"/>
<pin id="999" dir="1" index="2" bw="0" slack="2147483647"/>
</pin_list>
<bind>
<opcode="store(28) " fcode="store"/>
<opset="store_ln60/1 "/>
</bind>
</comp>

<comp id="1001" class="1004" name="lhs_fu_1001">
<pin_list>
<pin id="1002" dir="0" index="0" bw="64" slack="0"/>
<pin id="1003" dir="1" index="1" bw="16" slack="0"/>
</pin_list>
<bind>
<opcode="trunc(33) " fcode="trunc"/>
<opset="lhs/2 "/>
</bind>
</comp>

<comp id="1005" class="1004" name="lhs_2_fu_1005">
<pin_list>
<pin id="1006" dir="0" index="0" bw="16" slack="0"/>
<pin id="1007" dir="0" index="1" bw="64" slack="0"/>
<pin id="1008" dir="0" index="2" bw="6" slack="0"/>
<pin id="1009" dir="0" index="3" bw="6" slack="0"/>
<pin id="1010" dir="1" index="4" bw="16" slack="0"/>
</pin_list>
<bind>
<opcode="partselect(1002) " fcode="partselect"/>
<opset="lhs_2/2 "/>
</bind>
</comp>

<comp id="1015" class="1004" name="rhs_fu_1015">
<pin_list>
<pin id="1016" dir="0" index="0" bw="16" slack="0"/>
<pin id="1017" dir="0" index="1" bw="64" slack="0"/>
<pin id="1018" dir="0" index="2" bw="7" slack="0"/>
<pin id="1019" dir="0" index="3" bw="7" slack="0"/>
<pin id="1020" dir="1" index="4" bw="16" slack="0"/>
</pin_list>
<bind>
<opcode="partselect(1002) " fcode="partselect"/>
<opset="rhs/2 "/>
</bind>
</comp>

<comp id="1025" class="1004" name="rhs_2_fu_1025">
<pin_list>
<pin id="1026" dir="0" index="0" bw="16" slack="0"/>
<pin id="1027" dir="0" index="1" bw="64" slack="0"/>
<pin id="1028" dir="0" index="2" bw="7" slack="0"/>
<pin id="1029" dir="0" index="3" bw="7" slack="0"/>
<pin id="1030" dir="1" index="4" bw="16" slack="0"/>
</pin_list>
<bind>
<opcode="partselect(1002) " fcode="partselect"/>
<opset="rhs_2/2 "/>
</bind>
</comp>

<comp id="1035" class="1004" name="REG_V_48_load_1_load_fu_1035">
<pin_list>
<pin id="1036" dir="0" index="0" bw="16" slack="1"/>
<pin id="1037" dir="1" index="1" bw="16" slack="0"/>
</pin_list>
<bind>
<opcode="load(27) " fcode="load"/>
<opset="REG_V_48_load_1/2 "/>
</bind>
</comp>

<comp id="1038" class="1004" name="REG_V_49_load_1_load_fu_1038">
<pin_list>
<pin id="1039" dir="0" index="0" bw="16" slack="1"/>
<pin id="1040" dir="1" index="1" bw="16" slack="0"/>
</pin_list>
<bind>
<opcode="load(27) " fcode="load"/>
<opset="REG_V_49_load_1/2 "/>
</bind>
</comp>

<comp id="1041" class="1004" name="REG_V_50_load_1_load_fu_1041">
<pin_list>
<pin id="1042" dir="0" index="0" bw="16" slack="1"/>
<pin id="1043" dir="1" index="1" bw="16" slack="0"/>
</pin_list>
<bind>
<opcode="load(27) " fcode="load"/>
<opset="REG_V_50_load_1/2 "/>
</bind>
</comp>

<comp id="1044" class="1004" name="REG_V_51_load_1_load_fu_1044">
<pin_list>
<pin id="1045" dir="0" index="0" bw="16" slack="1"/>
<pin id="1046" dir="1" index="1" bw="16" slack="0"/>
</pin_list>
<bind>
<opcode="load(27) " fcode="load"/>
<opset="REG_V_51_load_1/2 "/>
</bind>
</comp>

<comp id="1047" class="1004" name="REG_V_52_load_1_load_fu_1047">
<pin_list>
<pin id="1048" dir="0" index="0" bw="16" slack="1"/>
<pin id="1049" dir="1" index="1" bw="16" slack="0"/>
</pin_list>
<bind>
<opcode="load(27) " fcode="load"/>
<opset="REG_V_52_load_1/2 "/>
</bind>
</comp>

<comp id="1050" class="1004" name="REG_V_53_load_1_load_fu_1050">
<pin_list>
<pin id="1051" dir="0" index="0" bw="16" slack="1"/>
<pin id="1052" dir="1" index="1" bw="16" slack="0"/>
</pin_list>
<bind>
<opcode="load(27) " fcode="load"/>
<opset="REG_V_53_load_1/2 "/>
</bind>
</comp>

<comp id="1053" class="1004" name="REG_V_54_load_1_load_fu_1053">
<pin_list>
<pin id="1054" dir="0" index="0" bw="16" slack="1"/>
<pin id="1055" dir="1" index="1" bw="16" slack="0"/>
</pin_list>
<bind>
<opcode="load(27) " fcode="load"/>
<opset="REG_V_54_load_1/2 "/>
</bind>
</comp>

<comp id="1056" class="1004" name="REG_V_55_load_1_load_fu_1056">
<pin_list>
<pin id="1057" dir="0" index="0" bw="16" slack="1"/>
<pin id="1058" dir="1" index="1" bw="16" slack="0"/>
</pin_list>
<bind>
<opcode="load(27) " fcode="load"/>
<opset="REG_V_55_load_1/2 "/>
</bind>
</comp>

<comp id="1059" class="1004" name="REG_V_75_fu_1059">
<pin_list>
<pin id="1060" dir="0" index="0" bw="1" slack="1"/>
<pin id="1061" dir="0" index="1" bw="16" slack="0"/>
<pin id="1062" dir="0" index="2" bw="16" slack="0"/>
<pin id="1063" dir="1" index="3" bw="16" slack="0"/>
</pin_list>
<bind>
<opcode="select(49) " fcode="select"/>
<opset="REG_V_75/2 "/>
</bind>
</comp>

<comp id="1066" class="1004" name="REG_V_76_fu_1066">
<pin_list>
<pin id="1067" dir="0" index="0" bw="1" slack="1"/>
<pin id="1068" dir="0" index="1" bw="16" slack="0"/>
<pin id="1069" dir="0" index="2" bw="16" slack="0"/>
<pin id="1070" dir="1" index="3" bw="16" slack="0"/>
</pin_list>
<bind>
<opcode="select(49) " fcode="select"/>
<opset="REG_V_76/2 "/>
</bind>
</comp>

<comp id="1073" class="1004" name="REG_V_80_fu_1073">
<pin_list>
<pin id="1074" dir="0" index="0" bw="1" slack="1"/>
<pin id="1075" dir="0" index="1" bw="16" slack="0"/>
<pin id="1076" dir="0" index="2" bw="16" slack="0"/>
<pin id="1077" dir="1" index="3" bw="16" slack="0"/>
</pin_list>
<bind>
<opcode="select(49) " fcode="select"/>
<opset="REG_V_80/2 "/>
</bind>
</comp>

<comp id="1080" class="1004" name="REG_V_79_fu_1080">
<pin_list>
<pin id="1081" dir="0" index="0" bw="1" slack="1"/>
<pin id="1082" dir="0" index="1" bw="16" slack="0"/>
<pin id="1083" dir="0" index="2" bw="16" slack="0"/>
<pin id="1084" dir="1" index="3" bw="16" slack="0"/>
</pin_list>
<bind>
<opcode="select(49) " fcode="select"/>
<opset="REG_V_79/2 "/>
</bind>
</comp>

<comp id="1087" class="1004" name="REG_V_78_fu_1087">
<pin_list>
<pin id="1088" dir="0" index="0" bw="1" slack="1"/>
<pin id="1089" dir="0" index="1" bw="16" slack="0"/>
<pin id="1090" dir="0" index="2" bw="16" slack="0"/>
<pin id="1091" dir="1" index="3" bw="16" slack="0"/>
</pin_list>
<bind>
<opcode="select(49) " fcode="select"/>
<opset="REG_V_78/2 "/>
</bind>
</comp>

<comp id="1094" class="1004" name="REG_V_77_fu_1094">
<pin_list>
<pin id="1095" dir="0" index="0" bw="1" slack="1"/>
<pin id="1096" dir="0" index="1" bw="16" slack="0"/>
<pin id="1097" dir="0" index="2" bw="16" slack="0"/>
<pin id="1098" dir="1" index="3" bw="16" slack="0"/>
</pin_list>
<bind>
<opcode="select(49) " fcode="select"/>
<opset="REG_V_77/2 "/>
</bind>
</comp>

<comp id="1101" class="1004" name="select_ln69_6_fu_1101">
<pin_list>
<pin id="1102" dir="0" index="0" bw="1" slack="1"/>
<pin id="1103" dir="0" index="1" bw="16" slack="0"/>
<pin id="1104" dir="0" index="2" bw="16" slack="0"/>
<pin id="1105" dir="1" index="3" bw="16" slack="0"/>
</pin_list>
<bind>
<opcode="select(49) " fcode="select"/>
<opset="select_ln69_6/2 "/>
</bind>
</comp>

<comp id="1108" class="1004" name="select_ln69_7_fu_1108">
<pin_list>
<pin id="1109" dir="0" index="0" bw="1" slack="1"/>
<pin id="1110" dir="0" index="1" bw="16" slack="0"/>
<pin id="1111" dir="0" index="2" bw="16" slack="0"/>
<pin id="1112" dir="1" index="3" bw="16" slack="0"/>
</pin_list>
<bind>
<opcode="select(49) " fcode="select"/>
<opset="select_ln69_7/2 "/>
</bind>
</comp>

<comp id="1115" class="1004" name="store_ln69_store_fu_1115">
<pin_list>
<pin id="1116" dir="0" index="0" bw="16" slack="0"/>
<pin id="1117" dir="0" index="1" bw="16" slack="1"/>
<pin id="1118" dir="1" index="2" bw="0" slack="2147483647"/>
</pin_list>
<bind>
<opcode="store(28) " fcode="store"/>
<opset="store_ln69/2 "/>
</bind>
</comp>

<comp id="1120" class="1004" name="store_ln69_store_fu_1120">
<pin_list>
<pin id="1121" dir="0" index="0" bw="16" slack="0"/>
<pin id="1122" dir="0" index="1" bw="16" slack="1"/>
<pin id="1123" dir="1" index="2" bw="0" slack="2147483647"/>
</pin_list>
<bind>
<opcode="store(28) " fcode="store"/>
<opset="store_ln69/2 "/>
</bind>
</comp>

<comp id="1125" class="1004" name="store_ln69_store_fu_1125">
<pin_list>
<pin id="1126" dir="0" index="0" bw="16" slack="0"/>
<pin id="1127" dir="0" index="1" bw="16" slack="1"/>
<pin id="1128" dir="1" index="2" bw="0" slack="2147483647"/>
</pin_list>
<bind>
<opcode="store(28) " fcode="store"/>
<opset="store_ln69/2 "/>
</bind>
</comp>

<comp id="1130" class="1004" name="store_ln69_store_fu_1130">
<pin_list>
<pin id="1131" dir="0" index="0" bw="16" slack="0"/>
<pin id="1132" dir="0" index="1" bw="16" slack="1"/>
<pin id="1133" dir="1" index="2" bw="0" slack="2147483647"/>
</pin_list>
<bind>
<opcode="store(28) " fcode="store"/>
<opset="store_ln69/2 "/>
</bind>
</comp>

<comp id="1135" class="1004" name="store_ln69_store_fu_1135">
<pin_list>
<pin id="1136" dir="0" index="0" bw="16" slack="0"/>
<pin id="1137" dir="0" index="1" bw="16" slack="1"/>
<pin id="1138" dir="1" index="2" bw="0" slack="2147483647"/>
</pin_list>
<bind>
<opcode="store(28) " fcode="store"/>
<opset="store_ln69/2 "/>
</bind>
</comp>

<comp id="1140" class="1004" name="store_ln69_store_fu_1140">
<pin_list>
<pin id="1141" dir="0" index="0" bw="16" slack="0"/>
<pin id="1142" dir="0" index="1" bw="16" slack="1"/>
<pin id="1143" dir="1" index="2" bw="0" slack="2147483647"/>
</pin_list>
<bind>
<opcode="store(28) " fcode="store"/>
<opset="store_ln69/2 "/>
</bind>
</comp>

<comp id="1145" class="1004" name="store_ln69_store_fu_1145">
<pin_list>
<pin id="1146" dir="0" index="0" bw="16" slack="0"/>
<pin id="1147" dir="0" index="1" bw="16" slack="1"/>
<pin id="1148" dir="1" index="2" bw="0" slack="2147483647"/>
</pin_list>
<bind>
<opcode="store(28) " fcode="store"/>
<opset="store_ln69/2 "/>
</bind>
</comp>

<comp id="1150" class="1004" name="store_ln69_store_fu_1150">
<pin_list>
<pin id="1151" dir="0" index="0" bw="16" slack="0"/>
<pin id="1152" dir="0" index="1" bw="16" slack="1"/>
<pin id="1153" dir="1" index="2" bw="0" slack="2147483647"/>
</pin_list>
<bind>
<opcode="store(28) " fcode="store"/>
<opset="store_ln69/2 "/>
</bind>
</comp>

<comp id="1155" class="1004" name="REG_V_40_load_1_load_fu_1155">
<pin_list>
<pin id="1156" dir="0" index="0" bw="16" slack="1"/>
<pin id="1157" dir="1" index="1" bw="16" slack="0"/>
</pin_list>
<bind>
<opcode="load(27) " fcode="load"/>
<opset="REG_V_40_load_1/2 "/>
</bind>
</comp>

<comp id="1158" class="1004" name="REG_V_41_load_1_load_fu_1158">
<pin_list>
<pin id="1159" dir="0" index="0" bw="16" slack="1"/>
<pin id="1160" dir="1" index="1" bw="16" slack="0"/>
</pin_list>
<bind>
<opcode="load(27) " fcode="load"/>
<opset="REG_V_41_load_1/2 "/>
</bind>
</comp>

<comp id="1161" class="1004" name="REG_V_42_load_1_load_fu_1161">
<pin_list>
<pin id="1162" dir="0" index="0" bw="16" slack="1"/>
<pin id="1163" dir="1" index="1" bw="16" slack="0"/>
</pin_list>
<bind>
<opcode="load(27) " fcode="load"/>
<opset="REG_V_42_load_1/2 "/>
</bind>
</comp>

<comp id="1164" class="1004" name="REG_V_43_load_1_load_fu_1164">
<pin_list>
<pin id="1165" dir="0" index="0" bw="16" slack="1"/>
<pin id="1166" dir="1" index="1" bw="16" slack="0"/>
</pin_list>
<bind>
<opcode="load(27) " fcode="load"/>
<opset="REG_V_43_load_1/2 "/>
</bind>
</comp>

<comp id="1167" class="1004" name="REG_V_44_load_1_load_fu_1167">
<pin_list>
<pin id="1168" dir="0" index="0" bw="16" slack="1"/>
<pin id="1169" dir="1" index="1" bw="16" slack="0"/>
</pin_list>
<bind>
<opcode="load(27) " fcode="load"/>
<opset="REG_V_44_load_1/2 "/>
</bind>
</comp>

<comp id="1170" class="1004" name="REG_V_45_load_1_load_fu_1170">
<pin_list>
<pin id="1171" dir="0" index="0" bw="16" slack="1"/>
<pin id="1172" dir="1" index="1" bw="16" slack="0"/>
</pin_list>
<bind>
<opcode="load(27) " fcode="load"/>
<opset="REG_V_45_load_1/2 "/>
</bind>
</comp>

<comp id="1173" class="1004" name="REG_V_46_load_1_load_fu_1173">
<pin_list>
<pin id="1174" dir="0" index="0" bw="16" slack="1"/>
<pin id="1175" dir="1" index="1" bw="16" slack="0"/>
</pin_list>
<bind>
<opcode="load(27) " fcode="load"/>
<opset="REG_V_46_load_1/2 "/>
</bind>
</comp>

<comp id="1176" class="1004" name="REG_V_47_load_1_load_fu_1176">
<pin_list>
<pin id="1177" dir="0" index="0" bw="16" slack="1"/>
<pin id="1178" dir="1" index="1" bw="16" slack="0"/>
</pin_list>
<bind>
<opcode="load(27) " fcode="load"/>
<opset="REG_V_47_load_1/2 "/>
</bind>
</comp>

<comp id="1179" class="1004" name="REG_V_72_fu_1179">
<pin_list>
<pin id="1180" dir="0" index="0" bw="1" slack="1"/>
<pin id="1181" dir="0" index="1" bw="16" slack="0"/>
<pin id="1182" dir="0" index="2" bw="16" slack="0"/>
<pin id="1183" dir="1" index="3" bw="16" slack="0"/>
</pin_list>
<bind>
<opcode="select(49) " fcode="select"/>
<opset="REG_V_72/2 "/>
</bind>
</comp>

<comp id="1186" class="1004" name="p_Repl2_2_fu_1186">
<pin_list>
<pin id="1187" dir="0" index="0" bw="1" slack="1"/>
<pin id="1188" dir="0" index="1" bw="16" slack="0"/>
<pin id="1189" dir="0" index="2" bw="16" slack="0"/>
<pin id="1190" dir="1" index="3" bw="16" slack="0"/>
</pin_list>
<bind>
<opcode="select(49) " fcode="select"/>
<opset="p_Repl2_2/2 "/>
</bind>
</comp>

<comp id="1193" class="1004" name="select_ln67_4_fu_1193">
<pin_list>
<pin id="1194" dir="0" index="0" bw="1" slack="1"/>
<pin id="1195" dir="0" index="1" bw="16" slack="0"/>
<pin id="1196" dir="0" index="2" bw="16" slack="0"/>
<pin id="1197" dir="1" index="3" bw="16" slack="0"/>
</pin_list>
<bind>
<opcode="select(49) " fcode="select"/>
<opset="select_ln67_4/2 "/>
</bind>
</comp>

<comp id="1200" class="1004" name="select_ln67_5_fu_1200">
<pin_list>
<pin id="1201" dir="0" index="0" bw="1" slack="1"/>
<pin id="1202" dir="0" index="1" bw="16" slack="0"/>
<pin id="1203" dir="0" index="2" bw="16" slack="0"/>
<pin id="1204" dir="1" index="3" bw="16" slack="0"/>
</pin_list>
<bind>
<opcode="select(49) " fcode="select"/>
<opset="select_ln67_5/2 "/>
</bind>
</comp>

<comp id="1207" class="1004" name="select_ln68_4_fu_1207">
<pin_list>
<pin id="1208" dir="0" index="0" bw="1" slack="1"/>
<pin id="1209" dir="0" index="1" bw="16" slack="0"/>
<pin id="1210" dir="0" index="2" bw="16" slack="0"/>
<pin id="1211" dir="1" index="3" bw="16" slack="0"/>
</pin_list>
<bind>
<opcode="select(49) " fcode="select"/>
<opset="select_ln68_4/2 "/>
</bind>
</comp>

<comp id="1214" class="1004" name="select_ln68_5_fu_1214">
<pin_list>
<pin id="1215" dir="0" index="0" bw="1" slack="1"/>
<pin id="1216" dir="0" index="1" bw="16" slack="0"/>
<pin id="1217" dir="0" index="2" bw="16" slack="0"/>
<pin id="1218" dir="1" index="3" bw="16" slack="0"/>
</pin_list>
<bind>
<opcode="select(49) " fcode="select"/>
<opset="select_ln68_5/2 "/>
</bind>
</comp>

<comp id="1221" class="1004" name="select_ln69_4_fu_1221">
<pin_list>
<pin id="1222" dir="0" index="0" bw="1" slack="1"/>
<pin id="1223" dir="0" index="1" bw="16" slack="0"/>
<pin id="1224" dir="0" index="2" bw="16" slack="0"/>
<pin id="1225" dir="1" index="3" bw="16" slack="0"/>
</pin_list>
<bind>
<opcode="select(49) " fcode="select"/>
<opset="select_ln69_4/2 "/>
</bind>
</comp>

<comp id="1228" class="1004" name="select_ln69_5_fu_1228">
<pin_list>
<pin id="1229" dir="0" index="0" bw="1" slack="1"/>
<pin id="1230" dir="0" index="1" bw="16" slack="0"/>
<pin id="1231" dir="0" index="2" bw="16" slack="0"/>
<pin id="1232" dir="1" index="3" bw="16" slack="0"/>
</pin_list>
<bind>
<opcode="select(49) " fcode="select"/>
<opset="select_ln69_5/2 "/>
</bind>
</comp>

<comp id="1235" class="1004" name="store_ln69_store_fu_1235">
<pin_list>
<pin id="1236" dir="0" index="0" bw="16" slack="0"/>
<pin id="1237" dir="0" index="1" bw="16" slack="1"/>
<pin id="1238" dir="1" index="2" bw="0" slack="2147483647"/>
</pin_list>
<bind>
<opcode="store(28) " fcode="store"/>
<opset="store_ln69/2 "/>
</bind>
</comp>

<comp id="1240" class="1004" name="store_ln69_store_fu_1240">
<pin_list>
<pin id="1241" dir="0" index="0" bw="16" slack="0"/>
<pin id="1242" dir="0" index="1" bw="16" slack="1"/>
<pin id="1243" dir="1" index="2" bw="0" slack="2147483647"/>
</pin_list>
<bind>
<opcode="store(28) " fcode="store"/>
<opset="store_ln69/2 "/>
</bind>
</comp>

<comp id="1245" class="1004" name="store_ln69_store_fu_1245">
<pin_list>
<pin id="1246" dir="0" index="0" bw="16" slack="0"/>
<pin id="1247" dir="0" index="1" bw="16" slack="1"/>
<pin id="1248" dir="1" index="2" bw="0" slack="2147483647"/>
</pin_list>
<bind>
<opcode="store(28) " fcode="store"/>
<opset="store_ln69/2 "/>
</bind>
</comp>

<comp id="1250" class="1004" name="store_ln69_store_fu_1250">
<pin_list>
<pin id="1251" dir="0" index="0" bw="16" slack="0"/>
<pin id="1252" dir="0" index="1" bw="16" slack="1"/>
<pin id="1253" dir="1" index="2" bw="0" slack="2147483647"/>
</pin_list>
<bind>
<opcode="store(28) " fcode="store"/>
<opset="store_ln69/2 "/>
</bind>
</comp>

<comp id="1255" class="1004" name="store_ln69_store_fu_1255">
<pin_list>
<pin id="1256" dir="0" index="0" bw="16" slack="0"/>
<pin id="1257" dir="0" index="1" bw="16" slack="1"/>
<pin id="1258" dir="1" index="2" bw="0" slack="2147483647"/>
</pin_list>
<bind>
<opcode="store(28) " fcode="store"/>
<opset="store_ln69/2 "/>
</bind>
</comp>

<comp id="1260" class="1004" name="store_ln69_store_fu_1260">
<pin_list>
<pin id="1261" dir="0" index="0" bw="16" slack="0"/>
<pin id="1262" dir="0" index="1" bw="16" slack="1"/>
<pin id="1263" dir="1" index="2" bw="0" slack="2147483647"/>
</pin_list>
<bind>
<opcode="store(28) " fcode="store"/>
<opset="store_ln69/2 "/>
</bind>
</comp>

<comp id="1265" class="1004" name="store_ln69_store_fu_1265">
<pin_list>
<pin id="1266" dir="0" index="0" bw="16" slack="0"/>
<pin id="1267" dir="0" index="1" bw="16" slack="1"/>
<pin id="1268" dir="1" index="2" bw="0" slack="2147483647"/>
</pin_list>
<bind>
<opcode="store(28) " fcode="store"/>
<opset="store_ln69/2 "/>
</bind>
</comp>

<comp id="1270" class="1004" name="store_ln69_store_fu_1270">
<pin_list>
<pin id="1271" dir="0" index="0" bw="16" slack="0"/>
<pin id="1272" dir="0" index="1" bw="16" slack="1"/>
<pin id="1273" dir="1" index="2" bw="0" slack="2147483647"/>
</pin_list>
<bind>
<opcode="store(28) " fcode="store"/>
<opset="store_ln69/2 "/>
</bind>
</comp>

<comp id="1275" class="1004" name="REG_V_32_load_1_load_fu_1275">
<pin_list>
<pin id="1276" dir="0" index="0" bw="16" slack="1"/>
<pin id="1277" dir="1" index="1" bw="16" slack="0"/>
</pin_list>
<bind>
<opcode="load(27) " fcode="load"/>
<opset="REG_V_32_load_1/2 "/>
</bind>
</comp>

<comp id="1278" class="1004" name="REG_V_33_load_1_load_fu_1278">
<pin_list>
<pin id="1279" dir="0" index="0" bw="16" slack="1"/>
<pin id="1280" dir="1" index="1" bw="16" slack="0"/>
</pin_list>
<bind>
<opcode="load(27) " fcode="load"/>
<opset="REG_V_33_load_1/2 "/>
</bind>
</comp>

<comp id="1281" class="1004" name="REG_V_34_load_1_load_fu_1281">
<pin_list>
<pin id="1282" dir="0" index="0" bw="16" slack="1"/>
<pin id="1283" dir="1" index="1" bw="16" slack="0"/>
</pin_list>
<bind>
<opcode="load(27) " fcode="load"/>
<opset="REG_V_34_load_1/2 "/>
</bind>
</comp>

<comp id="1284" class="1004" name="REG_V_35_load_1_load_fu_1284">
<pin_list>
<pin id="1285" dir="0" index="0" bw="16" slack="1"/>
<pin id="1286" dir="1" index="1" bw="16" slack="0"/>
</pin_list>
<bind>
<opcode="load(27) " fcode="load"/>
<opset="REG_V_35_load_1/2 "/>
</bind>
</comp>

<comp id="1287" class="1004" name="REG_V_36_load_1_load_fu_1287">
<pin_list>
<pin id="1288" dir="0" index="0" bw="16" slack="1"/>
<pin id="1289" dir="1" index="1" bw="16" slack="0"/>
</pin_list>
<bind>
<opcode="load(27) " fcode="load"/>
<opset="REG_V_36_load_1/2 "/>
</bind>
</comp>

<comp id="1290" class="1004" name="REG_V_37_load_1_load_fu_1290">
<pin_list>
<pin id="1291" dir="0" index="0" bw="16" slack="1"/>
<pin id="1292" dir="1" index="1" bw="16" slack="0"/>
</pin_list>
<bind>
<opcode="load(27) " fcode="load"/>
<opset="REG_V_37_load_1/2 "/>
</bind>
</comp>

<comp id="1293" class="1004" name="REG_V_38_load_1_load_fu_1293">
<pin_list>
<pin id="1294" dir="0" index="0" bw="16" slack="1"/>
<pin id="1295" dir="1" index="1" bw="16" slack="0"/>
</pin_list>
<bind>
<opcode="load(27) " fcode="load"/>
<opset="REG_V_38_load_1/2 "/>
</bind>
</comp>

<comp id="1296" class="1004" name="REG_V_39_load_1_load_fu_1296">
<pin_list>
<pin id="1297" dir="0" index="0" bw="16" slack="1"/>
<pin id="1298" dir="1" index="1" bw="16" slack="0"/>
</pin_list>
<bind>
<opcode="load(27) " fcode="load"/>
<opset="REG_V_39_load_1/2 "/>
</bind>
</comp>

<comp id="1299" class="1004" name="REG_V_71_fu_1299">
<pin_list>
<pin id="1300" dir="0" index="0" bw="1" slack="1"/>
<pin id="1301" dir="0" index="1" bw="16" slack="0"/>
<pin id="1302" dir="0" index="2" bw="16" slack="0"/>
<pin id="1303" dir="1" index="3" bw="16" slack="0"/>
</pin_list>
<bind>
<opcode="select(49) " fcode="select"/>
<opset="REG_V_71/2 "/>
</bind>
</comp>

<comp id="1306" class="1004" name="p_Repl2_1_fu_1306">
<pin_list>
<pin id="1307" dir="0" index="0" bw="1" slack="1"/>
<pin id="1308" dir="0" index="1" bw="16" slack="0"/>
<pin id="1309" dir="0" index="2" bw="16" slack="0"/>
<pin id="1310" dir="1" index="3" bw="16" slack="0"/>
</pin_list>
<bind>
<opcode="select(49) " fcode="select"/>
<opset="p_Repl2_1/2 "/>
</bind>
</comp>

<comp id="1313" class="1004" name="select_ln67_2_fu_1313">
<pin_list>
<pin id="1314" dir="0" index="0" bw="1" slack="1"/>
<pin id="1315" dir="0" index="1" bw="16" slack="0"/>
<pin id="1316" dir="0" index="2" bw="16" slack="0"/>
<pin id="1317" dir="1" index="3" bw="16" slack="0"/>
</pin_list>
<bind>
<opcode="select(49) " fcode="select"/>
<opset="select_ln67_2/2 "/>
</bind>
</comp>

<comp id="1320" class="1004" name="select_ln67_3_fu_1320">
<pin_list>
<pin id="1321" dir="0" index="0" bw="1" slack="1"/>
<pin id="1322" dir="0" index="1" bw="16" slack="0"/>
<pin id="1323" dir="0" index="2" bw="16" slack="0"/>
<pin id="1324" dir="1" index="3" bw="16" slack="0"/>
</pin_list>
<bind>
<opcode="select(49) " fcode="select"/>
<opset="select_ln67_3/2 "/>
</bind>
</comp>

<comp id="1327" class="1004" name="select_ln68_2_fu_1327">
<pin_list>
<pin id="1328" dir="0" index="0" bw="1" slack="1"/>
<pin id="1329" dir="0" index="1" bw="16" slack="0"/>
<pin id="1330" dir="0" index="2" bw="16" slack="0"/>
<pin id="1331" dir="1" index="3" bw="16" slack="0"/>
</pin_list>
<bind>
<opcode="select(49) " fcode="select"/>
<opset="select_ln68_2/2 "/>
</bind>
</comp>

<comp id="1334" class="1004" name="select_ln68_3_fu_1334">
<pin_list>
<pin id="1335" dir="0" index="0" bw="1" slack="1"/>
<pin id="1336" dir="0" index="1" bw="16" slack="0"/>
<pin id="1337" dir="0" index="2" bw="16" slack="0"/>
<pin id="1338" dir="1" index="3" bw="16" slack="0"/>
</pin_list>
<bind>
<opcode="select(49) " fcode="select"/>
<opset="select_ln68_3/2 "/>
</bind>
</comp>

<comp id="1341" class="1004" name="select_ln69_2_fu_1341">
<pin_list>
<pin id="1342" dir="0" index="0" bw="1" slack="1"/>
<pin id="1343" dir="0" index="1" bw="16" slack="0"/>
<pin id="1344" dir="0" index="2" bw="16" slack="0"/>
<pin id="1345" dir="1" index="3" bw="16" slack="0"/>
</pin_list>
<bind>
<opcode="select(49) " fcode="select"/>
<opset="select_ln69_2/2 "/>
</bind>
</comp>

<comp id="1348" class="1004" name="select_ln69_3_fu_1348">
<pin_list>
<pin id="1349" dir="0" index="0" bw="1" slack="1"/>
<pin id="1350" dir="0" index="1" bw="16" slack="0"/>
<pin id="1351" dir="0" index="2" bw="16" slack="0"/>
<pin id="1352" dir="1" index="3" bw="16" slack="0"/>
</pin_list>
<bind>
<opcode="select(49) " fcode="select"/>
<opset="select_ln69_3/2 "/>
</bind>
</comp>

<comp id="1355" class="1004" name="store_ln69_store_fu_1355">
<pin_list>
<pin id="1356" dir="0" index="0" bw="16" slack="0"/>
<pin id="1357" dir="0" index="1" bw="16" slack="1"/>
<pin id="1358" dir="1" index="2" bw="0" slack="2147483647"/>
</pin_list>
<bind>
<opcode="store(28) " fcode="store"/>
<opset="store_ln69/2 "/>
</bind>
</comp>

<comp id="1360" class="1004" name="store_ln69_store_fu_1360">
<pin_list>
<pin id="1361" dir="0" index="0" bw="16" slack="0"/>
<pin id="1362" dir="0" index="1" bw="16" slack="1"/>
<pin id="1363" dir="1" index="2" bw="0" slack="2147483647"/>
</pin_list>
<bind>
<opcode="store(28) " fcode="store"/>
<opset="store_ln69/2 "/>
</bind>
</comp>

<comp id="1365" class="1004" name="store_ln69_store_fu_1365">
<pin_list>
<pin id="1366" dir="0" index="0" bw="16" slack="0"/>
<pin id="1367" dir="0" index="1" bw="16" slack="1"/>
<pin id="1368" dir="1" index="2" bw="0" slack="2147483647"/>
</pin_list>
<bind>
<opcode="store(28) " fcode="store"/>
<opset="store_ln69/2 "/>
</bind>
</comp>

<comp id="1370" class="1004" name="store_ln69_store_fu_1370">
<pin_list>
<pin id="1371" dir="0" index="0" bw="16" slack="0"/>
<pin id="1372" dir="0" index="1" bw="16" slack="1"/>
<pin id="1373" dir="1" index="2" bw="0" slack="2147483647"/>
</pin_list>
<bind>
<opcode="store(28) " fcode="store"/>
<opset="store_ln69/2 "/>
</bind>
</comp>

<comp id="1375" class="1004" name="store_ln69_store_fu_1375">
<pin_list>
<pin id="1376" dir="0" index="0" bw="16" slack="0"/>
<pin id="1377" dir="0" index="1" bw="16" slack="1"/>
<pin id="1378" dir="1" index="2" bw="0" slack="2147483647"/>
</pin_list>
<bind>
<opcode="store(28) " fcode="store"/>
<opset="store_ln69/2 "/>
</bind>
</comp>

<comp id="1380" class="1004" name="store_ln69_store_fu_1380">
<pin_list>
<pin id="1381" dir="0" index="0" bw="16" slack="0"/>
<pin id="1382" dir="0" index="1" bw="16" slack="1"/>
<pin id="1383" dir="1" index="2" bw="0" slack="2147483647"/>
</pin_list>
<bind>
<opcode="store(28) " fcode="store"/>
<opset="store_ln69/2 "/>
</bind>
</comp>

<comp id="1385" class="1004" name="store_ln69_store_fu_1385">
<pin_list>
<pin id="1386" dir="0" index="0" bw="16" slack="0"/>
<pin id="1387" dir="0" index="1" bw="16" slack="1"/>
<pin id="1388" dir="1" index="2" bw="0" slack="2147483647"/>
</pin_list>
<bind>
<opcode="store(28) " fcode="store"/>
<opset="store_ln69/2 "/>
</bind>
</comp>

<comp id="1390" class="1004" name="store_ln69_store_fu_1390">
<pin_list>
<pin id="1391" dir="0" index="0" bw="16" slack="0"/>
<pin id="1392" dir="0" index="1" bw="16" slack="1"/>
<pin id="1393" dir="1" index="2" bw="0" slack="2147483647"/>
</pin_list>
<bind>
<opcode="store(28) " fcode="store"/>
<opset="store_ln69/2 "/>
</bind>
</comp>

<comp id="1395" class="1004" name="REG_V_56_load_1_load_fu_1395">
<pin_list>
<pin id="1396" dir="0" index="0" bw="16" slack="1"/>
<pin id="1397" dir="1" index="1" bw="16" slack="0"/>
</pin_list>
<bind>
<opcode="load(27) " fcode="load"/>
<opset="REG_V_56_load_1/2 "/>
</bind>
</comp>

<comp id="1398" class="1004" name="REG_V_57_load_1_load_fu_1398">
<pin_list>
<pin id="1399" dir="0" index="0" bw="16" slack="1"/>
<pin id="1400" dir="1" index="1" bw="16" slack="0"/>
</pin_list>
<bind>
<opcode="load(27) " fcode="load"/>
<opset="REG_V_57_load_1/2 "/>
</bind>
</comp>

<comp id="1401" class="1004" name="REG_V_58_load_1_load_fu_1401">
<pin_list>
<pin id="1402" dir="0" index="0" bw="16" slack="1"/>
<pin id="1403" dir="1" index="1" bw="16" slack="0"/>
</pin_list>
<bind>
<opcode="load(27) " fcode="load"/>
<opset="REG_V_58_load_1/2 "/>
</bind>
</comp>

<comp id="1404" class="1004" name="REG_V_59_load_1_load_fu_1404">
<pin_list>
<pin id="1405" dir="0" index="0" bw="16" slack="1"/>
<pin id="1406" dir="1" index="1" bw="16" slack="0"/>
</pin_list>
<bind>
<opcode="load(27) " fcode="load"/>
<opset="REG_V_59_load_1/2 "/>
</bind>
</comp>

<comp id="1407" class="1004" name="REG_V_60_load_1_load_fu_1407">
<pin_list>
<pin id="1408" dir="0" index="0" bw="16" slack="1"/>
<pin id="1409" dir="1" index="1" bw="16" slack="0"/>
</pin_list>
<bind>
<opcode="load(27) " fcode="load"/>
<opset="REG_V_60_load_1/2 "/>
</bind>
</comp>

<comp id="1410" class="1004" name="REG_V_61_load_1_load_fu_1410">
<pin_list>
<pin id="1411" dir="0" index="0" bw="16" slack="1"/>
<pin id="1412" dir="1" index="1" bw="16" slack="0"/>
</pin_list>
<bind>
<opcode="load(27) " fcode="load"/>
<opset="REG_V_61_load_1/2 "/>
</bind>
</comp>

<comp id="1413" class="1004" name="REG_V_62_load_1_load_fu_1413">
<pin_list>
<pin id="1414" dir="0" index="0" bw="16" slack="1"/>
<pin id="1415" dir="1" index="1" bw="16" slack="0"/>
</pin_list>
<bind>
<opcode="load(27) " fcode="load"/>
<opset="REG_V_62_load_1/2 "/>
</bind>
</comp>

<comp id="1416" class="1004" name="REG_V_63_load_1_load_fu_1416">
<pin_list>
<pin id="1417" dir="0" index="0" bw="16" slack="1"/>
<pin id="1418" dir="1" index="1" bw="16" slack="0"/>
</pin_list>
<bind>
<opcode="load(27) " fcode="load"/>
<opset="REG_V_63_load_1/2 "/>
</bind>
</comp>

<comp id="1419" class="1004" name="REG_V_65_fu_1419">
<pin_list>
<pin id="1420" dir="0" index="0" bw="1" slack="1"/>
<pin id="1421" dir="0" index="1" bw="16" slack="0"/>
<pin id="1422" dir="0" index="2" bw="16" slack="0"/>
<pin id="1423" dir="1" index="3" bw="16" slack="0"/>
</pin_list>
<bind>
<opcode="select(49) " fcode="select"/>
<opset="REG_V_65/2 "/>
</bind>
</comp>

<comp id="1426" class="1004" name="p_Repl2_s_fu_1426">
<pin_list>
<pin id="1427" dir="0" index="0" bw="1" slack="1"/>
<pin id="1428" dir="0" index="1" bw="16" slack="0"/>
<pin id="1429" dir="0" index="2" bw="16" slack="0"/>
<pin id="1430" dir="1" index="3" bw="16" slack="0"/>
</pin_list>
<bind>
<opcode="select(49) " fcode="select"/>
<opset="p_Repl2_s/2 "/>
</bind>
</comp>

<comp id="1433" class="1004" name="select_ln67_fu_1433">
<pin_list>
<pin id="1434" dir="0" index="0" bw="1" slack="1"/>
<pin id="1435" dir="0" index="1" bw="16" slack="0"/>
<pin id="1436" dir="0" index="2" bw="16" slack="0"/>
<pin id="1437" dir="1" index="3" bw="16" slack="0"/>
</pin_list>
<bind>
<opcode="select(49) " fcode="select"/>
<opset="select_ln67/2 "/>
</bind>
</comp>

<comp id="1440" class="1004" name="select_ln67_1_fu_1440">
<pin_list>
<pin id="1441" dir="0" index="0" bw="1" slack="1"/>
<pin id="1442" dir="0" index="1" bw="16" slack="0"/>
<pin id="1443" dir="0" index="2" bw="16" slack="0"/>
<pin id="1444" dir="1" index="3" bw="16" slack="0"/>
</pin_list>
<bind>
<opcode="select(49) " fcode="select"/>
<opset="select_ln67_1/2 "/>
</bind>
</comp>

<comp id="1447" class="1004" name="select_ln68_fu_1447">
<pin_list>
<pin id="1448" dir="0" index="0" bw="1" slack="1"/>
<pin id="1449" dir="0" index="1" bw="16" slack="0"/>
<pin id="1450" dir="0" index="2" bw="16" slack="0"/>
<pin id="1451" dir="1" index="3" bw="16" slack="0"/>
</pin_list>
<bind>
<opcode="select(49) " fcode="select"/>
<opset="select_ln68/2 "/>
</bind>
</comp>

<comp id="1454" class="1004" name="select_ln68_1_fu_1454">
<pin_list>
<pin id="1455" dir="0" index="0" bw="1" slack="1"/>
<pin id="1456" dir="0" index="1" bw="16" slack="0"/>
<pin id="1457" dir="0" index="2" bw="16" slack="0"/>
<pin id="1458" dir="1" index="3" bw="16" slack="0"/>
</pin_list>
<bind>
<opcode="select(49) " fcode="select"/>
<opset="select_ln68_1/2 "/>
</bind>
</comp>

<comp id="1461" class="1004" name="select_ln69_fu_1461">
<pin_list>
<pin id="1462" dir="0" index="0" bw="1" slack="1"/>
<pin id="1463" dir="0" index="1" bw="16" slack="0"/>
<pin id="1464" dir="0" index="2" bw="16" slack="0"/>
<pin id="1465" dir="1" index="3" bw="16" slack="0"/>
</pin_list>
<bind>
<opcode="select(49) " fcode="select"/>
<opset="select_ln69/2 "/>
</bind>
</comp>

<comp id="1468" class="1004" name="select_ln69_1_fu_1468">
<pin_list>
<pin id="1469" dir="0" index="0" bw="1" slack="1"/>
<pin id="1470" dir="0" index="1" bw="16" slack="0"/>
<pin id="1471" dir="0" index="2" bw="16" slack="0"/>
<pin id="1472" dir="1" index="3" bw="16" slack="0"/>
</pin_list>
<bind>
<opcode="select(49) " fcode="select"/>
<opset="select_ln69_1/2 "/>
</bind>
</comp>

<comp id="1475" class="1004" name="store_ln69_store_fu_1475">
<pin_list>
<pin id="1476" dir="0" index="0" bw="16" slack="0"/>
<pin id="1477" dir="0" index="1" bw="16" slack="1"/>
<pin id="1478" dir="1" index="2" bw="0" slack="2147483647"/>
</pin_list>
<bind>
<opcode="store(28) " fcode="store"/>
<opset="store_ln69/2 "/>
</bind>
</comp>

<comp id="1480" class="1004" name="store_ln69_store_fu_1480">
<pin_list>
<pin id="1481" dir="0" index="0" bw="16" slack="0"/>
<pin id="1482" dir="0" index="1" bw="16" slack="1"/>
<pin id="1483" dir="1" index="2" bw="0" slack="2147483647"/>
</pin_list>
<bind>
<opcode="store(28) " fcode="store"/>
<opset="store_ln69/2 "/>
</bind>
</comp>

<comp id="1485" class="1004" name="store_ln69_store_fu_1485">
<pin_list>
<pin id="1486" dir="0" index="0" bw="16" slack="0"/>
<pin id="1487" dir="0" index="1" bw="16" slack="1"/>
<pin id="1488" dir="1" index="2" bw="0" slack="2147483647"/>
</pin_list>
<bind>
<opcode="store(28) " fcode="store"/>
<opset="store_ln69/2 "/>
</bind>
</comp>

<comp id="1490" class="1004" name="store_ln69_store_fu_1490">
<pin_list>
<pin id="1491" dir="0" index="0" bw="16" slack="0"/>
<pin id="1492" dir="0" index="1" bw="16" slack="1"/>
<pin id="1493" dir="1" index="2" bw="0" slack="2147483647"/>
</pin_list>
<bind>
<opcode="store(28) " fcode="store"/>
<opset="store_ln69/2 "/>
</bind>
</comp>

<comp id="1495" class="1004" name="store_ln69_store_fu_1495">
<pin_list>
<pin id="1496" dir="0" index="0" bw="16" slack="0"/>
<pin id="1497" dir="0" index="1" bw="16" slack="1"/>
<pin id="1498" dir="1" index="2" bw="0" slack="2147483647"/>
</pin_list>
<bind>
<opcode="store(28) " fcode="store"/>
<opset="store_ln69/2 "/>
</bind>
</comp>

<comp id="1500" class="1004" name="store_ln69_store_fu_1500">
<pin_list>
<pin id="1501" dir="0" index="0" bw="16" slack="0"/>
<pin id="1502" dir="0" index="1" bw="16" slack="1"/>
<pin id="1503" dir="1" index="2" bw="0" slack="2147483647"/>
</pin_list>
<bind>
<opcode="store(28) " fcode="store"/>
<opset="store_ln69/2 "/>
</bind>
</comp>

<comp id="1505" class="1004" name="store_ln69_store_fu_1505">
<pin_list>
<pin id="1506" dir="0" index="0" bw="16" slack="0"/>
<pin id="1507" dir="0" index="1" bw="16" slack="1"/>
<pin id="1508" dir="1" index="2" bw="0" slack="2147483647"/>
</pin_list>
<bind>
<opcode="store(28) " fcode="store"/>
<opset="store_ln69/2 "/>
</bind>
</comp>

<comp id="1510" class="1004" name="store_ln69_store_fu_1510">
<pin_list>
<pin id="1511" dir="0" index="0" bw="16" slack="0"/>
<pin id="1512" dir="0" index="1" bw="16" slack="1"/>
<pin id="1513" dir="1" index="2" bw="0" slack="2147483647"/>
</pin_list>
<bind>
<opcode="store(28) " fcode="store"/>
<opset="store_ln69/2 "/>
</bind>
</comp>

<comp id="1515" class="1004" name="zext_ln186_17_fu_1515">
<pin_list>
<pin id="1516" dir="0" index="0" bw="16" slack="0"/>
<pin id="1517" dir="1" index="1" bw="32" slack="0"/>
</pin_list>
<bind>
<opcode="zext(34) " fcode="zext"/>
<opset="zext_ln186_17/2 "/>
</bind>
</comp>

<comp id="1519" class="1004" name="zext_ln186_18_fu_1519">
<pin_list>
<pin id="1520" dir="0" index="0" bw="16" slack="0"/>
<pin id="1521" dir="1" index="1" bw="32" slack="0"/>
</pin_list>
<bind>
<opcode="zext(34) " fcode="zext"/>
<opset="zext_ln186_18/2 "/>
</bind>
</comp>

<comp id="1523" class="1004" name="p_Result_s_fu_1523">
<pin_list>
<pin id="1524" dir="0" index="0" bw="32" slack="0"/>
<pin id="1525" dir="0" index="1" bw="16" slack="0"/>
<pin id="1526" dir="0" index="2" bw="16" slack="0"/>
<pin id="1527" dir="1" index="3" bw="32" slack="0"/>
</pin_list>
<bind>
<opcode="bitconcatenate(1004) " fcode="bitconcatenate"/>
<opset="p_Result_s/2 "/>
</bind>
</comp>

<comp id="1532" class="1004" name="p_Result_1_fu_1532">
<pin_list>
<pin id="1533" dir="0" index="0" bw="32" slack="0"/>
<pin id="1534" dir="0" index="1" bw="16" slack="0"/>
<pin id="1535" dir="0" index="2" bw="16" slack="0"/>
<pin id="1536" dir="1" index="3" bw="32" slack="0"/>
</pin_list>
<bind>
<opcode="bitconcatenate(1004) " fcode="bitconcatenate"/>
<opset="p_Result_1/2 "/>
</bind>
</comp>

<comp id="1541" class="1004" name="zext_ln186_fu_1541">
<pin_list>
<pin id="1542" dir="0" index="0" bw="16" slack="1"/>
<pin id="1543" dir="1" index="1" bw="32" slack="0"/>
</pin_list>
<bind>
<opcode="zext(34) " fcode="zext"/>
<opset="zext_ln186/3 "/>
</bind>
</comp>

<comp id="1544" class="1004" name="zext_ln186_16_fu_1544">
<pin_list>
<pin id="1545" dir="0" index="0" bw="16" slack="1"/>
<pin id="1546" dir="1" index="1" bw="32" slack="0"/>
</pin_list>
<bind>
<opcode="zext(34) " fcode="zext"/>
<opset="zext_ln186_16/3 "/>
</bind>
</comp>

<comp id="1547" class="1004" name="zext_ln186_20_fu_1547">
<pin_list>
<pin id="1548" dir="0" index="0" bw="32" slack="0"/>
<pin id="1549" dir="1" index="1" bw="33" slack="0"/>
</pin_list>
<bind>
<opcode="zext(34) " fcode="zext"/>
<opset="zext_ln186_20/5 "/>
</bind>
</comp>

<comp id="1550" class="1004" name="self_sum_V_2_load_fu_1550">
<pin_list>
<pin id="1551" dir="0" index="0" bw="34" slack="5"/>
<pin id="1552" dir="1" index="1" bw="34" slack="0"/>
</pin_list>
<bind>
<opcode="load(27) " fcode="load"/>
<opset="self_sum_V_2/6 "/>
</bind>
</comp>

<comp id="1553" class="1004" name="empty_fu_1553">
<pin_list>
<pin id="1554" dir="0" index="0" bw="34" slack="0"/>
<pin id="1555" dir="1" index="1" bw="32" slack="0"/>
</pin_list>
<bind>
<opcode="trunc(33) " fcode="trunc"/>
<opset="empty/6 "/>
</bind>
</comp>

<comp id="1558" class="1004" name="zext_ln840_fu_1558">
<pin_list>
<pin id="1559" dir="0" index="0" bw="33" slack="0"/>
<pin id="1560" dir="1" index="1" bw="34" slack="0"/>
</pin_list>
<bind>
<opcode="zext(34) " fcode="zext"/>
<opset="zext_ln840/6 "/>
</bind>
</comp>

<comp id="1561" class="1004" name="self_sum_V_3_fu_1561">
<pin_list>
<pin id="1562" dir="0" index="0" bw="33" slack="0"/>
<pin id="1563" dir="0" index="1" bw="34" slack="0"/>
<pin id="1564" dir="1" index="2" bw="34" slack="0"/>
</pin_list>
<bind>
<opcode="add(8) " fcode="add"/>
<opset="self_sum_V_3/6 "/>
</bind>
</comp>

<comp id="1567" class="1004" name="store_ln60_store_fu_1567">
<pin_list>
<pin id="1568" dir="0" index="0" bw="34" slack="0"/>
<pin id="1569" dir="0" index="1" bw="34" slack="5"/>
<pin id="1570" dir="1" index="2" bw="0" slack="2147483647"/>
</pin_list>
<bind>
<opcode="store(28) " fcode="store"/>
<opset="store_ln60/6 "/>
</bind>
</comp>

<comp id="1572" class="1004" name="REG_V_32_load_load_fu_1572">
<pin_list>
<pin id="1573" dir="0" index="0" bw="16" slack="5"/>
<pin id="1574" dir="1" index="1" bw="16" slack="0"/>
</pin_list>
<bind>
<opcode="load(27) " fcode="load"/>
<opset="REG_V_32_load/6 "/>
</bind>
</comp>

<comp id="1576" class="1004" name="REG_V_33_load_load_fu_1576">
<pin_list>
<pin id="1577" dir="0" index="0" bw="16" slack="5"/>
<pin id="1578" dir="1" index="1" bw="16" slack="0"/>
</pin_list>
<bind>
<opcode="load(27) " fcode="load"/>
<opset="REG_V_33_load/6 "/>
</bind>
</comp>

<comp id="1580" class="1004" name="REG_V_34_load_load_fu_1580">
<pin_list>
<pin id="1581" dir="0" index="0" bw="16" slack="5"/>
<pin id="1582" dir="1" index="1" bw="16" slack="0"/>
</pin_list>
<bind>
<opcode="load(27) " fcode="load"/>
<opset="REG_V_34_load/6 "/>
</bind>
</comp>

<comp id="1584" class="1004" name="REG_V_35_load_load_fu_1584">
<pin_list>
<pin id="1585" dir="0" index="0" bw="16" slack="5"/>
<pin id="1586" dir="1" index="1" bw="16" slack="0"/>
</pin_list>
<bind>
<opcode="load(27) " fcode="load"/>
<opset="REG_V_35_load/6 "/>
</bind>
</comp>

<comp id="1588" class="1004" name="REG_V_36_load_load_fu_1588">
<pin_list>
<pin id="1589" dir="0" index="0" bw="16" slack="5"/>
<pin id="1590" dir="1" index="1" bw="16" slack="0"/>
</pin_list>
<bind>
<opcode="load(27) " fcode="load"/>
<opset="REG_V_36_load/6 "/>
</bind>
</comp>

<comp id="1592" class="1004" name="REG_V_37_load_load_fu_1592">
<pin_list>
<pin id="1593" dir="0" index="0" bw="16" slack="5"/>
<pin id="1594" dir="1" index="1" bw="16" slack="0"/>
</pin_list>
<bind>
<opcode="load(27) " fcode="load"/>
<opset="REG_V_37_load/6 "/>
</bind>
</comp>

<comp id="1596" class="1004" name="REG_V_38_load_load_fu_1596">
<pin_list>
<pin id="1597" dir="0" index="0" bw="16" slack="5"/>
<pin id="1598" dir="1" index="1" bw="16" slack="0"/>
</pin_list>
<bind>
<opcode="load(27) " fcode="load"/>
<opset="REG_V_38_load/6 "/>
</bind>
</comp>

<comp id="1600" class="1004" name="REG_V_39_load_load_fu_1600">
<pin_list>
<pin id="1601" dir="0" index="0" bw="16" slack="5"/>
<pin id="1602" dir="1" index="1" bw="16" slack="0"/>
</pin_list>
<bind>
<opcode="load(27) " fcode="load"/>
<opset="REG_V_39_load/6 "/>
</bind>
</comp>

<comp id="1604" class="1004" name="REG_V_40_load_load_fu_1604">
<pin_list>
<pin id="1605" dir="0" index="0" bw="16" slack="5"/>
<pin id="1606" dir="1" index="1" bw="16" slack="0"/>
</pin_list>
<bind>
<opcode="load(27) " fcode="load"/>
<opset="REG_V_40_load/6 "/>
</bind>
</comp>

<comp id="1608" class="1004" name="REG_V_41_load_load_fu_1608">
<pin_list>
<pin id="1609" dir="0" index="0" bw="16" slack="5"/>
<pin id="1610" dir="1" index="1" bw="16" slack="0"/>
</pin_list>
<bind>
<opcode="load(27) " fcode="load"/>
<opset="REG_V_41_load/6 "/>
</bind>
</comp>

<comp id="1612" class="1004" name="REG_V_42_load_load_fu_1612">
<pin_list>
<pin id="1613" dir="0" index="0" bw="16" slack="5"/>
<pin id="1614" dir="1" index="1" bw="16" slack="0"/>
</pin_list>
<bind>
<opcode="load(27) " fcode="load"/>
<opset="REG_V_42_load/6 "/>
</bind>
</comp>

<comp id="1616" class="1004" name="REG_V_43_load_load_fu_1616">
<pin_list>
<pin id="1617" dir="0" index="0" bw="16" slack="5"/>
<pin id="1618" dir="1" index="1" bw="16" slack="0"/>
</pin_list>
<bind>
<opcode="load(27) " fcode="load"/>
<opset="REG_V_43_load/6 "/>
</bind>
</comp>

<comp id="1620" class="1004" name="REG_V_44_load_load_fu_1620">
<pin_list>
<pin id="1621" dir="0" index="0" bw="16" slack="5"/>
<pin id="1622" dir="1" index="1" bw="16" slack="0"/>
</pin_list>
<bind>
<opcode="load(27) " fcode="load"/>
<opset="REG_V_44_load/6 "/>
</bind>
</comp>

<comp id="1624" class="1004" name="REG_V_45_load_load_fu_1624">
<pin_list>
<pin id="1625" dir="0" index="0" bw="16" slack="5"/>
<pin id="1626" dir="1" index="1" bw="16" slack="0"/>
</pin_list>
<bind>
<opcode="load(27) " fcode="load"/>
<opset="REG_V_45_load/6 "/>
</bind>
</comp>

<comp id="1628" class="1004" name="REG_V_46_load_load_fu_1628">
<pin_list>
<pin id="1629" dir="0" index="0" bw="16" slack="5"/>
<pin id="1630" dir="1" index="1" bw="16" slack="0"/>
</pin_list>
<bind>
<opcode="load(27) " fcode="load"/>
<opset="REG_V_46_load/6 "/>
</bind>
</comp>

<comp id="1632" class="1004" name="REG_V_47_load_load_fu_1632">
<pin_list>
<pin id="1633" dir="0" index="0" bw="16" slack="5"/>
<pin id="1634" dir="1" index="1" bw="16" slack="0"/>
</pin_list>
<bind>
<opcode="load(27) " fcode="load"/>
<opset="REG_V_47_load/6 "/>
</bind>
</comp>

<comp id="1636" class="1004" name="REG_V_48_load_load_fu_1636">
<pin_list>
<pin id="1637" dir="0" index="0" bw="16" slack="5"/>
<pin id="1638" dir="1" index="1" bw="16" slack="0"/>
</pin_list>
<bind>
<opcode="load(27) " fcode="load"/>
<opset="REG_V_48_load/6 "/>
</bind>
</comp>

<comp id="1640" class="1004" name="REG_V_49_load_load_fu_1640">
<pin_list>
<pin id="1641" dir="0" index="0" bw="16" slack="5"/>
<pin id="1642" dir="1" index="1" bw="16" slack="0"/>
</pin_list>
<bind>
<opcode="load(27) " fcode="load"/>
<opset="REG_V_49_load/6 "/>
</bind>
</comp>

<comp id="1644" class="1004" name="REG_V_50_load_load_fu_1644">
<pin_list>
<pin id="1645" dir="0" index="0" bw="16" slack="5"/>
<pin id="1646" dir="1" index="1" bw="16" slack="0"/>
</pin_list>
<bind>
<opcode="load(27) " fcode="load"/>
<opset="REG_V_50_load/6 "/>
</bind>
</comp>

<comp id="1648" class="1004" name="REG_V_51_load_load_fu_1648">
<pin_list>
<pin id="1649" dir="0" index="0" bw="16" slack="5"/>
<pin id="1650" dir="1" index="1" bw="16" slack="0"/>
</pin_list>
<bind>
<opcode="load(27) " fcode="load"/>
<opset="REG_V_51_load/6 "/>
</bind>
</comp>

<comp id="1652" class="1004" name="REG_V_52_load_load_fu_1652">
<pin_list>
<pin id="1653" dir="0" index="0" bw="16" slack="5"/>
<pin id="1654" dir="1" index="1" bw="16" slack="0"/>
</pin_list>
<bind>
<opcode="load(27) " fcode="load"/>
<opset="REG_V_52_load/6 "/>
</bind>
</comp>

<comp id="1656" class="1004" name="REG_V_53_load_load_fu_1656">
<pin_list>
<pin id="1657" dir="0" index="0" bw="16" slack="5"/>
<pin id="1658" dir="1" index="1" bw="16" slack="0"/>
</pin_list>
<bind>
<opcode="load(27) " fcode="load"/>
<opset="REG_V_53_load/6 "/>
</bind>
</comp>

<comp id="1660" class="1004" name="REG_V_54_load_load_fu_1660">
<pin_list>
<pin id="1661" dir="0" index="0" bw="16" slack="5"/>
<pin id="1662" dir="1" index="1" bw="16" slack="0"/>
</pin_list>
<bind>
<opcode="load(27) " fcode="load"/>
<opset="REG_V_54_load/6 "/>
</bind>
</comp>

<comp id="1664" class="1004" name="REG_V_55_load_load_fu_1664">
<pin_list>
<pin id="1665" dir="0" index="0" bw="16" slack="5"/>
<pin id="1666" dir="1" index="1" bw="16" slack="0"/>
</pin_list>
<bind>
<opcode="load(27) " fcode="load"/>
<opset="REG_V_55_load/6 "/>
</bind>
</comp>

<comp id="1668" class="1004" name="REG_V_56_load_load_fu_1668">
<pin_list>
<pin id="1669" dir="0" index="0" bw="16" slack="5"/>
<pin id="1670" dir="1" index="1" bw="16" slack="0"/>
</pin_list>
<bind>
<opcode="load(27) " fcode="load"/>
<opset="REG_V_56_load/6 "/>
</bind>
</comp>

<comp id="1672" class="1004" name="REG_V_57_load_load_fu_1672">
<pin_list>
<pin id="1673" dir="0" index="0" bw="16" slack="5"/>
<pin id="1674" dir="1" index="1" bw="16" slack="0"/>
</pin_list>
<bind>
<opcode="load(27) " fcode="load"/>
<opset="REG_V_57_load/6 "/>
</bind>
</comp>

<comp id="1676" class="1004" name="REG_V_58_load_load_fu_1676">
<pin_list>
<pin id="1677" dir="0" index="0" bw="16" slack="5"/>
<pin id="1678" dir="1" index="1" bw="16" slack="0"/>
</pin_list>
<bind>
<opcode="load(27) " fcode="load"/>
<opset="REG_V_58_load/6 "/>
</bind>
</comp>

<comp id="1680" class="1004" name="REG_V_59_load_load_fu_1680">
<pin_list>
<pin id="1681" dir="0" index="0" bw="16" slack="5"/>
<pin id="1682" dir="1" index="1" bw="16" slack="0"/>
</pin_list>
<bind>
<opcode="load(27) " fcode="load"/>
<opset="REG_V_59_load/6 "/>
</bind>
</comp>

<comp id="1684" class="1004" name="REG_V_60_load_load_fu_1684">
<pin_list>
<pin id="1685" dir="0" index="0" bw="16" slack="5"/>
<pin id="1686" dir="1" index="1" bw="16" slack="0"/>
</pin_list>
<bind>
<opcode="load(27) " fcode="load"/>
<opset="REG_V_60_load/6 "/>
</bind>
</comp>

<comp id="1688" class="1004" name="REG_V_61_load_load_fu_1688">
<pin_list>
<pin id="1689" dir="0" index="0" bw="16" slack="5"/>
<pin id="1690" dir="1" index="1" bw="16" slack="0"/>
</pin_list>
<bind>
<opcode="load(27) " fcode="load"/>
<opset="REG_V_61_load/6 "/>
</bind>
</comp>

<comp id="1692" class="1004" name="REG_V_62_load_load_fu_1692">
<pin_list>
<pin id="1693" dir="0" index="0" bw="16" slack="5"/>
<pin id="1694" dir="1" index="1" bw="16" slack="0"/>
</pin_list>
<bind>
<opcode="load(27) " fcode="load"/>
<opset="REG_V_62_load/6 "/>
</bind>
</comp>

<comp id="1696" class="1004" name="REG_V_63_load_load_fu_1696">
<pin_list>
<pin id="1697" dir="0" index="0" bw="16" slack="5"/>
<pin id="1698" dir="1" index="1" bw="16" slack="0"/>
</pin_list>
<bind>
<opcode="load(27) " fcode="load"/>
<opset="REG_V_63_load/6 "/>
</bind>
</comp>

<comp id="1700" class="1007" name="grp_fu_1700">
<pin_list>
<pin id="1701" dir="0" index="0" bw="16" slack="0"/>
<pin id="1702" dir="0" index="1" bw="16" slack="0"/>
<pin id="1703" dir="1" index="2" bw="32" slack="0"/>
</pin_list>
<bind>
<opcode="mul(12) " fcode="mul"/>
<opset="ret_V_4/2 "/>
</bind>
</comp>

<comp id="1707" class="1007" name="grp_fu_1707">
<pin_list>
<pin id="1708" dir="0" index="0" bw="16" slack="0"/>
<pin id="1709" dir="0" index="1" bw="16" slack="0"/>
<pin id="1710" dir="0" index="2" bw="32" slack="0"/>
<pin id="1711" dir="1" index="3" bw="33" slack="0"/>
</pin_list>
<bind>
<opcode="muladd(1172) " fcode="muladd"/>
<opset="ret_V_3/3 zext_ln186_19/5 ret_V/5 "/>
</bind>
</comp>

<comp id="1716" class="1005" name="self_sum_V_reg_1716">
<pin_list>
<pin id="1717" dir="0" index="0" bw="34" slack="0"/>
<pin id="1718" dir="1" index="1" bw="34" slack="0"/>
</pin_list>
<bind>
<opset="self_sum_V "/>
</bind>
</comp>

<comp id="1723" class="1005" name="fe_reg_1723">
<pin_list>
<pin id="1724" dir="0" index="0" bw="2" slack="0"/>
<pin id="1725" dir="1" index="1" bw="2" slack="0"/>
</pin_list>
<bind>
<opset="fe "/>
</bind>
</comp>

<comp id="1730" class="1005" name="REG_V_32_reg_1730">
<pin_list>
<pin id="1731" dir="0" index="0" bw="16" slack="0"/>
<pin id="1732" dir="1" index="1" bw="16" slack="0"/>
</pin_list>
<bind>
<opset="REG_V_32 "/>
</bind>
</comp>

<comp id="1738" class="1005" name="REG_V_33_reg_1738">
<pin_list>
<pin id="1739" dir="0" index="0" bw="16" slack="0"/>
<pin id="1740" dir="1" index="1" bw="16" slack="0"/>
</pin_list>
<bind>
<opset="REG_V_33 "/>
</bind>
</comp>

<comp id="1746" class="1005" name="REG_V_34_reg_1746">
<pin_list>
<pin id="1747" dir="0" index="0" bw="16" slack="0"/>
<pin id="1748" dir="1" index="1" bw="16" slack="0"/>
</pin_list>
<bind>
<opset="REG_V_34 "/>
</bind>
</comp>

<comp id="1754" class="1005" name="REG_V_35_reg_1754">
<pin_list>
<pin id="1755" dir="0" index="0" bw="16" slack="0"/>
<pin id="1756" dir="1" index="1" bw="16" slack="0"/>
</pin_list>
<bind>
<opset="REG_V_35 "/>
</bind>
</comp>

<comp id="1762" class="1005" name="REG_V_36_reg_1762">
<pin_list>
<pin id="1763" dir="0" index="0" bw="16" slack="0"/>
<pin id="1764" dir="1" index="1" bw="16" slack="0"/>
</pin_list>
<bind>
<opset="REG_V_36 "/>
</bind>
</comp>

<comp id="1770" class="1005" name="REG_V_37_reg_1770">
<pin_list>
<pin id="1771" dir="0" index="0" bw="16" slack="0"/>
<pin id="1772" dir="1" index="1" bw="16" slack="0"/>
</pin_list>
<bind>
<opset="REG_V_37 "/>
</bind>
</comp>

<comp id="1778" class="1005" name="REG_V_38_reg_1778">
<pin_list>
<pin id="1779" dir="0" index="0" bw="16" slack="0"/>
<pin id="1780" dir="1" index="1" bw="16" slack="0"/>
</pin_list>
<bind>
<opset="REG_V_38 "/>
</bind>
</comp>

<comp id="1786" class="1005" name="REG_V_39_reg_1786">
<pin_list>
<pin id="1787" dir="0" index="0" bw="16" slack="0"/>
<pin id="1788" dir="1" index="1" bw="16" slack="0"/>
</pin_list>
<bind>
<opset="REG_V_39 "/>
</bind>
</comp>

<comp id="1794" class="1005" name="REG_V_40_reg_1794">
<pin_list>
<pin id="1795" dir="0" index="0" bw="16" slack="0"/>
<pin id="1796" dir="1" index="1" bw="16" slack="0"/>
</pin_list>
<bind>
<opset="REG_V_40 "/>
</bind>
</comp>

<comp id="1802" class="1005" name="REG_V_41_reg_1802">
<pin_list>
<pin id="1803" dir="0" index="0" bw="16" slack="0"/>
<pin id="1804" dir="1" index="1" bw="16" slack="0"/>
</pin_list>
<bind>
<opset="REG_V_41 "/>
</bind>
</comp>

<comp id="1810" class="1005" name="REG_V_42_reg_1810">
<pin_list>
<pin id="1811" dir="0" index="0" bw="16" slack="0"/>
<pin id="1812" dir="1" index="1" bw="16" slack="0"/>
</pin_list>
<bind>
<opset="REG_V_42 "/>
</bind>
</comp>

<comp id="1818" class="1005" name="REG_V_43_reg_1818">
<pin_list>
<pin id="1819" dir="0" index="0" bw="16" slack="0"/>
<pin id="1820" dir="1" index="1" bw="16" slack="0"/>
</pin_list>
<bind>
<opset="REG_V_43 "/>
</bind>
</comp>

<comp id="1826" class="1005" name="REG_V_44_reg_1826">
<pin_list>
<pin id="1827" dir="0" index="0" bw="16" slack="0"/>
<pin id="1828" dir="1" index="1" bw="16" slack="0"/>
</pin_list>
<bind>
<opset="REG_V_44 "/>
</bind>
</comp>

<comp id="1834" class="1005" name="REG_V_45_reg_1834">
<pin_list>
<pin id="1835" dir="0" index="0" bw="16" slack="0"/>
<pin id="1836" dir="1" index="1" bw="16" slack="0"/>
</pin_list>
<bind>
<opset="REG_V_45 "/>
</bind>
</comp>

<comp id="1842" class="1005" name="REG_V_46_reg_1842">
<pin_list>
<pin id="1843" dir="0" index="0" bw="16" slack="0"/>
<pin id="1844" dir="1" index="1" bw="16" slack="0"/>
</pin_list>
<bind>
<opset="REG_V_46 "/>
</bind>
</comp>

<comp id="1850" class="1005" name="REG_V_47_reg_1850">
<pin_list>
<pin id="1851" dir="0" index="0" bw="16" slack="0"/>
<pin id="1852" dir="1" index="1" bw="16" slack="0"/>
</pin_list>
<bind>
<opset="REG_V_47 "/>
</bind>
</comp>

<comp id="1858" class="1005" name="REG_V_48_reg_1858">
<pin_list>
<pin id="1859" dir="0" index="0" bw="16" slack="0"/>
<pin id="1860" dir="1" index="1" bw="16" slack="0"/>
</pin_list>
<bind>
<opset="REG_V_48 "/>
</bind>
</comp>

<comp id="1866" class="1005" name="REG_V_49_reg_1866">
<pin_list>
<pin id="1867" dir="0" index="0" bw="16" slack="0"/>
<pin id="1868" dir="1" index="1" bw="16" slack="0"/>
</pin_list>
<bind>
<opset="REG_V_49 "/>
</bind>
</comp>

<comp id="1874" class="1005" name="REG_V_50_reg_1874">
<pin_list>
<pin id="1875" dir="0" index="0" bw="16" slack="0"/>
<pin id="1876" dir="1" index="1" bw="16" slack="0"/>
</pin_list>
<bind>
<opset="REG_V_50 "/>
</bind>
</comp>

<comp id="1882" class="1005" name="REG_V_51_reg_1882">
<pin_list>
<pin id="1883" dir="0" index="0" bw="16" slack="0"/>
<pin id="1884" dir="1" index="1" bw="16" slack="0"/>
</pin_list>
<bind>
<opset="REG_V_51 "/>
</bind>
</comp>

<comp id="1890" class="1005" name="REG_V_52_reg_1890">
<pin_list>
<pin id="1891" dir="0" index="0" bw="16" slack="0"/>
<pin id="1892" dir="1" index="1" bw="16" slack="0"/>
</pin_list>
<bind>
<opset="REG_V_52 "/>
</bind>
</comp>

<comp id="1898" class="1005" name="REG_V_53_reg_1898">
<pin_list>
<pin id="1899" dir="0" index="0" bw="16" slack="0"/>
<pin id="1900" dir="1" index="1" bw="16" slack="0"/>
</pin_list>
<bind>
<opset="REG_V_53 "/>
</bind>
</comp>

<comp id="1906" class="1005" name="REG_V_54_reg_1906">
<pin_list>
<pin id="1907" dir="0" index="0" bw="16" slack="0"/>
<pin id="1908" dir="1" index="1" bw="16" slack="0"/>
</pin_list>
<bind>
<opset="REG_V_54 "/>
</bind>
</comp>

<comp id="1914" class="1005" name="REG_V_55_reg_1914">
<pin_list>
<pin id="1915" dir="0" index="0" bw="16" slack="0"/>
<pin id="1916" dir="1" index="1" bw="16" slack="0"/>
</pin_list>
<bind>
<opset="REG_V_55 "/>
</bind>
</comp>

<comp id="1922" class="1005" name="REG_V_56_reg_1922">
<pin_list>
<pin id="1923" dir="0" index="0" bw="16" slack="0"/>
<pin id="1924" dir="1" index="1" bw="16" slack="0"/>
</pin_list>
<bind>
<opset="REG_V_56 "/>
</bind>
</comp>

<comp id="1930" class="1005" name="REG_V_57_reg_1930">
<pin_list>
<pin id="1931" dir="0" index="0" bw="16" slack="0"/>
<pin id="1932" dir="1" index="1" bw="16" slack="0"/>
</pin_list>
<bind>
<opset="REG_V_57 "/>
</bind>
</comp>

<comp id="1938" class="1005" name="REG_V_58_reg_1938">
<pin_list>
<pin id="1939" dir="0" index="0" bw="16" slack="0"/>
<pin id="1940" dir="1" index="1" bw="16" slack="0"/>
</pin_list>
<bind>
<opset="REG_V_58 "/>
</bind>
</comp>

<comp id="1946" class="1005" name="REG_V_59_reg_1946">
<pin_list>
<pin id="1947" dir="0" index="0" bw="16" slack="0"/>
<pin id="1948" dir="1" index="1" bw="16" slack="0"/>
</pin_list>
<bind>
<opset="REG_V_59 "/>
</bind>
</comp>

<comp id="1954" class="1005" name="REG_V_60_reg_1954">
<pin_list>
<pin id="1955" dir="0" index="0" bw="16" slack="0"/>
<pin id="1956" dir="1" index="1" bw="16" slack="0"/>
</pin_list>
<bind>
<opset="REG_V_60 "/>
</bind>
</comp>

<comp id="1962" class="1005" name="REG_V_61_reg_1962">
<pin_list>
<pin id="1963" dir="0" index="0" bw="16" slack="0"/>
<pin id="1964" dir="1" index="1" bw="16" slack="0"/>
</pin_list>
<bind>
<opset="REG_V_61 "/>
</bind>
</comp>

<comp id="1970" class="1005" name="REG_V_62_reg_1970">
<pin_list>
<pin id="1971" dir="0" index="0" bw="16" slack="0"/>
<pin id="1972" dir="1" index="1" bw="16" slack="0"/>
</pin_list>
<bind>
<opset="REG_V_62 "/>
</bind>
</comp>

<comp id="1978" class="1005" name="REG_V_63_reg_1978">
<pin_list>
<pin id="1979" dir="0" index="0" bw="16" slack="0"/>
<pin id="1980" dir="1" index="1" bw="16" slack="0"/>
</pin_list>
<bind>
<opset="REG_V_63 "/>
</bind>
</comp>

<comp id="1986" class="1005" name="i_cast_read_reg_1986">
<pin_list>
<pin id="1987" dir="0" index="0" bw="2" slack="1"/>
<pin id="1988" dir="1" index="1" bw="2" slack="2147483647"/>
</pin_list>
<bind>
<opset="i_cast_read "/>
</bind>
</comp>

<comp id="1990" class="1005" name="icmp_ln60_reg_1990">
<pin_list>
<pin id="1991" dir="0" index="0" bw="1" slack="1"/>
<pin id="1992" dir="1" index="1" bw="1" slack="2147483647"/>
</pin_list>
<bind>
<opset="icmp_ln60 "/>
</bind>
</comp>

<comp id="1994" class="1005" name="trunc_ln61_reg_1994">
<pin_list>
<pin id="1995" dir="0" index="0" bw="1" slack="1"/>
<pin id="1996" dir="1" index="1" bw="1" slack="1"/>
</pin_list>
<bind>
<opset="trunc_ln61 "/>
</bind>
</comp>

<comp id="2030" class="1005" name="buffer_1_addr_reg_2030">
<pin_list>
<pin id="2031" dir="0" index="0" bw="3" slack="1"/>
<pin id="2032" dir="1" index="1" bw="3" slack="1"/>
</pin_list>
<bind>
<opset="buffer_1_addr "/>
</bind>
</comp>

<comp id="2035" class="1005" name="lhs_reg_2035">
<pin_list>
<pin id="2036" dir="0" index="0" bw="16" slack="1"/>
<pin id="2037" dir="1" index="1" bw="16" slack="1"/>
</pin_list>
<bind>
<opset="lhs "/>
</bind>
</comp>

<comp id="2040" class="1005" name="rhs_reg_2040">
<pin_list>
<pin id="2041" dir="0" index="0" bw="16" slack="1"/>
<pin id="2042" dir="1" index="1" bw="16" slack="1"/>
</pin_list>
<bind>
<opset="rhs "/>
</bind>
</comp>

<comp id="2045" class="1005" name="zext_ln186_17_reg_2045">
<pin_list>
<pin id="2046" dir="0" index="0" bw="32" slack="1"/>
<pin id="2047" dir="1" index="1" bw="32" slack="1"/>
</pin_list>
<bind>
<opset="zext_ln186_17 "/>
</bind>
</comp>

<comp id="2050" class="1005" name="zext_ln186_18_reg_2050">
<pin_list>
<pin id="2051" dir="0" index="0" bw="32" slack="1"/>
<pin id="2052" dir="1" index="1" bw="32" slack="1"/>
</pin_list>
<bind>
<opset="zext_ln186_18 "/>
</bind>
</comp>

<comp id="2055" class="1005" name="zext_ln186_reg_2055">
<pin_list>
<pin id="2056" dir="0" index="0" bw="32" slack="1"/>
<pin id="2057" dir="1" index="1" bw="32" slack="1"/>
</pin_list>
<bind>
<opset="zext_ln186 "/>
</bind>
</comp>

<comp id="2060" class="1005" name="zext_ln186_16_reg_2060">
<pin_list>
<pin id="2061" dir="0" index="0" bw="32" slack="1"/>
<pin id="2062" dir="1" index="1" bw="32" slack="1"/>
</pin_list>
<bind>
<opset="zext_ln186_16 "/>
</bind>
</comp>

<comp id="2065" class="1005" name="zext_ln186_20_reg_2065">
<pin_list>
<pin id="2066" dir="0" index="0" bw="33" slack="1"/>
<pin id="2067" dir="1" index="1" bw="33" slack="1"/>
</pin_list>
<bind>
<opset="zext_ln186_20 "/>
</bind>
</comp>

</comp_list>

<net_list>
<net id="205"><net_src comp="138" pin="0"/><net_sink comp="202" pin=0"/></net>

<net id="209"><net_src comp="138" pin="0"/><net_sink comp="206" pin=0"/></net>

<net id="213"><net_src comp="138" pin="0"/><net_sink comp="210" pin=0"/></net>

<net id="217"><net_src comp="138" pin="0"/><net_sink comp="214" pin=0"/></net>

<net id="221"><net_src comp="138" pin="0"/><net_sink comp="218" pin=0"/></net>

<net id="225"><net_src comp="138" pin="0"/><net_sink comp="222" pin=0"/></net>

<net id="229"><net_src comp="138" pin="0"/><net_sink comp="226" pin=0"/></net>

<net id="233"><net_src comp="138" pin="0"/><net_sink comp="230" pin=0"/></net>

<net id="237"><net_src comp="138" pin="0"/><net_sink comp="234" pin=0"/></net>

<net id="241"><net_src comp="138" pin="0"/><net_sink comp="238" pin=0"/></net>

<net id="245"><net_src comp="138" pin="0"/><net_sink comp="242" pin=0"/></net>

<net id="249"><net_src comp="138" pin="0"/><net_sink comp="246" pin=0"/></net>

<net id="253"><net_src comp="138" pin="0"/><net_sink comp="250" pin=0"/></net>

<net id="257"><net_src comp="138" pin="0"/><net_sink comp="254" pin=0"/></net>

<net id="261"><net_src comp="138" pin="0"/><net_sink comp="258" pin=0"/></net>

<net id="265"><net_src comp="138" pin="0"/><net_sink comp="262" pin=0"/></net>

<net id="269"><net_src comp="138" pin="0"/><net_sink comp="266" pin=0"/></net>

<net id="273"><net_src comp="138" pin="0"/><net_sink comp="270" pin=0"/></net>

<net id="277"><net_src comp="138" pin="0"/><net_sink comp="274" pin=0"/></net>

<net id="281"><net_src comp="138" pin="0"/><net_sink comp="278" pin=0"/></net>

<net id="285"><net_src comp="138" pin="0"/><net_sink comp="282" pin=0"/></net>

<net id="289"><net_src comp="138" pin="0"/><net_sink comp="286" pin=0"/></net>

<net id="293"><net_src comp="138" pin="0"/><net_sink comp="290" pin=0"/></net>

<net id="297"><net_src comp="138" pin="0"/><net_sink comp="294" pin=0"/></net>

<net id="301"><net_src comp="138" pin="0"/><net_sink comp="298" pin=0"/></net>

<net id="305"><net_src comp="138" pin="0"/><net_sink comp="302" pin=0"/></net>

<net id="309"><net_src comp="138" pin="0"/><net_sink comp="306" pin=0"/></net>

<net id="313"><net_src comp="138" pin="0"/><net_sink comp="310" pin=0"/></net>

<net id="317"><net_src comp="138" pin="0"/><net_sink comp="314" pin=0"/></net>

<net id="321"><net_src comp="138" pin="0"/><net_sink comp="318" pin=0"/></net>

<net id="325"><net_src comp="138" pin="0"/><net_sink comp="322" pin=0"/></net>

<net id="329"><net_src comp="138" pin="0"/><net_sink comp="326" pin=0"/></net>

<net id="333"><net_src comp="138" pin="0"/><net_sink comp="330" pin=0"/></net>

<net id="337"><net_src comp="138" pin="0"/><net_sink comp="334" pin=0"/></net>

<net id="342"><net_src comp="152" pin="0"/><net_sink comp="338" pin=0"/></net>

<net id="343"><net_src comp="68" pin="0"/><net_sink comp="338" pin=1"/></net>

<net id="348"><net_src comp="154" pin="0"/><net_sink comp="344" pin=0"/></net>

<net id="349"><net_src comp="62" pin="0"/><net_sink comp="344" pin=1"/></net>

<net id="354"><net_src comp="154" pin="0"/><net_sink comp="350" pin=0"/></net>

<net id="355"><net_src comp="60" pin="0"/><net_sink comp="350" pin=1"/></net>

<net id="360"><net_src comp="154" pin="0"/><net_sink comp="356" pin=0"/></net>

<net id="361"><net_src comp="58" pin="0"/><net_sink comp="356" pin=1"/></net>

<net id="366"><net_src comp="154" pin="0"/><net_sink comp="362" pin=0"/></net>

<net id="367"><net_src comp="56" pin="0"/><net_sink comp="362" pin=1"/></net>

<net id="372"><net_src comp="154" pin="0"/><net_sink comp="368" pin=0"/></net>

<net id="373"><net_src comp="54" pin="0"/><net_sink comp="368" pin=1"/></net>

<net id="378"><net_src comp="154" pin="0"/><net_sink comp="374" pin=0"/></net>

<net id="379"><net_src comp="52" pin="0"/><net_sink comp="374" pin=1"/></net>

<net id="384"><net_src comp="154" pin="0"/><net_sink comp="380" pin=0"/></net>

<net id="385"><net_src comp="50" pin="0"/><net_sink comp="380" pin=1"/></net>

<net id="390"><net_src comp="154" pin="0"/><net_sink comp="386" pin=0"/></net>

<net id="391"><net_src comp="48" pin="0"/><net_sink comp="386" pin=1"/></net>

<net id="396"><net_src comp="154" pin="0"/><net_sink comp="392" pin=0"/></net>

<net id="397"><net_src comp="46" pin="0"/><net_sink comp="392" pin=1"/></net>

<net id="402"><net_src comp="154" pin="0"/><net_sink comp="398" pin=0"/></net>

<net id="403"><net_src comp="44" pin="0"/><net_sink comp="398" pin=1"/></net>

<net id="408"><net_src comp="154" pin="0"/><net_sink comp="404" pin=0"/></net>

<net id="409"><net_src comp="42" pin="0"/><net_sink comp="404" pin=1"/></net>

<net id="414"><net_src comp="154" pin="0"/><net_sink comp="410" pin=0"/></net>

<net id="415"><net_src comp="40" pin="0"/><net_sink comp="410" pin=1"/></net>

<net id="420"><net_src comp="154" pin="0"/><net_sink comp="416" pin=0"/></net>

<net id="421"><net_src comp="38" pin="0"/><net_sink comp="416" pin=1"/></net>

<net id="426"><net_src comp="154" pin="0"/><net_sink comp="422" pin=0"/></net>

<net id="427"><net_src comp="36" pin="0"/><net_sink comp="422" pin=1"/></net>

<net id="432"><net_src comp="154" pin="0"/><net_sink comp="428" pin=0"/></net>

<net id="433"><net_src comp="34" pin="0"/><net_sink comp="428" pin=1"/></net>

<net id="438"><net_src comp="154" pin="0"/><net_sink comp="434" pin=0"/></net>

<net id="439"><net_src comp="32" pin="0"/><net_sink comp="434" pin=1"/></net>

<net id="444"><net_src comp="154" pin="0"/><net_sink comp="440" pin=0"/></net>

<net id="445"><net_src comp="30" pin="0"/><net_sink comp="440" pin=1"/></net>

<net id="450"><net_src comp="154" pin="0"/><net_sink comp="446" pin=0"/></net>

<net id="451"><net_src comp="28" pin="0"/><net_sink comp="446" pin=1"/></net>

<net id="456"><net_src comp="154" pin="0"/><net_sink comp="452" pin=0"/></net>

<net id="457"><net_src comp="26" pin="0"/><net_sink comp="452" pin=1"/></net>

<net id="462"><net_src comp="154" pin="0"/><net_sink comp="458" pin=0"/></net>

<net id="463"><net_src comp="24" pin="0"/><net_sink comp="458" pin=1"/></net>

<net id="468"><net_src comp="154" pin="0"/><net_sink comp="464" pin=0"/></net>

<net id="469"><net_src comp="22" pin="0"/><net_sink comp="464" pin=1"/></net>

<net id="474"><net_src comp="154" pin="0"/><net_sink comp="470" pin=0"/></net>

<net id="475"><net_src comp="20" pin="0"/><net_sink comp="470" pin=1"/></net>

<net id="480"><net_src comp="154" pin="0"/><net_sink comp="476" pin=0"/></net>

<net id="481"><net_src comp="18" pin="0"/><net_sink comp="476" pin=1"/></net>

<net id="486"><net_src comp="154" pin="0"/><net_sink comp="482" pin=0"/></net>

<net id="487"><net_src comp="16" pin="0"/><net_sink comp="482" pin=1"/></net>

<net id="492"><net_src comp="154" pin="0"/><net_sink comp="488" pin=0"/></net>

<net id="493"><net_src comp="14" pin="0"/><net_sink comp="488" pin=1"/></net>

<net id="498"><net_src comp="154" pin="0"/><net_sink comp="494" pin=0"/></net>

<net id="499"><net_src comp="12" pin="0"/><net_sink comp="494" pin=1"/></net>

<net id="504"><net_src comp="154" pin="0"/><net_sink comp="500" pin=0"/></net>

<net id="505"><net_src comp="10" pin="0"/><net_sink comp="500" pin=1"/></net>

<net id="510"><net_src comp="154" pin="0"/><net_sink comp="506" pin=0"/></net>

<net id="511"><net_src comp="8" pin="0"/><net_sink comp="506" pin=1"/></net>

<net id="516"><net_src comp="154" pin="0"/><net_sink comp="512" pin=0"/></net>

<net id="517"><net_src comp="6" pin="0"/><net_sink comp="512" pin=1"/></net>

<net id="522"><net_src comp="154" pin="0"/><net_sink comp="518" pin=0"/></net>

<net id="523"><net_src comp="4" pin="0"/><net_sink comp="518" pin=1"/></net>

<net id="528"><net_src comp="154" pin="0"/><net_sink comp="524" pin=0"/></net>

<net id="529"><net_src comp="2" pin="0"/><net_sink comp="524" pin=1"/></net>

<net id="534"><net_src comp="154" pin="0"/><net_sink comp="530" pin=0"/></net>

<net id="535"><net_src comp="0" pin="0"/><net_sink comp="530" pin=1"/></net>

<net id="541"><net_src comp="188" pin="0"/><net_sink comp="536" pin=0"/></net>

<net id="542"><net_src comp="64" pin="0"/><net_sink comp="536" pin=1"/></net>

<net id="548"><net_src comp="188" pin="0"/><net_sink comp="543" pin=0"/></net>

<net id="549"><net_src comp="66" pin="0"/><net_sink comp="543" pin=1"/></net>

<net id="555"><net_src comp="198" pin="0"/><net_sink comp="550" pin=0"/></net>

<net id="556"><net_src comp="72" pin="0"/><net_sink comp="550" pin=1"/></net>

<net id="562"><net_src comp="198" pin="0"/><net_sink comp="557" pin=0"/></net>

<net id="563"><net_src comp="74" pin="0"/><net_sink comp="557" pin=1"/></net>

<net id="569"><net_src comp="198" pin="0"/><net_sink comp="564" pin=0"/></net>

<net id="570"><net_src comp="76" pin="0"/><net_sink comp="564" pin=1"/></net>

<net id="576"><net_src comp="198" pin="0"/><net_sink comp="571" pin=0"/></net>

<net id="577"><net_src comp="78" pin="0"/><net_sink comp="571" pin=1"/></net>

<net id="583"><net_src comp="198" pin="0"/><net_sink comp="578" pin=0"/></net>

<net id="584"><net_src comp="80" pin="0"/><net_sink comp="578" pin=1"/></net>

<net id="590"><net_src comp="198" pin="0"/><net_sink comp="585" pin=0"/></net>

<net id="591"><net_src comp="82" pin="0"/><net_sink comp="585" pin=1"/></net>

<net id="597"><net_src comp="198" pin="0"/><net_sink comp="592" pin=0"/></net>

<net id="598"><net_src comp="84" pin="0"/><net_sink comp="592" pin=1"/></net>

<net id="604"><net_src comp="198" pin="0"/><net_sink comp="599" pin=0"/></net>

<net id="605"><net_src comp="86" pin="0"/><net_sink comp="599" pin=1"/></net>

<net id="611"><net_src comp="198" pin="0"/><net_sink comp="606" pin=0"/></net>

<net id="612"><net_src comp="88" pin="0"/><net_sink comp="606" pin=1"/></net>

<net id="618"><net_src comp="198" pin="0"/><net_sink comp="613" pin=0"/></net>

<net id="619"><net_src comp="90" pin="0"/><net_sink comp="613" pin=1"/></net>

<net id="625"><net_src comp="198" pin="0"/><net_sink comp="620" pin=0"/></net>

<net id="626"><net_src comp="92" pin="0"/><net_sink comp="620" pin=1"/></net>

<net id="632"><net_src comp="198" pin="0"/><net_sink comp="627" pin=0"/></net>

<net id="633"><net_src comp="94" pin="0"/><net_sink comp="627" pin=1"/></net>

<net id="639"><net_src comp="198" pin="0"/><net_sink comp="634" pin=0"/></net>

<net id="640"><net_src comp="96" pin="0"/><net_sink comp="634" pin=1"/></net>

<net id="646"><net_src comp="198" pin="0"/><net_sink comp="641" pin=0"/></net>

<net id="647"><net_src comp="98" pin="0"/><net_sink comp="641" pin=1"/></net>

<net id="653"><net_src comp="198" pin="0"/><net_sink comp="648" pin=0"/></net>

<net id="654"><net_src comp="100" pin="0"/><net_sink comp="648" pin=1"/></net>

<net id="660"><net_src comp="198" pin="0"/><net_sink comp="655" pin=0"/></net>

<net id="661"><net_src comp="102" pin="0"/><net_sink comp="655" pin=1"/></net>

<net id="667"><net_src comp="198" pin="0"/><net_sink comp="662" pin=0"/></net>

<net id="668"><net_src comp="104" pin="0"/><net_sink comp="662" pin=1"/></net>

<net id="674"><net_src comp="198" pin="0"/><net_sink comp="669" pin=0"/></net>

<net id="675"><net_src comp="106" pin="0"/><net_sink comp="669" pin=1"/></net>

<net id="681"><net_src comp="198" pin="0"/><net_sink comp="676" pin=0"/></net>

<net id="682"><net_src comp="108" pin="0"/><net_sink comp="676" pin=1"/></net>

<net id="688"><net_src comp="198" pin="0"/><net_sink comp="683" pin=0"/></net>

<net id="689"><net_src comp="110" pin="0"/><net_sink comp="683" pin=1"/></net>

<net id="695"><net_src comp="198" pin="0"/><net_sink comp="690" pin=0"/></net>

<net id="696"><net_src comp="112" pin="0"/><net_sink comp="690" pin=1"/></net>

<net id="702"><net_src comp="198" pin="0"/><net_sink comp="697" pin=0"/></net>

<net id="703"><net_src comp="114" pin="0"/><net_sink comp="697" pin=1"/></net>

<net id="709"><net_src comp="198" pin="0"/><net_sink comp="704" pin=0"/></net>

<net id="710"><net_src comp="116" pin="0"/><net_sink comp="704" pin=1"/></net>

<net id="716"><net_src comp="198" pin="0"/><net_sink comp="711" pin=0"/></net>

<net id="717"><net_src comp="118" pin="0"/><net_sink comp="711" pin=1"/></net>

<net id="723"><net_src comp="198" pin="0"/><net_sink comp="718" pin=0"/></net>

<net id="724"><net_src comp="120" pin="0"/><net_sink comp="718" pin=1"/></net>

<net id="730"><net_src comp="198" pin="0"/><net_sink comp="725" pin=0"/></net>

<net id="731"><net_src comp="122" pin="0"/><net_sink comp="725" pin=1"/></net>

<net id="737"><net_src comp="198" pin="0"/><net_sink comp="732" pin=0"/></net>

<net id="738"><net_src comp="124" pin="0"/><net_sink comp="732" pin=1"/></net>

<net id="744"><net_src comp="198" pin="0"/><net_sink comp="739" pin=0"/></net>

<net id="745"><net_src comp="126" pin="0"/><net_sink comp="739" pin=1"/></net>

<net id="751"><net_src comp="198" pin="0"/><net_sink comp="746" pin=0"/></net>

<net id="752"><net_src comp="128" pin="0"/><net_sink comp="746" pin=1"/></net>

<net id="758"><net_src comp="198" pin="0"/><net_sink comp="753" pin=0"/></net>

<net id="759"><net_src comp="130" pin="0"/><net_sink comp="753" pin=1"/></net>

<net id="765"><net_src comp="198" pin="0"/><net_sink comp="760" pin=0"/></net>

<net id="766"><net_src comp="132" pin="0"/><net_sink comp="760" pin=1"/></net>

<net id="772"><net_src comp="198" pin="0"/><net_sink comp="767" pin=0"/></net>

<net id="773"><net_src comp="134" pin="0"/><net_sink comp="767" pin=1"/></net>

<net id="779"><net_src comp="200" pin="0"/><net_sink comp="774" pin=0"/></net>

<net id="780"><net_src comp="136" pin="0"/><net_sink comp="774" pin=1"/></net>

<net id="786"><net_src comp="70" pin="0"/><net_sink comp="781" pin=0"/></net>

<net id="787"><net_src comp="166" pin="0"/><net_sink comp="781" pin=1"/></net>

<net id="793"><net_src comp="781" pin="3"/><net_sink comp="788" pin=0"/></net>

<net id="798"><net_src comp="530" pin="2"/><net_sink comp="794" pin=0"/></net>

<net id="803"><net_src comp="524" pin="2"/><net_sink comp="799" pin=0"/></net>

<net id="808"><net_src comp="518" pin="2"/><net_sink comp="804" pin=0"/></net>

<net id="813"><net_src comp="512" pin="2"/><net_sink comp="809" pin=0"/></net>

<net id="818"><net_src comp="506" pin="2"/><net_sink comp="814" pin=0"/></net>

<net id="823"><net_src comp="500" pin="2"/><net_sink comp="819" pin=0"/></net>

<net id="828"><net_src comp="494" pin="2"/><net_sink comp="824" pin=0"/></net>

<net id="833"><net_src comp="488" pin="2"/><net_sink comp="829" pin=0"/></net>

<net id="838"><net_src comp="482" pin="2"/><net_sink comp="834" pin=0"/></net>

<net id="843"><net_src comp="476" pin="2"/><net_sink comp="839" pin=0"/></net>

<net id="848"><net_src comp="470" pin="2"/><net_sink comp="844" pin=0"/></net>

<net id="853"><net_src comp="464" pin="2"/><net_sink comp="849" pin=0"/></net>

<net id="858"><net_src comp="458" pin="2"/><net_sink comp="854" pin=0"/></net>

<net id="863"><net_src comp="452" pin="2"/><net_sink comp="859" pin=0"/></net>

<net id="868"><net_src comp="446" pin="2"/><net_sink comp="864" pin=0"/></net>

<net id="873"><net_src comp="440" pin="2"/><net_sink comp="869" pin=0"/></net>

<net id="878"><net_src comp="434" pin="2"/><net_sink comp="874" pin=0"/></net>

<net id="883"><net_src comp="428" pin="2"/><net_sink comp="879" pin=0"/></net>

<net id="888"><net_src comp="422" pin="2"/><net_sink comp="884" pin=0"/></net>

<net id="893"><net_src comp="416" pin="2"/><net_sink comp="889" pin=0"/></net>

<net id="898"><net_src comp="410" pin="2"/><net_sink comp="894" pin=0"/></net>

<net id="903"><net_src comp="404" pin="2"/><net_sink comp="899" pin=0"/></net>

<net id="908"><net_src comp="398" pin="2"/><net_sink comp="904" pin=0"/></net>

<net id="913"><net_src comp="392" pin="2"/><net_sink comp="909" pin=0"/></net>

<net id="918"><net_src comp="386" pin="2"/><net_sink comp="914" pin=0"/></net>

<net id="923"><net_src comp="380" pin="2"/><net_sink comp="919" pin=0"/></net>

<net id="928"><net_src comp="374" pin="2"/><net_sink comp="924" pin=0"/></net>

<net id="933"><net_src comp="368" pin="2"/><net_sink comp="929" pin=0"/></net>

<net id="938"><net_src comp="362" pin="2"/><net_sink comp="934" pin=0"/></net>

<net id="943"><net_src comp="356" pin="2"/><net_sink comp="939" pin=0"/></net>

<net id="948"><net_src comp="350" pin="2"/><net_sink comp="944" pin=0"/></net>

<net id="953"><net_src comp="344" pin="2"/><net_sink comp="949" pin=0"/></net>

<net id="958"><net_src comp="156" pin="0"/><net_sink comp="954" pin=0"/></net>

<net id="963"><net_src comp="158" pin="0"/><net_sink comp="959" pin=0"/></net>

<net id="971"><net_src comp="964" pin="1"/><net_sink comp="967" pin=0"/></net>

<net id="972"><net_src comp="160" pin="0"/><net_sink comp="967" pin=1"/></net>

<net id="977"><net_src comp="964" pin="1"/><net_sink comp="973" pin=0"/></net>

<net id="978"><net_src comp="162" pin="0"/><net_sink comp="973" pin=1"/></net>

<net id="982"><net_src comp="964" pin="1"/><net_sink comp="979" pin=0"/></net>

<net id="988"><net_src comp="164" pin="0"/><net_sink comp="983" pin=0"/></net>

<net id="989"><net_src comp="338" pin="2"/><net_sink comp="983" pin=1"/></net>

<net id="990"><net_src comp="979" pin="1"/><net_sink comp="983" pin=2"/></net>

<net id="994"><net_src comp="983" pin="3"/><net_sink comp="991" pin=0"/></net>

<net id="995"><net_src comp="991" pin="1"/><net_sink comp="781" pin=2"/></net>

<net id="1000"><net_src comp="973" pin="2"/><net_sink comp="996" pin=0"/></net>

<net id="1004"><net_src comp="788" pin="3"/><net_sink comp="1001" pin=0"/></net>

<net id="1011"><net_src comp="172" pin="0"/><net_sink comp="1005" pin=0"/></net>

<net id="1012"><net_src comp="788" pin="3"/><net_sink comp="1005" pin=1"/></net>

<net id="1013"><net_src comp="174" pin="0"/><net_sink comp="1005" pin=2"/></net>

<net id="1014"><net_src comp="176" pin="0"/><net_sink comp="1005" pin=3"/></net>

<net id="1021"><net_src comp="172" pin="0"/><net_sink comp="1015" pin=0"/></net>

<net id="1022"><net_src comp="788" pin="3"/><net_sink comp="1015" pin=1"/></net>

<net id="1023"><net_src comp="178" pin="0"/><net_sink comp="1015" pin=2"/></net>

<net id="1024"><net_src comp="180" pin="0"/><net_sink comp="1015" pin=3"/></net>

<net id="1031"><net_src comp="172" pin="0"/><net_sink comp="1025" pin=0"/></net>

<net id="1032"><net_src comp="788" pin="3"/><net_sink comp="1025" pin=1"/></net>

<net id="1033"><net_src comp="182" pin="0"/><net_sink comp="1025" pin=2"/></net>

<net id="1034"><net_src comp="184" pin="0"/><net_sink comp="1025" pin=3"/></net>

<net id="1064"><net_src comp="1001" pin="1"/><net_sink comp="1059" pin=1"/></net>

<net id="1065"><net_src comp="1041" pin="1"/><net_sink comp="1059" pin=2"/></net>

<net id="1071"><net_src comp="1035" pin="1"/><net_sink comp="1066" pin=1"/></net>

<net id="1072"><net_src comp="1001" pin="1"/><net_sink comp="1066" pin=2"/></net>

<net id="1078"><net_src comp="1005" pin="4"/><net_sink comp="1073" pin=1"/></net>

<net id="1079"><net_src comp="1044" pin="1"/><net_sink comp="1073" pin=2"/></net>

<net id="1085"><net_src comp="1038" pin="1"/><net_sink comp="1080" pin=1"/></net>

<net id="1086"><net_src comp="1005" pin="4"/><net_sink comp="1080" pin=2"/></net>

<net id="1092"><net_src comp="1015" pin="4"/><net_sink comp="1087" pin=1"/></net>

<net id="1093"><net_src comp="1053" pin="1"/><net_sink comp="1087" pin=2"/></net>

<net id="1099"><net_src comp="1047" pin="1"/><net_sink comp="1094" pin=1"/></net>

<net id="1100"><net_src comp="1015" pin="4"/><net_sink comp="1094" pin=2"/></net>

<net id="1106"><net_src comp="1025" pin="4"/><net_sink comp="1101" pin=1"/></net>

<net id="1107"><net_src comp="1056" pin="1"/><net_sink comp="1101" pin=2"/></net>

<net id="1113"><net_src comp="1050" pin="1"/><net_sink comp="1108" pin=1"/></net>

<net id="1114"><net_src comp="1025" pin="4"/><net_sink comp="1108" pin=2"/></net>

<net id="1119"><net_src comp="1101" pin="3"/><net_sink comp="1115" pin=0"/></net>

<net id="1124"><net_src comp="1087" pin="3"/><net_sink comp="1120" pin=0"/></net>

<net id="1129"><net_src comp="1108" pin="3"/><net_sink comp="1125" pin=0"/></net>

<net id="1134"><net_src comp="1094" pin="3"/><net_sink comp="1130" pin=0"/></net>

<net id="1139"><net_src comp="1073" pin="3"/><net_sink comp="1135" pin=0"/></net>

<net id="1144"><net_src comp="1059" pin="3"/><net_sink comp="1140" pin=0"/></net>

<net id="1149"><net_src comp="1080" pin="3"/><net_sink comp="1145" pin=0"/></net>

<net id="1154"><net_src comp="1066" pin="3"/><net_sink comp="1150" pin=0"/></net>

<net id="1184"><net_src comp="1001" pin="1"/><net_sink comp="1179" pin=1"/></net>

<net id="1185"><net_src comp="1161" pin="1"/><net_sink comp="1179" pin=2"/></net>

<net id="1191"><net_src comp="1155" pin="1"/><net_sink comp="1186" pin=1"/></net>

<net id="1192"><net_src comp="1001" pin="1"/><net_sink comp="1186" pin=2"/></net>

<net id="1198"><net_src comp="1005" pin="4"/><net_sink comp="1193" pin=1"/></net>

<net id="1199"><net_src comp="1164" pin="1"/><net_sink comp="1193" pin=2"/></net>

<net id="1205"><net_src comp="1158" pin="1"/><net_sink comp="1200" pin=1"/></net>

<net id="1206"><net_src comp="1005" pin="4"/><net_sink comp="1200" pin=2"/></net>

<net id="1212"><net_src comp="1015" pin="4"/><net_sink comp="1207" pin=1"/></net>

<net id="1213"><net_src comp="1173" pin="1"/><net_sink comp="1207" pin=2"/></net>

<net id="1219"><net_src comp="1167" pin="1"/><net_sink comp="1214" pin=1"/></net>

<net id="1220"><net_src comp="1015" pin="4"/><net_sink comp="1214" pin=2"/></net>

<net id="1226"><net_src comp="1025" pin="4"/><net_sink comp="1221" pin=1"/></net>

<net id="1227"><net_src comp="1176" pin="1"/><net_sink comp="1221" pin=2"/></net>

<net id="1233"><net_src comp="1170" pin="1"/><net_sink comp="1228" pin=1"/></net>

<net id="1234"><net_src comp="1025" pin="4"/><net_sink comp="1228" pin=2"/></net>

<net id="1239"><net_src comp="1221" pin="3"/><net_sink comp="1235" pin=0"/></net>

<net id="1244"><net_src comp="1207" pin="3"/><net_sink comp="1240" pin=0"/></net>

<net id="1249"><net_src comp="1228" pin="3"/><net_sink comp="1245" pin=0"/></net>

<net id="1254"><net_src comp="1214" pin="3"/><net_sink comp="1250" pin=0"/></net>

<net id="1259"><net_src comp="1193" pin="3"/><net_sink comp="1255" pin=0"/></net>

<net id="1264"><net_src comp="1179" pin="3"/><net_sink comp="1260" pin=0"/></net>

<net id="1269"><net_src comp="1200" pin="3"/><net_sink comp="1265" pin=0"/></net>

<net id="1274"><net_src comp="1186" pin="3"/><net_sink comp="1270" pin=0"/></net>

<net id="1304"><net_src comp="1001" pin="1"/><net_sink comp="1299" pin=1"/></net>

<net id="1305"><net_src comp="1281" pin="1"/><net_sink comp="1299" pin=2"/></net>

<net id="1311"><net_src comp="1275" pin="1"/><net_sink comp="1306" pin=1"/></net>

<net id="1312"><net_src comp="1001" pin="1"/><net_sink comp="1306" pin=2"/></net>

<net id="1318"><net_src comp="1005" pin="4"/><net_sink comp="1313" pin=1"/></net>

<net id="1319"><net_src comp="1284" pin="1"/><net_sink comp="1313" pin=2"/></net>

<net id="1325"><net_src comp="1278" pin="1"/><net_sink comp="1320" pin=1"/></net>

<net id="1326"><net_src comp="1005" pin="4"/><net_sink comp="1320" pin=2"/></net>

<net id="1332"><net_src comp="1015" pin="4"/><net_sink comp="1327" pin=1"/></net>

<net id="1333"><net_src comp="1293" pin="1"/><net_sink comp="1327" pin=2"/></net>

<net id="1339"><net_src comp="1287" pin="1"/><net_sink comp="1334" pin=1"/></net>

<net id="1340"><net_src comp="1015" pin="4"/><net_sink comp="1334" pin=2"/></net>

<net id="1346"><net_src comp="1025" pin="4"/><net_sink comp="1341" pin=1"/></net>

<net id="1347"><net_src comp="1296" pin="1"/><net_sink comp="1341" pin=2"/></net>

<net id="1353"><net_src comp="1290" pin="1"/><net_sink comp="1348" pin=1"/></net>

<net id="1354"><net_src comp="1025" pin="4"/><net_sink comp="1348" pin=2"/></net>

<net id="1359"><net_src comp="1341" pin="3"/><net_sink comp="1355" pin=0"/></net>

<net id="1364"><net_src comp="1327" pin="3"/><net_sink comp="1360" pin=0"/></net>

<net id="1369"><net_src comp="1348" pin="3"/><net_sink comp="1365" pin=0"/></net>

<net id="1374"><net_src comp="1334" pin="3"/><net_sink comp="1370" pin=0"/></net>

<net id="1379"><net_src comp="1313" pin="3"/><net_sink comp="1375" pin=0"/></net>

<net id="1384"><net_src comp="1299" pin="3"/><net_sink comp="1380" pin=0"/></net>

<net id="1389"><net_src comp="1320" pin="3"/><net_sink comp="1385" pin=0"/></net>

<net id="1394"><net_src comp="1306" pin="3"/><net_sink comp="1390" pin=0"/></net>

<net id="1424"><net_src comp="1001" pin="1"/><net_sink comp="1419" pin=1"/></net>

<net id="1425"><net_src comp="1401" pin="1"/><net_sink comp="1419" pin=2"/></net>

<net id="1431"><net_src comp="1395" pin="1"/><net_sink comp="1426" pin=1"/></net>

<net id="1432"><net_src comp="1001" pin="1"/><net_sink comp="1426" pin=2"/></net>

<net id="1438"><net_src comp="1005" pin="4"/><net_sink comp="1433" pin=1"/></net>

<net id="1439"><net_src comp="1404" pin="1"/><net_sink comp="1433" pin=2"/></net>

<net id="1445"><net_src comp="1398" pin="1"/><net_sink comp="1440" pin=1"/></net>

<net id="1446"><net_src comp="1005" pin="4"/><net_sink comp="1440" pin=2"/></net>

<net id="1452"><net_src comp="1015" pin="4"/><net_sink comp="1447" pin=1"/></net>

<net id="1453"><net_src comp="1413" pin="1"/><net_sink comp="1447" pin=2"/></net>

<net id="1459"><net_src comp="1407" pin="1"/><net_sink comp="1454" pin=1"/></net>

<net id="1460"><net_src comp="1015" pin="4"/><net_sink comp="1454" pin=2"/></net>

<net id="1466"><net_src comp="1025" pin="4"/><net_sink comp="1461" pin=1"/></net>

<net id="1467"><net_src comp="1416" pin="1"/><net_sink comp="1461" pin=2"/></net>

<net id="1473"><net_src comp="1410" pin="1"/><net_sink comp="1468" pin=1"/></net>

<net id="1474"><net_src comp="1025" pin="4"/><net_sink comp="1468" pin=2"/></net>

<net id="1479"><net_src comp="1461" pin="3"/><net_sink comp="1475" pin=0"/></net>

<net id="1484"><net_src comp="1447" pin="3"/><net_sink comp="1480" pin=0"/></net>

<net id="1489"><net_src comp="1468" pin="3"/><net_sink comp="1485" pin=0"/></net>

<net id="1494"><net_src comp="1454" pin="3"/><net_sink comp="1490" pin=0"/></net>

<net id="1499"><net_src comp="1433" pin="3"/><net_sink comp="1495" pin=0"/></net>

<net id="1504"><net_src comp="1419" pin="3"/><net_sink comp="1500" pin=0"/></net>

<net id="1509"><net_src comp="1440" pin="3"/><net_sink comp="1505" pin=0"/></net>

<net id="1514"><net_src comp="1426" pin="3"/><net_sink comp="1510" pin=0"/></net>

<net id="1518"><net_src comp="1005" pin="4"/><net_sink comp="1515" pin=0"/></net>

<net id="1522"><net_src comp="1025" pin="4"/><net_sink comp="1519" pin=0"/></net>

<net id="1528"><net_src comp="186" pin="0"/><net_sink comp="1523" pin=0"/></net>

<net id="1529"><net_src comp="1001" pin="1"/><net_sink comp="1523" pin=1"/></net>

<net id="1530"><net_src comp="1005" pin="4"/><net_sink comp="1523" pin=2"/></net>

<net id="1531"><net_src comp="1523" pin="3"/><net_sink comp="536" pin=2"/></net>

<net id="1537"><net_src comp="186" pin="0"/><net_sink comp="1532" pin=0"/></net>

<net id="1538"><net_src comp="1015" pin="4"/><net_sink comp="1532" pin=1"/></net>

<net id="1539"><net_src comp="1025" pin="4"/><net_sink comp="1532" pin=2"/></net>

<net id="1540"><net_src comp="1532" pin="3"/><net_sink comp="543" pin=2"/></net>

<net id="1556"><net_src comp="1550" pin="1"/><net_sink comp="1553" pin=0"/></net>

<net id="1557"><net_src comp="1553" pin="1"/><net_sink comp="774" pin=2"/></net>

<net id="1565"><net_src comp="1558" pin="1"/><net_sink comp="1561" pin=0"/></net>

<net id="1566"><net_src comp="1550" pin="1"/><net_sink comp="1561" pin=1"/></net>

<net id="1571"><net_src comp="1561" pin="2"/><net_sink comp="1567" pin=0"/></net>

<net id="1575"><net_src comp="1572" pin="1"/><net_sink comp="767" pin=2"/></net>

<net id="1579"><net_src comp="1576" pin="1"/><net_sink comp="760" pin=2"/></net>

<net id="1583"><net_src comp="1580" pin="1"/><net_sink comp="753" pin=2"/></net>

<net id="1587"><net_src comp="1584" pin="1"/><net_sink comp="746" pin=2"/></net>

<net id="1591"><net_src comp="1588" pin="1"/><net_sink comp="739" pin=2"/></net>

<net id="1595"><net_src comp="1592" pin="1"/><net_sink comp="732" pin=2"/></net>

<net id="1599"><net_src comp="1596" pin="1"/><net_sink comp="725" pin=2"/></net>

<net id="1603"><net_src comp="1600" pin="1"/><net_sink comp="718" pin=2"/></net>

<net id="1607"><net_src comp="1604" pin="1"/><net_sink comp="711" pin=2"/></net>

<net id="1611"><net_src comp="1608" pin="1"/><net_sink comp="704" pin=2"/></net>

<net id="1615"><net_src comp="1612" pin="1"/><net_sink comp="697" pin=2"/></net>

<net id="1619"><net_src comp="1616" pin="1"/><net_sink comp="690" pin=2"/></net>

<net id="1623"><net_src comp="1620" pin="1"/><net_sink comp="683" pin=2"/></net>

<net id="1627"><net_src comp="1624" pin="1"/><net_sink comp="676" pin=2"/></net>

<net id="1631"><net_src comp="1628" pin="1"/><net_sink comp="669" pin=2"/></net>

<net id="1635"><net_src comp="1632" pin="1"/><net_sink comp="662" pin=2"/></net>

<net id="1639"><net_src comp="1636" pin="1"/><net_sink comp="655" pin=2"/></net>

<net id="1643"><net_src comp="1640" pin="1"/><net_sink comp="648" pin=2"/></net>

<net id="1647"><net_src comp="1644" pin="1"/><net_sink comp="641" pin=2"/></net>

<net id="1651"><net_src comp="1648" pin="1"/><net_sink comp="634" pin=2"/></net>

<net id="1655"><net_src comp="1652" pin="1"/><net_sink comp="627" pin=2"/></net>

<net id="1659"><net_src comp="1656" pin="1"/><net_sink comp="620" pin=2"/></net>

<net id="1663"><net_src comp="1660" pin="1"/><net_sink comp="613" pin=2"/></net>

<net id="1667"><net_src comp="1664" pin="1"/><net_sink comp="606" pin=2"/></net>

<net id="1671"><net_src comp="1668" pin="1"/><net_sink comp="599" pin=2"/></net>

<net id="1675"><net_src comp="1672" pin="1"/><net_sink comp="592" pin=2"/></net>

<net id="1679"><net_src comp="1676" pin="1"/><net_sink comp="585" pin=2"/></net>

<net id="1683"><net_src comp="1680" pin="1"/><net_sink comp="578" pin=2"/></net>

<net id="1687"><net_src comp="1684" pin="1"/><net_sink comp="571" pin=2"/></net>

<net id="1691"><net_src comp="1688" pin="1"/><net_sink comp="564" pin=2"/></net>

<net id="1695"><net_src comp="1692" pin="1"/><net_sink comp="557" pin=2"/></net>

<net id="1699"><net_src comp="1696" pin="1"/><net_sink comp="550" pin=2"/></net>

<net id="1704"><net_src comp="1519" pin="1"/><net_sink comp="1700" pin=0"/></net>

<net id="1705"><net_src comp="1515" pin="1"/><net_sink comp="1700" pin=1"/></net>

<net id="1706"><net_src comp="1700" pin="2"/><net_sink comp="1547" pin=0"/></net>

<net id="1712"><net_src comp="1544" pin="1"/><net_sink comp="1707" pin=0"/></net>

<net id="1713"><net_src comp="1541" pin="1"/><net_sink comp="1707" pin=1"/></net>

<net id="1714"><net_src comp="1547" pin="1"/><net_sink comp="1707" pin=2"/></net>

<net id="1715"><net_src comp="1707" pin="3"/><net_sink comp="1558" pin=0"/></net>

<net id="1719"><net_src comp="202" pin="1"/><net_sink comp="1716" pin=0"/></net>

<net id="1720"><net_src comp="1716" pin="1"/><net_sink comp="959" pin=1"/></net>

<net id="1721"><net_src comp="1716" pin="1"/><net_sink comp="1550" pin=0"/></net>

<net id="1722"><net_src comp="1716" pin="1"/><net_sink comp="1567" pin=1"/></net>

<net id="1726"><net_src comp="206" pin="1"/><net_sink comp="1723" pin=0"/></net>

<net id="1727"><net_src comp="1723" pin="1"/><net_sink comp="954" pin=1"/></net>

<net id="1728"><net_src comp="1723" pin="1"/><net_sink comp="964" pin=0"/></net>

<net id="1729"><net_src comp="1723" pin="1"/><net_sink comp="996" pin=1"/></net>

<net id="1733"><net_src comp="210" pin="1"/><net_sink comp="1730" pin=0"/></net>

<net id="1734"><net_src comp="1730" pin="1"/><net_sink comp="949" pin=1"/></net>

<net id="1735"><net_src comp="1730" pin="1"/><net_sink comp="1275" pin=0"/></net>

<net id="1736"><net_src comp="1730" pin="1"/><net_sink comp="1390" pin=1"/></net>

<net id="1737"><net_src comp="1730" pin="1"/><net_sink comp="1572" pin=0"/></net>

<net id="1741"><net_src comp="214" pin="1"/><net_sink comp="1738" pin=0"/></net>

<net id="1742"><net_src comp="1738" pin="1"/><net_sink comp="944" pin=1"/></net>

<net id="1743"><net_src comp="1738" pin="1"/><net_sink comp="1278" pin=0"/></net>

<net id="1744"><net_src comp="1738" pin="1"/><net_sink comp="1385" pin=1"/></net>

<net id="1745"><net_src comp="1738" pin="1"/><net_sink comp="1576" pin=0"/></net>

<net id="1749"><net_src comp="218" pin="1"/><net_sink comp="1746" pin=0"/></net>

<net id="1750"><net_src comp="1746" pin="1"/><net_sink comp="939" pin=1"/></net>

<net id="1751"><net_src comp="1746" pin="1"/><net_sink comp="1281" pin=0"/></net>

<net id="1752"><net_src comp="1746" pin="1"/><net_sink comp="1380" pin=1"/></net>

<net id="1753"><net_src comp="1746" pin="1"/><net_sink comp="1580" pin=0"/></net>

<net id="1757"><net_src comp="222" pin="1"/><net_sink comp="1754" pin=0"/></net>

<net id="1758"><net_src comp="1754" pin="1"/><net_sink comp="934" pin=1"/></net>

<net id="1759"><net_src comp="1754" pin="1"/><net_sink comp="1284" pin=0"/></net>

<net id="1760"><net_src comp="1754" pin="1"/><net_sink comp="1375" pin=1"/></net>

<net id="1761"><net_src comp="1754" pin="1"/><net_sink comp="1584" pin=0"/></net>

<net id="1765"><net_src comp="226" pin="1"/><net_sink comp="1762" pin=0"/></net>

<net id="1766"><net_src comp="1762" pin="1"/><net_sink comp="929" pin=1"/></net>

<net id="1767"><net_src comp="1762" pin="1"/><net_sink comp="1287" pin=0"/></net>

<net id="1768"><net_src comp="1762" pin="1"/><net_sink comp="1370" pin=1"/></net>

<net id="1769"><net_src comp="1762" pin="1"/><net_sink comp="1588" pin=0"/></net>

<net id="1773"><net_src comp="230" pin="1"/><net_sink comp="1770" pin=0"/></net>

<net id="1774"><net_src comp="1770" pin="1"/><net_sink comp="924" pin=1"/></net>

<net id="1775"><net_src comp="1770" pin="1"/><net_sink comp="1290" pin=0"/></net>

<net id="1776"><net_src comp="1770" pin="1"/><net_sink comp="1365" pin=1"/></net>

<net id="1777"><net_src comp="1770" pin="1"/><net_sink comp="1592" pin=0"/></net>

<net id="1781"><net_src comp="234" pin="1"/><net_sink comp="1778" pin=0"/></net>

<net id="1782"><net_src comp="1778" pin="1"/><net_sink comp="919" pin=1"/></net>

<net id="1783"><net_src comp="1778" pin="1"/><net_sink comp="1293" pin=0"/></net>

<net id="1784"><net_src comp="1778" pin="1"/><net_sink comp="1360" pin=1"/></net>

<net id="1785"><net_src comp="1778" pin="1"/><net_sink comp="1596" pin=0"/></net>

<net id="1789"><net_src comp="238" pin="1"/><net_sink comp="1786" pin=0"/></net>

<net id="1790"><net_src comp="1786" pin="1"/><net_sink comp="914" pin=1"/></net>

<net id="1791"><net_src comp="1786" pin="1"/><net_sink comp="1296" pin=0"/></net>

<net id="1792"><net_src comp="1786" pin="1"/><net_sink comp="1355" pin=1"/></net>

<net id="1793"><net_src comp="1786" pin="1"/><net_sink comp="1600" pin=0"/></net>

<net id="1797"><net_src comp="242" pin="1"/><net_sink comp="1794" pin=0"/></net>

<net id="1798"><net_src comp="1794" pin="1"/><net_sink comp="909" pin=1"/></net>

<net id="1799"><net_src comp="1794" pin="1"/><net_sink comp="1155" pin=0"/></net>

<net id="1800"><net_src comp="1794" pin="1"/><net_sink comp="1270" pin=1"/></net>

<net id="1801"><net_src comp="1794" pin="1"/><net_sink comp="1604" pin=0"/></net>

<net id="1805"><net_src comp="246" pin="1"/><net_sink comp="1802" pin=0"/></net>

<net id="1806"><net_src comp="1802" pin="1"/><net_sink comp="904" pin=1"/></net>

<net id="1807"><net_src comp="1802" pin="1"/><net_sink comp="1158" pin=0"/></net>

<net id="1808"><net_src comp="1802" pin="1"/><net_sink comp="1265" pin=1"/></net>

<net id="1809"><net_src comp="1802" pin="1"/><net_sink comp="1608" pin=0"/></net>

<net id="1813"><net_src comp="250" pin="1"/><net_sink comp="1810" pin=0"/></net>

<net id="1814"><net_src comp="1810" pin="1"/><net_sink comp="899" pin=1"/></net>

<net id="1815"><net_src comp="1810" pin="1"/><net_sink comp="1161" pin=0"/></net>

<net id="1816"><net_src comp="1810" pin="1"/><net_sink comp="1260" pin=1"/></net>

<net id="1817"><net_src comp="1810" pin="1"/><net_sink comp="1612" pin=0"/></net>

<net id="1821"><net_src comp="254" pin="1"/><net_sink comp="1818" pin=0"/></net>

<net id="1822"><net_src comp="1818" pin="1"/><net_sink comp="894" pin=1"/></net>

<net id="1823"><net_src comp="1818" pin="1"/><net_sink comp="1164" pin=0"/></net>

<net id="1824"><net_src comp="1818" pin="1"/><net_sink comp="1255" pin=1"/></net>

<net id="1825"><net_src comp="1818" pin="1"/><net_sink comp="1616" pin=0"/></net>

<net id="1829"><net_src comp="258" pin="1"/><net_sink comp="1826" pin=0"/></net>

<net id="1830"><net_src comp="1826" pin="1"/><net_sink comp="889" pin=1"/></net>

<net id="1831"><net_src comp="1826" pin="1"/><net_sink comp="1167" pin=0"/></net>

<net id="1832"><net_src comp="1826" pin="1"/><net_sink comp="1250" pin=1"/></net>

<net id="1833"><net_src comp="1826" pin="1"/><net_sink comp="1620" pin=0"/></net>

<net id="1837"><net_src comp="262" pin="1"/><net_sink comp="1834" pin=0"/></net>

<net id="1838"><net_src comp="1834" pin="1"/><net_sink comp="884" pin=1"/></net>

<net id="1839"><net_src comp="1834" pin="1"/><net_sink comp="1170" pin=0"/></net>

<net id="1840"><net_src comp="1834" pin="1"/><net_sink comp="1245" pin=1"/></net>

<net id="1841"><net_src comp="1834" pin="1"/><net_sink comp="1624" pin=0"/></net>

<net id="1845"><net_src comp="266" pin="1"/><net_sink comp="1842" pin=0"/></net>

<net id="1846"><net_src comp="1842" pin="1"/><net_sink comp="879" pin=1"/></net>

<net id="1847"><net_src comp="1842" pin="1"/><net_sink comp="1173" pin=0"/></net>

<net id="1848"><net_src comp="1842" pin="1"/><net_sink comp="1240" pin=1"/></net>

<net id="1849"><net_src comp="1842" pin="1"/><net_sink comp="1628" pin=0"/></net>

<net id="1853"><net_src comp="270" pin="1"/><net_sink comp="1850" pin=0"/></net>

<net id="1854"><net_src comp="1850" pin="1"/><net_sink comp="874" pin=1"/></net>

<net id="1855"><net_src comp="1850" pin="1"/><net_sink comp="1176" pin=0"/></net>

<net id="1856"><net_src comp="1850" pin="1"/><net_sink comp="1235" pin=1"/></net>

<net id="1857"><net_src comp="1850" pin="1"/><net_sink comp="1632" pin=0"/></net>

<net id="1861"><net_src comp="274" pin="1"/><net_sink comp="1858" pin=0"/></net>

<net id="1862"><net_src comp="1858" pin="1"/><net_sink comp="869" pin=1"/></net>

<net id="1863"><net_src comp="1858" pin="1"/><net_sink comp="1035" pin=0"/></net>

<net id="1864"><net_src comp="1858" pin="1"/><net_sink comp="1150" pin=1"/></net>

<net id="1865"><net_src comp="1858" pin="1"/><net_sink comp="1636" pin=0"/></net>

<net id="1869"><net_src comp="278" pin="1"/><net_sink comp="1866" pin=0"/></net>

<net id="1870"><net_src comp="1866" pin="1"/><net_sink comp="864" pin=1"/></net>

<net id="1871"><net_src comp="1866" pin="1"/><net_sink comp="1038" pin=0"/></net>

<net id="1872"><net_src comp="1866" pin="1"/><net_sink comp="1145" pin=1"/></net>

<net id="1873"><net_src comp="1866" pin="1"/><net_sink comp="1640" pin=0"/></net>

<net id="1877"><net_src comp="282" pin="1"/><net_sink comp="1874" pin=0"/></net>

<net id="1878"><net_src comp="1874" pin="1"/><net_sink comp="859" pin=1"/></net>

<net id="1879"><net_src comp="1874" pin="1"/><net_sink comp="1041" pin=0"/></net>

<net id="1880"><net_src comp="1874" pin="1"/><net_sink comp="1140" pin=1"/></net>

<net id="1881"><net_src comp="1874" pin="1"/><net_sink comp="1644" pin=0"/></net>

<net id="1885"><net_src comp="286" pin="1"/><net_sink comp="1882" pin=0"/></net>

<net id="1886"><net_src comp="1882" pin="1"/><net_sink comp="854" pin=1"/></net>

<net id="1887"><net_src comp="1882" pin="1"/><net_sink comp="1044" pin=0"/></net>

<net id="1888"><net_src comp="1882" pin="1"/><net_sink comp="1135" pin=1"/></net>

<net id="1889"><net_src comp="1882" pin="1"/><net_sink comp="1648" pin=0"/></net>

<net id="1893"><net_src comp="290" pin="1"/><net_sink comp="1890" pin=0"/></net>

<net id="1894"><net_src comp="1890" pin="1"/><net_sink comp="849" pin=1"/></net>

<net id="1895"><net_src comp="1890" pin="1"/><net_sink comp="1047" pin=0"/></net>

<net id="1896"><net_src comp="1890" pin="1"/><net_sink comp="1130" pin=1"/></net>

<net id="1897"><net_src comp="1890" pin="1"/><net_sink comp="1652" pin=0"/></net>

<net id="1901"><net_src comp="294" pin="1"/><net_sink comp="1898" pin=0"/></net>

<net id="1902"><net_src comp="1898" pin="1"/><net_sink comp="844" pin=1"/></net>

<net id="1903"><net_src comp="1898" pin="1"/><net_sink comp="1050" pin=0"/></net>

<net id="1904"><net_src comp="1898" pin="1"/><net_sink comp="1125" pin=1"/></net>

<net id="1905"><net_src comp="1898" pin="1"/><net_sink comp="1656" pin=0"/></net>

<net id="1909"><net_src comp="298" pin="1"/><net_sink comp="1906" pin=0"/></net>

<net id="1910"><net_src comp="1906" pin="1"/><net_sink comp="839" pin=1"/></net>

<net id="1911"><net_src comp="1906" pin="1"/><net_sink comp="1053" pin=0"/></net>

<net id="1912"><net_src comp="1906" pin="1"/><net_sink comp="1120" pin=1"/></net>

<net id="1913"><net_src comp="1906" pin="1"/><net_sink comp="1660" pin=0"/></net>

<net id="1917"><net_src comp="302" pin="1"/><net_sink comp="1914" pin=0"/></net>

<net id="1918"><net_src comp="1914" pin="1"/><net_sink comp="834" pin=1"/></net>

<net id="1919"><net_src comp="1914" pin="1"/><net_sink comp="1056" pin=0"/></net>

<net id="1920"><net_src comp="1914" pin="1"/><net_sink comp="1115" pin=1"/></net>

<net id="1921"><net_src comp="1914" pin="1"/><net_sink comp="1664" pin=0"/></net>

<net id="1925"><net_src comp="306" pin="1"/><net_sink comp="1922" pin=0"/></net>

<net id="1926"><net_src comp="1922" pin="1"/><net_sink comp="829" pin=1"/></net>

<net id="1927"><net_src comp="1922" pin="1"/><net_sink comp="1395" pin=0"/></net>

<net id="1928"><net_src comp="1922" pin="1"/><net_sink comp="1510" pin=1"/></net>

<net id="1929"><net_src comp="1922" pin="1"/><net_sink comp="1668" pin=0"/></net>

<net id="1933"><net_src comp="310" pin="1"/><net_sink comp="1930" pin=0"/></net>

<net id="1934"><net_src comp="1930" pin="1"/><net_sink comp="824" pin=1"/></net>

<net id="1935"><net_src comp="1930" pin="1"/><net_sink comp="1398" pin=0"/></net>

<net id="1936"><net_src comp="1930" pin="1"/><net_sink comp="1505" pin=1"/></net>

<net id="1937"><net_src comp="1930" pin="1"/><net_sink comp="1672" pin=0"/></net>

<net id="1941"><net_src comp="314" pin="1"/><net_sink comp="1938" pin=0"/></net>

<net id="1942"><net_src comp="1938" pin="1"/><net_sink comp="819" pin=1"/></net>

<net id="1943"><net_src comp="1938" pin="1"/><net_sink comp="1401" pin=0"/></net>

<net id="1944"><net_src comp="1938" pin="1"/><net_sink comp="1500" pin=1"/></net>

<net id="1945"><net_src comp="1938" pin="1"/><net_sink comp="1676" pin=0"/></net>

<net id="1949"><net_src comp="318" pin="1"/><net_sink comp="1946" pin=0"/></net>

<net id="1950"><net_src comp="1946" pin="1"/><net_sink comp="814" pin=1"/></net>

<net id="1951"><net_src comp="1946" pin="1"/><net_sink comp="1404" pin=0"/></net>

<net id="1952"><net_src comp="1946" pin="1"/><net_sink comp="1495" pin=1"/></net>

<net id="1953"><net_src comp="1946" pin="1"/><net_sink comp="1680" pin=0"/></net>

<net id="1957"><net_src comp="322" pin="1"/><net_sink comp="1954" pin=0"/></net>

<net id="1958"><net_src comp="1954" pin="1"/><net_sink comp="809" pin=1"/></net>

<net id="1959"><net_src comp="1954" pin="1"/><net_sink comp="1407" pin=0"/></net>

<net id="1960"><net_src comp="1954" pin="1"/><net_sink comp="1490" pin=1"/></net>

<net id="1961"><net_src comp="1954" pin="1"/><net_sink comp="1684" pin=0"/></net>

<net id="1965"><net_src comp="326" pin="1"/><net_sink comp="1962" pin=0"/></net>

<net id="1966"><net_src comp="1962" pin="1"/><net_sink comp="804" pin=1"/></net>

<net id="1967"><net_src comp="1962" pin="1"/><net_sink comp="1410" pin=0"/></net>

<net id="1968"><net_src comp="1962" pin="1"/><net_sink comp="1485" pin=1"/></net>

<net id="1969"><net_src comp="1962" pin="1"/><net_sink comp="1688" pin=0"/></net>

<net id="1973"><net_src comp="330" pin="1"/><net_sink comp="1970" pin=0"/></net>

<net id="1974"><net_src comp="1970" pin="1"/><net_sink comp="799" pin=1"/></net>

<net id="1975"><net_src comp="1970" pin="1"/><net_sink comp="1413" pin=0"/></net>

<net id="1976"><net_src comp="1970" pin="1"/><net_sink comp="1480" pin=1"/></net>

<net id="1977"><net_src comp="1970" pin="1"/><net_sink comp="1692" pin=0"/></net>

<net id="1981"><net_src comp="334" pin="1"/><net_sink comp="1978" pin=0"/></net>

<net id="1982"><net_src comp="1978" pin="1"/><net_sink comp="794" pin=1"/></net>

<net id="1983"><net_src comp="1978" pin="1"/><net_sink comp="1416" pin=0"/></net>

<net id="1984"><net_src comp="1978" pin="1"/><net_sink comp="1475" pin=1"/></net>

<net id="1985"><net_src comp="1978" pin="1"/><net_sink comp="1696" pin=0"/></net>

<net id="1989"><net_src comp="338" pin="2"/><net_sink comp="1986" pin=0"/></net>

<net id="1993"><net_src comp="967" pin="2"/><net_sink comp="1990" pin=0"/></net>

<net id="1997"><net_src comp="979" pin="1"/><net_sink comp="1994" pin=0"/></net>

<net id="1998"><net_src comp="1994" pin="1"/><net_sink comp="1059" pin=0"/></net>

<net id="1999"><net_src comp="1994" pin="1"/><net_sink comp="1066" pin=0"/></net>

<net id="2000"><net_src comp="1994" pin="1"/><net_sink comp="1073" pin=0"/></net>

<net id="2001"><net_src comp="1994" pin="1"/><net_sink comp="1080" pin=0"/></net>

<net id="2002"><net_src comp="1994" pin="1"/><net_sink comp="1087" pin=0"/></net>

<net id="2003"><net_src comp="1994" pin="1"/><net_sink comp="1094" pin=0"/></net>

<net id="2004"><net_src comp="1994" pin="1"/><net_sink comp="1101" pin=0"/></net>

<net id="2005"><net_src comp="1994" pin="1"/><net_sink comp="1108" pin=0"/></net>

<net id="2006"><net_src comp="1994" pin="1"/><net_sink comp="1179" pin=0"/></net>

<net id="2007"><net_src comp="1994" pin="1"/><net_sink comp="1186" pin=0"/></net>

<net id="2008"><net_src comp="1994" pin="1"/><net_sink comp="1193" pin=0"/></net>

<net id="2009"><net_src comp="1994" pin="1"/><net_sink comp="1200" pin=0"/></net>

<net id="2010"><net_src comp="1994" pin="1"/><net_sink comp="1207" pin=0"/></net>

<net id="2011"><net_src comp="1994" pin="1"/><net_sink comp="1214" pin=0"/></net>

<net id="2012"><net_src comp="1994" pin="1"/><net_sink comp="1221" pin=0"/></net>

<net id="2013"><net_src comp="1994" pin="1"/><net_sink comp="1228" pin=0"/></net>

<net id="2014"><net_src comp="1994" pin="1"/><net_sink comp="1299" pin=0"/></net>

<net id="2015"><net_src comp="1994" pin="1"/><net_sink comp="1306" pin=0"/></net>

<net id="2016"><net_src comp="1994" pin="1"/><net_sink comp="1313" pin=0"/></net>

<net id="2017"><net_src comp="1994" pin="1"/><net_sink comp="1320" pin=0"/></net>

<net id="2018"><net_src comp="1994" pin="1"/><net_sink comp="1327" pin=0"/></net>

<net id="2019"><net_src comp="1994" pin="1"/><net_sink comp="1334" pin=0"/></net>

<net id="2020"><net_src comp="1994" pin="1"/><net_sink comp="1341" pin=0"/></net>

<net id="2021"><net_src comp="1994" pin="1"/><net_sink comp="1348" pin=0"/></net>

<net id="2022"><net_src comp="1994" pin="1"/><net_sink comp="1419" pin=0"/></net>

<net id="2023"><net_src comp="1994" pin="1"/><net_sink comp="1426" pin=0"/></net>

<net id="2024"><net_src comp="1994" pin="1"/><net_sink comp="1433" pin=0"/></net>

<net id="2025"><net_src comp="1994" pin="1"/><net_sink comp="1440" pin=0"/></net>

<net id="2026"><net_src comp="1994" pin="1"/><net_sink comp="1447" pin=0"/></net>

<net id="2027"><net_src comp="1994" pin="1"/><net_sink comp="1454" pin=0"/></net>

<net id="2028"><net_src comp="1994" pin="1"/><net_sink comp="1461" pin=0"/></net>

<net id="2029"><net_src comp="1994" pin="1"/><net_sink comp="1468" pin=0"/></net>

<net id="2033"><net_src comp="781" pin="3"/><net_sink comp="2030" pin=0"/></net>

<net id="2034"><net_src comp="2030" pin="1"/><net_sink comp="788" pin=0"/></net>

<net id="2038"><net_src comp="1001" pin="1"/><net_sink comp="2035" pin=0"/></net>

<net id="2039"><net_src comp="2035" pin="1"/><net_sink comp="1541" pin=0"/></net>

<net id="2043"><net_src comp="1015" pin="4"/><net_sink comp="2040" pin=0"/></net>

<net id="2044"><net_src comp="2040" pin="1"/><net_sink comp="1544" pin=0"/></net>

<net id="2048"><net_src comp="1515" pin="1"/><net_sink comp="2045" pin=0"/></net>

<net id="2049"><net_src comp="2045" pin="1"/><net_sink comp="1700" pin=1"/></net>

<net id="2053"><net_src comp="1519" pin="1"/><net_sink comp="2050" pin=0"/></net>

<net id="2054"><net_src comp="2050" pin="1"/><net_sink comp="1700" pin=0"/></net>

<net id="2058"><net_src comp="1541" pin="1"/><net_sink comp="2055" pin=0"/></net>

<net id="2059"><net_src comp="2055" pin="1"/><net_sink comp="1707" pin=1"/></net>

<net id="2063"><net_src comp="1544" pin="1"/><net_sink comp="2060" pin=0"/></net>

<net id="2064"><net_src comp="2060" pin="1"/><net_sink comp="1707" pin=0"/></net>

<net id="2068"><net_src comp="1547" pin="1"/><net_sink comp="2065" pin=0"/></net>

<net id="2069"><net_src comp="2065" pin="1"/><net_sink comp="1707" pin=0"/></net>

</net_list>

</model> 
---------------- Datapath Model END ------------------

* FSMD analyzer results:
  - Output states:
	Port: fwd_out1 | {2 }
	Port: fwd_out2 | {2 }
	Port: REG_V_63_out | {6 }
	Port: REG_V_62_out | {6 }
	Port: REG_V_61_out | {6 }
	Port: REG_V_60_out | {6 }
	Port: REG_V_59_out | {6 }
	Port: REG_V_58_out | {6 }
	Port: REG_V_57_out | {6 }
	Port: REG_V_56_out | {6 }
	Port: REG_V_55_out | {6 }
	Port: REG_V_54_out | {6 }
	Port: REG_V_53_out | {6 }
	Port: REG_V_52_out | {6 }
	Port: REG_V_51_out | {6 }
	Port: REG_V_50_out | {6 }
	Port: REG_V_49_out | {6 }
	Port: REG_V_48_out | {6 }
	Port: REG_V_47_out | {6 }
	Port: REG_V_46_out | {6 }
	Port: REG_V_45_out | {6 }
	Port: REG_V_44_out | {6 }
	Port: REG_V_43_out | {6 }
	Port: REG_V_42_out | {6 }
	Port: REG_V_41_out | {6 }
	Port: REG_V_40_out | {6 }
	Port: REG_V_39_out | {6 }
	Port: REG_V_38_out | {6 }
	Port: REG_V_37_out | {6 }
	Port: REG_V_36_out | {6 }
	Port: REG_V_35_out | {6 }
	Port: REG_V_34_out | {6 }
	Port: REG_V_33_out | {6 }
	Port: REG_V_32_out | {6 }
	Port: self_sum_V_out | {6 }
 - Input state : 
	Port: compute_Pipeline_VITIS_LOOP_60_1 : REG_V_31 | {1 }
	Port: compute_Pipeline_VITIS_LOOP_60_1 : REG_V_30 | {1 }
	Port: compute_Pipeline_VITIS_LOOP_60_1 : REG_V_29 | {1 }
	Port: compute_Pipeline_VITIS_LOOP_60_1 : REG_V_28 | {1 }
	Port: compute_Pipeline_VITIS_LOOP_60_1 : REG_V_27 | {1 }
	Port: compute_Pipeline_VITIS_LOOP_60_1 : REG_V_26 | {1 }
	Port: compute_Pipeline_VITIS_LOOP_60_1 : REG_V_25 | {1 }
	Port: compute_Pipeline_VITIS_LOOP_60_1 : REG_V_24 | {1 }
	Port: compute_Pipeline_VITIS_LOOP_60_1 : REG_V_23 | {1 }
	Port: compute_Pipeline_VITIS_LOOP_60_1 : REG_V_22 | {1 }
	Port: compute_Pipeline_VITIS_LOOP_60_1 : REG_V_21 | {1 }
	Port: compute_Pipeline_VITIS_LOOP_60_1 : REG_V_20 | {1 }
	Port: compute_Pipeline_VITIS_LOOP_60_1 : REG_V_19 | {1 }
	Port: compute_Pipeline_VITIS_LOOP_60_1 : REG_V_18 | {1 }
	Port: compute_Pipeline_VITIS_LOOP_60_1 : REG_V_17 | {1 }
	Port: compute_Pipeline_VITIS_LOOP_60_1 : REG_V_16 | {1 }
	Port: compute_Pipeline_VITIS_LOOP_60_1 : REG_V_15 | {1 }
	Port: compute_Pipeline_VITIS_LOOP_60_1 : REG_V_14 | {1 }
	Port: compute_Pipeline_VITIS_LOOP_60_1 : REG_V_13 | {1 }
	Port: compute_Pipeline_VITIS_LOOP_60_1 : REG_V_12 | {1 }
	Port: compute_Pipeline_VITIS_LOOP_60_1 : REG_V_11 | {1 }
	Port: compute_Pipeline_VITIS_LOOP_60_1 : REG_V_10 | {1 }
	Port: compute_Pipeline_VITIS_LOOP_60_1 : REG_V_9 | {1 }
	Port: compute_Pipeline_VITIS_LOOP_60_1 : REG_V_8 | {1 }
	Port: compute_Pipeline_VITIS_LOOP_60_1 : REG_V_7 | {1 }
	Port: compute_Pipeline_VITIS_LOOP_60_1 : REG_V_6 | {1 }
	Port: compute_Pipeline_VITIS_LOOP_60_1 : REG_V_5 | {1 }
	Port: compute_Pipeline_VITIS_LOOP_60_1 : REG_V_4 | {1 }
	Port: compute_Pipeline_VITIS_LOOP_60_1 : REG_V_3 | {1 }
	Port: compute_Pipeline_VITIS_LOOP_60_1 : REG_V_2 | {1 }
	Port: compute_Pipeline_VITIS_LOOP_60_1 : REG_V_1 | {1 }
	Port: compute_Pipeline_VITIS_LOOP_60_1 : REG_V | {1 }
	Port: compute_Pipeline_VITIS_LOOP_60_1 : i_cast | {1 }
	Port: compute_Pipeline_VITIS_LOOP_60_1 : buffer_1 | {1 2 }
  - Chain level:
	State 1
		store_ln0 : 1
		store_ln0 : 1
		fe_1 : 1
		icmp_ln60 : 2
		add_ln60 : 2
		br_ln60 : 3
		trunc_ln61 : 2
		add_ln : 3
		zext_ln61 : 4
		buffer_1_addr : 5
		word : 6
		store_ln60 : 3
	State 2
		lhs : 1
		lhs_2 : 1
		rhs : 1
		rhs_2 : 1
		REG_V_75 : 2
		REG_V_76 : 2
		REG_V_80 : 2
		REG_V_79 : 2
		REG_V_78 : 2
		REG_V_77 : 2
		select_ln69_6 : 2
		select_ln69_7 : 2
		store_ln69 : 3
		store_ln69 : 3
		store_ln69 : 3
		store_ln69 : 3
		store_ln69 : 3
		store_ln69 : 3
		store_ln69 : 3
		store_ln69 : 3
		REG_V_72 : 2
		p_Repl2_2 : 2
		select_ln67_4 : 2
		select_ln67_5 : 2
		select_ln68_4 : 2
		select_ln68_5 : 2
		select_ln69_4 : 2
		select_ln69_5 : 2
		store_ln69 : 3
		store_ln69 : 3
		store_ln69 : 3
		store_ln69 : 3
		store_ln69 : 3
		store_ln69 : 3
		store_ln69 : 3
		store_ln69 : 3
		REG_V_71 : 2
		p_Repl2_1 : 2
		select_ln67_2 : 2
		select_ln67_3 : 2
		select_ln68_2 : 2
		select_ln68_3 : 2
		select_ln69_2 : 2
		select_ln69_3 : 2
		store_ln69 : 3
		store_ln69 : 3
		store_ln69 : 3
		store_ln69 : 3
		store_ln69 : 3
		store_ln69 : 3
		store_ln69 : 3
		store_ln69 : 3
		REG_V_65 : 2
		p_Repl2_s : 2
		select_ln67 : 2
		select_ln67_1 : 2
		select_ln68 : 2
		select_ln68_1 : 2
		select_ln69 : 2
		select_ln69_1 : 2
		store_ln69 : 3
		store_ln69 : 3
		store_ln69 : 3
		store_ln69 : 3
		store_ln69 : 3
		store_ln69 : 3
		store_ln69 : 3
		store_ln69 : 3
		zext_ln186_17 : 2
		zext_ln186_18 : 2
		ret_V_4 : 3
		p_Result_s : 2
		write_ln71 : 3
		p_Result_1 : 2
		write_ln72 : 3
	State 3
		ret_V_3 : 1
	State 4
	State 5
		zext_ln186_19 : 1
		zext_ln186_20 : 1
		ret_V : 2
	State 6
		empty : 1
		zext_ln840 : 1
		self_sum_V_3 : 2
		store_ln60 : 3
		write_ln0 : 1
		write_ln0 : 1
		write_ln0 : 1
		write_ln0 : 1
		write_ln0 : 1
		write_ln0 : 1
		write_ln0 : 1
		write_ln0 : 1
		write_ln0 : 1
		write_ln0 : 1
		write_ln0 : 1
		write_ln0 : 1
		write_ln0 : 1
		write_ln0 : 1
		write_ln0 : 1
		write_ln0 : 1
		write_ln0 : 1
		write_ln0 : 1
		write_ln0 : 1
		write_ln0 : 1
		write_ln0 : 1
		write_ln0 : 1
		write_ln0 : 1
		write_ln0 : 1
		write_ln0 : 1
		write_ln0 : 1
		write_ln0 : 1
		write_ln0 : 1
		write_ln0 : 1
		write_ln0 : 1
		write_ln0 : 1
		write_ln0 : 1
		write_ln0 : 2


============================================================
+ Verbose Summary: Datapath Resource usage 
============================================================

* Functional unit list:
|----------|---------------------------|---------|---------|---------|
| Operation|      Functional Unit      |   DSP   |    FF   |   LUT   |
|----------|---------------------------|---------|---------|---------|
|          |      REG_V_75_fu_1059     |    0    |    0    |    16   |
|          |      REG_V_76_fu_1066     |    0    |    0    |    16   |
|          |      REG_V_80_fu_1073     |    0    |    0    |    16   |
|          |      REG_V_79_fu_1080     |    0    |    0    |    16   |
|          |      REG_V_78_fu_1087     |    0    |    0    |    16   |
|          |      REG_V_77_fu_1094     |    0    |    0    |    16   |
|          |   select_ln69_6_fu_1101   |    0    |    0    |    16   |
|          |   select_ln69_7_fu_1108   |    0    |    0    |    16   |
|          |      REG_V_72_fu_1179     |    0    |    0    |    16   |
|          |     p_Repl2_2_fu_1186     |    0    |    0    |    16   |
|          |   select_ln67_4_fu_1193   |    0    |    0    |    16   |
|          |   select_ln67_5_fu_1200   |    0    |    0    |    16   |
|          |   select_ln68_4_fu_1207   |    0    |    0    |    16   |
|          |   select_ln68_5_fu_1214   |    0    |    0    |    16   |
|          |   select_ln69_4_fu_1221   |    0    |    0    |    16   |
|  select  |   select_ln69_5_fu_1228   |    0    |    0    |    16   |
|          |      REG_V_71_fu_1299     |    0    |    0    |    16   |
|          |     p_Repl2_1_fu_1306     |    0    |    0    |    16   |
|          |   select_ln67_2_fu_1313   |    0    |    0    |    16   |
|          |   select_ln67_3_fu_1320   |    0    |    0    |    16   |
|          |   select_ln68_2_fu_1327   |    0    |    0    |    16   |
|          |   select_ln68_3_fu_1334   |    0    |    0    |    16   |
|          |   select_ln69_2_fu_1341   |    0    |    0    |    16   |
|          |   select_ln69_3_fu_1348   |    0    |    0    |    16   |
|          |      REG_V_65_fu_1419     |    0    |    0    |    16   |
|          |     p_Repl2_s_fu_1426     |    0    |    0    |    16   |
|          |    select_ln67_fu_1433    |    0    |    0    |    16   |
|          |   select_ln67_1_fu_1440   |    0    |    0    |    16   |
|          |    select_ln68_fu_1447    |    0    |    0    |    16   |
|          |   select_ln68_1_fu_1454   |    0    |    0    |    16   |
|          |    select_ln69_fu_1461    |    0    |    0    |    16   |
|          |   select_ln69_1_fu_1468   |    0    |    0    |    16   |
|----------|---------------------------|---------|---------|---------|
|    add   |      add_ln60_fu_973      |    0    |    0    |    9    |
|          |    self_sum_V_3_fu_1561   |    0    |    0    |    41   |
|----------|---------------------------|---------|---------|---------|
|   icmp   |      icmp_ln60_fu_967     |    0    |    0    |    8    |
|----------|---------------------------|---------|---------|---------|
|    mul   |        grp_fu_1700        |    1    |    0    |    0    |
|----------|---------------------------|---------|---------|---------|
|  muladd  |        grp_fu_1707        |    1    |    0    |    0    |
|----------|---------------------------|---------|---------|---------|
|          |  i_cast_read_read_fu_338  |    0    |    0    |    0    |
|          |   REG_V_read_read_fu_344  |    0    |    0    |    0    |
|          |  REG_V_1_read_read_fu_350 |    0    |    0    |    0    |
|          |  REG_V_2_read_read_fu_356 |    0    |    0    |    0    |
|          |  REG_V_3_read_read_fu_362 |    0    |    0    |    0    |
|          |  REG_V_4_read_read_fu_368 |    0    |    0    |    0    |
|          |  REG_V_5_read_read_fu_374 |    0    |    0    |    0    |
|          |  REG_V_6_read_read_fu_380 |    0    |    0    |    0    |
|          |  REG_V_7_read_read_fu_386 |    0    |    0    |    0    |
|          |  REG_V_8_read_read_fu_392 |    0    |    0    |    0    |
|          |  REG_V_9_read_read_fu_398 |    0    |    0    |    0    |
|          | REG_V_10_read_read_fu_404 |    0    |    0    |    0    |
|          | REG_V_11_read_read_fu_410 |    0    |    0    |    0    |
|          | REG_V_12_read_read_fu_416 |    0    |    0    |    0    |
|          | REG_V_13_read_read_fu_422 |    0    |    0    |    0    |
|          | REG_V_14_read_read_fu_428 |    0    |    0    |    0    |
|   read   | REG_V_15_read_read_fu_434 |    0    |    0    |    0    |
|          | REG_V_16_read_read_fu_440 |    0    |    0    |    0    |
|          | REG_V_17_read_read_fu_446 |    0    |    0    |    0    |
|          | REG_V_18_read_read_fu_452 |    0    |    0    |    0    |
|          | REG_V_19_read_read_fu_458 |    0    |    0    |    0    |
|          | REG_V_20_read_read_fu_464 |    0    |    0    |    0    |
|          | REG_V_21_read_read_fu_470 |    0    |    0    |    0    |
|          | REG_V_22_read_read_fu_476 |    0    |    0    |    0    |
|          | REG_V_23_read_read_fu_482 |    0    |    0    |    0    |
|          | REG_V_24_read_read_fu_488 |    0    |    0    |    0    |
|          | REG_V_25_read_read_fu_494 |    0    |    0    |    0    |
|          | REG_V_26_read_read_fu_500 |    0    |    0    |    0    |
|          | REG_V_27_read_read_fu_506 |    0    |    0    |    0    |
|          | REG_V_28_read_read_fu_512 |    0    |    0    |    0    |
|          | REG_V_29_read_read_fu_518 |    0    |    0    |    0    |
|          | REG_V_30_read_read_fu_524 |    0    |    0    |    0    |
|          | REG_V_31_read_read_fu_530 |    0    |    0    |    0    |
|----------|---------------------------|---------|---------|---------|
|          |  write_ln71_write_fu_536  |    0    |    0    |    0    |
|          |  write_ln72_write_fu_543  |    0    |    0    |    0    |
|          |   write_ln0_write_fu_550  |    0    |    0    |    0    |
|          |   write_ln0_write_fu_557  |    0    |    0    |    0    |
|          |   write_ln0_write_fu_564  |    0    |    0    |    0    |
|          |   write_ln0_write_fu_571  |    0    |    0    |    0    |
|          |   write_ln0_write_fu_578  |    0    |    0    |    0    |
|          |   write_ln0_write_fu_585  |    0    |    0    |    0    |
|          |   write_ln0_write_fu_592  |    0    |    0    |    0    |
|          |   write_ln0_write_fu_599  |    0    |    0    |    0    |
|          |   write_ln0_write_fu_606  |    0    |    0    |    0    |
|          |   write_ln0_write_fu_613  |    0    |    0    |    0    |
|          |   write_ln0_write_fu_620  |    0    |    0    |    0    |
|          |   write_ln0_write_fu_627  |    0    |    0    |    0    |
|          |   write_ln0_write_fu_634  |    0    |    0    |    0    |
|          |   write_ln0_write_fu_641  |    0    |    0    |    0    |
|          |   write_ln0_write_fu_648  |    0    |    0    |    0    |
|   write  |   write_ln0_write_fu_655  |    0    |    0    |    0    |
|          |   write_ln0_write_fu_662  |    0    |    0    |    0    |
|          |   write_ln0_write_fu_669  |    0    |    0    |    0    |
|          |   write_ln0_write_fu_676  |    0    |    0    |    0    |
|          |   write_ln0_write_fu_683  |    0    |    0    |    0    |
|          |   write_ln0_write_fu_690  |    0    |    0    |    0    |
|          |   write_ln0_write_fu_697  |    0    |    0    |    0    |
|          |   write_ln0_write_fu_704  |    0    |    0    |    0    |
|          |   write_ln0_write_fu_711  |    0    |    0    |    0    |
|          |   write_ln0_write_fu_718  |    0    |    0    |    0    |
|          |   write_ln0_write_fu_725  |    0    |    0    |    0    |
|          |   write_ln0_write_fu_732  |    0    |    0    |    0    |
|          |   write_ln0_write_fu_739  |    0    |    0    |    0    |
|          |   write_ln0_write_fu_746  |    0    |    0    |    0    |
|          |   write_ln0_write_fu_753  |    0    |    0    |    0    |
|          |   write_ln0_write_fu_760  |    0    |    0    |    0    |
|          |   write_ln0_write_fu_767  |    0    |    0    |    0    |
|          |   write_ln0_write_fu_774  |    0    |    0    |    0    |
|----------|---------------------------|---------|---------|---------|
|          |     trunc_ln61_fu_979     |    0    |    0    |    0    |
|   trunc  |        lhs_fu_1001        |    0    |    0    |    0    |
|          |       empty_fu_1553       |    0    |    0    |    0    |
|----------|---------------------------|---------|---------|---------|
|          |       add_ln_fu_983       |    0    |    0    |    0    |
|bitconcatenate|     p_Result_s_fu_1523    |    0    |    0    |    0    |
|          |     p_Result_1_fu_1532    |    0    |    0    |    0    |
|----------|---------------------------|---------|---------|---------|
|          |      zext_ln61_fu_991     |    0    |    0    |    0    |
|          |   zext_ln186_17_fu_1515   |    0    |    0    |    0    |
|          |   zext_ln186_18_fu_1519   |    0    |    0    |    0    |
|   zext   |     zext_ln186_fu_1541    |    0    |    0    |    0    |
|          |   zext_ln186_16_fu_1544   |    0    |    0    |    0    |
|          |   zext_ln186_20_fu_1547   |    0    |    0    |    0    |
|          |     zext_ln840_fu_1558    |    0    |    0    |    0    |
|----------|---------------------------|---------|---------|---------|
|          |       lhs_2_fu_1005       |    0    |    0    |    0    |
|partselect|        rhs_fu_1015        |    0    |    0    |    0    |
|          |       rhs_2_fu_1025       |    0    |    0    |    0    |
|----------|---------------------------|---------|---------|---------|
|   Total  |                           |    2    |    0    |   570   |
|----------|---------------------------|---------|---------|---------|

Memories:
N/A

* Register list:
+----------------------+--------+
|                      |   FF   |
+----------------------+--------+
|   REG_V_32_reg_1730  |   16   |
|   REG_V_33_reg_1738  |   16   |
|   REG_V_34_reg_1746  |   16   |
|   REG_V_35_reg_1754  |   16   |
|   REG_V_36_reg_1762  |   16   |
|   REG_V_37_reg_1770  |   16   |
|   REG_V_38_reg_1778  |   16   |
|   REG_V_39_reg_1786  |   16   |
|   REG_V_40_reg_1794  |   16   |
|   REG_V_41_reg_1802  |   16   |
|   REG_V_42_reg_1810  |   16   |
|   REG_V_43_reg_1818  |   16   |
|   REG_V_44_reg_1826  |   16   |
|   REG_V_45_reg_1834  |   16   |
|   REG_V_46_reg_1842  |   16   |
|   REG_V_47_reg_1850  |   16   |
|   REG_V_48_reg_1858  |   16   |
|   REG_V_49_reg_1866  |   16   |
|   REG_V_50_reg_1874  |   16   |
|   REG_V_51_reg_1882  |   16   |
|   REG_V_52_reg_1890  |   16   |
|   REG_V_53_reg_1898  |   16   |
|   REG_V_54_reg_1906  |   16   |
|   REG_V_55_reg_1914  |   16   |
|   REG_V_56_reg_1922  |   16   |
|   REG_V_57_reg_1930  |   16   |
|   REG_V_58_reg_1938  |   16   |
|   REG_V_59_reg_1946  |   16   |
|   REG_V_60_reg_1954  |   16   |
|   REG_V_61_reg_1962  |   16   |
|   REG_V_62_reg_1970  |   16   |
|   REG_V_63_reg_1978  |   16   |
|buffer_1_addr_reg_2030|    3   |
|      fe_reg_1723     |    2   |
| i_cast_read_reg_1986 |    2   |
|  icmp_ln60_reg_1990  |    1   |
|     lhs_reg_2035     |   16   |
|     rhs_reg_2040     |   16   |
|  self_sum_V_reg_1716 |   34   |
|  trunc_ln61_reg_1994 |    1   |
|zext_ln186_16_reg_2060|   32   |
|zext_ln186_17_reg_2045|   32   |
|zext_ln186_18_reg_2050|   32   |
|zext_ln186_20_reg_2065|   33   |
|  zext_ln186_reg_2055 |   32   |
+----------------------+--------+
|         Total        |   748  |
+----------------------+--------+

* Multiplexer (MUX) list: 
|-------------------|------|------|------|--------||---------||---------|
|        Comp       |  Pin | Size |  BW  | S x BW ||  Delay  ||   LUT   |
|-------------------|------|------|------|--------||---------||---------|
| grp_access_fu_788 |  p0  |   2  |   3  |    6   ||    9    |
|    grp_fu_1700    |  p0  |   2  |  16  |   32   ||    9    |
|    grp_fu_1700    |  p1  |   2  |  16  |   32   ||    9    |
|    grp_fu_1707    |  p0  |   3  |  16  |   48   ||    14   |
|    grp_fu_1707    |  p1  |   2  |  16  |   32   ||    9    |
|-------------------|------|------|------|--------||---------||---------|
|       Total       |      |      |      |   150  ||  2.184  ||    50   |
|-------------------|------|------|------|--------||---------||---------|



* Summary:
+-----------+--------+--------+--------+--------+
|           |   DSP  |  Delay |   FF   |   LUT  |
+-----------+--------+--------+--------+--------+
|  Function |    2   |    -   |    0   |   570  |
|   Memory  |    -   |    -   |    -   |    -   |
|Multiplexer|    -   |    2   |    -   |   50   |
|  Register |    -   |    -   |   748  |    -   |
+-----------+--------+--------+--------+--------+
|   Total   |    2   |    2   |   748  |   620  |
+-----------+--------+--------+--------+--------+
