

================================================================
== Vitis HLS Report for 'compute_slave_Pipeline_VITIS_LOOP_53_1_VITIS_LOOP_54_2'
================================================================
* Date:           Thu Sep 10 01:51:42 2026

* Version:        2022.2 (Build 3670227 on Oct 13 2022)
* Project:        Compute_block_slave
* Solution:       solution1 (Vivado IP Flow Target)
* Product family: zynquplus
* Target device:  xczu7ev-ffvc1156-2-e


================================================================
== Performance Estimates
================================================================
+ Timing: 
    * Summary: 
    +--------+----------+----------+------------+
    |  Clock |  Target  | Estimated| Uncertainty|
    +--------+----------+----------+------------+
    |ap_clk  |  10.00 ns|  1.993 ns|     2.70 ns|
    +--------+----------+----------+------------+

+ Latency: 
    * Summary: 
    +---------+---------+----------+----------+-----+-----+---------+
    |  Latency (cycles) |  Latency (absolute) |  Interval | Pipeline|
    |   min   |   max   |    min   |    max   | min | max |   Type  |
    +---------+---------+----------+----------+-----+-----+---------+
    |       10|       10|  0.100 us|  0.100 us|   10|   10|       no|
    +---------+---------+----------+----------+-----+-----+---------+

    + Detail: 
        * Instance: 
        N/A

        * Loop: 
        +-----------------------------------+---------+---------+----------+-----------+-----------+------+----------+
        |                                   |  Latency (cycles) | Iteration|  Initiation Interval  | Trip |          |
        |             Loop Name             |   min   |   max   |  Latency |  achieved |   target  | Count| Pipelined|
        +-----------------------------------+---------+---------+----------+-----------+-----------+------+----------+
        |- VITIS_LOOP_53_1_VITIS_LOOP_54_2  |        8|        8|         2|          1|          1|     8|       yes|
        +-----------------------------------+---------+---------+----------+-----------+-----------+------+----------+



================================================================
== Utilization Estimates
================================================================
* Summary: 
+-----------------+---------+------+--------+--------+-----+
|       Name      | BRAM_18K|  DSP |   FF   |   LUT  | URAM|
+-----------------+---------+------+--------+--------+-----+
|DSP              |        -|     -|       -|       -|    -|
|Expression       |        -|     -|       0|     323|    -|
|FIFO             |        -|     -|       -|       -|    -|
|Instance         |        -|     -|       -|       -|    -|
|Memory           |        -|     -|       -|       -|    -|
|Multiplexer      |        -|     -|       -|      63|    -|
|Register         |        -|     -|     269|       -|    -|
+-----------------+---------+------+--------+--------+-----+
|Total            |        0|     0|     269|     386|    0|
+-----------------+---------+------+--------+--------+-----+
|Available        |      624|  1728|  460800|  230400|   96|
+-----------------+---------+------+--------+--------+-----+
|Utilization (%)  |        0|     0|      ~0|      ~0|    0|
+-----------------+---------+------+--------+--------+-----+

+ Detail: 
    * Instance: 
    N/A

    * DSP: 
    N/A

    * Memory: 
    N/A

    * FIFO: 
    N/A

    * Expression: 
    +---------------------------+----------+----+---+----+------------+------------+
    |       Variable Name       | Operation| DSP| FF| LUT| Bitwidth P0| Bitwidth P1|
    +---------------------------+----------+----+---+----+------------+------------+
    |add_ln53_1_fu_339_p2       |         +|   0|  0|  10|           3|           1|
    |add_ln53_fu_308_p2         |         +|   0|  0|  12|           4|           1|
    |add_ln54_fu_637_p2         |         +|   0|  0|  10|           3|           2|
    |ap_block_pp0_stage0_01001  |       and|   0|  0|   2|           1|           1|
    |icmp_ln53_fu_302_p2        |      icmp|   0|  0|   9|           4|           5|
    |icmp_ln54_fu_325_p2        |      icmp|   0|  0|   8|           3|           2|
    |icmp_ln56_fu_365_p2        |      icmp|   0|  0|   8|           2|           1|
    |select_ln43_1_fu_345_p3    |    select|   0|  0|   3|           1|           3|
    |select_ln43_fu_331_p3      |    select|   0|  0|   3|           1|           3|
    |select_ln56_10_fu_473_p3   |    select|   0|  0|  16|           1|          16|
    |select_ln56_11_fu_481_p3   |    select|   0|  0|  16|           1|          16|
    |select_ln56_12_fu_393_p3   |    select|   0|  0|  16|           1|          16|
    |select_ln56_13_fu_401_p3   |    select|   0|  0|  16|           1|          16|
    |select_ln56_14_fu_409_p3   |    select|   0|  0|  16|           1|          16|
    |select_ln56_15_fu_417_p3   |    select|   0|  0|  16|           1|          16|
    |select_ln56_1_fu_593_p3    |    select|   0|  0|  16|           1|          16|
    |select_ln56_2_fu_601_p3    |    select|   0|  0|  16|           1|          16|
    |select_ln56_3_fu_609_p3    |    select|   0|  0|  16|           1|          16|
    |select_ln56_4_fu_521_p3    |    select|   0|  0|  16|           1|          16|
    |select_ln56_5_fu_529_p3    |    select|   0|  0|  16|           1|          16|
    |select_ln56_6_fu_537_p3    |    select|   0|  0|  16|           1|          16|
    |select_ln56_7_fu_545_p3    |    select|   0|  0|  16|           1|          16|
    |select_ln56_8_fu_457_p3    |    select|   0|  0|  16|           1|          16|
    |select_ln56_9_fu_465_p3    |    select|   0|  0|  16|           1|          16|
    |select_ln56_fu_585_p3      |    select|   0|  0|  16|           1|          16|
    |ap_enable_pp0              |       xor|   0|  0|   2|           1|           2|
    +---------------------------+----------+----+---+----+------------+------------+
    |Total                      |          |   0|  0| 323|          39|         277|
    +---------------------------+----------+----+---+----+------------+------------+

    * Multiplexer: 
    +--------------------------------------+----+-----------+-----+-----------+
    |                 Name                 | LUT| Input Size| Bits| Total Bits|
    +--------------------------------------+----+-----------+-----+-----------+
    |ap_done_int                           |   9|          2|    1|          2|
    |ap_enable_reg_pp0_iter1               |   9|          2|    1|          2|
    |ap_sig_allocacmp_indvar_flatten_load  |   9|          2|    4|          8|
    |fwd_in1_blk_n                         |   9|          2|    1|          2|
    |i_fu_94                               |   9|          2|    3|          6|
    |indvar_flatten_fu_98                  |   9|          2|    4|          8|
    |j_fu_90                               |   9|          2|    3|          6|
    +--------------------------------------+----+-----------+-----+-----------+
    |Total                                 |  63|         14|   17|         34|
    +--------------------------------------+----+-----------+-----+-----------+

    * Register: 
    +-------------------------+----+----+-----+-----------+
    |           Name          | FF | LUT| Bits| Const Bits|
    +-------------------------+----+----+-----+-----------+
    |REG1_V_10_fu_130         |  16|   0|   16|          0|
    |REG1_V_11_fu_138         |  16|   0|   16|          0|
    |REG1_V_12_fu_142         |  16|   0|   16|          0|
    |REG1_V_13_fu_146         |  16|   0|   16|          0|
    |REG1_V_14_fu_154         |  16|   0|   16|          0|
    |REG1_V_15_fu_162         |  16|   0|   16|          0|
    |REG1_V_1_fu_150          |  16|   0|   16|          0|
    |REG1_V_2_fu_134          |  16|   0|   16|          0|
    |REG1_V_3_fu_126          |  16|   0|   16|          0|
    |REG1_V_4_fu_118          |  16|   0|   16|          0|
    |REG1_V_5_fu_110          |  16|   0|   16|          0|
    |REG1_V_6_fu_102          |  16|   0|   16|          0|
    |REG1_V_7_fu_106          |  16|   0|   16|          0|
    |REG1_V_8_fu_114          |  16|   0|   16|          0|
    |REG1_V_9_fu_122          |  16|   0|   16|          0|
    |REG1_V_fu_158            |  16|   0|   16|          0|
    |ap_CS_fsm                |   1|   0|    1|          0|
    |ap_done_reg              |   1|   0|    1|          0|
    |ap_enable_reg_pp0_iter1  |   1|   0|    1|          0|
    |i_fu_94                  |   3|   0|    3|          0|
    |indvar_flatten_fu_98     |   4|   0|    4|          0|
    |j_fu_90                  |   3|   0|    3|          0|
    +-------------------------+----+----+-----+-----------+
    |Total                    | 269|   0|  269|          0|
    +-------------------------+----+----+-----+-----------+



================================================================
== Interface
================================================================
* Summary: 
+----------------------+-----+-----+------------+--------------------------------------------------------+--------------+
|       RTL Ports      | Dir | Bits|  Protocol  |                      Source Object                     |    C Type    |
+----------------------+-----+-----+------------+--------------------------------------------------------+--------------+
|ap_clk                |   in|    1|  ap_ctrl_hs|  compute_slave_Pipeline_VITIS_LOOP_53_1_VITIS_LOOP_54_2|  return value|
|ap_rst                |   in|    1|  ap_ctrl_hs|  compute_slave_Pipeline_VITIS_LOOP_53_1_VITIS_LOOP_54_2|  return value|
|ap_start              |   in|    1|  ap_ctrl_hs|  compute_slave_Pipeline_VITIS_LOOP_53_1_VITIS_LOOP_54_2|  return value|
|ap_done               |  out|    1|  ap_ctrl_hs|  compute_slave_Pipeline_VITIS_LOOP_53_1_VITIS_LOOP_54_2|  return value|
|ap_idle               |  out|    1|  ap_ctrl_hs|  compute_slave_Pipeline_VITIS_LOOP_53_1_VITIS_LOOP_54_2|  return value|
|ap_ready              |  out|    1|  ap_ctrl_hs|  compute_slave_Pipeline_VITIS_LOOP_53_1_VITIS_LOOP_54_2|  return value|
|fwd_in1_dout          |   in|   32|     ap_fifo|                                                 fwd_in1|       pointer|
|fwd_in1_empty_n       |   in|    1|     ap_fifo|                                                 fwd_in1|       pointer|
|fwd_in1_read          |  out|    1|     ap_fifo|                                                 fwd_in1|       pointer|
|REG1_V_15_out         |  out|   16|      ap_vld|                                           REG1_V_15_out|       pointer|
|REG1_V_15_out_ap_vld  |  out|    1|      ap_vld|                                           REG1_V_15_out|       pointer|
|REG1_V_out            |  out|   16|      ap_vld|                                              REG1_V_out|       pointer|
|REG1_V_out_ap_vld     |  out|    1|      ap_vld|                                              REG1_V_out|       pointer|
|REG1_V_14_out         |  out|   16|      ap_vld|                                           REG1_V_14_out|       pointer|
|REG1_V_14_out_ap_vld  |  out|    1|      ap_vld|                                           REG1_V_14_out|       pointer|
|REG1_V_1_out          |  out|   16|      ap_vld|                                            REG1_V_1_out|       pointer|
|REG1_V_1_out_ap_vld   |  out|    1|      ap_vld|                                            REG1_V_1_out|       pointer|
|REG1_V_13_out         |  out|   16|      ap_vld|                                           REG1_V_13_out|       pointer|
|REG1_V_13_out_ap_vld  |  out|    1|      ap_vld|                                           REG1_V_13_out|       pointer|
|REG1_V_12_out         |  out|   16|      ap_vld|                                           REG1_V_12_out|       pointer|
|REG1_V_12_out_ap_vld  |  out|    1|      ap_vld|                                           REG1_V_12_out|       pointer|
|REG1_V_11_out         |  out|   16|      ap_vld|                                           REG1_V_11_out|       pointer|
|REG1_V_11_out_ap_vld  |  out|    1|      ap_vld|                                           REG1_V_11_out|       pointer|
|REG1_V_2_out          |  out|   16|      ap_vld|                                            REG1_V_2_out|       pointer|
|REG1_V_2_out_ap_vld   |  out|    1|      ap_vld|                                            REG1_V_2_out|       pointer|
|REG1_V_10_out         |  out|   16|      ap_vld|                                           REG1_V_10_out|       pointer|
|REG1_V_10_out_ap_vld  |  out|    1|      ap_vld|                                           REG1_V_10_out|       pointer|
|REG1_V_3_out          |  out|   16|      ap_vld|                                            REG1_V_3_out|       pointer|
|REG1_V_3_out_ap_vld   |  out|    1|      ap_vld|                                            REG1_V_3_out|       pointer|
|REG1_V_9_out          |  out|   16|      ap_vld|                                            REG1_V_9_out|       pointer|
|REG1_V_9_out_ap_vld   |  out|    1|      ap_vld|                                            REG1_V_9_out|       pointer|
|REG1_V_4_out          |  out|   16|      ap_vld|                                            REG1_V_4_out|       pointer|
|REG1_V_4_out_ap_vld   |  out|    1|      ap_vld|                                            REG1_V_4_out|       pointer|
|REG1_V_8_out          |  out|   16|      ap_vld|                                            REG1_V_8_out|       pointer|
|REG1_V_8_out_ap_vld   |  out|    1|      ap_vld|                                            REG1_V_8_out|       pointer|
|REG1_V_5_out          |  out|   16|      ap_vld|                                            REG1_V_5_out|       pointer|
|REG1_V_5_out_ap_vld   |  out|    1|      ap_vld|                                            REG1_V_5_out|       pointer|
|REG1_V_7_out          |  out|   16|      ap_vld|                                            REG1_V_7_out|       pointer|
|REG1_V_7_out_ap_vld   |  out|    1|      ap_vld|                                            REG1_V_7_out|       pointer|
|REG1_V_6_out          |  out|   16|      ap_vld|                                            REG1_V_6_out|       pointer|
|REG1_V_6_out_ap_vld   |  out|    1|      ap_vld|                                            REG1_V_6_out|       pointer|
+----------------------+-----+-----+------------+--------------------------------------------------------+--------------+

============================================================
+ Verbose Summary: Synthesis Manager
============================================================
InlineROM: 1
ExposeGlobal: 0
============================================================
+ Verbose Summary: CDFG Model
============================================================
IsTopModel: 0
ResetActiveHigh: 1
IsCombinational: 2
IsDatapathOnly: 2
HasWiredReturn: 1
HasMFsm: 2
HasVarLatency: 1
IsPipeline: 0
IsRtlPipelined: 0
IsInstanceOverlapped: 0
IsDontTouch: 0
HasImplIP: 0
IsGatedGlobalClock: 0

+ Individual pipeline summary: 
  * Pipeline-0: initiation interval (II) = 1, depth = 2


============================================================
+ Verbose Summary: Schedule
============================================================
* Number of FSM states : 2
* Pipeline : 1
  Pipeline-0 : II = 1, D = 2, States = { 1 2 }
* Dataflow Pipeline: 0

* FSM state transitions: 
1 --> 2 
2 --> 

* FSM state operations: 

State 1 <SV = 0> <Delay = 1.22>
ST_1 : Operation 5 [1/1] (0.00ns)   --->   "%j = alloca i32 1"   --->   Operation 5 'alloca' 'j' <Predicate = true> <Delay = 0.00>
ST_1 : Operation 6 [1/1] (0.00ns)   --->   "%i = alloca i32 1"   --->   Operation 6 'alloca' 'i' <Predicate = true> <Delay = 0.00>
ST_1 : Operation 7 [1/1] (0.00ns)   --->   "%indvar_flatten = alloca i32 1"   --->   Operation 7 'alloca' 'indvar_flatten' <Predicate = true> <Delay = 0.00>
ST_1 : Operation 8 [1/1] (0.00ns)   --->   "%REG1_V_6 = alloca i32 1"   --->   Operation 8 'alloca' 'REG1_V_6' <Predicate = true> <Delay = 0.00>
ST_1 : Operation 9 [1/1] (0.00ns)   --->   "%REG1_V_7 = alloca i32 1"   --->   Operation 9 'alloca' 'REG1_V_7' <Predicate = true> <Delay = 0.00>
ST_1 : Operation 10 [1/1] (0.00ns)   --->   "%REG1_V_5 = alloca i32 1"   --->   Operation 10 'alloca' 'REG1_V_5' <Predicate = true> <Delay = 0.00>
ST_1 : Operation 11 [1/1] (0.00ns)   --->   "%REG1_V_8 = alloca i32 1"   --->   Operation 11 'alloca' 'REG1_V_8' <Predicate = true> <Delay = 0.00>
ST_1 : Operation 12 [1/1] (0.00ns)   --->   "%REG1_V_4 = alloca i32 1"   --->   Operation 12 'alloca' 'REG1_V_4' <Predicate = true> <Delay = 0.00>
ST_1 : Operation 13 [1/1] (0.00ns)   --->   "%REG1_V_9 = alloca i32 1"   --->   Operation 13 'alloca' 'REG1_V_9' <Predicate = true> <Delay = 0.00>
ST_1 : Operation 14 [1/1] (0.00ns)   --->   "%REG1_V_3 = alloca i32 1"   --->   Operation 14 'alloca' 'REG1_V_3' <Predicate = true> <Delay = 0.00>
ST_1 : Operation 15 [1/1] (0.00ns)   --->   "%REG1_V_10 = alloca i32 1"   --->   Operation 15 'alloca' 'REG1_V_10' <Predicate = true> <Delay = 0.00>
ST_1 : Operation 16 [1/1] (0.00ns)   --->   "%REG1_V_2 = alloca i32 1"   --->   Operation 16 'alloca' 'REG1_V_2' <Predicate = true> <Delay = 0.00>
ST_1 : Operation 17 [1/1] (0.00ns)   --->   "%REG1_V_11 = alloca i32 1"   --->   Operation 17 'alloca' 'REG1_V_11' <Predicate = true> <Delay = 0.00>
ST_1 : Operation 18 [1/1] (0.00ns)   --->   "%REG1_V_12 = alloca i32 1"   --->   Operation 18 'alloca' 'REG1_V_12' <Predicate = true> <Delay = 0.00>
ST_1 : Operation 19 [1/1] (0.00ns)   --->   "%REG1_V_13 = alloca i32 1"   --->   Operation 19 'alloca' 'REG1_V_13' <Predicate = true> <Delay = 0.00>
ST_1 : Operation 20 [1/1] (0.00ns)   --->   "%REG1_V_1 = alloca i32 1"   --->   Operation 20 'alloca' 'REG1_V_1' <Predicate = true> <Delay = 0.00>
ST_1 : Operation 21 [1/1] (0.00ns)   --->   "%REG1_V_14 = alloca i32 1"   --->   Operation 21 'alloca' 'REG1_V_14' <Predicate = true> <Delay = 0.00>
ST_1 : Operation 22 [1/1] (0.00ns)   --->   "%REG1_V = alloca i32 1"   --->   Operation 22 'alloca' 'REG1_V' <Predicate = true> <Delay = 0.00>
ST_1 : Operation 23 [1/1] (0.00ns)   --->   "%REG1_V_15 = alloca i32 1"   --->   Operation 23 'alloca' 'REG1_V_15' <Predicate = true> <Delay = 0.00>
ST_1 : Operation 24 [1/1] (0.00ns)   --->   "%specinterface_ln0 = specinterface void @_ssdm_op_SpecInterface, i32 %fwd_in1, void @empty_0, i32 0, i32 0, void @empty, i32 0, i32 0, void @empty, void @empty, void @empty, i32 0, i32 0, i32 0, i32 0, void @empty, void @empty, i32 4294967295, i32 0"   --->   Operation 24 'specinterface' 'specinterface_ln0' <Predicate = true> <Delay = 0.00>
ST_1 : Operation 25 [1/1] (0.42ns)   --->   "%store_ln0 = store i4 0, i4 %indvar_flatten"   --->   Operation 25 'store' 'store_ln0' <Predicate = true> <Delay = 0.42>
ST_1 : Operation 26 [1/1] (0.42ns)   --->   "%store_ln0 = store i3 0, i3 %i"   --->   Operation 26 'store' 'store_ln0' <Predicate = true> <Delay = 0.42>
ST_1 : Operation 27 [1/1] (0.42ns)   --->   "%store_ln0 = store i3 0, i3 %j"   --->   Operation 27 'store' 'store_ln0' <Predicate = true> <Delay = 0.42>
ST_1 : Operation 28 [1/1] (0.00ns)   --->   "%br_ln0 = br void %for.inc40"   --->   Operation 28 'br' 'br_ln0' <Predicate = true> <Delay = 0.00>
ST_1 : Operation 29 [1/1] (0.00ns)   --->   "%indvar_flatten_load = load i4 %indvar_flatten" [Compute_block_slave/Compute_slave.cpp:53]   --->   Operation 29 'load' 'indvar_flatten_load' <Predicate = true> <Delay = 0.00>
ST_1 : Operation 30 [1/1] (0.00ns)   --->   "%specpipeline_ln0 = specpipeline void @_ssdm_op_SpecPipeline, i32 4294967295, i32 0, i32 1, i32 0, void @p_str"   --->   Operation 30 'specpipeline' 'specpipeline_ln0' <Predicate = true> <Delay = 0.00>
ST_1 : Operation 31 [1/1] (0.72ns)   --->   "%icmp_ln53 = icmp_eq  i4 %indvar_flatten_load, i4 8" [Compute_block_slave/Compute_slave.cpp:53]   --->   Operation 31 'icmp' 'icmp_ln53' <Predicate = true> <Delay = 0.72> <CoreInst = "Cmp">   --->   Core 9 'Cmp' <Latency = 0> <II = 1> <Delay = 0.75> <FuncUnit> <Opcode : 'icmp'> <InPorts = 2> <OutPorts = 1>
ST_1 : Operation 32 [1/1] (0.79ns)   --->   "%add_ln53 = add i4 %indvar_flatten_load, i4 1" [Compute_block_slave/Compute_slave.cpp:53]   --->   Operation 32 'add' 'add_ln53' <Predicate = true> <Delay = 0.79> <CoreInst = "Adder">   --->   Core 1 'Adder' <Latency = 0> <II = 1> <Delay = 0.79> <FuncUnit> <Opcode : 'add' 'sub'> <InPorts = 2> <OutPorts = 1>
ST_1 : Operation 33 [1/1] (0.00ns)   --->   "%br_ln53 = br i1 %icmp_ln53, void %for.inc43, void %for.inc70.preheader.exitStub" [Compute_block_slave/Compute_slave.cpp:53]   --->   Operation 33 'br' 'br_ln53' <Predicate = true> <Delay = 0.00>
ST_1 : Operation 34 [1/1] (0.42ns)   --->   "%store_ln54 = store i4 %add_ln53, i4 %indvar_flatten" [Compute_block_slave/Compute_slave.cpp:54]   --->   Operation 34 'store' 'store_ln54' <Predicate = (!icmp_ln53)> <Delay = 0.42>
ST_1 : Operation 108 [1/1] (0.00ns)   --->   "%REG1_V_6_load = load i16 %REG1_V_6"   --->   Operation 108 'load' 'REG1_V_6_load' <Predicate = (icmp_ln53)> <Delay = 0.00>
ST_1 : Operation 109 [1/1] (0.00ns)   --->   "%REG1_V_7_load = load i16 %REG1_V_7"   --->   Operation 109 'load' 'REG1_V_7_load' <Predicate = (icmp_ln53)> <Delay = 0.00>
ST_1 : Operation 110 [1/1] (0.00ns)   --->   "%REG1_V_5_load = load i16 %REG1_V_5"   --->   Operation 110 'load' 'REG1_V_5_load' <Predicate = (icmp_ln53)> <Delay = 0.00>
ST_1 : Operation 111 [1/1] (0.00ns)   --->   "%REG1_V_8_load = load i16 %REG1_V_8"   --->   Operation 111 'load' 'REG1_V_8_load' <Predicate = (icmp_ln53)> <Delay = 0.00>
ST_1 : Operation 112 [1/1] (0.00ns)   --->   "%REG1_V_4_load = load i16 %REG1_V_4"   --->   Operation 112 'load' 'REG1_V_4_load' <Predicate = (icmp_ln53)> <Delay = 0.00>
ST_1 : Operation 113 [1/1] (0.00ns)   --->   "%REG1_V_9_load = load i16 %REG1_V_9"   --->   Operation 113 'load' 'REG1_V_9_load' <Predicate = (icmp_ln53)> <Delay = 0.00>
ST_1 : Operation 114 [1/1] (0.00ns)   --->   "%REG1_V_3_load = load i16 %REG1_V_3"   --->   Operation 114 'load' 'REG1_V_3_load' <Predicate = (icmp_ln53)> <Delay = 0.00>
ST_1 : Operation 115 [1/1] (0.00ns)   --->   "%REG1_V_10_load = load i16 %REG1_V_10"   --->   Operation 115 'load' 'REG1_V_10_load' <Predicate = (icmp_ln53)> <Delay = 0.00>
ST_1 : Operation 116 [1/1] (0.00ns)   --->   "%REG1_V_2_load = load i16 %REG1_V_2"   --->   Operation 116 'load' 'REG1_V_2_load' <Predicate = (icmp_ln53)> <Delay = 0.00>
ST_1 : Operation 117 [1/1] (0.00ns)   --->   "%REG1_V_11_load = load i16 %REG1_V_11"   --->   Operation 117 'load' 'REG1_V_11_load' <Predicate = (icmp_ln53)> <Delay = 0.00>
ST_1 : Operation 118 [1/1] (0.00ns)   --->   "%REG1_V_12_load = load i16 %REG1_V_12"   --->   Operation 118 'load' 'REG1_V_12_load' <Predicate = (icmp_ln53)> <Delay = 0.00>
ST_1 : Operation 119 [1/1] (0.00ns)   --->   "%REG1_V_13_load = load i16 %REG1_V_13"   --->   Operation 119 'load' 'REG1_V_13_load' <Predicate = (icmp_ln53)> <Delay = 0.00>
ST_1 : Operation 120 [1/1] (0.00ns)   --->   "%REG1_V_1_load = load i16 %REG1_V_1"   --->   Operation 120 'load' 'REG1_V_1_load' <Predicate = (icmp_ln53)> <Delay = 0.00>
ST_1 : Operation 121 [1/1] (0.00ns)   --->   "%REG1_V_14_load = load i16 %REG1_V_14"   --->   Operation 121 'load' 'REG1_V_14_load' <Predicate = (icmp_ln53)> <Delay = 0.00>
ST_1 : Operation 122 [1/1] (0.00ns)   --->   "%REG1_V_load = load i16 %REG1_V"   --->   Operation 122 'load' 'REG1_V_load' <Predicate = (icmp_ln53)> <Delay = 0.00>
ST_1 : Operation 123 [1/1] (0.00ns)   --->   "%REG1_V_15_load = load i16 %REG1_V_15"   --->   Operation 123 'load' 'REG1_V_15_load' <Predicate = (icmp_ln53)> <Delay = 0.00>
ST_1 : Operation 124 [1/1] (0.00ns)   --->   "%write_ln0 = write void @_ssdm_op_Write.ap_auto.i16P0A, i16 %REG1_V_15_out, i16 %REG1_V_15_load"   --->   Operation 124 'write' 'write_ln0' <Predicate = (icmp_ln53)> <Delay = 0.00>
ST_1 : Operation 125 [1/1] (0.00ns)   --->   "%write_ln0 = write void @_ssdm_op_Write.ap_auto.i16P0A, i16 %REG1_V_out, i16 %REG1_V_load"   --->   Operation 125 'write' 'write_ln0' <Predicate = (icmp_ln53)> <Delay = 0.00>
ST_1 : Operation 126 [1/1] (0.00ns)   --->   "%write_ln0 = write void @_ssdm_op_Write.ap_auto.i16P0A, i16 %REG1_V_14_out, i16 %REG1_V_14_load"   --->   Operation 126 'write' 'write_ln0' <Predicate = (icmp_ln53)> <Delay = 0.00>
ST_1 : Operation 127 [1/1] (0.00ns)   --->   "%write_ln0 = write void @_ssdm_op_Write.ap_auto.i16P0A, i16 %REG1_V_1_out, i16 %REG1_V_1_load"   --->   Operation 127 'write' 'write_ln0' <Predicate = (icmp_ln53)> <Delay = 0.00>
ST_1 : Operation 128 [1/1] (0.00ns)   --->   "%write_ln0 = write void @_ssdm_op_Write.ap_auto.i16P0A, i16 %REG1_V_13_out, i16 %REG1_V_13_load"   --->   Operation 128 'write' 'write_ln0' <Predicate = (icmp_ln53)> <Delay = 0.00>
ST_1 : Operation 129 [1/1] (0.00ns)   --->   "%write_ln0 = write void @_ssdm_op_Write.ap_auto.i16P0A, i16 %REG1_V_12_out, i16 %REG1_V_12_load"   --->   Operation 129 'write' 'write_ln0' <Predicate = (icmp_ln53)> <Delay = 0.00>
ST_1 : Operation 130 [1/1] (0.00ns)   --->   "%write_ln0 = write void @_ssdm_op_Write.ap_auto.i16P0A, i16 %REG1_V_11_out, i16 %REG1_V_11_load"   --->   Operation 130 'write' 'write_ln0' <Predicate = (icmp_ln53)> <Delay = 0.00>
ST_1 : Operation 131 [1/1] (0.00ns)   --->   "%write_ln0 = write void @_ssdm_op_Write.ap_auto.i16P0A, i16 %REG1_V_2_out, i16 %REG1_V_2_load"   --->   Operation 131 'write' 'write_ln0' <Predicate = (icmp_ln53)> <Delay = 0.00>
ST_1 : Operation 132 [1/1] (0.00ns)   --->   "%write_ln0 = write void @_ssdm_op_Write.ap_auto.i16P0A, i16 %REG1_V_10_out, i16 %REG1_V_10_load"   --->   Operation 132 'write' 'write_ln0' <Predicate = (icmp_ln53)> <Delay = 0.00>
ST_1 : Operation 133 [1/1] (0.00ns)   --->   "%write_ln0 = write void @_ssdm_op_Write.ap_auto.i16P0A, i16 %REG1_V_3_out, i16 %REG1_V_3_load"   --->   Operation 133 'write' 'write_ln0' <Predicate = (icmp_ln53)> <Delay = 0.00>
ST_1 : Operation 134 [1/1] (0.00ns)   --->   "%write_ln0 = write void @_ssdm_op_Write.ap_auto.i16P0A, i16 %REG1_V_9_out, i16 %REG1_V_9_load"   --->   Operation 134 'write' 'write_ln0' <Predicate = (icmp_ln53)> <Delay = 0.00>
ST_1 : Operation 135 [1/1] (0.00ns)   --->   "%write_ln0 = write void @_ssdm_op_Write.ap_auto.i16P0A, i16 %REG1_V_4_out, i16 %REG1_V_4_load"   --->   Operation 135 'write' 'write_ln0' <Predicate = (icmp_ln53)> <Delay = 0.00>
ST_1 : Operation 136 [1/1] (0.00ns)   --->   "%write_ln0 = write void @_ssdm_op_Write.ap_auto.i16P0A, i16 %REG1_V_8_out, i16 %REG1_V_8_load"   --->   Operation 136 'write' 'write_ln0' <Predicate = (icmp_ln53)> <Delay = 0.00>
ST_1 : Operation 137 [1/1] (0.00ns)   --->   "%write_ln0 = write void @_ssdm_op_Write.ap_auto.i16P0A, i16 %REG1_V_5_out, i16 %REG1_V_5_load"   --->   Operation 137 'write' 'write_ln0' <Predicate = (icmp_ln53)> <Delay = 0.00>
ST_1 : Operation 138 [1/1] (0.00ns)   --->   "%write_ln0 = write void @_ssdm_op_Write.ap_auto.i16P0A, i16 %REG1_V_7_out, i16 %REG1_V_7_load"   --->   Operation 138 'write' 'write_ln0' <Predicate = (icmp_ln53)> <Delay = 0.00>
ST_1 : Operation 139 [1/1] (0.00ns)   --->   "%write_ln0 = write void @_ssdm_op_Write.ap_auto.i16P0A, i16 %REG1_V_6_out, i16 %REG1_V_6_load"   --->   Operation 139 'write' 'write_ln0' <Predicate = (icmp_ln53)> <Delay = 0.00>
ST_1 : Operation 140 [1/1] (0.00ns)   --->   "%ret_ln0 = ret"   --->   Operation 140 'ret' 'ret_ln0' <Predicate = (icmp_ln53)> <Delay = 0.00>

State 2 <SV = 1> <Delay = 1.99>
ST_2 : Operation 35 [1/1] (0.00ns)   --->   "%j_load = load i3 %j" [Compute_block_slave/Compute_slave.cpp:54]   --->   Operation 35 'load' 'j_load' <Predicate = true> <Delay = 0.00>
ST_2 : Operation 36 [1/1] (0.00ns)   --->   "%i_load = load i3 %i" [Compute_block_slave/Compute_slave.cpp:53]   --->   Operation 36 'load' 'i_load' <Predicate = true> <Delay = 0.00>
ST_2 : Operation 37 [1/1] (0.00ns)   --->   "%specloopname_ln0 = specloopname void @_ssdm_op_SpecLoopName, void @VITIS_LOOP_53_1_VITIS_LOOP_54_2_str"   --->   Operation 37 'specloopname' 'specloopname_ln0' <Predicate = true> <Delay = 0.00>
ST_2 : Operation 38 [1/1] (0.00ns)   --->   "%empty = speclooptripcount i32 @_ssdm_op_SpecLoopTripCount, i64 8, i64 8, i64 8"   --->   Operation 38 'speclooptripcount' 'empty' <Predicate = true> <Delay = 0.00>
ST_2 : Operation 39 [1/1] (0.58ns)   --->   "%icmp_ln54 = icmp_ult  i3 %j_load, i3 3" [Compute_block_slave/Compute_slave.cpp:54]   --->   Operation 39 'icmp' 'icmp_ln54' <Predicate = true> <Delay = 0.58> <CoreInst = "Cmp">   --->   Core 9 'Cmp' <Latency = 0> <II = 1> <Delay = 0.58> <FuncUnit> <Opcode : 'icmp'> <InPorts = 2> <OutPorts = 1>
ST_2 : Operation 40 [1/1] (0.20ns)   --->   "%select_ln43 = select i1 %icmp_ln54, i3 %j_load, i3 0" [Compute_block_slave/Compute_slave.cpp:43]   --->   Operation 40 'select' 'select_ln43' <Predicate = true> <Delay = 0.20> <CoreInst = "Sel">   --->   Core 73 'Sel' <Latency = 0> <II = 1> <Delay = 0.20> <FuncUnit> <Opcode : 'select'> <InPorts = 3> <OutPorts = 1>
ST_2 : Operation 41 [1/1] (0.67ns)   --->   "%add_ln53_1 = add i3 %i_load, i3 1" [Compute_block_slave/Compute_slave.cpp:53]   --->   Operation 41 'add' 'add_ln53_1' <Predicate = true> <Delay = 0.67> <CoreInst = "Adder">   --->   Core 1 'Adder' <Latency = 0> <II = 1> <Delay = 0.67> <FuncUnit> <Opcode : 'add' 'sub'> <InPorts = 2> <OutPorts = 1>
ST_2 : Operation 42 [1/1] (0.20ns)   --->   "%select_ln43_1 = select i1 %icmp_ln54, i3 %i_load, i3 %add_ln53_1" [Compute_block_slave/Compute_slave.cpp:43]   --->   Operation 42 'select' 'select_ln43_1' <Predicate = true> <Delay = 0.20> <CoreInst = "Sel">   --->   Core 73 'Sel' <Latency = 0> <II = 1> <Delay = 0.20> <FuncUnit> <Opcode : 'select'> <InPorts = 3> <OutPorts = 1>
ST_2 : Operation 43 [1/1] (0.00ns)   --->   "%trunc_ln43 = trunc i3 %select_ln43_1" [Compute_block_slave/Compute_slave.cpp:43]   --->   Operation 43 'trunc' 'trunc_ln43' <Predicate = true> <Delay = 0.00>
ST_2 : Operation 44 [1/1] (0.00ns)   --->   "%specpipeline_ln0 = specpipeline void @_ssdm_op_SpecPipeline, i32 4294967295, i32 0, i32 1, i32 0, void @p_str"   --->   Operation 44 'specpipeline' 'specpipeline_ln0' <Predicate = true> <Delay = 0.00>
ST_2 : Operation 45 [1/1] (0.00ns)   --->   "%specloopname_ln43 = specloopname void @_ssdm_op_SpecLoopName, void @empty_6" [Compute_block_slave/Compute_slave.cpp:43]   --->   Operation 45 'specloopname' 'specloopname_ln43' <Predicate = true> <Delay = 0.00>
ST_2 : Operation 46 [1/1] (1.63ns)   --->   "%p_Val2_s = read i32 @_ssdm_op_Read.ap_fifo.volatile.i32P0A, i32 %fwd_in1" [Compute_block_slave/Compute_slave.cpp:55]   --->   Operation 46 'read' 'p_Val2_s' <Predicate = true> <Delay = 1.63> <CoreInst = "FIFO">   --->   Core 78 'FIFO' <Latency = 0> <II = 1> <Delay = 1.63> <Storage> <Opcode : 'read' 'write' 'nbread' 'nbwrite'> <Ports = 0> <Width = -1> <Depth = -1> <FIFO>
ST_2 : Operation 47 [1/1] (0.00ns)   --->   "%REG1_V_16 = trunc i32 %p_Val2_s"   --->   Operation 47 'trunc' 'REG1_V_16' <Predicate = true> <Delay = 0.00>
ST_2 : Operation 48 [1/1] (0.00ns)   --->   "%trunc_ln56 = trunc i3 %select_ln43" [Compute_block_slave/Compute_slave.cpp:56]   --->   Operation 48 'trunc' 'trunc_ln56' <Predicate = true> <Delay = 0.00>
ST_2 : Operation 49 [1/1] (0.44ns)   --->   "%icmp_ln56 = icmp_eq  i2 %trunc_ln56, i2 0" [Compute_block_slave/Compute_slave.cpp:56]   --->   Operation 49 'icmp' 'icmp_ln56' <Predicate = true> <Delay = 0.44> <CoreInst = "Cmp">   --->   Core 9 'Cmp' <Latency = 0> <II = 1> <Delay = 0.44> <FuncUnit> <Opcode : 'icmp'> <InPorts = 2> <OutPorts = 1>
ST_2 : Operation 50 [1/1] (0.00ns)   --->   "%REG1_V_17 = partselect i16 @_ssdm_op_PartSelect.i16.i32.i32.i32, i32 %p_Val2_s, i32 16, i32 31"   --->   Operation 50 'partselect' 'REG1_V_17' <Predicate = true> <Delay = 0.00>
ST_2 : Operation 51 [1/1] (0.44ns)   --->   "%switch_ln56 = switch i2 %trunc_ln43, void %arrayidx325.case.3, i2 0, void %arrayidx325.case.0, i2 1, void %arrayidx325.case.1, i2 2, void %arrayidx325.case.2" [Compute_block_slave/Compute_slave.cpp:56]   --->   Operation 51 'switch' 'switch_ln56' <Predicate = true> <Delay = 0.44>
ST_2 : Operation 52 [1/1] (0.00ns)   --->   "%REG1_V_2_load_1 = load i16 %REG1_V_2" [Compute_block_slave/Compute_slave.cpp:56]   --->   Operation 52 'load' 'REG1_V_2_load_1' <Predicate = (trunc_ln43 == 2)> <Delay = 0.00>
ST_2 : Operation 53 [1/1] (0.00ns)   --->   "%REG1_V_11_load_1 = load i16 %REG1_V_11" [Compute_block_slave/Compute_slave.cpp:56]   --->   Operation 53 'load' 'REG1_V_11_load_1' <Predicate = (trunc_ln43 == 2)> <Delay = 0.00>
ST_2 : Operation 54 [1/1] (0.00ns)   --->   "%REG1_V_12_load_1 = load i16 %REG1_V_12" [Compute_block_slave/Compute_slave.cpp:56]   --->   Operation 54 'load' 'REG1_V_12_load_1' <Predicate = (trunc_ln43 == 2)> <Delay = 0.00>
ST_2 : Operation 55 [1/1] (0.00ns)   --->   "%REG1_V_13_load_1 = load i16 %REG1_V_13" [Compute_block_slave/Compute_slave.cpp:56]   --->   Operation 55 'load' 'REG1_V_13_load_1' <Predicate = (trunc_ln43 == 2)> <Delay = 0.00>
ST_2 : Operation 56 [1/1] (0.35ns)   --->   "%select_ln56_12 = select i1 %icmp_ln56, i16 %REG1_V_16, i16 %REG1_V_2_load_1" [Compute_block_slave/Compute_slave.cpp:56]   --->   Operation 56 'select' 'select_ln56_12' <Predicate = (trunc_ln43 == 2)> <Delay = 0.35> <CoreInst = "Sel">   --->   Core 73 'Sel' <Latency = 0> <II = 1> <Delay = 0.35> <FuncUnit> <Opcode : 'select'> <InPorts = 3> <OutPorts = 1>
ST_2 : Operation 57 [1/1] (0.35ns)   --->   "%select_ln56_13 = select i1 %icmp_ln56, i16 %REG1_V_12_load_1, i16 %REG1_V_16" [Compute_block_slave/Compute_slave.cpp:56]   --->   Operation 57 'select' 'select_ln56_13' <Predicate = (trunc_ln43 == 2)> <Delay = 0.35> <CoreInst = "Sel">   --->   Core 73 'Sel' <Latency = 0> <II = 1> <Delay = 0.35> <FuncUnit> <Opcode : 'select'> <InPorts = 3> <OutPorts = 1>
ST_2 : Operation 58 [1/1] (0.35ns)   --->   "%select_ln56_14 = select i1 %icmp_ln56, i16 %REG1_V_13_load_1, i16 %REG1_V_17" [Compute_block_slave/Compute_slave.cpp:56]   --->   Operation 58 'select' 'select_ln56_14' <Predicate = (trunc_ln43 == 2)> <Delay = 0.35> <CoreInst = "Sel">   --->   Core 73 'Sel' <Latency = 0> <II = 1> <Delay = 0.35> <FuncUnit> <Opcode : 'select'> <InPorts = 3> <OutPorts = 1>
ST_2 : Operation 59 [1/1] (0.35ns)   --->   "%select_ln56_15 = select i1 %icmp_ln56, i16 %REG1_V_17, i16 %REG1_V_11_load_1" [Compute_block_slave/Compute_slave.cpp:56]   --->   Operation 59 'select' 'select_ln56_15' <Predicate = (trunc_ln43 == 2)> <Delay = 0.35> <CoreInst = "Sel">   --->   Core 73 'Sel' <Latency = 0> <II = 1> <Delay = 0.35> <FuncUnit> <Opcode : 'select'> <InPorts = 3> <OutPorts = 1>
ST_2 : Operation 60 [1/1] (0.00ns)   --->   "%store_ln56 = store i16 %select_ln56_14, i16 %REG1_V_13" [Compute_block_slave/Compute_slave.cpp:56]   --->   Operation 60 'store' 'store_ln56' <Predicate = (trunc_ln43 == 2)> <Delay = 0.00>
ST_2 : Operation 61 [1/1] (0.00ns)   --->   "%store_ln56 = store i16 %select_ln56_13, i16 %REG1_V_12" [Compute_block_slave/Compute_slave.cpp:56]   --->   Operation 61 'store' 'store_ln56' <Predicate = (trunc_ln43 == 2)> <Delay = 0.00>
ST_2 : Operation 62 [1/1] (0.00ns)   --->   "%store_ln56 = store i16 %select_ln56_15, i16 %REG1_V_11" [Compute_block_slave/Compute_slave.cpp:56]   --->   Operation 62 'store' 'store_ln56' <Predicate = (trunc_ln43 == 2)> <Delay = 0.00>
ST_2 : Operation 63 [1/1] (0.00ns)   --->   "%store_ln56 = store i16 %select_ln56_12, i16 %REG1_V_2" [Compute_block_slave/Compute_slave.cpp:56]   --->   Operation 63 'store' 'store_ln56' <Predicate = (trunc_ln43 == 2)> <Delay = 0.00>
ST_2 : Operation 64 [1/1] (0.00ns)   --->   "%br_ln56 = br void %arrayidx396.exit" [Compute_block_slave/Compute_slave.cpp:56]   --->   Operation 64 'br' 'br_ln56' <Predicate = (trunc_ln43 == 2)> <Delay = 0.00>
ST_2 : Operation 65 [1/1] (0.00ns)   --->   "%REG1_V_4_load_1 = load i16 %REG1_V_4" [Compute_block_slave/Compute_slave.cpp:56]   --->   Operation 65 'load' 'REG1_V_4_load_1' <Predicate = (trunc_ln43 == 1)> <Delay = 0.00>
ST_2 : Operation 66 [1/1] (0.00ns)   --->   "%REG1_V_9_load_1 = load i16 %REG1_V_9" [Compute_block_slave/Compute_slave.cpp:56]   --->   Operation 66 'load' 'REG1_V_9_load_1' <Predicate = (trunc_ln43 == 1)> <Delay = 0.00>
ST_2 : Operation 67 [1/1] (0.00ns)   --->   "%REG1_V_3_load_1 = load i16 %REG1_V_3" [Compute_block_slave/Compute_slave.cpp:56]   --->   Operation 67 'load' 'REG1_V_3_load_1' <Predicate = (trunc_ln43 == 1)> <Delay = 0.00>
ST_2 : Operation 68 [1/1] (0.00ns)   --->   "%REG1_V_10_load_1 = load i16 %REG1_V_10" [Compute_block_slave/Compute_slave.cpp:56]   --->   Operation 68 'load' 'REG1_V_10_load_1' <Predicate = (trunc_ln43 == 1)> <Delay = 0.00>
ST_2 : Operation 69 [1/1] (0.35ns)   --->   "%select_ln56_8 = select i1 %icmp_ln56, i16 %REG1_V_16, i16 %REG1_V_4_load_1" [Compute_block_slave/Compute_slave.cpp:56]   --->   Operation 69 'select' 'select_ln56_8' <Predicate = (trunc_ln43 == 1)> <Delay = 0.35> <CoreInst = "Sel">   --->   Core 73 'Sel' <Latency = 0> <II = 1> <Delay = 0.35> <FuncUnit> <Opcode : 'select'> <InPorts = 3> <OutPorts = 1>
ST_2 : Operation 70 [1/1] (0.35ns)   --->   "%select_ln56_9 = select i1 %icmp_ln56, i16 %REG1_V_3_load_1, i16 %REG1_V_16" [Compute_block_slave/Compute_slave.cpp:56]   --->   Operation 70 'select' 'select_ln56_9' <Predicate = (trunc_ln43 == 1)> <Delay = 0.35> <CoreInst = "Sel">   --->   Core 73 'Sel' <Latency = 0> <II = 1> <Delay = 0.35> <FuncUnit> <Opcode : 'select'> <InPorts = 3> <OutPorts = 1>
ST_2 : Operation 71 [1/1] (0.35ns)   --->   "%select_ln56_10 = select i1 %icmp_ln56, i16 %REG1_V_10_load_1, i16 %REG1_V_17" [Compute_block_slave/Compute_slave.cpp:56]   --->   Operation 71 'select' 'select_ln56_10' <Predicate = (trunc_ln43 == 1)> <Delay = 0.35> <CoreInst = "Sel">   --->   Core 73 'Sel' <Latency = 0> <II = 1> <Delay = 0.35> <FuncUnit> <Opcode : 'select'> <InPorts = 3> <OutPorts = 1>
ST_2 : Operation 72 [1/1] (0.35ns)   --->   "%select_ln56_11 = select i1 %icmp_ln56, i16 %REG1_V_17, i16 %REG1_V_9_load_1" [Compute_block_slave/Compute_slave.cpp:56]   --->   Operation 72 'select' 'select_ln56_11' <Predicate = (trunc_ln43 == 1)> <Delay = 0.35> <CoreInst = "Sel">   --->   Core 73 'Sel' <Latency = 0> <II = 1> <Delay = 0.35> <FuncUnit> <Opcode : 'select'> <InPorts = 3> <OutPorts = 1>
ST_2 : Operation 73 [1/1] (0.00ns)   --->   "%store_ln56 = store i16 %select_ln56_10, i16 %REG1_V_10" [Compute_block_slave/Compute_slave.cpp:56]   --->   Operation 73 'store' 'store_ln56' <Predicate = (trunc_ln43 == 1)> <Delay = 0.00>
ST_2 : Operation 74 [1/1] (0.00ns)   --->   "%store_ln56 = store i16 %select_ln56_9, i16 %REG1_V_3" [Compute_block_slave/Compute_slave.cpp:56]   --->   Operation 74 'store' 'store_ln56' <Predicate = (trunc_ln43 == 1)> <Delay = 0.00>
ST_2 : Operation 75 [1/1] (0.00ns)   --->   "%store_ln56 = store i16 %select_ln56_11, i16 %REG1_V_9" [Compute_block_slave/Compute_slave.cpp:56]   --->   Operation 75 'store' 'store_ln56' <Predicate = (trunc_ln43 == 1)> <Delay = 0.00>
ST_2 : Operation 76 [1/1] (0.00ns)   --->   "%store_ln56 = store i16 %select_ln56_8, i16 %REG1_V_4" [Compute_block_slave/Compute_slave.cpp:56]   --->   Operation 76 'store' 'store_ln56' <Predicate = (trunc_ln43 == 1)> <Delay = 0.00>
ST_2 : Operation 77 [1/1] (0.00ns)   --->   "%br_ln56 = br void %arrayidx396.exit" [Compute_block_slave/Compute_slave.cpp:56]   --->   Operation 77 'br' 'br_ln56' <Predicate = (trunc_ln43 == 1)> <Delay = 0.00>
ST_2 : Operation 78 [1/1] (0.00ns)   --->   "%REG1_V_6_load_1 = load i16 %REG1_V_6" [Compute_block_slave/Compute_slave.cpp:56]   --->   Operation 78 'load' 'REG1_V_6_load_1' <Predicate = (trunc_ln43 == 0)> <Delay = 0.00>
ST_2 : Operation 79 [1/1] (0.00ns)   --->   "%REG1_V_7_load_1 = load i16 %REG1_V_7" [Compute_block_slave/Compute_slave.cpp:56]   --->   Operation 79 'load' 'REG1_V_7_load_1' <Predicate = (trunc_ln43 == 0)> <Delay = 0.00>
ST_2 : Operation 80 [1/1] (0.00ns)   --->   "%REG1_V_5_load_1 = load i16 %REG1_V_5" [Compute_block_slave/Compute_slave.cpp:56]   --->   Operation 80 'load' 'REG1_V_5_load_1' <Predicate = (trunc_ln43 == 0)> <Delay = 0.00>
ST_2 : Operation 81 [1/1] (0.00ns)   --->   "%REG1_V_8_load_1 = load i16 %REG1_V_8" [Compute_block_slave/Compute_slave.cpp:56]   --->   Operation 81 'load' 'REG1_V_8_load_1' <Predicate = (trunc_ln43 == 0)> <Delay = 0.00>
ST_2 : Operation 82 [1/1] (0.35ns)   --->   "%select_ln56_4 = select i1 %icmp_ln56, i16 %REG1_V_16, i16 %REG1_V_6_load_1" [Compute_block_slave/Compute_slave.cpp:56]   --->   Operation 82 'select' 'select_ln56_4' <Predicate = (trunc_ln43 == 0)> <Delay = 0.35> <CoreInst = "Sel">   --->   Core 73 'Sel' <Latency = 0> <II = 1> <Delay = 0.35> <FuncUnit> <Opcode : 'select'> <InPorts = 3> <OutPorts = 1>
ST_2 : Operation 83 [1/1] (0.35ns)   --->   "%select_ln56_5 = select i1 %icmp_ln56, i16 %REG1_V_5_load_1, i16 %REG1_V_16" [Compute_block_slave/Compute_slave.cpp:56]   --->   Operation 83 'select' 'select_ln56_5' <Predicate = (trunc_ln43 == 0)> <Delay = 0.35> <CoreInst = "Sel">   --->   Core 73 'Sel' <Latency = 0> <II = 1> <Delay = 0.35> <FuncUnit> <Opcode : 'select'> <InPorts = 3> <OutPorts = 1>
ST_2 : Operation 84 [1/1] (0.35ns)   --->   "%select_ln56_6 = select i1 %icmp_ln56, i16 %REG1_V_8_load_1, i16 %REG1_V_17" [Compute_block_slave/Compute_slave.cpp:56]   --->   Operation 84 'select' 'select_ln56_6' <Predicate = (trunc_ln43 == 0)> <Delay = 0.35> <CoreInst = "Sel">   --->   Core 73 'Sel' <Latency = 0> <II = 1> <Delay = 0.35> <FuncUnit> <Opcode : 'select'> <InPorts = 3> <OutPorts = 1>
ST_2 : Operation 85 [1/1] (0.35ns)   --->   "%select_ln56_7 = select i1 %icmp_ln56, i16 %REG1_V_17, i16 %REG1_V_7_load_1" [Compute_block_slave/Compute_slave.cpp:56]   --->   Operation 85 'select' 'select_ln56_7' <Predicate = (trunc_ln43 == 0)> <Delay = 0.35> <CoreInst = "Sel">   --->   Core 73 'Sel' <Latency = 0> <II = 1> <Delay = 0.35> <FuncUnit> <Opcode : 'select'> <InPorts = 3> <OutPorts = 1>
ST_2 : Operation 86 [1/1] (0.00ns)   --->   "%store_ln56 = store i16 %select_ln56_6, i16 %REG1_V_8" [Compute_block_slave/Compute_slave.cpp:56]   --->   Operation 86 'store' 'store_ln56' <Predicate = (trunc_ln43 == 0)> <Delay = 0.00>
ST_2 : Operation 87 [1/1] (0.00ns)   --->   "%store_ln56 = store i16 %select_ln56_5, i16 %REG1_V_5" [Compute_block_slave/Compute_slave.cpp:56]   --->   Operation 87 'store' 'store_ln56' <Predicate = (trunc_ln43 == 0)> <Delay = 0.00>
ST_2 : Operation 88 [1/1] (0.00ns)   --->   "%store_ln56 = store i16 %select_ln56_7, i16 %REG1_V_7" [Compute_block_slave/Compute_slave.cpp:56]   --->   Operation 88 'store' 'store_ln56' <Predicate = (trunc_ln43 == 0)> <Delay = 0.00>
ST_2 : Operation 89 [1/1] (0.00ns)   --->   "%store_ln56 = store i16 %select_ln56_4, i16 %REG1_V_6" [Compute_block_slave/Compute_slave.cpp:56]   --->   Operation 89 'store' 'store_ln56' <Predicate = (trunc_ln43 == 0)> <Delay = 0.00>
ST_2 : Operation 90 [1/1] (0.00ns)   --->   "%br_ln56 = br void %arrayidx396.exit" [Compute_block_slave/Compute_slave.cpp:56]   --->   Operation 90 'br' 'br_ln56' <Predicate = (trunc_ln43 == 0)> <Delay = 0.00>
ST_2 : Operation 91 [1/1] (0.00ns)   --->   "%REG1_V_1_load_1 = load i16 %REG1_V_1" [Compute_block_slave/Compute_slave.cpp:56]   --->   Operation 91 'load' 'REG1_V_1_load_1' <Predicate = (trunc_ln43 == 3)> <Delay = 0.00>
ST_2 : Operation 92 [1/1] (0.00ns)   --->   "%REG1_V_14_load_1 = load i16 %REG1_V_14" [Compute_block_slave/Compute_slave.cpp:56]   --->   Operation 92 'load' 'REG1_V_14_load_1' <Predicate = (trunc_ln43 == 3)> <Delay = 0.00>
ST_2 : Operation 93 [1/1] (0.00ns)   --->   "%REG1_V_load_1 = load i16 %REG1_V" [Compute_block_slave/Compute_slave.cpp:56]   --->   Operation 93 'load' 'REG1_V_load_1' <Predicate = (trunc_ln43 == 3)> <Delay = 0.00>
ST_2 : Operation 94 [1/1] (0.00ns)   --->   "%REG1_V_15_load_1 = load i16 %REG1_V_15" [Compute_block_slave/Compute_slave.cpp:56]   --->   Operation 94 'load' 'REG1_V_15_load_1' <Predicate = (trunc_ln43 == 3)> <Delay = 0.00>
ST_2 : Operation 95 [1/1] (0.35ns)   --->   "%select_ln56 = select i1 %icmp_ln56, i16 %REG1_V_16, i16 %REG1_V_1_load_1" [Compute_block_slave/Compute_slave.cpp:56]   --->   Operation 95 'select' 'select_ln56' <Predicate = (trunc_ln43 == 3)> <Delay = 0.35> <CoreInst = "Sel">   --->   Core 73 'Sel' <Latency = 0> <II = 1> <Delay = 0.35> <FuncUnit> <Opcode : 'select'> <InPorts = 3> <OutPorts = 1>
ST_2 : Operation 96 [1/1] (0.35ns)   --->   "%select_ln56_1 = select i1 %icmp_ln56, i16 %REG1_V_load_1, i16 %REG1_V_16" [Compute_block_slave/Compute_slave.cpp:56]   --->   Operation 96 'select' 'select_ln56_1' <Predicate = (trunc_ln43 == 3)> <Delay = 0.35> <CoreInst = "Sel">   --->   Core 73 'Sel' <Latency = 0> <II = 1> <Delay = 0.35> <FuncUnit> <Opcode : 'select'> <InPorts = 3> <OutPorts = 1>
ST_2 : Operation 97 [1/1] (0.35ns)   --->   "%select_ln56_2 = select i1 %icmp_ln56, i16 %REG1_V_15_load_1, i16 %REG1_V_17" [Compute_block_slave/Compute_slave.cpp:56]   --->   Operation 97 'select' 'select_ln56_2' <Predicate = (trunc_ln43 == 3)> <Delay = 0.35> <CoreInst = "Sel">   --->   Core 73 'Sel' <Latency = 0> <II = 1> <Delay = 0.35> <FuncUnit> <Opcode : 'select'> <InPorts = 3> <OutPorts = 1>
ST_2 : Operation 98 [1/1] (0.35ns)   --->   "%select_ln56_3 = select i1 %icmp_ln56, i16 %REG1_V_17, i16 %REG1_V_14_load_1" [Compute_block_slave/Compute_slave.cpp:56]   --->   Operation 98 'select' 'select_ln56_3' <Predicate = (trunc_ln43 == 3)> <Delay = 0.35> <CoreInst = "Sel">   --->   Core 73 'Sel' <Latency = 0> <II = 1> <Delay = 0.35> <FuncUnit> <Opcode : 'select'> <InPorts = 3> <OutPorts = 1>
ST_2 : Operation 99 [1/1] (0.00ns)   --->   "%store_ln56 = store i16 %select_ln56_2, i16 %REG1_V_15" [Compute_block_slave/Compute_slave.cpp:56]   --->   Operation 99 'store' 'store_ln56' <Predicate = (trunc_ln43 == 3)> <Delay = 0.00>
ST_2 : Operation 100 [1/1] (0.00ns)   --->   "%store_ln56 = store i16 %select_ln56_1, i16 %REG1_V" [Compute_block_slave/Compute_slave.cpp:56]   --->   Operation 100 'store' 'store_ln56' <Predicate = (trunc_ln43 == 3)> <Delay = 0.00>
ST_2 : Operation 101 [1/1] (0.00ns)   --->   "%store_ln56 = store i16 %select_ln56_3, i16 %REG1_V_14" [Compute_block_slave/Compute_slave.cpp:56]   --->   Operation 101 'store' 'store_ln56' <Predicate = (trunc_ln43 == 3)> <Delay = 0.00>
ST_2 : Operation 102 [1/1] (0.00ns)   --->   "%store_ln56 = store i16 %select_ln56, i16 %REG1_V_1" [Compute_block_slave/Compute_slave.cpp:56]   --->   Operation 102 'store' 'store_ln56' <Predicate = (trunc_ln43 == 3)> <Delay = 0.00>
ST_2 : Operation 103 [1/1] (0.00ns)   --->   "%br_ln56 = br void %arrayidx396.exit" [Compute_block_slave/Compute_slave.cpp:56]   --->   Operation 103 'br' 'br_ln56' <Predicate = (trunc_ln43 == 3)> <Delay = 0.00>
ST_2 : Operation 104 [1/1] (0.67ns)   --->   "%add_ln54 = add i3 %select_ln43, i3 2" [Compute_block_slave/Compute_slave.cpp:54]   --->   Operation 104 'add' 'add_ln54' <Predicate = true> <Delay = 0.67> <CoreInst = "Adder">   --->   Core 1 'Adder' <Latency = 0> <II = 1> <Delay = 0.67> <FuncUnit> <Opcode : 'add' 'sub'> <InPorts = 2> <OutPorts = 1>
ST_2 : Operation 105 [1/1] (0.42ns)   --->   "%store_ln54 = store i3 %select_ln43_1, i3 %i" [Compute_block_slave/Compute_slave.cpp:54]   --->   Operation 105 'store' 'store_ln54' <Predicate = true> <Delay = 0.42>
ST_2 : Operation 106 [1/1] (0.42ns)   --->   "%store_ln54 = store i3 %add_ln54, i3 %j" [Compute_block_slave/Compute_slave.cpp:54]   --->   Operation 106 'store' 'store_ln54' <Predicate = true> <Delay = 0.42>
ST_2 : Operation 107 [1/1] (0.00ns)   --->   "%br_ln54 = br void %for.inc40" [Compute_block_slave/Compute_slave.cpp:54]   --->   Operation 107 'br' 'br_ln54' <Predicate = true> <Delay = 0.00>


============================================================
+ Verbose Summary: Binding
============================================================
STG Binding: 
---------------- STG Properties BEGIN ----------------
- Is combinational: 0
- Is one-state seq: 0
- Is datapath-only: 0
- Is pipelined: 0
- Is top level: 0
Port [ Return ] is wired: 1; IO mode=ap_ctrl_hs:ce=0
Port [ fwd_in1]:  wired=1; compound=1; hidden=0; nouse=0; global=0; static=0; extern=0; dir=0; type=3; pingpong=0; private_global=0; IO mode=ap_fifo:ce=0
Port [ REG1_V_15_out]:  wired=1; compound=0; hidden=0; nouse=0; global=0; static=0; extern=0; dir=1; type=0; pingpong=0; private_global=0; IO mode=ap_vld:ce=0
Port [ REG1_V_out]:  wired=1; compound=0; hidden=0; nouse=0; global=0; static=0; extern=0; dir=1; type=0; pingpong=0; private_global=0; IO mode=ap_vld:ce=0
Port [ REG1_V_14_out]:  wired=1; compound=0; hidden=0; nouse=0; global=0; static=0; extern=0; dir=1; type=0; pingpong=0; private_global=0; IO mode=ap_vld:ce=0
Port [ REG1_V_1_out]:  wired=1; compound=0; hidden=0; nouse=0; global=0; static=0; extern=0; dir=1; type=0; pingpong=0; private_global=0; IO mode=ap_vld:ce=0
Port [ REG1_V_13_out]:  wired=1; compound=0; hidden=0; nouse=0; global=0; static=0; extern=0; dir=1; type=0; pingpong=0; private_global=0; IO mode=ap_vld:ce=0
Port [ REG1_V_12_out]:  wired=1; compound=0; hidden=0; nouse=0; global=0; static=0; extern=0; dir=1; type=0; pingpong=0; private_global=0; IO mode=ap_vld:ce=0
Port [ REG1_V_11_out]:  wired=1; compound=0; hidden=0; nouse=0; global=0; static=0; extern=0; dir=1; type=0; pingpong=0; private_global=0; IO mode=ap_vld:ce=0
Port [ REG1_V_2_out]:  wired=1; compound=0; hidden=0; nouse=0; global=0; static=0; extern=0; dir=1; type=0; pingpong=0; private_global=0; IO mode=ap_vld:ce=0
Port [ REG1_V_10_out]:  wired=1; compound=0; hidden=0; nouse=0; global=0; static=0; extern=0; dir=1; type=0; pingpong=0; private_global=0; IO mode=ap_vld:ce=0
Port [ REG1_V_3_out]:  wired=1; compound=0; hidden=0; nouse=0; global=0; static=0; extern=0; dir=1; type=0; pingpong=0; private_global=0; IO mode=ap_vld:ce=0
Port [ REG1_V_9_out]:  wired=1; compound=0; hidden=0; nouse=0; global=0; static=0; extern=0; dir=1; type=0; pingpong=0; private_global=0; IO mode=ap_vld:ce=0
Port [ REG1_V_4_out]:  wired=1; compound=0; hidden=0; nouse=0; global=0; static=0; extern=0; dir=1; type=0; pingpong=0; private_global=0; IO mode=ap_vld:ce=0
Port [ REG1_V_8_out]:  wired=1; compound=0; hidden=0; nouse=0; global=0; static=0; extern=0; dir=1; type=0; pingpong=0; private_global=0; IO mode=ap_vld:ce=0
Port [ REG1_V_5_out]:  wired=1; compound=0; hidden=0; nouse=0; global=0; static=0; extern=0; dir=1; type=0; pingpong=0; private_global=0; IO mode=ap_vld:ce=0
Port [ REG1_V_7_out]:  wired=1; compound=0; hidden=0; nouse=0; global=0; static=0; extern=0; dir=1; type=0; pingpong=0; private_global=0; IO mode=ap_vld:ce=0
Port [ REG1_V_6_out]:  wired=1; compound=0; hidden=0; nouse=0; global=0; static=0; extern=0; dir=1; type=0; pingpong=0; private_global=0; IO mode=ap_vld:ce=0
---------------- STG Properties END ------------------

---------------- Datapath Model BEGIN ----------------

<LifeTime>
<method=bitvector/>
j                   (alloca           ) [ 011]
i                   (alloca           ) [ 011]
indvar_flatten      (alloca           ) [ 010]
REG1_V_6            (alloca           ) [ 011]
REG1_V_7            (alloca           ) [ 011]
REG1_V_5            (alloca           ) [ 011]
REG1_V_8            (alloca           ) [ 011]
REG1_V_4            (alloca           ) [ 011]
REG1_V_9            (alloca           ) [ 011]
REG1_V_3            (alloca           ) [ 011]
REG1_V_10           (alloca           ) [ 011]
REG1_V_2            (alloca           ) [ 011]
REG1_V_11           (alloca           ) [ 011]
REG1_V_12           (alloca           ) [ 011]
REG1_V_13           (alloca           ) [ 011]
REG1_V_1            (alloca           ) [ 011]
REG1_V_14           (alloca           ) [ 011]
REG1_V              (alloca           ) [ 011]
REG1_V_15           (alloca           ) [ 011]
specinterface_ln0   (specinterface    ) [ 000]
store_ln0           (store            ) [ 000]
store_ln0           (store            ) [ 000]
store_ln0           (store            ) [ 000]
br_ln0              (br               ) [ 000]
indvar_flatten_load (load             ) [ 000]
specpipeline_ln0    (specpipeline     ) [ 000]
icmp_ln53           (icmp             ) [ 010]
add_ln53            (add              ) [ 000]
br_ln53             (br               ) [ 000]
store_ln54          (store            ) [ 000]
j_load              (load             ) [ 000]
i_load              (load             ) [ 000]
specloopname_ln0    (specloopname     ) [ 000]
empty               (speclooptripcount) [ 000]
icmp_ln54           (icmp             ) [ 000]
select_ln43         (select           ) [ 000]
add_ln53_1          (add              ) [ 000]
select_ln43_1       (select           ) [ 000]
trunc_ln43          (trunc            ) [ 011]
specpipeline_ln0    (specpipeline     ) [ 000]
specloopname_ln43   (specloopname     ) [ 000]
p_Val2_s            (read             ) [ 000]
REG1_V_16           (trunc            ) [ 000]
trunc_ln56          (trunc            ) [ 000]
icmp_ln56           (icmp             ) [ 000]
REG1_V_17           (partselect       ) [ 000]
switch_ln56         (switch           ) [ 000]
REG1_V_2_load_1     (load             ) [ 000]
REG1_V_11_load_1    (load             ) [ 000]
REG1_V_12_load_1    (load             ) [ 000]
REG1_V_13_load_1    (load             ) [ 000]
select_ln56_12      (select           ) [ 000]
select_ln56_13      (select           ) [ 000]
select_ln56_14      (select           ) [ 000]
select_ln56_15      (select           ) [ 000]
store_ln56          (store            ) [ 000]
store_ln56          (store            ) [ 000]
store_ln56          (store            ) [ 000]
store_ln56          (store            ) [ 000]
br_ln56             (br               ) [ 000]
REG1_V_4_load_1     (load             ) [ 000]
REG1_V_9_load_1     (load             ) [ 000]
REG1_V_3_load_1     (load             ) [ 000]
REG1_V_10_load_1    (load             ) [ 000]
select_ln56_8       (select           ) [ 000]
select_ln56_9       (select           ) [ 000]
select_ln56_10      (select           ) [ 000]
select_ln56_11      (select           ) [ 000]
store_ln56          (store            ) [ 000]
store_ln56          (store            ) [ 000]
store_ln56          (store            ) [ 000]
store_ln56          (store            ) [ 000]
br_ln56             (br               ) [ 000]
REG1_V_6_load_1     (load             ) [ 000]
REG1_V_7_load_1     (load             ) [ 000]
REG1_V_5_load_1     (load             ) [ 000]
REG1_V_8_load_1     (load             ) [ 000]
select_ln56_4       (select           ) [ 000]
select_ln56_5       (select           ) [ 000]
select_ln56_6       (select           ) [ 000]
select_ln56_7       (select           ) [ 000]
store_ln56          (store            ) [ 000]
store_ln56          (store            ) [ 000]
store_ln56          (store            ) [ 000]
store_ln56          (store            ) [ 000]
br_ln56             (br               ) [ 000]
REG1_V_1_load_1     (load             ) [ 000]
REG1_V_14_load_1    (load             ) [ 000]
REG1_V_load_1       (load             ) [ 000]
REG1_V_15_load_1    (load             ) [ 000]
select_ln56         (select           ) [ 000]
select_ln56_1       (select           ) [ 000]
select_ln56_2       (select           ) [ 000]
select_ln56_3       (select           ) [ 000]
store_ln56          (store            ) [ 000]
store_ln56          (store            ) [ 000]
store_ln56          (store            ) [ 000]
store_ln56          (store            ) [ 000]
br_ln56             (br               ) [ 000]
add_ln54            (add              ) [ 000]
store_ln54          (store            ) [ 000]
store_ln54          (store            ) [ 000]
br_ln54             (br               ) [ 000]
REG1_V_6_load       (load             ) [ 000]
REG1_V_7_load       (load             ) [ 000]
REG1_V_5_load       (load             ) [ 000]
REG1_V_8_load       (load             ) [ 000]
REG1_V_4_load       (load             ) [ 000]
REG1_V_9_load       (load             ) [ 000]
REG1_V_3_load       (load             ) [ 000]
REG1_V_10_load      (load             ) [ 000]
REG1_V_2_load       (load             ) [ 000]
REG1_V_11_load      (load             ) [ 000]
REG1_V_12_load      (load             ) [ 000]
REG1_V_13_load      (load             ) [ 000]
REG1_V_1_load       (load             ) [ 000]
REG1_V_14_load      (load             ) [ 000]
REG1_V_load         (load             ) [ 000]
REG1_V_15_load      (load             ) [ 000]
write_ln0           (write            ) [ 000]
write_ln0           (write            ) [ 000]
write_ln0           (write            ) [ 000]
write_ln0           (write            ) [ 000]
write_ln0           (write            ) [ 000]
write_ln0           (write            ) [ 000]
write_ln0           (write            ) [ 000]
write_ln0           (write            ) [ 000]
write_ln0           (write            ) [ 000]
write_ln0           (write            ) [ 000]
write_ln0           (write            ) [ 000]
write_ln0           (write            ) [ 000]
write_ln0           (write            ) [ 000]
write_ln0           (write            ) [ 000]
write_ln0           (write            ) [ 000]
write_ln0           (write            ) [ 000]
ret_ln0             (ret              ) [ 000]
</LifeTime>

<model>

<comp_list>
<comp id="0" class="1000" name="fwd_in1">
<pin_list>
<pin id="1" dir="1" index="0" bw="1" slack="0"/>
</pin_list>
<bind>
<StgValue><ssdm name="fwd_in1"/></StgValue>
</bind>
</comp>

<comp id="2" class="1000" name="REG1_V_15_out">
<pin_list>
<pin id="3" dir="1" index="0" bw="1" slack="0"/>
</pin_list>
<bind>
<StgValue><ssdm name="REG1_V_15_out"/></StgValue>
</bind>
</comp>

<comp id="4" class="1000" name="REG1_V_out">
<pin_list>
<pin id="5" dir="1" index="0" bw="1" slack="0"/>
</pin_list>
<bind>
<StgValue><ssdm name="REG1_V_out"/></StgValue>
</bind>
</comp>

<comp id="6" class="1000" name="REG1_V_14_out">
<pin_list>
<pin id="7" dir="1" index="0" bw="1" slack="0"/>
</pin_list>
<bind>
<StgValue><ssdm name="REG1_V_14_out"/></StgValue>
</bind>
</comp>

<comp id="8" class="1000" name="REG1_V_1_out">
<pin_list>
<pin id="9" dir="1" index="0" bw="1" slack="0"/>
</pin_list>
<bind>
<StgValue><ssdm name="REG1_V_1_out"/></StgValue>
</bind>
</comp>

<comp id="10" class="1000" name="REG1_V_13_out">
<pin_list>
<pin id="11" dir="1" index="0" bw="1" slack="0"/>
</pin_list>
<bind>
<StgValue><ssdm name="REG1_V_13_out"/></StgValue>
</bind>
</comp>

<comp id="12" class="1000" name="REG1_V_12_out">
<pin_list>
<pin id="13" dir="1" index="0" bw="1" slack="0"/>
</pin_list>
<bind>
<StgValue><ssdm name="REG1_V_12_out"/></StgValue>
</bind>
</comp>

<comp id="14" class="1000" name="REG1_V_11_out">
<pin_list>
<pin id="15" dir="1" index="0" bw="1" slack="0"/>
</pin_list>
<bind>
<StgValue><ssdm name="REG1_V_11_out"/></StgValue>
</bind>
</comp>

<comp id="16" class="1000" name="REG1_V_2_out">
<pin_list>
<pin id="17" dir="1" index="0" bw="1" slack="0"/>
</pin_list>
<bind>
<StgValue><ssdm name="REG1_V_2_out"/></StgValue>
</bind>
</comp>

<comp id="18" class="1000" name="REG1_V_10_out">
<pin_list>
<pin id="19" dir="1" index="0" bw="1" slack="0"/>
</pin_list>
<bind>
<StgValue><ssdm name="REG1_V_10_out"/></StgValue>
</bind>
</comp>

<comp id="20" class="1000" name="REG1_V_3_out">
<pin_list>
<pin id="21" dir="1" index="0" bw="1" slack="0"/>
</pin_list>
<bind>
<StgValue><ssdm name="REG1_V_3_out"/></StgValue>
</bind>
</comp>

<comp id="22" class="1000" name="REG1_V_9_out">
<pin_list>
<pin id="23" dir="1" index="0" bw="1" slack="0"/>
</pin_list>
<bind>
<StgValue><ssdm name="REG1_V_9_out"/></StgValue>
</bind>
</comp>

<comp id="24" class="1000" name="REG1_V_4_out">
<pin_list>
<pin id="25" dir="1" index="0" bw="1" slack="0"/>
</pin_list>
<bind>
<StgValue><ssdm name="REG1_V_4_out"/></StgValue>
</bind>
</comp>

<comp id="26" class="1000" name="REG1_V_8_out">
<pin_list>
<pin id="27" dir="1" index="0" bw="1" slack="0"/>
</pin_list>
<bind>
<StgValue><ssdm name="REG1_V_8_out"/></StgValue>
</bind>
</comp>

<comp id="28" class="1000" name="REG1_V_5_out">
<pin_list>
<pin id="29" dir="1" index="0" bw="1" slack="0"/>
</pin_list>
<bind>
<StgValue><ssdm name="REG1_V_5_out"/></StgValue>
</bind>
</comp>

<comp id="30" class="1000" name="REG1_V_7_out">
<pin_list>
<pin id="31" dir="1" index="0" bw="1" slack="0"/>
</pin_list>
<bind>
<StgValue><ssdm name="REG1_V_7_out"/></StgValue>
</bind>
</comp>

<comp id="32" class="1000" name="REG1_V_6_out">
<pin_list>
<pin id="33" dir="1" index="0" bw="1" slack="0"/>
</pin_list>
<bind>
<StgValue><ssdm name="REG1_V_6_out"/></StgValue>
</bind>
</comp>

<comp id="34" class="1001" name="const_34">
<pin_list>
<pin id="35" dir="1" index="0" bw="1" slack="0"/>
</pin_list>
<bind>
<StgValue><ssdm name=""/></StgValue>
</bind>
</comp>

<comp id="36" class="1001" name="const_36">
<pin_list>
<pin id="37" dir="1" index="0" bw="1" slack="2147483647"/>
</pin_list>
<bind>
<StgValue><ssdm name="_ssdm_op_SpecInterface"/></StgValue>
</bind>
</comp>

<comp id="38" class="1001" name="const_38">
<pin_list>
<pin id="39" dir="1" index="0" bw="1" slack="2147483647"/>
</pin_list>
<bind>
<StgValue><ssdm name="empty_0"/></StgValue>
</bind>
</comp>

<comp id="40" class="1001" name="const_40">
<pin_list>
<pin id="41" dir="1" index="0" bw="1" slack="2147483647"/>
</pin_list>
<bind>
<StgValue><ssdm name=""/></StgValue>
</bind>
</comp>

<comp id="42" class="1001" name="const_42">
<pin_list>
<pin id="43" dir="1" index="0" bw="1" slack="2147483647"/>
</pin_list>
<bind>
<StgValue><ssdm name="empty"/></StgValue>
</bind>
</comp>

<comp id="44" class="1001" name="const_44">
<pin_list>
<pin id="45" dir="1" index="0" bw="1" slack="2147483647"/>
</pin_list>
<bind>
<StgValue><ssdm name=""/></StgValue>
</bind>
</comp>

<comp id="46" class="1001" name="const_46">
<pin_list>
<pin id="47" dir="1" index="0" bw="1" slack="0"/>
</pin_list>
<bind>
<StgValue><ssdm name=""/></StgValue>
</bind>
</comp>

<comp id="48" class="1001" name="const_48">
<pin_list>
<pin id="49" dir="1" index="0" bw="1" slack="0"/>
</pin_list>
<bind>
<StgValue><ssdm name=""/></StgValue>
</bind>
</comp>

<comp id="50" class="1001" name="const_50">
<pin_list>
<pin id="51" dir="1" index="0" bw="1" slack="2147483647"/>
</pin_list>
<bind>
<StgValue><ssdm name="_ssdm_op_SpecPipeline"/></StgValue>
</bind>
</comp>

<comp id="52" class="1001" name="const_52">
<pin_list>
<pin id="53" dir="1" index="0" bw="1" slack="2147483647"/>
</pin_list>
<bind>
<StgValue><ssdm name="p_str"/></StgValue>
</bind>
</comp>

<comp id="54" class="1001" name="const_54">
<pin_list>
<pin id="55" dir="1" index="0" bw="1" slack="0"/>
</pin_list>
<bind>
<StgValue><ssdm name=""/></StgValue>
</bind>
</comp>

<comp id="56" class="1001" name="const_56">
<pin_list>
<pin id="57" dir="1" index="0" bw="1" slack="0"/>
</pin_list>
<bind>
<StgValue><ssdm name=""/></StgValue>
</bind>
</comp>

<comp id="58" class="1001" name="const_58">
<pin_list>
<pin id="59" dir="1" index="0" bw="1" slack="2147483647"/>
</pin_list>
<bind>
<StgValue><ssdm name="_ssdm_op_SpecLoopName"/></StgValue>
</bind>
</comp>

<comp id="60" class="1001" name="const_60">
<pin_list>
<pin id="61" dir="1" index="0" bw="1" slack="2147483647"/>
</pin_list>
<bind>
<StgValue><ssdm name="VITIS_LOOP_53_1_VITIS_LOOP_54_2_str"/></StgValue>
</bind>
</comp>

<comp id="62" class="1001" name="const_62">
<pin_list>
<pin id="63" dir="1" index="0" bw="1" slack="2147483647"/>
</pin_list>
<bind>
<StgValue><ssdm name="_ssdm_op_SpecLoopTripCount"/></StgValue>
</bind>
</comp>

<comp id="64" class="1001" name="const_64">
<pin_list>
<pin id="65" dir="1" index="0" bw="1" slack="2147483647"/>
</pin_list>
<bind>
<StgValue><ssdm name=""/></StgValue>
</bind>
</comp>

<comp id="66" class="1001" name="const_66">
<pin_list>
<pin id="67" dir="1" index="0" bw="1" slack="0"/>
</pin_list>
<bind>
<StgValue><ssdm name=""/></StgValue>
</bind>
</comp>

<comp id="68" class="1001" name="const_68">
<pin_list>
<pin id="69" dir="1" index="0" bw="1" slack="0"/>
</pin_list>
<bind>
<StgValue><ssdm name=""/></StgValue>
</bind>
</comp>

<comp id="70" class="1001" name="const_70">
<pin_list>
<pin id="71" dir="1" index="0" bw="1" slack="2147483647"/>
</pin_list>
<bind>
<StgValue><ssdm name="empty_6"/></StgValue>
</bind>
</comp>

<comp id="72" class="1001" name="const_72">
<pin_list>
<pin id="73" dir="1" index="0" bw="1" slack="0"/>
</pin_list>
<bind>
<StgValue><ssdm name="_ssdm_op_Read.ap_fifo.volatile.i32P0A"/></StgValue>
</bind>
</comp>

<comp id="74" class="1001" name="const_74">
<pin_list>
<pin id="75" dir="1" index="0" bw="1" slack="0"/>
</pin_list>
<bind>
<StgValue><ssdm name=""/></StgValue>
</bind>
</comp>

<comp id="76" class="1001" name="const_76">
<pin_list>
<pin id="77" dir="1" index="0" bw="1" slack="0"/>
</pin_list>
<bind>
<StgValue><ssdm name="_ssdm_op_PartSelect.i16.i32.i32.i32"/></StgValue>
</bind>
</comp>

<comp id="78" class="1001" name="const_78">
<pin_list>
<pin id="79" dir="1" index="0" bw="1" slack="0"/>
</pin_list>
<bind>
<StgValue><ssdm name=""/></StgValue>
</bind>
</comp>

<comp id="80" class="1001" name="const_80">
<pin_list>
<pin id="81" dir="1" index="0" bw="1" slack="0"/>
</pin_list>
<bind>
<StgValue><ssdm name=""/></StgValue>
</bind>
</comp>

<comp id="82" class="1001" name="const_82">
<pin_list>
<pin id="83" dir="1" index="0" bw="1" slack="2147483647"/>
</pin_list>
<bind>
<StgValue><ssdm name=""/></StgValue>
</bind>
</comp>

<comp id="84" class="1001" name="const_84">
<pin_list>
<pin id="85" dir="1" index="0" bw="1" slack="2147483647"/>
</pin_list>
<bind>
<StgValue><ssdm name=""/></StgValue>
</bind>
</comp>

<comp id="86" class="1001" name="const_86">
<pin_list>
<pin id="87" dir="1" index="0" bw="1" slack="0"/>
</pin_list>
<bind>
<StgValue><ssdm name=""/></StgValue>
</bind>
</comp>

<comp id="88" class="1001" name="const_88">
<pin_list>
<pin id="89" dir="1" index="0" bw="1" slack="0"/>
</pin_list>
<bind>
<StgValue><ssdm name="_ssdm_op_Write.ap_auto.i16P0A"/></StgValue>
</bind>
</comp>

<comp id="90" class="1004" name="j_fu_90">
<pin_list>
<pin id="91" dir="0" index="0" bw="1" slack="0"/>
<pin id="92" dir="1" index="1" bw="3" slack="0"/>
</pin_list>
<bind>
<opcode="alloca(26) " fcode="alloca"/>
<opset="j/1 "/>
</bind>
</comp>

<comp id="94" class="1004" name="i_fu_94">
<pin_list>
<pin id="95" dir="0" index="0" bw="1" slack="0"/>
<pin id="96" dir="1" index="1" bw="3" slack="0"/>
</pin_list>
<bind>
<opcode="alloca(26) " fcode="alloca"/>
<opset="i/1 "/>
</bind>
</comp>

<comp id="98" class="1004" name="indvar_flatten_fu_98">
<pin_list>
<pin id="99" dir="0" index="0" bw="1" slack="0"/>
<pin id="100" dir="1" index="1" bw="4" slack="0"/>
</pin_list>
<bind>
<opcode="alloca(26) " fcode="alloca"/>
<opset="indvar_flatten/1 "/>
</bind>
</comp>

<comp id="102" class="1004" name="REG1_V_6_fu_102">
<pin_list>
<pin id="103" dir="0" index="0" bw="1" slack="0"/>
<pin id="104" dir="1" index="1" bw="16" slack="0"/>
</pin_list>
<bind>
<opcode="alloca(26) " fcode="alloca"/>
<opset="REG1_V_6/1 "/>
</bind>
</comp>

<comp id="106" class="1004" name="REG1_V_7_fu_106">
<pin_list>
<pin id="107" dir="0" index="0" bw="1" slack="0"/>
<pin id="108" dir="1" index="1" bw="16" slack="0"/>
</pin_list>
<bind>
<opcode="alloca(26) " fcode="alloca"/>
<opset="REG1_V_7/1 "/>
</bind>
</comp>

<comp id="110" class="1004" name="REG1_V_5_fu_110">
<pin_list>
<pin id="111" dir="0" index="0" bw="1" slack="0"/>
<pin id="112" dir="1" index="1" bw="16" slack="0"/>
</pin_list>
<bind>
<opcode="alloca(26) " fcode="alloca"/>
<opset="REG1_V_5/1 "/>
</bind>
</comp>

<comp id="114" class="1004" name="REG1_V_8_fu_114">
<pin_list>
<pin id="115" dir="0" index="0" bw="1" slack="0"/>
<pin id="116" dir="1" index="1" bw="16" slack="0"/>
</pin_list>
<bind>
<opcode="alloca(26) " fcode="alloca"/>
<opset="REG1_V_8/1 "/>
</bind>
</comp>

<comp id="118" class="1004" name="REG1_V_4_fu_118">
<pin_list>
<pin id="119" dir="0" index="0" bw="1" slack="0"/>
<pin id="120" dir="1" index="1" bw="16" slack="0"/>
</pin_list>
<bind>
<opcode="alloca(26) " fcode="alloca"/>
<opset="REG1_V_4/1 "/>
</bind>
</comp>

<comp id="122" class="1004" name="REG1_V_9_fu_122">
<pin_list>
<pin id="123" dir="0" index="0" bw="1" slack="0"/>
<pin id="124" dir="1" index="1" bw="16" slack="0"/>
</pin_list>
<bind>
<opcode="alloca(26) " fcode="alloca"/>
<opset="REG1_V_9/1 "/>
</bind>
</comp>

<comp id="126" class="1004" name="REG1_V_3_fu_126">
<pin_list>
<pin id="127" dir="0" index="0" bw="1" slack="0"/>
<pin id="128" dir="1" index="1" bw="16" slack="0"/>
</pin_list>
<bind>
<opcode="alloca(26) " fcode="alloca"/>
<opset="REG1_V_3/1 "/>
</bind>
</comp>

<comp id="130" class="1004" name="REG1_V_10_fu_130">
<pin_list>
<pin id="131" dir="0" index="0" bw="1" slack="0"/>
<pin id="132" dir="1" index="1" bw="16" slack="0"/>
</pin_list>
<bind>
<opcode="alloca(26) " fcode="alloca"/>
<opset="REG1_V_10/1 "/>
</bind>
</comp>

<comp id="134" class="1004" name="REG1_V_2_fu_134">
<pin_list>
<pin id="135" dir="0" index="0" bw="1" slack="0"/>
<pin id="136" dir="1" index="1" bw="16" slack="0"/>
</pin_list>
<bind>
<opcode="alloca(26) " fcode="alloca"/>
<opset="REG1_V_2/1 "/>
</bind>
</comp>

<comp id="138" class="1004" name="REG1_V_11_fu_138">
<pin_list>
<pin id="139" dir="0" index="0" bw="1" slack="0"/>
<pin id="140" dir="1" index="1" bw="16" slack="0"/>
</pin_list>
<bind>
<opcode="alloca(26) " fcode="alloca"/>
<opset="REG1_V_11/1 "/>
</bind>
</comp>

<comp id="142" class="1004" name="REG1_V_12_fu_142">
<pin_list>
<pin id="143" dir="0" index="0" bw="1" slack="0"/>
<pin id="144" dir="1" index="1" bw="16" slack="0"/>
</pin_list>
<bind>
<opcode="alloca(26) " fcode="alloca"/>
<opset="REG1_V_12/1 "/>
</bind>
</comp>

<comp id="146" class="1004" name="REG1_V_13_fu_146">
<pin_list>
<pin id="147" dir="0" index="0" bw="1" slack="0"/>
<pin id="148" dir="1" index="1" bw="16" slack="0"/>
</pin_list>
<bind>
<opcode="alloca(26) " fcode="alloca"/>
<opset="REG1_V_13/1 "/>
</bind>
</comp>

<comp id="150" class="1004" name="REG1_V_1_fu_150">
<pin_list>
<pin id="151" dir="0" index="0" bw="1" slack="0"/>
<pin id="152" dir="1" index="1" bw="16" slack="0"/>
</pin_list>
<bind>
<opcode="alloca(26) " fcode="alloca"/>
<opset="REG1_V_1/1 "/>
</bind>
</comp>

<comp id="154" class="1004" name="REG1_V_14_fu_154">
<pin_list>
<pin id="155" dir="0" index="0" bw="1" slack="0"/>
<pin id="156" dir="1" index="1" bw="16" slack="0"/>
</pin_list>
<bind>
<opcode="alloca(26) " fcode="alloca"/>
<opset="REG1_V_14/1 "/>
</bind>
</comp>

<comp id="158" class="1004" name="REG1_V_fu_158">
<pin_list>
<pin id="159" dir="0" index="0" bw="1" slack="0"/>
<pin id="160" dir="1" index="1" bw="16" slack="0"/>
</pin_list>
<bind>
<opcode="alloca(26) " fcode="alloca"/>
<opset="REG1_V/1 "/>
</bind>
</comp>

<comp id="162" class="1004" name="REG1_V_15_fu_162">
<pin_list>
<pin id="163" dir="0" index="0" bw="1" slack="0"/>
<pin id="164" dir="1" index="1" bw="16" slack="0"/>
</pin_list>
<bind>
<opcode="alloca(26) " fcode="alloca"/>
<opset="REG1_V_15/1 "/>
</bind>
</comp>

<comp id="166" class="1004" name="p_Val2_s_read_fu_166">
<pin_list>
<pin id="167" dir="0" index="0" bw="32" slack="0"/>
<pin id="168" dir="0" index="1" bw="32" slack="0"/>
<pin id="169" dir="1" index="2" bw="32" slack="0"/>
</pin_list>
<bind>
<opcode="read(1150) " fcode="read"/>
<opset="p_Val2_s/2 "/>
</bind>
</comp>

<comp id="172" class="1004" name="write_ln0_write_fu_172">
<pin_list>
<pin id="173" dir="0" index="0" bw="0" slack="0"/>
<pin id="174" dir="0" index="1" bw="16" slack="0"/>
<pin id="175" dir="0" index="2" bw="16" slack="0"/>
<pin id="176" dir="1" index="3" bw="0" slack="2147483647"/>
</pin_list>
<bind>
<opcode="write(1151) " fcode="write"/>
<opset="write_ln0/1 "/>
</bind>
</comp>

<comp id="179" class="1004" name="write_ln0_write_fu_179">
<pin_list>
<pin id="180" dir="0" index="0" bw="0" slack="0"/>
<pin id="181" dir="0" index="1" bw="16" slack="0"/>
<pin id="182" dir="0" index="2" bw="16" slack="0"/>
<pin id="183" dir="1" index="3" bw="0" slack="2147483647"/>
</pin_list>
<bind>
<opcode="write(1151) " fcode="write"/>
<opset="write_ln0/1 "/>
</bind>
</comp>

<comp id="186" class="1004" name="write_ln0_write_fu_186">
<pin_list>
<pin id="187" dir="0" index="0" bw="0" slack="0"/>
<pin id="188" dir="0" index="1" bw="16" slack="0"/>
<pin id="189" dir="0" index="2" bw="16" slack="0"/>
<pin id="190" dir="1" index="3" bw="0" slack="2147483647"/>
</pin_list>
<bind>
<opcode="write(1151) " fcode="write"/>
<opset="write_ln0/1 "/>
</bind>
</comp>

<comp id="193" class="1004" name="write_ln0_write_fu_193">
<pin_list>
<pin id="194" dir="0" index="0" bw="0" slack="0"/>
<pin id="195" dir="0" index="1" bw="16" slack="0"/>
<pin id="196" dir="0" index="2" bw="16" slack="0"/>
<pin id="197" dir="1" index="3" bw="0" slack="2147483647"/>
</pin_list>
<bind>
<opcode="write(1151) " fcode="write"/>
<opset="write_ln0/1 "/>
</bind>
</comp>

<comp id="200" class="1004" name="write_ln0_write_fu_200">
<pin_list>
<pin id="201" dir="0" index="0" bw="0" slack="0"/>
<pin id="202" dir="0" index="1" bw="16" slack="0"/>
<pin id="203" dir="0" index="2" bw="16" slack="0"/>
<pin id="204" dir="1" index="3" bw="0" slack="2147483647"/>
</pin_list>
<bind>
<opcode="write(1151) " fcode="write"/>
<opset="write_ln0/1 "/>
</bind>
</comp>

<comp id="207" class="1004" name="write_ln0_write_fu_207">
<pin_list>
<pin id="208" dir="0" index="0" bw="0" slack="0"/>
<pin id="209" dir="0" index="1" bw="16" slack="0"/>
<pin id="210" dir="0" index="2" bw="16" slack="0"/>
<pin id="211" dir="1" index="3" bw="0" slack="2147483647"/>
</pin_list>
<bind>
<opcode="write(1151) " fcode="write"/>
<opset="write_ln0/1 "/>
</bind>
</comp>

<comp id="214" class="1004" name="write_ln0_write_fu_214">
<pin_list>
<pin id="215" dir="0" index="0" bw="0" slack="0"/>
<pin id="216" dir="0" index="1" bw="16" slack="0"/>
<pin id="217" dir="0" index="2" bw="16" slack="0"/>
<pin id="218" dir="1" index="3" bw="0" slack="2147483647"/>
</pin_list>
<bind>
<opcode="write(1151) " fcode="write"/>
<opset="write_ln0/1 "/>
</bind>
</comp>

<comp id="221" class="1004" name="write_ln0_write_fu_221">
<pin_list>
<pin id="222" dir="0" index="0" bw="0" slack="0"/>
<pin id="223" dir="0" index="1" bw="16" slack="0"/>
<pin id="224" dir="0" index="2" bw="16" slack="0"/>
<pin id="225" dir="1" index="3" bw="0" slack="2147483647"/>
</pin_list>
<bind>
<opcode="write(1151) " fcode="write"/>
<opset="write_ln0/1 "/>
</bind>
</comp>

<comp id="228" class="1004" name="write_ln0_write_fu_228">
<pin_list>
<pin id="229" dir="0" index="0" bw="0" slack="0"/>
<pin id="230" dir="0" index="1" bw="16" slack="0"/>
<pin id="231" dir="0" index="2" bw="16" slack="0"/>
<pin id="232" dir="1" index="3" bw="0" slack="2147483647"/>
</pin_list>
<bind>
<opcode="write(1151) " fcode="write"/>
<opset="write_ln0/1 "/>
</bind>
</comp>

<comp id="235" class="1004" name="write_ln0_write_fu_235">
<pin_list>
<pin id="236" dir="0" index="0" bw="0" slack="0"/>
<pin id="237" dir="0" index="1" bw="16" slack="0"/>
<pin id="238" dir="0" index="2" bw="16" slack="0"/>
<pin id="239" dir="1" index="3" bw="0" slack="2147483647"/>
</pin_list>
<bind>
<opcode="write(1151) " fcode="write"/>
<opset="write_ln0/1 "/>
</bind>
</comp>

<comp id="242" class="1004" name="write_ln0_write_fu_242">
<pin_list>
<pin id="243" dir="0" index="0" bw="0" slack="0"/>
<pin id="244" dir="0" index="1" bw="16" slack="0"/>
<pin id="245" dir="0" index="2" bw="16" slack="0"/>
<pin id="246" dir="1" index="3" bw="0" slack="2147483647"/>
</pin_list>
<bind>
<opcode="write(1151) " fcode="write"/>
<opset="write_ln0/1 "/>
</bind>
</comp>

<comp id="249" class="1004" name="write_ln0_write_fu_249">
<pin_list>
<pin id="250" dir="0" index="0" bw="0" slack="0"/>
<pin id="251" dir="0" index="1" bw="16" slack="0"/>
<pin id="252" dir="0" index="2" bw="16" slack="0"/>
<pin id="253" dir="1" index="3" bw="0" slack="2147483647"/>
</pin_list>
<bind>
<opcode="write(1151) " fcode="write"/>
<opset="write_ln0/1 "/>
</bind>
</comp>

<comp id="256" class="1004" name="write_ln0_write_fu_256">
<pin_list>
<pin id="257" dir="0" index="0" bw="0" slack="0"/>
<pin id="258" dir="0" index="1" bw="16" slack="0"/>
<pin id="259" dir="0" index="2" bw="16" slack="0"/>
<pin id="260" dir="1" index="3" bw="0" slack="2147483647"/>
</pin_list>
<bind>
<opcode="write(1151) " fcode="write"/>
<opset="write_ln0/1 "/>
</bind>
</comp>

<comp id="263" class="1004" name="write_ln0_write_fu_263">
<pin_list>
<pin id="264" dir="0" index="0" bw="0" slack="0"/>
<pin id="265" dir="0" index="1" bw="16" slack="0"/>
<pin id="266" dir="0" index="2" bw="16" slack="0"/>
<pin id="267" dir="1" index="3" bw="0" slack="2147483647"/>
</pin_list>
<bind>
<opcode="write(1151) " fcode="write"/>
<opset="write_ln0/1 "/>
</bind>
</comp>

<comp id="270" class="1004" name="write_ln0_write_fu_270">
<pin_list>
<pin id="271" dir="0" index="0" bw="0" slack="0"/>
<pin id="272" dir="0" index="1" bw="16" slack="0"/>
<pin id="273" dir="0" index="2" bw="16" slack="0"/>
<pin id="274" dir="1" index="3" bw="0" slack="2147483647"/>
</pin_list>
<bind>
<opcode="write(1151) " fcode="write"/>
<opset="write_ln0/1 "/>
</bind>
</comp>

<comp id="277" class="1004" name="write_ln0_write_fu_277">
<pin_list>
<pin id="278" dir="0" index="0" bw="0" slack="0"/>
<pin id="279" dir="0" index="1" bw="16" slack="0"/>
<pin id="280" dir="0" index="2" bw="16" slack="0"/>
<pin id="281" dir="1" index="3" bw="0" slack="2147483647"/>
</pin_list>
<bind>
<opcode="write(1151) " fcode="write"/>
<opset="write_ln0/1 "/>
</bind>
</comp>

<comp id="284" class="1004" name="store_ln0_store_fu_284">
<pin_list>
<pin id="285" dir="0" index="0" bw="1" slack="0"/>
<pin id="286" dir="0" index="1" bw="4" slack="0"/>
<pin id="287" dir="1" index="2" bw="0" slack="2147483647"/>
</pin_list>
<bind>
<opcode="store(28) " fcode="store"/>
<opset="store_ln0/1 "/>
</bind>
</comp>

<comp id="289" class="1004" name="store_ln0_store_fu_289">
<pin_list>
<pin id="290" dir="0" index="0" bw="1" slack="0"/>
<pin id="291" dir="0" index="1" bw="3" slack="0"/>
<pin id="292" dir="1" index="2" bw="0" slack="2147483647"/>
</pin_list>
<bind>
<opcode="store(28) " fcode="store"/>
<opset="store_ln0/1 "/>
</bind>
</comp>

<comp id="294" class="1004" name="store_ln0_store_fu_294">
<pin_list>
<pin id="295" dir="0" index="0" bw="1" slack="0"/>
<pin id="296" dir="0" index="1" bw="3" slack="0"/>
<pin id="297" dir="1" index="2" bw="0" slack="2147483647"/>
</pin_list>
<bind>
<opcode="store(28) " fcode="store"/>
<opset="store_ln0/1 "/>
</bind>
</comp>

<comp id="299" class="1004" name="indvar_flatten_load_load_fu_299">
<pin_list>
<pin id="300" dir="0" index="0" bw="4" slack="0"/>
<pin id="301" dir="1" index="1" bw="4" slack="0"/>
</pin_list>
<bind>
<opcode="load(27) " fcode="load"/>
<opset="indvar_flatten_load/1 "/>
</bind>
</comp>

<comp id="302" class="1004" name="icmp_ln53_fu_302">
<pin_list>
<pin id="303" dir="0" index="0" bw="4" slack="0"/>
<pin id="304" dir="0" index="1" bw="4" slack="0"/>
<pin id="305" dir="1" index="2" bw="1" slack="2147483647"/>
</pin_list>
<bind>
<opcode="icmp(45) " fcode="icmp"/>
<opset="icmp_ln53/1 "/>
</bind>
</comp>

<comp id="308" class="1004" name="add_ln53_fu_308">
<pin_list>
<pin id="309" dir="0" index="0" bw="4" slack="0"/>
<pin id="310" dir="0" index="1" bw="1" slack="0"/>
<pin id="311" dir="1" index="2" bw="4" slack="0"/>
</pin_list>
<bind>
<opcode="add(8) " fcode="add"/>
<opset="add_ln53/1 "/>
</bind>
</comp>

<comp id="314" class="1004" name="store_ln54_store_fu_314">
<pin_list>
<pin id="315" dir="0" index="0" bw="4" slack="0"/>
<pin id="316" dir="0" index="1" bw="4" slack="0"/>
<pin id="317" dir="1" index="2" bw="0" slack="2147483647"/>
</pin_list>
<bind>
<opcode="store(28) " fcode="store"/>
<opset="store_ln54/1 "/>
</bind>
</comp>

<comp id="319" class="1004" name="j_load_load_fu_319">
<pin_list>
<pin id="320" dir="0" index="0" bw="3" slack="1"/>
<pin id="321" dir="1" index="1" bw="3" slack="0"/>
</pin_list>
<bind>
<opcode="load(27) " fcode="load"/>
<opset="j_load/2 "/>
</bind>
</comp>

<comp id="322" class="1004" name="i_load_load_fu_322">
<pin_list>
<pin id="323" dir="0" index="0" bw="3" slack="1"/>
<pin id="324" dir="1" index="1" bw="3" slack="0"/>
</pin_list>
<bind>
<opcode="load(27) " fcode="load"/>
<opset="i_load/2 "/>
</bind>
</comp>

<comp id="325" class="1004" name="icmp_ln54_fu_325">
<pin_list>
<pin id="326" dir="0" index="0" bw="3" slack="0"/>
<pin id="327" dir="0" index="1" bw="3" slack="0"/>
<pin id="328" dir="1" index="2" bw="1" slack="0"/>
</pin_list>
<bind>
<opcode="icmp(45) " fcode="icmp"/>
<opset="icmp_ln54/2 "/>
</bind>
</comp>

<comp id="331" class="1004" name="select_ln43_fu_331">
<pin_list>
<pin id="332" dir="0" index="0" bw="1" slack="0"/>
<pin id="333" dir="0" index="1" bw="3" slack="0"/>
<pin id="334" dir="0" index="2" bw="3" slack="0"/>
<pin id="335" dir="1" index="3" bw="3" slack="0"/>
</pin_list>
<bind>
<opcode="select(49) " fcode="select"/>
<opset="select_ln43/2 "/>
</bind>
</comp>

<comp id="339" class="1004" name="add_ln53_1_fu_339">
<pin_list>
<pin id="340" dir="0" index="0" bw="3" slack="0"/>
<pin id="341" dir="0" index="1" bw="1" slack="0"/>
<pin id="342" dir="1" index="2" bw="3" slack="0"/>
</pin_list>
<bind>
<opcode="add(8) " fcode="add"/>
<opset="add_ln53_1/2 "/>
</bind>
</comp>

<comp id="345" class="1004" name="select_ln43_1_fu_345">
<pin_list>
<pin id="346" dir="0" index="0" bw="1" slack="0"/>
<pin id="347" dir="0" index="1" bw="3" slack="0"/>
<pin id="348" dir="0" index="2" bw="3" slack="0"/>
<pin id="349" dir="1" index="3" bw="3" slack="0"/>
</pin_list>
<bind>
<opcode="select(49) " fcode="select"/>
<opset="select_ln43_1/2 "/>
</bind>
</comp>

<comp id="353" class="1004" name="trunc_ln43_fu_353">
<pin_list>
<pin id="354" dir="0" index="0" bw="3" slack="0"/>
<pin id="355" dir="1" index="1" bw="2" slack="2147483647"/>
</pin_list>
<bind>
<opcode="trunc(33) " fcode="trunc"/>
<opset="trunc_ln43/2 "/>
</bind>
</comp>

<comp id="357" class="1004" name="REG1_V_16_fu_357">
<pin_list>
<pin id="358" dir="0" index="0" bw="32" slack="0"/>
<pin id="359" dir="1" index="1" bw="16" slack="0"/>
</pin_list>
<bind>
<opcode="trunc(33) " fcode="trunc"/>
<opset="REG1_V_16/2 "/>
</bind>
</comp>

<comp id="361" class="1004" name="trunc_ln56_fu_361">
<pin_list>
<pin id="362" dir="0" index="0" bw="3" slack="0"/>
<pin id="363" dir="1" index="1" bw="2" slack="0"/>
</pin_list>
<bind>
<opcode="trunc(33) " fcode="trunc"/>
<opset="trunc_ln56/2 "/>
</bind>
</comp>

<comp id="365" class="1004" name="icmp_ln56_fu_365">
<pin_list>
<pin id="366" dir="0" index="0" bw="2" slack="0"/>
<pin id="367" dir="0" index="1" bw="2" slack="0"/>
<pin id="368" dir="1" index="2" bw="1" slack="0"/>
</pin_list>
<bind>
<opcode="icmp(45) " fcode="icmp"/>
<opset="icmp_ln56/2 "/>
</bind>
</comp>

<comp id="371" class="1004" name="REG1_V_17_fu_371">
<pin_list>
<pin id="372" dir="0" index="0" bw="16" slack="0"/>
<pin id="373" dir="0" index="1" bw="32" slack="0"/>
<pin id="374" dir="0" index="2" bw="6" slack="0"/>
<pin id="375" dir="0" index="3" bw="6" slack="0"/>
<pin id="376" dir="1" index="4" bw="16" slack="0"/>
</pin_list>
<bind>
<opcode="partselect(1002) " fcode="partselect"/>
<opset="REG1_V_17/2 "/>
</bind>
</comp>

<comp id="381" class="1004" name="REG1_V_2_load_1_load_fu_381">
<pin_list>
<pin id="382" dir="0" index="0" bw="16" slack="1"/>
<pin id="383" dir="1" index="1" bw="16" slack="0"/>
</pin_list>
<bind>
<opcode="load(27) " fcode="load"/>
<opset="REG1_V_2_load_1/2 "/>
</bind>
</comp>

<comp id="384" class="1004" name="REG1_V_11_load_1_load_fu_384">
<pin_list>
<pin id="385" dir="0" index="0" bw="16" slack="1"/>
<pin id="386" dir="1" index="1" bw="16" slack="0"/>
</pin_list>
<bind>
<opcode="load(27) " fcode="load"/>
<opset="REG1_V_11_load_1/2 "/>
</bind>
</comp>

<comp id="387" class="1004" name="REG1_V_12_load_1_load_fu_387">
<pin_list>
<pin id="388" dir="0" index="0" bw="16" slack="1"/>
<pin id="389" dir="1" index="1" bw="16" slack="0"/>
</pin_list>
<bind>
<opcode="load(27) " fcode="load"/>
<opset="REG1_V_12_load_1/2 "/>
</bind>
</comp>

<comp id="390" class="1004" name="REG1_V_13_load_1_load_fu_390">
<pin_list>
<pin id="391" dir="0" index="0" bw="16" slack="1"/>
<pin id="392" dir="1" index="1" bw="16" slack="0"/>
</pin_list>
<bind>
<opcode="load(27) " fcode="load"/>
<opset="REG1_V_13_load_1/2 "/>
</bind>
</comp>

<comp id="393" class="1004" name="select_ln56_12_fu_393">
<pin_list>
<pin id="394" dir="0" index="0" bw="1" slack="0"/>
<pin id="395" dir="0" index="1" bw="16" slack="0"/>
<pin id="396" dir="0" index="2" bw="16" slack="0"/>
<pin id="397" dir="1" index="3" bw="16" slack="0"/>
</pin_list>
<bind>
<opcode="select(49) " fcode="select"/>
<opset="select_ln56_12/2 "/>
</bind>
</comp>

<comp id="401" class="1004" name="select_ln56_13_fu_401">
<pin_list>
<pin id="402" dir="0" index="0" bw="1" slack="0"/>
<pin id="403" dir="0" index="1" bw="16" slack="0"/>
<pin id="404" dir="0" index="2" bw="16" slack="0"/>
<pin id="405" dir="1" index="3" bw="16" slack="0"/>
</pin_list>
<bind>
<opcode="select(49) " fcode="select"/>
<opset="select_ln56_13/2 "/>
</bind>
</comp>

<comp id="409" class="1004" name="select_ln56_14_fu_409">
<pin_list>
<pin id="410" dir="0" index="0" bw="1" slack="0"/>
<pin id="411" dir="0" index="1" bw="16" slack="0"/>
<pin id="412" dir="0" index="2" bw="16" slack="0"/>
<pin id="413" dir="1" index="3" bw="16" slack="0"/>
</pin_list>
<bind>
<opcode="select(49) " fcode="select"/>
<opset="select_ln56_14/2 "/>
</bind>
</comp>

<comp id="417" class="1004" name="select_ln56_15_fu_417">
<pin_list>
<pin id="418" dir="0" index="0" bw="1" slack="0"/>
<pin id="419" dir="0" index="1" bw="16" slack="0"/>
<pin id="420" dir="0" index="2" bw="16" slack="0"/>
<pin id="421" dir="1" index="3" bw="16" slack="0"/>
</pin_list>
<bind>
<opcode="select(49) " fcode="select"/>
<opset="select_ln56_15/2 "/>
</bind>
</comp>

<comp id="425" class="1004" name="store_ln56_store_fu_425">
<pin_list>
<pin id="426" dir="0" index="0" bw="16" slack="0"/>
<pin id="427" dir="0" index="1" bw="16" slack="1"/>
<pin id="428" dir="1" index="2" bw="0" slack="2147483647"/>
</pin_list>
<bind>
<opcode="store(28) " fcode="store"/>
<opset="store_ln56/2 "/>
</bind>
</comp>

<comp id="430" class="1004" name="store_ln56_store_fu_430">
<pin_list>
<pin id="431" dir="0" index="0" bw="16" slack="0"/>
<pin id="432" dir="0" index="1" bw="16" slack="1"/>
<pin id="433" dir="1" index="2" bw="0" slack="2147483647"/>
</pin_list>
<bind>
<opcode="store(28) " fcode="store"/>
<opset="store_ln56/2 "/>
</bind>
</comp>

<comp id="435" class="1004" name="store_ln56_store_fu_435">
<pin_list>
<pin id="436" dir="0" index="0" bw="16" slack="0"/>
<pin id="437" dir="0" index="1" bw="16" slack="1"/>
<pin id="438" dir="1" index="2" bw="0" slack="2147483647"/>
</pin_list>
<bind>
<opcode="store(28) " fcode="store"/>
<opset="store_ln56/2 "/>
</bind>
</comp>

<comp id="440" class="1004" name="store_ln56_store_fu_440">
<pin_list>
<pin id="441" dir="0" index="0" bw="16" slack="0"/>
<pin id="442" dir="0" index="1" bw="16" slack="1"/>
<pin id="443" dir="1" index="2" bw="0" slack="2147483647"/>
</pin_list>
<bind>
<opcode="store(28) " fcode="store"/>
<opset="store_ln56/2 "/>
</bind>
</comp>

<comp id="445" class="1004" name="REG1_V_4_load_1_load_fu_445">
<pin_list>
<pin id="446" dir="0" index="0" bw="16" slack="1"/>
<pin id="447" dir="1" index="1" bw="16" slack="0"/>
</pin_list>
<bind>
<opcode="load(27) " fcode="load"/>
<opset="REG1_V_4_load_1/2 "/>
</bind>
</comp>

<comp id="448" class="1004" name="REG1_V_9_load_1_load_fu_448">
<pin_list>
<pin id="449" dir="0" index="0" bw="16" slack="1"/>
<pin id="450" dir="1" index="1" bw="16" slack="0"/>
</pin_list>
<bind>
<opcode="load(27) " fcode="load"/>
<opset="REG1_V_9_load_1/2 "/>
</bind>
</comp>

<comp id="451" class="1004" name="REG1_V_3_load_1_load_fu_451">
<pin_list>
<pin id="452" dir="0" index="0" bw="16" slack="1"/>
<pin id="453" dir="1" index="1" bw="16" slack="0"/>
</pin_list>
<bind>
<opcode="load(27) " fcode="load"/>
<opset="REG1_V_3_load_1/2 "/>
</bind>
</comp>

<comp id="454" class="1004" name="REG1_V_10_load_1_load_fu_454">
<pin_list>
<pin id="455" dir="0" index="0" bw="16" slack="1"/>
<pin id="456" dir="1" index="1" bw="16" slack="0"/>
</pin_list>
<bind>
<opcode="load(27) " fcode="load"/>
<opset="REG1_V_10_load_1/2 "/>
</bind>
</comp>

<comp id="457" class="1004" name="select_ln56_8_fu_457">
<pin_list>
<pin id="458" dir="0" index="0" bw="1" slack="0"/>
<pin id="459" dir="0" index="1" bw="16" slack="0"/>
<pin id="460" dir="0" index="2" bw="16" slack="0"/>
<pin id="461" dir="1" index="3" bw="16" slack="0"/>
</pin_list>
<bind>
<opcode="select(49) " fcode="select"/>
<opset="select_ln56_8/2 "/>
</bind>
</comp>

<comp id="465" class="1004" name="select_ln56_9_fu_465">
<pin_list>
<pin id="466" dir="0" index="0" bw="1" slack="0"/>
<pin id="467" dir="0" index="1" bw="16" slack="0"/>
<pin id="468" dir="0" index="2" bw="16" slack="0"/>
<pin id="469" dir="1" index="3" bw="16" slack="0"/>
</pin_list>
<bind>
<opcode="select(49) " fcode="select"/>
<opset="select_ln56_9/2 "/>
</bind>
</comp>

<comp id="473" class="1004" name="select_ln56_10_fu_473">
<pin_list>
<pin id="474" dir="0" index="0" bw="1" slack="0"/>
<pin id="475" dir="0" index="1" bw="16" slack="0"/>
<pin id="476" dir="0" index="2" bw="16" slack="0"/>
<pin id="477" dir="1" index="3" bw="16" slack="0"/>
</pin_list>
<bind>
<opcode="select(49) " fcode="select"/>
<opset="select_ln56_10/2 "/>
</bind>
</comp>

<comp id="481" class="1004" name="select_ln56_11_fu_481">
<pin_list>
<pin id="482" dir="0" index="0" bw="1" slack="0"/>
<pin id="483" dir="0" index="1" bw="16" slack="0"/>
<pin id="484" dir="0" index="2" bw="16" slack="0"/>
<pin id="485" dir="1" index="3" bw="16" slack="0"/>
</pin_list>
<bind>
<opcode="select(49) " fcode="select"/>
<opset="select_ln56_11/2 "/>
</bind>
</comp>

<comp id="489" class="1004" name="store_ln56_store_fu_489">
<pin_list>
<pin id="490" dir="0" index="0" bw="16" slack="0"/>
<pin id="491" dir="0" index="1" bw="16" slack="1"/>
<pin id="492" dir="1" index="2" bw="0" slack="2147483647"/>
</pin_list>
<bind>
<opcode="store(28) " fcode="store"/>
<opset="store_ln56/2 "/>
</bind>
</comp>

<comp id="494" class="1004" name="store_ln56_store_fu_494">
<pin_list>
<pin id="495" dir="0" index="0" bw="16" slack="0"/>
<pin id="496" dir="0" index="1" bw="16" slack="1"/>
<pin id="497" dir="1" index="2" bw="0" slack="2147483647"/>
</pin_list>
<bind>
<opcode="store(28) " fcode="store"/>
<opset="store_ln56/2 "/>
</bind>
</comp>

<comp id="499" class="1004" name="store_ln56_store_fu_499">
<pin_list>
<pin id="500" dir="0" index="0" bw="16" slack="0"/>
<pin id="501" dir="0" index="1" bw="16" slack="1"/>
<pin id="502" dir="1" index="2" bw="0" slack="2147483647"/>
</pin_list>
<bind>
<opcode="store(28) " fcode="store"/>
<opset="store_ln56/2 "/>
</bind>
</comp>

<comp id="504" class="1004" name="store_ln56_store_fu_504">
<pin_list>
<pin id="505" dir="0" index="0" bw="16" slack="0"/>
<pin id="506" dir="0" index="1" bw="16" slack="1"/>
<pin id="507" dir="1" index="2" bw="0" slack="2147483647"/>
</pin_list>
<bind>
<opcode="store(28) " fcode="store"/>
<opset="store_ln56/2 "/>
</bind>
</comp>

<comp id="509" class="1004" name="REG1_V_6_load_1_load_fu_509">
<pin_list>
<pin id="510" dir="0" index="0" bw="16" slack="1"/>
<pin id="511" dir="1" index="1" bw="16" slack="0"/>
</pin_list>
<bind>
<opcode="load(27) " fcode="load"/>
<opset="REG1_V_6_load_1/2 "/>
</bind>
</comp>

<comp id="512" class="1004" name="REG1_V_7_load_1_load_fu_512">
<pin_list>
<pin id="513" dir="0" index="0" bw="16" slack="1"/>
<pin id="514" dir="1" index="1" bw="16" slack="0"/>
</pin_list>
<bind>
<opcode="load(27) " fcode="load"/>
<opset="REG1_V_7_load_1/2 "/>
</bind>
</comp>

<comp id="515" class="1004" name="REG1_V_5_load_1_load_fu_515">
<pin_list>
<pin id="516" dir="0" index="0" bw="16" slack="1"/>
<pin id="517" dir="1" index="1" bw="16" slack="0"/>
</pin_list>
<bind>
<opcode="load(27) " fcode="load"/>
<opset="REG1_V_5_load_1/2 "/>
</bind>
</comp>

<comp id="518" class="1004" name="REG1_V_8_load_1_load_fu_518">
<pin_list>
<pin id="519" dir="0" index="0" bw="16" slack="1"/>
<pin id="520" dir="1" index="1" bw="16" slack="0"/>
</pin_list>
<bind>
<opcode="load(27) " fcode="load"/>
<opset="REG1_V_8_load_1/2 "/>
</bind>
</comp>

<comp id="521" class="1004" name="select_ln56_4_fu_521">
<pin_list>
<pin id="522" dir="0" index="0" bw="1" slack="0"/>
<pin id="523" dir="0" index="1" bw="16" slack="0"/>
<pin id="524" dir="0" index="2" bw="16" slack="0"/>
<pin id="525" dir="1" index="3" bw="16" slack="0"/>
</pin_list>
<bind>
<opcode="select(49) " fcode="select"/>
<opset="select_ln56_4/2 "/>
</bind>
</comp>

<comp id="529" class="1004" name="select_ln56_5_fu_529">
<pin_list>
<pin id="530" dir="0" index="0" bw="1" slack="0"/>
<pin id="531" dir="0" index="1" bw="16" slack="0"/>
<pin id="532" dir="0" index="2" bw="16" slack="0"/>
<pin id="533" dir="1" index="3" bw="16" slack="0"/>
</pin_list>
<bind>
<opcode="select(49) " fcode="select"/>
<opset="select_ln56_5/2 "/>
</bind>
</comp>

<comp id="537" class="1004" name="select_ln56_6_fu_537">
<pin_list>
<pin id="538" dir="0" index="0" bw="1" slack="0"/>
<pin id="539" dir="0" index="1" bw="16" slack="0"/>
<pin id="540" dir="0" index="2" bw="16" slack="0"/>
<pin id="541" dir="1" index="3" bw="16" slack="0"/>
</pin_list>
<bind>
<opcode="select(49) " fcode="select"/>
<opset="select_ln56_6/2 "/>
</bind>
</comp>

<comp id="545" class="1004" name="select_ln56_7_fu_545">
<pin_list>
<pin id="546" dir="0" index="0" bw="1" slack="0"/>
<pin id="547" dir="0" index="1" bw="16" slack="0"/>
<pin id="548" dir="0" index="2" bw="16" slack="0"/>
<pin id="549" dir="1" index="3" bw="16" slack="0"/>
</pin_list>
<bind>
<opcode="select(49) " fcode="select"/>
<opset="select_ln56_7/2 "/>
</bind>
</comp>

<comp id="553" class="1004" name="store_ln56_store_fu_553">
<pin_list>
<pin id="554" dir="0" index="0" bw="16" slack="0"/>
<pin id="555" dir="0" index="1" bw="16" slack="1"/>
<pin id="556" dir="1" index="2" bw="0" slack="2147483647"/>
</pin_list>
<bind>
<opcode="store(28) " fcode="store"/>
<opset="store_ln56/2 "/>
</bind>
</comp>

<comp id="558" class="1004" name="store_ln56_store_fu_558">
<pin_list>
<pin id="559" dir="0" index="0" bw="16" slack="0"/>
<pin id="560" dir="0" index="1" bw="16" slack="1"/>
<pin id="561" dir="1" index="2" bw="0" slack="2147483647"/>
</pin_list>
<bind>
<opcode="store(28) " fcode="store"/>
<opset="store_ln56/2 "/>
</bind>
</comp>

<comp id="563" class="1004" name="store_ln56_store_fu_563">
<pin_list>
<pin id="564" dir="0" index="0" bw="16" slack="0"/>
<pin id="565" dir="0" index="1" bw="16" slack="1"/>
<pin id="566" dir="1" index="2" bw="0" slack="2147483647"/>
</pin_list>
<bind>
<opcode="store(28) " fcode="store"/>
<opset="store_ln56/2 "/>
</bind>
</comp>

<comp id="568" class="1004" name="store_ln56_store_fu_568">
<pin_list>
<pin id="569" dir="0" index="0" bw="16" slack="0"/>
<pin id="570" dir="0" index="1" bw="16" slack="1"/>
<pin id="571" dir="1" index="2" bw="0" slack="2147483647"/>
</pin_list>
<bind>
<opcode="store(28) " fcode="store"/>
<opset="store_ln56/2 "/>
</bind>
</comp>

<comp id="573" class="1004" name="REG1_V_1_load_1_load_fu_573">
<pin_list>
<pin id="574" dir="0" index="0" bw="16" slack="1"/>
<pin id="575" dir="1" index="1" bw="16" slack="0"/>
</pin_list>
<bind>
<opcode="load(27) " fcode="load"/>
<opset="REG1_V_1_load_1/2 "/>
</bind>
</comp>

<comp id="576" class="1004" name="REG1_V_14_load_1_load_fu_576">
<pin_list>
<pin id="577" dir="0" index="0" bw="16" slack="1"/>
<pin id="578" dir="1" index="1" bw="16" slack="0"/>
</pin_list>
<bind>
<opcode="load(27) " fcode="load"/>
<opset="REG1_V_14_load_1/2 "/>
</bind>
</comp>

<comp id="579" class="1004" name="REG1_V_load_1_load_fu_579">
<pin_list>
<pin id="580" dir="0" index="0" bw="16" slack="1"/>
<pin id="581" dir="1" index="1" bw="16" slack="0"/>
</pin_list>
<bind>
<opcode="load(27) " fcode="load"/>
<opset="REG1_V_load_1/2 "/>
</bind>
</comp>

<comp id="582" class="1004" name="REG1_V_15_load_1_load_fu_582">
<pin_list>
<pin id="583" dir="0" index="0" bw="16" slack="1"/>
<pin id="584" dir="1" index="1" bw="16" slack="0"/>
</pin_list>
<bind>
<opcode="load(27) " fcode="load"/>
<opset="REG1_V_15_load_1/2 "/>
</bind>
</comp>

<comp id="585" class="1004" name="select_ln56_fu_585">
<pin_list>
<pin id="586" dir="0" index="0" bw="1" slack="0"/>
<pin id="587" dir="0" index="1" bw="16" slack="0"/>
<pin id="588" dir="0" index="2" bw="16" slack="0"/>
<pin id="589" dir="1" index="3" bw="16" slack="0"/>
</pin_list>
<bind>
<opcode="select(49) " fcode="select"/>
<opset="select_ln56/2 "/>
</bind>
</comp>

<comp id="593" class="1004" name="select_ln56_1_fu_593">
<pin_list>
<pin id="594" dir="0" index="0" bw="1" slack="0"/>
<pin id="595" dir="0" index="1" bw="16" slack="0"/>
<pin id="596" dir="0" index="2" bw="16" slack="0"/>
<pin id="597" dir="1" index="3" bw="16" slack="0"/>
</pin_list>
<bind>
<opcode="select(49) " fcode="select"/>
<opset="select_ln56_1/2 "/>
</bind>
</comp>

<comp id="601" class="1004" name="select_ln56_2_fu_601">
<pin_list>
<pin id="602" dir="0" index="0" bw="1" slack="0"/>
<pin id="603" dir="0" index="1" bw="16" slack="0"/>
<pin id="604" dir="0" index="2" bw="16" slack="0"/>
<pin id="605" dir="1" index="3" bw="16" slack="0"/>
</pin_list>
<bind>
<opcode="select(49) " fcode="select"/>
<opset="select_ln56_2/2 "/>
</bind>
</comp>

<comp id="609" class="1004" name="select_ln56_3_fu_609">
<pin_list>
<pin id="610" dir="0" index="0" bw="1" slack="0"/>
<pin id="611" dir="0" index="1" bw="16" slack="0"/>
<pin id="612" dir="0" index="2" bw="16" slack="0"/>
<pin id="613" dir="1" index="3" bw="16" slack="0"/>
</pin_list>
<bind>
<opcode="select(49) " fcode="select"/>
<opset="select_ln56_3/2 "/>
</bind>
</comp>

<comp id="617" class="1004" name="store_ln56_store_fu_617">
<pin_list>
<pin id="618" dir="0" index="0" bw="16" slack="0"/>
<pin id="619" dir="0" index="1" bw="16" slack="1"/>
<pin id="620" dir="1" index="2" bw="0" slack="2147483647"/>
</pin_list>
<bind>
<opcode="store(28) " fcode="store"/>
<opset="store_ln56/2 "/>
</bind>
</comp>

<comp id="622" class="1004" name="store_ln56_store_fu_622">
<pin_list>
<pin id="623" dir="0" index="0" bw="16" slack="0"/>
<pin id="624" dir="0" index="1" bw="16" slack="1"/>
<pin id="625" dir="1" index="2" bw="0" slack="2147483647"/>
</pin_list>
<bind>
<opcode="store(28) " fcode="store"/>
<opset="store_ln56/2 "/>
</bind>
</comp>

<comp id="627" class="1004" name="store_ln56_store_fu_627">
<pin_list>
<pin id="628" dir="0" index="0" bw="16" slack="0"/>
<pin id="629" dir="0" index="1" bw="16" slack="1"/>
<pin id="630" dir="1" index="2" bw="0" slack="2147483647"/>
</pin_list>
<bind>
<opcode="store(28) " fcode="store"/>
<opset="store_ln56/2 "/>
</bind>
</comp>

<comp id="632" class="1004" name="store_ln56_store_fu_632">
<pin_list>
<pin id="633" dir="0" index="0" bw="16" slack="0"/>
<pin id="634" dir="0" index="1" bw="16" slack="1"/>
<pin id="635" dir="1" index="2" bw="0" slack="2147483647"/>
</pin_list>
<bind>
<opcode="store(28) " fcode="store"/>
<opset="store_ln56/2 "/>
</bind>
</comp>

<comp id="637" class="1004" name="add_ln54_fu_637">
<pin_list>
<pin id="638" dir="0" index="0" bw="3" slack="0"/>
<pin id="639" dir="0" index="1" bw="3" slack="0"/>
<pin id="640" dir="1" index="2" bw="3" slack="0"/>
</pin_list>
<bind>
<opcode="add(8) " fcode="add"/>
<opset="add_ln54/2 "/>
</bind>
</comp>

<comp id="643" class="1004" name="store_ln54_store_fu_643">
<pin_list>
<pin id="644" dir="0" index="0" bw="3" slack="0"/>
<pin id="645" dir="0" index="1" bw="3" slack="1"/>
<pin id="646" dir="1" index="2" bw="0" slack="2147483647"/>
</pin_list>
<bind>
<opcode="store(28) " fcode="store"/>
<opset="store_ln54/2 "/>
</bind>
</comp>

<comp id="648" class="1004" name="store_ln54_store_fu_648">
<pin_list>
<pin id="649" dir="0" index="0" bw="3" slack="0"/>
<pin id="650" dir="0" index="1" bw="3" slack="1"/>
<pin id="651" dir="1" index="2" bw="0" slack="2147483647"/>
</pin_list>
<bind>
<opcode="store(28) " fcode="store"/>
<opset="store_ln54/2 "/>
</bind>
</comp>

<comp id="653" class="1004" name="REG1_V_6_load_load_fu_653">
<pin_list>
<pin id="654" dir="0" index="0" bw="16" slack="0"/>
<pin id="655" dir="1" index="1" bw="16" slack="0"/>
</pin_list>
<bind>
<opcode="load(27) " fcode="load"/>
<opset="REG1_V_6_load/1 "/>
</bind>
</comp>

<comp id="657" class="1004" name="REG1_V_7_load_load_fu_657">
<pin_list>
<pin id="658" dir="0" index="0" bw="16" slack="0"/>
<pin id="659" dir="1" index="1" bw="16" slack="0"/>
</pin_list>
<bind>
<opcode="load(27) " fcode="load"/>
<opset="REG1_V_7_load/1 "/>
</bind>
</comp>

<comp id="661" class="1004" name="REG1_V_5_load_load_fu_661">
<pin_list>
<pin id="662" dir="0" index="0" bw="16" slack="0"/>
<pin id="663" dir="1" index="1" bw="16" slack="0"/>
</pin_list>
<bind>
<opcode="load(27) " fcode="load"/>
<opset="REG1_V_5_load/1 "/>
</bind>
</comp>

<comp id="665" class="1004" name="REG1_V_8_load_load_fu_665">
<pin_list>
<pin id="666" dir="0" index="0" bw="16" slack="0"/>
<pin id="667" dir="1" index="1" bw="16" slack="0"/>
</pin_list>
<bind>
<opcode="load(27) " fcode="load"/>
<opset="REG1_V_8_load/1 "/>
</bind>
</comp>

<comp id="669" class="1004" name="REG1_V_4_load_load_fu_669">
<pin_list>
<pin id="670" dir="0" index="0" bw="16" slack="0"/>
<pin id="671" dir="1" index="1" bw="16" slack="0"/>
</pin_list>
<bind>
<opcode="load(27) " fcode="load"/>
<opset="REG1_V_4_load/1 "/>
</bind>
</comp>

<comp id="673" class="1004" name="REG1_V_9_load_load_fu_673">
<pin_list>
<pin id="674" dir="0" index="0" bw="16" slack="0"/>
<pin id="675" dir="1" index="1" bw="16" slack="0"/>
</pin_list>
<bind>
<opcode="load(27) " fcode="load"/>
<opset="REG1_V_9_load/1 "/>
</bind>
</comp>

<comp id="677" class="1004" name="REG1_V_3_load_load_fu_677">
<pin_list>
<pin id="678" dir="0" index="0" bw="16" slack="0"/>
<pin id="679" dir="1" index="1" bw="16" slack="0"/>
</pin_list>
<bind>
<opcode="load(27) " fcode="load"/>
<opset="REG1_V_3_load/1 "/>
</bind>
</comp>

<comp id="681" class="1004" name="REG1_V_10_load_load_fu_681">
<pin_list>
<pin id="682" dir="0" index="0" bw="16" slack="0"/>
<pin id="683" dir="1" index="1" bw="16" slack="0"/>
</pin_list>
<bind>
<opcode="load(27) " fcode="load"/>
<opset="REG1_V_10_load/1 "/>
</bind>
</comp>

<comp id="685" class="1004" name="REG1_V_2_load_load_fu_685">
<pin_list>
<pin id="686" dir="0" index="0" bw="16" slack="0"/>
<pin id="687" dir="1" index="1" bw="16" slack="0"/>
</pin_list>
<bind>
<opcode="load(27) " fcode="load"/>
<opset="REG1_V_2_load/1 "/>
</bind>
</comp>

<comp id="689" class="1004" name="REG1_V_11_load_load_fu_689">
<pin_list>
<pin id="690" dir="0" index="0" bw="16" slack="0"/>
<pin id="691" dir="1" index="1" bw="16" slack="0"/>
</pin_list>
<bind>
<opcode="load(27) " fcode="load"/>
<opset="REG1_V_11_load/1 "/>
</bind>
</comp>

<comp id="693" class="1004" name="REG1_V_12_load_load_fu_693">
<pin_list>
<pin id="694" dir="0" index="0" bw="16" slack="0"/>
<pin id="695" dir="1" index="1" bw="16" slack="0"/>
</pin_list>
<bind>
<opcode="load(27) " fcode="load"/>
<opset="REG1_V_12_load/1 "/>
</bind>
</comp>

<comp id="697" class="1004" name="REG1_V_13_load_load_fu_697">
<pin_list>
<pin id="698" dir="0" index="0" bw="16" slack="0"/>
<pin id="699" dir="1" index="1" bw="16" slack="0"/>
</pin_list>
<bind>
<opcode="load(27) " fcode="load"/>
<opset="REG1_V_13_load/1 "/>
</bind>
</comp>

<comp id="701" class="1004" name="REG1_V_1_load_load_fu_701">
<pin_list>
<pin id="702" dir="0" index="0" bw="16" slack="0"/>
<pin id="703" dir="1" index="1" bw="16" slack="0"/>
</pin_list>
<bind>
<opcode="load(27) " fcode="load"/>
<opset="REG1_V_1_load/1 "/>
</bind>
</comp>

<comp id="705" class="1004" name="REG1_V_14_load_load_fu_705">
<pin_list>
<pin id="706" dir="0" index="0" bw="16" slack="0"/>
<pin id="707" dir="1" index="1" bw="16" slack="0"/>
</pin_list>
<bind>
<opcode="load(27) " fcode="load"/>
<opset="REG1_V_14_load/1 "/>
</bind>
</comp>

<comp id="709" class="1004" name="REG1_V_load_load_fu_709">
<pin_list>
<pin id="710" dir="0" index="0" bw="16" slack="0"/>
<pin id="711" dir="1" index="1" bw="16" slack="0"/>
</pin_list>
<bind>
<opcode="load(27) " fcode="load"/>
<opset="REG1_V_load/1 "/>
</bind>
</comp>

<comp id="713" class="1004" name="REG1_V_15_load_load_fu_713">
<pin_list>
<pin id="714" dir="0" index="0" bw="16" slack="0"/>
<pin id="715" dir="1" index="1" bw="16" slack="0"/>
</pin_list>
<bind>
<opcode="load(27) " fcode="load"/>
<opset="REG1_V_15_load/1 "/>
</bind>
</comp>

<comp id="717" class="1005" name="j_reg_717">
<pin_list>
<pin id="718" dir="0" index="0" bw="3" slack="0"/>
<pin id="719" dir="1" index="1" bw="3" slack="0"/>
</pin_list>
<bind>
<opset="j "/>
</bind>
</comp>

<comp id="724" class="1005" name="i_reg_724">
<pin_list>
<pin id="725" dir="0" index="0" bw="3" slack="0"/>
<pin id="726" dir="1" index="1" bw="3" slack="0"/>
</pin_list>
<bind>
<opset="i "/>
</bind>
</comp>

<comp id="731" class="1005" name="indvar_flatten_reg_731">
<pin_list>
<pin id="732" dir="0" index="0" bw="4" slack="0"/>
<pin id="733" dir="1" index="1" bw="4" slack="0"/>
</pin_list>
<bind>
<opset="indvar_flatten "/>
</bind>
</comp>

<comp id="738" class="1005" name="REG1_V_6_reg_738">
<pin_list>
<pin id="739" dir="0" index="0" bw="16" slack="0"/>
<pin id="740" dir="1" index="1" bw="16" slack="0"/>
</pin_list>
<bind>
<opset="REG1_V_6 "/>
</bind>
</comp>

<comp id="745" class="1005" name="REG1_V_7_reg_745">
<pin_list>
<pin id="746" dir="0" index="0" bw="16" slack="0"/>
<pin id="747" dir="1" index="1" bw="16" slack="0"/>
</pin_list>
<bind>
<opset="REG1_V_7 "/>
</bind>
</comp>

<comp id="752" class="1005" name="REG1_V_5_reg_752">
<pin_list>
<pin id="753" dir="0" index="0" bw="16" slack="0"/>
<pin id="754" dir="1" index="1" bw="16" slack="0"/>
</pin_list>
<bind>
<opset="REG1_V_5 "/>
</bind>
</comp>

<comp id="759" class="1005" name="REG1_V_8_reg_759">
<pin_list>
<pin id="760" dir="0" index="0" bw="16" slack="0"/>
<pin id="761" dir="1" index="1" bw="16" slack="0"/>
</pin_list>
<bind>
<opset="REG1_V_8 "/>
</bind>
</comp>

<comp id="766" class="1005" name="REG1_V_4_reg_766">
<pin_list>
<pin id="767" dir="0" index="0" bw="16" slack="0"/>
<pin id="768" dir="1" index="1" bw="16" slack="0"/>
</pin_list>
<bind>
<opset="REG1_V_4 "/>
</bind>
</comp>

<comp id="773" class="1005" name="REG1_V_9_reg_773">
<pin_list>
<pin id="774" dir="0" index="0" bw="16" slack="0"/>
<pin id="775" dir="1" index="1" bw="16" slack="0"/>
</pin_list>
<bind>
<opset="REG1_V_9 "/>
</bind>
</comp>

<comp id="780" class="1005" name="REG1_V_3_reg_780">
<pin_list>
<pin id="781" dir="0" index="0" bw="16" slack="0"/>
<pin id="782" dir="1" index="1" bw="16" slack="0"/>
</pin_list>
<bind>
<opset="REG1_V_3 "/>
</bind>
</comp>

<comp id="787" class="1005" name="REG1_V_10_reg_787">
<pin_list>
<pin id="788" dir="0" index="0" bw="16" slack="0"/>
<pin id="789" dir="1" index="1" bw="16" slack="0"/>
</pin_list>
<bind>
<opset="REG1_V_10 "/>
</bind>
</comp>

<comp id="794" class="1005" name="REG1_V_2_reg_794">
<pin_list>
<pin id="795" dir="0" index="0" bw="16" slack="0"/>
<pin id="796" dir="1" index="1" bw="16" slack="0"/>
</pin_list>
<bind>
<opset="REG1_V_2 "/>
</bind>
</comp>

<comp id="801" class="1005" name="REG1_V_11_reg_801">
<pin_list>
<pin id="802" dir="0" index="0" bw="16" slack="0"/>
<pin id="803" dir="1" index="1" bw="16" slack="0"/>
</pin_list>
<bind>
<opset="REG1_V_11 "/>
</bind>
</comp>

<comp id="808" class="1005" name="REG1_V_12_reg_808">
<pin_list>
<pin id="809" dir="0" index="0" bw="16" slack="0"/>
<pin id="810" dir="1" index="1" bw="16" slack="0"/>
</pin_list>
<bind>
<opset="REG1_V_12 "/>
</bind>
</comp>

<comp id="815" class="1005" name="REG1_V_13_reg_815">
<pin_list>
<pin id="816" dir="0" index="0" bw="16" slack="0"/>
<pin id="817" dir="1" index="1" bw="16" slack="0"/>
</pin_list>
<bind>
<opset="REG1_V_13 "/>
</bind>
</comp>

<comp id="822" class="1005" name="REG1_V_1_reg_822">
<pin_list>
<pin id="823" dir="0" index="0" bw="16" slack="0"/>
<pin id="824" dir="1" index="1" bw="16" slack="0"/>
</pin_list>
<bind>
<opset="REG1_V_1 "/>
</bind>
</comp>

<comp id="829" class="1005" name="REG1_V_14_reg_829">
<pin_list>
<pin id="830" dir="0" index="0" bw="16" slack="0"/>
<pin id="831" dir="1" index="1" bw="16" slack="0"/>
</pin_list>
<bind>
<opset="REG1_V_14 "/>
</bind>
</comp>

<comp id="836" class="1005" name="REG1_V_reg_836">
<pin_list>
<pin id="837" dir="0" index="0" bw="16" slack="0"/>
<pin id="838" dir="1" index="1" bw="16" slack="0"/>
</pin_list>
<bind>
<opset="REG1_V "/>
</bind>
</comp>

<comp id="843" class="1005" name="REG1_V_15_reg_843">
<pin_list>
<pin id="844" dir="0" index="0" bw="16" slack="0"/>
<pin id="845" dir="1" index="1" bw="16" slack="0"/>
</pin_list>
<bind>
<opset="REG1_V_15 "/>
</bind>
</comp>

</comp_list>

<net_list>
<net id="93"><net_src comp="34" pin="0"/><net_sink comp="90" pin=0"/></net>

<net id="97"><net_src comp="34" pin="0"/><net_sink comp="94" pin=0"/></net>

<net id="101"><net_src comp="34" pin="0"/><net_sink comp="98" pin=0"/></net>

<net id="105"><net_src comp="34" pin="0"/><net_sink comp="102" pin=0"/></net>

<net id="109"><net_src comp="34" pin="0"/><net_sink comp="106" pin=0"/></net>

<net id="113"><net_src comp="34" pin="0"/><net_sink comp="110" pin=0"/></net>

<net id="117"><net_src comp="34" pin="0"/><net_sink comp="114" pin=0"/></net>

<net id="121"><net_src comp="34" pin="0"/><net_sink comp="118" pin=0"/></net>

<net id="125"><net_src comp="34" pin="0"/><net_sink comp="122" pin=0"/></net>

<net id="129"><net_src comp="34" pin="0"/><net_sink comp="126" pin=0"/></net>

<net id="133"><net_src comp="34" pin="0"/><net_sink comp="130" pin=0"/></net>

<net id="137"><net_src comp="34" pin="0"/><net_sink comp="134" pin=0"/></net>

<net id="141"><net_src comp="34" pin="0"/><net_sink comp="138" pin=0"/></net>

<net id="145"><net_src comp="34" pin="0"/><net_sink comp="142" pin=0"/></net>

<net id="149"><net_src comp="34" pin="0"/><net_sink comp="146" pin=0"/></net>

<net id="153"><net_src comp="34" pin="0"/><net_sink comp="150" pin=0"/></net>

<net id="157"><net_src comp="34" pin="0"/><net_sink comp="154" pin=0"/></net>

<net id="161"><net_src comp="34" pin="0"/><net_sink comp="158" pin=0"/></net>

<net id="165"><net_src comp="34" pin="0"/><net_sink comp="162" pin=0"/></net>

<net id="170"><net_src comp="72" pin="0"/><net_sink comp="166" pin=0"/></net>

<net id="171"><net_src comp="0" pin="0"/><net_sink comp="166" pin=1"/></net>

<net id="177"><net_src comp="88" pin="0"/><net_sink comp="172" pin=0"/></net>

<net id="178"><net_src comp="2" pin="0"/><net_sink comp="172" pin=1"/></net>

<net id="184"><net_src comp="88" pin="0"/><net_sink comp="179" pin=0"/></net>

<net id="185"><net_src comp="4" pin="0"/><net_sink comp="179" pin=1"/></net>

<net id="191"><net_src comp="88" pin="0"/><net_sink comp="186" pin=0"/></net>

<net id="192"><net_src comp="6" pin="0"/><net_sink comp="186" pin=1"/></net>

<net id="198"><net_src comp="88" pin="0"/><net_sink comp="193" pin=0"/></net>

<net id="199"><net_src comp="8" pin="0"/><net_sink comp="193" pin=1"/></net>

<net id="205"><net_src comp="88" pin="0"/><net_sink comp="200" pin=0"/></net>

<net id="206"><net_src comp="10" pin="0"/><net_sink comp="200" pin=1"/></net>

<net id="212"><net_src comp="88" pin="0"/><net_sink comp="207" pin=0"/></net>

<net id="213"><net_src comp="12" pin="0"/><net_sink comp="207" pin=1"/></net>

<net id="219"><net_src comp="88" pin="0"/><net_sink comp="214" pin=0"/></net>

<net id="220"><net_src comp="14" pin="0"/><net_sink comp="214" pin=1"/></net>

<net id="226"><net_src comp="88" pin="0"/><net_sink comp="221" pin=0"/></net>

<net id="227"><net_src comp="16" pin="0"/><net_sink comp="221" pin=1"/></net>

<net id="233"><net_src comp="88" pin="0"/><net_sink comp="228" pin=0"/></net>

<net id="234"><net_src comp="18" pin="0"/><net_sink comp="228" pin=1"/></net>

<net id="240"><net_src comp="88" pin="0"/><net_sink comp="235" pin=0"/></net>

<net id="241"><net_src comp="20" pin="0"/><net_sink comp="235" pin=1"/></net>

<net id="247"><net_src comp="88" pin="0"/><net_sink comp="242" pin=0"/></net>

<net id="248"><net_src comp="22" pin="0"/><net_sink comp="242" pin=1"/></net>

<net id="254"><net_src comp="88" pin="0"/><net_sink comp="249" pin=0"/></net>

<net id="255"><net_src comp="24" pin="0"/><net_sink comp="249" pin=1"/></net>

<net id="261"><net_src comp="88" pin="0"/><net_sink comp="256" pin=0"/></net>

<net id="262"><net_src comp="26" pin="0"/><net_sink comp="256" pin=1"/></net>

<net id="268"><net_src comp="88" pin="0"/><net_sink comp="263" pin=0"/></net>

<net id="269"><net_src comp="28" pin="0"/><net_sink comp="263" pin=1"/></net>

<net id="275"><net_src comp="88" pin="0"/><net_sink comp="270" pin=0"/></net>

<net id="276"><net_src comp="30" pin="0"/><net_sink comp="270" pin=1"/></net>

<net id="282"><net_src comp="88" pin="0"/><net_sink comp="277" pin=0"/></net>

<net id="283"><net_src comp="32" pin="0"/><net_sink comp="277" pin=1"/></net>

<net id="288"><net_src comp="46" pin="0"/><net_sink comp="284" pin=0"/></net>

<net id="293"><net_src comp="48" pin="0"/><net_sink comp="289" pin=0"/></net>

<net id="298"><net_src comp="48" pin="0"/><net_sink comp="294" pin=0"/></net>

<net id="306"><net_src comp="299" pin="1"/><net_sink comp="302" pin=0"/></net>

<net id="307"><net_src comp="54" pin="0"/><net_sink comp="302" pin=1"/></net>

<net id="312"><net_src comp="299" pin="1"/><net_sink comp="308" pin=0"/></net>

<net id="313"><net_src comp="56" pin="0"/><net_sink comp="308" pin=1"/></net>

<net id="318"><net_src comp="308" pin="2"/><net_sink comp="314" pin=0"/></net>

<net id="329"><net_src comp="319" pin="1"/><net_sink comp="325" pin=0"/></net>

<net id="330"><net_src comp="66" pin="0"/><net_sink comp="325" pin=1"/></net>

<net id="336"><net_src comp="325" pin="2"/><net_sink comp="331" pin=0"/></net>

<net id="337"><net_src comp="319" pin="1"/><net_sink comp="331" pin=1"/></net>

<net id="338"><net_src comp="48" pin="0"/><net_sink comp="331" pin=2"/></net>

<net id="343"><net_src comp="322" pin="1"/><net_sink comp="339" pin=0"/></net>

<net id="344"><net_src comp="68" pin="0"/><net_sink comp="339" pin=1"/></net>

<net id="350"><net_src comp="325" pin="2"/><net_sink comp="345" pin=0"/></net>

<net id="351"><net_src comp="322" pin="1"/><net_sink comp="345" pin=1"/></net>

<net id="352"><net_src comp="339" pin="2"/><net_sink comp="345" pin=2"/></net>

<net id="356"><net_src comp="345" pin="3"/><net_sink comp="353" pin=0"/></net>

<net id="360"><net_src comp="166" pin="2"/><net_sink comp="357" pin=0"/></net>

<net id="364"><net_src comp="331" pin="3"/><net_sink comp="361" pin=0"/></net>

<net id="369"><net_src comp="361" pin="1"/><net_sink comp="365" pin=0"/></net>

<net id="370"><net_src comp="74" pin="0"/><net_sink comp="365" pin=1"/></net>

<net id="377"><net_src comp="76" pin="0"/><net_sink comp="371" pin=0"/></net>

<net id="378"><net_src comp="166" pin="2"/><net_sink comp="371" pin=1"/></net>

<net id="379"><net_src comp="78" pin="0"/><net_sink comp="371" pin=2"/></net>

<net id="380"><net_src comp="80" pin="0"/><net_sink comp="371" pin=3"/></net>

<net id="398"><net_src comp="365" pin="2"/><net_sink comp="393" pin=0"/></net>

<net id="399"><net_src comp="357" pin="1"/><net_sink comp="393" pin=1"/></net>

<net id="400"><net_src comp="381" pin="1"/><net_sink comp="393" pin=2"/></net>

<net id="406"><net_src comp="365" pin="2"/><net_sink comp="401" pin=0"/></net>

<net id="407"><net_src comp="387" pin="1"/><net_sink comp="401" pin=1"/></net>

<net id="408"><net_src comp="357" pin="1"/><net_sink comp="401" pin=2"/></net>

<net id="414"><net_src comp="365" pin="2"/><net_sink comp="409" pin=0"/></net>

<net id="415"><net_src comp="390" pin="1"/><net_sink comp="409" pin=1"/></net>

<net id="416"><net_src comp="371" pin="4"/><net_sink comp="409" pin=2"/></net>

<net id="422"><net_src comp="365" pin="2"/><net_sink comp="417" pin=0"/></net>

<net id="423"><net_src comp="371" pin="4"/><net_sink comp="417" pin=1"/></net>

<net id="424"><net_src comp="384" pin="1"/><net_sink comp="417" pin=2"/></net>

<net id="429"><net_src comp="409" pin="3"/><net_sink comp="425" pin=0"/></net>

<net id="434"><net_src comp="401" pin="3"/><net_sink comp="430" pin=0"/></net>

<net id="439"><net_src comp="417" pin="3"/><net_sink comp="435" pin=0"/></net>

<net id="444"><net_src comp="393" pin="3"/><net_sink comp="440" pin=0"/></net>

<net id="462"><net_src comp="365" pin="2"/><net_sink comp="457" pin=0"/></net>

<net id="463"><net_src comp="357" pin="1"/><net_sink comp="457" pin=1"/></net>

<net id="464"><net_src comp="445" pin="1"/><net_sink comp="457" pin=2"/></net>

<net id="470"><net_src comp="365" pin="2"/><net_sink comp="465" pin=0"/></net>

<net id="471"><net_src comp="451" pin="1"/><net_sink comp="465" pin=1"/></net>

<net id="472"><net_src comp="357" pin="1"/><net_sink comp="465" pin=2"/></net>

<net id="478"><net_src comp="365" pin="2"/><net_sink comp="473" pin=0"/></net>

<net id="479"><net_src comp="454" pin="1"/><net_sink comp="473" pin=1"/></net>

<net id="480"><net_src comp="371" pin="4"/><net_sink comp="473" pin=2"/></net>

<net id="486"><net_src comp="365" pin="2"/><net_sink comp="481" pin=0"/></net>

<net id="487"><net_src comp="371" pin="4"/><net_sink comp="481" pin=1"/></net>

<net id="488"><net_src comp="448" pin="1"/><net_sink comp="481" pin=2"/></net>

<net id="493"><net_src comp="473" pin="3"/><net_sink comp="489" pin=0"/></net>

<net id="498"><net_src comp="465" pin="3"/><net_sink comp="494" pin=0"/></net>

<net id="503"><net_src comp="481" pin="3"/><net_sink comp="499" pin=0"/></net>

<net id="508"><net_src comp="457" pin="3"/><net_sink comp="504" pin=0"/></net>

<net id="526"><net_src comp="365" pin="2"/><net_sink comp="521" pin=0"/></net>

<net id="527"><net_src comp="357" pin="1"/><net_sink comp="521" pin=1"/></net>

<net id="528"><net_src comp="509" pin="1"/><net_sink comp="521" pin=2"/></net>

<net id="534"><net_src comp="365" pin="2"/><net_sink comp="529" pin=0"/></net>

<net id="535"><net_src comp="515" pin="1"/><net_sink comp="529" pin=1"/></net>

<net id="536"><net_src comp="357" pin="1"/><net_sink comp="529" pin=2"/></net>

<net id="542"><net_src comp="365" pin="2"/><net_sink comp="537" pin=0"/></net>

<net id="543"><net_src comp="518" pin="1"/><net_sink comp="537" pin=1"/></net>

<net id="544"><net_src comp="371" pin="4"/><net_sink comp="537" pin=2"/></net>

<net id="550"><net_src comp="365" pin="2"/><net_sink comp="545" pin=0"/></net>

<net id="551"><net_src comp="371" pin="4"/><net_sink comp="545" pin=1"/></net>

<net id="552"><net_src comp="512" pin="1"/><net_sink comp="545" pin=2"/></net>

<net id="557"><net_src comp="537" pin="3"/><net_sink comp="553" pin=0"/></net>

<net id="562"><net_src comp="529" pin="3"/><net_sink comp="558" pin=0"/></net>

<net id="567"><net_src comp="545" pin="3"/><net_sink comp="563" pin=0"/></net>

<net id="572"><net_src comp="521" pin="3"/><net_sink comp="568" pin=0"/></net>

<net id="590"><net_src comp="365" pin="2"/><net_sink comp="585" pin=0"/></net>

<net id="591"><net_src comp="357" pin="1"/><net_sink comp="585" pin=1"/></net>

<net id="592"><net_src comp="573" pin="1"/><net_sink comp="585" pin=2"/></net>

<net id="598"><net_src comp="365" pin="2"/><net_sink comp="593" pin=0"/></net>

<net id="599"><net_src comp="579" pin="1"/><net_sink comp="593" pin=1"/></net>

<net id="600"><net_src comp="357" pin="1"/><net_sink comp="593" pin=2"/></net>

<net id="606"><net_src comp="365" pin="2"/><net_sink comp="601" pin=0"/></net>

<net id="607"><net_src comp="582" pin="1"/><net_sink comp="601" pin=1"/></net>

<net id="608"><net_src comp="371" pin="4"/><net_sink comp="601" pin=2"/></net>

<net id="614"><net_src comp="365" pin="2"/><net_sink comp="609" pin=0"/></net>

<net id="615"><net_src comp="371" pin="4"/><net_sink comp="609" pin=1"/></net>

<net id="616"><net_src comp="576" pin="1"/><net_sink comp="609" pin=2"/></net>

<net id="621"><net_src comp="601" pin="3"/><net_sink comp="617" pin=0"/></net>

<net id="626"><net_src comp="593" pin="3"/><net_sink comp="622" pin=0"/></net>

<net id="631"><net_src comp="609" pin="3"/><net_sink comp="627" pin=0"/></net>

<net id="636"><net_src comp="585" pin="3"/><net_sink comp="632" pin=0"/></net>

<net id="641"><net_src comp="331" pin="3"/><net_sink comp="637" pin=0"/></net>

<net id="642"><net_src comp="86" pin="0"/><net_sink comp="637" pin=1"/></net>

<net id="647"><net_src comp="345" pin="3"/><net_sink comp="643" pin=0"/></net>

<net id="652"><net_src comp="637" pin="2"/><net_sink comp="648" pin=0"/></net>

<net id="656"><net_src comp="653" pin="1"/><net_sink comp="277" pin=2"/></net>

<net id="660"><net_src comp="657" pin="1"/><net_sink comp="270" pin=2"/></net>

<net id="664"><net_src comp="661" pin="1"/><net_sink comp="263" pin=2"/></net>

<net id="668"><net_src comp="665" pin="1"/><net_sink comp="256" pin=2"/></net>

<net id="672"><net_src comp="669" pin="1"/><net_sink comp="249" pin=2"/></net>

<net id="676"><net_src comp="673" pin="1"/><net_sink comp="242" pin=2"/></net>

<net id="680"><net_src comp="677" pin="1"/><net_sink comp="235" pin=2"/></net>

<net id="684"><net_src comp="681" pin="1"/><net_sink comp="228" pin=2"/></net>

<net id="688"><net_src comp="685" pin="1"/><net_sink comp="221" pin=2"/></net>

<net id="692"><net_src comp="689" pin="1"/><net_sink comp="214" pin=2"/></net>

<net id="696"><net_src comp="693" pin="1"/><net_sink comp="207" pin=2"/></net>

<net id="700"><net_src comp="697" pin="1"/><net_sink comp="200" pin=2"/></net>

<net id="704"><net_src comp="701" pin="1"/><net_sink comp="193" pin=2"/></net>

<net id="708"><net_src comp="705" pin="1"/><net_sink comp="186" pin=2"/></net>

<net id="712"><net_src comp="709" pin="1"/><net_sink comp="179" pin=2"/></net>

<net id="716"><net_src comp="713" pin="1"/><net_sink comp="172" pin=2"/></net>

<net id="720"><net_src comp="90" pin="1"/><net_sink comp="717" pin=0"/></net>

<net id="721"><net_src comp="717" pin="1"/><net_sink comp="294" pin=1"/></net>

<net id="722"><net_src comp="717" pin="1"/><net_sink comp="319" pin=0"/></net>

<net id="723"><net_src comp="717" pin="1"/><net_sink comp="648" pin=1"/></net>

<net id="727"><net_src comp="94" pin="1"/><net_sink comp="724" pin=0"/></net>

<net id="728"><net_src comp="724" pin="1"/><net_sink comp="289" pin=1"/></net>

<net id="729"><net_src comp="724" pin="1"/><net_sink comp="322" pin=0"/></net>

<net id="730"><net_src comp="724" pin="1"/><net_sink comp="643" pin=1"/></net>

<net id="734"><net_src comp="98" pin="1"/><net_sink comp="731" pin=0"/></net>

<net id="735"><net_src comp="731" pin="1"/><net_sink comp="284" pin=1"/></net>

<net id="736"><net_src comp="731" pin="1"/><net_sink comp="299" pin=0"/></net>

<net id="737"><net_src comp="731" pin="1"/><net_sink comp="314" pin=1"/></net>

<net id="741"><net_src comp="102" pin="1"/><net_sink comp="738" pin=0"/></net>

<net id="742"><net_src comp="738" pin="1"/><net_sink comp="509" pin=0"/></net>

<net id="743"><net_src comp="738" pin="1"/><net_sink comp="568" pin=1"/></net>

<net id="744"><net_src comp="738" pin="1"/><net_sink comp="653" pin=0"/></net>

<net id="748"><net_src comp="106" pin="1"/><net_sink comp="745" pin=0"/></net>

<net id="749"><net_src comp="745" pin="1"/><net_sink comp="512" pin=0"/></net>

<net id="750"><net_src comp="745" pin="1"/><net_sink comp="563" pin=1"/></net>

<net id="751"><net_src comp="745" pin="1"/><net_sink comp="657" pin=0"/></net>

<net id="755"><net_src comp="110" pin="1"/><net_sink comp="752" pin=0"/></net>

<net id="756"><net_src comp="752" pin="1"/><net_sink comp="515" pin=0"/></net>

<net id="757"><net_src comp="752" pin="1"/><net_sink comp="558" pin=1"/></net>

<net id="758"><net_src comp="752" pin="1"/><net_sink comp="661" pin=0"/></net>

<net id="762"><net_src comp="114" pin="1"/><net_sink comp="759" pin=0"/></net>

<net id="763"><net_src comp="759" pin="1"/><net_sink comp="518" pin=0"/></net>

<net id="764"><net_src comp="759" pin="1"/><net_sink comp="553" pin=1"/></net>

<net id="765"><net_src comp="759" pin="1"/><net_sink comp="665" pin=0"/></net>

<net id="769"><net_src comp="118" pin="1"/><net_sink comp="766" pin=0"/></net>

<net id="770"><net_src comp="766" pin="1"/><net_sink comp="445" pin=0"/></net>

<net id="771"><net_src comp="766" pin="1"/><net_sink comp="504" pin=1"/></net>

<net id="772"><net_src comp="766" pin="1"/><net_sink comp="669" pin=0"/></net>

<net id="776"><net_src comp="122" pin="1"/><net_sink comp="773" pin=0"/></net>

<net id="777"><net_src comp="773" pin="1"/><net_sink comp="448" pin=0"/></net>

<net id="778"><net_src comp="773" pin="1"/><net_sink comp="499" pin=1"/></net>

<net id="779"><net_src comp="773" pin="1"/><net_sink comp="673" pin=0"/></net>

<net id="783"><net_src comp="126" pin="1"/><net_sink comp="780" pin=0"/></net>

<net id="784"><net_src comp="780" pin="1"/><net_sink comp="451" pin=0"/></net>

<net id="785"><net_src comp="780" pin="1"/><net_sink comp="494" pin=1"/></net>

<net id="786"><net_src comp="780" pin="1"/><net_sink comp="677" pin=0"/></net>

<net id="790"><net_src comp="130" pin="1"/><net_sink comp="787" pin=0"/></net>

<net id="791"><net_src comp="787" pin="1"/><net_sink comp="454" pin=0"/></net>

<net id="792"><net_src comp="787" pin="1"/><net_sink comp="489" pin=1"/></net>

<net id="793"><net_src comp="787" pin="1"/><net_sink comp="681" pin=0"/></net>

<net id="797"><net_src comp="134" pin="1"/><net_sink comp="794" pin=0"/></net>

<net id="798"><net_src comp="794" pin="1"/><net_sink comp="381" pin=0"/></net>

<net id="799"><net_src comp="794" pin="1"/><net_sink comp="440" pin=1"/></net>

<net id="800"><net_src comp="794" pin="1"/><net_sink comp="685" pin=0"/></net>

<net id="804"><net_src comp="138" pin="1"/><net_sink comp="801" pin=0"/></net>

<net id="805"><net_src comp="801" pin="1"/><net_sink comp="384" pin=0"/></net>

<net id="806"><net_src comp="801" pin="1"/><net_sink comp="435" pin=1"/></net>

<net id="807"><net_src comp="801" pin="1"/><net_sink comp="689" pin=0"/></net>

<net id="811"><net_src comp="142" pin="1"/><net_sink comp="808" pin=0"/></net>

<net id="812"><net_src comp="808" pin="1"/><net_sink comp="387" pin=0"/></net>

<net id="813"><net_src comp="808" pin="1"/><net_sink comp="430" pin=1"/></net>

<net id="814"><net_src comp="808" pin="1"/><net_sink comp="693" pin=0"/></net>

<net id="818"><net_src comp="146" pin="1"/><net_sink comp="815" pin=0"/></net>

<net id="819"><net_src comp="815" pin="1"/><net_sink comp="390" pin=0"/></net>

<net id="820"><net_src comp="815" pin="1"/><net_sink comp="425" pin=1"/></net>

<net id="821"><net_src comp="815" pin="1"/><net_sink comp="697" pin=0"/></net>

<net id="825"><net_src comp="150" pin="1"/><net_sink comp="822" pin=0"/></net>

<net id="826"><net_src comp="822" pin="1"/><net_sink comp="573" pin=0"/></net>

<net id="827"><net_src comp="822" pin="1"/><net_sink comp="632" pin=1"/></net>

<net id="828"><net_src comp="822" pin="1"/><net_sink comp="701" pin=0"/></net>

<net id="832"><net_src comp="154" pin="1"/><net_sink comp="829" pin=0"/></net>

<net id="833"><net_src comp="829" pin="1"/><net_sink comp="576" pin=0"/></net>

<net id="834"><net_src comp="829" pin="1"/><net_sink comp="627" pin=1"/></net>

<net id="835"><net_src comp="829" pin="1"/><net_sink comp="705" pin=0"/></net>

<net id="839"><net_src comp="158" pin="1"/><net_sink comp="836" pin=0"/></net>

<net id="840"><net_src comp="836" pin="1"/><net_sink comp="579" pin=0"/></net>

<net id="841"><net_src comp="836" pin="1"/><net_sink comp="622" pin=1"/></net>

<net id="842"><net_src comp="836" pin="1"/><net_sink comp="709" pin=0"/></net>

<net id="846"><net_src comp="162" pin="1"/><net_sink comp="843" pin=0"/></net>

<net id="847"><net_src comp="843" pin="1"/><net_sink comp="582" pin=0"/></net>

<net id="848"><net_src comp="843" pin="1"/><net_sink comp="617" pin=1"/></net>

<net id="849"><net_src comp="843" pin="1"/><net_sink comp="713" pin=0"/></net>

</net_list>

</model> 
---------------- Datapath Model END ------------------

* FSMD analyzer results:
  - Output states:
	Port: fwd_in1 | {}
	Port: REG1_V_15_out | {1 }
	Port: REG1_V_out | {1 }
	Port: REG1_V_14_out | {1 }
	Port: REG1_V_1_out | {1 }
	Port: REG1_V_13_out | {1 }
	Port: REG1_V_12_out | {1 }
	Port: REG1_V_11_out | {1 }
	Port: REG1_V_2_out | {1 }
	Port: REG1_V_10_out | {1 }
	Port: REG1_V_3_out | {1 }
	Port: REG1_V_9_out | {1 }
	Port: REG1_V_4_out | {1 }
	Port: REG1_V_8_out | {1 }
	Port: REG1_V_5_out | {1 }
	Port: REG1_V_7_out | {1 }
	Port: REG1_V_6_out | {1 }
 - Input state : 
	Port: compute_slave_Pipeline_VITIS_LOOP_53_1_VITIS_LOOP_54_2 : fwd_in1 | {2 }
  - Chain level:
	State 1
		store_ln0 : 1
		store_ln0 : 1
		store_ln0 : 1
		indvar_flatten_load : 1
		icmp_ln53 : 2
		add_ln53 : 2
		br_ln53 : 3
		store_ln54 : 3
		REG1_V_6_load : 1
		REG1_V_7_load : 1
		REG1_V_5_load : 1
		REG1_V_8_load : 1
		REG1_V_4_load : 1
		REG1_V_9_load : 1
		REG1_V_3_load : 1
		REG1_V_10_load : 1
		REG1_V_2_load : 1
		REG1_V_11_load : 1
		REG1_V_12_load : 1
		REG1_V_13_load : 1
		REG1_V_1_load : 1
		REG1_V_14_load : 1
		REG1_V_load : 1
		REG1_V_15_load : 1
		write_ln0 : 2
		write_ln0 : 2
		write_ln0 : 2
		write_ln0 : 2
		write_ln0 : 2
		write_ln0 : 2
		write_ln0 : 2
		write_ln0 : 2
		write_ln0 : 2
		write_ln0 : 2
		write_ln0 : 2
		write_ln0 : 2
		write_ln0 : 2
		write_ln0 : 2
		write_ln0 : 2
		write_ln0 : 2
	State 2
		icmp_ln54 : 1
		select_ln43 : 2
		add_ln53_1 : 1
		select_ln43_1 : 2
		trunc_ln43 : 3
		trunc_ln56 : 3
		icmp_ln56 : 4
		switch_ln56 : 4
		select_ln56_12 : 5
		select_ln56_13 : 5
		select_ln56_14 : 5
		select_ln56_15 : 5
		store_ln56 : 6
		store_ln56 : 6
		store_ln56 : 6
		store_ln56 : 6
		select_ln56_8 : 5
		select_ln56_9 : 5
		select_ln56_10 : 5
		select_ln56_11 : 5
		store_ln56 : 6
		store_ln56 : 6
		store_ln56 : 6
		store_ln56 : 6
		select_ln56_4 : 5
		select_ln56_5 : 5
		select_ln56_6 : 5
		select_ln56_7 : 5
		store_ln56 : 6
		store_ln56 : 6
		store_ln56 : 6
		store_ln56 : 6
		select_ln56 : 5
		select_ln56_1 : 5
		select_ln56_2 : 5
		select_ln56_3 : 5
		store_ln56 : 6
		store_ln56 : 6
		store_ln56 : 6
		store_ln56 : 6
		add_ln54 : 3
		store_ln54 : 3
		store_ln54 : 4


============================================================
+ Verbose Summary: Datapath Resource usage 
============================================================

* Functional unit list:
|----------|------------------------|---------|---------|
| Operation|     Functional Unit    |    FF   |   LUT   |
|----------|------------------------|---------|---------|
|          |   select_ln43_fu_331   |    0    |    3    |
|          |  select_ln43_1_fu_345  |    0    |    3    |
|          |  select_ln56_12_fu_393 |    0    |    16   |
|          |  select_ln56_13_fu_401 |    0    |    16   |
|          |  select_ln56_14_fu_409 |    0    |    16   |
|          |  select_ln56_15_fu_417 |    0    |    16   |
|          |  select_ln56_8_fu_457  |    0    |    16   |
|          |  select_ln56_9_fu_465  |    0    |    16   |
|  select  |  select_ln56_10_fu_473 |    0    |    16   |
|          |  select_ln56_11_fu_481 |    0    |    16   |
|          |  select_ln56_4_fu_521  |    0    |    16   |
|          |  select_ln56_5_fu_529  |    0    |    16   |
|          |  select_ln56_6_fu_537  |    0    |    16   |
|          |  select_ln56_7_fu_545  |    0    |    16   |
|          |   select_ln56_fu_585   |    0    |    16   |
|          |  select_ln56_1_fu_593  |    0    |    16   |
|          |  select_ln56_2_fu_601  |    0    |    16   |
|          |  select_ln56_3_fu_609  |    0    |    16   |
|----------|------------------------|---------|---------|
|          |     add_ln53_fu_308    |    0    |    12   |
|    add   |    add_ln53_1_fu_339   |    0    |    10   |
|          |     add_ln54_fu_637    |    0    |    10   |
|----------|------------------------|---------|---------|
|          |    icmp_ln53_fu_302    |    0    |    9    |
|   icmp   |    icmp_ln54_fu_325    |    0    |    8    |
|          |    icmp_ln56_fu_365    |    0    |    8    |
|----------|------------------------|---------|---------|
|   read   |  p_Val2_s_read_fu_166  |    0    |    0    |
|----------|------------------------|---------|---------|
|          | write_ln0_write_fu_172 |    0    |    0    |
|          | write_ln0_write_fu_179 |    0    |    0    |
|          | write_ln0_write_fu_186 |    0    |    0    |
|          | write_ln0_write_fu_193 |    0    |    0    |
|          | write_ln0_write_fu_200 |    0    |    0    |
|          | write_ln0_write_fu_207 |    0    |    0    |
|          | write_ln0_write_fu_214 |    0    |    0    |
|   write  | write_ln0_write_fu_221 |    0    |    0    |
|          | write_ln0_write_fu_228 |    0    |    0    |
|          | write_ln0_write_fu_235 |    0    |    0    |
|          | write_ln0_write_fu_242 |    0    |    0    |
|          | write_ln0_write_fu_249 |    0    |    0    |
|          | write_ln0_write_fu_256 |    0    |    0    |
|          | write_ln0_write_fu_263 |    0    |    0    |
|          | write_ln0_write_fu_270 |    0    |    0    |
|          | write_ln0_write_fu_277 |    0    |    0    |
|----------|------------------------|---------|---------|
|          |    trunc_ln43_fu_353   |    0    |    0    |
|   trunc  |    REG1_V_16_fu_357    |    0    |    0    |
|          |    trunc_ln56_fu_361   |    0    |    0    |
|----------|------------------------|---------|---------|
|partselect|    REG1_V_17_fu_371    |    0    |    0    |
|----------|------------------------|---------|---------|
|   Total  |                        |    0    |   319   |
|----------|------------------------|---------|---------|

Memories:
N/A

* Register list:
+----------------------+--------+
|                      |   FF   |
+----------------------+--------+
|   REG1_V_10_reg_787  |   16   |
|   REG1_V_11_reg_801  |   16   |
|   REG1_V_12_reg_808  |   16   |
|   REG1_V_13_reg_815  |   16   |
|   REG1_V_14_reg_829  |   16   |
|   REG1_V_15_reg_843  |   16   |
|   REG1_V_1_reg_822   |   16   |
|   REG1_V_2_reg_794   |   16   |
|   REG1_V_3_reg_780   |   16   |
|   REG1_V_4_reg_766   |   16   |
|   REG1_V_5_reg_752   |   16   |
|   REG1_V_6_reg_738   |   16   |
|   REG1_V_7_reg_745   |   16   |
|   REG1_V_8_reg_759   |   16   |
|   REG1_V_9_reg_773   |   16   |
|    REG1_V_reg_836    |   16   |
|       i_reg_724      |    3   |
|indvar_flatten_reg_731|    4   |
|       j_reg_717      |    3   |
+----------------------+--------+
|         Total        |   266  |
+----------------------+--------+

* Multiplexer (MUX) list: 
|--------|------|------|------|--------|
|  Comp  |  Pin | Size |  BW  | S x BW |
|--------|------|------|------|--------|
|  Total |      |      |      |    0   |
|--------|------|------|------|--------|



* Summary:
+-----------+--------+--------+
|           |   FF   |   LUT  |
+-----------+--------+--------+
|  Function |    0   |   319  |
|   Memory  |    -   |    -   |
|Multiplexer|    -   |    -   |
|  Register |   266  |    -   |
+-----------+--------+--------+
|   Total   |   266  |   319  |
+-----------+--------+--------+
