

================================================================
== Vitis HLS Report for 'compute_slave_Pipeline_compute_rows_VITIS_LOOP_69_5'
================================================================
* Date:           Thu Sep 10 01:51:43 2026

* Version:        2022.2 (Build 3670227 on Oct 13 2022)
* Project:        Compute_block_slave
* Solution:       solution1 (Vivado IP Flow Target)
* Product family: zynquplus
* Target device:  xczu7ev-ffvc1156-2-e


================================================================
== Performance Estimates
================================================================
+ Timing: 
    * Summary: 
    +--------+----------+----------+------------+
    |  Clock |  Target  | Estimated| Uncertainty|
    +--------+----------+----------+------------+
    |ap_clk  |  10.00 ns|  2.338 ns|     2.70 ns|
    +--------+----------+----------+------------+

+ Latency: 
    * Summary: 
    +---------+---------+----------+----------+-----+-----+---------+
    |  Latency (cycles) |  Latency (absolute) |  Interval | Pipeline|
    |   min   |   max   |    min   |    max   | min | max |   Type  |
    +---------+---------+----------+----------+-----+-----+---------+
    |       21|       21|  0.210 us|  0.210 us|   21|   21|       no|
    +---------+---------+----------+----------+-----+-----+---------+

    + Detail: 
        * Instance: 
        N/A

        * Loop: 
        +--------------------------------+---------+---------+----------+-----------+-----------+------+----------+
        |                                |  Latency (cycles) | Iteration|  Initiation Interval  | Trip |          |
        |            Loop Name           |   min   |   max   |  Latency |  achieved |   target  | Count| Pipelined|
        +--------------------------------+---------+---------+----------+-----------+-----------+------+----------+
        |- compute_rows_VITIS_LOOP_69_5  |       19|       19|         5|          1|          1|    16|       yes|
        +--------------------------------+---------+---------+----------+-----------+-----------+------+----------+



================================================================
== Utilization Estimates
================================================================
* Summary: 
+-----------------+---------+------+--------+--------+-----+
|       Name      | BRAM_18K|  DSP |   FF   |   LUT  | URAM|
+-----------------+---------+------+--------+--------+-----+
|DSP              |        -|     4|       -|       -|    -|
|Expression       |        -|     -|       0|      98|    -|
|FIFO             |        -|     -|       -|       -|    -|
|Instance         |        -|     -|       0|     160|    -|
|Memory           |        -|     -|       -|       -|    -|
|Multiplexer      |        -|     -|       -|      72|    -|
|Register         |        -|     -|     152|      64|    -|
+-----------------+---------+------+--------+--------+-----+
|Total            |        0|     4|     152|     394|    0|
+-----------------+---------+------+--------+--------+-----+
|Available        |      624|  1728|  460800|  230400|   96|
+-----------------+---------+------+--------+--------+-----+
|Utilization (%)  |        0|    ~0|      ~0|      ~0|    0|
+-----------------+---------+------+--------+--------+-----+

+ Detail: 
    * Instance: 
    +-------------------+---------------+---------+----+---+----+-----+
    |      Instance     |     Module    | BRAM_18K| DSP| FF| LUT| URAM|
    +-------------------+---------------+---------+----+---+----+-----+
    |mux_42_16_1_1_U35  |mux_42_16_1_1  |        0|   0|  0|  20|    0|
    |mux_42_16_1_1_U36  |mux_42_16_1_1  |        0|   0|  0|  20|    0|
    |mux_42_16_1_1_U37  |mux_42_16_1_1  |        0|   0|  0|  20|    0|
    |mux_42_16_1_1_U38  |mux_42_16_1_1  |        0|   0|  0|  20|    0|
    |mux_42_16_1_1_U39  |mux_42_16_1_1  |        0|   0|  0|  20|    0|
    |mux_42_16_1_1_U40  |mux_42_16_1_1  |        0|   0|  0|  20|    0|
    |mux_42_16_1_1_U41  |mux_42_16_1_1  |        0|   0|  0|  20|    0|
    |mux_42_16_1_1_U42  |mux_42_16_1_1  |        0|   0|  0|  20|    0|
    +-------------------+---------------+---------+----+---+----+-----+
    |Total              |               |        0|   0|  0| 160|    0|
    +-------------------+---------------+---------+----+---+----+-----+

    * DSP: 
    +--------------------------------------+----------------------------------+--------------+
    |               Instance               |              Module              |  Expression  |
    +--------------------------------------+----------------------------------+--------------+
    |mac_muladd_16ns_16ns_32ns_32_4_1_U45  |mac_muladd_16ns_16ns_32ns_32_4_1  |  i0 + i1 * i2|
    |mac_muladd_16ns_16ns_32ns_32_4_1_U46  |mac_muladd_16ns_16ns_32ns_32_4_1  |  i0 + i1 * i2|
    |mul_mul_16ns_16ns_32_4_1_U43          |mul_mul_16ns_16ns_32_4_1          |       i0 * i1|
    |mul_mul_16ns_16ns_32_4_1_U44          |mul_mul_16ns_16ns_32_4_1          |       i0 * i1|
    +--------------------------------------+----------------------------------+--------------+

    * Memory: 
    N/A

    * FIFO: 
    N/A

    * Expression: 
    +-------------------------+----------+----+---+----+------------+------------+
    |      Variable Name      | Operation| DSP| FF| LUT| Bitwidth P0| Bitwidth P1|
    +-------------------------+----------+----+---+----+------------+------------+
    |add_ln68_1_fu_379_p2     |         +|   0|  0|  10|           3|           1|
    |add_ln68_fu_353_p2       |         +|   0|  0|  12|           5|           1|
    |add_ln69_fu_473_p2       |         +|   0|  0|  10|           3|           1|
    |result_out_d0            |         +|   0|  0|  39|          32|          32|
    |icmp_ln68_fu_347_p2      |      icmp|   0|  0|  10|           5|           6|
    |icmp_ln69_fu_365_p2      |      icmp|   0|  0|   9|           3|           4|
    |select_ln68_1_fu_385_p3  |    select|   0|  0|   3|           1|           3|
    |select_ln68_fu_371_p3    |    select|   0|  0|   3|           1|           1|
    |ap_enable_pp0            |       xor|   0|  0|   2|           1|           2|
    +-------------------------+----------+----+---+----+------------+------------+
    |Total                    |          |   0|  0|  98|          54|          51|
    +-------------------------+----------+----+---+----+------------+------------+

    * Multiplexer: 
    +----------------------------------------+----+-----------+-----+-----------+
    |                  Name                  | LUT| Input Size| Bits| Total Bits|
    +----------------------------------------+----+-----------+-----+-----------+
    |ap_done_int                             |   9|          2|    1|          2|
    |ap_enable_reg_pp0_iter1                 |   9|          2|    1|          2|
    |ap_sig_allocacmp_com_load               |   9|          2|    3|          6|
    |ap_sig_allocacmp_i_load                 |   9|          2|    3|          6|
    |ap_sig_allocacmp_indvar_flatten13_load  |   9|          2|    5|         10|
    |com_fu_112                              |   9|          2|    3|          6|
    |i_fu_116                                |   9|          2|    3|          6|
    |indvar_flatten13_fu_120                 |   9|          2|    5|         10|
    +----------------------------------------+----+-----------+-----+-----------+
    |Total                                   |  72|         16|   24|         48|
    +----------------------------------------+----+-----------+-----+-----------+

    * Register: 
    +----------------------------------+----+----+-----+-----------+
    |               Name               | FF | LUT| Bits| Const Bits|
    +----------------------------------+----+----+-----+-----------+
    |ap_CS_fsm                         |   1|   0|    1|          0|
    |ap_done_reg                       |   1|   0|    1|          0|
    |ap_enable_reg_pp0_iter1           |   1|   0|    1|          0|
    |ap_enable_reg_pp0_iter2           |   1|   0|    1|          0|
    |ap_enable_reg_pp0_iter3           |   1|   0|    1|          0|
    |ap_enable_reg_pp0_iter4           |   1|   0|    1|          0|
    |ap_loop_exit_ready_pp0_iter1_reg  |   1|   0|    1|          0|
    |ap_loop_exit_ready_pp0_iter2_reg  |   1|   0|    1|          0|
    |ap_loop_exit_ready_pp0_iter3_reg  |   1|   0|    1|          0|
    |com_fu_112                        |   3|   0|    3|          0|
    |empty_12_reg_704                  |   2|   0|    2|          0|
    |i_fu_116                          |   3|   0|    3|          0|
    |indvar_flatten13_fu_120           |   5|   0|    5|          0|
    |trunc_ln68_reg_697                |   2|   0|    2|          0|
    |empty_12_reg_704                  |  64|  32|    2|          0|
    |trunc_ln68_reg_697                |  64|  32|    2|          0|
    +----------------------------------+----+----+-----+-----------+
    |Total                             | 152|  64|   28|          0|
    +----------------------------------+----+----+-----+-----------+



================================================================
== Interface
================================================================
* Summary: 
+---------------------+-----+-----+------------+-----------------------------------------------------+--------------+
|      RTL Ports      | Dir | Bits|  Protocol  |                    Source Object                    |    C Type    |
+---------------------+-----+-----+------------+-----------------------------------------------------+--------------+
|ap_clk               |   in|    1|  ap_ctrl_hs|  compute_slave_Pipeline_compute_rows_VITIS_LOOP_69_5|  return value|
|ap_rst               |   in|    1|  ap_ctrl_hs|  compute_slave_Pipeline_compute_rows_VITIS_LOOP_69_5|  return value|
|ap_start             |   in|    1|  ap_ctrl_hs|  compute_slave_Pipeline_compute_rows_VITIS_LOOP_69_5|  return value|
|ap_done              |  out|    1|  ap_ctrl_hs|  compute_slave_Pipeline_compute_rows_VITIS_LOOP_69_5|  return value|
|ap_idle              |  out|    1|  ap_ctrl_hs|  compute_slave_Pipeline_compute_rows_VITIS_LOOP_69_5|  return value|
|ap_ready             |  out|    1|  ap_ctrl_hs|  compute_slave_Pipeline_compute_rows_VITIS_LOOP_69_5|  return value|
|REG1_V_6_reload      |   in|   16|     ap_none|                                      REG1_V_6_reload|        scalar|
|REG1_V_4_reload      |   in|   16|     ap_none|                                      REG1_V_4_reload|        scalar|
|REG1_V_2_reload      |   in|   16|     ap_none|                                      REG1_V_2_reload|        scalar|
|REG1_V_1_reload      |   in|   16|     ap_none|                                      REG1_V_1_reload|        scalar|
|REG2_V_6_reload      |   in|   16|     ap_none|                                      REG2_V_6_reload|        scalar|
|REG2_V_4_reload      |   in|   16|     ap_none|                                      REG2_V_4_reload|        scalar|
|REG2_V_2_reload      |   in|   16|     ap_none|                                      REG2_V_2_reload|        scalar|
|REG2_V_1_reload      |   in|   16|     ap_none|                                      REG2_V_1_reload|        scalar|
|REG1_V_7_reload      |   in|   16|     ap_none|                                      REG1_V_7_reload|        scalar|
|REG1_V_9_reload      |   in|   16|     ap_none|                                      REG1_V_9_reload|        scalar|
|REG1_V_11_reload     |   in|   16|     ap_none|                                     REG1_V_11_reload|        scalar|
|REG1_V_14_reload     |   in|   16|     ap_none|                                     REG1_V_14_reload|        scalar|
|REG2_V_7_reload      |   in|   16|     ap_none|                                      REG2_V_7_reload|        scalar|
|REG2_V_9_reload      |   in|   16|     ap_none|                                      REG2_V_9_reload|        scalar|
|REG2_V_11_reload     |   in|   16|     ap_none|                                     REG2_V_11_reload|        scalar|
|REG2_V_14_reload     |   in|   16|     ap_none|                                     REG2_V_14_reload|        scalar|
|REG1_V_5_reload      |   in|   16|     ap_none|                                      REG1_V_5_reload|        scalar|
|REG1_V_3_reload      |   in|   16|     ap_none|                                      REG1_V_3_reload|        scalar|
|REG1_V_12_reload     |   in|   16|     ap_none|                                     REG1_V_12_reload|        scalar|
|REG1_V_reload        |   in|   16|     ap_none|                                        REG1_V_reload|        scalar|
|REG2_V_5_reload      |   in|   16|     ap_none|                                      REG2_V_5_reload|        scalar|
|REG2_V_3_reload      |   in|   16|     ap_none|                                      REG2_V_3_reload|        scalar|
|REG2_V_12_reload     |   in|   16|     ap_none|                                     REG2_V_12_reload|        scalar|
|REG2_V_reload        |   in|   16|     ap_none|                                        REG2_V_reload|        scalar|
|REG1_V_8_reload      |   in|   16|     ap_none|                                      REG1_V_8_reload|        scalar|
|REG1_V_10_reload     |   in|   16|     ap_none|                                     REG1_V_10_reload|        scalar|
|REG1_V_13_reload     |   in|   16|     ap_none|                                     REG1_V_13_reload|        scalar|
|REG1_V_15_reload     |   in|   16|     ap_none|                                     REG1_V_15_reload|        scalar|
|REG2_V_8_reload      |   in|   16|     ap_none|                                      REG2_V_8_reload|        scalar|
|REG2_V_10_reload     |   in|   16|     ap_none|                                     REG2_V_10_reload|        scalar|
|REG2_V_13_reload     |   in|   16|     ap_none|                                     REG2_V_13_reload|        scalar|
|REG2_V_15_reload     |   in|   16|     ap_none|                                     REG2_V_15_reload|        scalar|
|result_out_address0  |  out|    4|   ap_memory|                                           result_out|         array|
|result_out_ce0       |  out|    1|   ap_memory|                                           result_out|         array|
|result_out_we0       |  out|    1|   ap_memory|                                           result_out|         array|
|result_out_d0        |  out|   32|   ap_memory|                                           result_out|         array|
+---------------------+-----+-----+------------+-----------------------------------------------------+--------------+

============================================================
+ Verbose Summary: Synthesis Manager
============================================================
InlineROM: 1
ExposeGlobal: 0
============================================================
+ Verbose Summary: CDFG Model
============================================================
IsTopModel: 0
ResetActiveHigh: 1
IsCombinational: 2
IsDatapathOnly: 2
HasWiredReturn: 1
HasMFsm: 2
HasVarLatency: 1
IsPipeline: 0
IsRtlPipelined: 0
IsInstanceOverlapped: 0
IsDontTouch: 0
HasImplIP: 0
IsGatedGlobalClock: 0

+ Individual pipeline summary: 
  * Pipeline-0: initiation interval (II) = 1, depth = 5


============================================================
+ Verbose Summary: Schedule
============================================================
* Number of FSM states : 5
* Pipeline : 1
  Pipeline-0 : II = 1, D = 5, States = { 1 2 3 4 5 }
* Dataflow Pipeline: 0

* FSM state transitions: 
1 --> 2 
2 --> 3 
3 --> 4 
4 --> 5 
5 --> 

* FSM state operations: 

State 1 <SV = 0> <Delay = 1.94>
ST_1 : Operation 8 [1/1] (0.00ns)   --->   "%com = alloca i32 1"   --->   Operation 8 'alloca' 'com' <Predicate = true> <Delay = 0.00>
ST_1 : Operation 9 [1/1] (0.00ns)   --->   "%i = alloca i32 1"   --->   Operation 9 'alloca' 'i' <Predicate = true> <Delay = 0.00>
ST_1 : Operation 10 [1/1] (0.00ns)   --->   "%indvar_flatten13 = alloca i32 1"   --->   Operation 10 'alloca' 'indvar_flatten13' <Predicate = true> <Delay = 0.00>
ST_1 : Operation 11 [1/1] (0.00ns)   --->   "%specinterface_ln0 = specinterface void @_ssdm_op_SpecInterface, i32 %result_out, void @empty_1, i32 0, i32 0, void @empty, i32 4294967295, i32 0, void @empty, void @empty, void @empty, i32 0, i32 0, i32 0, i32 0, void @empty, void @empty, i32 4294967295, i32 0"   --->   Operation 11 'specinterface' 'specinterface_ln0' <Predicate = true> <Delay = 0.00>
ST_1 : Operation 12 [1/1] (0.00ns)   --->   "%REG2_V_15_reload_read = read i16 @_ssdm_op_Read.ap_auto.i16, i16 %REG2_V_15_reload"   --->   Operation 12 'read' 'REG2_V_15_reload_read' <Predicate = true> <Delay = 0.00>
ST_1 : Operation 13 [1/1] (0.00ns)   --->   "%REG2_V_13_reload_read = read i16 @_ssdm_op_Read.ap_auto.i16, i16 %REG2_V_13_reload"   --->   Operation 13 'read' 'REG2_V_13_reload_read' <Predicate = true> <Delay = 0.00>
ST_1 : Operation 14 [1/1] (0.00ns)   --->   "%REG2_V_10_reload_read = read i16 @_ssdm_op_Read.ap_auto.i16, i16 %REG2_V_10_reload"   --->   Operation 14 'read' 'REG2_V_10_reload_read' <Predicate = true> <Delay = 0.00>
ST_1 : Operation 15 [1/1] (0.00ns)   --->   "%REG2_V_8_reload_read = read i16 @_ssdm_op_Read.ap_auto.i16, i16 %REG2_V_8_reload"   --->   Operation 15 'read' 'REG2_V_8_reload_read' <Predicate = true> <Delay = 0.00>
ST_1 : Operation 16 [1/1] (0.00ns)   --->   "%REG1_V_15_reload_read = read i16 @_ssdm_op_Read.ap_auto.i16, i16 %REG1_V_15_reload"   --->   Operation 16 'read' 'REG1_V_15_reload_read' <Predicate = true> <Delay = 0.00>
ST_1 : Operation 17 [1/1] (0.00ns)   --->   "%REG1_V_13_reload_read = read i16 @_ssdm_op_Read.ap_auto.i16, i16 %REG1_V_13_reload"   --->   Operation 17 'read' 'REG1_V_13_reload_read' <Predicate = true> <Delay = 0.00>
ST_1 : Operation 18 [1/1] (0.00ns)   --->   "%REG1_V_10_reload_read = read i16 @_ssdm_op_Read.ap_auto.i16, i16 %REG1_V_10_reload"   --->   Operation 18 'read' 'REG1_V_10_reload_read' <Predicate = true> <Delay = 0.00>
ST_1 : Operation 19 [1/1] (0.00ns)   --->   "%REG1_V_8_reload_read = read i16 @_ssdm_op_Read.ap_auto.i16, i16 %REG1_V_8_reload"   --->   Operation 19 'read' 'REG1_V_8_reload_read' <Predicate = true> <Delay = 0.00>
ST_1 : Operation 20 [1/1] (0.00ns)   --->   "%REG2_V_reload_read = read i16 @_ssdm_op_Read.ap_auto.i16, i16 %REG2_V_reload"   --->   Operation 20 'read' 'REG2_V_reload_read' <Predicate = true> <Delay = 0.00>
ST_1 : Operation 21 [1/1] (0.00ns)   --->   "%REG2_V_12_reload_read = read i16 @_ssdm_op_Read.ap_auto.i16, i16 %REG2_V_12_reload"   --->   Operation 21 'read' 'REG2_V_12_reload_read' <Predicate = true> <Delay = 0.00>
ST_1 : Operation 22 [1/1] (0.00ns)   --->   "%REG2_V_3_reload_read = read i16 @_ssdm_op_Read.ap_auto.i16, i16 %REG2_V_3_reload"   --->   Operation 22 'read' 'REG2_V_3_reload_read' <Predicate = true> <Delay = 0.00>
ST_1 : Operation 23 [1/1] (0.00ns)   --->   "%REG2_V_5_reload_read = read i16 @_ssdm_op_Read.ap_auto.i16, i16 %REG2_V_5_reload"   --->   Operation 23 'read' 'REG2_V_5_reload_read' <Predicate = true> <Delay = 0.00>
ST_1 : Operation 24 [1/1] (0.00ns)   --->   "%REG1_V_reload_read = read i16 @_ssdm_op_Read.ap_auto.i16, i16 %REG1_V_reload"   --->   Operation 24 'read' 'REG1_V_reload_read' <Predicate = true> <Delay = 0.00>
ST_1 : Operation 25 [1/1] (0.00ns)   --->   "%REG1_V_12_reload_read = read i16 @_ssdm_op_Read.ap_auto.i16, i16 %REG1_V_12_reload"   --->   Operation 25 'read' 'REG1_V_12_reload_read' <Predicate = true> <Delay = 0.00>
ST_1 : Operation 26 [1/1] (0.00ns)   --->   "%REG1_V_3_reload_read = read i16 @_ssdm_op_Read.ap_auto.i16, i16 %REG1_V_3_reload"   --->   Operation 26 'read' 'REG1_V_3_reload_read' <Predicate = true> <Delay = 0.00>
ST_1 : Operation 27 [1/1] (0.00ns)   --->   "%REG1_V_5_reload_read = read i16 @_ssdm_op_Read.ap_auto.i16, i16 %REG1_V_5_reload"   --->   Operation 27 'read' 'REG1_V_5_reload_read' <Predicate = true> <Delay = 0.00>
ST_1 : Operation 28 [1/1] (0.00ns)   --->   "%REG2_V_14_reload_read = read i16 @_ssdm_op_Read.ap_auto.i16, i16 %REG2_V_14_reload"   --->   Operation 28 'read' 'REG2_V_14_reload_read' <Predicate = true> <Delay = 0.00>
ST_1 : Operation 29 [1/1] (0.00ns)   --->   "%REG2_V_11_reload_read = read i16 @_ssdm_op_Read.ap_auto.i16, i16 %REG2_V_11_reload"   --->   Operation 29 'read' 'REG2_V_11_reload_read' <Predicate = true> <Delay = 0.00>
ST_1 : Operation 30 [1/1] (0.00ns)   --->   "%REG2_V_9_reload_read = read i16 @_ssdm_op_Read.ap_auto.i16, i16 %REG2_V_9_reload"   --->   Operation 30 'read' 'REG2_V_9_reload_read' <Predicate = true> <Delay = 0.00>
ST_1 : Operation 31 [1/1] (0.00ns)   --->   "%REG2_V_7_reload_read = read i16 @_ssdm_op_Read.ap_auto.i16, i16 %REG2_V_7_reload"   --->   Operation 31 'read' 'REG2_V_7_reload_read' <Predicate = true> <Delay = 0.00>
ST_1 : Operation 32 [1/1] (0.00ns)   --->   "%REG1_V_14_reload_read = read i16 @_ssdm_op_Read.ap_auto.i16, i16 %REG1_V_14_reload"   --->   Operation 32 'read' 'REG1_V_14_reload_read' <Predicate = true> <Delay = 0.00>
ST_1 : Operation 33 [1/1] (0.00ns)   --->   "%REG1_V_11_reload_read = read i16 @_ssdm_op_Read.ap_auto.i16, i16 %REG1_V_11_reload"   --->   Operation 33 'read' 'REG1_V_11_reload_read' <Predicate = true> <Delay = 0.00>
ST_1 : Operation 34 [1/1] (0.00ns)   --->   "%REG1_V_9_reload_read = read i16 @_ssdm_op_Read.ap_auto.i16, i16 %REG1_V_9_reload"   --->   Operation 34 'read' 'REG1_V_9_reload_read' <Predicate = true> <Delay = 0.00>
ST_1 : Operation 35 [1/1] (0.00ns)   --->   "%REG1_V_7_reload_read = read i16 @_ssdm_op_Read.ap_auto.i16, i16 %REG1_V_7_reload"   --->   Operation 35 'read' 'REG1_V_7_reload_read' <Predicate = true> <Delay = 0.00>
ST_1 : Operation 36 [1/1] (0.00ns)   --->   "%REG2_V_1_reload_read = read i16 @_ssdm_op_Read.ap_auto.i16, i16 %REG2_V_1_reload"   --->   Operation 36 'read' 'REG2_V_1_reload_read' <Predicate = true> <Delay = 0.00>
ST_1 : Operation 37 [1/1] (0.00ns)   --->   "%REG2_V_2_reload_read = read i16 @_ssdm_op_Read.ap_auto.i16, i16 %REG2_V_2_reload"   --->   Operation 37 'read' 'REG2_V_2_reload_read' <Predicate = true> <Delay = 0.00>
ST_1 : Operation 38 [1/1] (0.00ns)   --->   "%REG2_V_4_reload_read = read i16 @_ssdm_op_Read.ap_auto.i16, i16 %REG2_V_4_reload"   --->   Operation 38 'read' 'REG2_V_4_reload_read' <Predicate = true> <Delay = 0.00>
ST_1 : Operation 39 [1/1] (0.00ns)   --->   "%REG2_V_6_reload_read = read i16 @_ssdm_op_Read.ap_auto.i16, i16 %REG2_V_6_reload"   --->   Operation 39 'read' 'REG2_V_6_reload_read' <Predicate = true> <Delay = 0.00>
ST_1 : Operation 40 [1/1] (0.00ns)   --->   "%REG1_V_1_reload_read = read i16 @_ssdm_op_Read.ap_auto.i16, i16 %REG1_V_1_reload"   --->   Operation 40 'read' 'REG1_V_1_reload_read' <Predicate = true> <Delay = 0.00>
ST_1 : Operation 41 [1/1] (0.00ns)   --->   "%REG1_V_2_reload_read = read i16 @_ssdm_op_Read.ap_auto.i16, i16 %REG1_V_2_reload"   --->   Operation 41 'read' 'REG1_V_2_reload_read' <Predicate = true> <Delay = 0.00>
ST_1 : Operation 42 [1/1] (0.00ns)   --->   "%REG1_V_4_reload_read = read i16 @_ssdm_op_Read.ap_auto.i16, i16 %REG1_V_4_reload"   --->   Operation 42 'read' 'REG1_V_4_reload_read' <Predicate = true> <Delay = 0.00>
ST_1 : Operation 43 [1/1] (0.00ns)   --->   "%REG1_V_6_reload_read = read i16 @_ssdm_op_Read.ap_auto.i16, i16 %REG1_V_6_reload"   --->   Operation 43 'read' 'REG1_V_6_reload_read' <Predicate = true> <Delay = 0.00>
ST_1 : Operation 44 [1/1] (0.42ns)   --->   "%store_ln0 = store i5 0, i5 %indvar_flatten13"   --->   Operation 44 'store' 'store_ln0' <Predicate = true> <Delay = 0.42>
ST_1 : Operation 45 [1/1] (0.42ns)   --->   "%store_ln0 = store i3 0, i3 %i"   --->   Operation 45 'store' 'store_ln0' <Predicate = true> <Delay = 0.42>
ST_1 : Operation 46 [1/1] (0.42ns)   --->   "%store_ln0 = store i3 0, i3 %com"   --->   Operation 46 'store' 'store_ln0' <Predicate = true> <Delay = 0.42>
ST_1 : Operation 47 [1/1] (0.00ns)   --->   "%br_ln0 = br void %VITIS_LOOP_71_6"   --->   Operation 47 'br' 'br_ln0' <Predicate = true> <Delay = 0.00>
ST_1 : Operation 48 [1/1] (0.00ns)   --->   "%indvar_flatten13_load = load i5 %indvar_flatten13" [Compute_block_slave/Compute_slave.cpp:68]   --->   Operation 48 'load' 'indvar_flatten13_load' <Predicate = true> <Delay = 0.00>
ST_1 : Operation 49 [1/1] (0.00ns)   --->   "%specpipeline_ln0 = specpipeline void @_ssdm_op_SpecPipeline, i32 4294967295, i32 0, i32 1, i32 0, void @p_str"   --->   Operation 49 'specpipeline' 'specpipeline_ln0' <Predicate = true> <Delay = 0.00>
ST_1 : Operation 50 [1/1] (0.75ns)   --->   "%icmp_ln68 = icmp_eq  i5 %indvar_flatten13_load, i5 16" [Compute_block_slave/Compute_slave.cpp:68]   --->   Operation 50 'icmp' 'icmp_ln68' <Predicate = true> <Delay = 0.75> <CoreInst = "Cmp">   --->   Core 9 'Cmp' <Latency = 0> <II = 1> <Delay = 0.78> <FuncUnit> <Opcode : 'icmp'> <InPorts = 2> <OutPorts = 1>
ST_1 : Operation 51 [1/1] (0.78ns)   --->   "%add_ln68 = add i5 %indvar_flatten13_load, i5 1" [Compute_block_slave/Compute_slave.cpp:68]   --->   Operation 51 'add' 'add_ln68' <Predicate = true> <Delay = 0.78> <CoreInst = "Adder">   --->   Core 1 'Adder' <Latency = 0> <II = 1> <Delay = 0.78> <FuncUnit> <Opcode : 'add' 'sub'> <InPorts = 2> <OutPorts = 1>
ST_1 : Operation 52 [1/1] (0.00ns)   --->   "%br_ln68 = br i1 %icmp_ln68, void %for.inc108, void %for.end110.exitStub" [Compute_block_slave/Compute_slave.cpp:68]   --->   Operation 52 'br' 'br_ln68' <Predicate = true> <Delay = 0.00>
ST_1 : Operation 53 [1/1] (0.00ns)   --->   "%com_load = load i3 %com" [Compute_block_slave/Compute_slave.cpp:69]   --->   Operation 53 'load' 'com_load' <Predicate = (!icmp_ln68)> <Delay = 0.00>
ST_1 : Operation 54 [1/1] (0.00ns)   --->   "%i_load = load i3 %i" [Compute_block_slave/Compute_slave.cpp:68]   --->   Operation 54 'load' 'i_load' <Predicate = (!icmp_ln68)> <Delay = 0.00>
ST_1 : Operation 55 [1/1] (0.58ns)   --->   "%icmp_ln69 = icmp_eq  i3 %com_load, i3 4" [Compute_block_slave/Compute_slave.cpp:69]   --->   Operation 55 'icmp' 'icmp_ln69' <Predicate = (!icmp_ln68)> <Delay = 0.58> <CoreInst = "Cmp">   --->   Core 9 'Cmp' <Latency = 0> <II = 1> <Delay = 0.72> <FuncUnit> <Opcode : 'icmp'> <InPorts = 2> <OutPorts = 1>
ST_1 : Operation 56 [1/1] (0.20ns)   --->   "%select_ln68 = select i1 %icmp_ln69, i3 0, i3 %com_load" [Compute_block_slave/Compute_slave.cpp:68]   --->   Operation 56 'select' 'select_ln68' <Predicate = (!icmp_ln68)> <Delay = 0.20> <CoreInst = "Sel">   --->   Core 73 'Sel' <Latency = 0> <II = 1> <Delay = 0.20> <FuncUnit> <Opcode : 'select'> <InPorts = 3> <OutPorts = 1>
ST_1 : Operation 57 [1/1] (0.67ns)   --->   "%add_ln68_1 = add i3 %i_load, i3 1" [Compute_block_slave/Compute_slave.cpp:68]   --->   Operation 57 'add' 'add_ln68_1' <Predicate = (!icmp_ln68)> <Delay = 0.67> <CoreInst = "Adder">   --->   Core 1 'Adder' <Latency = 0> <II = 1> <Delay = 0.67> <FuncUnit> <Opcode : 'add' 'sub'> <InPorts = 2> <OutPorts = 1>
ST_1 : Operation 58 [1/1] (0.20ns)   --->   "%select_ln68_1 = select i1 %icmp_ln69, i3 %add_ln68_1, i3 %i_load" [Compute_block_slave/Compute_slave.cpp:68]   --->   Operation 58 'select' 'select_ln68_1' <Predicate = (!icmp_ln68)> <Delay = 0.20> <CoreInst = "Sel">   --->   Core 73 'Sel' <Latency = 0> <II = 1> <Delay = 0.20> <FuncUnit> <Opcode : 'select'> <InPorts = 3> <OutPorts = 1>
ST_1 : Operation 59 [1/1] (0.00ns)   --->   "%trunc_ln68 = trunc i3 %select_ln68_1" [Compute_block_slave/Compute_slave.cpp:68]   --->   Operation 59 'trunc' 'trunc_ln68' <Predicate = (!icmp_ln68)> <Delay = 0.00>
ST_1 : Operation 60 [1/1] (0.00ns)   --->   "%empty_12 = trunc i3 %select_ln68" [Compute_block_slave/Compute_slave.cpp:68]   --->   Operation 60 'trunc' 'empty_12' <Predicate = (!icmp_ln68)> <Delay = 0.00>
ST_1 : Operation 61 [1/1] (0.52ns)   --->   "%tmp_7_1 = mux i16 @_ssdm_op_Mux.ap_auto.4i16.i2, i16 %REG1_V_7_reload_read, i16 %REG1_V_9_reload_read, i16 %REG1_V_11_reload_read, i16 %REG1_V_14_reload_read, i2 %trunc_ln68"   --->   Operation 61 'mux' 'tmp_7_1' <Predicate = (!icmp_ln68)> <Delay = 0.52> <CoreInst = "Multiplexer">   --->   Core 76 'Multiplexer' <Latency = 0> <II = 1> <Delay = 0.52> <FuncUnit> <Opcode : 'mux'> <InPorts = 2> <OutPorts = 1>
ST_1 : Operation 62 [1/1] (0.00ns)   --->   "%zext_ln186_2 = zext i16 %tmp_7_1"   --->   Operation 62 'zext' 'zext_ln186_2' <Predicate = (!icmp_ln68)> <Delay = 0.00>
ST_1 : Operation 63 [1/1] (0.52ns)   --->   "%tmp_2_1 = mux i16 @_ssdm_op_Mux.ap_auto.4i16.i2, i16 %REG2_V_7_reload_read, i16 %REG2_V_9_reload_read, i16 %REG2_V_11_reload_read, i16 %REG2_V_14_reload_read, i2 %empty_12"   --->   Operation 63 'mux' 'tmp_2_1' <Predicate = (!icmp_ln68)> <Delay = 0.52> <CoreInst = "Multiplexer">   --->   Core 76 'Multiplexer' <Latency = 0> <II = 1> <Delay = 0.52> <FuncUnit> <Opcode : 'mux'> <InPorts = 2> <OutPorts = 1>
ST_1 : Operation 64 [1/1] (0.00ns)   --->   "%zext_ln186_3 = zext i16 %tmp_2_1"   --->   Operation 64 'zext' 'zext_ln186_3' <Predicate = (!icmp_ln68)> <Delay = 0.00>
ST_1 : Operation 65 [4/4] (0.53ns) (root node of the DSP)   --->   "%mul_ln1494_1 = mul i32 %zext_ln186_3, i32 %zext_ln186_2"   --->   Operation 65 'mul' 'mul_ln1494_1' <Predicate = (!icmp_ln68)> <Delay = 0.53> <CoreInst = "DSP48">   --->   Core 127 'DSP48' <Latency = 3> <II = 1> <Delay = 0.53> <IPBlock> <Opcode : 'mul' 'add' 'sub' 'select'> <InPorts = 0> <OutPorts = 1> <Sync> <CReg>
ST_1 : Operation 66 [1/1] (0.52ns)   --->   "%tmp_7_2 = mux i16 @_ssdm_op_Mux.ap_auto.4i16.i2, i16 %REG1_V_5_reload_read, i16 %REG1_V_3_reload_read, i16 %REG1_V_12_reload_read, i16 %REG1_V_reload_read, i2 %trunc_ln68"   --->   Operation 66 'mux' 'tmp_7_2' <Predicate = (!icmp_ln68)> <Delay = 0.52> <CoreInst = "Multiplexer">   --->   Core 76 'Multiplexer' <Latency = 0> <II = 1> <Delay = 0.52> <FuncUnit> <Opcode : 'mux'> <InPorts = 2> <OutPorts = 1>
ST_1 : Operation 67 [1/1] (0.00ns)   --->   "%zext_ln186_4 = zext i16 %tmp_7_2"   --->   Operation 67 'zext' 'zext_ln186_4' <Predicate = (!icmp_ln68)> <Delay = 0.00>
ST_1 : Operation 68 [1/1] (0.52ns)   --->   "%tmp_2_2 = mux i16 @_ssdm_op_Mux.ap_auto.4i16.i2, i16 %REG2_V_5_reload_read, i16 %REG2_V_3_reload_read, i16 %REG2_V_12_reload_read, i16 %REG2_V_reload_read, i2 %empty_12"   --->   Operation 68 'mux' 'tmp_2_2' <Predicate = (!icmp_ln68)> <Delay = 0.52> <CoreInst = "Multiplexer">   --->   Core 76 'Multiplexer' <Latency = 0> <II = 1> <Delay = 0.52> <FuncUnit> <Opcode : 'mux'> <InPorts = 2> <OutPorts = 1>
ST_1 : Operation 69 [1/1] (0.00ns)   --->   "%zext_ln186_5 = zext i16 %tmp_2_2"   --->   Operation 69 'zext' 'zext_ln186_5' <Predicate = (!icmp_ln68)> <Delay = 0.00>
ST_1 : Operation 70 [4/4] (0.53ns) (root node of the DSP)   --->   "%mul_ln1494_2 = mul i32 %zext_ln186_5, i32 %zext_ln186_4"   --->   Operation 70 'mul' 'mul_ln1494_2' <Predicate = (!icmp_ln68)> <Delay = 0.53> <CoreInst = "DSP48">   --->   Core 127 'DSP48' <Latency = 3> <II = 1> <Delay = 0.53> <IPBlock> <Opcode : 'mul' 'add' 'sub' 'select'> <InPorts = 0> <OutPorts = 1> <Sync> <CReg>
ST_1 : Operation 71 [1/1] (0.67ns)   --->   "%add_ln69 = add i3 %select_ln68, i3 1" [Compute_block_slave/Compute_slave.cpp:69]   --->   Operation 71 'add' 'add_ln69' <Predicate = (!icmp_ln68)> <Delay = 0.67> <CoreInst = "Adder">   --->   Core 1 'Adder' <Latency = 0> <II = 1> <Delay = 0.67> <FuncUnit> <Opcode : 'add' 'sub'> <InPorts = 2> <OutPorts = 1>
ST_1 : Operation 72 [1/1] (0.42ns)   --->   "%store_ln69 = store i5 %add_ln68, i5 %indvar_flatten13" [Compute_block_slave/Compute_slave.cpp:69]   --->   Operation 72 'store' 'store_ln69' <Predicate = (!icmp_ln68)> <Delay = 0.42>
ST_1 : Operation 73 [1/1] (0.42ns)   --->   "%store_ln69 = store i3 %select_ln68_1, i3 %i" [Compute_block_slave/Compute_slave.cpp:69]   --->   Operation 73 'store' 'store_ln69' <Predicate = (!icmp_ln68)> <Delay = 0.42>
ST_1 : Operation 74 [1/1] (0.42ns)   --->   "%store_ln69 = store i3 %add_ln69, i3 %com" [Compute_block_slave/Compute_slave.cpp:69]   --->   Operation 74 'store' 'store_ln69' <Predicate = (!icmp_ln68)> <Delay = 0.42>

State 2 <SV = 1> <Delay = 1.52>
ST_2 : Operation 75 [1/1] (0.52ns)   --->   "%tmp_7 = mux i16 @_ssdm_op_Mux.ap_auto.4i16.i2, i16 %REG1_V_6_reload_read, i16 %REG1_V_4_reload_read, i16 %REG1_V_2_reload_read, i16 %REG1_V_1_reload_read, i2 %trunc_ln68"   --->   Operation 75 'mux' 'tmp_7' <Predicate = true> <Delay = 0.52> <CoreInst = "Multiplexer">   --->   Core 76 'Multiplexer' <Latency = 0> <II = 1> <Delay = 0.52> <FuncUnit> <Opcode : 'mux'> <InPorts = 2> <OutPorts = 1>
ST_2 : Operation 76 [1/1] (0.00ns)   --->   "%zext_ln186 = zext i16 %tmp_7"   --->   Operation 76 'zext' 'zext_ln186' <Predicate = true> <Delay = 0.00>
ST_2 : Operation 77 [1/1] (0.52ns)   --->   "%tmp_2 = mux i16 @_ssdm_op_Mux.ap_auto.4i16.i2, i16 %REG2_V_6_reload_read, i16 %REG2_V_4_reload_read, i16 %REG2_V_2_reload_read, i16 %REG2_V_1_reload_read, i2 %empty_12"   --->   Operation 77 'mux' 'tmp_2' <Predicate = true> <Delay = 0.52> <CoreInst = "Multiplexer">   --->   Core 76 'Multiplexer' <Latency = 0> <II = 1> <Delay = 0.52> <FuncUnit> <Opcode : 'mux'> <InPorts = 2> <OutPorts = 1>
ST_2 : Operation 78 [1/1] (0.00ns)   --->   "%zext_ln186_1 = zext i16 %tmp_2"   --->   Operation 78 'zext' 'zext_ln186_1' <Predicate = true> <Delay = 0.00>
ST_2 : Operation 79 [3/3] (0.99ns) (grouped into DSP with root node add_ln74)   --->   "%mul_ln1494 = mul i32 %zext_ln186_1, i32 %zext_ln186"   --->   Operation 79 'mul' 'mul_ln1494' <Predicate = true> <Delay = 0.99> <CoreInst = "DSP48">   --->   Core 127 'DSP48' <Latency = 3> <II = 1> <Delay = 0.53> <IPBlock> <Opcode : 'mul' 'add' 'sub' 'select'> <InPorts = 0> <OutPorts = 1> <Sync> <CReg>
ST_2 : Operation 80 [3/4] (0.53ns) (root node of the DSP)   --->   "%mul_ln1494_1 = mul i32 %zext_ln186_3, i32 %zext_ln186_2"   --->   Operation 80 'mul' 'mul_ln1494_1' <Predicate = true> <Delay = 0.53> <CoreInst = "DSP48">   --->   Core 127 'DSP48' <Latency = 3> <II = 1> <Delay = 0.53> <IPBlock> <Opcode : 'mul' 'add' 'sub' 'select'> <InPorts = 0> <OutPorts = 1> <Sync> <CReg>
ST_2 : Operation 81 [3/4] (0.53ns) (root node of the DSP)   --->   "%mul_ln1494_2 = mul i32 %zext_ln186_5, i32 %zext_ln186_4"   --->   Operation 81 'mul' 'mul_ln1494_2' <Predicate = true> <Delay = 0.53> <CoreInst = "DSP48">   --->   Core 127 'DSP48' <Latency = 3> <II = 1> <Delay = 0.53> <IPBlock> <Opcode : 'mul' 'add' 'sub' 'select'> <InPorts = 0> <OutPorts = 1> <Sync> <CReg>
ST_2 : Operation 82 [1/1] (0.52ns)   --->   "%tmp_7_3 = mux i16 @_ssdm_op_Mux.ap_auto.4i16.i2, i16 %REG1_V_8_reload_read, i16 %REG1_V_10_reload_read, i16 %REG1_V_13_reload_read, i16 %REG1_V_15_reload_read, i2 %trunc_ln68"   --->   Operation 82 'mux' 'tmp_7_3' <Predicate = true> <Delay = 0.52> <CoreInst = "Multiplexer">   --->   Core 76 'Multiplexer' <Latency = 0> <II = 1> <Delay = 0.52> <FuncUnit> <Opcode : 'mux'> <InPorts = 2> <OutPorts = 1>
ST_2 : Operation 83 [1/1] (0.00ns)   --->   "%zext_ln186_6 = zext i16 %tmp_7_3"   --->   Operation 83 'zext' 'zext_ln186_6' <Predicate = true> <Delay = 0.00>
ST_2 : Operation 84 [1/1] (0.52ns)   --->   "%tmp_2_3 = mux i16 @_ssdm_op_Mux.ap_auto.4i16.i2, i16 %REG2_V_8_reload_read, i16 %REG2_V_10_reload_read, i16 %REG2_V_13_reload_read, i16 %REG2_V_15_reload_read, i2 %empty_12"   --->   Operation 84 'mux' 'tmp_2_3' <Predicate = true> <Delay = 0.52> <CoreInst = "Multiplexer">   --->   Core 76 'Multiplexer' <Latency = 0> <II = 1> <Delay = 0.52> <FuncUnit> <Opcode : 'mux'> <InPorts = 2> <OutPorts = 1>
ST_2 : Operation 85 [1/1] (0.00ns)   --->   "%zext_ln186_7 = zext i16 %tmp_2_3"   --->   Operation 85 'zext' 'zext_ln186_7' <Predicate = true> <Delay = 0.00>
ST_2 : Operation 86 [3/3] (0.99ns) (grouped into DSP with root node add_ln74_1)   --->   "%mul_ln1494_3 = mul i32 %zext_ln186_7, i32 %zext_ln186_6"   --->   Operation 86 'mul' 'mul_ln1494_3' <Predicate = true> <Delay = 0.99> <CoreInst = "DSP48">   --->   Core 127 'DSP48' <Latency = 3> <II = 1> <Delay = 0.53> <IPBlock> <Opcode : 'mul' 'add' 'sub' 'select'> <InPorts = 0> <OutPorts = 1> <Sync> <CReg>

State 3 <SV = 2> <Delay = 0.99>
ST_3 : Operation 87 [2/3] (0.99ns) (grouped into DSP with root node add_ln74)   --->   "%mul_ln1494 = mul i32 %zext_ln186_1, i32 %zext_ln186"   --->   Operation 87 'mul' 'mul_ln1494' <Predicate = true> <Delay = 0.99> <CoreInst = "DSP48">   --->   Core 127 'DSP48' <Latency = 3> <II = 1> <Delay = 0.53> <IPBlock> <Opcode : 'mul' 'add' 'sub' 'select'> <InPorts = 0> <OutPorts = 1> <Sync> <CReg>
ST_3 : Operation 88 [2/4] (0.53ns) (root node of the DSP)   --->   "%mul_ln1494_1 = mul i32 %zext_ln186_3, i32 %zext_ln186_2"   --->   Operation 88 'mul' 'mul_ln1494_1' <Predicate = true> <Delay = 0.53> <CoreInst = "DSP48">   --->   Core 127 'DSP48' <Latency = 3> <II = 1> <Delay = 0.53> <IPBlock> <Opcode : 'mul' 'add' 'sub' 'select'> <InPorts = 0> <OutPorts = 1> <Sync> <CReg>
ST_3 : Operation 89 [2/4] (0.53ns) (root node of the DSP)   --->   "%mul_ln1494_2 = mul i32 %zext_ln186_5, i32 %zext_ln186_4"   --->   Operation 89 'mul' 'mul_ln1494_2' <Predicate = true> <Delay = 0.53> <CoreInst = "DSP48">   --->   Core 127 'DSP48' <Latency = 3> <II = 1> <Delay = 0.53> <IPBlock> <Opcode : 'mul' 'add' 'sub' 'select'> <InPorts = 0> <OutPorts = 1> <Sync> <CReg>
ST_3 : Operation 90 [2/3] (0.99ns) (grouped into DSP with root node add_ln74_1)   --->   "%mul_ln1494_3 = mul i32 %zext_ln186_7, i32 %zext_ln186_6"   --->   Operation 90 'mul' 'mul_ln1494_3' <Predicate = true> <Delay = 0.99> <CoreInst = "DSP48">   --->   Core 127 'DSP48' <Latency = 3> <II = 1> <Delay = 0.53> <IPBlock> <Opcode : 'mul' 'add' 'sub' 'select'> <InPorts = 0> <OutPorts = 1> <Sync> <CReg>

State 4 <SV = 3> <Delay = 0.64>
ST_4 : Operation 91 [1/3] (0.00ns) (grouped into DSP with root node add_ln74)   --->   "%mul_ln1494 = mul i32 %zext_ln186_1, i32 %zext_ln186"   --->   Operation 91 'mul' 'mul_ln1494' <Predicate = true> <Delay = 0.00> <CoreInst = "DSP48">   --->   Core 127 'DSP48' <Latency = 3> <II = 1> <Delay = 0.53> <IPBlock> <Opcode : 'mul' 'add' 'sub' 'select'> <InPorts = 0> <OutPorts = 1> <Sync> <CReg>
ST_4 : Operation 92 [1/4] (0.00ns) (root node of the DSP)   --->   "%mul_ln1494_1 = mul i32 %zext_ln186_3, i32 %zext_ln186_2"   --->   Operation 92 'mul' 'mul_ln1494_1' <Predicate = true> <Delay = 0.00> <CoreInst = "DSP48">   --->   Core 127 'DSP48' <Latency = 3> <II = 1> <Delay = 0.53> <IPBlock> <Opcode : 'mul' 'add' 'sub' 'select'> <InPorts = 0> <OutPorts = 1> <Sync> <CReg>
ST_4 : Operation 93 [1/4] (0.00ns) (root node of the DSP)   --->   "%mul_ln1494_2 = mul i32 %zext_ln186_5, i32 %zext_ln186_4"   --->   Operation 93 'mul' 'mul_ln1494_2' <Predicate = true> <Delay = 0.00> <CoreInst = "DSP48">   --->   Core 127 'DSP48' <Latency = 3> <II = 1> <Delay = 0.53> <IPBlock> <Opcode : 'mul' 'add' 'sub' 'select'> <InPorts = 0> <OutPorts = 1> <Sync> <CReg>
ST_4 : Operation 94 [1/3] (0.00ns) (grouped into DSP with root node add_ln74_1)   --->   "%mul_ln1494_3 = mul i32 %zext_ln186_7, i32 %zext_ln186_6"   --->   Operation 94 'mul' 'mul_ln1494_3' <Predicate = true> <Delay = 0.00> <CoreInst = "DSP48">   --->   Core 127 'DSP48' <Latency = 3> <II = 1> <Delay = 0.53> <IPBlock> <Opcode : 'mul' 'add' 'sub' 'select'> <InPorts = 0> <OutPorts = 1> <Sync> <CReg>
ST_4 : Operation 95 [2/2] (0.64ns) (root node of the DSP)   --->   "%add_ln74 = add i32 %mul_ln1494_1, i32 %mul_ln1494" [Compute_block_slave/Compute_slave.cpp:74]   --->   Operation 95 'add' 'add_ln74' <Predicate = true> <Delay = 0.64> <CoreInst = "DSP48">   --->   Core 127 'DSP48' <Latency = 3> <II = 1> <Delay = 0.53> <IPBlock> <Opcode : 'mul' 'add' 'sub' 'select'> <InPorts = 0> <OutPorts = 1> <Sync> <CReg>
ST_4 : Operation 96 [2/2] (0.64ns) (root node of the DSP)   --->   "%add_ln74_1 = add i32 %mul_ln1494_2, i32 %mul_ln1494_3" [Compute_block_slave/Compute_slave.cpp:74]   --->   Operation 96 'add' 'add_ln74_1' <Predicate = true> <Delay = 0.64> <CoreInst = "DSP48">   --->   Core 127 'DSP48' <Latency = 3> <II = 1> <Delay = 0.53> <IPBlock> <Opcode : 'mul' 'add' 'sub' 'select'> <InPorts = 0> <OutPorts = 1> <Sync> <CReg>
ST_4 : Operation 109 [1/1] (0.00ns)   --->   "%ret_ln0 = ret"   --->   Operation 109 'ret' 'ret_ln0' <Predicate = (icmp_ln68)> <Delay = 0.00>

State 5 <SV = 4> <Delay = 2.33>
ST_5 : Operation 97 [1/1] (0.00ns)   --->   "%specloopname_ln0 = specloopname void @_ssdm_op_SpecLoopName, void @compute_rows_VITIS_LOOP_69_5_str"   --->   Operation 97 'specloopname' 'specloopname_ln0' <Predicate = true> <Delay = 0.00>
ST_5 : Operation 98 [1/1] (0.00ns)   --->   "%empty = speclooptripcount i32 @_ssdm_op_SpecLoopTripCount, i64 16, i64 16, i64 16"   --->   Operation 98 'speclooptripcount' 'empty' <Predicate = true> <Delay = 0.00>
ST_5 : Operation 99 [1/1] (0.00ns)   --->   "%specpipeline_ln0 = specpipeline void @_ssdm_op_SpecPipeline, i32 4294967295, i32 0, i32 1, i32 0, void @p_str"   --->   Operation 99 'specpipeline' 'specpipeline_ln0' <Predicate = true> <Delay = 0.00>
ST_5 : Operation 100 [1/1] (0.00ns)   --->   "%specloopname_ln70 = specloopname void @_ssdm_op_SpecLoopName, void @empty_4" [Compute_block_slave/Compute_slave.cpp:70]   --->   Operation 100 'specloopname' 'specloopname_ln70' <Predicate = true> <Delay = 0.00>
ST_5 : Operation 101 [1/2] (0.64ns) (root node of the DSP)   --->   "%add_ln74 = add i32 %mul_ln1494_1, i32 %mul_ln1494" [Compute_block_slave/Compute_slave.cpp:74]   --->   Operation 101 'add' 'add_ln74' <Predicate = true> <Delay = 0.64> <CoreInst = "DSP48">   --->   Core 127 'DSP48' <Latency = 3> <II = 1> <Delay = 0.53> <IPBlock> <Opcode : 'mul' 'add' 'sub' 'select'> <InPorts = 0> <OutPorts = 1> <Sync> <CReg>
ST_5 : Operation 102 [1/2] (0.64ns) (root node of the DSP)   --->   "%add_ln74_1 = add i32 %mul_ln1494_2, i32 %mul_ln1494_3" [Compute_block_slave/Compute_slave.cpp:74]   --->   Operation 102 'add' 'add_ln74_1' <Predicate = true> <Delay = 0.64> <CoreInst = "DSP48">   --->   Core 127 'DSP48' <Latency = 3> <II = 1> <Delay = 0.53> <IPBlock> <Opcode : 'mul' 'add' 'sub' 'select'> <InPorts = 0> <OutPorts = 1> <Sync> <CReg>
ST_5 : Operation 103 [1/1] (1.01ns)   --->   "%add_ln74_2 = add i32 %add_ln74_1, i32 %add_ln74" [Compute_block_slave/Compute_slave.cpp:74]   --->   Operation 103 'add' 'add_ln74_2' <Predicate = true> <Delay = 1.01> <CoreInst = "Adder">   --->   Core 1 'Adder' <Latency = 0> <II = 1> <Delay = 1.01> <FuncUnit> <Opcode : 'add' 'sub'> <InPorts = 2> <OutPorts = 1>
ST_5 : Operation 104 [1/1] (0.00ns)   --->   "%add_ln74_3 = bitconcatenate i4 @_ssdm_op_BitConcatenate.i4.i2.i2, i2 %trunc_ln68, i2 %empty_12" [Compute_block_slave/Compute_slave.cpp:74]   --->   Operation 104 'bitconcatenate' 'add_ln74_3' <Predicate = true> <Delay = 0.00>
ST_5 : Operation 105 [1/1] (0.00ns)   --->   "%zext_ln74 = zext i4 %add_ln74_3" [Compute_block_slave/Compute_slave.cpp:74]   --->   Operation 105 'zext' 'zext_ln74' <Predicate = true> <Delay = 0.00>
ST_5 : Operation 106 [1/1] (0.00ns)   --->   "%result_out_addr = getelementptr i32 %result_out, i64 0, i64 %zext_ln74" [Compute_block_slave/Compute_slave.cpp:74]   --->   Operation 106 'getelementptr' 'result_out_addr' <Predicate = true> <Delay = 0.00>
ST_5 : Operation 107 [1/1] (0.67ns)   --->   "%store_ln74 = store i32 %add_ln74_2, i4 %result_out_addr" [Compute_block_slave/Compute_slave.cpp:74]   --->   Operation 107 'store' 'store_ln74' <Predicate = true> <Delay = 0.67> <CoreInst = "RAM">   --->   Core 83 'RAM' <Latency = 1> <II = 1> <Delay = 0.67> <Storage> <Opcode : 'load' 'store'> <Ports = 2> <Width = 32> <Depth = 16> <RAM>
ST_5 : Operation 108 [1/1] (0.00ns)   --->   "%br_ln69 = br void %VITIS_LOOP_71_6" [Compute_block_slave/Compute_slave.cpp:69]   --->   Operation 108 'br' 'br_ln69' <Predicate = true> <Delay = 0.00>


============================================================
+ Verbose Summary: Binding
============================================================
STG Binding: 
---------------- STG Properties BEGIN ----------------
- Is combinational: 0
- Is one-state seq: 0
- Is datapath-only: 0
- Is pipelined: 0
- Is top level: 0
Port [ Return ] is wired: 1; IO mode=ap_ctrl_hs:ce=0
Port [ REG1_V_6_reload]:  wired=1; compound=0; hidden=0; nouse=0; global=0; static=0; extern=0; dir=0; type=0; pingpong=0; private_global=0; IO mode=ap_none:ce=0
Port [ REG1_V_4_reload]:  wired=1; compound=0; hidden=0; nouse=0; global=0; static=0; extern=0; dir=0; type=0; pingpong=0; private_global=0; IO mode=ap_none:ce=0
Port [ REG1_V_2_reload]:  wired=1; compound=0; hidden=0; nouse=0; global=0; static=0; extern=0; dir=0; type=0; pingpong=0; private_global=0; IO mode=ap_none:ce=0
Port [ REG1_V_1_reload]:  wired=1; compound=0; hidden=0; nouse=0; global=0; static=0; extern=0; dir=0; type=0; pingpong=0; private_global=0; IO mode=ap_none:ce=0
Port [ REG2_V_6_reload]:  wired=1; compound=0; hidden=0; nouse=0; global=0; static=0; extern=0; dir=0; type=0; pingpong=0; private_global=0; IO mode=ap_none:ce=0
Port [ REG2_V_4_reload]:  wired=1; compound=0; hidden=0; nouse=0; global=0; static=0; extern=0; dir=0; type=0; pingpong=0; private_global=0; IO mode=ap_none:ce=0
Port [ REG2_V_2_reload]:  wired=1; compound=0; hidden=0; nouse=0; global=0; static=0; extern=0; dir=0; type=0; pingpong=0; private_global=0; IO mode=ap_none:ce=0
Port [ REG2_V_1_reload]:  wired=1; compound=0; hidden=0; nouse=0; global=0; static=0; extern=0; dir=0; type=0; pingpong=0; private_global=0; IO mode=ap_none:ce=0
Port [ REG1_V_7_reload]:  wired=1; compound=0; hidden=0; nouse=0; global=0; static=0; extern=0; dir=0; type=0; pingpong=0; private_global=0; IO mode=ap_none:ce=0
Port [ REG1_V_9_reload]:  wired=1; compound=0; hidden=0; nouse=0; global=0; static=0; extern=0; dir=0; type=0; pingpong=0; private_global=0; IO mode=ap_none:ce=0
Port [ REG1_V_11_reload]:  wired=1; compound=0; hidden=0; nouse=0; global=0; static=0; extern=0; dir=0; type=0; pingpong=0; private_global=0; IO mode=ap_none:ce=0
Port [ REG1_V_14_reload]:  wired=1; compound=0; hidden=0; nouse=0; global=0; static=0; extern=0; dir=0; type=0; pingpong=0; private_global=0; IO mode=ap_none:ce=0
Port [ REG2_V_7_reload]:  wired=1; compound=0; hidden=0; nouse=0; global=0; static=0; extern=0; dir=0; type=0; pingpong=0; private_global=0; IO mode=ap_none:ce=0
Port [ REG2_V_9_reload]:  wired=1; compound=0; hidden=0; nouse=0; global=0; static=0; extern=0; dir=0; type=0; pingpong=0; private_global=0; IO mode=ap_none:ce=0
Port [ REG2_V_11_reload]:  wired=1; compound=0; hidden=0; nouse=0; global=0; static=0; extern=0; dir=0; type=0; pingpong=0; private_global=0; IO mode=ap_none:ce=0
Port [ REG2_V_14_reload]:  wired=1; compound=0; hidden=0; nouse=0; global=0; static=0; extern=0; dir=0; type=0; pingpong=0; private_global=0; IO mode=ap_none:ce=0
Port [ REG1_V_5_reload]:  wired=1; compound=0; hidden=0; nouse=0; global=0; static=0; extern=0; dir=0; type=0; pingpong=0; private_global=0; IO mode=ap_none:ce=0
Port [ REG1_V_3_reload]:  wired=1; compound=0; hidden=0; nouse=0; global=0; static=0; extern=0; dir=0; type=0; pingpong=0; private_global=0; IO mode=ap_none:ce=0
Port [ REG1_V_12_reload]:  wired=1; compound=0; hidden=0; nouse=0; global=0; static=0; extern=0; dir=0; type=0; pingpong=0; private_global=0; IO mode=ap_none:ce=0
Port [ REG1_V_reload]:  wired=1; compound=0; hidden=0; nouse=0; global=0; static=0; extern=0; dir=0; type=0; pingpong=0; private_global=0; IO mode=ap_none:ce=0
Port [ REG2_V_5_reload]:  wired=1; compound=0; hidden=0; nouse=0; global=0; static=0; extern=0; dir=0; type=0; pingpong=0; private_global=0; IO mode=ap_none:ce=0
Port [ REG2_V_3_reload]:  wired=1; compound=0; hidden=0; nouse=0; global=0; static=0; extern=0; dir=0; type=0; pingpong=0; private_global=0; IO mode=ap_none:ce=0
Port [ REG2_V_12_reload]:  wired=1; compound=0; hidden=0; nouse=0; global=0; static=0; extern=0; dir=0; type=0; pingpong=0; private_global=0; IO mode=ap_none:ce=0
Port [ REG2_V_reload]:  wired=1; compound=0; hidden=0; nouse=0; global=0; static=0; extern=0; dir=0; type=0; pingpong=0; private_global=0; IO mode=ap_none:ce=0
Port [ REG1_V_8_reload]:  wired=1; compound=0; hidden=0; nouse=0; global=0; static=0; extern=0; dir=0; type=0; pingpong=0; private_global=0; IO mode=ap_none:ce=0
Port [ REG1_V_10_reload]:  wired=1; compound=0; hidden=0; nouse=0; global=0; static=0; extern=0; dir=0; type=0; pingpong=0; private_global=0; IO mode=ap_none:ce=0
Port [ REG1_V_13_reload]:  wired=1; compound=0; hidden=0; nouse=0; global=0; static=0; extern=0; dir=0; type=0; pingpong=0; private_global=0; IO mode=ap_none:ce=0
Port [ REG1_V_15_reload]:  wired=1; compound=0; hidden=0; nouse=0; global=0; static=0; extern=0; dir=0; type=0; pingpong=0; private_global=0; IO mode=ap_none:ce=0
Port [ REG2_V_8_reload]:  wired=1; compound=0; hidden=0; nouse=0; global=0; static=0; extern=0; dir=0; type=0; pingpong=0; private_global=0; IO mode=ap_none:ce=0
Port [ REG2_V_10_reload]:  wired=1; compound=0; hidden=0; nouse=0; global=0; static=0; extern=0; dir=0; type=0; pingpong=0; private_global=0; IO mode=ap_none:ce=0
Port [ REG2_V_13_reload]:  wired=1; compound=0; hidden=0; nouse=0; global=0; static=0; extern=0; dir=0; type=0; pingpong=0; private_global=0; IO mode=ap_none:ce=0
Port [ REG2_V_15_reload]:  wired=1; compound=0; hidden=0; nouse=0; global=0; static=0; extern=0; dir=0; type=0; pingpong=0; private_global=0; IO mode=ap_none:ce=0
Port [ result_out]:  wired=1; compound=1; hidden=0; nouse=0; global=0; static=0; extern=0; dir=1; type=1; pingpong=0; private_global=0; MemPort=[03]; IO mode=ap_memory:ce=0
---------------- STG Properties END ------------------

---------------- Datapath Model BEGIN ----------------

<LifeTime>
<method=bitvector/>
com                   (alloca           ) [ 010000]
i                     (alloca           ) [ 010000]
indvar_flatten13      (alloca           ) [ 010000]
specinterface_ln0     (specinterface    ) [ 000000]
REG2_V_15_reload_read (read             ) [ 011000]
REG2_V_13_reload_read (read             ) [ 011000]
REG2_V_10_reload_read (read             ) [ 011000]
REG2_V_8_reload_read  (read             ) [ 011000]
REG1_V_15_reload_read (read             ) [ 011000]
REG1_V_13_reload_read (read             ) [ 011000]
REG1_V_10_reload_read (read             ) [ 011000]
REG1_V_8_reload_read  (read             ) [ 011000]
REG2_V_reload_read    (read             ) [ 000000]
REG2_V_12_reload_read (read             ) [ 000000]
REG2_V_3_reload_read  (read             ) [ 000000]
REG2_V_5_reload_read  (read             ) [ 000000]
REG1_V_reload_read    (read             ) [ 000000]
REG1_V_12_reload_read (read             ) [ 000000]
REG1_V_3_reload_read  (read             ) [ 000000]
REG1_V_5_reload_read  (read             ) [ 000000]
REG2_V_14_reload_read (read             ) [ 000000]
REG2_V_11_reload_read (read             ) [ 000000]
REG2_V_9_reload_read  (read             ) [ 000000]
REG2_V_7_reload_read  (read             ) [ 000000]
REG1_V_14_reload_read (read             ) [ 000000]
REG1_V_11_reload_read (read             ) [ 000000]
REG1_V_9_reload_read  (read             ) [ 000000]
REG1_V_7_reload_read  (read             ) [ 000000]
REG2_V_1_reload_read  (read             ) [ 011000]
REG2_V_2_reload_read  (read             ) [ 011000]
REG2_V_4_reload_read  (read             ) [ 011000]
REG2_V_6_reload_read  (read             ) [ 011000]
REG1_V_1_reload_read  (read             ) [ 011000]
REG1_V_2_reload_read  (read             ) [ 011000]
REG1_V_4_reload_read  (read             ) [ 011000]
REG1_V_6_reload_read  (read             ) [ 011000]
store_ln0             (store            ) [ 000000]
store_ln0             (store            ) [ 000000]
store_ln0             (store            ) [ 000000]
br_ln0                (br               ) [ 000000]
indvar_flatten13_load (load             ) [ 000000]
specpipeline_ln0      (specpipeline     ) [ 000000]
icmp_ln68             (icmp             ) [ 011110]
add_ln68              (add              ) [ 000000]
br_ln68               (br               ) [ 000000]
com_load              (load             ) [ 000000]
i_load                (load             ) [ 000000]
icmp_ln69             (icmp             ) [ 000000]
select_ln68           (select           ) [ 000000]
add_ln68_1            (add              ) [ 000000]
select_ln68_1         (select           ) [ 000000]
trunc_ln68            (trunc            ) [ 011111]
empty_12              (trunc            ) [ 011111]
tmp_7_1               (mux              ) [ 000000]
zext_ln186_2          (zext             ) [ 011110]
tmp_2_1               (mux              ) [ 000000]
zext_ln186_3          (zext             ) [ 011110]
tmp_7_2               (mux              ) [ 000000]
zext_ln186_4          (zext             ) [ 011110]
tmp_2_2               (mux              ) [ 000000]
zext_ln186_5          (zext             ) [ 011110]
add_ln69              (add              ) [ 000000]
store_ln69            (store            ) [ 000000]
store_ln69            (store            ) [ 000000]
store_ln69            (store            ) [ 000000]
tmp_7                 (mux              ) [ 000000]
zext_ln186            (zext             ) [ 010110]
tmp_2                 (mux              ) [ 000000]
zext_ln186_1          (zext             ) [ 010110]
tmp_7_3               (mux              ) [ 000000]
zext_ln186_6          (zext             ) [ 010110]
tmp_2_3               (mux              ) [ 000000]
zext_ln186_7          (zext             ) [ 010110]
mul_ln1494            (mul              ) [ 010001]
mul_ln1494_1          (mul              ) [ 010001]
mul_ln1494_2          (mul              ) [ 010001]
mul_ln1494_3          (mul              ) [ 010001]
specloopname_ln0      (specloopname     ) [ 000000]
empty                 (speclooptripcount) [ 000000]
specpipeline_ln0      (specpipeline     ) [ 000000]
specloopname_ln70     (specloopname     ) [ 000000]
add_ln74              (add              ) [ 000000]
add_ln74_1            (add              ) [ 000000]
add_ln74_2            (add              ) [ 000000]
add_ln74_3            (bitconcatenate   ) [ 000000]
zext_ln74             (zext             ) [ 000000]
result_out_addr       (getelementptr    ) [ 000000]
store_ln74            (store            ) [ 000000]
br_ln69               (br               ) [ 000000]
ret_ln0               (ret              ) [ 000000]
</LifeTime>

<model>

<comp_list>
<comp id="0" class="1000" name="REG1_V_6_reload">
<pin_list>
<pin id="1" dir="1" index="0" bw="1" slack="0"/>
</pin_list>
<bind>
<StgValue><ssdm name="REG1_V_6_reload"/></StgValue>
</bind>
</comp>

<comp id="2" class="1000" name="REG1_V_4_reload">
<pin_list>
<pin id="3" dir="1" index="0" bw="1" slack="0"/>
</pin_list>
<bind>
<StgValue><ssdm name="REG1_V_4_reload"/></StgValue>
</bind>
</comp>

<comp id="4" class="1000" name="REG1_V_2_reload">
<pin_list>
<pin id="5" dir="1" index="0" bw="1" slack="0"/>
</pin_list>
<bind>
<StgValue><ssdm name="REG1_V_2_reload"/></StgValue>
</bind>
</comp>

<comp id="6" class="1000" name="REG1_V_1_reload">
<pin_list>
<pin id="7" dir="1" index="0" bw="1" slack="0"/>
</pin_list>
<bind>
<StgValue><ssdm name="REG1_V_1_reload"/></StgValue>
</bind>
</comp>

<comp id="8" class="1000" name="REG2_V_6_reload">
<pin_list>
<pin id="9" dir="1" index="0" bw="1" slack="0"/>
</pin_list>
<bind>
<StgValue><ssdm name="REG2_V_6_reload"/></StgValue>
</bind>
</comp>

<comp id="10" class="1000" name="REG2_V_4_reload">
<pin_list>
<pin id="11" dir="1" index="0" bw="1" slack="0"/>
</pin_list>
<bind>
<StgValue><ssdm name="REG2_V_4_reload"/></StgValue>
</bind>
</comp>

<comp id="12" class="1000" name="REG2_V_2_reload">
<pin_list>
<pin id="13" dir="1" index="0" bw="1" slack="0"/>
</pin_list>
<bind>
<StgValue><ssdm name="REG2_V_2_reload"/></StgValue>
</bind>
</comp>

<comp id="14" class="1000" name="REG2_V_1_reload">
<pin_list>
<pin id="15" dir="1" index="0" bw="1" slack="0"/>
</pin_list>
<bind>
<StgValue><ssdm name="REG2_V_1_reload"/></StgValue>
</bind>
</comp>

<comp id="16" class="1000" name="REG1_V_7_reload">
<pin_list>
<pin id="17" dir="1" index="0" bw="1" slack="0"/>
</pin_list>
<bind>
<StgValue><ssdm name="REG1_V_7_reload"/></StgValue>
</bind>
</comp>

<comp id="18" class="1000" name="REG1_V_9_reload">
<pin_list>
<pin id="19" dir="1" index="0" bw="1" slack="0"/>
</pin_list>
<bind>
<StgValue><ssdm name="REG1_V_9_reload"/></StgValue>
</bind>
</comp>

<comp id="20" class="1000" name="REG1_V_11_reload">
<pin_list>
<pin id="21" dir="1" index="0" bw="1" slack="0"/>
</pin_list>
<bind>
<StgValue><ssdm name="REG1_V_11_reload"/></StgValue>
</bind>
</comp>

<comp id="22" class="1000" name="REG1_V_14_reload">
<pin_list>
<pin id="23" dir="1" index="0" bw="1" slack="0"/>
</pin_list>
<bind>
<StgValue><ssdm name="REG1_V_14_reload"/></StgValue>
</bind>
</comp>

<comp id="24" class="1000" name="REG2_V_7_reload">
<pin_list>
<pin id="25" dir="1" index="0" bw="1" slack="0"/>
</pin_list>
<bind>
<StgValue><ssdm name="REG2_V_7_reload"/></StgValue>
</bind>
</comp>

<comp id="26" class="1000" name="REG2_V_9_reload">
<pin_list>
<pin id="27" dir="1" index="0" bw="1" slack="0"/>
</pin_list>
<bind>
<StgValue><ssdm name="REG2_V_9_reload"/></StgValue>
</bind>
</comp>

<comp id="28" class="1000" name="REG2_V_11_reload">
<pin_list>
<pin id="29" dir="1" index="0" bw="1" slack="0"/>
</pin_list>
<bind>
<StgValue><ssdm name="REG2_V_11_reload"/></StgValue>
</bind>
</comp>

<comp id="30" class="1000" name="REG2_V_14_reload">
<pin_list>
<pin id="31" dir="1" index="0" bw="1" slack="0"/>
</pin_list>
<bind>
<StgValue><ssdm name="REG2_V_14_reload"/></StgValue>
</bind>
</comp>

<comp id="32" class="1000" name="REG1_V_5_reload">
<pin_list>
<pin id="33" dir="1" index="0" bw="1" slack="0"/>
</pin_list>
<bind>
<StgValue><ssdm name="REG1_V_5_reload"/></StgValue>
</bind>
</comp>

<comp id="34" class="1000" name="REG1_V_3_reload">
<pin_list>
<pin id="35" dir="1" index="0" bw="1" slack="0"/>
</pin_list>
<bind>
<StgValue><ssdm name="REG1_V_3_reload"/></StgValue>
</bind>
</comp>

<comp id="36" class="1000" name="REG1_V_12_reload">
<pin_list>
<pin id="37" dir="1" index="0" bw="1" slack="0"/>
</pin_list>
<bind>
<StgValue><ssdm name="REG1_V_12_reload"/></StgValue>
</bind>
</comp>

<comp id="38" class="1000" name="REG1_V_reload">
<pin_list>
<pin id="39" dir="1" index="0" bw="1" slack="0"/>
</pin_list>
<bind>
<StgValue><ssdm name="REG1_V_reload"/></StgValue>
</bind>
</comp>

<comp id="40" class="1000" name="REG2_V_5_reload">
<pin_list>
<pin id="41" dir="1" index="0" bw="1" slack="0"/>
</pin_list>
<bind>
<StgValue><ssdm name="REG2_V_5_reload"/></StgValue>
</bind>
</comp>

<comp id="42" class="1000" name="REG2_V_3_reload">
<pin_list>
<pin id="43" dir="1" index="0" bw="1" slack="0"/>
</pin_list>
<bind>
<StgValue><ssdm name="REG2_V_3_reload"/></StgValue>
</bind>
</comp>

<comp id="44" class="1000" name="REG2_V_12_reload">
<pin_list>
<pin id="45" dir="1" index="0" bw="1" slack="0"/>
</pin_list>
<bind>
<StgValue><ssdm name="REG2_V_12_reload"/></StgValue>
</bind>
</comp>

<comp id="46" class="1000" name="REG2_V_reload">
<pin_list>
<pin id="47" dir="1" index="0" bw="1" slack="0"/>
</pin_list>
<bind>
<StgValue><ssdm name="REG2_V_reload"/></StgValue>
</bind>
</comp>

<comp id="48" class="1000" name="REG1_V_8_reload">
<pin_list>
<pin id="49" dir="1" index="0" bw="1" slack="0"/>
</pin_list>
<bind>
<StgValue><ssdm name="REG1_V_8_reload"/></StgValue>
</bind>
</comp>

<comp id="50" class="1000" name="REG1_V_10_reload">
<pin_list>
<pin id="51" dir="1" index="0" bw="1" slack="0"/>
</pin_list>
<bind>
<StgValue><ssdm name="REG1_V_10_reload"/></StgValue>
</bind>
</comp>

<comp id="52" class="1000" name="REG1_V_13_reload">
<pin_list>
<pin id="53" dir="1" index="0" bw="1" slack="0"/>
</pin_list>
<bind>
<StgValue><ssdm name="REG1_V_13_reload"/></StgValue>
</bind>
</comp>

<comp id="54" class="1000" name="REG1_V_15_reload">
<pin_list>
<pin id="55" dir="1" index="0" bw="1" slack="0"/>
</pin_list>
<bind>
<StgValue><ssdm name="REG1_V_15_reload"/></StgValue>
</bind>
</comp>

<comp id="56" class="1000" name="REG2_V_8_reload">
<pin_list>
<pin id="57" dir="1" index="0" bw="1" slack="0"/>
</pin_list>
<bind>
<StgValue><ssdm name="REG2_V_8_reload"/></StgValue>
</bind>
</comp>

<comp id="58" class="1000" name="REG2_V_10_reload">
<pin_list>
<pin id="59" dir="1" index="0" bw="1" slack="0"/>
</pin_list>
<bind>
<StgValue><ssdm name="REG2_V_10_reload"/></StgValue>
</bind>
</comp>

<comp id="60" class="1000" name="REG2_V_13_reload">
<pin_list>
<pin id="61" dir="1" index="0" bw="1" slack="0"/>
</pin_list>
<bind>
<StgValue><ssdm name="REG2_V_13_reload"/></StgValue>
</bind>
</comp>

<comp id="62" class="1000" name="REG2_V_15_reload">
<pin_list>
<pin id="63" dir="1" index="0" bw="1" slack="0"/>
</pin_list>
<bind>
<StgValue><ssdm name="REG2_V_15_reload"/></StgValue>
</bind>
</comp>

<comp id="64" class="1000" name="result_out">
<pin_list>
<pin id="65" dir="1" index="0" bw="1" slack="0"/>
</pin_list>
<bind>
<StgValue><ssdm name="result_out"/><MemPortTyVec>0 3 </MemPortTyVec>
</StgValue>
</bind>
</comp>

<comp id="66" class="1001" name="const_66">
<pin_list>
<pin id="67" dir="1" index="0" bw="1" slack="0"/>
</pin_list>
<bind>
<StgValue><ssdm name=""/></StgValue>
</bind>
</comp>

<comp id="68" class="1001" name="const_68">
<pin_list>
<pin id="69" dir="1" index="0" bw="1" slack="2147483647"/>
</pin_list>
<bind>
<StgValue><ssdm name="_ssdm_op_SpecInterface"/></StgValue>
</bind>
</comp>

<comp id="70" class="1001" name="const_70">
<pin_list>
<pin id="71" dir="1" index="0" bw="1" slack="2147483647"/>
</pin_list>
<bind>
<StgValue><ssdm name="empty_1"/></StgValue>
</bind>
</comp>

<comp id="72" class="1001" name="const_72">
<pin_list>
<pin id="73" dir="1" index="0" bw="1" slack="2147483647"/>
</pin_list>
<bind>
<StgValue><ssdm name=""/></StgValue>
</bind>
</comp>

<comp id="74" class="1001" name="const_74">
<pin_list>
<pin id="75" dir="1" index="0" bw="1" slack="2147483647"/>
</pin_list>
<bind>
<StgValue><ssdm name="empty"/></StgValue>
</bind>
</comp>

<comp id="76" class="1001" name="const_76">
<pin_list>
<pin id="77" dir="1" index="0" bw="1" slack="2147483647"/>
</pin_list>
<bind>
<StgValue><ssdm name=""/></StgValue>
</bind>
</comp>

<comp id="78" class="1001" name="const_78">
<pin_list>
<pin id="79" dir="1" index="0" bw="1" slack="0"/>
</pin_list>
<bind>
<StgValue><ssdm name="_ssdm_op_Read.ap_auto.i16"/></StgValue>
</bind>
</comp>

<comp id="80" class="1001" name="const_80">
<pin_list>
<pin id="81" dir="1" index="0" bw="1" slack="0"/>
</pin_list>
<bind>
<StgValue><ssdm name=""/></StgValue>
</bind>
</comp>

<comp id="82" class="1001" name="const_82">
<pin_list>
<pin id="83" dir="1" index="0" bw="1" slack="0"/>
</pin_list>
<bind>
<StgValue><ssdm name=""/></StgValue>
</bind>
</comp>

<comp id="84" class="1001" name="const_84">
<pin_list>
<pin id="85" dir="1" index="0" bw="1" slack="2147483647"/>
</pin_list>
<bind>
<StgValue><ssdm name="_ssdm_op_SpecPipeline"/></StgValue>
</bind>
</comp>

<comp id="86" class="1001" name="const_86">
<pin_list>
<pin id="87" dir="1" index="0" bw="1" slack="2147483647"/>
</pin_list>
<bind>
<StgValue><ssdm name="p_str"/></StgValue>
</bind>
</comp>

<comp id="88" class="1001" name="const_88">
<pin_list>
<pin id="89" dir="1" index="0" bw="1" slack="0"/>
</pin_list>
<bind>
<StgValue><ssdm name=""/></StgValue>
</bind>
</comp>

<comp id="90" class="1001" name="const_90">
<pin_list>
<pin id="91" dir="1" index="0" bw="1" slack="0"/>
</pin_list>
<bind>
<StgValue><ssdm name=""/></StgValue>
</bind>
</comp>

<comp id="92" class="1001" name="const_92">
<pin_list>
<pin id="93" dir="1" index="0" bw="1" slack="0"/>
</pin_list>
<bind>
<StgValue><ssdm name=""/></StgValue>
</bind>
</comp>

<comp id="94" class="1001" name="const_94">
<pin_list>
<pin id="95" dir="1" index="0" bw="1" slack="0"/>
</pin_list>
<bind>
<StgValue><ssdm name=""/></StgValue>
</bind>
</comp>

<comp id="96" class="1001" name="const_96">
<pin_list>
<pin id="97" dir="1" index="0" bw="1" slack="0"/>
</pin_list>
<bind>
<StgValue><ssdm name="_ssdm_op_Mux.ap_auto.4i16.i2"/></StgValue>
</bind>
</comp>

<comp id="98" class="1001" name="const_98">
<pin_list>
<pin id="99" dir="1" index="0" bw="1" slack="2147483647"/>
</pin_list>
<bind>
<StgValue><ssdm name="_ssdm_op_SpecLoopName"/></StgValue>
</bind>
</comp>

<comp id="100" class="1001" name="const_100">
<pin_list>
<pin id="101" dir="1" index="0" bw="1" slack="2147483647"/>
</pin_list>
<bind>
<StgValue><ssdm name="compute_rows_VITIS_LOOP_69_5_str"/></StgValue>
</bind>
</comp>

<comp id="102" class="1001" name="const_102">
<pin_list>
<pin id="103" dir="1" index="0" bw="1" slack="2147483647"/>
</pin_list>
<bind>
<StgValue><ssdm name="_ssdm_op_SpecLoopTripCount"/></StgValue>
</bind>
</comp>

<comp id="104" class="1001" name="const_104">
<pin_list>
<pin id="105" dir="1" index="0" bw="1" slack="2147483647"/>
</pin_list>
<bind>
<StgValue><ssdm name=""/></StgValue>
</bind>
</comp>

<comp id="106" class="1001" name="const_106">
<pin_list>
<pin id="107" dir="1" index="0" bw="1" slack="2147483647"/>
</pin_list>
<bind>
<StgValue><ssdm name="empty_4"/></StgValue>
</bind>
</comp>

<comp id="108" class="1001" name="const_108">
<pin_list>
<pin id="109" dir="1" index="0" bw="1" slack="0"/>
</pin_list>
<bind>
<StgValue><ssdm name="_ssdm_op_BitConcatenate.i4.i2.i2"/></StgValue>
</bind>
</comp>

<comp id="110" class="1001" name="const_110">
<pin_list>
<pin id="111" dir="1" index="0" bw="1" slack="0"/>
</pin_list>
<bind>
<StgValue><ssdm name=""/></StgValue>
</bind>
</comp>

<comp id="112" class="1004" name="com_fu_112">
<pin_list>
<pin id="113" dir="0" index="0" bw="1" slack="0"/>
<pin id="114" dir="1" index="1" bw="3" slack="0"/>
</pin_list>
<bind>
<opcode="alloca(26) " fcode="alloca"/>
<opset="com/1 "/>
</bind>
</comp>

<comp id="116" class="1004" name="i_fu_116">
<pin_list>
<pin id="117" dir="0" index="0" bw="1" slack="0"/>
<pin id="118" dir="1" index="1" bw="3" slack="0"/>
</pin_list>
<bind>
<opcode="alloca(26) " fcode="alloca"/>
<opset="i/1 "/>
</bind>
</comp>

<comp id="120" class="1004" name="indvar_flatten13_fu_120">
<pin_list>
<pin id="121" dir="0" index="0" bw="1" slack="0"/>
<pin id="122" dir="1" index="1" bw="5" slack="0"/>
</pin_list>
<bind>
<opcode="alloca(26) " fcode="alloca"/>
<opset="indvar_flatten13/1 "/>
</bind>
</comp>

<comp id="124" class="1004" name="REG2_V_15_reload_read_read_fu_124">
<pin_list>
<pin id="125" dir="0" index="0" bw="16" slack="0"/>
<pin id="126" dir="0" index="1" bw="16" slack="0"/>
<pin id="127" dir="1" index="2" bw="16" slack="1"/>
</pin_list>
<bind>
<opcode="read(1150) " fcode="read"/>
<opset="REG2_V_15_reload_read/1 "/>
</bind>
</comp>

<comp id="130" class="1004" name="REG2_V_13_reload_read_read_fu_130">
<pin_list>
<pin id="131" dir="0" index="0" bw="16" slack="0"/>
<pin id="132" dir="0" index="1" bw="16" slack="0"/>
<pin id="133" dir="1" index="2" bw="16" slack="1"/>
</pin_list>
<bind>
<opcode="read(1150) " fcode="read"/>
<opset="REG2_V_13_reload_read/1 "/>
</bind>
</comp>

<comp id="136" class="1004" name="REG2_V_10_reload_read_read_fu_136">
<pin_list>
<pin id="137" dir="0" index="0" bw="16" slack="0"/>
<pin id="138" dir="0" index="1" bw="16" slack="0"/>
<pin id="139" dir="1" index="2" bw="16" slack="1"/>
</pin_list>
<bind>
<opcode="read(1150) " fcode="read"/>
<opset="REG2_V_10_reload_read/1 "/>
</bind>
</comp>

<comp id="142" class="1004" name="REG2_V_8_reload_read_read_fu_142">
<pin_list>
<pin id="143" dir="0" index="0" bw="16" slack="0"/>
<pin id="144" dir="0" index="1" bw="16" slack="0"/>
<pin id="145" dir="1" index="2" bw="16" slack="1"/>
</pin_list>
<bind>
<opcode="read(1150) " fcode="read"/>
<opset="REG2_V_8_reload_read/1 "/>
</bind>
</comp>

<comp id="148" class="1004" name="REG1_V_15_reload_read_read_fu_148">
<pin_list>
<pin id="149" dir="0" index="0" bw="16" slack="0"/>
<pin id="150" dir="0" index="1" bw="16" slack="0"/>
<pin id="151" dir="1" index="2" bw="16" slack="1"/>
</pin_list>
<bind>
<opcode="read(1150) " fcode="read"/>
<opset="REG1_V_15_reload_read/1 "/>
</bind>
</comp>

<comp id="154" class="1004" name="REG1_V_13_reload_read_read_fu_154">
<pin_list>
<pin id="155" dir="0" index="0" bw="16" slack="0"/>
<pin id="156" dir="0" index="1" bw="16" slack="0"/>
<pin id="157" dir="1" index="2" bw="16" slack="1"/>
</pin_list>
<bind>
<opcode="read(1150) " fcode="read"/>
<opset="REG1_V_13_reload_read/1 "/>
</bind>
</comp>

<comp id="160" class="1004" name="REG1_V_10_reload_read_read_fu_160">
<pin_list>
<pin id="161" dir="0" index="0" bw="16" slack="0"/>
<pin id="162" dir="0" index="1" bw="16" slack="0"/>
<pin id="163" dir="1" index="2" bw="16" slack="1"/>
</pin_list>
<bind>
<opcode="read(1150) " fcode="read"/>
<opset="REG1_V_10_reload_read/1 "/>
</bind>
</comp>

<comp id="166" class="1004" name="REG1_V_8_reload_read_read_fu_166">
<pin_list>
<pin id="167" dir="0" index="0" bw="16" slack="0"/>
<pin id="168" dir="0" index="1" bw="16" slack="0"/>
<pin id="169" dir="1" index="2" bw="16" slack="1"/>
</pin_list>
<bind>
<opcode="read(1150) " fcode="read"/>
<opset="REG1_V_8_reload_read/1 "/>
</bind>
</comp>

<comp id="172" class="1004" name="REG2_V_reload_read_read_fu_172">
<pin_list>
<pin id="173" dir="0" index="0" bw="16" slack="0"/>
<pin id="174" dir="0" index="1" bw="16" slack="0"/>
<pin id="175" dir="1" index="2" bw="16" slack="0"/>
</pin_list>
<bind>
<opcode="read(1150) " fcode="read"/>
<opset="REG2_V_reload_read/1 "/>
</bind>
</comp>

<comp id="178" class="1004" name="REG2_V_12_reload_read_read_fu_178">
<pin_list>
<pin id="179" dir="0" index="0" bw="16" slack="0"/>
<pin id="180" dir="0" index="1" bw="16" slack="0"/>
<pin id="181" dir="1" index="2" bw="16" slack="0"/>
</pin_list>
<bind>
<opcode="read(1150) " fcode="read"/>
<opset="REG2_V_12_reload_read/1 "/>
</bind>
</comp>

<comp id="184" class="1004" name="REG2_V_3_reload_read_read_fu_184">
<pin_list>
<pin id="185" dir="0" index="0" bw="16" slack="0"/>
<pin id="186" dir="0" index="1" bw="16" slack="0"/>
<pin id="187" dir="1" index="2" bw="16" slack="0"/>
</pin_list>
<bind>
<opcode="read(1150) " fcode="read"/>
<opset="REG2_V_3_reload_read/1 "/>
</bind>
</comp>

<comp id="190" class="1004" name="REG2_V_5_reload_read_read_fu_190">
<pin_list>
<pin id="191" dir="0" index="0" bw="16" slack="0"/>
<pin id="192" dir="0" index="1" bw="16" slack="0"/>
<pin id="193" dir="1" index="2" bw="16" slack="0"/>
</pin_list>
<bind>
<opcode="read(1150) " fcode="read"/>
<opset="REG2_V_5_reload_read/1 "/>
</bind>
</comp>

<comp id="196" class="1004" name="REG1_V_reload_read_read_fu_196">
<pin_list>
<pin id="197" dir="0" index="0" bw="16" slack="0"/>
<pin id="198" dir="0" index="1" bw="16" slack="0"/>
<pin id="199" dir="1" index="2" bw="16" slack="0"/>
</pin_list>
<bind>
<opcode="read(1150) " fcode="read"/>
<opset="REG1_V_reload_read/1 "/>
</bind>
</comp>

<comp id="202" class="1004" name="REG1_V_12_reload_read_read_fu_202">
<pin_list>
<pin id="203" dir="0" index="0" bw="16" slack="0"/>
<pin id="204" dir="0" index="1" bw="16" slack="0"/>
<pin id="205" dir="1" index="2" bw="16" slack="0"/>
</pin_list>
<bind>
<opcode="read(1150) " fcode="read"/>
<opset="REG1_V_12_reload_read/1 "/>
</bind>
</comp>

<comp id="208" class="1004" name="REG1_V_3_reload_read_read_fu_208">
<pin_list>
<pin id="209" dir="0" index="0" bw="16" slack="0"/>
<pin id="210" dir="0" index="1" bw="16" slack="0"/>
<pin id="211" dir="1" index="2" bw="16" slack="0"/>
</pin_list>
<bind>
<opcode="read(1150) " fcode="read"/>
<opset="REG1_V_3_reload_read/1 "/>
</bind>
</comp>

<comp id="214" class="1004" name="REG1_V_5_reload_read_read_fu_214">
<pin_list>
<pin id="215" dir="0" index="0" bw="16" slack="0"/>
<pin id="216" dir="0" index="1" bw="16" slack="0"/>
<pin id="217" dir="1" index="2" bw="16" slack="0"/>
</pin_list>
<bind>
<opcode="read(1150) " fcode="read"/>
<opset="REG1_V_5_reload_read/1 "/>
</bind>
</comp>

<comp id="220" class="1004" name="REG2_V_14_reload_read_read_fu_220">
<pin_list>
<pin id="221" dir="0" index="0" bw="16" slack="0"/>
<pin id="222" dir="0" index="1" bw="16" slack="0"/>
<pin id="223" dir="1" index="2" bw="16" slack="0"/>
</pin_list>
<bind>
<opcode="read(1150) " fcode="read"/>
<opset="REG2_V_14_reload_read/1 "/>
</bind>
</comp>

<comp id="226" class="1004" name="REG2_V_11_reload_read_read_fu_226">
<pin_list>
<pin id="227" dir="0" index="0" bw="16" slack="0"/>
<pin id="228" dir="0" index="1" bw="16" slack="0"/>
<pin id="229" dir="1" index="2" bw="16" slack="0"/>
</pin_list>
<bind>
<opcode="read(1150) " fcode="read"/>
<opset="REG2_V_11_reload_read/1 "/>
</bind>
</comp>

<comp id="232" class="1004" name="REG2_V_9_reload_read_read_fu_232">
<pin_list>
<pin id="233" dir="0" index="0" bw="16" slack="0"/>
<pin id="234" dir="0" index="1" bw="16" slack="0"/>
<pin id="235" dir="1" index="2" bw="16" slack="0"/>
</pin_list>
<bind>
<opcode="read(1150) " fcode="read"/>
<opset="REG2_V_9_reload_read/1 "/>
</bind>
</comp>

<comp id="238" class="1004" name="REG2_V_7_reload_read_read_fu_238">
<pin_list>
<pin id="239" dir="0" index="0" bw="16" slack="0"/>
<pin id="240" dir="0" index="1" bw="16" slack="0"/>
<pin id="241" dir="1" index="2" bw="16" slack="0"/>
</pin_list>
<bind>
<opcode="read(1150) " fcode="read"/>
<opset="REG2_V_7_reload_read/1 "/>
</bind>
</comp>

<comp id="244" class="1004" name="REG1_V_14_reload_read_read_fu_244">
<pin_list>
<pin id="245" dir="0" index="0" bw="16" slack="0"/>
<pin id="246" dir="0" index="1" bw="16" slack="0"/>
<pin id="247" dir="1" index="2" bw="16" slack="0"/>
</pin_list>
<bind>
<opcode="read(1150) " fcode="read"/>
<opset="REG1_V_14_reload_read/1 "/>
</bind>
</comp>

<comp id="250" class="1004" name="REG1_V_11_reload_read_read_fu_250">
<pin_list>
<pin id="251" dir="0" index="0" bw="16" slack="0"/>
<pin id="252" dir="0" index="1" bw="16" slack="0"/>
<pin id="253" dir="1" index="2" bw="16" slack="0"/>
</pin_list>
<bind>
<opcode="read(1150) " fcode="read"/>
<opset="REG1_V_11_reload_read/1 "/>
</bind>
</comp>

<comp id="256" class="1004" name="REG1_V_9_reload_read_read_fu_256">
<pin_list>
<pin id="257" dir="0" index="0" bw="16" slack="0"/>
<pin id="258" dir="0" index="1" bw="16" slack="0"/>
<pin id="259" dir="1" index="2" bw="16" slack="0"/>
</pin_list>
<bind>
<opcode="read(1150) " fcode="read"/>
<opset="REG1_V_9_reload_read/1 "/>
</bind>
</comp>

<comp id="262" class="1004" name="REG1_V_7_reload_read_read_fu_262">
<pin_list>
<pin id="263" dir="0" index="0" bw="16" slack="0"/>
<pin id="264" dir="0" index="1" bw="16" slack="0"/>
<pin id="265" dir="1" index="2" bw="16" slack="0"/>
</pin_list>
<bind>
<opcode="read(1150) " fcode="read"/>
<opset="REG1_V_7_reload_read/1 "/>
</bind>
</comp>

<comp id="268" class="1004" name="REG2_V_1_reload_read_read_fu_268">
<pin_list>
<pin id="269" dir="0" index="0" bw="16" slack="0"/>
<pin id="270" dir="0" index="1" bw="16" slack="0"/>
<pin id="271" dir="1" index="2" bw="16" slack="1"/>
</pin_list>
<bind>
<opcode="read(1150) " fcode="read"/>
<opset="REG2_V_1_reload_read/1 "/>
</bind>
</comp>

<comp id="274" class="1004" name="REG2_V_2_reload_read_read_fu_274">
<pin_list>
<pin id="275" dir="0" index="0" bw="16" slack="0"/>
<pin id="276" dir="0" index="1" bw="16" slack="0"/>
<pin id="277" dir="1" index="2" bw="16" slack="1"/>
</pin_list>
<bind>
<opcode="read(1150) " fcode="read"/>
<opset="REG2_V_2_reload_read/1 "/>
</bind>
</comp>

<comp id="280" class="1004" name="REG2_V_4_reload_read_read_fu_280">
<pin_list>
<pin id="281" dir="0" index="0" bw="16" slack="0"/>
<pin id="282" dir="0" index="1" bw="16" slack="0"/>
<pin id="283" dir="1" index="2" bw="16" slack="1"/>
</pin_list>
<bind>
<opcode="read(1150) " fcode="read"/>
<opset="REG2_V_4_reload_read/1 "/>
</bind>
</comp>

<comp id="286" class="1004" name="REG2_V_6_reload_read_read_fu_286">
<pin_list>
<pin id="287" dir="0" index="0" bw="16" slack="0"/>
<pin id="288" dir="0" index="1" bw="16" slack="0"/>
<pin id="289" dir="1" index="2" bw="16" slack="1"/>
</pin_list>
<bind>
<opcode="read(1150) " fcode="read"/>
<opset="REG2_V_6_reload_read/1 "/>
</bind>
</comp>

<comp id="292" class="1004" name="REG1_V_1_reload_read_read_fu_292">
<pin_list>
<pin id="293" dir="0" index="0" bw="16" slack="0"/>
<pin id="294" dir="0" index="1" bw="16" slack="0"/>
<pin id="295" dir="1" index="2" bw="16" slack="1"/>
</pin_list>
<bind>
<opcode="read(1150) " fcode="read"/>
<opset="REG1_V_1_reload_read/1 "/>
</bind>
</comp>

<comp id="298" class="1004" name="REG1_V_2_reload_read_read_fu_298">
<pin_list>
<pin id="299" dir="0" index="0" bw="16" slack="0"/>
<pin id="300" dir="0" index="1" bw="16" slack="0"/>
<pin id="301" dir="1" index="2" bw="16" slack="1"/>
</pin_list>
<bind>
<opcode="read(1150) " fcode="read"/>
<opset="REG1_V_2_reload_read/1 "/>
</bind>
</comp>

<comp id="304" class="1004" name="REG1_V_4_reload_read_read_fu_304">
<pin_list>
<pin id="305" dir="0" index="0" bw="16" slack="0"/>
<pin id="306" dir="0" index="1" bw="16" slack="0"/>
<pin id="307" dir="1" index="2" bw="16" slack="1"/>
</pin_list>
<bind>
<opcode="read(1150) " fcode="read"/>
<opset="REG1_V_4_reload_read/1 "/>
</bind>
</comp>

<comp id="310" class="1004" name="REG1_V_6_reload_read_read_fu_310">
<pin_list>
<pin id="311" dir="0" index="0" bw="16" slack="0"/>
<pin id="312" dir="0" index="1" bw="16" slack="0"/>
<pin id="313" dir="1" index="2" bw="16" slack="1"/>
</pin_list>
<bind>
<opcode="read(1150) " fcode="read"/>
<opset="REG1_V_6_reload_read/1 "/>
</bind>
</comp>

<comp id="316" class="1004" name="result_out_addr_gep_fu_316">
<pin_list>
<pin id="317" dir="0" index="0" bw="32" slack="0"/>
<pin id="318" dir="0" index="1" bw="1" slack="0"/>
<pin id="319" dir="0" index="2" bw="4" slack="0"/>
<pin id="320" dir="1" index="3" bw="4" slack="0"/>
</pin_list>
<bind>
<opcode="getelementptr(29) " fcode="getelementptr"/>
<opset="result_out_addr/5 "/>
</bind>
</comp>

<comp id="323" class="1004" name="store_ln74_access_fu_323">
<pin_list>
<pin id="324" dir="0" index="0" bw="4" slack="0"/>
<pin id="325" dir="0" index="1" bw="32" slack="0"/>
<pin id="326" dir="0" index="2" bw="0" slack="2147483647"/>
<pin id="327" dir="1" index="3" bw="32" slack="2147483647"/>
</pin_list>
<bind>
<opcode="store(28) " fcode="store"/>
<opset="store_ln74/5 "/>
</bind>
</comp>

<comp id="329" class="1004" name="store_ln0_store_fu_329">
<pin_list>
<pin id="330" dir="0" index="0" bw="1" slack="0"/>
<pin id="331" dir="0" index="1" bw="5" slack="0"/>
<pin id="332" dir="1" index="2" bw="0" slack="2147483647"/>
</pin_list>
<bind>
<opcode="store(28) " fcode="store"/>
<opset="store_ln0/1 "/>
</bind>
</comp>

<comp id="334" class="1004" name="store_ln0_store_fu_334">
<pin_list>
<pin id="335" dir="0" index="0" bw="1" slack="0"/>
<pin id="336" dir="0" index="1" bw="3" slack="0"/>
<pin id="337" dir="1" index="2" bw="0" slack="2147483647"/>
</pin_list>
<bind>
<opcode="store(28) " fcode="store"/>
<opset="store_ln0/1 "/>
</bind>
</comp>

<comp id="339" class="1004" name="store_ln0_store_fu_339">
<pin_list>
<pin id="340" dir="0" index="0" bw="1" slack="0"/>
<pin id="341" dir="0" index="1" bw="3" slack="0"/>
<pin id="342" dir="1" index="2" bw="0" slack="2147483647"/>
</pin_list>
<bind>
<opcode="store(28) " fcode="store"/>
<opset="store_ln0/1 "/>
</bind>
</comp>

<comp id="344" class="1004" name="indvar_flatten13_load_load_fu_344">
<pin_list>
<pin id="345" dir="0" index="0" bw="5" slack="0"/>
<pin id="346" dir="1" index="1" bw="5" slack="0"/>
</pin_list>
<bind>
<opcode="load(27) " fcode="load"/>
<opset="indvar_flatten13_load/1 "/>
</bind>
</comp>

<comp id="347" class="1004" name="icmp_ln68_fu_347">
<pin_list>
<pin id="348" dir="0" index="0" bw="5" slack="0"/>
<pin id="349" dir="0" index="1" bw="5" slack="0"/>
<pin id="350" dir="1" index="2" bw="1" slack="3"/>
</pin_list>
<bind>
<opcode="icmp(45) " fcode="icmp"/>
<opset="icmp_ln68/1 "/>
</bind>
</comp>

<comp id="353" class="1004" name="add_ln68_fu_353">
<pin_list>
<pin id="354" dir="0" index="0" bw="5" slack="0"/>
<pin id="355" dir="0" index="1" bw="1" slack="0"/>
<pin id="356" dir="1" index="2" bw="5" slack="0"/>
</pin_list>
<bind>
<opcode="add(8) " fcode="add"/>
<opset="add_ln68/1 "/>
</bind>
</comp>

<comp id="359" class="1004" name="com_load_load_fu_359">
<pin_list>
<pin id="360" dir="0" index="0" bw="3" slack="0"/>
<pin id="361" dir="1" index="1" bw="3" slack="0"/>
</pin_list>
<bind>
<opcode="load(27) " fcode="load"/>
<opset="com_load/1 "/>
</bind>
</comp>

<comp id="362" class="1004" name="i_load_load_fu_362">
<pin_list>
<pin id="363" dir="0" index="0" bw="3" slack="0"/>
<pin id="364" dir="1" index="1" bw="3" slack="0"/>
</pin_list>
<bind>
<opcode="load(27) " fcode="load"/>
<opset="i_load/1 "/>
</bind>
</comp>

<comp id="365" class="1004" name="icmp_ln69_fu_365">
<pin_list>
<pin id="366" dir="0" index="0" bw="3" slack="0"/>
<pin id="367" dir="0" index="1" bw="3" slack="0"/>
<pin id="368" dir="1" index="2" bw="1" slack="0"/>
</pin_list>
<bind>
<opcode="icmp(45) " fcode="icmp"/>
<opset="icmp_ln69/1 "/>
</bind>
</comp>

<comp id="371" class="1004" name="select_ln68_fu_371">
<pin_list>
<pin id="372" dir="0" index="0" bw="1" slack="0"/>
<pin id="373" dir="0" index="1" bw="3" slack="0"/>
<pin id="374" dir="0" index="2" bw="3" slack="0"/>
<pin id="375" dir="1" index="3" bw="3" slack="0"/>
</pin_list>
<bind>
<opcode="select(49) " fcode="select"/>
<opset="select_ln68/1 "/>
</bind>
</comp>

<comp id="379" class="1004" name="add_ln68_1_fu_379">
<pin_list>
<pin id="380" dir="0" index="0" bw="3" slack="0"/>
<pin id="381" dir="0" index="1" bw="1" slack="0"/>
<pin id="382" dir="1" index="2" bw="3" slack="0"/>
</pin_list>
<bind>
<opcode="add(8) " fcode="add"/>
<opset="add_ln68_1/1 "/>
</bind>
</comp>

<comp id="385" class="1004" name="select_ln68_1_fu_385">
<pin_list>
<pin id="386" dir="0" index="0" bw="1" slack="0"/>
<pin id="387" dir="0" index="1" bw="3" slack="0"/>
<pin id="388" dir="0" index="2" bw="3" slack="0"/>
<pin id="389" dir="1" index="3" bw="3" slack="0"/>
</pin_list>
<bind>
<opcode="select(49) " fcode="select"/>
<opset="select_ln68_1/1 "/>
</bind>
</comp>

<comp id="393" class="1004" name="trunc_ln68_fu_393">
<pin_list>
<pin id="394" dir="0" index="0" bw="3" slack="0"/>
<pin id="395" dir="1" index="1" bw="2" slack="0"/>
</pin_list>
<bind>
<opcode="trunc(33) " fcode="trunc"/>
<opset="trunc_ln68/1 "/>
</bind>
</comp>

<comp id="397" class="1004" name="empty_12_fu_397">
<pin_list>
<pin id="398" dir="0" index="0" bw="3" slack="0"/>
<pin id="399" dir="1" index="1" bw="2" slack="0"/>
</pin_list>
<bind>
<opcode="trunc(33) " fcode="trunc"/>
<opset="empty_12/1 "/>
</bind>
</comp>

<comp id="401" class="1004" name="tmp_7_1_fu_401">
<pin_list>
<pin id="402" dir="0" index="0" bw="16" slack="0"/>
<pin id="403" dir="0" index="1" bw="16" slack="0"/>
<pin id="404" dir="0" index="2" bw="16" slack="0"/>
<pin id="405" dir="0" index="3" bw="16" slack="0"/>
<pin id="406" dir="0" index="4" bw="16" slack="0"/>
<pin id="407" dir="0" index="5" bw="2" slack="0"/>
<pin id="408" dir="1" index="6" bw="16" slack="0"/>
</pin_list>
<bind>
<opcode="mux(1196) " fcode="mux"/>
<opset="tmp_7_1/1 "/>
</bind>
</comp>

<comp id="415" class="1004" name="zext_ln186_2_fu_415">
<pin_list>
<pin id="416" dir="0" index="0" bw="16" slack="0"/>
<pin id="417" dir="1" index="1" bw="32" slack="0"/>
</pin_list>
<bind>
<opcode="zext(34) " fcode="zext"/>
<opset="zext_ln186_2/1 "/>
</bind>
</comp>

<comp id="419" class="1004" name="tmp_2_1_fu_419">
<pin_list>
<pin id="420" dir="0" index="0" bw="16" slack="0"/>
<pin id="421" dir="0" index="1" bw="16" slack="0"/>
<pin id="422" dir="0" index="2" bw="16" slack="0"/>
<pin id="423" dir="0" index="3" bw="16" slack="0"/>
<pin id="424" dir="0" index="4" bw="16" slack="0"/>
<pin id="425" dir="0" index="5" bw="2" slack="0"/>
<pin id="426" dir="1" index="6" bw="16" slack="0"/>
</pin_list>
<bind>
<opcode="mux(1196) " fcode="mux"/>
<opset="tmp_2_1/1 "/>
</bind>
</comp>

<comp id="433" class="1004" name="zext_ln186_3_fu_433">
<pin_list>
<pin id="434" dir="0" index="0" bw="16" slack="0"/>
<pin id="435" dir="1" index="1" bw="32" slack="0"/>
</pin_list>
<bind>
<opcode="zext(34) " fcode="zext"/>
<opset="zext_ln186_3/1 "/>
</bind>
</comp>

<comp id="437" class="1004" name="tmp_7_2_fu_437">
<pin_list>
<pin id="438" dir="0" index="0" bw="16" slack="0"/>
<pin id="439" dir="0" index="1" bw="16" slack="0"/>
<pin id="440" dir="0" index="2" bw="16" slack="0"/>
<pin id="441" dir="0" index="3" bw="16" slack="0"/>
<pin id="442" dir="0" index="4" bw="16" slack="0"/>
<pin id="443" dir="0" index="5" bw="2" slack="0"/>
<pin id="444" dir="1" index="6" bw="16" slack="0"/>
</pin_list>
<bind>
<opcode="mux(1196) " fcode="mux"/>
<opset="tmp_7_2/1 "/>
</bind>
</comp>

<comp id="451" class="1004" name="zext_ln186_4_fu_451">
<pin_list>
<pin id="452" dir="0" index="0" bw="16" slack="0"/>
<pin id="453" dir="1" index="1" bw="32" slack="0"/>
</pin_list>
<bind>
<opcode="zext(34) " fcode="zext"/>
<opset="zext_ln186_4/1 "/>
</bind>
</comp>

<comp id="455" class="1004" name="tmp_2_2_fu_455">
<pin_list>
<pin id="456" dir="0" index="0" bw="16" slack="0"/>
<pin id="457" dir="0" index="1" bw="16" slack="0"/>
<pin id="458" dir="0" index="2" bw="16" slack="0"/>
<pin id="459" dir="0" index="3" bw="16" slack="0"/>
<pin id="460" dir="0" index="4" bw="16" slack="0"/>
<pin id="461" dir="0" index="5" bw="2" slack="0"/>
<pin id="462" dir="1" index="6" bw="16" slack="0"/>
</pin_list>
<bind>
<opcode="mux(1196) " fcode="mux"/>
<opset="tmp_2_2/1 "/>
</bind>
</comp>

<comp id="469" class="1004" name="zext_ln186_5_fu_469">
<pin_list>
<pin id="470" dir="0" index="0" bw="16" slack="0"/>
<pin id="471" dir="1" index="1" bw="32" slack="0"/>
</pin_list>
<bind>
<opcode="zext(34) " fcode="zext"/>
<opset="zext_ln186_5/1 "/>
</bind>
</comp>

<comp id="473" class="1004" name="add_ln69_fu_473">
<pin_list>
<pin id="474" dir="0" index="0" bw="3" slack="0"/>
<pin id="475" dir="0" index="1" bw="1" slack="0"/>
<pin id="476" dir="1" index="2" bw="3" slack="0"/>
</pin_list>
<bind>
<opcode="add(8) " fcode="add"/>
<opset="add_ln69/1 "/>
</bind>
</comp>

<comp id="479" class="1004" name="store_ln69_store_fu_479">
<pin_list>
<pin id="480" dir="0" index="0" bw="5" slack="0"/>
<pin id="481" dir="0" index="1" bw="5" slack="0"/>
<pin id="482" dir="1" index="2" bw="0" slack="2147483647"/>
</pin_list>
<bind>
<opcode="store(28) " fcode="store"/>
<opset="store_ln69/1 "/>
</bind>
</comp>

<comp id="484" class="1004" name="store_ln69_store_fu_484">
<pin_list>
<pin id="485" dir="0" index="0" bw="3" slack="0"/>
<pin id="486" dir="0" index="1" bw="3" slack="0"/>
<pin id="487" dir="1" index="2" bw="0" slack="2147483647"/>
</pin_list>
<bind>
<opcode="store(28) " fcode="store"/>
<opset="store_ln69/1 "/>
</bind>
</comp>

<comp id="489" class="1004" name="store_ln69_store_fu_489">
<pin_list>
<pin id="490" dir="0" index="0" bw="3" slack="0"/>
<pin id="491" dir="0" index="1" bw="3" slack="0"/>
<pin id="492" dir="1" index="2" bw="0" slack="2147483647"/>
</pin_list>
<bind>
<opcode="store(28) " fcode="store"/>
<opset="store_ln69/1 "/>
</bind>
</comp>

<comp id="494" class="1004" name="tmp_7_fu_494">
<pin_list>
<pin id="495" dir="0" index="0" bw="16" slack="0"/>
<pin id="496" dir="0" index="1" bw="16" slack="1"/>
<pin id="497" dir="0" index="2" bw="16" slack="1"/>
<pin id="498" dir="0" index="3" bw="16" slack="1"/>
<pin id="499" dir="0" index="4" bw="16" slack="1"/>
<pin id="500" dir="0" index="5" bw="2" slack="1"/>
<pin id="501" dir="1" index="6" bw="16" slack="0"/>
</pin_list>
<bind>
<opcode="mux(1196) " fcode="mux"/>
<opset="tmp_7/2 "/>
</bind>
</comp>

<comp id="503" class="1004" name="zext_ln186_fu_503">
<pin_list>
<pin id="504" dir="0" index="0" bw="16" slack="0"/>
<pin id="505" dir="1" index="1" bw="32" slack="0"/>
</pin_list>
<bind>
<opcode="zext(34) " fcode="zext"/>
<opset="zext_ln186/2 "/>
</bind>
</comp>

<comp id="507" class="1004" name="tmp_2_fu_507">
<pin_list>
<pin id="508" dir="0" index="0" bw="16" slack="0"/>
<pin id="509" dir="0" index="1" bw="16" slack="1"/>
<pin id="510" dir="0" index="2" bw="16" slack="1"/>
<pin id="511" dir="0" index="3" bw="16" slack="1"/>
<pin id="512" dir="0" index="4" bw="16" slack="1"/>
<pin id="513" dir="0" index="5" bw="2" slack="1"/>
<pin id="514" dir="1" index="6" bw="16" slack="0"/>
</pin_list>
<bind>
<opcode="mux(1196) " fcode="mux"/>
<opset="tmp_2/2 "/>
</bind>
</comp>

<comp id="516" class="1004" name="zext_ln186_1_fu_516">
<pin_list>
<pin id="517" dir="0" index="0" bw="16" slack="0"/>
<pin id="518" dir="1" index="1" bw="32" slack="0"/>
</pin_list>
<bind>
<opcode="zext(34) " fcode="zext"/>
<opset="zext_ln186_1/2 "/>
</bind>
</comp>

<comp id="520" class="1004" name="tmp_7_3_fu_520">
<pin_list>
<pin id="521" dir="0" index="0" bw="16" slack="0"/>
<pin id="522" dir="0" index="1" bw="16" slack="1"/>
<pin id="523" dir="0" index="2" bw="16" slack="1"/>
<pin id="524" dir="0" index="3" bw="16" slack="1"/>
<pin id="525" dir="0" index="4" bw="16" slack="1"/>
<pin id="526" dir="0" index="5" bw="2" slack="1"/>
<pin id="527" dir="1" index="6" bw="16" slack="0"/>
</pin_list>
<bind>
<opcode="mux(1196) " fcode="mux"/>
<opset="tmp_7_3/2 "/>
</bind>
</comp>

<comp id="529" class="1004" name="zext_ln186_6_fu_529">
<pin_list>
<pin id="530" dir="0" index="0" bw="16" slack="0"/>
<pin id="531" dir="1" index="1" bw="32" slack="0"/>
</pin_list>
<bind>
<opcode="zext(34) " fcode="zext"/>
<opset="zext_ln186_6/2 "/>
</bind>
</comp>

<comp id="533" class="1004" name="tmp_2_3_fu_533">
<pin_list>
<pin id="534" dir="0" index="0" bw="16" slack="0"/>
<pin id="535" dir="0" index="1" bw="16" slack="1"/>
<pin id="536" dir="0" index="2" bw="16" slack="1"/>
<pin id="537" dir="0" index="3" bw="16" slack="1"/>
<pin id="538" dir="0" index="4" bw="16" slack="1"/>
<pin id="539" dir="0" index="5" bw="2" slack="1"/>
<pin id="540" dir="1" index="6" bw="16" slack="0"/>
</pin_list>
<bind>
<opcode="mux(1196) " fcode="mux"/>
<opset="tmp_2_3/2 "/>
</bind>
</comp>

<comp id="542" class="1004" name="zext_ln186_7_fu_542">
<pin_list>
<pin id="543" dir="0" index="0" bw="16" slack="0"/>
<pin id="544" dir="1" index="1" bw="32" slack="0"/>
</pin_list>
<bind>
<opcode="zext(34) " fcode="zext"/>
<opset="zext_ln186_7/2 "/>
</bind>
</comp>

<comp id="546" class="1004" name="add_ln74_2_fu_546">
<pin_list>
<pin id="547" dir="0" index="0" bw="32" slack="0"/>
<pin id="548" dir="0" index="1" bw="32" slack="0"/>
<pin id="549" dir="1" index="2" bw="32" slack="0"/>
</pin_list>
<bind>
<opcode="add(8) " fcode="add"/>
<opset="add_ln74_2/5 "/>
</bind>
</comp>

<comp id="551" class="1004" name="add_ln74_3_fu_551">
<pin_list>
<pin id="552" dir="0" index="0" bw="4" slack="0"/>
<pin id="553" dir="0" index="1" bw="2" slack="4"/>
<pin id="554" dir="0" index="2" bw="2" slack="4"/>
<pin id="555" dir="1" index="3" bw="4" slack="0"/>
</pin_list>
<bind>
<opcode="bitconcatenate(1004) " fcode="bitconcatenate"/>
<opset="add_ln74_3/5 "/>
</bind>
</comp>

<comp id="557" class="1004" name="zext_ln74_fu_557">
<pin_list>
<pin id="558" dir="0" index="0" bw="4" slack="0"/>
<pin id="559" dir="1" index="1" bw="64" slack="0"/>
</pin_list>
<bind>
<opcode="zext(34) " fcode="zext"/>
<opset="zext_ln74/5 "/>
</bind>
</comp>

<comp id="562" class="1007" name="grp_fu_562">
<pin_list>
<pin id="563" dir="0" index="0" bw="16" slack="0"/>
<pin id="564" dir="0" index="1" bw="16" slack="0"/>
<pin id="565" dir="1" index="2" bw="32" slack="0"/>
</pin_list>
<bind>
<opcode="mul(12) " fcode="mul"/>
<opset="mul_ln1494_1/1 "/>
</bind>
</comp>

<comp id="568" class="1007" name="grp_fu_568">
<pin_list>
<pin id="569" dir="0" index="0" bw="16" slack="0"/>
<pin id="570" dir="0" index="1" bw="16" slack="0"/>
<pin id="571" dir="1" index="2" bw="32" slack="0"/>
</pin_list>
<bind>
<opcode="mul(12) " fcode="mul"/>
<opset="mul_ln1494_2/1 "/>
</bind>
</comp>

<comp id="574" class="1007" name="grp_fu_574">
<pin_list>
<pin id="575" dir="0" index="0" bw="16" slack="0"/>
<pin id="576" dir="0" index="1" bw="16" slack="0"/>
<pin id="577" dir="0" index="2" bw="32" slack="0"/>
<pin id="578" dir="1" index="3" bw="32" slack="0"/>
</pin_list>
<bind>
<opcode="muladd(1172) " fcode="muladd"/>
<opset="mul_ln1494/2 add_ln74/4 "/>
</bind>
</comp>

<comp id="583" class="1007" name="grp_fu_583">
<pin_list>
<pin id="584" dir="0" index="0" bw="16" slack="0"/>
<pin id="585" dir="0" index="1" bw="16" slack="0"/>
<pin id="586" dir="0" index="2" bw="32" slack="0"/>
<pin id="587" dir="1" index="3" bw="32" slack="0"/>
</pin_list>
<bind>
<opcode="muladd(1172) " fcode="muladd"/>
<opset="mul_ln1494_3/2 add_ln74_1/4 "/>
</bind>
</comp>

<comp id="592" class="1005" name="com_reg_592">
<pin_list>
<pin id="593" dir="0" index="0" bw="3" slack="0"/>
<pin id="594" dir="1" index="1" bw="3" slack="0"/>
</pin_list>
<bind>
<opset="com "/>
</bind>
</comp>

<comp id="599" class="1005" name="i_reg_599">
<pin_list>
<pin id="600" dir="0" index="0" bw="3" slack="0"/>
<pin id="601" dir="1" index="1" bw="3" slack="0"/>
</pin_list>
<bind>
<opset="i "/>
</bind>
</comp>

<comp id="606" class="1005" name="indvar_flatten13_reg_606">
<pin_list>
<pin id="607" dir="0" index="0" bw="5" slack="0"/>
<pin id="608" dir="1" index="1" bw="5" slack="0"/>
</pin_list>
<bind>
<opset="indvar_flatten13 "/>
</bind>
</comp>

<comp id="613" class="1005" name="REG2_V_15_reload_read_reg_613">
<pin_list>
<pin id="614" dir="0" index="0" bw="16" slack="1"/>
<pin id="615" dir="1" index="1" bw="16" slack="1"/>
</pin_list>
<bind>
<opset="REG2_V_15_reload_read "/>
</bind>
</comp>

<comp id="618" class="1005" name="REG2_V_13_reload_read_reg_618">
<pin_list>
<pin id="619" dir="0" index="0" bw="16" slack="1"/>
<pin id="620" dir="1" index="1" bw="16" slack="1"/>
</pin_list>
<bind>
<opset="REG2_V_13_reload_read "/>
</bind>
</comp>

<comp id="623" class="1005" name="REG2_V_10_reload_read_reg_623">
<pin_list>
<pin id="624" dir="0" index="0" bw="16" slack="1"/>
<pin id="625" dir="1" index="1" bw="16" slack="1"/>
</pin_list>
<bind>
<opset="REG2_V_10_reload_read "/>
</bind>
</comp>

<comp id="628" class="1005" name="REG2_V_8_reload_read_reg_628">
<pin_list>
<pin id="629" dir="0" index="0" bw="16" slack="1"/>
<pin id="630" dir="1" index="1" bw="16" slack="1"/>
</pin_list>
<bind>
<opset="REG2_V_8_reload_read "/>
</bind>
</comp>

<comp id="633" class="1005" name="REG1_V_15_reload_read_reg_633">
<pin_list>
<pin id="634" dir="0" index="0" bw="16" slack="1"/>
<pin id="635" dir="1" index="1" bw="16" slack="1"/>
</pin_list>
<bind>
<opset="REG1_V_15_reload_read "/>
</bind>
</comp>

<comp id="638" class="1005" name="REG1_V_13_reload_read_reg_638">
<pin_list>
<pin id="639" dir="0" index="0" bw="16" slack="1"/>
<pin id="640" dir="1" index="1" bw="16" slack="1"/>
</pin_list>
<bind>
<opset="REG1_V_13_reload_read "/>
</bind>
</comp>

<comp id="643" class="1005" name="REG1_V_10_reload_read_reg_643">
<pin_list>
<pin id="644" dir="0" index="0" bw="16" slack="1"/>
<pin id="645" dir="1" index="1" bw="16" slack="1"/>
</pin_list>
<bind>
<opset="REG1_V_10_reload_read "/>
</bind>
</comp>

<comp id="648" class="1005" name="REG1_V_8_reload_read_reg_648">
<pin_list>
<pin id="649" dir="0" index="0" bw="16" slack="1"/>
<pin id="650" dir="1" index="1" bw="16" slack="1"/>
</pin_list>
<bind>
<opset="REG1_V_8_reload_read "/>
</bind>
</comp>

<comp id="653" class="1005" name="REG2_V_1_reload_read_reg_653">
<pin_list>
<pin id="654" dir="0" index="0" bw="16" slack="1"/>
<pin id="655" dir="1" index="1" bw="16" slack="1"/>
</pin_list>
<bind>
<opset="REG2_V_1_reload_read "/>
</bind>
</comp>

<comp id="658" class="1005" name="REG2_V_2_reload_read_reg_658">
<pin_list>
<pin id="659" dir="0" index="0" bw="16" slack="1"/>
<pin id="660" dir="1" index="1" bw="16" slack="1"/>
</pin_list>
<bind>
<opset="REG2_V_2_reload_read "/>
</bind>
</comp>

<comp id="663" class="1005" name="REG2_V_4_reload_read_reg_663">
<pin_list>
<pin id="664" dir="0" index="0" bw="16" slack="1"/>
<pin id="665" dir="1" index="1" bw="16" slack="1"/>
</pin_list>
<bind>
<opset="REG2_V_4_reload_read "/>
</bind>
</comp>

<comp id="668" class="1005" name="REG2_V_6_reload_read_reg_668">
<pin_list>
<pin id="669" dir="0" index="0" bw="16" slack="1"/>
<pin id="670" dir="1" index="1" bw="16" slack="1"/>
</pin_list>
<bind>
<opset="REG2_V_6_reload_read "/>
</bind>
</comp>

<comp id="673" class="1005" name="REG1_V_1_reload_read_reg_673">
<pin_list>
<pin id="674" dir="0" index="0" bw="16" slack="1"/>
<pin id="675" dir="1" index="1" bw="16" slack="1"/>
</pin_list>
<bind>
<opset="REG1_V_1_reload_read "/>
</bind>
</comp>

<comp id="678" class="1005" name="REG1_V_2_reload_read_reg_678">
<pin_list>
<pin id="679" dir="0" index="0" bw="16" slack="1"/>
<pin id="680" dir="1" index="1" bw="16" slack="1"/>
</pin_list>
<bind>
<opset="REG1_V_2_reload_read "/>
</bind>
</comp>

<comp id="683" class="1005" name="REG1_V_4_reload_read_reg_683">
<pin_list>
<pin id="684" dir="0" index="0" bw="16" slack="1"/>
<pin id="685" dir="1" index="1" bw="16" slack="1"/>
</pin_list>
<bind>
<opset="REG1_V_4_reload_read "/>
</bind>
</comp>

<comp id="688" class="1005" name="REG1_V_6_reload_read_reg_688">
<pin_list>
<pin id="689" dir="0" index="0" bw="16" slack="1"/>
<pin id="690" dir="1" index="1" bw="16" slack="1"/>
</pin_list>
<bind>
<opset="REG1_V_6_reload_read "/>
</bind>
</comp>

<comp id="693" class="1005" name="icmp_ln68_reg_693">
<pin_list>
<pin id="694" dir="0" index="0" bw="1" slack="3"/>
<pin id="695" dir="1" index="1" bw="1" slack="2147483647"/>
</pin_list>
<bind>
<opset="icmp_ln68 "/>
</bind>
</comp>

<comp id="697" class="1005" name="trunc_ln68_reg_697">
<pin_list>
<pin id="698" dir="0" index="0" bw="2" slack="1"/>
<pin id="699" dir="1" index="1" bw="2" slack="1"/>
</pin_list>
<bind>
<opset="trunc_ln68 "/>
</bind>
</comp>

<comp id="704" class="1005" name="empty_12_reg_704">
<pin_list>
<pin id="705" dir="0" index="0" bw="2" slack="1"/>
<pin id="706" dir="1" index="1" bw="2" slack="1"/>
</pin_list>
<bind>
<opset="empty_12 "/>
</bind>
</comp>

<comp id="711" class="1005" name="zext_ln186_2_reg_711">
<pin_list>
<pin id="712" dir="0" index="0" bw="32" slack="1"/>
<pin id="713" dir="1" index="1" bw="32" slack="1"/>
</pin_list>
<bind>
<opset="zext_ln186_2 "/>
</bind>
</comp>

<comp id="716" class="1005" name="zext_ln186_3_reg_716">
<pin_list>
<pin id="717" dir="0" index="0" bw="32" slack="1"/>
<pin id="718" dir="1" index="1" bw="32" slack="1"/>
</pin_list>
<bind>
<opset="zext_ln186_3 "/>
</bind>
</comp>

<comp id="721" class="1005" name="zext_ln186_4_reg_721">
<pin_list>
<pin id="722" dir="0" index="0" bw="32" slack="1"/>
<pin id="723" dir="1" index="1" bw="32" slack="1"/>
</pin_list>
<bind>
<opset="zext_ln186_4 "/>
</bind>
</comp>

<comp id="726" class="1005" name="zext_ln186_5_reg_726">
<pin_list>
<pin id="727" dir="0" index="0" bw="32" slack="1"/>
<pin id="728" dir="1" index="1" bw="32" slack="1"/>
</pin_list>
<bind>
<opset="zext_ln186_5 "/>
</bind>
</comp>

<comp id="731" class="1005" name="zext_ln186_reg_731">
<pin_list>
<pin id="732" dir="0" index="0" bw="32" slack="1"/>
<pin id="733" dir="1" index="1" bw="32" slack="1"/>
</pin_list>
<bind>
<opset="zext_ln186 "/>
</bind>
</comp>

<comp id="736" class="1005" name="zext_ln186_1_reg_736">
<pin_list>
<pin id="737" dir="0" index="0" bw="32" slack="1"/>
<pin id="738" dir="1" index="1" bw="32" slack="1"/>
</pin_list>
<bind>
<opset="zext_ln186_1 "/>
</bind>
</comp>

<comp id="741" class="1005" name="zext_ln186_6_reg_741">
<pin_list>
<pin id="742" dir="0" index="0" bw="32" slack="1"/>
<pin id="743" dir="1" index="1" bw="32" slack="1"/>
</pin_list>
<bind>
<opset="zext_ln186_6 "/>
</bind>
</comp>

<comp id="746" class="1005" name="zext_ln186_7_reg_746">
<pin_list>
<pin id="747" dir="0" index="0" bw="32" slack="1"/>
<pin id="748" dir="1" index="1" bw="32" slack="1"/>
</pin_list>
<bind>
<opset="zext_ln186_7 "/>
</bind>
</comp>

<comp id="751" class="1005" name="mul_ln1494_1_reg_751">
<pin_list>
<pin id="752" dir="0" index="0" bw="32" slack="1"/>
<pin id="753" dir="1" index="1" bw="32" slack="1"/>
</pin_list>
<bind>
<opset="mul_ln1494_1 "/>
</bind>
</comp>

<comp id="756" class="1005" name="mul_ln1494_2_reg_756">
<pin_list>
<pin id="757" dir="0" index="0" bw="32" slack="1"/>
<pin id="758" dir="1" index="1" bw="32" slack="1"/>
</pin_list>
<bind>
<opset="mul_ln1494_2 "/>
</bind>
</comp>

</comp_list>

<net_list>
<net id="115"><net_src comp="66" pin="0"/><net_sink comp="112" pin=0"/></net>

<net id="119"><net_src comp="66" pin="0"/><net_sink comp="116" pin=0"/></net>

<net id="123"><net_src comp="66" pin="0"/><net_sink comp="120" pin=0"/></net>

<net id="128"><net_src comp="78" pin="0"/><net_sink comp="124" pin=0"/></net>

<net id="129"><net_src comp="62" pin="0"/><net_sink comp="124" pin=1"/></net>

<net id="134"><net_src comp="78" pin="0"/><net_sink comp="130" pin=0"/></net>

<net id="135"><net_src comp="60" pin="0"/><net_sink comp="130" pin=1"/></net>

<net id="140"><net_src comp="78" pin="0"/><net_sink comp="136" pin=0"/></net>

<net id="141"><net_src comp="58" pin="0"/><net_sink comp="136" pin=1"/></net>

<net id="146"><net_src comp="78" pin="0"/><net_sink comp="142" pin=0"/></net>

<net id="147"><net_src comp="56" pin="0"/><net_sink comp="142" pin=1"/></net>

<net id="152"><net_src comp="78" pin="0"/><net_sink comp="148" pin=0"/></net>

<net id="153"><net_src comp="54" pin="0"/><net_sink comp="148" pin=1"/></net>

<net id="158"><net_src comp="78" pin="0"/><net_sink comp="154" pin=0"/></net>

<net id="159"><net_src comp="52" pin="0"/><net_sink comp="154" pin=1"/></net>

<net id="164"><net_src comp="78" pin="0"/><net_sink comp="160" pin=0"/></net>

<net id="165"><net_src comp="50" pin="0"/><net_sink comp="160" pin=1"/></net>

<net id="170"><net_src comp="78" pin="0"/><net_sink comp="166" pin=0"/></net>

<net id="171"><net_src comp="48" pin="0"/><net_sink comp="166" pin=1"/></net>

<net id="176"><net_src comp="78" pin="0"/><net_sink comp="172" pin=0"/></net>

<net id="177"><net_src comp="46" pin="0"/><net_sink comp="172" pin=1"/></net>

<net id="182"><net_src comp="78" pin="0"/><net_sink comp="178" pin=0"/></net>

<net id="183"><net_src comp="44" pin="0"/><net_sink comp="178" pin=1"/></net>

<net id="188"><net_src comp="78" pin="0"/><net_sink comp="184" pin=0"/></net>

<net id="189"><net_src comp="42" pin="0"/><net_sink comp="184" pin=1"/></net>

<net id="194"><net_src comp="78" pin="0"/><net_sink comp="190" pin=0"/></net>

<net id="195"><net_src comp="40" pin="0"/><net_sink comp="190" pin=1"/></net>

<net id="200"><net_src comp="78" pin="0"/><net_sink comp="196" pin=0"/></net>

<net id="201"><net_src comp="38" pin="0"/><net_sink comp="196" pin=1"/></net>

<net id="206"><net_src comp="78" pin="0"/><net_sink comp="202" pin=0"/></net>

<net id="207"><net_src comp="36" pin="0"/><net_sink comp="202" pin=1"/></net>

<net id="212"><net_src comp="78" pin="0"/><net_sink comp="208" pin=0"/></net>

<net id="213"><net_src comp="34" pin="0"/><net_sink comp="208" pin=1"/></net>

<net id="218"><net_src comp="78" pin="0"/><net_sink comp="214" pin=0"/></net>

<net id="219"><net_src comp="32" pin="0"/><net_sink comp="214" pin=1"/></net>

<net id="224"><net_src comp="78" pin="0"/><net_sink comp="220" pin=0"/></net>

<net id="225"><net_src comp="30" pin="0"/><net_sink comp="220" pin=1"/></net>

<net id="230"><net_src comp="78" pin="0"/><net_sink comp="226" pin=0"/></net>

<net id="231"><net_src comp="28" pin="0"/><net_sink comp="226" pin=1"/></net>

<net id="236"><net_src comp="78" pin="0"/><net_sink comp="232" pin=0"/></net>

<net id="237"><net_src comp="26" pin="0"/><net_sink comp="232" pin=1"/></net>

<net id="242"><net_src comp="78" pin="0"/><net_sink comp="238" pin=0"/></net>

<net id="243"><net_src comp="24" pin="0"/><net_sink comp="238" pin=1"/></net>

<net id="248"><net_src comp="78" pin="0"/><net_sink comp="244" pin=0"/></net>

<net id="249"><net_src comp="22" pin="0"/><net_sink comp="244" pin=1"/></net>

<net id="254"><net_src comp="78" pin="0"/><net_sink comp="250" pin=0"/></net>

<net id="255"><net_src comp="20" pin="0"/><net_sink comp="250" pin=1"/></net>

<net id="260"><net_src comp="78" pin="0"/><net_sink comp="256" pin=0"/></net>

<net id="261"><net_src comp="18" pin="0"/><net_sink comp="256" pin=1"/></net>

<net id="266"><net_src comp="78" pin="0"/><net_sink comp="262" pin=0"/></net>

<net id="267"><net_src comp="16" pin="0"/><net_sink comp="262" pin=1"/></net>

<net id="272"><net_src comp="78" pin="0"/><net_sink comp="268" pin=0"/></net>

<net id="273"><net_src comp="14" pin="0"/><net_sink comp="268" pin=1"/></net>

<net id="278"><net_src comp="78" pin="0"/><net_sink comp="274" pin=0"/></net>

<net id="279"><net_src comp="12" pin="0"/><net_sink comp="274" pin=1"/></net>

<net id="284"><net_src comp="78" pin="0"/><net_sink comp="280" pin=0"/></net>

<net id="285"><net_src comp="10" pin="0"/><net_sink comp="280" pin=1"/></net>

<net id="290"><net_src comp="78" pin="0"/><net_sink comp="286" pin=0"/></net>

<net id="291"><net_src comp="8" pin="0"/><net_sink comp="286" pin=1"/></net>

<net id="296"><net_src comp="78" pin="0"/><net_sink comp="292" pin=0"/></net>

<net id="297"><net_src comp="6" pin="0"/><net_sink comp="292" pin=1"/></net>

<net id="302"><net_src comp="78" pin="0"/><net_sink comp="298" pin=0"/></net>

<net id="303"><net_src comp="4" pin="0"/><net_sink comp="298" pin=1"/></net>

<net id="308"><net_src comp="78" pin="0"/><net_sink comp="304" pin=0"/></net>

<net id="309"><net_src comp="2" pin="0"/><net_sink comp="304" pin=1"/></net>

<net id="314"><net_src comp="78" pin="0"/><net_sink comp="310" pin=0"/></net>

<net id="315"><net_src comp="0" pin="0"/><net_sink comp="310" pin=1"/></net>

<net id="321"><net_src comp="64" pin="0"/><net_sink comp="316" pin=0"/></net>

<net id="322"><net_src comp="110" pin="0"/><net_sink comp="316" pin=1"/></net>

<net id="328"><net_src comp="316" pin="3"/><net_sink comp="323" pin=0"/></net>

<net id="333"><net_src comp="80" pin="0"/><net_sink comp="329" pin=0"/></net>

<net id="338"><net_src comp="82" pin="0"/><net_sink comp="334" pin=0"/></net>

<net id="343"><net_src comp="82" pin="0"/><net_sink comp="339" pin=0"/></net>

<net id="351"><net_src comp="344" pin="1"/><net_sink comp="347" pin=0"/></net>

<net id="352"><net_src comp="88" pin="0"/><net_sink comp="347" pin=1"/></net>

<net id="357"><net_src comp="344" pin="1"/><net_sink comp="353" pin=0"/></net>

<net id="358"><net_src comp="90" pin="0"/><net_sink comp="353" pin=1"/></net>

<net id="369"><net_src comp="359" pin="1"/><net_sink comp="365" pin=0"/></net>

<net id="370"><net_src comp="92" pin="0"/><net_sink comp="365" pin=1"/></net>

<net id="376"><net_src comp="365" pin="2"/><net_sink comp="371" pin=0"/></net>

<net id="377"><net_src comp="82" pin="0"/><net_sink comp="371" pin=1"/></net>

<net id="378"><net_src comp="359" pin="1"/><net_sink comp="371" pin=2"/></net>

<net id="383"><net_src comp="362" pin="1"/><net_sink comp="379" pin=0"/></net>

<net id="384"><net_src comp="94" pin="0"/><net_sink comp="379" pin=1"/></net>

<net id="390"><net_src comp="365" pin="2"/><net_sink comp="385" pin=0"/></net>

<net id="391"><net_src comp="379" pin="2"/><net_sink comp="385" pin=1"/></net>

<net id="392"><net_src comp="362" pin="1"/><net_sink comp="385" pin=2"/></net>

<net id="396"><net_src comp="385" pin="3"/><net_sink comp="393" pin=0"/></net>

<net id="400"><net_src comp="371" pin="3"/><net_sink comp="397" pin=0"/></net>

<net id="409"><net_src comp="96" pin="0"/><net_sink comp="401" pin=0"/></net>

<net id="410"><net_src comp="262" pin="2"/><net_sink comp="401" pin=1"/></net>

<net id="411"><net_src comp="256" pin="2"/><net_sink comp="401" pin=2"/></net>

<net id="412"><net_src comp="250" pin="2"/><net_sink comp="401" pin=3"/></net>

<net id="413"><net_src comp="244" pin="2"/><net_sink comp="401" pin=4"/></net>

<net id="414"><net_src comp="393" pin="1"/><net_sink comp="401" pin=5"/></net>

<net id="418"><net_src comp="401" pin="6"/><net_sink comp="415" pin=0"/></net>

<net id="427"><net_src comp="96" pin="0"/><net_sink comp="419" pin=0"/></net>

<net id="428"><net_src comp="238" pin="2"/><net_sink comp="419" pin=1"/></net>

<net id="429"><net_src comp="232" pin="2"/><net_sink comp="419" pin=2"/></net>

<net id="430"><net_src comp="226" pin="2"/><net_sink comp="419" pin=3"/></net>

<net id="431"><net_src comp="220" pin="2"/><net_sink comp="419" pin=4"/></net>

<net id="432"><net_src comp="397" pin="1"/><net_sink comp="419" pin=5"/></net>

<net id="436"><net_src comp="419" pin="6"/><net_sink comp="433" pin=0"/></net>

<net id="445"><net_src comp="96" pin="0"/><net_sink comp="437" pin=0"/></net>

<net id="446"><net_src comp="214" pin="2"/><net_sink comp="437" pin=1"/></net>

<net id="447"><net_src comp="208" pin="2"/><net_sink comp="437" pin=2"/></net>

<net id="448"><net_src comp="202" pin="2"/><net_sink comp="437" pin=3"/></net>

<net id="449"><net_src comp="196" pin="2"/><net_sink comp="437" pin=4"/></net>

<net id="450"><net_src comp="393" pin="1"/><net_sink comp="437" pin=5"/></net>

<net id="454"><net_src comp="437" pin="6"/><net_sink comp="451" pin=0"/></net>

<net id="463"><net_src comp="96" pin="0"/><net_sink comp="455" pin=0"/></net>

<net id="464"><net_src comp="190" pin="2"/><net_sink comp="455" pin=1"/></net>

<net id="465"><net_src comp="184" pin="2"/><net_sink comp="455" pin=2"/></net>

<net id="466"><net_src comp="178" pin="2"/><net_sink comp="455" pin=3"/></net>

<net id="467"><net_src comp="172" pin="2"/><net_sink comp="455" pin=4"/></net>

<net id="468"><net_src comp="397" pin="1"/><net_sink comp="455" pin=5"/></net>

<net id="472"><net_src comp="455" pin="6"/><net_sink comp="469" pin=0"/></net>

<net id="477"><net_src comp="371" pin="3"/><net_sink comp="473" pin=0"/></net>

<net id="478"><net_src comp="94" pin="0"/><net_sink comp="473" pin=1"/></net>

<net id="483"><net_src comp="353" pin="2"/><net_sink comp="479" pin=0"/></net>

<net id="488"><net_src comp="385" pin="3"/><net_sink comp="484" pin=0"/></net>

<net id="493"><net_src comp="473" pin="2"/><net_sink comp="489" pin=0"/></net>

<net id="502"><net_src comp="96" pin="0"/><net_sink comp="494" pin=0"/></net>

<net id="506"><net_src comp="494" pin="6"/><net_sink comp="503" pin=0"/></net>

<net id="515"><net_src comp="96" pin="0"/><net_sink comp="507" pin=0"/></net>

<net id="519"><net_src comp="507" pin="6"/><net_sink comp="516" pin=0"/></net>

<net id="528"><net_src comp="96" pin="0"/><net_sink comp="520" pin=0"/></net>

<net id="532"><net_src comp="520" pin="6"/><net_sink comp="529" pin=0"/></net>

<net id="541"><net_src comp="96" pin="0"/><net_sink comp="533" pin=0"/></net>

<net id="545"><net_src comp="533" pin="6"/><net_sink comp="542" pin=0"/></net>

<net id="550"><net_src comp="546" pin="2"/><net_sink comp="323" pin=1"/></net>

<net id="556"><net_src comp="108" pin="0"/><net_sink comp="551" pin=0"/></net>

<net id="560"><net_src comp="551" pin="3"/><net_sink comp="557" pin=0"/></net>

<net id="561"><net_src comp="557" pin="1"/><net_sink comp="316" pin=2"/></net>

<net id="566"><net_src comp="433" pin="1"/><net_sink comp="562" pin=0"/></net>

<net id="567"><net_src comp="415" pin="1"/><net_sink comp="562" pin=1"/></net>

<net id="572"><net_src comp="469" pin="1"/><net_sink comp="568" pin=0"/></net>

<net id="573"><net_src comp="451" pin="1"/><net_sink comp="568" pin=1"/></net>

<net id="579"><net_src comp="516" pin="1"/><net_sink comp="574" pin=0"/></net>

<net id="580"><net_src comp="503" pin="1"/><net_sink comp="574" pin=1"/></net>

<net id="581"><net_src comp="562" pin="2"/><net_sink comp="574" pin=2"/></net>

<net id="582"><net_src comp="574" pin="3"/><net_sink comp="546" pin=1"/></net>

<net id="588"><net_src comp="542" pin="1"/><net_sink comp="583" pin=0"/></net>

<net id="589"><net_src comp="529" pin="1"/><net_sink comp="583" pin=1"/></net>

<net id="590"><net_src comp="568" pin="2"/><net_sink comp="583" pin=2"/></net>

<net id="591"><net_src comp="583" pin="3"/><net_sink comp="546" pin=0"/></net>

<net id="595"><net_src comp="112" pin="1"/><net_sink comp="592" pin=0"/></net>

<net id="596"><net_src comp="592" pin="1"/><net_sink comp="339" pin=1"/></net>

<net id="597"><net_src comp="592" pin="1"/><net_sink comp="359" pin=0"/></net>

<net id="598"><net_src comp="592" pin="1"/><net_sink comp="489" pin=1"/></net>

<net id="602"><net_src comp="116" pin="1"/><net_sink comp="599" pin=0"/></net>

<net id="603"><net_src comp="599" pin="1"/><net_sink comp="334" pin=1"/></net>

<net id="604"><net_src comp="599" pin="1"/><net_sink comp="362" pin=0"/></net>

<net id="605"><net_src comp="599" pin="1"/><net_sink comp="484" pin=1"/></net>

<net id="609"><net_src comp="120" pin="1"/><net_sink comp="606" pin=0"/></net>

<net id="610"><net_src comp="606" pin="1"/><net_sink comp="329" pin=1"/></net>

<net id="611"><net_src comp="606" pin="1"/><net_sink comp="344" pin=0"/></net>

<net id="612"><net_src comp="606" pin="1"/><net_sink comp="479" pin=1"/></net>

<net id="616"><net_src comp="124" pin="2"/><net_sink comp="613" pin=0"/></net>

<net id="617"><net_src comp="613" pin="1"/><net_sink comp="533" pin=4"/></net>

<net id="621"><net_src comp="130" pin="2"/><net_sink comp="618" pin=0"/></net>

<net id="622"><net_src comp="618" pin="1"/><net_sink comp="533" pin=3"/></net>

<net id="626"><net_src comp="136" pin="2"/><net_sink comp="623" pin=0"/></net>

<net id="627"><net_src comp="623" pin="1"/><net_sink comp="533" pin=2"/></net>

<net id="631"><net_src comp="142" pin="2"/><net_sink comp="628" pin=0"/></net>

<net id="632"><net_src comp="628" pin="1"/><net_sink comp="533" pin=1"/></net>

<net id="636"><net_src comp="148" pin="2"/><net_sink comp="633" pin=0"/></net>

<net id="637"><net_src comp="633" pin="1"/><net_sink comp="520" pin=4"/></net>

<net id="641"><net_src comp="154" pin="2"/><net_sink comp="638" pin=0"/></net>

<net id="642"><net_src comp="638" pin="1"/><net_sink comp="520" pin=3"/></net>

<net id="646"><net_src comp="160" pin="2"/><net_sink comp="643" pin=0"/></net>

<net id="647"><net_src comp="643" pin="1"/><net_sink comp="520" pin=2"/></net>

<net id="651"><net_src comp="166" pin="2"/><net_sink comp="648" pin=0"/></net>

<net id="652"><net_src comp="648" pin="1"/><net_sink comp="520" pin=1"/></net>

<net id="656"><net_src comp="268" pin="2"/><net_sink comp="653" pin=0"/></net>

<net id="657"><net_src comp="653" pin="1"/><net_sink comp="507" pin=4"/></net>

<net id="661"><net_src comp="274" pin="2"/><net_sink comp="658" pin=0"/></net>

<net id="662"><net_src comp="658" pin="1"/><net_sink comp="507" pin=3"/></net>

<net id="666"><net_src comp="280" pin="2"/><net_sink comp="663" pin=0"/></net>

<net id="667"><net_src comp="663" pin="1"/><net_sink comp="507" pin=2"/></net>

<net id="671"><net_src comp="286" pin="2"/><net_sink comp="668" pin=0"/></net>

<net id="672"><net_src comp="668" pin="1"/><net_sink comp="507" pin=1"/></net>

<net id="676"><net_src comp="292" pin="2"/><net_sink comp="673" pin=0"/></net>

<net id="677"><net_src comp="673" pin="1"/><net_sink comp="494" pin=4"/></net>

<net id="681"><net_src comp="298" pin="2"/><net_sink comp="678" pin=0"/></net>

<net id="682"><net_src comp="678" pin="1"/><net_sink comp="494" pin=3"/></net>

<net id="686"><net_src comp="304" pin="2"/><net_sink comp="683" pin=0"/></net>

<net id="687"><net_src comp="683" pin="1"/><net_sink comp="494" pin=2"/></net>

<net id="691"><net_src comp="310" pin="2"/><net_sink comp="688" pin=0"/></net>

<net id="692"><net_src comp="688" pin="1"/><net_sink comp="494" pin=1"/></net>

<net id="696"><net_src comp="347" pin="2"/><net_sink comp="693" pin=0"/></net>

<net id="700"><net_src comp="393" pin="1"/><net_sink comp="697" pin=0"/></net>

<net id="701"><net_src comp="697" pin="1"/><net_sink comp="494" pin=5"/></net>

<net id="702"><net_src comp="697" pin="1"/><net_sink comp="520" pin=5"/></net>

<net id="703"><net_src comp="697" pin="1"/><net_sink comp="551" pin=1"/></net>

<net id="707"><net_src comp="397" pin="1"/><net_sink comp="704" pin=0"/></net>

<net id="708"><net_src comp="704" pin="1"/><net_sink comp="507" pin=5"/></net>

<net id="709"><net_src comp="704" pin="1"/><net_sink comp="533" pin=5"/></net>

<net id="710"><net_src comp="704" pin="1"/><net_sink comp="551" pin=2"/></net>

<net id="714"><net_src comp="415" pin="1"/><net_sink comp="711" pin=0"/></net>

<net id="715"><net_src comp="711" pin="1"/><net_sink comp="562" pin=1"/></net>

<net id="719"><net_src comp="433" pin="1"/><net_sink comp="716" pin=0"/></net>

<net id="720"><net_src comp="716" pin="1"/><net_sink comp="562" pin=0"/></net>

<net id="724"><net_src comp="451" pin="1"/><net_sink comp="721" pin=0"/></net>

<net id="725"><net_src comp="721" pin="1"/><net_sink comp="568" pin=1"/></net>

<net id="729"><net_src comp="469" pin="1"/><net_sink comp="726" pin=0"/></net>

<net id="730"><net_src comp="726" pin="1"/><net_sink comp="568" pin=0"/></net>

<net id="734"><net_src comp="503" pin="1"/><net_sink comp="731" pin=0"/></net>

<net id="735"><net_src comp="731" pin="1"/><net_sink comp="574" pin=1"/></net>

<net id="739"><net_src comp="516" pin="1"/><net_sink comp="736" pin=0"/></net>

<net id="740"><net_src comp="736" pin="1"/><net_sink comp="574" pin=0"/></net>

<net id="744"><net_src comp="529" pin="1"/><net_sink comp="741" pin=0"/></net>

<net id="745"><net_src comp="741" pin="1"/><net_sink comp="583" pin=1"/></net>

<net id="749"><net_src comp="542" pin="1"/><net_sink comp="746" pin=0"/></net>

<net id="750"><net_src comp="746" pin="1"/><net_sink comp="583" pin=0"/></net>

<net id="754"><net_src comp="562" pin="2"/><net_sink comp="751" pin=0"/></net>

<net id="755"><net_src comp="751" pin="1"/><net_sink comp="574" pin=0"/></net>

<net id="759"><net_src comp="568" pin="2"/><net_sink comp="756" pin=0"/></net>

<net id="760"><net_src comp="756" pin="1"/><net_sink comp="583" pin=0"/></net>

</net_list>

</model> 
---------------- Datapath Model END ------------------

* FSMD analyzer results:
  - Output states:
	Port: result_out | {5 }
 - Input state : 
	Port: compute_slave_Pipeline_compute_rows_VITIS_LOOP_69_5 : REG1_V_6_reload | {1 }
	Port: compute_slave_Pipeline_compute_rows_VITIS_LOOP_69_5 : REG1_V_4_reload | {1 }
	Port: compute_slave_Pipeline_compute_rows_VITIS_LOOP_69_5 : REG1_V_2_reload | {1 }
	Port: compute_slave_Pipeline_compute_rows_VITIS_LOOP_69_5 : REG1_V_1_reload | {1 }
	Port: compute_slave_Pipeline_compute_rows_VITIS_LOOP_69_5 : REG2_V_6_reload | {1 }
	Port: compute_slave_Pipeline_compute_rows_VITIS_LOOP_69_5 : REG2_V_4_reload | {1 }
	Port: compute_slave_Pipeline_compute_rows_VITIS_LOOP_69_5 : REG2_V_2_reload | {1 }
	Port: compute_slave_Pipeline_compute_rows_VITIS_LOOP_69_5 : REG2_V_1_reload | {1 }
	Port: compute_slave_Pipeline_compute_rows_VITIS_LOOP_69_5 : REG1_V_7_reload | {1 }
	Port: compute_slave_Pipeline_compute_rows_VITIS_LOOP_69_5 : REG1_V_9_reload | {1 }
	Port: compute_slave_Pipeline_compute_rows_VITIS_LOOP_69_5 : REG1_V_11_reload | {1 }
	Port: compute_slave_Pipeline_compute_rows_VITIS_LOOP_69_5 : REG1_V_14_reload | {1 }
	Port: compute_slave_Pipeline_compute_rows_VITIS_LOOP_69_5 : REG2_V_7_reload | {1 }
	Port: compute_slave_Pipeline_compute_rows_VITIS_LOOP_69_5 : REG2_V_9_reload | {1 }
	Port: compute_slave_Pipeline_compute_rows_VITIS_LOOP_69_5 : REG2_V_11_reload | {1 }
	Port: compute_slave_Pipeline_compute_rows_VITIS_LOOP_69_5 : REG2_V_14_reload | {1 }
	Port: compute_slave_Pipeline_compute_rows_VITIS_LOOP_69_5 : REG1_V_5_reload | {1 }
	Port: compute_slave_Pipeline_compute_rows_VITIS_LOOP_69_5 : REG1_V_3_reload | {1 }
	Port: compute_slave_Pipeline_compute_rows_VITIS_LOOP_69_5 : REG1_V_12_reload | {1 }
	Port: compute_slave_Pipeline_compute_rows_VITIS_LOOP_69_5 : REG1_V_reload | {1 }
	Port: compute_slave_Pipeline_compute_rows_VITIS_LOOP_69_5 : REG2_V_5_reload | {1 }
	Port: compute_slave_Pipeline_compute_rows_VITIS_LOOP_69_5 : REG2_V_3_reload | {1 }
	Port: compute_slave_Pipeline_compute_rows_VITIS_LOOP_69_5 : REG2_V_12_reload | {1 }
	Port: compute_slave_Pipeline_compute_rows_VITIS_LOOP_69_5 : REG2_V_reload | {1 }
	Port: compute_slave_Pipeline_compute_rows_VITIS_LOOP_69_5 : REG1_V_8_reload | {1 }
	Port: compute_slave_Pipeline_compute_rows_VITIS_LOOP_69_5 : REG1_V_10_reload | {1 }
	Port: compute_slave_Pipeline_compute_rows_VITIS_LOOP_69_5 : REG1_V_13_reload | {1 }
	Port: compute_slave_Pipeline_compute_rows_VITIS_LOOP_69_5 : REG1_V_15_reload | {1 }
	Port: compute_slave_Pipeline_compute_rows_VITIS_LOOP_69_5 : REG2_V_8_reload | {1 }
	Port: compute_slave_Pipeline_compute_rows_VITIS_LOOP_69_5 : REG2_V_10_reload | {1 }
	Port: compute_slave_Pipeline_compute_rows_VITIS_LOOP_69_5 : REG2_V_13_reload | {1 }
	Port: compute_slave_Pipeline_compute_rows_VITIS_LOOP_69_5 : REG2_V_15_reload | {1 }
	Port: compute_slave_Pipeline_compute_rows_VITIS_LOOP_69_5 : result_out | {}
  - Chain level:
	State 1
		store_ln0 : 1
		store_ln0 : 1
		store_ln0 : 1
		indvar_flatten13_load : 1
		icmp_ln68 : 2
		add_ln68 : 2
		br_ln68 : 3
		com_load : 1
		i_load : 1
		icmp_ln69 : 2
		select_ln68 : 3
		add_ln68_1 : 2
		select_ln68_1 : 3
		trunc_ln68 : 4
		empty_12 : 4
		tmp_7_1 : 5
		zext_ln186_2 : 6
		tmp_2_1 : 5
		zext_ln186_3 : 6
		mul_ln1494_1 : 7
		tmp_7_2 : 5
		zext_ln186_4 : 6
		tmp_2_2 : 5
		zext_ln186_5 : 6
		mul_ln1494_2 : 7
		add_ln69 : 4
		store_ln69 : 3
		store_ln69 : 4
		store_ln69 : 5
	State 2
		zext_ln186 : 1
		zext_ln186_1 : 1
		mul_ln1494 : 2
		zext_ln186_6 : 1
		zext_ln186_7 : 1
		mul_ln1494_3 : 2
	State 3
	State 4
		add_ln74 : 1
		add_ln74_1 : 1
	State 5
		add_ln74_2 : 1
		zext_ln74 : 1
		result_out_addr : 2
		store_ln74 : 3


============================================================
+ Verbose Summary: Datapath Resource usage 
============================================================

* Functional unit list:
|----------|-----------------------------------|---------|---------|---------|
| Operation|          Functional Unit          |   DSP   |    FF   |   LUT   |
|----------|-----------------------------------|---------|---------|---------|
|          |           tmp_7_1_fu_401          |    0    |    0    |    20   |
|          |           tmp_2_1_fu_419          |    0    |    0    |    20   |
|          |           tmp_7_2_fu_437          |    0    |    0    |    20   |
|    mux   |           tmp_2_2_fu_455          |    0    |    0    |    20   |
|          |            tmp_7_fu_494           |    0    |    0    |    20   |
|          |            tmp_2_fu_507           |    0    |    0    |    20   |
|          |           tmp_7_3_fu_520          |    0    |    0    |    20   |
|          |           tmp_2_3_fu_533          |    0    |    0    |    20   |
|----------|-----------------------------------|---------|---------|---------|
|          |          add_ln68_fu_353          |    0    |    0    |    12   |
|    add   |         add_ln68_1_fu_379         |    0    |    0    |    10   |
|          |          add_ln69_fu_473          |    0    |    0    |    10   |
|          |         add_ln74_2_fu_546         |    0    |    0    |    39   |
|----------|-----------------------------------|---------|---------|---------|
|   icmp   |          icmp_ln68_fu_347         |    0    |    0    |    9    |
|          |          icmp_ln69_fu_365         |    0    |    0    |    8    |
|----------|-----------------------------------|---------|---------|---------|
|  select  |         select_ln68_fu_371        |    0    |    0    |    3    |
|          |        select_ln68_1_fu_385       |    0    |    0    |    3    |
|----------|-----------------------------------|---------|---------|---------|
|    mul   |             grp_fu_562            |    1    |    0    |    0    |
|          |             grp_fu_568            |    1    |    0    |    0    |
|----------|-----------------------------------|---------|---------|---------|
|  muladd  |             grp_fu_574            |    1    |    0    |    0    |
|          |             grp_fu_583            |    1    |    0    |    0    |
|----------|-----------------------------------|---------|---------|---------|
|          | REG2_V_15_reload_read_read_fu_124 |    0    |    0    |    0    |
|          | REG2_V_13_reload_read_read_fu_130 |    0    |    0    |    0    |
|          | REG2_V_10_reload_read_read_fu_136 |    0    |    0    |    0    |
|          |  REG2_V_8_reload_read_read_fu_142 |    0    |    0    |    0    |
|          | REG1_V_15_reload_read_read_fu_148 |    0    |    0    |    0    |
|          | REG1_V_13_reload_read_read_fu_154 |    0    |    0    |    0    |
|          | REG1_V_10_reload_read_read_fu_160 |    0    |    0    |    0    |
|          |  REG1_V_8_reload_read_read_fu_166 |    0    |    0    |    0    |
|          |   REG2_V_reload_read_read_fu_172  |    0    |    0    |    0    |
|          | REG2_V_12_reload_read_read_fu_178 |    0    |    0    |    0    |
|          |  REG2_V_3_reload_read_read_fu_184 |    0    |    0    |    0    |
|          |  REG2_V_5_reload_read_read_fu_190 |    0    |    0    |    0    |
|          |   REG1_V_reload_read_read_fu_196  |    0    |    0    |    0    |
|          | REG1_V_12_reload_read_read_fu_202 |    0    |    0    |    0    |
|          |  REG1_V_3_reload_read_read_fu_208 |    0    |    0    |    0    |
|   read   |  REG1_V_5_reload_read_read_fu_214 |    0    |    0    |    0    |
|          | REG2_V_14_reload_read_read_fu_220 |    0    |    0    |    0    |
|          | REG2_V_11_reload_read_read_fu_226 |    0    |    0    |    0    |
|          |  REG2_V_9_reload_read_read_fu_232 |    0    |    0    |    0    |
|          |  REG2_V_7_reload_read_read_fu_238 |    0    |    0    |    0    |
|          | REG1_V_14_reload_read_read_fu_244 |    0    |    0    |    0    |
|          | REG1_V_11_reload_read_read_fu_250 |    0    |    0    |    0    |
|          |  REG1_V_9_reload_read_read_fu_256 |    0    |    0    |    0    |
|          |  REG1_V_7_reload_read_read_fu_262 |    0    |    0    |    0    |
|          |  REG2_V_1_reload_read_read_fu_268 |    0    |    0    |    0    |
|          |  REG2_V_2_reload_read_read_fu_274 |    0    |    0    |    0    |
|          |  REG2_V_4_reload_read_read_fu_280 |    0    |    0    |    0    |
|          |  REG2_V_6_reload_read_read_fu_286 |    0    |    0    |    0    |
|          |  REG1_V_1_reload_read_read_fu_292 |    0    |    0    |    0    |
|          |  REG1_V_2_reload_read_read_fu_298 |    0    |    0    |    0    |
|          |  REG1_V_4_reload_read_read_fu_304 |    0    |    0    |    0    |
|          |  REG1_V_6_reload_read_read_fu_310 |    0    |    0    |    0    |
|----------|-----------------------------------|---------|---------|---------|
|   trunc  |         trunc_ln68_fu_393         |    0    |    0    |    0    |
|          |          empty_12_fu_397          |    0    |    0    |    0    |
|----------|-----------------------------------|---------|---------|---------|
|          |        zext_ln186_2_fu_415        |    0    |    0    |    0    |
|          |        zext_ln186_3_fu_433        |    0    |    0    |    0    |
|          |        zext_ln186_4_fu_451        |    0    |    0    |    0    |
|          |        zext_ln186_5_fu_469        |    0    |    0    |    0    |
|   zext   |         zext_ln186_fu_503         |    0    |    0    |    0    |
|          |        zext_ln186_1_fu_516        |    0    |    0    |    0    |
|          |        zext_ln186_6_fu_529        |    0    |    0    |    0    |
|          |        zext_ln186_7_fu_542        |    0    |    0    |    0    |
|          |          zext_ln74_fu_557         |    0    |    0    |    0    |
|----------|-----------------------------------|---------|---------|---------|
|bitconcatenate|         add_ln74_3_fu_551         |    0    |    0    |    0    |
|----------|-----------------------------------|---------|---------|---------|
|   Total  |                                   |    4    |    0    |   254   |
|----------|-----------------------------------|---------|---------|---------|

Memories:
N/A

* Register list:
+-----------------------------+--------+
|                             |   FF   |
+-----------------------------+--------+
|REG1_V_10_reload_read_reg_643|   16   |
|REG1_V_13_reload_read_reg_638|   16   |
|REG1_V_15_reload_read_reg_633|   16   |
| REG1_V_1_reload_read_reg_673|   16   |
| REG1_V_2_reload_read_reg_678|   16   |
| REG1_V_4_reload_read_reg_683|   16   |
| REG1_V_6_reload_read_reg_688|   16   |
| REG1_V_8_reload_read_reg_648|   16   |
|REG2_V_10_reload_read_reg_623|   16   |
|REG2_V_13_reload_read_reg_618|   16   |
|REG2_V_15_reload_read_reg_613|   16   |
| REG2_V_1_reload_read_reg_653|   16   |
| REG2_V_2_reload_read_reg_658|   16   |
| REG2_V_4_reload_read_reg_663|   16   |
| REG2_V_6_reload_read_reg_668|   16   |
| REG2_V_8_reload_read_reg_628|   16   |
|         com_reg_592         |    3   |
|       empty_12_reg_704      |    2   |
|          i_reg_599          |    3   |
|      icmp_ln68_reg_693      |    1   |
|   indvar_flatten13_reg_606  |    5   |
|     mul_ln1494_1_reg_751    |   32   |
|     mul_ln1494_2_reg_756    |   32   |
|      trunc_ln68_reg_697     |    2   |
|     zext_ln186_1_reg_736    |   32   |
|     zext_ln186_2_reg_711    |   32   |
|     zext_ln186_3_reg_716    |   32   |
|     zext_ln186_4_reg_721    |   32   |
|     zext_ln186_5_reg_726    |   32   |
|     zext_ln186_6_reg_741    |   32   |
|     zext_ln186_7_reg_746    |   32   |
|      zext_ln186_reg_731     |   32   |
+-----------------------------+--------+
|            Total            |   592  |
+-----------------------------+--------+

* Multiplexer (MUX) list: 
|------------|------|------|------|--------||---------||---------|
|    Comp    |  Pin | Size |  BW  | S x BW ||  Delay  ||   LUT   |
|------------|------|------|------|--------||---------||---------|
| grp_fu_562 |  p0  |   2  |  16  |   32   ||    9    |
| grp_fu_562 |  p1  |   2  |  16  |   32   ||    9    |
| grp_fu_568 |  p0  |   2  |  16  |   32   ||    9    |
| grp_fu_568 |  p1  |   2  |  16  |   32   ||    9    |
| grp_fu_574 |  p0  |   3  |  16  |   48   ||    14   |
| grp_fu_574 |  p1  |   2  |  16  |   32   ||    9    |
| grp_fu_583 |  p0  |   3  |  16  |   48   ||    14   |
| grp_fu_583 |  p1  |   2  |  16  |   32   ||    9    |
|------------|------|------|------|--------||---------||---------|
|    Total   |      |      |      |   288  ||  3.514  ||    82   |
|------------|------|------|------|--------||---------||---------|



* Summary:
+-----------+--------+--------+--------+--------+
|           |   DSP  |  Delay |   FF   |   LUT  |
+-----------+--------+--------+--------+--------+
|  Function |    4   |    -   |    0   |   254  |
|   Memory  |    -   |    -   |    -   |    -   |
|Multiplexer|    -   |    3   |    -   |   82   |
|  Register |    -   |    -   |   592  |    -   |
+-----------+--------+--------+--------+--------+
|   Total   |    4   |    3   |   592  |   336  |
+-----------+--------+--------+--------+--------+
