

================================================================
== Vitis HLS Report for 'cont'
================================================================
* Date:           Thu Sep 10 02:55:33 2026

* Version:        2022.2 (Build 3670227 on Oct 13 2022)
* Project:        Control
* Solution:       solution1 (Vivado IP Flow Target)
* Product family: zynquplus
* Target device:  xczu7ev-ffvc1156-2-e


================================================================
== Performance Estimates
================================================================
+ Timing: 
    * Summary: 
    +--------+----------+----------+------------+
    |  Clock |  Target  | Estimated| Uncertainty|
    +--------+----------+----------+------------+
    |ap_clk  |  10.00 ns|  5.267 ns|     2.70 ns|
    +--------+----------+----------+------------+

+ Latency: 
    * Summary: 
    +---------+---------+----------+----------+-----+-----+---------+
    |  Latency (cycles) |  Latency (absolute) |  Interval | Pipeline|
    |   min   |   max   |    min   |    max   | min | max |   Type  |
    +---------+---------+----------+----------+-----+-----+---------+
    |        0|        0|      0 ns|      0 ns|    1|    1|       no|
    +---------+---------+----------+----------+-----+-----+---------+

    + Detail: 
        * Instance: 
        N/A

        * Loop: 
        N/A



================================================================
== Utilization Estimates
================================================================
* Summary: 
+-----------------+---------+------+--------+--------+-----+
|       Name      | BRAM_18K|  DSP |   FF   |   LUT  | URAM|
+-----------------+---------+------+--------+--------+-----+
|DSP              |        -|     -|       -|       -|    -|
|Expression       |        -|     -|       0|     342|    -|
|FIFO             |        -|     -|       -|       -|    -|
|Instance         |        -|     -|       -|       -|    -|
|Memory           |        -|     -|       -|       -|    -|
|Multiplexer      |        -|     -|       -|     446|    -|
|Register         |        -|     -|     191|       -|    -|
+-----------------+---------+------+--------+--------+-----+
|Total            |        0|     0|     191|     788|    0|
+-----------------+---------+------+--------+--------+-----+
|Available        |      624|  1728|  460800|  230400|   96|
+-----------------+---------+------+--------+--------+-----+
|Utilization (%)  |        0|     0|      ~0|      ~0|    0|
+-----------------+---------+------+--------+--------+-----+

+ Detail: 
    * Instance: 
    N/A

    * DSP: 
    N/A

    * Memory: 
    N/A

    * FIFO: 
    N/A

    * Expression: 
    +--------------------------------+----------+----+---+----+------------+------------+
    |          Variable Name         | Operation| DSP| FF| LUT| Bitwidth P0| Bitwidth P1|
    +--------------------------------+----------+----+---+----+------------+------------+
    |add_ln139_fu_1299_p2            |         +|   0|  0|  39|          32|           1|
    |add_ln155_fu_1217_p2            |         +|   0|  0|  39|          32|           1|
    |add_ln186_cast_fu_1054_p2       |         +|   0|  0|  18|          11|           1|
    |add_ln186_fu_1047_p2            |         +|   0|  0|  21|          14|           1|
    |add_ln231_fu_1028_p2            |         +|   0|  0|  39|          32|           1|
    |grp_fu_873_p2                   |         +|   0|  0|  12|           4|           1|
    |and_ln136_fu_1280_p2            |       and|   0|  0|   2|           1|           1|
    |and_ln143_fu_1330_p2            |       and|   0|  0|   2|           1|           1|
    |and_ln152_fu_1198_p2            |       and|   0|  0|   2|           1|           1|
    |and_ln159_fu_1248_p2            |       and|   0|  0|   2|           1|           1|
    |and_ln206_fu_1139_p2            |       and|   0|  0|   2|           1|           1|
    |and_ln212_fu_1099_p2            |       and|   0|  0|   2|           1|           1|
    |and_ln216_fu_1121_p2            |       and|   0|  0|   2|           1|           1|
    |and_ln251_fu_1447_p2            |       and|   0|  0|   2|           1|           1|
    |ap_condition_104                |       and|   0|  0|   2|           1|           1|
    |ap_condition_119                |       and|   0|  0|   2|           1|           1|
    |ap_condition_138                |       and|   0|  0|   2|           1|           1|
    |ap_condition_160                |       and|   0|  0|   2|           1|           1|
    |ap_condition_198                |       and|   0|  0|   2|           1|           1|
    |ap_condition_217                |       and|   0|  0|   2|           1|           1|
    |ap_predicate_op149_read_state1  |       and|   0|  0|   2|           1|           1|
    |d_o_valid                       |       and|   0|  0|   2|           1|           1|
    |grp_fu_867_p2                   |       and|   0|  0|   2|           1|           1|
    |tmp_1_nbreadreq_fu_306_p3       |       and|   0|  0|   2|           1|           0|
    |tmp_nbreadreq_fu_298_p3         |       and|   0|  0|   2|           1|           0|
    |grp_fu_880_p2                   |      icmp|   0|  0|   9|           5|           1|
    |icmp_ln1019_2_fu_1061_p2        |      icmp|   0|  0|  20|          32|          32|
    |icmp_ln1027_1_fu_994_p2         |      icmp|   0|  0|  12|          14|           1|
    |icmp_ln1027_fu_974_p2           |      icmp|   0|  0|  12|          14|          14|
    |icmp_ln1031_fu_1016_p2          |      icmp|   0|  0|  12|          14|           1|
    |icmp_ln212_fu_1093_p2           |      icmp|   0|  0|  18|          28|           1|
    |icmp_ln216_fu_1115_p2           |      icmp|   0|  0|  18|          28|           1|
    |ap_block_state1                 |        or|   0|  0|   2|           1|           1|
    |or_ln238_fu_1067_p2             |        or|   0|  0|   2|           1|           1|
    |or_ln244_fu_1420_p2             |        or|   0|  0|   2|           1|           1|
    |or_ln245_fu_1432_p2             |        or|   0|  0|   2|           1|           1|
    |or_ln251_fu_1459_p2             |        or|   0|  0|   2|           1|           1|
    |select_ln226_fu_1001_p3         |    select|   0|  0|  14|           1|           1|
    |select_ln241_fu_1074_p3         |    select|   0|  0|   3|           1|           1|
    |xor_ln1027_1_fu_1192_p2         |       xor|   0|  0|   2|           1|           2|
    |xor_ln1027_fu_1274_p2           |       xor|   0|  0|   2|           1|           2|
    |xor_ln251_fu_1453_p2            |       xor|   0|  0|   2|           2|           1|
    |xor_ln96_fu_890_p2              |       xor|   0|  0|   2|           1|           2|
    +--------------------------------+----------+----+---+----+------------+------------+
    |Total                           |          |   0|  0| 342|         291|          88|
    +--------------------------------+----------+----+---+----+------------+------------+

    * Multiplexer: 
    +---------------------------------------------+----+-----------+-----+-----------+
    |                     Name                    | LUT| Input Size| Bits| Total Bits|
    +---------------------------------------------+----+-----------+-----+-----------+
    |ap_phi_mux_b_count_V_loc_1_phi_fu_537_p6     |  14|          3|    4|         12|
    |ap_phi_mux_b_count_V_loc_3_phi_fu_526_p6     |  14|          3|    4|         12|
    |ap_phi_mux_done1_seen_flag_0_phi_fu_782_p30  |  14|          3|    1|          3|
    |ap_phi_mux_empty_10_phi_fu_832_p30           |  20|          4|    1|          4|
    |ap_phi_mux_empty_phi_fu_512_p6               |  14|          3|    1|          3|
    |ap_phi_mux_i_op_assign_phi_fu_501_p6         |  14|          3|   32|         96|
    |ap_phi_mux_phi_ln186_phi_fu_744_p30          |  20|          4|   11|         44|
    |ap_phi_mux_r_cnt_V_flag_0_phi_fu_425_p6      |  14|          3|    1|          3|
    |ap_phi_mux_r_cnt_V_flag_1_phi_fu_463_p6      |  14|          3|    1|          3|
    |ap_phi_mux_r_cnt_V_flag_2_phi_fu_644_p30     |  20|          4|    1|          4|
    |ap_phi_mux_r_cnt_V_loc_0_phi_fu_438_p6       |  14|          3|   14|         42|
    |ap_phi_mux_r_cnt_V_loc_1_phi_fu_490_p6       |  14|          3|   11|         33|
    |ap_phi_mux_r_cnt_V_new_1_phi_fu_477_p6       |  14|          3|   14|         42|
    |ap_phi_mux_r_cnt_V_new_2_phi_fu_694_p30      |  14|          3|   14|         42|
    |ap_phi_mux_state_flag_7_phi_fu_449_p6        |  14|          3|    1|          3|
    |ap_phi_mux_state_flag_9_phi_fu_548_p30       |  31|          6|    1|          6|
    |ap_phi_mux_state_new_9_phi_fu_595_p30        |  49|          9|    4|         36|
    |ap_sig_allocacmp_r_acc_V_load                |  14|          3|   32|         96|
    |ap_sig_allocacmp_store_result_valid_load     |  14|          3|    1|          3|
    |b_count_V                                    |  14|          3|    4|         12|
    |buffer_1_rd1_blk_n                           |   9|          2|    1|          2|
    |buffer_1_rd_blk_n                            |   9|          2|    1|          2|
    |buffer_V                                     |  14|          3|   32|         96|
    |compute_start1                               |  14|          3|    1|          3|
    |compute_start2                               |  14|          3|    1|          3|
    |i                                            |   9|          2|   32|         64|
    |j_a                                          |   9|          2|   32|         64|
    |j_b                                          |   9|          2|   32|         64|
    |r_acc_V                                      |   9|          2|   32|         64|
    +---------------------------------------------+----+-----------+-----+-----------+
    |Total                                        | 446|         93|  317|        861|
    +---------------------------------------------+----+-----------+-----+-----------+

    * Register: 
    +--------------------+----+----+-----+-----------+
    |        Name        | FF | LUT| Bits| Const Bits|
    +--------------------+----+----+-----+-----------+
    |ap_CS_fsm           |   1|   0|    1|          0|
    |b_count_V           |   4|   0|    4|          0|
    |buffer_V            |  32|   0|   32|          0|
    |buffer_ok           |   1|   0|    1|          0|
    |compute_launched    |   1|   0|    1|          0|
    |compute_launched2   |   1|   0|    1|          0|
    |done1_seen          |   1|   0|    1|          0|
    |done2_seen          |   1|   0|    1|          0|
    |i                   |  32|   0|   32|          0|
    |j_a                 |  32|   0|   32|          0|
    |j_b                 |  32|   0|   32|          0|
    |r_acc_V             |  32|   0|   32|          0|
    |r_acc_valid         |   1|   0|    1|          0|
    |r_cnt_V             |  14|   0|   14|          0|
    |state               |   4|   0|    4|          0|
    |store_result_ready  |   1|   0|    1|          0|
    |store_result_valid  |   1|   0|    1|          0|
    +--------------------+----+----+-----+-----------+
    |Total               | 191|   0|  191|          0|
    +--------------------+----+----+-----+-----------+



================================================================
== Interface
================================================================
* Summary: 
+-----------------------+-----+-----+--------------+----------------+--------------+
|       RTL Ports       | Dir | Bits|   Protocol   |  Source Object |    C Type    |
+-----------------------+-----+-----+--------------+----------------+--------------+
|ap_clk                 |   in|    1|  ap_ctrl_none|            cont|  return value|
|ap_rst                 |   in|    1|  ap_ctrl_none|            cont|  return value|
|a_i_valid              |   in|    1|       ap_none|       a_i_valid|       pointer|
|a_i_ready              |  out|    1|       ap_none|       a_i_ready|       pointer|
|a_i_data               |   in|   32|       ap_none|        a_i_data|       pointer|
|a_i_strb               |   in|    4|       ap_none|        a_i_strb|       pointer|
|b_i_valid              |   in|    1|       ap_none|       b_i_valid|       pointer|
|b_i_ready              |  out|    1|       ap_none|       b_i_ready|       pointer|
|b_i_data               |   in|   32|       ap_none|        b_i_data|       pointer|
|b_i_strb               |   in|    4|       ap_none|        b_i_strb|       pointer|
|c_i_valid              |   in|    1|       ap_none|       c_i_valid|       pointer|
|c_i_ready              |  out|    1|       ap_none|       c_i_ready|       pointer|
|c_i_data               |   in|   32|       ap_none|        c_i_data|       pointer|
|c_i_strb               |   in|    4|       ap_none|        c_i_strb|       pointer|
|d_o_valid              |  out|    1|       ap_none|       d_o_valid|       pointer|
|d_o_ready              |   in|    1|       ap_none|       d_o_ready|       pointer|
|d_o_data               |  out|   32|       ap_none|        d_o_data|       pointer|
|d_o_strb               |  out|    4|       ap_none|        d_o_strb|       pointer|
|clear                  |   in|    1|       ap_none|           clear|        scalar|
|enable                 |   in|    1|       ap_none|          enable|        scalar|
|function_r             |   in|    1|       ap_none|      function_r|        scalar|
|start_r                |   in|    1|       ap_none|         start_r|        scalar|
|shift                  |   in|    5|       ap_none|           shift|        scalar|
|len                    |   in|   11|       ap_none|             len|        scalar|
|f_cnt                  |  out|   11|        ap_vld|           f_cnt|       pointer|
|f_cnt_ap_vld           |  out|    1|        ap_vld|           f_cnt|       pointer|
|f_valid                |  out|    1|        ap_vld|         f_valid|       pointer|
|f_valid_ap_vld         |  out|    1|        ap_vld|         f_valid|       pointer|
|buffer_1_rd_dout       |   in|   32|       ap_fifo|     buffer_1_rd|       pointer|
|buffer_1_rd_empty_n    |   in|    1|       ap_fifo|     buffer_1_rd|       pointer|
|buffer_1_rd_read       |  out|    1|       ap_fifo|     buffer_1_rd|       pointer|
|buffer_1_rd1_dout      |   in|   32|       ap_fifo|    buffer_1_rd1|       pointer|
|buffer_1_rd1_empty_n   |   in|    1|       ap_fifo|    buffer_1_rd1|       pointer|
|buffer_1_rd1_read      |  out|    1|       ap_fifo|    buffer_1_rd1|       pointer|
|buffer_1_wr_address0   |  out|    5|     ap_memory|     buffer_1_wr|         array|
|buffer_1_wr_ce0        |  out|    1|     ap_memory|     buffer_1_wr|         array|
|buffer_1_wr_we0        |  out|    1|     ap_memory|     buffer_1_wr|         array|
|buffer_1_wr_d0         |  out|   64|     ap_memory|     buffer_1_wr|         array|
|buffer_1_wr1_address0  |  out|    5|     ap_memory|    buffer_1_wr1|         array|
|buffer_1_wr1_ce0       |  out|    1|     ap_memory|    buffer_1_wr1|         array|
|buffer_1_wr1_we0       |  out|    1|     ap_memory|    buffer_1_wr1|         array|
|buffer_1_wr1_d0        |  out|   64|     ap_memory|    buffer_1_wr1|         array|
|compute_start1         |  out|    1|       ap_none|  compute_start1|       pointer|
|compute_done1          |   in|    1|       ap_none|   compute_done1|        scalar|
|compute_start2         |  out|    1|       ap_none|  compute_start2|       pointer|
|compute_done2          |   in|    1|       ap_none|   compute_done2|        scalar|
|slave_start1           |  out|    1|       ap_none|    slave_start1|       pointer|
|slave_done1            |   in|    1|       ap_none|     slave_done1|        scalar|
|slave_start2           |  out|    1|       ap_none|    slave_start2|       pointer|
|slave_done2            |   in|    1|       ap_none|     slave_done2|        scalar|
+-----------------------+-----+-----+--------------+----------------+--------------+

============================================================
+ Verbose Summary: Synthesis Manager
============================================================
InlineROM: 1
ExposeGlobal: 0
============================================================
+ Verbose Summary: CDFG Model
============================================================
IsTopModel: 1
ResetActiveHigh: 1
IsCombinational: 2
IsDatapathOnly: 2
HasWiredReturn: 1
HasMFsm: 0
HasVarLatency: 0
IsPipeline: 0
IsRtlPipelined: 0
IsInstanceOverlapped: 0
IsDontTouch: 0
HasImplIP: 0
IsGatedGlobalClock: 0


============================================================
+ Verbose Summary: Schedule
============================================================
* Number of FSM states : 1
* Pipeline : 0
* Dataflow Pipeline: 0

* FSM state transitions: 
1 --> 

* FSM state operations: 

State 1 <SV = 0> <Delay = 5.26>
ST_1 : Operation 2 [1/1] (0.00ns)   --->   "%spectopmodule_ln21 = spectopmodule void @_ssdm_op_SpecTopModule, void @empty_4" [Control/control.cpp:21]   --->   Operation 2 'spectopmodule' 'spectopmodule_ln21' <Predicate = true> <Delay = 0.00>
ST_1 : Operation 3 [1/1] (0.00ns)   --->   "%specinterface_ln21 = specinterface void @_ssdm_op_SpecInterface, i32 0, void @empty_5, i32 0, i32 0, void @empty_0, i32 0, i32 0, void @empty_0, void @empty_0, void @empty_0, i32 0, i32 0, i32 0, i32 0, void @empty_0, void @empty_0, i32 4294967295, i32 0" [Control/control.cpp:21]   --->   Operation 3 'specinterface' 'specinterface_ln21' <Predicate = true> <Delay = 0.00>
ST_1 : Operation 4 [1/1] (0.00ns)   --->   "%compute_done2_read = read i1 @_ssdm_op_Read.ap_none.i1, i1 %compute_done2"   --->   Operation 4 'read' 'compute_done2_read' <Predicate = true> <Delay = 0.00>
ST_1 : Operation 5 [1/1] (0.00ns)   --->   "%compute_done1_read = read i1 @_ssdm_op_Read.ap_none.i1, i1 %compute_done1"   --->   Operation 5 'read' 'compute_done1_read' <Predicate = true> <Delay = 0.00>
ST_1 : Operation 6 [1/1] (0.00ns)   --->   "%len_read = read i11 @_ssdm_op_Read.ap_auto.i11, i11 %len"   --->   Operation 6 'read' 'len_read' <Predicate = true> <Delay = 0.00>
ST_1 : Operation 7 [1/1] (0.00ns)   --->   "%shift_read = read i5 @_ssdm_op_Read.ap_auto.i5, i5 %shift"   --->   Operation 7 'read' 'shift_read' <Predicate = true> <Delay = 0.00>
ST_1 : Operation 8 [1/1] (0.00ns)   --->   "%enable_read = read i1 @_ssdm_op_Read.ap_auto.i1, i1 %enable"   --->   Operation 8 'read' 'enable_read' <Predicate = true> <Delay = 0.00>
ST_1 : Operation 9 [1/1] (0.00ns)   --->   "%clear_read = read i1 @_ssdm_op_Read.ap_auto.i1, i1 %clear"   --->   Operation 9 'read' 'clear_read' <Predicate = true> <Delay = 0.00>
ST_1 : Operation 10 [1/1] (0.00ns)   --->   "%specbitsmap_ln0 = specbitsmap void @_ssdm_op_SpecBitsMap, i1 %a_i_valid"   --->   Operation 10 'specbitsmap' 'specbitsmap_ln0' <Predicate = true> <Delay = 0.00>
ST_1 : Operation 11 [1/1] (0.00ns)   --->   "%specinterface_ln0 = specinterface void @_ssdm_op_SpecInterface, i1 %a_i_valid, void @empty, i32 0, i32 0, void @empty_0, i32 0, i32 0, void @empty_0, void @empty_0, void @empty_0, i32 0, i32 0, i32 0, i32 0, void @empty_0, void @empty_0, i32 4294967295, i32 0"   --->   Operation 11 'specinterface' 'specinterface_ln0' <Predicate = true> <Delay = 0.00>
ST_1 : Operation 12 [1/1] (0.00ns)   --->   "%specbitsmap_ln0 = specbitsmap void @_ssdm_op_SpecBitsMap, i1 %a_i_ready"   --->   Operation 12 'specbitsmap' 'specbitsmap_ln0' <Predicate = true> <Delay = 0.00>
ST_1 : Operation 13 [1/1] (0.00ns)   --->   "%specinterface_ln0 = specinterface void @_ssdm_op_SpecInterface, i1 %a_i_ready, void @empty, i32 0, i32 0, void @empty_0, i32 0, i32 0, void @empty_0, void @empty_0, void @empty_0, i32 0, i32 0, i32 0, i32 0, void @empty_0, void @empty_0, i32 4294967295, i32 0"   --->   Operation 13 'specinterface' 'specinterface_ln0' <Predicate = true> <Delay = 0.00>
ST_1 : Operation 14 [1/1] (0.00ns)   --->   "%specbitsmap_ln0 = specbitsmap void @_ssdm_op_SpecBitsMap, i32 %a_i_data"   --->   Operation 14 'specbitsmap' 'specbitsmap_ln0' <Predicate = true> <Delay = 0.00>
ST_1 : Operation 15 [1/1] (0.00ns)   --->   "%specinterface_ln0 = specinterface void @_ssdm_op_SpecInterface, i32 %a_i_data, void @empty, i32 0, i32 0, void @empty_0, i32 0, i32 0, void @empty_0, void @empty_0, void @empty_0, i32 0, i32 0, i32 0, i32 0, void @empty_0, void @empty_0, i32 4294967295, i32 0"   --->   Operation 15 'specinterface' 'specinterface_ln0' <Predicate = true> <Delay = 0.00>
ST_1 : Operation 16 [1/1] (0.00ns)   --->   "%specbitsmap_ln0 = specbitsmap void @_ssdm_op_SpecBitsMap, i4 %a_i_strb"   --->   Operation 16 'specbitsmap' 'specbitsmap_ln0' <Predicate = true> <Delay = 0.00>
ST_1 : Operation 17 [1/1] (0.00ns)   --->   "%specinterface_ln0 = specinterface void @_ssdm_op_SpecInterface, i4 %a_i_strb, void @empty, i32 0, i32 0, void @empty_0, i32 0, i32 0, void @empty_0, void @empty_0, void @empty_0, i32 0, i32 0, i32 0, i32 0, void @empty_0, void @empty_0, i32 4294967295, i32 0"   --->   Operation 17 'specinterface' 'specinterface_ln0' <Predicate = true> <Delay = 0.00>
ST_1 : Operation 18 [1/1] (0.00ns)   --->   "%specbitsmap_ln0 = specbitsmap void @_ssdm_op_SpecBitsMap, i1 %b_i_valid"   --->   Operation 18 'specbitsmap' 'specbitsmap_ln0' <Predicate = true> <Delay = 0.00>
ST_1 : Operation 19 [1/1] (0.00ns)   --->   "%specinterface_ln0 = specinterface void @_ssdm_op_SpecInterface, i1 %b_i_valid, void @empty, i32 0, i32 0, void @empty_0, i32 0, i32 0, void @empty_0, void @empty_0, void @empty_0, i32 0, i32 0, i32 0, i32 0, void @empty_0, void @empty_0, i32 4294967295, i32 0"   --->   Operation 19 'specinterface' 'specinterface_ln0' <Predicate = true> <Delay = 0.00>
ST_1 : Operation 20 [1/1] (0.00ns)   --->   "%specbitsmap_ln0 = specbitsmap void @_ssdm_op_SpecBitsMap, i1 %b_i_ready"   --->   Operation 20 'specbitsmap' 'specbitsmap_ln0' <Predicate = true> <Delay = 0.00>
ST_1 : Operation 21 [1/1] (0.00ns)   --->   "%specinterface_ln0 = specinterface void @_ssdm_op_SpecInterface, i1 %b_i_ready, void @empty, i32 0, i32 0, void @empty_0, i32 0, i32 0, void @empty_0, void @empty_0, void @empty_0, i32 0, i32 0, i32 0, i32 0, void @empty_0, void @empty_0, i32 4294967295, i32 0"   --->   Operation 21 'specinterface' 'specinterface_ln0' <Predicate = true> <Delay = 0.00>
ST_1 : Operation 22 [1/1] (0.00ns)   --->   "%specbitsmap_ln0 = specbitsmap void @_ssdm_op_SpecBitsMap, i32 %b_i_data"   --->   Operation 22 'specbitsmap' 'specbitsmap_ln0' <Predicate = true> <Delay = 0.00>
ST_1 : Operation 23 [1/1] (0.00ns)   --->   "%specinterface_ln0 = specinterface void @_ssdm_op_SpecInterface, i32 %b_i_data, void @empty, i32 0, i32 0, void @empty_0, i32 0, i32 0, void @empty_0, void @empty_0, void @empty_0, i32 0, i32 0, i32 0, i32 0, void @empty_0, void @empty_0, i32 4294967295, i32 0"   --->   Operation 23 'specinterface' 'specinterface_ln0' <Predicate = true> <Delay = 0.00>
ST_1 : Operation 24 [1/1] (0.00ns)   --->   "%specbitsmap_ln0 = specbitsmap void @_ssdm_op_SpecBitsMap, i4 %b_i_strb"   --->   Operation 24 'specbitsmap' 'specbitsmap_ln0' <Predicate = true> <Delay = 0.00>
ST_1 : Operation 25 [1/1] (0.00ns)   --->   "%specinterface_ln0 = specinterface void @_ssdm_op_SpecInterface, i4 %b_i_strb, void @empty, i32 0, i32 0, void @empty_0, i32 0, i32 0, void @empty_0, void @empty_0, void @empty_0, i32 0, i32 0, i32 0, i32 0, void @empty_0, void @empty_0, i32 4294967295, i32 0"   --->   Operation 25 'specinterface' 'specinterface_ln0' <Predicate = true> <Delay = 0.00>
ST_1 : Operation 26 [1/1] (0.00ns)   --->   "%specbitsmap_ln0 = specbitsmap void @_ssdm_op_SpecBitsMap, i1 %c_i_valid"   --->   Operation 26 'specbitsmap' 'specbitsmap_ln0' <Predicate = true> <Delay = 0.00>
ST_1 : Operation 27 [1/1] (0.00ns)   --->   "%specinterface_ln0 = specinterface void @_ssdm_op_SpecInterface, i1 %c_i_valid, void @empty, i32 0, i32 0, void @empty_0, i32 0, i32 0, void @empty_0, void @empty_0, void @empty_0, i32 0, i32 0, i32 0, i32 0, void @empty_0, void @empty_0, i32 4294967295, i32 0"   --->   Operation 27 'specinterface' 'specinterface_ln0' <Predicate = true> <Delay = 0.00>
ST_1 : Operation 28 [1/1] (0.00ns)   --->   "%specbitsmap_ln0 = specbitsmap void @_ssdm_op_SpecBitsMap, i1 %c_i_ready"   --->   Operation 28 'specbitsmap' 'specbitsmap_ln0' <Predicate = true> <Delay = 0.00>
ST_1 : Operation 29 [1/1] (0.00ns)   --->   "%specinterface_ln0 = specinterface void @_ssdm_op_SpecInterface, i1 %c_i_ready, void @empty, i32 0, i32 0, void @empty_0, i32 0, i32 0, void @empty_0, void @empty_0, void @empty_0, i32 0, i32 0, i32 0, i32 0, void @empty_0, void @empty_0, i32 4294967295, i32 0"   --->   Operation 29 'specinterface' 'specinterface_ln0' <Predicate = true> <Delay = 0.00>
ST_1 : Operation 30 [1/1] (0.00ns)   --->   "%specbitsmap_ln0 = specbitsmap void @_ssdm_op_SpecBitsMap, i32 %c_i_data"   --->   Operation 30 'specbitsmap' 'specbitsmap_ln0' <Predicate = true> <Delay = 0.00>
ST_1 : Operation 31 [1/1] (0.00ns)   --->   "%specinterface_ln0 = specinterface void @_ssdm_op_SpecInterface, i32 %c_i_data, void @empty, i32 0, i32 0, void @empty_0, i32 0, i32 0, void @empty_0, void @empty_0, void @empty_0, i32 0, i32 0, i32 0, i32 0, void @empty_0, void @empty_0, i32 4294967295, i32 0"   --->   Operation 31 'specinterface' 'specinterface_ln0' <Predicate = true> <Delay = 0.00>
ST_1 : Operation 32 [1/1] (0.00ns)   --->   "%specbitsmap_ln0 = specbitsmap void @_ssdm_op_SpecBitsMap, i4 %c_i_strb"   --->   Operation 32 'specbitsmap' 'specbitsmap_ln0' <Predicate = true> <Delay = 0.00>
ST_1 : Operation 33 [1/1] (0.00ns)   --->   "%specinterface_ln0 = specinterface void @_ssdm_op_SpecInterface, i4 %c_i_strb, void @empty, i32 0, i32 0, void @empty_0, i32 0, i32 0, void @empty_0, void @empty_0, void @empty_0, i32 0, i32 0, i32 0, i32 0, void @empty_0, void @empty_0, i32 4294967295, i32 0"   --->   Operation 33 'specinterface' 'specinterface_ln0' <Predicate = true> <Delay = 0.00>
ST_1 : Operation 34 [1/1] (0.00ns)   --->   "%specbitsmap_ln0 = specbitsmap void @_ssdm_op_SpecBitsMap, i1 %d_o_valid"   --->   Operation 34 'specbitsmap' 'specbitsmap_ln0' <Predicate = true> <Delay = 0.00>
ST_1 : Operation 35 [1/1] (0.00ns)   --->   "%specinterface_ln0 = specinterface void @_ssdm_op_SpecInterface, i1 %d_o_valid, void @empty, i32 0, i32 0, void @empty_0, i32 0, i32 0, void @empty_0, void @empty_0, void @empty_0, i32 0, i32 0, i32 0, i32 0, void @empty_0, void @empty_0, i32 4294967295, i32 0"   --->   Operation 35 'specinterface' 'specinterface_ln0' <Predicate = true> <Delay = 0.00>
ST_1 : Operation 36 [1/1] (0.00ns)   --->   "%specbitsmap_ln0 = specbitsmap void @_ssdm_op_SpecBitsMap, i1 %d_o_ready"   --->   Operation 36 'specbitsmap' 'specbitsmap_ln0' <Predicate = true> <Delay = 0.00>
ST_1 : Operation 37 [1/1] (0.00ns)   --->   "%specinterface_ln0 = specinterface void @_ssdm_op_SpecInterface, i1 %d_o_ready, void @empty, i32 0, i32 0, void @empty_0, i32 0, i32 0, void @empty_0, void @empty_0, void @empty_0, i32 0, i32 0, i32 0, i32 0, void @empty_0, void @empty_0, i32 4294967295, i32 0"   --->   Operation 37 'specinterface' 'specinterface_ln0' <Predicate = true> <Delay = 0.00>
ST_1 : Operation 38 [1/1] (0.00ns)   --->   "%specbitsmap_ln0 = specbitsmap void @_ssdm_op_SpecBitsMap, i32 %d_o_data"   --->   Operation 38 'specbitsmap' 'specbitsmap_ln0' <Predicate = true> <Delay = 0.00>
ST_1 : Operation 39 [1/1] (0.00ns)   --->   "%specinterface_ln0 = specinterface void @_ssdm_op_SpecInterface, i32 %d_o_data, void @empty, i32 0, i32 0, void @empty_0, i32 0, i32 0, void @empty_0, void @empty_0, void @empty_0, i32 0, i32 0, i32 0, i32 0, void @empty_0, void @empty_0, i32 4294967295, i32 0"   --->   Operation 39 'specinterface' 'specinterface_ln0' <Predicate = true> <Delay = 0.00>
ST_1 : Operation 40 [1/1] (0.00ns)   --->   "%specbitsmap_ln0 = specbitsmap void @_ssdm_op_SpecBitsMap, i4 %d_o_strb"   --->   Operation 40 'specbitsmap' 'specbitsmap_ln0' <Predicate = true> <Delay = 0.00>
ST_1 : Operation 41 [1/1] (0.00ns)   --->   "%specinterface_ln0 = specinterface void @_ssdm_op_SpecInterface, i4 %d_o_strb, void @empty, i32 0, i32 0, void @empty_0, i32 0, i32 0, void @empty_0, void @empty_0, void @empty_0, i32 0, i32 0, i32 0, i32 0, void @empty_0, void @empty_0, i32 4294967295, i32 0"   --->   Operation 41 'specinterface' 'specinterface_ln0' <Predicate = true> <Delay = 0.00>
ST_1 : Operation 42 [1/1] (0.00ns)   --->   "%specbitsmap_ln0 = specbitsmap void @_ssdm_op_SpecBitsMap, i1 %clear"   --->   Operation 42 'specbitsmap' 'specbitsmap_ln0' <Predicate = true> <Delay = 0.00>
ST_1 : Operation 43 [1/1] (0.00ns)   --->   "%specinterface_ln0 = specinterface void @_ssdm_op_SpecInterface, i1 %clear, void @empty_1, i32 0, i32 0, void @empty_0, i32 0, i32 0, void @empty_0, void @empty_0, void @empty_0, i32 0, i32 0, i32 0, i32 0, void @empty_0, void @empty_0, i32 4294967295, i32 0"   --->   Operation 43 'specinterface' 'specinterface_ln0' <Predicate = true> <Delay = 0.00>
ST_1 : Operation 44 [1/1] (0.00ns)   --->   "%specbitsmap_ln0 = specbitsmap void @_ssdm_op_SpecBitsMap, i1 %enable"   --->   Operation 44 'specbitsmap' 'specbitsmap_ln0' <Predicate = true> <Delay = 0.00>
ST_1 : Operation 45 [1/1] (0.00ns)   --->   "%specinterface_ln0 = specinterface void @_ssdm_op_SpecInterface, i1 %enable, void @empty_1, i32 0, i32 0, void @empty_0, i32 0, i32 0, void @empty_0, void @empty_0, void @empty_0, i32 0, i32 0, i32 0, i32 0, void @empty_0, void @empty_0, i32 4294967295, i32 0"   --->   Operation 45 'specinterface' 'specinterface_ln0' <Predicate = true> <Delay = 0.00>
ST_1 : Operation 46 [1/1] (0.00ns)   --->   "%specbitsmap_ln0 = specbitsmap void @_ssdm_op_SpecBitsMap, i1 %function_r"   --->   Operation 46 'specbitsmap' 'specbitsmap_ln0' <Predicate = true> <Delay = 0.00>
ST_1 : Operation 47 [1/1] (0.00ns)   --->   "%specinterface_ln0 = specinterface void @_ssdm_op_SpecInterface, i1 %function_r, void @empty_1, i32 0, i32 0, void @empty_0, i32 0, i32 0, void @empty_0, void @empty_0, void @empty_0, i32 0, i32 0, i32 0, i32 0, void @empty_0, void @empty_0, i32 4294967295, i32 0"   --->   Operation 47 'specinterface' 'specinterface_ln0' <Predicate = true> <Delay = 0.00>
ST_1 : Operation 48 [1/1] (0.00ns)   --->   "%specbitsmap_ln0 = specbitsmap void @_ssdm_op_SpecBitsMap, i1 %start_r"   --->   Operation 48 'specbitsmap' 'specbitsmap_ln0' <Predicate = true> <Delay = 0.00>
ST_1 : Operation 49 [1/1] (0.00ns)   --->   "%specinterface_ln0 = specinterface void @_ssdm_op_SpecInterface, i1 %start_r, void @empty_1, i32 0, i32 0, void @empty_0, i32 0, i32 0, void @empty_0, void @empty_0, void @empty_0, i32 0, i32 0, i32 0, i32 0, void @empty_0, void @empty_0, i32 4294967295, i32 0"   --->   Operation 49 'specinterface' 'specinterface_ln0' <Predicate = true> <Delay = 0.00>
ST_1 : Operation 50 [1/1] (0.00ns)   --->   "%specbitsmap_ln0 = specbitsmap void @_ssdm_op_SpecBitsMap, i5 %shift"   --->   Operation 50 'specbitsmap' 'specbitsmap_ln0' <Predicate = true> <Delay = 0.00>
ST_1 : Operation 51 [1/1] (0.00ns)   --->   "%specinterface_ln0 = specinterface void @_ssdm_op_SpecInterface, i5 %shift, void @empty_1, i32 0, i32 0, void @empty_0, i32 0, i32 0, void @empty_0, void @empty_0, void @empty_0, i32 0, i32 0, i32 0, i32 0, void @empty_0, void @empty_0, i32 4294967295, i32 0"   --->   Operation 51 'specinterface' 'specinterface_ln0' <Predicate = true> <Delay = 0.00>
ST_1 : Operation 52 [1/1] (0.00ns)   --->   "%specbitsmap_ln0 = specbitsmap void @_ssdm_op_SpecBitsMap, i11 %len"   --->   Operation 52 'specbitsmap' 'specbitsmap_ln0' <Predicate = true> <Delay = 0.00>
ST_1 : Operation 53 [1/1] (0.00ns)   --->   "%specinterface_ln0 = specinterface void @_ssdm_op_SpecInterface, i11 %len, void @empty_1, i32 0, i32 0, void @empty_0, i32 0, i32 0, void @empty_0, void @empty_0, void @empty_0, i32 0, i32 0, i32 0, i32 0, void @empty_0, void @empty_0, i32 4294967295, i32 0"   --->   Operation 53 'specinterface' 'specinterface_ln0' <Predicate = true> <Delay = 0.00>
ST_1 : Operation 54 [1/1] (0.00ns)   --->   "%specbitsmap_ln0 = specbitsmap void @_ssdm_op_SpecBitsMap, i11 %f_cnt"   --->   Operation 54 'specbitsmap' 'specbitsmap_ln0' <Predicate = true> <Delay = 0.00>
ST_1 : Operation 55 [1/1] (0.00ns)   --->   "%specinterface_ln0 = specinterface void @_ssdm_op_SpecInterface, i11 %f_cnt, void @empty_1, i32 0, i32 0, void @empty_0, i32 0, i32 0, void @empty_0, void @empty_0, void @empty_0, i32 0, i32 0, i32 0, i32 0, void @empty_0, void @empty_0, i32 4294967295, i32 0"   --->   Operation 55 'specinterface' 'specinterface_ln0' <Predicate = true> <Delay = 0.00>
ST_1 : Operation 56 [1/1] (0.00ns)   --->   "%specbitsmap_ln0 = specbitsmap void @_ssdm_op_SpecBitsMap, i1 %f_valid"   --->   Operation 56 'specbitsmap' 'specbitsmap_ln0' <Predicate = true> <Delay = 0.00>
ST_1 : Operation 57 [1/1] (0.00ns)   --->   "%specinterface_ln0 = specinterface void @_ssdm_op_SpecInterface, i1 %f_valid, void @empty_1, i32 0, i32 0, void @empty_0, i32 0, i32 0, void @empty_0, void @empty_0, void @empty_0, i32 0, i32 0, i32 0, i32 0, void @empty_0, void @empty_0, i32 4294967295, i32 0"   --->   Operation 57 'specinterface' 'specinterface_ln0' <Predicate = true> <Delay = 0.00>
ST_1 : Operation 58 [1/1] (0.00ns)   --->   "%specinterface_ln0 = specinterface void @_ssdm_op_SpecInterface, i32 %buffer_1_rd, void @empty_2, i32 0, i32 0, void @empty_0, i32 0, i32 0, void @empty_0, void @empty_0, void @empty_0, i32 0, i32 0, i32 0, i32 0, void @empty_0, void @empty_0, i32 4294967295, i32 0"   --->   Operation 58 'specinterface' 'specinterface_ln0' <Predicate = true> <Delay = 0.00>
ST_1 : Operation 59 [1/1] (0.00ns)   --->   "%specbitsmap_ln0 = specbitsmap void @_ssdm_op_SpecBitsMap, i32 %buffer_1_rd"   --->   Operation 59 'specbitsmap' 'specbitsmap_ln0' <Predicate = true> <Delay = 0.00>
ST_1 : Operation 60 [1/1] (0.00ns)   --->   "%specinterface_ln0 = specinterface void @_ssdm_op_SpecInterface, i32 %buffer_1_rd1, void @empty_2, i32 0, i32 0, void @empty_0, i32 0, i32 0, void @empty_0, void @empty_0, void @empty_0, i32 0, i32 0, i32 0, i32 0, void @empty_0, void @empty_0, i32 4294967295, i32 0"   --->   Operation 60 'specinterface' 'specinterface_ln0' <Predicate = true> <Delay = 0.00>
ST_1 : Operation 61 [1/1] (0.00ns)   --->   "%specbitsmap_ln0 = specbitsmap void @_ssdm_op_SpecBitsMap, i32 %buffer_1_rd1"   --->   Operation 61 'specbitsmap' 'specbitsmap_ln0' <Predicate = true> <Delay = 0.00>
ST_1 : Operation 62 [1/1] (0.00ns)   --->   "%specinterface_ln0 = specinterface void @_ssdm_op_SpecInterface, i64 %buffer_1_wr, void @empty_3, i32 0, i32 0, void @empty_0, i32 4294967295, i32 0, void @empty_0, void @empty_0, void @empty_0, i32 0, i32 0, i32 0, i32 0, void @empty_0, void @empty_0, i32 4294967295, i32 0"   --->   Operation 62 'specinterface' 'specinterface_ln0' <Predicate = true> <Delay = 0.00>
ST_1 : Operation 63 [1/1] (0.00ns)   --->   "%specbitsmap_ln0 = specbitsmap void @_ssdm_op_SpecBitsMap, i64 %buffer_1_wr"   --->   Operation 63 'specbitsmap' 'specbitsmap_ln0' <Predicate = true> <Delay = 0.00>
ST_1 : Operation 64 [1/1] (0.00ns)   --->   "%specinterface_ln0 = specinterface void @_ssdm_op_SpecInterface, i64 %buffer_1_wr1, void @empty_3, i32 0, i32 0, void @empty_0, i32 4294967295, i32 0, void @empty_0, void @empty_0, void @empty_0, i32 0, i32 0, i32 0, i32 0, void @empty_0, void @empty_0, i32 4294967295, i32 0"   --->   Operation 64 'specinterface' 'specinterface_ln0' <Predicate = true> <Delay = 0.00>
ST_1 : Operation 65 [1/1] (0.00ns)   --->   "%specbitsmap_ln0 = specbitsmap void @_ssdm_op_SpecBitsMap, i64 %buffer_1_wr1"   --->   Operation 65 'specbitsmap' 'specbitsmap_ln0' <Predicate = true> <Delay = 0.00>
ST_1 : Operation 66 [1/1] (0.00ns)   --->   "%specbitsmap_ln0 = specbitsmap void @_ssdm_op_SpecBitsMap, i1 %compute_start1"   --->   Operation 66 'specbitsmap' 'specbitsmap_ln0' <Predicate = true> <Delay = 0.00>
ST_1 : Operation 67 [1/1] (0.00ns)   --->   "%specinterface_ln0 = specinterface void @_ssdm_op_SpecInterface, i1 %compute_start1, void @empty, i32 0, i32 0, void @empty_0, i32 0, i32 0, void @empty_0, void @empty_0, void @empty_0, i32 0, i32 0, i32 0, i32 0, void @empty_0, void @empty_0, i32 4294967295, i32 0"   --->   Operation 67 'specinterface' 'specinterface_ln0' <Predicate = true> <Delay = 0.00>
ST_1 : Operation 68 [1/1] (0.00ns)   --->   "%specbitsmap_ln0 = specbitsmap void @_ssdm_op_SpecBitsMap, i1 %compute_done1"   --->   Operation 68 'specbitsmap' 'specbitsmap_ln0' <Predicate = true> <Delay = 0.00>
ST_1 : Operation 69 [1/1] (0.00ns)   --->   "%specinterface_ln0 = specinterface void @_ssdm_op_SpecInterface, i1 %compute_done1, void @empty, i32 0, i32 0, void @empty_0, i32 0, i32 0, void @empty_0, void @empty_0, void @empty_0, i32 0, i32 0, i32 0, i32 0, void @empty_0, void @empty_0, i32 4294967295, i32 0"   --->   Operation 69 'specinterface' 'specinterface_ln0' <Predicate = true> <Delay = 0.00>
ST_1 : Operation 70 [1/1] (0.00ns)   --->   "%specbitsmap_ln0 = specbitsmap void @_ssdm_op_SpecBitsMap, i1 %compute_start2"   --->   Operation 70 'specbitsmap' 'specbitsmap_ln0' <Predicate = true> <Delay = 0.00>
ST_1 : Operation 71 [1/1] (0.00ns)   --->   "%specinterface_ln0 = specinterface void @_ssdm_op_SpecInterface, i1 %compute_start2, void @empty, i32 0, i32 0, void @empty_0, i32 0, i32 0, void @empty_0, void @empty_0, void @empty_0, i32 0, i32 0, i32 0, i32 0, void @empty_0, void @empty_0, i32 4294967295, i32 0"   --->   Operation 71 'specinterface' 'specinterface_ln0' <Predicate = true> <Delay = 0.00>
ST_1 : Operation 72 [1/1] (0.00ns)   --->   "%specbitsmap_ln0 = specbitsmap void @_ssdm_op_SpecBitsMap, i1 %compute_done2"   --->   Operation 72 'specbitsmap' 'specbitsmap_ln0' <Predicate = true> <Delay = 0.00>
ST_1 : Operation 73 [1/1] (0.00ns)   --->   "%specinterface_ln0 = specinterface void @_ssdm_op_SpecInterface, i1 %compute_done2, void @empty, i32 0, i32 0, void @empty_0, i32 0, i32 0, void @empty_0, void @empty_0, void @empty_0, i32 0, i32 0, i32 0, i32 0, void @empty_0, void @empty_0, i32 4294967295, i32 0"   --->   Operation 73 'specinterface' 'specinterface_ln0' <Predicate = true> <Delay = 0.00>
ST_1 : Operation 74 [1/1] (0.00ns)   --->   "%specbitsmap_ln0 = specbitsmap void @_ssdm_op_SpecBitsMap, i1 %slave_start1"   --->   Operation 74 'specbitsmap' 'specbitsmap_ln0' <Predicate = true> <Delay = 0.00>
ST_1 : Operation 75 [1/1] (0.00ns)   --->   "%specinterface_ln0 = specinterface void @_ssdm_op_SpecInterface, i1 %slave_start1, void @empty, i32 0, i32 0, void @empty_0, i32 0, i32 0, void @empty_0, void @empty_0, void @empty_0, i32 0, i32 0, i32 0, i32 0, void @empty_0, void @empty_0, i32 4294967295, i32 0"   --->   Operation 75 'specinterface' 'specinterface_ln0' <Predicate = true> <Delay = 0.00>
ST_1 : Operation 76 [1/1] (0.00ns)   --->   "%specbitsmap_ln0 = specbitsmap void @_ssdm_op_SpecBitsMap, i1 %slave_done1"   --->   Operation 76 'specbitsmap' 'specbitsmap_ln0' <Predicate = true> <Delay = 0.00>
ST_1 : Operation 77 [1/1] (0.00ns)   --->   "%specinterface_ln0 = specinterface void @_ssdm_op_SpecInterface, i1 %slave_done1, void @empty, i32 0, i32 0, void @empty_0, i32 0, i32 0, void @empty_0, void @empty_0, void @empty_0, i32 0, i32 0, i32 0, i32 0, void @empty_0, void @empty_0, i32 4294967295, i32 0"   --->   Operation 77 'specinterface' 'specinterface_ln0' <Predicate = true> <Delay = 0.00>
ST_1 : Operation 78 [1/1] (0.00ns)   --->   "%specbitsmap_ln0 = specbitsmap void @_ssdm_op_SpecBitsMap, i1 %slave_start2"   --->   Operation 78 'specbitsmap' 'specbitsmap_ln0' <Predicate = true> <Delay = 0.00>
ST_1 : Operation 79 [1/1] (0.00ns)   --->   "%specinterface_ln0 = specinterface void @_ssdm_op_SpecInterface, i1 %slave_start2, void @empty, i32 0, i32 0, void @empty_0, i32 0, i32 0, void @empty_0, void @empty_0, void @empty_0, i32 0, i32 0, i32 0, i32 0, void @empty_0, void @empty_0, i32 4294967295, i32 0"   --->   Operation 79 'specinterface' 'specinterface_ln0' <Predicate = true> <Delay = 0.00>
ST_1 : Operation 80 [1/1] (0.00ns)   --->   "%specbitsmap_ln0 = specbitsmap void @_ssdm_op_SpecBitsMap, i1 %slave_done2"   --->   Operation 80 'specbitsmap' 'specbitsmap_ln0' <Predicate = true> <Delay = 0.00>
ST_1 : Operation 81 [1/1] (0.00ns)   --->   "%specinterface_ln0 = specinterface void @_ssdm_op_SpecInterface, i1 %slave_done2, void @empty, i32 0, i32 0, void @empty_0, i32 0, i32 0, void @empty_0, void @empty_0, void @empty_0, i32 0, i32 0, i32 0, i32 0, void @empty_0, void @empty_0, i32 4294967295, i32 0"   --->   Operation 81 'specinterface' 'specinterface_ln0' <Predicate = true> <Delay = 0.00>
ST_1 : Operation 82 [1/1] (0.00ns)   --->   "%buffer_ok_load = load i1 %buffer_ok" [Control/control.cpp:96]   --->   Operation 82 'load' 'buffer_ok_load' <Predicate = true> <Delay = 0.00>
ST_1 : Operation 83 [1/1] (0.28ns)   --->   "%xor_ln96 = xor i1 %buffer_ok_load, i1 1" [Control/control.cpp:96]   --->   Operation 83 'xor' 'xor_ln96' <Predicate = true> <Delay = 0.28> <CoreInst = "LogicGate">   --->   Core 74 'LogicGate' <Latency = 0> <II = 1> <Delay = 0.28> <FuncUnit> <Opcode : 'and' 'or' 'xor'> <InPorts = 2> <OutPorts = 1>
ST_1 : Operation 84 [1/1] (0.00ns)   --->   "%write_ln96 = write void @_ssdm_op_Write.ap_none.i1P0A, i1 %a_i_ready, i1 %xor_ln96" [Control/control.cpp:96]   --->   Operation 84 'write' 'write_ln96' <Predicate = true> <Delay = 0.00>
ST_1 : Operation 85 [1/1] (0.00ns)   --->   "%write_ln97 = write void @_ssdm_op_Write.ap_none.i1P0A, i1 %b_i_ready, i1 %xor_ln96" [Control/control.cpp:97]   --->   Operation 85 'write' 'write_ln97' <Predicate = true> <Delay = 0.00>
ST_1 : Operation 86 [1/1] (0.00ns)   --->   "%write_ln98 = write void @_ssdm_op_Write.ap_none.i1P0A, i1 %c_i_ready, i1 1" [Control/control.cpp:98]   --->   Operation 86 'write' 'write_ln98' <Predicate = true> <Delay = 0.00>
ST_1 : Operation 87 [1/1] (0.00ns)   --->   "%d_o_ready_read = read i1 @_ssdm_op_Read.ap_none.i1P0A, i1 %d_o_ready" [Control/control.cpp:99]   --->   Operation 87 'read' 'd_o_ready_read' <Predicate = true> <Delay = 0.00>
ST_1 : Operation 88 [1/1] (0.00ns)   --->   "%r_acc_valid_load = load i1 %r_acc_valid" [Control/control.cpp:99]   --->   Operation 88 'load' 'r_acc_valid_load' <Predicate = true> <Delay = 0.00>
ST_1 : Operation 89 [1/1] (0.00ns)   --->   "%state_load = load i4 %state" [Control/control.cpp:101]   --->   Operation 89 'load' 'state_load' <Predicate = true> <Delay = 0.00>
ST_1 : Operation 90 [1/1] (0.00ns)   --->   "%b_count_V_load = load i4 %b_count_V"   --->   Operation 90 'load' 'b_count_V_load' <Predicate = true> <Delay = 0.00>
ST_1 : Operation 91 [1/1] (0.00ns)   --->   "%r_cnt_V_load = load i14 %r_cnt_V"   --->   Operation 91 'load' 'r_cnt_V_load' <Predicate = true> <Delay = 0.00>
ST_1 : Operation 92 [1/1] (0.00ns)   --->   "%trunc_ln212 = trunc i14 %r_cnt_V_load" [Control/control.cpp:212]   --->   Operation 92 'trunc' 'trunc_ln212' <Predicate = true> <Delay = 0.00>
ST_1 : Operation 93 [1/1] (0.00ns)   --->   "%i_load = load i32 %i" [Control/control.cpp:212]   --->   Operation 93 'load' 'i_load' <Predicate = true> <Delay = 0.00>
ST_1 : Operation 94 [1/1] (0.00ns)   --->   "%done1_seen_load = load i1 %done1_seen" [Control/control.cpp:206]   --->   Operation 94 'load' 'done1_seen_load' <Predicate = true> <Delay = 0.00>
ST_1 : Operation 95 [1/1] (0.00ns)   --->   "%done2_seen_load = load i1 %done2_seen" [Control/control.cpp:199]   --->   Operation 95 'load' 'done2_seen_load' <Predicate = true> <Delay = 0.00>
ST_1 : Operation 96 [1/1] (0.00ns)   --->   "%a_i_valid_read = read i1 @_ssdm_op_Read.ap_none.i1P0A, i1 %a_i_valid" [Control/control.cpp:134]   --->   Operation 96 'read' 'a_i_valid_read' <Predicate = true> <Delay = 0.00>
ST_1 : Operation 97 [1/1] (0.00ns)   --->   "%b_i_valid_read = read i1 @_ssdm_op_Read.ap_none.i1P0A, i1 %b_i_valid" [Control/control.cpp:134]   --->   Operation 97 'read' 'b_i_valid_read' <Predicate = true> <Delay = 0.00>
ST_1 : Operation 98 [1/1] (0.00ns)   --->   "%tmp_a_V = read i32 @_ssdm_op_Read.ap_none.i32P0A, i32 %a_i_data" [Control/control.cpp:137]   --->   Operation 98 'read' 'tmp_a_V' <Predicate = true> <Delay = 0.00>
ST_1 : Operation 99 [1/1] (0.00ns)   --->   "%tmp_b_V = read i32 @_ssdm_op_Read.ap_none.i32P0A, i32 %b_i_data" [Control/control.cpp:138]   --->   Operation 99 'read' 'tmp_b_V' <Predicate = true> <Delay = 0.00>
ST_1 : Operation 100 [1/1] (0.72ns)   --->   "%switch_ln101 = switch i4 %state_load, void %sw.epilog, i4 0, void %sw.bb, i4 1, void %sw.bb24, i4 2, void %sw.bb42, i4 3, void %sw.bb71, i4 4, void %sw.bb77, i4 6, void %sw.bb85, i4 7, void %sw.bb89, i4 8, void %sw.bb105" [Control/control.cpp:101]   --->   Operation 100 'switch' 'switch_ln101' <Predicate = true> <Delay = 0.72>
ST_1 : Operation 101 [1/1] (0.00ns)   --->   "%zext_ln1027 = zext i11 %len_read"   --->   Operation 101 'zext' 'zext_ln1027' <Predicate = (state_load == 8)> <Delay = 0.00>
ST_1 : Operation 102 [1/1] (0.00ns)   --->   "%zext_ln1027_1 = zext i11 %len_read"   --->   Operation 102 'zext' 'zext_ln1027_1' <Predicate = (state_load == 8)> <Delay = 0.00>
ST_1 : Operation 103 [1/1] (1.03ns)   --->   "%icmp_ln1027 = icmp_ult  i14 %r_cnt_V_load, i14 %zext_ln1027_1"   --->   Operation 103 'icmp' 'icmp_ln1027' <Predicate = (state_load == 8)> <Delay = 1.03> <CoreInst = "Cmp">   --->   Core 9 'Cmp' <Latency = 0> <II = 1> <Delay = 1.03> <FuncUnit> <Opcode : 'icmp'> <InPorts = 2> <OutPorts = 1>
ST_1 : Operation 104 [1/1] (0.42ns)   --->   "%br_ln224 = br i1 %icmp_ln1027, void %if.end114, void %land.lhs.true107" [Control/control.cpp:224]   --->   Operation 104 'br' 'br_ln224' <Predicate = (state_load == 8)> <Delay = 0.42>
ST_1 : Operation 105 [1/1] (0.00ns)   --->   "%store_result_ready_load = load i1 %store_result_ready" [Control/control.cpp:224]   --->   Operation 105 'load' 'store_result_ready_load' <Predicate = (state_load == 8 & icmp_ln1027)> <Delay = 0.00>
ST_1 : Operation 106 [1/1] (0.42ns)   --->   "%br_ln224 = br i1 %store_result_ready_load, void %if.end114, void %if.then108" [Control/control.cpp:224]   --->   Operation 106 'br' 'br_ln224' <Predicate = (state_load == 8 & icmp_ln1027)> <Delay = 0.42>
ST_1 : Operation 107 [1/1] (0.00ns)   --->   "%buffer_V_load = load i32 %buffer_V" [Control/control.cpp:225]   --->   Operation 107 'load' 'buffer_V_load' <Predicate = (state_load == 8 & icmp_ln1027 & store_result_ready_load)> <Delay = 0.00>
ST_1 : Operation 108 [1/1] (0.42ns)   --->   "%store_ln225 = store i32 %buffer_V_load, i32 %r_acc_V" [Control/control.cpp:225]   --->   Operation 108 'store' 'store_ln225' <Predicate = (state_load == 8 & icmp_ln1027 & store_result_ready_load)> <Delay = 0.42>
ST_1 : Operation 109 [1/1] (1.03ns)   --->   "%icmp_ln1027_1 = icmp_eq  i14 %r_cnt_V_load, i14 0"   --->   Operation 109 'icmp' 'icmp_ln1027_1' <Predicate = (state_load == 8 & icmp_ln1027 & store_result_ready_load)> <Delay = 1.03> <CoreInst = "Cmp">   --->   Core 9 'Cmp' <Latency = 0> <II = 1> <Delay = 1.03> <FuncUnit> <Opcode : 'icmp'> <InPorts = 2> <OutPorts = 1>
ST_1 : Operation 110 [1/1] (0.23ns)   --->   "%select_ln226 = select i1 %icmp_ln1027_1, i14 1, i14 %r_cnt_V_load" [Control/control.cpp:226]   --->   Operation 110 'select' 'select_ln226' <Predicate = (state_load == 8 & icmp_ln1027 & store_result_ready_load)> <Delay = 0.23> <CoreInst = "Sel">   --->   Core 73 'Sel' <Latency = 0> <II = 1> <Delay = 0.23> <FuncUnit> <Opcode : 'select'> <InPorts = 3> <OutPorts = 1>
ST_1 : Operation 111 [1/1] (0.42ns)   --->   "%br_ln226 = br void %if.end114" [Control/control.cpp:226]   --->   Operation 111 'br' 'br_ln226' <Predicate = (state_load == 8 & icmp_ln1027 & store_result_ready_load)> <Delay = 0.42>
ST_1 : Operation 112 [1/1] (0.00ns)   --->   "%r_cnt_V_flag_0 = phi i1 0, void %land.lhs.true107, i1 0, void %sw.bb105, i1 %icmp_ln1027_1, void %if.then108"   --->   Operation 112 'phi' 'r_cnt_V_flag_0' <Predicate = (state_load == 8)> <Delay = 0.00>
ST_1 : Operation 113 [1/1] (0.00ns)   --->   "%r_cnt_V_loc_0 = phi i14 %r_cnt_V_load, void %land.lhs.true107, i14 %r_cnt_V_load, void %sw.bb105, i14 %select_ln226, void %if.then108"   --->   Operation 113 'phi' 'r_cnt_V_loc_0' <Predicate = (state_load == 8)> <Delay = 0.00>
ST_1 : Operation 114 [1/1] (0.00ns)   --->   "%trunc_ln228 = trunc i14 %r_cnt_V_loc_0" [Control/control.cpp:228]   --->   Operation 114 'trunc' 'trunc_ln228' <Predicate = (state_load == 8)> <Delay = 0.00>
ST_1 : Operation 115 [1/1] (0.00ns)   --->   "%br_ln228 = br i1 %r_acc_valid_load, void %if.then117, void %if.else121" [Control/control.cpp:228]   --->   Operation 115 'br' 'br_ln228' <Predicate = (state_load == 8)> <Delay = 0.00>
ST_1 : Operation 116 [1/1] (1.03ns)   --->   "%icmp_ln1031 = icmp_eq  i14 %r_cnt_V_loc_0, i14 0"   --->   Operation 116 'icmp' 'icmp_ln1031' <Predicate = (state_load == 8 & !r_acc_valid_load)> <Delay = 1.03> <CoreInst = "Cmp">   --->   Core 9 'Cmp' <Latency = 0> <II = 1> <Delay = 1.03> <FuncUnit> <Opcode : 'icmp'> <InPorts = 2> <OutPorts = 1>
ST_1 : Operation 117 [1/1] (0.42ns)   --->   "%br_ln229 = br i1 %icmp_ln1031, void %if.then119, void %if.end124" [Control/control.cpp:229]   --->   Operation 117 'br' 'br_ln229' <Predicate = (state_load == 8 & !r_acc_valid_load)> <Delay = 0.42>
ST_1 : Operation 118 [1/1] (0.42ns)   --->   "%store_ln230 = store i1 1, i1 %r_acc_valid" [Control/control.cpp:230]   --->   Operation 118 'store' 'store_ln230' <Predicate = (state_load == 8 & !r_acc_valid_load & !icmp_ln1031)> <Delay = 0.42>
ST_1 : Operation 119 [1/1] (1.01ns)   --->   "%add_ln231 = add i32 %i_load, i32 1" [Control/control.cpp:231]   --->   Operation 119 'add' 'add_ln231' <Predicate = (state_load == 8 & !r_acc_valid_load & !icmp_ln1031)> <Delay = 1.01> <CoreInst = "Adder">   --->   Core 1 'Adder' <Latency = 0> <II = 1> <Delay = 1.01> <FuncUnit> <Opcode : 'add' 'sub'> <InPorts = 2> <OutPorts = 1>
ST_1 : Operation 120 [1/1] (0.42ns)   --->   "%store_ln231 = store i32 %add_ln231, i32 %i" [Control/control.cpp:231]   --->   Operation 120 'store' 'store_ln231' <Predicate = (state_load == 8 & !r_acc_valid_load & !icmp_ln1031)> <Delay = 0.42>
ST_1 : Operation 121 [1/1] (0.42ns)   --->   "%br_ln232 = br void %if.end124" [Control/control.cpp:232]   --->   Operation 121 'br' 'br_ln232' <Predicate = (state_load == 8 & !r_acc_valid_load & !icmp_ln1031)> <Delay = 0.42>
ST_1 : Operation 122 [1/1] (0.42ns)   --->   "%store_ln234 = store i1 0, i1 %r_acc_valid" [Control/control.cpp:234]   --->   Operation 122 'store' 'store_ln234' <Predicate = (state_load == 8 & r_acc_valid_load)> <Delay = 0.42>
ST_1 : Operation 123 [1/1] (0.83ns)   --->   "%add_ln186 = add i14 %r_cnt_V_loc_0, i14 1"   --->   Operation 123 'add' 'add_ln186' <Predicate = (state_load == 8 & r_acc_valid_load)> <Delay = 0.83> <CoreInst = "Adder">   --->   Core 1 'Adder' <Latency = 0> <II = 1> <Delay = 0.83> <FuncUnit> <Opcode : 'add' 'sub'> <InPorts = 2> <OutPorts = 1>
ST_1 : Operation 124 [1/1] (0.79ns)   --->   "%add_ln186_cast = add i11 %trunc_ln228, i11 1" [Control/control.cpp:228]   --->   Operation 124 'add' 'add_ln186_cast' <Predicate = (state_load == 8 & r_acc_valid_load)> <Delay = 0.79> <CoreInst = "Adder">   --->   Core 1 'Adder' <Latency = 0> <II = 1> <Delay = 0.79> <FuncUnit> <Opcode : 'add' 'sub'> <InPorts = 2> <OutPorts = 1>
ST_1 : Operation 125 [1/1] (0.42ns)   --->   "%br_ln0 = br void %if.end124"   --->   Operation 125 'br' 'br_ln0' <Predicate = (state_load == 8 & r_acc_valid_load)> <Delay = 0.42>
ST_1 : Operation 126 [1/1] (0.00ns) (grouped into LUT with out node or_ln238)   --->   "%state_flag_7 = phi i1 1, void %if.else121, i1 0, void %if.then117, i1 0, void %if.then119"   --->   Operation 126 'phi' 'state_flag_7' <Predicate = (state_load == 8)> <Delay = 0.00>
ST_1 : Operation 127 [1/1] (0.00ns)   --->   "%r_cnt_V_flag_1 = phi i1 1, void %if.else121, i1 %r_cnt_V_flag_0, void %if.then117, i1 %r_cnt_V_flag_0, void %if.then119"   --->   Operation 127 'phi' 'r_cnt_V_flag_1' <Predicate = (state_load == 8)> <Delay = 0.00>
ST_1 : Operation 128 [1/1] (0.00ns)   --->   "%r_cnt_V_new_1 = phi i14 %add_ln186, void %if.else121, i14 1, void %if.then117, i14 1, void %if.then119"   --->   Operation 128 'phi' 'r_cnt_V_new_1' <Predicate = (state_load == 8)> <Delay = 0.00>
ST_1 : Operation 129 [1/1] (0.00ns)   --->   "%r_cnt_V_loc_1 = phi i11 %add_ln186_cast, void %if.else121, i11 %trunc_ln228, void %if.then117, i11 %trunc_ln228, void %if.then119" [Control/control.cpp:228]   --->   Operation 129 'phi' 'r_cnt_V_loc_1' <Predicate = (state_load == 8)> <Delay = 0.00>
ST_1 : Operation 130 [1/1] (0.00ns)   --->   "%i_op_assign = phi i32 %i_load, void %if.else121, i32 %i_load, void %if.then117, i32 %add_ln231, void %if.then119" [Control/control.cpp:212]   --->   Operation 130 'phi' 'i_op_assign' <Predicate = (state_load == 8)> <Delay = 0.00>
ST_1 : Operation 131 [1/1] (0.00ns)   --->   "%empty = phi i1 0, void %if.else121, i1 0, void %if.then117, i1 1, void %if.then119"   --->   Operation 131 'phi' 'empty' <Predicate = (state_load == 8)> <Delay = 0.00>
ST_1 : Operation 132 [1/1] (0.99ns)   --->   "%icmp_ln1019_2 = icmp_eq  i32 %i_op_assign, i32 %zext_ln1027"   --->   Operation 132 'icmp' 'icmp_ln1019_2' <Predicate = (state_load == 8)> <Delay = 0.99> <CoreInst = "Cmp">   --->   Core 9 'Cmp' <Latency = 0> <II = 1> <Delay = 0.99> <FuncUnit> <Opcode : 'icmp'> <InPorts = 2> <OutPorts = 1>
ST_1 : Operation 133 [1/1] (0.28ns) (out node of the LUT)   --->   "%or_ln238 = or i1 %icmp_ln1019_2, i1 %state_flag_7" [Control/control.cpp:238]   --->   Operation 133 'or' 'or_ln238' <Predicate = (state_load == 8)> <Delay = 0.28> <CoreInst = "LogicGate">   --->   Core 74 'LogicGate' <Latency = 0> <II = 1> <Delay = 0.28> <FuncUnit> <Opcode : 'and' 'or' 'xor'> <InPorts = 2> <OutPorts = 1>
ST_1 : Operation 134 [1/1] (0.39ns)   --->   "%select_ln241 = select i1 %icmp_ln1019_2, i4 0, i4 7" [Control/control.cpp:241]   --->   Operation 134 'select' 'select_ln241' <Predicate = (state_load == 8)> <Delay = 0.39> <CoreInst = "Sel">   --->   Core 73 'Sel' <Latency = 0> <II = 1> <Delay = 0.20> <FuncUnit> <Opcode : 'select'> <InPorts = 3> <OutPorts = 1>
ST_1 : Operation 135 [1/1] (0.72ns)   --->   "%br_ln241 = br void %sw.epilog" [Control/control.cpp:241]   --->   Operation 135 'br' 'br_ln241' <Predicate = (state_load == 8)> <Delay = 0.72>
ST_1 : Operation 136 [1/1] (0.00ns)   --->   "%tmp = nbreadreq i1 @_ssdm_op_NbReadReq.ap_fifo.i32P0A, i32 %buffer_1_rd, i32 1" [Control/control.cpp:212]   --->   Operation 136 'nbreadreq' 'tmp' <Predicate = (state_load == 7)> <Delay = 0.00> <CoreInst = "FIFO">   --->   Core 78 'FIFO' <Latency = 0> <II = 1> <Delay = 1.63> <Storage> <Opcode : 'read' 'write' 'nbread' 'nbwrite'> <Ports = 0> <Width = -1> <Depth = -1> <FIFO>
ST_1 : Operation 137 [1/1] (0.00ns)   --->   "%tmp_2 = partselect i28 @_ssdm_op_PartSelect.i28.i32.i32.i32, i32 %i_load, i32 4, i32 31" [Control/control.cpp:212]   --->   Operation 137 'partselect' 'tmp_2' <Predicate = (state_load == 7)> <Delay = 0.00>
ST_1 : Operation 138 [1/1] (1.01ns)   --->   "%icmp_ln212 = icmp_slt  i28 %tmp_2, i28 1" [Control/control.cpp:212]   --->   Operation 138 'icmp' 'icmp_ln212' <Predicate = (state_load == 7)> <Delay = 1.01> <CoreInst = "Cmp">   --->   Core 9 'Cmp' <Latency = 0> <II = 1> <Delay = 1.01> <FuncUnit> <Opcode : 'icmp'> <InPorts = 2> <OutPorts = 1>
ST_1 : Operation 139 [1/1] (0.28ns)   --->   "%and_ln212 = and i1 %tmp, i1 %icmp_ln212" [Control/control.cpp:212]   --->   Operation 139 'and' 'and_ln212' <Predicate = (state_load == 7)> <Delay = 0.28> <CoreInst = "LogicGate">   --->   Core 74 'LogicGate' <Latency = 0> <II = 1> <Delay = 0.28> <FuncUnit> <Opcode : 'and' 'or' 'xor'> <InPorts = 2> <OutPorts = 1>
ST_1 : Operation 140 [1/1] (0.00ns)   --->   "%br_ln212 = br i1 %and_ln212, void %if.else96, void %if.then93" [Control/control.cpp:212]   --->   Operation 140 'br' 'br_ln212' <Predicate = (state_load == 7)> <Delay = 0.00>
ST_1 : Operation 141 [1/1] (0.00ns)   --->   "%tmp_1 = nbreadreq i1 @_ssdm_op_NbReadReq.ap_fifo.i32P0A, i32 %buffer_1_rd1, i32 1" [Control/control.cpp:216]   --->   Operation 141 'nbreadreq' 'tmp_1' <Predicate = (state_load == 7 & !and_ln212)> <Delay = 0.00> <CoreInst = "FIFO">   --->   Core 78 'FIFO' <Latency = 0> <II = 1> <Delay = 1.63> <Storage> <Opcode : 'read' 'write' 'nbread' 'nbwrite'> <Ports = 0> <Width = -1> <Depth = -1> <FIFO>
ST_1 : Operation 142 [1/1] (0.00ns)   --->   "%tmp_5 = partselect i28 @_ssdm_op_PartSelect.i28.i32.i32.i32, i32 %i_load, i32 4, i32 31" [Control/control.cpp:216]   --->   Operation 142 'partselect' 'tmp_5' <Predicate = (state_load == 7 & !and_ln212)> <Delay = 0.00>
ST_1 : Operation 143 [1/1] (1.01ns)   --->   "%icmp_ln216 = icmp_sgt  i28 %tmp_5, i28 0" [Control/control.cpp:216]   --->   Operation 143 'icmp' 'icmp_ln216' <Predicate = (state_load == 7 & !and_ln212)> <Delay = 1.01> <CoreInst = "Cmp">   --->   Core 9 'Cmp' <Latency = 0> <II = 1> <Delay = 1.01> <FuncUnit> <Opcode : 'icmp'> <InPorts = 2> <OutPorts = 1>
ST_1 : Operation 144 [1/1] (0.28ns)   --->   "%and_ln216 = and i1 %tmp_1, i1 %icmp_ln216" [Control/control.cpp:216]   --->   Operation 144 'and' 'and_ln216' <Predicate = (state_load == 7 & !and_ln212)> <Delay = 0.28> <CoreInst = "LogicGate">   --->   Core 74 'LogicGate' <Latency = 0> <II = 1> <Delay = 0.28> <FuncUnit> <Opcode : 'and' 'or' 'xor'> <InPorts = 2> <OutPorts = 1>
ST_1 : Operation 145 [1/1] (0.72ns)   --->   "%br_ln216 = br i1 %and_ln216, void %sw.epilog, void %if.then100" [Control/control.cpp:216]   --->   Operation 145 'br' 'br_ln216' <Predicate = (state_load == 7 & !and_ln212)> <Delay = 0.72>
ST_1 : Operation 146 [1/1] (1.63ns)   --->   "%buffer_1_rd1_read = read i32 @_ssdm_op_Read.ap_fifo.volatile.i32P0A, i32 %buffer_1_rd1" [Control/control.cpp:217]   --->   Operation 146 'read' 'buffer_1_rd1_read' <Predicate = (state_load == 7 & !and_ln212 & and_ln216)> <Delay = 1.63> <CoreInst = "FIFO">   --->   Core 78 'FIFO' <Latency = 0> <II = 1> <Delay = 1.63> <Storage> <Opcode : 'read' 'write' 'nbread' 'nbwrite'> <Ports = 0> <Width = -1> <Depth = -1> <FIFO>
ST_1 : Operation 147 [1/1] (0.47ns)   --->   "%store_ln217 = store i32 %buffer_1_rd1_read, i32 %buffer_V" [Control/control.cpp:217]   --->   Operation 147 'store' 'store_ln217' <Predicate = (state_load == 7 & !and_ln212 & and_ln216)> <Delay = 0.47>
ST_1 : Operation 148 [1/1] (0.72ns)   --->   "%br_ln219 = br void %sw.epilog" [Control/control.cpp:219]   --->   Operation 148 'br' 'br_ln219' <Predicate = (state_load == 7 & !and_ln212 & and_ln216)> <Delay = 0.72>
ST_1 : Operation 149 [1/1] (1.63ns)   --->   "%buffer_1_rd_read = read i32 @_ssdm_op_Read.ap_fifo.volatile.i32P0A, i32 %buffer_1_rd" [Control/control.cpp:213]   --->   Operation 149 'read' 'buffer_1_rd_read' <Predicate = (state_load == 7 & and_ln212)> <Delay = 1.63> <CoreInst = "FIFO">   --->   Core 78 'FIFO' <Latency = 0> <II = 1> <Delay = 1.63> <Storage> <Opcode : 'read' 'write' 'nbread' 'nbwrite'> <Ports = 0> <Width = -1> <Depth = -1> <FIFO>
ST_1 : Operation 150 [1/1] (0.47ns)   --->   "%store_ln213 = store i32 %buffer_1_rd_read, i32 %buffer_V" [Control/control.cpp:213]   --->   Operation 150 'store' 'store_ln213' <Predicate = (state_load == 7 & and_ln212)> <Delay = 0.47>
ST_1 : Operation 151 [1/1] (0.72ns)   --->   "%br_ln215 = br void %sw.epilog" [Control/control.cpp:215]   --->   Operation 151 'br' 'br_ln215' <Predicate = (state_load == 7 & and_ln212)> <Delay = 0.72>
ST_1 : Operation 152 [1/1] (0.28ns)   --->   "%and_ln206 = and i1 %done1_seen_load, i1 %done2_seen_load" [Control/control.cpp:206]   --->   Operation 152 'and' 'and_ln206' <Predicate = (state_load == 6)> <Delay = 0.28> <CoreInst = "LogicGate">   --->   Core 74 'LogicGate' <Latency = 0> <II = 1> <Delay = 0.28> <FuncUnit> <Opcode : 'and' 'or' 'xor'> <InPorts = 2> <OutPorts = 1>
ST_1 : Operation 153 [1/1] (0.72ns)   --->   "%br_ln206 = br void %sw.epilog" [Control/control.cpp:206]   --->   Operation 153 'br' 'br_ln206' <Predicate = (state_load == 6)> <Delay = 0.72>
ST_1 : Operation 154 [1/1] (0.00ns)   --->   "%compute_launched2_load = load i1 %compute_launched2" [Control/control.cpp:192]   --->   Operation 154 'load' 'compute_launched2_load' <Predicate = (state_load == 4)> <Delay = 0.00>
ST_1 : Operation 155 [1/1] (0.00ns)   --->   "%br_ln192 = br i1 %compute_launched2_load, void %if.then80, void %if.else81" [Control/control.cpp:192]   --->   Operation 155 'br' 'br_ln192' <Predicate = (state_load == 4)> <Delay = 0.00>
ST_1 : Operation 156 [1/1] (0.00ns)   --->   "%write_ln193 = write void @_ssdm_op_Write.ap_none.i1P0A, i1 %compute_start2, i1 1" [Control/control.cpp:193]   --->   Operation 156 'write' 'write_ln193' <Predicate = (state_load == 4 & !compute_launched2_load)> <Delay = 0.00>
ST_1 : Operation 157 [1/1] (0.42ns)   --->   "%store_ln194 = store i1 1, i1 %compute_launched2" [Control/control.cpp:194]   --->   Operation 157 'store' 'store_ln194' <Predicate = (state_load == 4 & !compute_launched2_load)> <Delay = 0.42>
ST_1 : Operation 158 [1/1] (0.00ns)   --->   "%br_ln195 = br void %if.end82" [Control/control.cpp:195]   --->   Operation 158 'br' 'br_ln195' <Predicate = (state_load == 4 & !compute_launched2_load)> <Delay = 0.00>
ST_1 : Operation 159 [1/1] (0.00ns)   --->   "%write_ln196 = write void @_ssdm_op_Write.ap_none.i1P0A, i1 %compute_start2, i1 0" [Control/control.cpp:196]   --->   Operation 159 'write' 'write_ln196' <Predicate = (state_load == 4 & compute_launched2_load)> <Delay = 0.00>
ST_1 : Operation 160 [1/1] (0.00ns)   --->   "%br_ln0 = br void %if.end82"   --->   Operation 160 'br' 'br_ln0' <Predicate = (state_load == 4 & compute_launched2_load)> <Delay = 0.00>
ST_1 : Operation 161 [1/1] (0.72ns)   --->   "%br_ln202 = br void %sw.epilog" [Control/control.cpp:202]   --->   Operation 161 'br' 'br_ln202' <Predicate = (state_load == 4)> <Delay = 0.72>
ST_1 : Operation 162 [1/1] (0.00ns)   --->   "%compute_launched_load = load i1 %compute_launched" [Control/control.cpp:179]   --->   Operation 162 'load' 'compute_launched_load' <Predicate = (state_load == 3)> <Delay = 0.00>
ST_1 : Operation 163 [1/1] (0.00ns)   --->   "%br_ln179 = br i1 %compute_launched_load, void %if.then74, void %if.else" [Control/control.cpp:179]   --->   Operation 163 'br' 'br_ln179' <Predicate = (state_load == 3)> <Delay = 0.00>
ST_1 : Operation 164 [1/1] (0.00ns)   --->   "%write_ln180 = write void @_ssdm_op_Write.ap_none.i1P0A, i1 %compute_start1, i1 1" [Control/control.cpp:180]   --->   Operation 164 'write' 'write_ln180' <Predicate = (state_load == 3 & !compute_launched_load)> <Delay = 0.00>
ST_1 : Operation 165 [1/1] (0.42ns)   --->   "%store_ln181 = store i1 1, i1 %compute_launched" [Control/control.cpp:181]   --->   Operation 165 'store' 'store_ln181' <Predicate = (state_load == 3 & !compute_launched_load)> <Delay = 0.42>
ST_1 : Operation 166 [1/1] (0.72ns)   --->   "%br_ln182 = br void %sw.epilog" [Control/control.cpp:182]   --->   Operation 166 'br' 'br_ln182' <Predicate = (state_load == 3 & !compute_launched_load)> <Delay = 0.72>
ST_1 : Operation 167 [1/1] (0.00ns)   --->   "%write_ln183 = write void @_ssdm_op_Write.ap_none.i1P0A, i1 %compute_start1, i1 0" [Control/control.cpp:183]   --->   Operation 167 'write' 'write_ln183' <Predicate = (state_load == 3 & compute_launched_load)> <Delay = 0.00>
ST_1 : Operation 168 [1/1] (0.47ns)   --->   "%store_ln185 = store i4 0, i4 %b_count_V" [Control/control.cpp:185]   --->   Operation 168 'store' 'store_ln185' <Predicate = (state_load == 3 & compute_launched_load)> <Delay = 0.47>
ST_1 : Operation 169 [1/1] (0.42ns)   --->   "%store_ln186 = store i1 0, i1 %buffer_ok" [Control/control.cpp:186]   --->   Operation 169 'store' 'store_ln186' <Predicate = (state_load == 3 & compute_launched_load)> <Delay = 0.42>
ST_1 : Operation 170 [1/1] (0.72ns)   --->   "%br_ln0 = br void %sw.epilog"   --->   Operation 170 'br' 'br_ln0' <Predicate = (state_load == 3 & compute_launched_load)> <Delay = 0.72>
ST_1 : Operation 171 [1/1] (0.28ns)   --->   "%and_ln150 = and i1 %a_i_valid_read, i1 %b_i_valid_read" [Control/control.cpp:150]   --->   Operation 171 'and' 'and_ln150' <Predicate = (state_load == 2)> <Delay = 0.28> <CoreInst = "LogicGate">   --->   Core 74 'LogicGate' <Latency = 0> <II = 1> <Delay = 0.28> <FuncUnit> <Opcode : 'and' 'or' 'xor'> <InPorts = 2> <OutPorts = 1>
ST_1 : Operation 172 [1/1] (0.42ns)   --->   "%br_ln150 = br i1 %and_ln150, void %if.end65, void %land.end50" [Control/control.cpp:150]   --->   Operation 172 'br' 'br_ln150' <Predicate = (state_load == 2)> <Delay = 0.42>
ST_1 : Operation 173 [1/1] (0.42ns)   --->   "%store_ln151 = store i1 1, i1 %store_result_valid" [Control/control.cpp:151]   --->   Operation 173 'store' 'store_ln151' <Predicate = (state_load == 2 & and_ln150)> <Delay = 0.42>
ST_1 : Operation 174 [1/1] (0.00ns) (grouped into LUT with out node and_ln152)   --->   "%tmp_4 = bitselect i1 @_ssdm_op_BitSelect.i1.i4.i32, i4 %b_count_V_load, i32 3"   --->   Operation 174 'bitselect' 'tmp_4' <Predicate = (state_load == 2 & and_ln150)> <Delay = 0.00>
ST_1 : Operation 175 [1/1] (0.00ns) (grouped into LUT with out node and_ln152)   --->   "%xor_ln1027_1 = xor i1 %tmp_4, i1 1"   --->   Operation 175 'xor' 'xor_ln1027_1' <Predicate = (state_load == 2 & and_ln150)> <Delay = 0.00> <CoreInst = "LogicGate">   --->   Core 74 'LogicGate' <Latency = 0> <II = 1> <Delay = 0.28> <FuncUnit> <Opcode : 'and' 'or' 'xor'> <InPorts = 2> <OutPorts = 1>
ST_1 : Operation 176 [1/1] (0.28ns) (out node of the LUT)   --->   "%and_ln152 = and i1 %xor_ln1027_1, i1 %xor_ln96" [Control/control.cpp:152]   --->   Operation 176 'and' 'and_ln152' <Predicate = (state_load == 2 & and_ln150)> <Delay = 0.28> <CoreInst = "LogicGate">   --->   Core 74 'LogicGate' <Latency = 0> <II = 1> <Delay = 0.28> <FuncUnit> <Opcode : 'and' 'or' 'xor'> <InPorts = 2> <OutPorts = 1>
ST_1 : Operation 177 [1/1] (0.42ns)   --->   "%br_ln152 = br i1 %and_ln152, void %if.end65, void %if.then55" [Control/control.cpp:152]   --->   Operation 177 'br' 'br_ln152' <Predicate = (state_load == 2 & and_ln150)> <Delay = 0.42>
ST_1 : Operation 178 [1/1] (0.00ns)   --->   "%p_Result_1 = bitconcatenate i64 @_ssdm_op_BitConcatenate.i64.i32.i32, i32 %tmp_b_V, i32 %tmp_a_V"   --->   Operation 178 'bitconcatenate' 'p_Result_1' <Predicate = (state_load == 2 & and_ln150 & and_ln152)> <Delay = 0.00>
ST_1 : Operation 179 [1/1] (0.00ns)   --->   "%j_b_load = load i32 %j_b" [Control/control.cpp:155]   --->   Operation 179 'load' 'j_b_load' <Predicate = (state_load == 2 & and_ln150 & and_ln152)> <Delay = 0.00>
ST_1 : Operation 180 [1/1] (1.01ns)   --->   "%add_ln155 = add i32 %j_b_load, i32 1" [Control/control.cpp:155]   --->   Operation 180 'add' 'add_ln155' <Predicate = (state_load == 2 & and_ln150 & and_ln152)> <Delay = 1.01> <CoreInst = "Adder">   --->   Core 1 'Adder' <Latency = 0> <II = 1> <Delay = 1.01> <FuncUnit> <Opcode : 'add' 'sub'> <InPorts = 2> <OutPorts = 1>
ST_1 : Operation 181 [1/1] (0.42ns)   --->   "%store_ln155 = store i32 %add_ln155, i32 %j_b" [Control/control.cpp:155]   --->   Operation 181 'store' 'store_ln155' <Predicate = (state_load == 2 & and_ln150 & and_ln152)> <Delay = 0.42>
ST_1 : Operation 182 [1/1] (0.00ns)   --->   "%zext_ln155 = zext i32 %j_b_load" [Control/control.cpp:155]   --->   Operation 182 'zext' 'zext_ln155' <Predicate = (state_load == 2 & and_ln150 & and_ln152)> <Delay = 0.00>
ST_1 : Operation 183 [1/1] (0.00ns)   --->   "%buffer_1_wr1_addr = getelementptr i64 %buffer_1_wr1, i64 0, i64 %zext_ln155" [Control/control.cpp:155]   --->   Operation 183 'getelementptr' 'buffer_1_wr1_addr' <Predicate = (state_load == 2 & and_ln150 & and_ln152)> <Delay = 0.00>
ST_1 : Operation 184 [1/1] (1.23ns)   --->   "%store_ln155 = store i64 %p_Result_1, i5 %buffer_1_wr1_addr" [Control/control.cpp:155]   --->   Operation 184 'store' 'store_ln155' <Predicate = (state_load == 2 & and_ln150 & and_ln152)> <Delay = 1.23> <CoreInst = "RAM">   --->   Core 83 'RAM' <Latency = 1> <II = 1> <Delay = 1.23> <Storage> <Opcode : 'load' 'store'> <Ports = 2> <Width = 64> <Depth = 20> <RAM>
ST_1 : Operation 185 [1/1] (0.79ns)   --->   "%add_ln840_1 = add i4 %b_count_V_load, i4 1"   --->   Operation 185 'add' 'add_ln840_1' <Predicate = (state_load == 2 & and_ln150 & and_ln152)> <Delay = 0.79> <CoreInst = "Adder">   --->   Core 1 'Adder' <Latency = 0> <II = 1> <Delay = 0.79> <FuncUnit> <Opcode : 'add' 'sub'> <InPorts = 2> <OutPorts = 1>
ST_1 : Operation 186 [1/1] (0.47ns)   --->   "%store_ln840 = store i4 %add_ln840_1, i4 %b_count_V"   --->   Operation 186 'store' 'store_ln840' <Predicate = (state_load == 2 & and_ln150 & and_ln152)> <Delay = 0.47>
ST_1 : Operation 187 [1/1] (0.42ns)   --->   "%br_ln157 = br void %if.end65" [Control/control.cpp:157]   --->   Operation 187 'br' 'br_ln157' <Predicate = (state_load == 2 & and_ln150 & and_ln152)> <Delay = 0.42>
ST_1 : Operation 188 [1/1] (0.00ns)   --->   "%b_count_V_loc_3 = phi i4 %b_count_V_load, void %sw.bb42, i4 %add_ln840_1, void %if.then55, i4 %b_count_V_load, void %land.end50"   --->   Operation 188 'phi' 'b_count_V_loc_3' <Predicate = (state_load == 2)> <Delay = 0.00>
ST_1 : Operation 189 [1/1] (0.00ns)   --->   "%tmp_9 = bitselect i1 @_ssdm_op_BitSelect.i1.i4.i32, i4 %b_count_V_loc_3, i32 3"   --->   Operation 189 'bitselect' 'tmp_9' <Predicate = (state_load == 2)> <Delay = 0.00>
ST_1 : Operation 190 [1/1] (0.75ns)   --->   "%icmp_ln1019_1 = icmp_eq  i5 %shift_read, i5 1"   --->   Operation 190 'icmp' 'icmp_ln1019_1' <Predicate = (state_load == 2)> <Delay = 0.75> <CoreInst = "Cmp">   --->   Core 9 'Cmp' <Latency = 0> <II = 1> <Delay = 0.75> <FuncUnit> <Opcode : 'icmp'> <InPorts = 2> <OutPorts = 1>
ST_1 : Operation 191 [1/1] (0.28ns)   --->   "%and_ln159 = and i1 %tmp_9, i1 %icmp_ln1019_1" [Control/control.cpp:159]   --->   Operation 191 'and' 'and_ln159' <Predicate = (state_load == 2)> <Delay = 0.28> <CoreInst = "LogicGate">   --->   Core 74 'LogicGate' <Latency = 0> <II = 1> <Delay = 0.28> <FuncUnit> <Opcode : 'and' 'or' 'xor'> <InPorts = 2> <OutPorts = 1>
ST_1 : Operation 192 [1/1] (0.72ns)   --->   "%br_ln159 = br i1 %and_ln159, void %sw.epilog, void %if.then69" [Control/control.cpp:159]   --->   Operation 192 'br' 'br_ln159' <Predicate = (state_load == 2)> <Delay = 0.72>
ST_1 : Operation 193 [1/1] (0.42ns)   --->   "%store_ln160 = store i1 1, i1 %buffer_ok" [Control/control.cpp:160]   --->   Operation 193 'store' 'store_ln160' <Predicate = (state_load == 2 & and_ln159)> <Delay = 0.42>
ST_1 : Operation 194 [1/1] (0.72ns)   --->   "%br_ln162 = br void %sw.epilog" [Control/control.cpp:162]   --->   Operation 194 'br' 'br_ln162' <Predicate = (state_load == 2 & and_ln159)> <Delay = 0.72>
ST_1 : Operation 195 [1/1] (0.28ns)   --->   "%and_ln134 = and i1 %a_i_valid_read, i1 %b_i_valid_read" [Control/control.cpp:134]   --->   Operation 195 'and' 'and_ln134' <Predicate = (state_load == 1)> <Delay = 0.28> <CoreInst = "LogicGate">   --->   Core 74 'LogicGate' <Latency = 0> <II = 1> <Delay = 0.28> <FuncUnit> <Opcode : 'and' 'or' 'xor'> <InPorts = 2> <OutPorts = 1>
ST_1 : Operation 196 [1/1] (0.42ns)   --->   "%br_ln134 = br i1 %and_ln134, void %if.end36, void %land.end" [Control/control.cpp:134]   --->   Operation 196 'br' 'br_ln134' <Predicate = (state_load == 1)> <Delay = 0.42>
ST_1 : Operation 197 [1/1] (0.42ns)   --->   "%store_ln135 = store i1 1, i1 %store_result_valid" [Control/control.cpp:135]   --->   Operation 197 'store' 'store_ln135' <Predicate = (state_load == 1 & and_ln134)> <Delay = 0.42>
ST_1 : Operation 198 [1/1] (0.00ns) (grouped into LUT with out node and_ln136)   --->   "%tmp_3 = bitselect i1 @_ssdm_op_BitSelect.i1.i4.i32, i4 %b_count_V_load, i32 3"   --->   Operation 198 'bitselect' 'tmp_3' <Predicate = (state_load == 1 & and_ln134)> <Delay = 0.00>
ST_1 : Operation 199 [1/1] (0.00ns) (grouped into LUT with out node and_ln136)   --->   "%xor_ln1027 = xor i1 %tmp_3, i1 1"   --->   Operation 199 'xor' 'xor_ln1027' <Predicate = (state_load == 1 & and_ln134)> <Delay = 0.00> <CoreInst = "LogicGate">   --->   Core 74 'LogicGate' <Latency = 0> <II = 1> <Delay = 0.28> <FuncUnit> <Opcode : 'and' 'or' 'xor'> <InPorts = 2> <OutPorts = 1>
ST_1 : Operation 200 [1/1] (0.28ns) (out node of the LUT)   --->   "%and_ln136 = and i1 %xor_ln1027, i1 %xor_ln96" [Control/control.cpp:136]   --->   Operation 200 'and' 'and_ln136' <Predicate = (state_load == 1 & and_ln134)> <Delay = 0.28> <CoreInst = "LogicGate">   --->   Core 74 'LogicGate' <Latency = 0> <II = 1> <Delay = 0.28> <FuncUnit> <Opcode : 'and' 'or' 'xor'> <InPorts = 2> <OutPorts = 1>
ST_1 : Operation 201 [1/1] (0.42ns)   --->   "%br_ln136 = br i1 %and_ln136, void %if.end36, void %if.then31" [Control/control.cpp:136]   --->   Operation 201 'br' 'br_ln136' <Predicate = (state_load == 1 & and_ln134)> <Delay = 0.42>
ST_1 : Operation 202 [1/1] (0.00ns)   --->   "%p_Result_s = bitconcatenate i64 @_ssdm_op_BitConcatenate.i64.i32.i32, i32 %tmp_b_V, i32 %tmp_a_V"   --->   Operation 202 'bitconcatenate' 'p_Result_s' <Predicate = (state_load == 1 & and_ln134 & and_ln136)> <Delay = 0.00>
ST_1 : Operation 203 [1/1] (0.00ns)   --->   "%j_a_load = load i32 %j_a" [Control/control.cpp:139]   --->   Operation 203 'load' 'j_a_load' <Predicate = (state_load == 1 & and_ln134 & and_ln136)> <Delay = 0.00>
ST_1 : Operation 204 [1/1] (1.01ns)   --->   "%add_ln139 = add i32 %j_a_load, i32 1" [Control/control.cpp:139]   --->   Operation 204 'add' 'add_ln139' <Predicate = (state_load == 1 & and_ln134 & and_ln136)> <Delay = 1.01> <CoreInst = "Adder">   --->   Core 1 'Adder' <Latency = 0> <II = 1> <Delay = 1.01> <FuncUnit> <Opcode : 'add' 'sub'> <InPorts = 2> <OutPorts = 1>
ST_1 : Operation 205 [1/1] (0.42ns)   --->   "%store_ln139 = store i32 %add_ln139, i32 %j_a" [Control/control.cpp:139]   --->   Operation 205 'store' 'store_ln139' <Predicate = (state_load == 1 & and_ln134 & and_ln136)> <Delay = 0.42>
ST_1 : Operation 206 [1/1] (0.00ns)   --->   "%zext_ln139 = zext i32 %j_a_load" [Control/control.cpp:139]   --->   Operation 206 'zext' 'zext_ln139' <Predicate = (state_load == 1 & and_ln134 & and_ln136)> <Delay = 0.00>
ST_1 : Operation 207 [1/1] (0.00ns)   --->   "%buffer_1_wr_addr = getelementptr i64 %buffer_1_wr, i64 0, i64 %zext_ln139" [Control/control.cpp:139]   --->   Operation 207 'getelementptr' 'buffer_1_wr_addr' <Predicate = (state_load == 1 & and_ln134 & and_ln136)> <Delay = 0.00>
ST_1 : Operation 208 [1/1] (1.23ns)   --->   "%store_ln139 = store i64 %p_Result_s, i5 %buffer_1_wr_addr" [Control/control.cpp:139]   --->   Operation 208 'store' 'store_ln139' <Predicate = (state_load == 1 & and_ln134 & and_ln136)> <Delay = 1.23> <CoreInst = "RAM">   --->   Core 83 'RAM' <Latency = 1> <II = 1> <Delay = 1.23> <Storage> <Opcode : 'load' 'store'> <Ports = 2> <Width = 64> <Depth = 20> <RAM>
ST_1 : Operation 209 [1/1] (0.79ns)   --->   "%add_ln840 = add i4 %b_count_V_load, i4 1"   --->   Operation 209 'add' 'add_ln840' <Predicate = (state_load == 1 & and_ln134 & and_ln136)> <Delay = 0.79> <CoreInst = "Adder">   --->   Core 1 'Adder' <Latency = 0> <II = 1> <Delay = 0.79> <FuncUnit> <Opcode : 'add' 'sub'> <InPorts = 2> <OutPorts = 1>
ST_1 : Operation 210 [1/1] (0.47ns)   --->   "%store_ln840 = store i4 %add_ln840, i4 %b_count_V"   --->   Operation 210 'store' 'store_ln840' <Predicate = (state_load == 1 & and_ln134 & and_ln136)> <Delay = 0.47>
ST_1 : Operation 211 [1/1] (0.42ns)   --->   "%br_ln141 = br void %if.end36" [Control/control.cpp:141]   --->   Operation 211 'br' 'br_ln141' <Predicate = (state_load == 1 & and_ln134 & and_ln136)> <Delay = 0.42>
ST_1 : Operation 212 [1/1] (0.00ns)   --->   "%b_count_V_loc_1 = phi i4 %b_count_V_load, void %sw.bb24, i4 %add_ln840, void %if.then31, i4 %b_count_V_load, void %land.end"   --->   Operation 212 'phi' 'b_count_V_loc_1' <Predicate = (state_load == 1)> <Delay = 0.00>
ST_1 : Operation 213 [1/1] (0.00ns)   --->   "%tmp_7 = bitselect i1 @_ssdm_op_BitSelect.i1.i4.i32, i4 %b_count_V_loc_1, i32 3"   --->   Operation 213 'bitselect' 'tmp_7' <Predicate = (state_load == 1)> <Delay = 0.00>
ST_1 : Operation 214 [1/1] (0.75ns)   --->   "%icmp_ln1019 = icmp_eq  i5 %shift_read, i5 1"   --->   Operation 214 'icmp' 'icmp_ln1019' <Predicate = (state_load == 1)> <Delay = 0.75> <CoreInst = "Cmp">   --->   Core 9 'Cmp' <Latency = 0> <II = 1> <Delay = 0.75> <FuncUnit> <Opcode : 'icmp'> <InPorts = 2> <OutPorts = 1>
ST_1 : Operation 215 [1/1] (0.28ns)   --->   "%and_ln143 = and i1 %tmp_7, i1 %icmp_ln1019" [Control/control.cpp:143]   --->   Operation 215 'and' 'and_ln143' <Predicate = (state_load == 1)> <Delay = 0.28> <CoreInst = "LogicGate">   --->   Core 74 'LogicGate' <Latency = 0> <II = 1> <Delay = 0.28> <FuncUnit> <Opcode : 'and' 'or' 'xor'> <InPorts = 2> <OutPorts = 1>
ST_1 : Operation 216 [1/1] (0.72ns)   --->   "%br_ln143 = br i1 %and_ln143, void %sw.epilog, void %if.then40" [Control/control.cpp:143]   --->   Operation 216 'br' 'br_ln143' <Predicate = (state_load == 1)> <Delay = 0.72>
ST_1 : Operation 217 [1/1] (0.42ns)   --->   "%store_ln144 = store i1 1, i1 %buffer_ok" [Control/control.cpp:144]   --->   Operation 217 'store' 'store_ln144' <Predicate = (state_load == 1 & and_ln143)> <Delay = 0.42>
ST_1 : Operation 218 [1/1] (0.72ns)   --->   "%br_ln146 = br void %sw.epilog" [Control/control.cpp:146]   --->   Operation 218 'br' 'br_ln146' <Predicate = (state_load == 1 & and_ln143)> <Delay = 0.72>
ST_1 : Operation 219 [1/1] (0.72ns)   --->   "%br_ln104 = br i1 %clear_read, void %sw.epilog, void %if.then" [Control/control.cpp:104]   --->   Operation 219 'br' 'br_ln104' <Predicate = (state_load == 0)> <Delay = 0.72>
ST_1 : Operation 220 [1/1] (0.42ns)   --->   "%store_ln105 = store i32 0, i32 %j_a" [Control/control.cpp:105]   --->   Operation 220 'store' 'store_ln105' <Predicate = (state_load == 0 & clear_read)> <Delay = 0.42>
ST_1 : Operation 221 [1/1] (0.42ns)   --->   "%store_ln106 = store i32 0, i32 %j_b" [Control/control.cpp:106]   --->   Operation 221 'store' 'store_ln106' <Predicate = (state_load == 0 & clear_read)> <Delay = 0.42>
ST_1 : Operation 222 [1/1] (0.47ns)   --->   "%store_ln107 = store i4 0, i4 %b_count_V" [Control/control.cpp:107]   --->   Operation 222 'store' 'store_ln107' <Predicate = (state_load == 0 & clear_read)> <Delay = 0.47>
ST_1 : Operation 223 [1/1] (0.42ns)   --->   "%store_ln108 = store i1 0, i1 %buffer_ok" [Control/control.cpp:108]   --->   Operation 223 'store' 'store_ln108' <Predicate = (state_load == 0 & clear_read)> <Delay = 0.42>
ST_1 : Operation 224 [1/1] (0.42ns)   --->   "%store_ln110 = store i32 0, i32 %r_acc_V" [Control/control.cpp:110]   --->   Operation 224 'store' 'store_ln110' <Predicate = (state_load == 0 & clear_read)> <Delay = 0.42>
ST_1 : Operation 225 [1/1] (0.42ns)   --->   "%store_ln111 = store i1 0, i1 %r_acc_valid" [Control/control.cpp:111]   --->   Operation 225 'store' 'store_ln111' <Predicate = (state_load == 0 & clear_read)> <Delay = 0.42>
ST_1 : Operation 226 [1/1] (0.42ns)   --->   "%store_ln112 = store i32 0, i32 %i" [Control/control.cpp:112]   --->   Operation 226 'store' 'store_ln112' <Predicate = (state_load == 0 & clear_read)> <Delay = 0.42>
ST_1 : Operation 227 [1/1] (0.42ns)   --->   "%store_ln113 = store i1 0, i1 %store_result_valid" [Control/control.cpp:113]   --->   Operation 227 'store' 'store_ln113' <Predicate = (state_load == 0 & clear_read)> <Delay = 0.42>
ST_1 : Operation 228 [1/1] (0.47ns)   --->   "%store_ln114 = store i32 0, i32 %buffer_V" [Control/control.cpp:114]   --->   Operation 228 'store' 'store_ln114' <Predicate = (state_load == 0 & clear_read)> <Delay = 0.47>
ST_1 : Operation 229 [1/1] (0.42ns)   --->   "%store_ln116 = store i1 0, i1 %compute_launched" [Control/control.cpp:116]   --->   Operation 229 'store' 'store_ln116' <Predicate = (state_load == 0 & clear_read)> <Delay = 0.42>
ST_1 : Operation 230 [1/1] (0.00ns)   --->   "%write_ln117 = write void @_ssdm_op_Write.ap_none.i1P0A, i1 %compute_start1, i1 0" [Control/control.cpp:117]   --->   Operation 230 'write' 'write_ln117' <Predicate = (state_load == 0 & clear_read)> <Delay = 0.00>
ST_1 : Operation 231 [1/1] (0.42ns)   --->   "%store_ln118 = store i1 0, i1 %compute_launched2" [Control/control.cpp:118]   --->   Operation 231 'store' 'store_ln118' <Predicate = (state_load == 0 & clear_read)> <Delay = 0.42>
ST_1 : Operation 232 [1/1] (0.00ns)   --->   "%write_ln119 = write void @_ssdm_op_Write.ap_none.i1P0A, i1 %compute_start2, i1 0" [Control/control.cpp:119]   --->   Operation 232 'write' 'write_ln119' <Predicate = (state_load == 0 & clear_read)> <Delay = 0.00>
ST_1 : Operation 233 [1/1] (0.00ns)   --->   "%write_ln121 = write void @_ssdm_op_Write.ap_none.i1P0A, i1 %slave_start1, i1 0" [Control/control.cpp:121]   --->   Operation 233 'write' 'write_ln121' <Predicate = (state_load == 0 & clear_read)> <Delay = 0.00>
ST_1 : Operation 234 [1/1] (0.00ns)   --->   "%write_ln122 = write void @_ssdm_op_Write.ap_none.i1P0A, i1 %slave_start2, i1 0" [Control/control.cpp:122]   --->   Operation 234 'write' 'write_ln122' <Predicate = (state_load == 0 & clear_read)> <Delay = 0.00>
ST_1 : Operation 235 [1/1] (0.72ns)   --->   "%br_ln130 = br void %sw.epilog" [Control/control.cpp:130]   --->   Operation 235 'br' 'br_ln130' <Predicate = (state_load == 0 & clear_read)> <Delay = 0.72>
ST_1 : Operation 236 [1/1] (0.00ns)   --->   "%state_flag_9 = phi i1 0, void %entry, i1 %or_ln238, void %if.end124, i1 %done2_seen_load, void %if.end82, i1 1, void %if.then, i1 0, void %sw.bb, i1 1, void %if.then40, i1 0, void %if.end36, i1 1, void %if.then69, i1 0, void %if.end65, i1 1, void %if.else, i1 0, void %if.then74, i1 1, void %if.then93, i1 1, void %if.then100, i1 0, void %if.else96, i1 %and_ln206, void %sw.bb85" [Control/control.cpp:238]   --->   Operation 236 'phi' 'state_flag_9' <Predicate = true> <Delay = 0.00>
ST_1 : Operation 237 [1/1] (0.00ns)   --->   "%state_new_9 = phi i4 0, void %entry, i4 %select_ln241, void %if.end124, i4 6, void %if.end82, i4 1, void %if.then, i4 0, void %sw.bb, i4 3, void %if.then40, i4 3, void %if.end36, i4 4, void %if.then69, i4 4, void %if.end65, i4 2, void %if.else, i4 2, void %if.then74, i4 8, void %if.then93, i4 8, void %if.then100, i4 8, void %if.else96, i4 7, void %sw.bb85" [Control/control.cpp:241]   --->   Operation 237 'phi' 'state_new_9' <Predicate = true> <Delay = 0.00>
ST_1 : Operation 238 [1/1] (0.00ns)   --->   "%r_cnt_V_flag_2 = phi i1 0, void %entry, i1 %r_cnt_V_flag_1, void %if.end124, i1 0, void %if.end82, i1 1, void %if.then, i1 0, void %sw.bb, i1 0, void %if.then40, i1 0, void %if.end36, i1 0, void %if.then69, i1 0, void %if.end65, i1 0, void %if.else, i1 0, void %if.then74, i1 0, void %if.then93, i1 0, void %if.then100, i1 0, void %if.else96, i1 0, void %sw.bb85"   --->   Operation 238 'phi' 'r_cnt_V_flag_2' <Predicate = true> <Delay = 0.00>
ST_1 : Operation 239 [1/1] (0.00ns)   --->   "%r_cnt_V_new_2 = phi i14 0, void %entry, i14 %r_cnt_V_new_1, void %if.end124, i14 0, void %if.end82, i14 0, void %if.then, i14 0, void %sw.bb, i14 0, void %if.then40, i14 0, void %if.end36, i14 0, void %if.then69, i14 0, void %if.end65, i14 0, void %if.else, i14 0, void %if.then74, i14 0, void %if.then93, i14 0, void %if.then100, i14 0, void %if.else96, i14 0, void %sw.bb85"   --->   Operation 239 'phi' 'r_cnt_V_new_2' <Predicate = true> <Delay = 0.00>
ST_1 : Operation 240 [1/1] (0.00ns)   --->   "%phi_ln186 = phi i11 %trunc_ln212, void %entry, i11 %r_cnt_V_loc_1, void %if.end124, i11 %trunc_ln212, void %if.end82, i11 0, void %if.then, i11 %trunc_ln212, void %sw.bb, i11 %trunc_ln212, void %if.then40, i11 %trunc_ln212, void %if.end36, i11 %trunc_ln212, void %if.then69, i11 %trunc_ln212, void %if.end65, i11 %trunc_ln212, void %if.else, i11 %trunc_ln212, void %if.then74, i11 %trunc_ln212, void %if.then93, i11 %trunc_ln212, void %if.then100, i11 %trunc_ln212, void %if.else96, i11 %trunc_ln212, void %sw.bb85"   --->   Operation 240 'phi' 'phi_ln186' <Predicate = true> <Delay = 0.00>
ST_1 : Operation 241 [1/1] (0.00ns)   --->   "%done1_seen_flag_0 = phi i1 0, void %entry, i1 0, void %if.end124, i1 0, void %if.end82, i1 1, void %if.then, i1 0, void %sw.bb, i1 0, void %if.then40, i1 0, void %if.end36, i1 0, void %if.then69, i1 0, void %if.end65, i1 0, void %if.else, i1 0, void %if.then74, i1 0, void %if.then93, i1 0, void %if.then100, i1 0, void %if.else96, i1 0, void %sw.bb85"   --->   Operation 241 'phi' 'done1_seen_flag_0' <Predicate = true> <Delay = 0.00>
ST_1 : Operation 242 [1/1] (0.00ns)   --->   "%empty_10 = phi i1 %r_acc_valid_load, void %entry, i1 %empty, void %if.end124, i1 %r_acc_valid_load, void %if.end82, i1 0, void %if.then, i1 %r_acc_valid_load, void %sw.bb, i1 %r_acc_valid_load, void %if.then40, i1 %r_acc_valid_load, void %if.end36, i1 %r_acc_valid_load, void %if.then69, i1 %r_acc_valid_load, void %if.end65, i1 %r_acc_valid_load, void %if.else, i1 %r_acc_valid_load, void %if.then74, i1 %r_acc_valid_load, void %if.then93, i1 %r_acc_valid_load, void %if.then100, i1 %r_acc_valid_load, void %if.else96, i1 %r_acc_valid_load, void %sw.bb85" [Control/control.cpp:99]   --->   Operation 242 'phi' 'empty_10' <Predicate = true> <Delay = 0.00>
ST_1 : Operation 243 [1/1] (0.00ns)   --->   "%br_ln1027 = br i1 %r_cnt_V_flag_2, void %sw.epilog.new2, void %mergeST1"   --->   Operation 243 'br' 'br_ln1027' <Predicate = true> <Delay = 0.00>
ST_1 : Operation 244 [1/1] (0.00ns)   --->   "%store_ln109 = store i14 %r_cnt_V_new_2, i14 %r_cnt_V" [Control/control.cpp:109]   --->   Operation 244 'store' 'store_ln109' <Predicate = (r_cnt_V_flag_2)> <Delay = 0.00>
ST_1 : Operation 245 [1/1] (0.00ns)   --->   "%br_ln0 = br void %sw.epilog.new2"   --->   Operation 245 'br' 'br_ln0' <Predicate = (r_cnt_V_flag_2)> <Delay = 0.00>
ST_1 : Operation 246 [1/1] (0.00ns)   --->   "%br_ln238 = br i1 %state_flag_9, void %sw.epilog.new, void %mergeST" [Control/control.cpp:238]   --->   Operation 246 'br' 'br_ln238' <Predicate = true> <Delay = 0.00>
ST_1 : Operation 247 [1/1] (0.00ns)   --->   "%store_ln124 = store i4 %state_new_9, i4 %state" [Control/control.cpp:124]   --->   Operation 247 'store' 'store_ln124' <Predicate = (state_flag_9)> <Delay = 0.00>
ST_1 : Operation 248 [1/1] (0.00ns)   --->   "%br_ln0 = br void %sw.epilog.new"   --->   Operation 248 'br' 'br_ln0' <Predicate = (state_flag_9)> <Delay = 0.00>
ST_1 : Operation 249 [1/1] (0.28ns)   --->   "%or_ln244 = or i1 %done1_seen_flag_0, i1 %compute_done1_read" [Control/control.cpp:244]   --->   Operation 249 'or' 'or_ln244' <Predicate = true> <Delay = 0.28> <CoreInst = "LogicGate">   --->   Core 74 'LogicGate' <Latency = 0> <II = 1> <Delay = 0.28> <FuncUnit> <Opcode : 'and' 'or' 'xor'> <InPorts = 2> <OutPorts = 1>
ST_1 : Operation 250 [1/1] (0.00ns)   --->   "%br_ln244 = br i1 %or_ln244, void %if.end129.new, void %mergeST3" [Control/control.cpp:244]   --->   Operation 250 'br' 'br_ln244' <Predicate = true> <Delay = 0.00>
ST_1 : Operation 251 [1/1] (0.00ns)   --->   "%store_ln125 = store i1 %compute_done1_read, i1 %done1_seen" [Control/control.cpp:125]   --->   Operation 251 'store' 'store_ln125' <Predicate = (or_ln244)> <Delay = 0.00>
ST_1 : Operation 252 [1/1] (0.00ns)   --->   "%br_ln0 = br void %if.end129.new"   --->   Operation 252 'br' 'br_ln0' <Predicate = (or_ln244)> <Delay = 0.00>
ST_1 : Operation 253 [1/1] (0.28ns)   --->   "%or_ln245 = or i1 %done1_seen_flag_0, i1 %compute_done2_read" [Control/control.cpp:245]   --->   Operation 253 'or' 'or_ln245' <Predicate = true> <Delay = 0.28> <CoreInst = "LogicGate">   --->   Core 74 'LogicGate' <Latency = 0> <II = 1> <Delay = 0.28> <FuncUnit> <Opcode : 'and' 'or' 'xor'> <InPorts = 2> <OutPorts = 1>
ST_1 : Operation 254 [1/1] (0.00ns)   --->   "%r_acc_V_load = load i32 %r_acc_V" [Control/control.cpp:253]   --->   Operation 254 'load' 'r_acc_V_load' <Predicate = true> <Delay = 0.00>
ST_1 : Operation 255 [1/1] (0.00ns)   --->   "%store_result_valid_load = load i1 %store_result_valid" [Control/control.cpp:251]   --->   Operation 255 'load' 'store_result_valid_load' <Predicate = true> <Delay = 0.00>
ST_1 : Operation 256 [1/1] (0.00ns) (grouped into LUT with out node or_ln251)   --->   "%and_ln251 = and i1 %r_acc_valid_load, i1 %store_result_valid_load" [Control/control.cpp:251]   --->   Operation 256 'and' 'and_ln251' <Predicate = true> <Delay = 0.00> <CoreInst = "LogicGate">   --->   Core 74 'LogicGate' <Latency = 0> <II = 1> <Delay = 0.28> <FuncUnit> <Opcode : 'and' 'or' 'xor'> <InPorts = 2> <OutPorts = 1>
ST_1 : Operation 257 [1/1] (0.00ns) (grouped into LUT with out node or_ln251)   --->   "%xor_ln251 = xor i1 %and_ln251, i1 1" [Control/control.cpp:251]   --->   Operation 257 'xor' 'xor_ln251' <Predicate = true> <Delay = 0.00> <CoreInst = "LogicGate">   --->   Core 74 'LogicGate' <Latency = 0> <II = 1> <Delay = 0.28> <FuncUnit> <Opcode : 'and' 'or' 'xor'> <InPorts = 2> <OutPorts = 1>
ST_1 : Operation 258 [1/1] (0.28ns) (out node of the LUT)   --->   "%or_ln251 = or i1 %d_o_ready_read, i1 %xor_ln251" [Control/control.cpp:251]   --->   Operation 258 'or' 'or_ln251' <Predicate = true> <Delay = 0.28> <CoreInst = "LogicGate">   --->   Core 74 'LogicGate' <Latency = 0> <II = 1> <Delay = 0.28> <FuncUnit> <Opcode : 'and' 'or' 'xor'> <InPorts = 2> <OutPorts = 1>
ST_1 : Operation 259 [1/1] (0.00ns)   --->   "%store_ln251 = store i1 %or_ln251, i1 %store_result_ready" [Control/control.cpp:251]   --->   Operation 259 'store' 'store_ln251' <Predicate = true> <Delay = 0.00>
ST_1 : Operation 260 [1/1] (0.00ns)   --->   "%write_ln253 = write void @_ssdm_op_Write.ap_none.i32P0A, i32 %d_o_data, i32 %r_acc_V_load" [Control/control.cpp:253]   --->   Operation 260 'write' 'write_ln253' <Predicate = true> <Delay = 0.00>
ST_1 : Operation 261 [1/1] (0.28ns)   --->   "%and_ln254 = and i1 %empty_10, i1 %enable_read" [Control/control.cpp:254]   --->   Operation 261 'and' 'and_ln254' <Predicate = true> <Delay = 0.28> <CoreInst = "LogicGate">   --->   Core 74 'LogicGate' <Latency = 0> <II = 1> <Delay = 0.28> <FuncUnit> <Opcode : 'and' 'or' 'xor'> <InPorts = 2> <OutPorts = 1>
ST_1 : Operation 262 [1/1] (0.00ns)   --->   "%write_ln254 = write void @_ssdm_op_Write.ap_none.i1P0A, i1 %d_o_valid, i1 %and_ln254" [Control/control.cpp:254]   --->   Operation 262 'write' 'write_ln254' <Predicate = true> <Delay = 0.00>
ST_1 : Operation 263 [1/1] (0.00ns)   --->   "%write_ln255 = write void @_ssdm_op_Write.ap_none.i4P0A, i4 %d_o_strb, i4 15" [Control/control.cpp:255]   --->   Operation 263 'write' 'write_ln255' <Predicate = true> <Delay = 0.00>
ST_1 : Operation 264 [1/1] (0.00ns)   --->   "%write_ln257 = write void @_ssdm_op_Write.ap_auto.i11P0A, i11 %f_cnt, i11 %phi_ln186" [Control/control.cpp:257]   --->   Operation 264 'write' 'write_ln257' <Predicate = true> <Delay = 0.00>
ST_1 : Operation 265 [1/1] (0.00ns)   --->   "%write_ln258 = write void @_ssdm_op_Write.ap_auto.i1P0A, i1 %f_valid, i1 %empty_10" [Control/control.cpp:258]   --->   Operation 265 'write' 'write_ln258' <Predicate = true> <Delay = 0.00>
ST_1 : Operation 266 [1/1] (0.00ns)   --->   "%br_ln245 = br i1 %or_ln245, void %if.end131.new, void %mergeST4" [Control/control.cpp:245]   --->   Operation 266 'br' 'br_ln245' <Predicate = true> <Delay = 0.00>
ST_1 : Operation 267 [1/1] (0.00ns)   --->   "%store_ln126 = store i1 %compute_done2_read, i1 %done2_seen" [Control/control.cpp:126]   --->   Operation 267 'store' 'store_ln126' <Predicate = (or_ln245)> <Delay = 0.00>
ST_1 : Operation 268 [1/1] (0.00ns)   --->   "%br_ln0 = br void %if.end131.new"   --->   Operation 268 'br' 'br_ln0' <Predicate = (or_ln245)> <Delay = 0.00>
ST_1 : Operation 269 [1/1] (0.00ns)   --->   "%ret_ln259 = ret" [Control/control.cpp:259]   --->   Operation 269 'ret' 'ret_ln259' <Predicate = true> <Delay = 0.00>


============================================================
+ Verbose Summary: Binding
============================================================
STG Binding: 
---------------- STG Properties BEGIN ----------------
- Is combinational: 0
- Is one-state seq: 1
- Is datapath-only: 0
- Is pipelined: 0
- Is top level: 1
Port [ Return ] is wired: 1; IO mode=ap_ctrl_none:ce=0
Port [ a_i_valid]:  wired=1; compound=0; hidden=0; nouse=0; global=0; static=0; extern=0; dir=0; type=0; pingpong=0; private_global=0; IO mode=ap_none:ce=0
Port [ a_i_ready]:  wired=1; compound=0; hidden=0; nouse=0; global=0; static=0; extern=0; dir=1; type=0; pingpong=0; private_global=0; IO mode=ap_none:ce=0
Port [ a_i_data]:  wired=1; compound=0; hidden=0; nouse=0; global=0; static=0; extern=0; dir=0; type=0; pingpong=0; private_global=0; IO mode=ap_none:ce=0
Port [ a_i_strb]:  wired=1; compound=0; hidden=0; nouse=1; global=0; static=0; extern=0; dir=0; type=0; pingpong=0; private_global=0; IO mode=ap_none:ce=0
Port [ b_i_valid]:  wired=1; compound=0; hidden=0; nouse=0; global=0; static=0; extern=0; dir=0; type=0; pingpong=0; private_global=0; IO mode=ap_none:ce=0
Port [ b_i_ready]:  wired=1; compound=0; hidden=0; nouse=0; global=0; static=0; extern=0; dir=1; type=0; pingpong=0; private_global=0; IO mode=ap_none:ce=0
Port [ b_i_data]:  wired=1; compound=0; hidden=0; nouse=0; global=0; static=0; extern=0; dir=0; type=0; pingpong=0; private_global=0; IO mode=ap_none:ce=0
Port [ b_i_strb]:  wired=1; compound=0; hidden=0; nouse=1; global=0; static=0; extern=0; dir=0; type=0; pingpong=0; private_global=0; IO mode=ap_none:ce=0
Port [ c_i_valid]:  wired=1; compound=0; hidden=0; nouse=1; global=0; static=0; extern=0; dir=0; type=0; pingpong=0; private_global=0; IO mode=ap_none:ce=0
Port [ c_i_ready]:  wired=1; compound=0; hidden=0; nouse=0; global=0; static=0; extern=0; dir=1; type=0; pingpong=0; private_global=0; IO mode=ap_none:ce=0
Port [ c_i_data]:  wired=1; compound=0; hidden=0; nouse=1; global=0; static=0; extern=0; dir=0; type=0; pingpong=0; private_global=0; IO mode=ap_none:ce=0
Port [ c_i_strb]:  wired=1; compound=0; hidden=0; nouse=1; global=0; static=0; extern=0; dir=0; type=0; pingpong=0; private_global=0; IO mode=ap_none:ce=0
Port [ d_o_valid]:  wired=1; compound=0; hidden=0; nouse=0; global=0; static=0; extern=0; dir=1; type=0; pingpong=0; private_global=0; IO mode=ap_none:ce=0
Port [ d_o_ready]:  wired=1; compound=0; hidden=0; nouse=0; global=0; static=0; extern=0; dir=0; type=0; pingpong=0; private_global=0; IO mode=ap_none:ce=0
Port [ d_o_data]:  wired=1; compound=0; hidden=0; nouse=0; global=0; static=0; extern=0; dir=1; type=0; pingpong=0; private_global=0; IO mode=ap_none:ce=0
Port [ d_o_strb]:  wired=1; compound=0; hidden=0; nouse=0; global=0; static=0; extern=0; dir=1; type=0; pingpong=0; private_global=0; IO mode=ap_none:ce=0
Port [ clear]:  wired=1; compound=0; hidden=0; nouse=0; global=0; static=0; extern=0; dir=0; type=0; pingpong=0; private_global=0; IO mode=ap_none:ce=0
Port [ enable]:  wired=1; compound=0; hidden=0; nouse=0; global=0; static=0; extern=0; dir=0; type=0; pingpong=0; private_global=0; IO mode=ap_none:ce=0
Port [ function_r]:  wired=1; compound=0; hidden=0; nouse=1; global=0; static=0; extern=0; dir=0; type=0; pingpong=0; private_global=0; IO mode=ap_none:ce=0
Port [ start_r]:  wired=1; compound=0; hidden=0; nouse=1; global=0; static=0; extern=0; dir=0; type=0; pingpong=0; private_global=0; IO mode=ap_none:ce=0
Port [ shift]:  wired=1; compound=0; hidden=0; nouse=0; global=0; static=0; extern=0; dir=0; type=0; pingpong=0; private_global=0; IO mode=ap_none:ce=0
Port [ len]:  wired=1; compound=0; hidden=0; nouse=0; global=0; static=0; extern=0; dir=0; type=0; pingpong=0; private_global=0; IO mode=ap_none:ce=0
Port [ f_cnt]:  wired=1; compound=0; hidden=0; nouse=0; global=0; static=0; extern=0; dir=1; type=0; pingpong=0; private_global=0; IO mode=ap_vld:ce=0
Port [ f_valid]:  wired=1; compound=0; hidden=0; nouse=0; global=0; static=0; extern=0; dir=1; type=0; pingpong=0; private_global=0; IO mode=ap_vld:ce=0
Port [ buffer_1_rd]:  wired=1; compound=1; hidden=0; nouse=0; global=0; static=0; extern=0; dir=0; type=3; pingpong=0; private_global=0; IO mode=ap_fifo:ce=0
Port [ buffer_1_rd1]:  wired=1; compound=1; hidden=0; nouse=0; global=0; static=0; extern=0; dir=0; type=3; pingpong=0; private_global=0; IO mode=ap_fifo:ce=0
Port [ buffer_1_wr]:  wired=1; compound=1; hidden=0; nouse=0; global=0; static=0; extern=0; dir=1; type=1; pingpong=0; private_global=0; MemPort=[03]; IO mode=ap_memory:ce=0
Port [ buffer_1_wr1]:  wired=1; compound=1; hidden=0; nouse=0; global=0; static=0; extern=0; dir=1; type=1; pingpong=0; private_global=0; MemPort=[03]; IO mode=ap_memory:ce=0
Port [ compute_start1]:  wired=1; compound=0; hidden=0; nouse=0; global=0; static=0; extern=0; dir=1; type=0; pingpong=0; private_global=0; IO mode=ap_none:ce=0
Port [ compute_done1]:  wired=1; compound=0; hidden=0; nouse=0; global=0; static=0; extern=0; dir=0; type=0; pingpong=0; private_global=0; IO mode=ap_none:ce=0
Port [ compute_start2]:  wired=1; compound=0; hidden=0; nouse=0; global=0; static=0; extern=0; dir=1; type=0; pingpong=0; private_global=0; IO mode=ap_none:ce=0
Port [ compute_done2]:  wired=1; compound=0; hidden=0; nouse=0; global=0; static=0; extern=0; dir=0; type=0; pingpong=0; private_global=0; IO mode=ap_none:ce=0
Port [ slave_start1]:  wired=1; compound=0; hidden=0; nouse=0; global=0; static=0; extern=0; dir=1; type=0; pingpong=0; private_global=0; IO mode=ap_none:ce=0
Port [ slave_done1]:  wired=1; compound=0; hidden=0; nouse=1; global=0; static=0; extern=0; dir=0; type=0; pingpong=0; private_global=0; IO mode=ap_none:ce=0
Port [ slave_start2]:  wired=1; compound=0; hidden=0; nouse=0; global=0; static=0; extern=0; dir=1; type=0; pingpong=0; private_global=0; IO mode=ap_none:ce=0
Port [ slave_done2]:  wired=1; compound=0; hidden=0; nouse=1; global=0; static=0; extern=0; dir=0; type=0; pingpong=0; private_global=0; IO mode=ap_none:ce=0
Port [ buffer_ok]:  wired=0; compound=0; hidden=1; nouse=0; global=1; static=1; extern=0; dir=2; type=0; pingpong=0; private_global=1; IO mode=ap_ovld:ce=0
Port [ r_acc_valid]:  wired=0; compound=0; hidden=1; nouse=0; global=1; static=1; extern=0; dir=2; type=0; pingpong=0; private_global=1; IO mode=ap_ovld:ce=0
Port [ state]:  wired=0; compound=0; hidden=1; nouse=0; global=1; static=1; extern=0; dir=2; type=0; pingpong=0; private_global=1; IO mode=ap_ovld:ce=0
Port [ b_count_V]:  wired=0; compound=0; hidden=1; nouse=0; global=1; static=1; extern=0; dir=2; type=0; pingpong=0; private_global=1; IO mode=ap_ovld:ce=0
Port [ r_cnt_V]:  wired=0; compound=0; hidden=1; nouse=0; global=1; static=1; extern=0; dir=2; type=0; pingpong=0; private_global=1; IO mode=ap_ovld:ce=0
Port [ i]:  wired=0; compound=0; hidden=1; nouse=0; global=1; static=1; extern=0; dir=2; type=0; pingpong=0; private_global=1; IO mode=ap_ovld:ce=0
Port [ done1_seen]:  wired=0; compound=0; hidden=1; nouse=0; global=1; static=1; extern=0; dir=2; type=0; pingpong=0; private_global=1; IO mode=ap_ovld:ce=0
Port [ done2_seen]:  wired=0; compound=0; hidden=1; nouse=0; global=1; static=1; extern=0; dir=2; type=0; pingpong=0; private_global=1; IO mode=ap_ovld:ce=0
Port [ j_a]:  wired=0; compound=0; hidden=1; nouse=0; global=1; static=1; extern=0; dir=2; type=0; pingpong=0; private_global=1; IO mode=ap_ovld:ce=0
Port [ j_b]:  wired=0; compound=0; hidden=1; nouse=0; global=1; static=1; extern=0; dir=2; type=0; pingpong=0; private_global=1; IO mode=ap_ovld:ce=0
Port [ r_acc_V]:  wired=0; compound=0; hidden=1; nouse=0; global=1; static=1; extern=0; dir=2; type=0; pingpong=0; private_global=1; IO mode=ap_ovld:ce=0
Port [ store_result_valid]:  wired=0; compound=0; hidden=1; nouse=0; global=1; static=1; extern=0; dir=2; type=0; pingpong=0; private_global=1; IO mode=ap_ovld:ce=0
Port [ buffer_V]:  wired=0; compound=0; hidden=1; nouse=0; global=1; static=1; extern=0; dir=2; type=0; pingpong=0; private_global=1; IO mode=ap_ovld:ce=0
Port [ compute_launched]:  wired=0; compound=0; hidden=1; nouse=0; global=1; static=1; extern=0; dir=2; type=0; pingpong=0; private_global=1; IO mode=ap_ovld:ce=0
Port [ compute_launched2]:  wired=0; compound=0; hidden=1; nouse=0; global=1; static=1; extern=0; dir=2; type=0; pingpong=0; private_global=1; IO mode=ap_ovld:ce=0
Port [ store_result_ready]:  wired=0; compound=0; hidden=1; nouse=0; global=1; static=1; extern=0; dir=2; type=0; pingpong=0; private_global=1; IO mode=ap_ovld:ce=0
---------------- STG Properties END ------------------

---------------- Datapath Model BEGIN ----------------

<LifeTime>
<method=bitvector/>
spectopmodule_ln21      (spectopmodule ) [ 00]
specinterface_ln21      (specinterface ) [ 00]
compute_done2_read      (read          ) [ 00]
compute_done1_read      (read          ) [ 00]
len_read                (read          ) [ 00]
shift_read              (read          ) [ 00]
enable_read             (read          ) [ 00]
clear_read              (read          ) [ 01]
specbitsmap_ln0         (specbitsmap   ) [ 00]
specinterface_ln0       (specinterface ) [ 00]
specbitsmap_ln0         (specbitsmap   ) [ 00]
specinterface_ln0       (specinterface ) [ 00]
specbitsmap_ln0         (specbitsmap   ) [ 00]
specinterface_ln0       (specinterface ) [ 00]
specbitsmap_ln0         (specbitsmap   ) [ 00]
specinterface_ln0       (specinterface ) [ 00]
specbitsmap_ln0         (specbitsmap   ) [ 00]
specinterface_ln0       (specinterface ) [ 00]
specbitsmap_ln0         (specbitsmap   ) [ 00]
specinterface_ln0       (specinterface ) [ 00]
specbitsmap_ln0         (specbitsmap   ) [ 00]
specinterface_ln0       (specinterface ) [ 00]
specbitsmap_ln0         (specbitsmap   ) [ 00]
specinterface_ln0       (specinterface ) [ 00]
specbitsmap_ln0         (specbitsmap   ) [ 00]
specinterface_ln0       (specinterface ) [ 00]
specbitsmap_ln0         (specbitsmap   ) [ 00]
specinterface_ln0       (specinterface ) [ 00]
specbitsmap_ln0         (specbitsmap   ) [ 00]
specinterface_ln0       (specinterface ) [ 00]
specbitsmap_ln0         (specbitsmap   ) [ 00]
specinterface_ln0       (specinterface ) [ 00]
specbitsmap_ln0         (specbitsmap   ) [ 00]
specinterface_ln0       (specinterface ) [ 00]
specbitsmap_ln0         (specbitsmap   ) [ 00]
specinterface_ln0       (specinterface ) [ 00]
specbitsmap_ln0         (specbitsmap   ) [ 00]
specinterface_ln0       (specinterface ) [ 00]
specbitsmap_ln0         (specbitsmap   ) [ 00]
specinterface_ln0       (specinterface ) [ 00]
specbitsmap_ln0         (specbitsmap   ) [ 00]
specinterface_ln0       (specinterface ) [ 00]
specbitsmap_ln0         (specbitsmap   ) [ 00]
specinterface_ln0       (specinterface ) [ 00]
specbitsmap_ln0         (specbitsmap   ) [ 00]
specinterface_ln0       (specinterface ) [ 00]
specbitsmap_ln0         (specbitsmap   ) [ 00]
specinterface_ln0       (specinterface ) [ 00]
specbitsmap_ln0         (specbitsmap   ) [ 00]
specinterface_ln0       (specinterface ) [ 00]
specbitsmap_ln0         (specbitsmap   ) [ 00]
specinterface_ln0       (specinterface ) [ 00]
specbitsmap_ln0         (specbitsmap   ) [ 00]
specinterface_ln0       (specinterface ) [ 00]
specbitsmap_ln0         (specbitsmap   ) [ 00]
specinterface_ln0       (specinterface ) [ 00]
specinterface_ln0       (specinterface ) [ 00]
specbitsmap_ln0         (specbitsmap   ) [ 00]
specinterface_ln0       (specinterface ) [ 00]
specbitsmap_ln0         (specbitsmap   ) [ 00]
specinterface_ln0       (specinterface ) [ 00]
specbitsmap_ln0         (specbitsmap   ) [ 00]
specinterface_ln0       (specinterface ) [ 00]
specbitsmap_ln0         (specbitsmap   ) [ 00]
specbitsmap_ln0         (specbitsmap   ) [ 00]
specinterface_ln0       (specinterface ) [ 00]
specbitsmap_ln0         (specbitsmap   ) [ 00]
specinterface_ln0       (specinterface ) [ 00]
specbitsmap_ln0         (specbitsmap   ) [ 00]
specinterface_ln0       (specinterface ) [ 00]
specbitsmap_ln0         (specbitsmap   ) [ 00]
specinterface_ln0       (specinterface ) [ 00]
specbitsmap_ln0         (specbitsmap   ) [ 00]
specinterface_ln0       (specinterface ) [ 00]
specbitsmap_ln0         (specbitsmap   ) [ 00]
specinterface_ln0       (specinterface ) [ 00]
specbitsmap_ln0         (specbitsmap   ) [ 00]
specinterface_ln0       (specinterface ) [ 00]
specbitsmap_ln0         (specbitsmap   ) [ 00]
specinterface_ln0       (specinterface ) [ 00]
buffer_ok_load          (load          ) [ 00]
xor_ln96                (xor           ) [ 00]
write_ln96              (write         ) [ 00]
write_ln97              (write         ) [ 00]
write_ln98              (write         ) [ 00]
d_o_ready_read          (read          ) [ 00]
r_acc_valid_load        (load          ) [ 01]
state_load              (load          ) [ 01]
b_count_V_load          (load          ) [ 00]
r_cnt_V_load            (load          ) [ 00]
trunc_ln212             (trunc         ) [ 00]
i_load                  (load          ) [ 00]
done1_seen_load         (load          ) [ 00]
done2_seen_load         (load          ) [ 00]
a_i_valid_read          (read          ) [ 00]
b_i_valid_read          (read          ) [ 00]
tmp_a_V                 (read          ) [ 00]
tmp_b_V                 (read          ) [ 00]
switch_ln101            (switch        ) [ 00]
zext_ln1027             (zext          ) [ 00]
zext_ln1027_1           (zext          ) [ 00]
icmp_ln1027             (icmp          ) [ 01]
br_ln224                (br            ) [ 00]
store_result_ready_load (load          ) [ 01]
br_ln224                (br            ) [ 00]
buffer_V_load           (load          ) [ 00]
store_ln225             (store         ) [ 00]
icmp_ln1027_1           (icmp          ) [ 00]
select_ln226            (select        ) [ 00]
br_ln226                (br            ) [ 00]
r_cnt_V_flag_0          (phi           ) [ 00]
r_cnt_V_loc_0           (phi           ) [ 00]
trunc_ln228             (trunc         ) [ 00]
br_ln228                (br            ) [ 00]
icmp_ln1031             (icmp          ) [ 01]
br_ln229                (br            ) [ 00]
store_ln230             (store         ) [ 00]
add_ln231               (add           ) [ 00]
store_ln231             (store         ) [ 00]
br_ln232                (br            ) [ 00]
store_ln234             (store         ) [ 00]
add_ln186               (add           ) [ 00]
add_ln186_cast          (add           ) [ 00]
br_ln0                  (br            ) [ 00]
state_flag_7            (phi           ) [ 00]
r_cnt_V_flag_1          (phi           ) [ 00]
r_cnt_V_new_1           (phi           ) [ 00]
r_cnt_V_loc_1           (phi           ) [ 00]
i_op_assign             (phi           ) [ 00]
empty                   (phi           ) [ 00]
icmp_ln1019_2           (icmp          ) [ 00]
or_ln238                (or            ) [ 00]
select_ln241            (select        ) [ 00]
br_ln241                (br            ) [ 00]
tmp                     (nbreadreq     ) [ 00]
tmp_2                   (partselect    ) [ 00]
icmp_ln212              (icmp          ) [ 00]
and_ln212               (and           ) [ 01]
br_ln212                (br            ) [ 00]
tmp_1                   (nbreadreq     ) [ 00]
tmp_5                   (partselect    ) [ 00]
icmp_ln216              (icmp          ) [ 00]
and_ln216               (and           ) [ 01]
br_ln216                (br            ) [ 00]
buffer_1_rd1_read       (read          ) [ 00]
store_ln217             (store         ) [ 00]
br_ln219                (br            ) [ 00]
buffer_1_rd_read        (read          ) [ 00]
store_ln213             (store         ) [ 00]
br_ln215                (br            ) [ 00]
and_ln206               (and           ) [ 00]
br_ln206                (br            ) [ 00]
compute_launched2_load  (load          ) [ 01]
br_ln192                (br            ) [ 00]
write_ln193             (write         ) [ 00]
store_ln194             (store         ) [ 00]
br_ln195                (br            ) [ 00]
write_ln196             (write         ) [ 00]
br_ln0                  (br            ) [ 00]
br_ln202                (br            ) [ 00]
compute_launched_load   (load          ) [ 01]
br_ln179                (br            ) [ 00]
write_ln180             (write         ) [ 00]
store_ln181             (store         ) [ 00]
br_ln182                (br            ) [ 00]
write_ln183             (write         ) [ 00]
store_ln185             (store         ) [ 00]
store_ln186             (store         ) [ 00]
br_ln0                  (br            ) [ 00]
and_ln150               (and           ) [ 01]
br_ln150                (br            ) [ 00]
store_ln151             (store         ) [ 00]
tmp_4                   (bitselect     ) [ 00]
xor_ln1027_1            (xor           ) [ 00]
and_ln152               (and           ) [ 01]
br_ln152                (br            ) [ 00]
p_Result_1              (bitconcatenate) [ 00]
j_b_load                (load          ) [ 00]
add_ln155               (add           ) [ 00]
store_ln155             (store         ) [ 00]
zext_ln155              (zext          ) [ 00]
buffer_1_wr1_addr       (getelementptr ) [ 00]
store_ln155             (store         ) [ 00]
add_ln840_1             (add           ) [ 00]
store_ln840             (store         ) [ 00]
br_ln157                (br            ) [ 00]
b_count_V_loc_3         (phi           ) [ 00]
tmp_9                   (bitselect     ) [ 00]
icmp_ln1019_1           (icmp          ) [ 00]
and_ln159               (and           ) [ 01]
br_ln159                (br            ) [ 00]
store_ln160             (store         ) [ 00]
br_ln162                (br            ) [ 00]
and_ln134               (and           ) [ 01]
br_ln134                (br            ) [ 00]
store_ln135             (store         ) [ 00]
tmp_3                   (bitselect     ) [ 00]
xor_ln1027              (xor           ) [ 00]
and_ln136               (and           ) [ 01]
br_ln136                (br            ) [ 00]
p_Result_s              (bitconcatenate) [ 00]
j_a_load                (load          ) [ 00]
add_ln139               (add           ) [ 00]
store_ln139             (store         ) [ 00]
zext_ln139              (zext          ) [ 00]
buffer_1_wr_addr        (getelementptr ) [ 00]
store_ln139             (store         ) [ 00]
add_ln840               (add           ) [ 00]
store_ln840             (store         ) [ 00]
br_ln141                (br            ) [ 00]
b_count_V_loc_1         (phi           ) [ 00]
tmp_7                   (bitselect     ) [ 00]
icmp_ln1019             (icmp          ) [ 00]
and_ln143               (and           ) [ 01]
br_ln143                (br            ) [ 00]
store_ln144             (store         ) [ 00]
br_ln146                (br            ) [ 00]
br_ln104                (br            ) [ 00]
store_ln105             (store         ) [ 00]
store_ln106             (store         ) [ 00]
store_ln107             (store         ) [ 00]
store_ln108             (store         ) [ 00]
store_ln110             (store         ) [ 00]
store_ln111             (store         ) [ 00]
store_ln112             (store         ) [ 00]
store_ln113             (store         ) [ 00]
store_ln114             (store         ) [ 00]
store_ln116             (store         ) [ 00]
write_ln117             (write         ) [ 00]
store_ln118             (store         ) [ 00]
write_ln119             (write         ) [ 00]
write_ln121             (write         ) [ 00]
write_ln122             (write         ) [ 00]
br_ln130                (br            ) [ 00]
state_flag_9            (phi           ) [ 01]
state_new_9             (phi           ) [ 00]
r_cnt_V_flag_2          (phi           ) [ 01]
r_cnt_V_new_2           (phi           ) [ 00]
phi_ln186               (phi           ) [ 00]
done1_seen_flag_0       (phi           ) [ 00]
empty_10                (phi           ) [ 00]
br_ln1027               (br            ) [ 00]
store_ln109             (store         ) [ 00]
br_ln0                  (br            ) [ 00]
br_ln238                (br            ) [ 00]
store_ln124             (store         ) [ 00]
br_ln0                  (br            ) [ 00]
or_ln244                (or            ) [ 01]
br_ln244                (br            ) [ 00]
store_ln125             (store         ) [ 00]
br_ln0                  (br            ) [ 00]
or_ln245                (or            ) [ 01]
r_acc_V_load            (load          ) [ 00]
store_result_valid_load (load          ) [ 00]
and_ln251               (and           ) [ 00]
xor_ln251               (xor           ) [ 00]
or_ln251                (or            ) [ 00]
store_ln251             (store         ) [ 00]
write_ln253             (write         ) [ 00]
and_ln254               (and           ) [ 00]
write_ln254             (write         ) [ 00]
write_ln255             (write         ) [ 00]
write_ln257             (write         ) [ 00]
write_ln258             (write         ) [ 00]
br_ln245                (br            ) [ 00]
store_ln126             (store         ) [ 00]
br_ln0                  (br            ) [ 00]
ret_ln259               (ret           ) [ 00]
</LifeTime>

<model>

<comp_list>
<comp id="0" class="1000" name="a_i_valid">
<pin_list>
<pin id="1" dir="1" index="0" bw="1" slack="0"/>
</pin_list>
<bind>
<StgValue><ssdm name="a_i_valid"/></StgValue>
</bind>
</comp>

<comp id="2" class="1000" name="a_i_ready">
<pin_list>
<pin id="3" dir="1" index="0" bw="1" slack="0"/>
</pin_list>
<bind>
<StgValue><ssdm name="a_i_ready"/></StgValue>
</bind>
</comp>

<comp id="4" class="1000" name="a_i_data">
<pin_list>
<pin id="5" dir="1" index="0" bw="1" slack="0"/>
</pin_list>
<bind>
<StgValue><ssdm name="a_i_data"/></StgValue>
</bind>
</comp>

<comp id="6" class="1000" name="a_i_strb">
<pin_list>
<pin id="7" dir="1" index="0" bw="1" slack="2147483647"/>
</pin_list>
<bind>
<StgValue><ssdm name="a_i_strb"/></StgValue>
</bind>
</comp>

<comp id="8" class="1000" name="b_i_valid">
<pin_list>
<pin id="9" dir="1" index="0" bw="1" slack="0"/>
</pin_list>
<bind>
<StgValue><ssdm name="b_i_valid"/></StgValue>
</bind>
</comp>

<comp id="10" class="1000" name="b_i_ready">
<pin_list>
<pin id="11" dir="1" index="0" bw="1" slack="0"/>
</pin_list>
<bind>
<StgValue><ssdm name="b_i_ready"/></StgValue>
</bind>
</comp>

<comp id="12" class="1000" name="b_i_data">
<pin_list>
<pin id="13" dir="1" index="0" bw="1" slack="0"/>
</pin_list>
<bind>
<StgValue><ssdm name="b_i_data"/></StgValue>
</bind>
</comp>

<comp id="14" class="1000" name="b_i_strb">
<pin_list>
<pin id="15" dir="1" index="0" bw="1" slack="2147483647"/>
</pin_list>
<bind>
<StgValue><ssdm name="b_i_strb"/></StgValue>
</bind>
</comp>

<comp id="16" class="1000" name="c_i_valid">
<pin_list>
<pin id="17" dir="1" index="0" bw="1" slack="2147483647"/>
</pin_list>
<bind>
<StgValue><ssdm name="c_i_valid"/></StgValue>
</bind>
</comp>

<comp id="18" class="1000" name="c_i_ready">
<pin_list>
<pin id="19" dir="1" index="0" bw="1" slack="0"/>
</pin_list>
<bind>
<StgValue><ssdm name="c_i_ready"/></StgValue>
</bind>
</comp>

<comp id="20" class="1000" name="c_i_data">
<pin_list>
<pin id="21" dir="1" index="0" bw="1" slack="2147483647"/>
</pin_list>
<bind>
<StgValue><ssdm name="c_i_data"/></StgValue>
</bind>
</comp>

<comp id="22" class="1000" name="c_i_strb">
<pin_list>
<pin id="23" dir="1" index="0" bw="1" slack="2147483647"/>
</pin_list>
<bind>
<StgValue><ssdm name="c_i_strb"/></StgValue>
</bind>
</comp>

<comp id="24" class="1000" name="d_o_valid">
<pin_list>
<pin id="25" dir="1" index="0" bw="1" slack="0"/>
</pin_list>
<bind>
<StgValue><ssdm name="d_o_valid"/></StgValue>
</bind>
</comp>

<comp id="26" class="1000" name="d_o_ready">
<pin_list>
<pin id="27" dir="1" index="0" bw="1" slack="0"/>
</pin_list>
<bind>
<StgValue><ssdm name="d_o_ready"/></StgValue>
</bind>
</comp>

<comp id="28" class="1000" name="d_o_data">
<pin_list>
<pin id="29" dir="1" index="0" bw="1" slack="0"/>
</pin_list>
<bind>
<StgValue><ssdm name="d_o_data"/></StgValue>
</bind>
</comp>

<comp id="30" class="1000" name="d_o_strb">
<pin_list>
<pin id="31" dir="1" index="0" bw="1" slack="0"/>
</pin_list>
<bind>
<StgValue><ssdm name="d_o_strb"/></StgValue>
</bind>
</comp>

<comp id="32" class="1000" name="clear">
<pin_list>
<pin id="33" dir="1" index="0" bw="1" slack="0"/>
</pin_list>
<bind>
<StgValue><ssdm name="clear"/></StgValue>
</bind>
</comp>

<comp id="34" class="1000" name="enable">
<pin_list>
<pin id="35" dir="1" index="0" bw="1" slack="0"/>
</pin_list>
<bind>
<StgValue><ssdm name="enable"/></StgValue>
</bind>
</comp>

<comp id="36" class="1000" name="function_r">
<pin_list>
<pin id="37" dir="1" index="0" bw="1" slack="2147483647"/>
</pin_list>
<bind>
<StgValue><ssdm name="function_r"/></StgValue>
</bind>
</comp>

<comp id="38" class="1000" name="start_r">
<pin_list>
<pin id="39" dir="1" index="0" bw="1" slack="2147483647"/>
</pin_list>
<bind>
<StgValue><ssdm name="start_r"/></StgValue>
</bind>
</comp>

<comp id="40" class="1000" name="shift">
<pin_list>
<pin id="41" dir="1" index="0" bw="1" slack="0"/>
</pin_list>
<bind>
<StgValue><ssdm name="shift"/></StgValue>
</bind>
</comp>

<comp id="42" class="1000" name="len">
<pin_list>
<pin id="43" dir="1" index="0" bw="1" slack="0"/>
</pin_list>
<bind>
<StgValue><ssdm name="len"/></StgValue>
</bind>
</comp>

<comp id="44" class="1000" name="f_cnt">
<pin_list>
<pin id="45" dir="1" index="0" bw="1" slack="0"/>
</pin_list>
<bind>
<StgValue><ssdm name="f_cnt"/></StgValue>
</bind>
</comp>

<comp id="46" class="1000" name="f_valid">
<pin_list>
<pin id="47" dir="1" index="0" bw="1" slack="0"/>
</pin_list>
<bind>
<StgValue><ssdm name="f_valid"/></StgValue>
</bind>
</comp>

<comp id="48" class="1000" name="buffer_1_rd">
<pin_list>
<pin id="49" dir="1" index="0" bw="1" slack="0"/>
</pin_list>
<bind>
<StgValue><ssdm name="buffer_1_rd"/></StgValue>
</bind>
</comp>

<comp id="50" class="1000" name="buffer_1_rd1">
<pin_list>
<pin id="51" dir="1" index="0" bw="1" slack="0"/>
</pin_list>
<bind>
<StgValue><ssdm name="buffer_1_rd1"/></StgValue>
</bind>
</comp>

<comp id="52" class="1000" name="buffer_1_wr">
<pin_list>
<pin id="53" dir="1" index="0" bw="1" slack="0"/>
</pin_list>
<bind>
<StgValue><ssdm name="buffer_1_wr"/><MemPortTyVec>0 3 </MemPortTyVec>
</StgValue>
</bind>
</comp>

<comp id="54" class="1000" name="buffer_1_wr1">
<pin_list>
<pin id="55" dir="1" index="0" bw="1" slack="0"/>
</pin_list>
<bind>
<StgValue><ssdm name="buffer_1_wr1"/><MemPortTyVec>0 3 </MemPortTyVec>
</StgValue>
</bind>
</comp>

<comp id="56" class="1000" name="compute_start1">
<pin_list>
<pin id="57" dir="1" index="0" bw="1" slack="0"/>
</pin_list>
<bind>
<StgValue><ssdm name="compute_start1"/></StgValue>
</bind>
</comp>

<comp id="58" class="1000" name="compute_done1">
<pin_list>
<pin id="59" dir="1" index="0" bw="1" slack="0"/>
</pin_list>
<bind>
<StgValue><ssdm name="compute_done1"/></StgValue>
</bind>
</comp>

<comp id="60" class="1000" name="compute_start2">
<pin_list>
<pin id="61" dir="1" index="0" bw="1" slack="0"/>
</pin_list>
<bind>
<StgValue><ssdm name="compute_start2"/></StgValue>
</bind>
</comp>

<comp id="62" class="1000" name="compute_done2">
<pin_list>
<pin id="63" dir="1" index="0" bw="1" slack="0"/>
</pin_list>
<bind>
<StgValue><ssdm name="compute_done2"/></StgValue>
</bind>
</comp>

<comp id="64" class="1000" name="slave_start1">
<pin_list>
<pin id="65" dir="1" index="0" bw="1" slack="0"/>
</pin_list>
<bind>
<StgValue><ssdm name="slave_start1"/></StgValue>
</bind>
</comp>

<comp id="66" class="1000" name="slave_done1">
<pin_list>
<pin id="67" dir="1" index="0" bw="1" slack="2147483647"/>
</pin_list>
<bind>
<StgValue><ssdm name="slave_done1"/></StgValue>
</bind>
</comp>

<comp id="68" class="1000" name="slave_start2">
<pin_list>
<pin id="69" dir="1" index="0" bw="1" slack="0"/>
</pin_list>
<bind>
<StgValue><ssdm name="slave_start2"/></StgValue>
</bind>
</comp>

<comp id="70" class="1000" name="slave_done2">
<pin_list>
<pin id="71" dir="1" index="0" bw="1" slack="2147483647"/>
</pin_list>
<bind>
<StgValue><ssdm name="slave_done2"/></StgValue>
</bind>
</comp>

<comp id="72" class="1000" name="buffer_ok">
<pin_list>
<pin id="73" dir="1" index="0" bw="1" slack="0"/>
</pin_list>
<bind>
<StgValue><ssdm name="buffer_ok"/></StgValue>
</bind>
</comp>

<comp id="74" class="1000" name="r_acc_valid">
<pin_list>
<pin id="75" dir="1" index="0" bw="1" slack="0"/>
</pin_list>
<bind>
<StgValue><ssdm name="r_acc_valid"/></StgValue>
</bind>
</comp>

<comp id="76" class="1000" name="state">
<pin_list>
<pin id="77" dir="1" index="0" bw="1" slack="0"/>
</pin_list>
<bind>
<StgValue><ssdm name="state"/></StgValue>
</bind>
</comp>

<comp id="78" class="1000" name="b_count_V">
<pin_list>
<pin id="79" dir="1" index="0" bw="1" slack="0"/>
</pin_list>
<bind>
<StgValue><ssdm name="b_count_V"/></StgValue>
</bind>
</comp>

<comp id="80" class="1000" name="r_cnt_V">
<pin_list>
<pin id="81" dir="1" index="0" bw="1" slack="0"/>
</pin_list>
<bind>
<StgValue><ssdm name="r_cnt_V"/></StgValue>
</bind>
</comp>

<comp id="82" class="1000" name="i">
<pin_list>
<pin id="83" dir="1" index="0" bw="1" slack="0"/>
</pin_list>
<bind>
<StgValue><ssdm name="i"/></StgValue>
</bind>
</comp>

<comp id="84" class="1000" name="done1_seen">
<pin_list>
<pin id="85" dir="1" index="0" bw="1" slack="0"/>
</pin_list>
<bind>
<StgValue><ssdm name="done1_seen"/></StgValue>
</bind>
</comp>

<comp id="86" class="1000" name="done2_seen">
<pin_list>
<pin id="87" dir="1" index="0" bw="1" slack="0"/>
</pin_list>
<bind>
<StgValue><ssdm name="done2_seen"/></StgValue>
</bind>
</comp>

<comp id="88" class="1000" name="j_a">
<pin_list>
<pin id="89" dir="1" index="0" bw="1" slack="0"/>
</pin_list>
<bind>
<StgValue><ssdm name="j_a"/></StgValue>
</bind>
</comp>

<comp id="90" class="1000" name="j_b">
<pin_list>
<pin id="91" dir="1" index="0" bw="1" slack="0"/>
</pin_list>
<bind>
<StgValue><ssdm name="j_b"/></StgValue>
</bind>
</comp>

<comp id="92" class="1000" name="r_acc_V">
<pin_list>
<pin id="93" dir="1" index="0" bw="1" slack="0"/>
</pin_list>
<bind>
<StgValue><ssdm name="r_acc_V"/></StgValue>
</bind>
</comp>

<comp id="94" class="1000" name="store_result_valid">
<pin_list>
<pin id="95" dir="1" index="0" bw="1" slack="0"/>
</pin_list>
<bind>
<StgValue><ssdm name="store_result_valid"/></StgValue>
</bind>
</comp>

<comp id="96" class="1000" name="buffer_V">
<pin_list>
<pin id="97" dir="1" index="0" bw="1" slack="0"/>
</pin_list>
<bind>
<StgValue><ssdm name="buffer_V"/></StgValue>
</bind>
</comp>

<comp id="98" class="1000" name="compute_launched">
<pin_list>
<pin id="99" dir="1" index="0" bw="1" slack="0"/>
</pin_list>
<bind>
<StgValue><ssdm name="compute_launched"/></StgValue>
</bind>
</comp>

<comp id="100" class="1000" name="compute_launched2">
<pin_list>
<pin id="101" dir="1" index="0" bw="1" slack="0"/>
</pin_list>
<bind>
<StgValue><ssdm name="compute_launched2"/></StgValue>
</bind>
</comp>

<comp id="102" class="1000" name="store_result_ready">
<pin_list>
<pin id="103" dir="1" index="0" bw="1" slack="0"/>
</pin_list>
<bind>
<StgValue><ssdm name="store_result_ready"/></StgValue>
</bind>
</comp>

<comp id="104" class="1001" name="const_104">
<pin_list>
<pin id="105" dir="1" index="0" bw="1" slack="2147483647"/>
</pin_list>
<bind>
<StgValue><ssdm name="_ssdm_op_SpecTopModule"/></StgValue>
</bind>
</comp>

<comp id="106" class="1001" name="const_106">
<pin_list>
<pin id="107" dir="1" index="0" bw="1" slack="2147483647"/>
</pin_list>
<bind>
<StgValue><ssdm name="empty_4"/></StgValue>
</bind>
</comp>

<comp id="108" class="1001" name="const_108">
<pin_list>
<pin id="109" dir="1" index="0" bw="1" slack="2147483647"/>
</pin_list>
<bind>
<StgValue><ssdm name="_ssdm_op_SpecInterface"/></StgValue>
</bind>
</comp>

<comp id="110" class="1001" name="const_110">
<pin_list>
<pin id="111" dir="1" index="0" bw="1" slack="0"/>
</pin_list>
<bind>
<StgValue><ssdm name=""/></StgValue>
</bind>
</comp>

<comp id="112" class="1001" name="const_112">
<pin_list>
<pin id="113" dir="1" index="0" bw="1" slack="2147483647"/>
</pin_list>
<bind>
<StgValue><ssdm name="empty_5"/></StgValue>
</bind>
</comp>

<comp id="114" class="1001" name="const_114">
<pin_list>
<pin id="115" dir="1" index="0" bw="1" slack="2147483647"/>
</pin_list>
<bind>
<StgValue><ssdm name="empty_0"/></StgValue>
</bind>
</comp>

<comp id="116" class="1001" name="const_116">
<pin_list>
<pin id="117" dir="1" index="0" bw="1" slack="2147483647"/>
</pin_list>
<bind>
<StgValue><ssdm name=""/></StgValue>
</bind>
</comp>

<comp id="118" class="1001" name="const_118">
<pin_list>
<pin id="119" dir="1" index="0" bw="1" slack="0"/>
</pin_list>
<bind>
<StgValue><ssdm name="_ssdm_op_Read.ap_none.i1"/></StgValue>
</bind>
</comp>

<comp id="120" class="1001" name="const_120">
<pin_list>
<pin id="121" dir="1" index="0" bw="1" slack="0"/>
</pin_list>
<bind>
<StgValue><ssdm name="_ssdm_op_Read.ap_auto.i11"/></StgValue>
</bind>
</comp>

<comp id="122" class="1001" name="const_122">
<pin_list>
<pin id="123" dir="1" index="0" bw="1" slack="0"/>
</pin_list>
<bind>
<StgValue><ssdm name="_ssdm_op_Read.ap_auto.i5"/></StgValue>
</bind>
</comp>

<comp id="124" class="1001" name="const_124">
<pin_list>
<pin id="125" dir="1" index="0" bw="1" slack="0"/>
</pin_list>
<bind>
<StgValue><ssdm name="_ssdm_op_Read.ap_auto.i1"/></StgValue>
</bind>
</comp>

<comp id="126" class="1001" name="const_126">
<pin_list>
<pin id="127" dir="1" index="0" bw="1" slack="2147483647"/>
</pin_list>
<bind>
<StgValue><ssdm name="_ssdm_op_SpecBitsMap"/></StgValue>
</bind>
</comp>

<comp id="128" class="1001" name="const_128">
<pin_list>
<pin id="129" dir="1" index="0" bw="1" slack="2147483647"/>
</pin_list>
<bind>
<StgValue><ssdm name="empty"/></StgValue>
</bind>
</comp>

<comp id="130" class="1001" name="const_130">
<pin_list>
<pin id="131" dir="1" index="0" bw="1" slack="2147483647"/>
</pin_list>
<bind>
<StgValue><ssdm name="empty_1"/></StgValue>
</bind>
</comp>

<comp id="132" class="1001" name="const_132">
<pin_list>
<pin id="133" dir="1" index="0" bw="1" slack="2147483647"/>
</pin_list>
<bind>
<StgValue><ssdm name="empty_2"/></StgValue>
</bind>
</comp>

<comp id="134" class="1001" name="const_134">
<pin_list>
<pin id="135" dir="1" index="0" bw="1" slack="2147483647"/>
</pin_list>
<bind>
<StgValue><ssdm name="empty_3"/></StgValue>
</bind>
</comp>

<comp id="136" class="1001" name="const_136">
<pin_list>
<pin id="137" dir="1" index="0" bw="1" slack="0"/>
</pin_list>
<bind>
<StgValue><ssdm name=""/></StgValue>
</bind>
</comp>

<comp id="138" class="1001" name="const_138">
<pin_list>
<pin id="139" dir="1" index="0" bw="1" slack="0"/>
</pin_list>
<bind>
<StgValue><ssdm name="_ssdm_op_Write.ap_none.i1P0A"/></StgValue>
</bind>
</comp>

<comp id="140" class="1001" name="const_140">
<pin_list>
<pin id="141" dir="1" index="0" bw="1" slack="0"/>
</pin_list>
<bind>
<StgValue><ssdm name="_ssdm_op_Read.ap_none.i1P0A"/></StgValue>
</bind>
</comp>

<comp id="142" class="1001" name="const_142">
<pin_list>
<pin id="143" dir="1" index="0" bw="1" slack="0"/>
</pin_list>
<bind>
<StgValue><ssdm name="_ssdm_op_Read.ap_none.i32P0A"/></StgValue>
</bind>
</comp>

<comp id="144" class="1001" name="const_144">
<pin_list>
<pin id="145" dir="1" index="0" bw="1" slack="0"/>
</pin_list>
<bind>
<StgValue><ssdm name=""/></StgValue>
</bind>
</comp>

<comp id="146" class="1001" name="const_146">
<pin_list>
<pin id="147" dir="1" index="0" bw="1" slack="0"/>
</pin_list>
<bind>
<StgValue><ssdm name=""/></StgValue>
</bind>
</comp>

<comp id="148" class="1001" name="const_148">
<pin_list>
<pin id="149" dir="1" index="0" bw="1" slack="0"/>
</pin_list>
<bind>
<StgValue><ssdm name=""/></StgValue>
</bind>
</comp>

<comp id="150" class="1001" name="const_150">
<pin_list>
<pin id="151" dir="1" index="0" bw="1" slack="0"/>
</pin_list>
<bind>
<StgValue><ssdm name=""/></StgValue>
</bind>
</comp>

<comp id="152" class="1001" name="const_152">
<pin_list>
<pin id="153" dir="1" index="0" bw="1" slack="0"/>
</pin_list>
<bind>
<StgValue><ssdm name=""/></StgValue>
</bind>
</comp>

<comp id="154" class="1001" name="const_154">
<pin_list>
<pin id="155" dir="1" index="0" bw="1" slack="0"/>
</pin_list>
<bind>
<StgValue><ssdm name=""/></StgValue>
</bind>
</comp>

<comp id="156" class="1001" name="const_156">
<pin_list>
<pin id="157" dir="1" index="0" bw="1" slack="0"/>
</pin_list>
<bind>
<StgValue><ssdm name=""/></StgValue>
</bind>
</comp>

<comp id="158" class="1001" name="const_158">
<pin_list>
<pin id="159" dir="1" index="0" bw="1" slack="0"/>
</pin_list>
<bind>
<StgValue><ssdm name=""/></StgValue>
</bind>
</comp>

<comp id="160" class="1001" name="const_160">
<pin_list>
<pin id="161" dir="1" index="0" bw="1" slack="0"/>
</pin_list>
<bind>
<StgValue><ssdm name=""/></StgValue>
</bind>
</comp>

<comp id="162" class="1001" name="const_162">
<pin_list>
<pin id="163" dir="1" index="0" bw="1" slack="0"/>
</pin_list>
<bind>
<StgValue><ssdm name=""/></StgValue>
</bind>
</comp>

<comp id="164" class="1001" name="const_164">
<pin_list>
<pin id="165" dir="1" index="0" bw="1" slack="0"/>
</pin_list>
<bind>
<StgValue><ssdm name=""/></StgValue>
</bind>
</comp>

<comp id="166" class="1001" name="const_166">
<pin_list>
<pin id="167" dir="1" index="0" bw="1" slack="0"/>
</pin_list>
<bind>
<StgValue><ssdm name=""/></StgValue>
</bind>
</comp>

<comp id="168" class="1001" name="const_168">
<pin_list>
<pin id="169" dir="1" index="0" bw="1" slack="0"/>
</pin_list>
<bind>
<StgValue><ssdm name=""/></StgValue>
</bind>
</comp>

<comp id="170" class="1001" name="const_170">
<pin_list>
<pin id="171" dir="1" index="0" bw="1" slack="0"/>
</pin_list>
<bind>
<StgValue><ssdm name="_ssdm_op_NbReadReq.ap_fifo.i32P0A"/></StgValue>
</bind>
</comp>

<comp id="172" class="1001" name="const_172">
<pin_list>
<pin id="173" dir="1" index="0" bw="1" slack="0"/>
</pin_list>
<bind>
<StgValue><ssdm name="_ssdm_op_PartSelect.i28.i32.i32.i32"/></StgValue>
</bind>
</comp>

<comp id="174" class="1001" name="const_174">
<pin_list>
<pin id="175" dir="1" index="0" bw="1" slack="0"/>
</pin_list>
<bind>
<StgValue><ssdm name=""/></StgValue>
</bind>
</comp>

<comp id="176" class="1001" name="const_176">
<pin_list>
<pin id="177" dir="1" index="0" bw="1" slack="0"/>
</pin_list>
<bind>
<StgValue><ssdm name=""/></StgValue>
</bind>
</comp>

<comp id="178" class="1001" name="const_178">
<pin_list>
<pin id="179" dir="1" index="0" bw="1" slack="0"/>
</pin_list>
<bind>
<StgValue><ssdm name=""/></StgValue>
</bind>
</comp>

<comp id="180" class="1001" name="const_180">
<pin_list>
<pin id="181" dir="1" index="0" bw="1" slack="0"/>
</pin_list>
<bind>
<StgValue><ssdm name=""/></StgValue>
</bind>
</comp>

<comp id="182" class="1001" name="const_182">
<pin_list>
<pin id="183" dir="1" index="0" bw="1" slack="0"/>
</pin_list>
<bind>
<StgValue><ssdm name="_ssdm_op_Read.ap_fifo.volatile.i32P0A"/></StgValue>
</bind>
</comp>

<comp id="184" class="1001" name="const_184">
<pin_list>
<pin id="185" dir="1" index="0" bw="1" slack="0"/>
</pin_list>
<bind>
<StgValue><ssdm name="_ssdm_op_BitSelect.i1.i4.i32"/></StgValue>
</bind>
</comp>

<comp id="186" class="1001" name="const_186">
<pin_list>
<pin id="187" dir="1" index="0" bw="1" slack="0"/>
</pin_list>
<bind>
<StgValue><ssdm name=""/></StgValue>
</bind>
</comp>

<comp id="188" class="1001" name="const_188">
<pin_list>
<pin id="189" dir="1" index="0" bw="1" slack="0"/>
</pin_list>
<bind>
<StgValue><ssdm name="_ssdm_op_BitConcatenate.i64.i32.i32"/></StgValue>
</bind>
</comp>

<comp id="190" class="1001" name="const_190">
<pin_list>
<pin id="191" dir="1" index="0" bw="1" slack="0"/>
</pin_list>
<bind>
<StgValue><ssdm name=""/></StgValue>
</bind>
</comp>

<comp id="192" class="1001" name="const_192">
<pin_list>
<pin id="193" dir="1" index="0" bw="1" slack="0"/>
</pin_list>
<bind>
<StgValue><ssdm name=""/></StgValue>
</bind>
</comp>

<comp id="194" class="1001" name="const_194">
<pin_list>
<pin id="195" dir="1" index="0" bw="1" slack="0"/>
</pin_list>
<bind>
<StgValue><ssdm name=""/></StgValue>
</bind>
</comp>

<comp id="196" class="1001" name="const_196">
<pin_list>
<pin id="197" dir="1" index="0" bw="1" slack="0"/>
</pin_list>
<bind>
<StgValue><ssdm name=""/></StgValue>
</bind>
</comp>

<comp id="198" class="1001" name="const_198">
<pin_list>
<pin id="199" dir="1" index="0" bw="1" slack="0"/>
</pin_list>
<bind>
<StgValue><ssdm name=""/></StgValue>
</bind>
</comp>

<comp id="200" class="1001" name="const_200">
<pin_list>
<pin id="201" dir="1" index="0" bw="1" slack="0"/>
</pin_list>
<bind>
<StgValue><ssdm name="_ssdm_op_Write.ap_none.i32P0A"/></StgValue>
</bind>
</comp>

<comp id="202" class="1001" name="const_202">
<pin_list>
<pin id="203" dir="1" index="0" bw="1" slack="0"/>
</pin_list>
<bind>
<StgValue><ssdm name="_ssdm_op_Write.ap_none.i4P0A"/></StgValue>
</bind>
</comp>

<comp id="204" class="1001" name="const_204">
<pin_list>
<pin id="205" dir="1" index="0" bw="1" slack="0"/>
</pin_list>
<bind>
<StgValue><ssdm name=""/></StgValue>
</bind>
</comp>

<comp id="206" class="1001" name="const_206">
<pin_list>
<pin id="207" dir="1" index="0" bw="1" slack="0"/>
</pin_list>
<bind>
<StgValue><ssdm name="_ssdm_op_Write.ap_auto.i11P0A"/></StgValue>
</bind>
</comp>

<comp id="208" class="1001" name="const_208">
<pin_list>
<pin id="209" dir="1" index="0" bw="1" slack="0"/>
</pin_list>
<bind>
<StgValue><ssdm name="_ssdm_op_Write.ap_auto.i1P0A"/></StgValue>
</bind>
</comp>

<comp id="210" class="1004" name="compute_done2_read_read_fu_210">
<pin_list>
<pin id="211" dir="0" index="0" bw="1" slack="0"/>
<pin id="212" dir="0" index="1" bw="1" slack="0"/>
<pin id="213" dir="1" index="2" bw="1" slack="0"/>
</pin_list>
<bind>
<opcode="read(1150) " fcode="read"/>
<opset="compute_done2_read/1 "/>
</bind>
</comp>

<comp id="216" class="1004" name="compute_done1_read_read_fu_216">
<pin_list>
<pin id="217" dir="0" index="0" bw="1" slack="0"/>
<pin id="218" dir="0" index="1" bw="1" slack="0"/>
<pin id="219" dir="1" index="2" bw="1" slack="0"/>
</pin_list>
<bind>
<opcode="read(1150) " fcode="read"/>
<opset="compute_done1_read/1 "/>
</bind>
</comp>

<comp id="222" class="1004" name="len_read_read_fu_222">
<pin_list>
<pin id="223" dir="0" index="0" bw="11" slack="0"/>
<pin id="224" dir="0" index="1" bw="11" slack="0"/>
<pin id="225" dir="1" index="2" bw="11" slack="0"/>
</pin_list>
<bind>
<opcode="read(1150) " fcode="read"/>
<opset="len_read/1 "/>
</bind>
</comp>

<comp id="228" class="1004" name="shift_read_read_fu_228">
<pin_list>
<pin id="229" dir="0" index="0" bw="5" slack="0"/>
<pin id="230" dir="0" index="1" bw="5" slack="0"/>
<pin id="231" dir="1" index="2" bw="5" slack="0"/>
</pin_list>
<bind>
<opcode="read(1150) " fcode="read"/>
<opset="shift_read/1 "/>
</bind>
</comp>

<comp id="234" class="1004" name="enable_read_read_fu_234">
<pin_list>
<pin id="235" dir="0" index="0" bw="1" slack="0"/>
<pin id="236" dir="0" index="1" bw="1" slack="0"/>
<pin id="237" dir="1" index="2" bw="1" slack="0"/>
</pin_list>
<bind>
<opcode="read(1150) " fcode="read"/>
<opset="enable_read/1 "/>
</bind>
</comp>

<comp id="240" class="1004" name="clear_read_read_fu_240">
<pin_list>
<pin id="241" dir="0" index="0" bw="1" slack="0"/>
<pin id="242" dir="0" index="1" bw="1" slack="0"/>
<pin id="243" dir="1" index="2" bw="1" slack="2147483647"/>
</pin_list>
<bind>
<opcode="read(1150) " fcode="read"/>
<opset="clear_read/1 "/>
</bind>
</comp>

<comp id="246" class="1004" name="write_ln96_write_fu_246">
<pin_list>
<pin id="247" dir="0" index="0" bw="0" slack="0"/>
<pin id="248" dir="0" index="1" bw="1" slack="0"/>
<pin id="249" dir="0" index="2" bw="1" slack="0"/>
<pin id="250" dir="1" index="3" bw="0" slack="2147483647"/>
</pin_list>
<bind>
<opcode="write(1151) " fcode="write"/>
<opset="write_ln96/1 "/>
</bind>
</comp>

<comp id="253" class="1004" name="write_ln97_write_fu_253">
<pin_list>
<pin id="254" dir="0" index="0" bw="0" slack="0"/>
<pin id="255" dir="0" index="1" bw="1" slack="0"/>
<pin id="256" dir="0" index="2" bw="1" slack="0"/>
<pin id="257" dir="1" index="3" bw="0" slack="2147483647"/>
</pin_list>
<bind>
<opcode="write(1151) " fcode="write"/>
<opset="write_ln97/1 "/>
</bind>
</comp>

<comp id="260" class="1004" name="write_ln98_write_fu_260">
<pin_list>
<pin id="261" dir="0" index="0" bw="0" slack="0"/>
<pin id="262" dir="0" index="1" bw="1" slack="0"/>
<pin id="263" dir="0" index="2" bw="1" slack="0"/>
<pin id="264" dir="1" index="3" bw="0" slack="2147483647"/>
</pin_list>
<bind>
<opcode="write(1151) " fcode="write"/>
<opset="write_ln98/1 "/>
</bind>
</comp>

<comp id="268" class="1004" name="d_o_ready_read_read_fu_268">
<pin_list>
<pin id="269" dir="0" index="0" bw="1" slack="0"/>
<pin id="270" dir="0" index="1" bw="1" slack="0"/>
<pin id="271" dir="1" index="2" bw="1" slack="0"/>
</pin_list>
<bind>
<opcode="read(1150) " fcode="read"/>
<opset="d_o_ready_read/1 "/>
</bind>
</comp>

<comp id="274" class="1004" name="a_i_valid_read_read_fu_274">
<pin_list>
<pin id="275" dir="0" index="0" bw="1" slack="0"/>
<pin id="276" dir="0" index="1" bw="1" slack="0"/>
<pin id="277" dir="1" index="2" bw="1" slack="0"/>
</pin_list>
<bind>
<opcode="read(1150) " fcode="read"/>
<opset="a_i_valid_read/1 "/>
</bind>
</comp>

<comp id="280" class="1004" name="b_i_valid_read_read_fu_280">
<pin_list>
<pin id="281" dir="0" index="0" bw="1" slack="0"/>
<pin id="282" dir="0" index="1" bw="1" slack="0"/>
<pin id="283" dir="1" index="2" bw="1" slack="0"/>
</pin_list>
<bind>
<opcode="read(1150) " fcode="read"/>
<opset="b_i_valid_read/1 "/>
</bind>
</comp>

<comp id="286" class="1004" name="tmp_a_V_read_fu_286">
<pin_list>
<pin id="287" dir="0" index="0" bw="32" slack="0"/>
<pin id="288" dir="0" index="1" bw="32" slack="0"/>
<pin id="289" dir="1" index="2" bw="32" slack="0"/>
</pin_list>
<bind>
<opcode="read(1150) " fcode="read"/>
<opset="tmp_a_V/1 "/>
</bind>
</comp>

<comp id="292" class="1004" name="tmp_b_V_read_fu_292">
<pin_list>
<pin id="293" dir="0" index="0" bw="32" slack="0"/>
<pin id="294" dir="0" index="1" bw="32" slack="0"/>
<pin id="295" dir="1" index="2" bw="32" slack="0"/>
</pin_list>
<bind>
<opcode="read(1150) " fcode="read"/>
<opset="tmp_b_V/1 "/>
</bind>
</comp>

<comp id="298" class="1004" name="tmp_nbreadreq_fu_298">
<pin_list>
<pin id="299" dir="0" index="0" bw="1" slack="0"/>
<pin id="300" dir="0" index="1" bw="32" slack="0"/>
<pin id="301" dir="0" index="2" bw="1" slack="0"/>
<pin id="302" dir="1" index="3" bw="1" slack="0"/>
</pin_list>
<bind>
<opcode="nbreadreq(1156) " fcode="nbreadreq"/>
<opset="tmp/1 "/>
</bind>
</comp>

<comp id="306" class="1004" name="tmp_1_nbreadreq_fu_306">
<pin_list>
<pin id="307" dir="0" index="0" bw="1" slack="0"/>
<pin id="308" dir="0" index="1" bw="32" slack="0"/>
<pin id="309" dir="0" index="2" bw="1" slack="0"/>
<pin id="310" dir="1" index="3" bw="1" slack="0"/>
</pin_list>
<bind>
<opcode="nbreadreq(1156) " fcode="nbreadreq"/>
<opset="tmp_1/1 "/>
</bind>
</comp>

<comp id="314" class="1004" name="buffer_1_rd1_read_read_fu_314">
<pin_list>
<pin id="315" dir="0" index="0" bw="32" slack="0"/>
<pin id="316" dir="0" index="1" bw="32" slack="0"/>
<pin id="317" dir="1" index="2" bw="32" slack="0"/>
</pin_list>
<bind>
<opcode="read(1150) " fcode="read"/>
<opset="buffer_1_rd1_read/1 "/>
</bind>
</comp>

<comp id="320" class="1004" name="buffer_1_rd_read_read_fu_320">
<pin_list>
<pin id="321" dir="0" index="0" bw="32" slack="0"/>
<pin id="322" dir="0" index="1" bw="32" slack="0"/>
<pin id="323" dir="1" index="2" bw="32" slack="0"/>
</pin_list>
<bind>
<opcode="read(1150) " fcode="read"/>
<opset="buffer_1_rd_read/1 "/>
</bind>
</comp>

<comp id="326" class="1004" name="grp_write_fu_326">
<pin_list>
<pin id="327" dir="0" index="0" bw="0" slack="0"/>
<pin id="328" dir="0" index="1" bw="1" slack="0"/>
<pin id="329" dir="0" index="2" bw="1" slack="0"/>
<pin id="330" dir="1" index="3" bw="0" slack="2147483647"/>
</pin_list>
<bind>
<opcode="write(1151) " fcode="write"/>
<opset="write_ln193/1 write_ln196/1 write_ln119/1 "/>
</bind>
</comp>

<comp id="335" class="1004" name="grp_write_fu_335">
<pin_list>
<pin id="336" dir="0" index="0" bw="0" slack="0"/>
<pin id="337" dir="0" index="1" bw="1" slack="0"/>
<pin id="338" dir="0" index="2" bw="1" slack="0"/>
<pin id="339" dir="1" index="3" bw="0" slack="2147483647"/>
</pin_list>
<bind>
<opcode="write(1151) " fcode="write"/>
<opset="write_ln180/1 write_ln183/1 write_ln117/1 "/>
</bind>
</comp>

<comp id="344" class="1004" name="write_ln121_write_fu_344">
<pin_list>
<pin id="345" dir="0" index="0" bw="0" slack="0"/>
<pin id="346" dir="0" index="1" bw="1" slack="0"/>
<pin id="347" dir="0" index="2" bw="1" slack="0"/>
<pin id="348" dir="1" index="3" bw="0" slack="2147483647"/>
</pin_list>
<bind>
<opcode="write(1151) " fcode="write"/>
<opset="write_ln121/1 "/>
</bind>
</comp>

<comp id="352" class="1004" name="write_ln122_write_fu_352">
<pin_list>
<pin id="353" dir="0" index="0" bw="0" slack="0"/>
<pin id="354" dir="0" index="1" bw="1" slack="0"/>
<pin id="355" dir="0" index="2" bw="1" slack="0"/>
<pin id="356" dir="1" index="3" bw="0" slack="2147483647"/>
</pin_list>
<bind>
<opcode="write(1151) " fcode="write"/>
<opset="write_ln122/1 "/>
</bind>
</comp>

<comp id="360" class="1004" name="write_ln253_write_fu_360">
<pin_list>
<pin id="361" dir="0" index="0" bw="0" slack="0"/>
<pin id="362" dir="0" index="1" bw="32" slack="0"/>
<pin id="363" dir="0" index="2" bw="32" slack="0"/>
<pin id="364" dir="1" index="3" bw="0" slack="2147483647"/>
</pin_list>
<bind>
<opcode="write(1151) " fcode="write"/>
<opset="write_ln253/1 "/>
</bind>
</comp>

<comp id="367" class="1004" name="write_ln254_write_fu_367">
<pin_list>
<pin id="368" dir="0" index="0" bw="0" slack="0"/>
<pin id="369" dir="0" index="1" bw="1" slack="0"/>
<pin id="370" dir="0" index="2" bw="1" slack="0"/>
<pin id="371" dir="1" index="3" bw="0" slack="2147483647"/>
</pin_list>
<bind>
<opcode="write(1151) " fcode="write"/>
<opset="write_ln254/1 "/>
</bind>
</comp>

<comp id="374" class="1004" name="write_ln255_write_fu_374">
<pin_list>
<pin id="375" dir="0" index="0" bw="0" slack="0"/>
<pin id="376" dir="0" index="1" bw="4" slack="0"/>
<pin id="377" dir="0" index="2" bw="1" slack="0"/>
<pin id="378" dir="1" index="3" bw="0" slack="2147483647"/>
</pin_list>
<bind>
<opcode="write(1151) " fcode="write"/>
<opset="write_ln255/1 "/>
</bind>
</comp>

<comp id="382" class="1004" name="write_ln257_write_fu_382">
<pin_list>
<pin id="383" dir="0" index="0" bw="0" slack="0"/>
<pin id="384" dir="0" index="1" bw="11" slack="0"/>
<pin id="385" dir="0" index="2" bw="11" slack="0"/>
<pin id="386" dir="1" index="3" bw="0" slack="2147483647"/>
</pin_list>
<bind>
<opcode="write(1151) " fcode="write"/>
<opset="write_ln257/1 "/>
</bind>
</comp>

<comp id="389" class="1004" name="write_ln258_write_fu_389">
<pin_list>
<pin id="390" dir="0" index="0" bw="0" slack="0"/>
<pin id="391" dir="0" index="1" bw="1" slack="0"/>
<pin id="392" dir="0" index="2" bw="1" slack="0"/>
<pin id="393" dir="1" index="3" bw="0" slack="2147483647"/>
</pin_list>
<bind>
<opcode="write(1151) " fcode="write"/>
<opset="write_ln258/1 "/>
</bind>
</comp>

<comp id="396" class="1004" name="buffer_1_wr1_addr_gep_fu_396">
<pin_list>
<pin id="397" dir="0" index="0" bw="64" slack="0"/>
<pin id="398" dir="0" index="1" bw="1" slack="0"/>
<pin id="399" dir="0" index="2" bw="32" slack="0"/>
<pin id="400" dir="1" index="3" bw="5" slack="0"/>
</pin_list>
<bind>
<opcode="getelementptr(29) " fcode="getelementptr"/>
<opset="buffer_1_wr1_addr/1 "/>
</bind>
</comp>

<comp id="403" class="1004" name="store_ln155_access_fu_403">
<pin_list>
<pin id="404" dir="0" index="0" bw="5" slack="0"/>
<pin id="405" dir="0" index="1" bw="64" slack="0"/>
<pin id="406" dir="0" index="2" bw="0" slack="2147483647"/>
<pin id="407" dir="1" index="3" bw="64" slack="2147483647"/>
</pin_list>
<bind>
<opcode="store(28) " fcode="store"/>
<opset="store_ln155/1 "/>
</bind>
</comp>

<comp id="409" class="1004" name="buffer_1_wr_addr_gep_fu_409">
<pin_list>
<pin id="410" dir="0" index="0" bw="64" slack="0"/>
<pin id="411" dir="0" index="1" bw="1" slack="0"/>
<pin id="412" dir="0" index="2" bw="32" slack="0"/>
<pin id="413" dir="1" index="3" bw="5" slack="0"/>
</pin_list>
<bind>
<opcode="getelementptr(29) " fcode="getelementptr"/>
<opset="buffer_1_wr_addr/1 "/>
</bind>
</comp>

<comp id="416" class="1004" name="store_ln139_access_fu_416">
<pin_list>
<pin id="417" dir="0" index="0" bw="5" slack="0"/>
<pin id="418" dir="0" index="1" bw="64" slack="0"/>
<pin id="419" dir="0" index="2" bw="0" slack="2147483647"/>
<pin id="420" dir="1" index="3" bw="64" slack="2147483647"/>
</pin_list>
<bind>
<opcode="store(28) " fcode="store"/>
<opset="store_ln139/1 "/>
</bind>
</comp>

<comp id="422" class="1005" name="r_cnt_V_flag_0_reg_422">
<pin_list>
<pin id="423" dir="0" index="0" bw="1" slack="2147483647"/>
<pin id="424" dir="1" index="1" bw="1" slack="2147483647"/>
</pin_list>
<bind>
<opset="r_cnt_V_flag_0 (phireg) "/>
</bind>
</comp>

<comp id="425" class="1004" name="r_cnt_V_flag_0_phi_fu_425">
<pin_list>
<pin id="426" dir="0" index="0" bw="1" slack="0"/>
<pin id="427" dir="0" index="1" bw="0" slack="2147483647"/>
<pin id="428" dir="0" index="2" bw="1" slack="0"/>
<pin id="429" dir="0" index="3" bw="0" slack="2147483647"/>
<pin id="430" dir="0" index="4" bw="1" slack="0"/>
<pin id="431" dir="0" index="5" bw="0" slack="2147483647"/>
<pin id="432" dir="1" index="6" bw="1" slack="0"/>
</pin_list>
<bind>
<opcode="phi(47) " fcode="phi"/>
<opset="r_cnt_V_flag_0/1 "/>
</bind>
</comp>

<comp id="435" class="1005" name="r_cnt_V_loc_0_reg_435">
<pin_list>
<pin id="436" dir="0" index="0" bw="14" slack="2147483647"/>
<pin id="437" dir="1" index="1" bw="14" slack="2147483647"/>
</pin_list>
<bind>
<opset="r_cnt_V_loc_0 (phireg) "/>
</bind>
</comp>

<comp id="438" class="1004" name="r_cnt_V_loc_0_phi_fu_438">
<pin_list>
<pin id="439" dir="0" index="0" bw="14" slack="0"/>
<pin id="440" dir="0" index="1" bw="0" slack="2147483647"/>
<pin id="441" dir="0" index="2" bw="14" slack="0"/>
<pin id="442" dir="0" index="3" bw="0" slack="2147483647"/>
<pin id="443" dir="0" index="4" bw="14" slack="0"/>
<pin id="444" dir="0" index="5" bw="0" slack="2147483647"/>
<pin id="445" dir="1" index="6" bw="14" slack="0"/>
</pin_list>
<bind>
<opcode="phi(47) " fcode="phi"/>
<opset="r_cnt_V_loc_0/1 "/>
</bind>
</comp>

<comp id="446" class="1005" name="state_flag_7_reg_446">
<pin_list>
<pin id="447" dir="0" index="0" bw="1" slack="2147483647"/>
<pin id="448" dir="1" index="1" bw="1" slack="2147483647"/>
</pin_list>
<bind>
<opset="state_flag_7 (phireg) "/>
</bind>
</comp>

<comp id="449" class="1004" name="state_flag_7_phi_fu_449">
<pin_list>
<pin id="450" dir="0" index="0" bw="1" slack="0"/>
<pin id="451" dir="0" index="1" bw="0" slack="2147483647"/>
<pin id="452" dir="0" index="2" bw="1" slack="0"/>
<pin id="453" dir="0" index="3" bw="0" slack="2147483647"/>
<pin id="454" dir="0" index="4" bw="1" slack="0"/>
<pin id="455" dir="0" index="5" bw="0" slack="2147483647"/>
<pin id="456" dir="1" index="6" bw="1" slack="0"/>
</pin_list>
<bind>
<opcode="phi(47) " fcode="phi"/>
<opset="state_flag_7/1 "/>
</bind>
</comp>

<comp id="460" class="1005" name="r_cnt_V_flag_1_reg_460">
<pin_list>
<pin id="461" dir="0" index="0" bw="1" slack="2147483647"/>
<pin id="462" dir="1" index="1" bw="1" slack="2147483647"/>
</pin_list>
<bind>
<opset="r_cnt_V_flag_1 (phireg) "/>
</bind>
</comp>

<comp id="463" class="1004" name="r_cnt_V_flag_1_phi_fu_463">
<pin_list>
<pin id="464" dir="0" index="0" bw="1" slack="0"/>
<pin id="465" dir="0" index="1" bw="0" slack="2147483647"/>
<pin id="466" dir="0" index="2" bw="1" slack="0"/>
<pin id="467" dir="0" index="3" bw="0" slack="2147483647"/>
<pin id="468" dir="0" index="4" bw="1" slack="0"/>
<pin id="469" dir="0" index="5" bw="0" slack="2147483647"/>
<pin id="470" dir="1" index="6" bw="1" slack="0"/>
</pin_list>
<bind>
<opcode="phi(47) " fcode="phi"/>
<opset="r_cnt_V_flag_1/1 "/>
</bind>
</comp>

<comp id="474" class="1005" name="r_cnt_V_new_1_reg_474">
<pin_list>
<pin id="475" dir="0" index="0" bw="14" slack="2147483647"/>
<pin id="476" dir="1" index="1" bw="14" slack="2147483647"/>
</pin_list>
<bind>
<opset="r_cnt_V_new_1 (phireg) "/>
</bind>
</comp>

<comp id="477" class="1004" name="r_cnt_V_new_1_phi_fu_477">
<pin_list>
<pin id="478" dir="0" index="0" bw="14" slack="0"/>
<pin id="479" dir="0" index="1" bw="0" slack="2147483647"/>
<pin id="480" dir="0" index="2" bw="1" slack="0"/>
<pin id="481" dir="0" index="3" bw="0" slack="2147483647"/>
<pin id="482" dir="0" index="4" bw="1" slack="0"/>
<pin id="483" dir="0" index="5" bw="0" slack="2147483647"/>
<pin id="484" dir="1" index="6" bw="14" slack="0"/>
</pin_list>
<bind>
<opcode="phi(47) " fcode="phi"/>
<opset="r_cnt_V_new_1/1 "/>
</bind>
</comp>

<comp id="487" class="1005" name="r_cnt_V_loc_1_reg_487">
<pin_list>
<pin id="488" dir="0" index="0" bw="11" slack="2147483647"/>
<pin id="489" dir="1" index="1" bw="11" slack="2147483647"/>
</pin_list>
<bind>
<opset="r_cnt_V_loc_1 (phireg) "/>
</bind>
</comp>

<comp id="490" class="1004" name="r_cnt_V_loc_1_phi_fu_490">
<pin_list>
<pin id="491" dir="0" index="0" bw="11" slack="0"/>
<pin id="492" dir="0" index="1" bw="0" slack="2147483647"/>
<pin id="493" dir="0" index="2" bw="11" slack="0"/>
<pin id="494" dir="0" index="3" bw="0" slack="2147483647"/>
<pin id="495" dir="0" index="4" bw="11" slack="0"/>
<pin id="496" dir="0" index="5" bw="0" slack="2147483647"/>
<pin id="497" dir="1" index="6" bw="11" slack="0"/>
</pin_list>
<bind>
<opcode="phi(47) " fcode="phi"/>
<opset="r_cnt_V_loc_1/1 "/>
</bind>
</comp>

<comp id="498" class="1005" name="i_op_assign_reg_498">
<pin_list>
<pin id="499" dir="0" index="0" bw="32" slack="2147483647"/>
<pin id="500" dir="1" index="1" bw="32" slack="2147483647"/>
</pin_list>
<bind>
<opset="i_op_assign (phireg) "/>
</bind>
</comp>

<comp id="501" class="1004" name="i_op_assign_phi_fu_501">
<pin_list>
<pin id="502" dir="0" index="0" bw="32" slack="0"/>
<pin id="503" dir="0" index="1" bw="0" slack="2147483647"/>
<pin id="504" dir="0" index="2" bw="32" slack="0"/>
<pin id="505" dir="0" index="3" bw="0" slack="2147483647"/>
<pin id="506" dir="0" index="4" bw="32" slack="0"/>
<pin id="507" dir="0" index="5" bw="0" slack="2147483647"/>
<pin id="508" dir="1" index="6" bw="32" slack="0"/>
</pin_list>
<bind>
<opcode="phi(47) " fcode="phi"/>
<opset="i_op_assign/1 "/>
</bind>
</comp>

<comp id="509" class="1005" name="empty_reg_509">
<pin_list>
<pin id="510" dir="0" index="0" bw="1" slack="2147483647"/>
<pin id="511" dir="1" index="1" bw="1" slack="2147483647"/>
</pin_list>
<bind>
<opset="empty (phireg) "/>
</bind>
</comp>

<comp id="512" class="1004" name="empty_phi_fu_512">
<pin_list>
<pin id="513" dir="0" index="0" bw="1" slack="0"/>
<pin id="514" dir="0" index="1" bw="0" slack="2147483647"/>
<pin id="515" dir="0" index="2" bw="1" slack="0"/>
<pin id="516" dir="0" index="3" bw="0" slack="2147483647"/>
<pin id="517" dir="0" index="4" bw="1" slack="0"/>
<pin id="518" dir="0" index="5" bw="0" slack="2147483647"/>
<pin id="519" dir="1" index="6" bw="1" slack="0"/>
</pin_list>
<bind>
<opcode="phi(47) " fcode="phi"/>
<opset="empty/1 "/>
</bind>
</comp>

<comp id="523" class="1005" name="b_count_V_loc_3_reg_523">
<pin_list>
<pin id="524" dir="0" index="0" bw="4" slack="2147483647"/>
<pin id="525" dir="1" index="1" bw="4" slack="2147483647"/>
</pin_list>
<bind>
<opset="b_count_V_loc_3 (phireg) "/>
</bind>
</comp>

<comp id="526" class="1004" name="b_count_V_loc_3_phi_fu_526">
<pin_list>
<pin id="527" dir="0" index="0" bw="4" slack="0"/>
<pin id="528" dir="0" index="1" bw="0" slack="2147483647"/>
<pin id="529" dir="0" index="2" bw="4" slack="0"/>
<pin id="530" dir="0" index="3" bw="0" slack="2147483647"/>
<pin id="531" dir="0" index="4" bw="4" slack="0"/>
<pin id="532" dir="0" index="5" bw="0" slack="2147483647"/>
<pin id="533" dir="1" index="6" bw="4" slack="0"/>
</pin_list>
<bind>
<opcode="phi(47) " fcode="phi"/>
<opset="b_count_V_loc_3/1 "/>
</bind>
</comp>

<comp id="534" class="1005" name="b_count_V_loc_1_reg_534">
<pin_list>
<pin id="535" dir="0" index="0" bw="4" slack="2147483647"/>
<pin id="536" dir="1" index="1" bw="4" slack="2147483647"/>
</pin_list>
<bind>
<opset="b_count_V_loc_1 (phireg) "/>
</bind>
</comp>

<comp id="537" class="1004" name="b_count_V_loc_1_phi_fu_537">
<pin_list>
<pin id="538" dir="0" index="0" bw="4" slack="0"/>
<pin id="539" dir="0" index="1" bw="0" slack="2147483647"/>
<pin id="540" dir="0" index="2" bw="4" slack="0"/>
<pin id="541" dir="0" index="3" bw="0" slack="2147483647"/>
<pin id="542" dir="0" index="4" bw="4" slack="0"/>
<pin id="543" dir="0" index="5" bw="0" slack="2147483647"/>
<pin id="544" dir="1" index="6" bw="4" slack="0"/>
</pin_list>
<bind>
<opcode="phi(47) " fcode="phi"/>
<opset="b_count_V_loc_1/1 "/>
</bind>
</comp>

<comp id="545" class="1005" name="state_flag_9_reg_545">
<pin_list>
<pin id="546" dir="0" index="0" bw="1" slack="2147483647"/>
<pin id="547" dir="1" index="1" bw="1" slack="2147483647"/>
</pin_list>
<bind>
<opset="state_flag_9 (phireg) "/>
</bind>
</comp>

<comp id="548" class="1004" name="state_flag_9_phi_fu_548">
<pin_list>
<pin id="549" dir="0" index="0" bw="1" slack="0"/>
<pin id="550" dir="0" index="1" bw="0" slack="2147483647"/>
<pin id="551" dir="0" index="2" bw="1" slack="0"/>
<pin id="552" dir="0" index="3" bw="0" slack="2147483647"/>
<pin id="553" dir="0" index="4" bw="1" slack="0"/>
<pin id="554" dir="0" index="5" bw="0" slack="2147483647"/>
<pin id="555" dir="0" index="6" bw="1" slack="0"/>
<pin id="556" dir="0" index="7" bw="0" slack="2147483647"/>
<pin id="557" dir="0" index="8" bw="1" slack="0"/>
<pin id="558" dir="0" index="9" bw="0" slack="2147483647"/>
<pin id="559" dir="0" index="10" bw="1" slack="0"/>
<pin id="560" dir="0" index="11" bw="0" slack="2147483647"/>
<pin id="561" dir="0" index="12" bw="1" slack="0"/>
<pin id="562" dir="0" index="13" bw="0" slack="2147483647"/>
<pin id="563" dir="0" index="14" bw="1" slack="0"/>
<pin id="564" dir="0" index="15" bw="0" slack="2147483647"/>
<pin id="565" dir="0" index="16" bw="1" slack="0"/>
<pin id="566" dir="0" index="17" bw="0" slack="2147483647"/>
<pin id="567" dir="0" index="18" bw="1" slack="0"/>
<pin id="568" dir="0" index="19" bw="0" slack="2147483647"/>
<pin id="569" dir="0" index="20" bw="1" slack="0"/>
<pin id="570" dir="0" index="21" bw="0" slack="2147483647"/>
<pin id="571" dir="0" index="22" bw="1" slack="0"/>
<pin id="572" dir="0" index="23" bw="0" slack="2147483647"/>
<pin id="573" dir="0" index="24" bw="1" slack="0"/>
<pin id="574" dir="0" index="25" bw="0" slack="2147483647"/>
<pin id="575" dir="0" index="26" bw="1" slack="0"/>
<pin id="576" dir="0" index="27" bw="0" slack="2147483647"/>
<pin id="577" dir="0" index="28" bw="1" slack="0"/>
<pin id="578" dir="0" index="29" bw="0" slack="2147483647"/>
<pin id="579" dir="1" index="30" bw="1" slack="2147483647"/>
</pin_list>
<bind>
<opcode="phi(47) " fcode="phi"/>
<opset="state_flag_9/1 "/>
</bind>
</comp>

<comp id="592" class="1005" name="state_new_9_reg_592">
<pin_list>
<pin id="593" dir="0" index="0" bw="4" slack="2147483647"/>
<pin id="594" dir="1" index="1" bw="4" slack="2147483647"/>
</pin_list>
<bind>
<opset="state_new_9 (phireg) "/>
</bind>
</comp>

<comp id="595" class="1004" name="state_new_9_phi_fu_595">
<pin_list>
<pin id="596" dir="0" index="0" bw="1" slack="0"/>
<pin id="597" dir="0" index="1" bw="0" slack="2147483647"/>
<pin id="598" dir="0" index="2" bw="4" slack="0"/>
<pin id="599" dir="0" index="3" bw="0" slack="2147483647"/>
<pin id="600" dir="0" index="4" bw="4" slack="0"/>
<pin id="601" dir="0" index="5" bw="0" slack="2147483647"/>
<pin id="602" dir="0" index="6" bw="1" slack="0"/>
<pin id="603" dir="0" index="7" bw="0" slack="2147483647"/>
<pin id="604" dir="0" index="8" bw="1" slack="0"/>
<pin id="605" dir="0" index="9" bw="0" slack="2147483647"/>
<pin id="606" dir="0" index="10" bw="3" slack="0"/>
<pin id="607" dir="0" index="11" bw="0" slack="2147483647"/>
<pin id="608" dir="0" index="12" bw="3" slack="0"/>
<pin id="609" dir="0" index="13" bw="0" slack="2147483647"/>
<pin id="610" dir="0" index="14" bw="4" slack="0"/>
<pin id="611" dir="0" index="15" bw="0" slack="2147483647"/>
<pin id="612" dir="0" index="16" bw="4" slack="0"/>
<pin id="613" dir="0" index="17" bw="0" slack="2147483647"/>
<pin id="614" dir="0" index="18" bw="3" slack="0"/>
<pin id="615" dir="0" index="19" bw="0" slack="2147483647"/>
<pin id="616" dir="0" index="20" bw="3" slack="0"/>
<pin id="617" dir="0" index="21" bw="0" slack="2147483647"/>
<pin id="618" dir="0" index="22" bw="4" slack="0"/>
<pin id="619" dir="0" index="23" bw="0" slack="2147483647"/>
<pin id="620" dir="0" index="24" bw="4" slack="0"/>
<pin id="621" dir="0" index="25" bw="0" slack="2147483647"/>
<pin id="622" dir="0" index="26" bw="4" slack="0"/>
<pin id="623" dir="0" index="27" bw="0" slack="2147483647"/>
<pin id="624" dir="0" index="28" bw="4" slack="0"/>
<pin id="625" dir="0" index="29" bw="0" slack="2147483647"/>
<pin id="626" dir="1" index="30" bw="4" slack="0"/>
</pin_list>
<bind>
<opcode="phi(47) " fcode="phi"/>
<opset="state_new_9/1 "/>
</bind>
</comp>

<comp id="641" class="1005" name="r_cnt_V_flag_2_reg_641">
<pin_list>
<pin id="642" dir="0" index="0" bw="1" slack="2147483647"/>
<pin id="643" dir="1" index="1" bw="1" slack="2147483647"/>
</pin_list>
<bind>
<opset="r_cnt_V_flag_2 (phireg) "/>
</bind>
</comp>

<comp id="644" class="1004" name="r_cnt_V_flag_2_phi_fu_644">
<pin_list>
<pin id="645" dir="0" index="0" bw="1" slack="0"/>
<pin id="646" dir="0" index="1" bw="0" slack="2147483647"/>
<pin id="647" dir="0" index="2" bw="1" slack="0"/>
<pin id="648" dir="0" index="3" bw="0" slack="2147483647"/>
<pin id="649" dir="0" index="4" bw="1" slack="0"/>
<pin id="650" dir="0" index="5" bw="0" slack="2147483647"/>
<pin id="651" dir="0" index="6" bw="1" slack="0"/>
<pin id="652" dir="0" index="7" bw="0" slack="2147483647"/>
<pin id="653" dir="0" index="8" bw="1" slack="0"/>
<pin id="654" dir="0" index="9" bw="0" slack="2147483647"/>
<pin id="655" dir="0" index="10" bw="1" slack="0"/>
<pin id="656" dir="0" index="11" bw="0" slack="2147483647"/>
<pin id="657" dir="0" index="12" bw="1" slack="0"/>
<pin id="658" dir="0" index="13" bw="0" slack="2147483647"/>
<pin id="659" dir="0" index="14" bw="1" slack="0"/>
<pin id="660" dir="0" index="15" bw="0" slack="2147483647"/>
<pin id="661" dir="0" index="16" bw="1" slack="0"/>
<pin id="662" dir="0" index="17" bw="0" slack="2147483647"/>
<pin id="663" dir="0" index="18" bw="1" slack="0"/>
<pin id="664" dir="0" index="19" bw="0" slack="2147483647"/>
<pin id="665" dir="0" index="20" bw="1" slack="0"/>
<pin id="666" dir="0" index="21" bw="0" slack="2147483647"/>
<pin id="667" dir="0" index="22" bw="1" slack="0"/>
<pin id="668" dir="0" index="23" bw="0" slack="2147483647"/>
<pin id="669" dir="0" index="24" bw="1" slack="0"/>
<pin id="670" dir="0" index="25" bw="0" slack="2147483647"/>
<pin id="671" dir="0" index="26" bw="1" slack="0"/>
<pin id="672" dir="0" index="27" bw="0" slack="2147483647"/>
<pin id="673" dir="0" index="28" bw="1" slack="0"/>
<pin id="674" dir="0" index="29" bw="0" slack="2147483647"/>
<pin id="675" dir="1" index="30" bw="1" slack="2147483647"/>
</pin_list>
<bind>
<opcode="phi(47) " fcode="phi"/>
<opset="r_cnt_V_flag_2/1 "/>
</bind>
</comp>

<comp id="691" class="1005" name="r_cnt_V_new_2_reg_691">
<pin_list>
<pin id="692" dir="0" index="0" bw="14" slack="2147483647"/>
<pin id="693" dir="1" index="1" bw="14" slack="2147483647"/>
</pin_list>
<bind>
<opset="r_cnt_V_new_2 (phireg) "/>
</bind>
</comp>

<comp id="694" class="1004" name="r_cnt_V_new_2_phi_fu_694">
<pin_list>
<pin id="695" dir="0" index="0" bw="1" slack="0"/>
<pin id="696" dir="0" index="1" bw="0" slack="2147483647"/>
<pin id="697" dir="0" index="2" bw="14" slack="0"/>
<pin id="698" dir="0" index="3" bw="0" slack="2147483647"/>
<pin id="699" dir="0" index="4" bw="1" slack="0"/>
<pin id="700" dir="0" index="5" bw="0" slack="2147483647"/>
<pin id="701" dir="0" index="6" bw="1" slack="0"/>
<pin id="702" dir="0" index="7" bw="0" slack="2147483647"/>
<pin id="703" dir="0" index="8" bw="1" slack="0"/>
<pin id="704" dir="0" index="9" bw="0" slack="2147483647"/>
<pin id="705" dir="0" index="10" bw="1" slack="0"/>
<pin id="706" dir="0" index="11" bw="0" slack="2147483647"/>
<pin id="707" dir="0" index="12" bw="1" slack="0"/>
<pin id="708" dir="0" index="13" bw="0" slack="2147483647"/>
<pin id="709" dir="0" index="14" bw="1" slack="0"/>
<pin id="710" dir="0" index="15" bw="0" slack="2147483647"/>
<pin id="711" dir="0" index="16" bw="1" slack="0"/>
<pin id="712" dir="0" index="17" bw="0" slack="2147483647"/>
<pin id="713" dir="0" index="18" bw="1" slack="0"/>
<pin id="714" dir="0" index="19" bw="0" slack="2147483647"/>
<pin id="715" dir="0" index="20" bw="1" slack="0"/>
<pin id="716" dir="0" index="21" bw="0" slack="2147483647"/>
<pin id="717" dir="0" index="22" bw="1" slack="0"/>
<pin id="718" dir="0" index="23" bw="0" slack="2147483647"/>
<pin id="719" dir="0" index="24" bw="1" slack="0"/>
<pin id="720" dir="0" index="25" bw="0" slack="2147483647"/>
<pin id="721" dir="0" index="26" bw="1" slack="0"/>
<pin id="722" dir="0" index="27" bw="0" slack="2147483647"/>
<pin id="723" dir="0" index="28" bw="1" slack="0"/>
<pin id="724" dir="0" index="29" bw="0" slack="2147483647"/>
<pin id="725" dir="1" index="30" bw="14" slack="0"/>
</pin_list>
<bind>
<opcode="phi(47) " fcode="phi"/>
<opset="r_cnt_V_new_2/1 "/>
</bind>
</comp>

<comp id="741" class="1005" name="phi_ln186_reg_741">
<pin_list>
<pin id="742" dir="0" index="0" bw="11" slack="2147483647"/>
<pin id="743" dir="1" index="1" bw="11" slack="2147483647"/>
</pin_list>
<bind>
<opset="phi_ln186 (phireg) "/>
</bind>
</comp>

<comp id="744" class="1004" name="phi_ln186_phi_fu_744">
<pin_list>
<pin id="745" dir="0" index="0" bw="11" slack="0"/>
<pin id="746" dir="0" index="1" bw="0" slack="2147483647"/>
<pin id="747" dir="0" index="2" bw="11" slack="0"/>
<pin id="748" dir="0" index="3" bw="0" slack="2147483647"/>
<pin id="749" dir="0" index="4" bw="11" slack="0"/>
<pin id="750" dir="0" index="5" bw="0" slack="2147483647"/>
<pin id="751" dir="0" index="6" bw="1" slack="0"/>
<pin id="752" dir="0" index="7" bw="0" slack="2147483647"/>
<pin id="753" dir="0" index="8" bw="11" slack="0"/>
<pin id="754" dir="0" index="9" bw="0" slack="2147483647"/>
<pin id="755" dir="0" index="10" bw="11" slack="0"/>
<pin id="756" dir="0" index="11" bw="0" slack="2147483647"/>
<pin id="757" dir="0" index="12" bw="11" slack="0"/>
<pin id="758" dir="0" index="13" bw="0" slack="2147483647"/>
<pin id="759" dir="0" index="14" bw="11" slack="0"/>
<pin id="760" dir="0" index="15" bw="0" slack="2147483647"/>
<pin id="761" dir="0" index="16" bw="11" slack="0"/>
<pin id="762" dir="0" index="17" bw="0" slack="2147483647"/>
<pin id="763" dir="0" index="18" bw="11" slack="0"/>
<pin id="764" dir="0" index="19" bw="0" slack="2147483647"/>
<pin id="765" dir="0" index="20" bw="11" slack="0"/>
<pin id="766" dir="0" index="21" bw="0" slack="2147483647"/>
<pin id="767" dir="0" index="22" bw="11" slack="0"/>
<pin id="768" dir="0" index="23" bw="0" slack="2147483647"/>
<pin id="769" dir="0" index="24" bw="11" slack="0"/>
<pin id="770" dir="0" index="25" bw="0" slack="2147483647"/>
<pin id="771" dir="0" index="26" bw="11" slack="0"/>
<pin id="772" dir="0" index="27" bw="0" slack="2147483647"/>
<pin id="773" dir="0" index="28" bw="11" slack="0"/>
<pin id="774" dir="0" index="29" bw="0" slack="2147483647"/>
<pin id="775" dir="1" index="30" bw="11" slack="0"/>
</pin_list>
<bind>
<opcode="phi(47) " fcode="phi"/>
<opset="phi_ln186/1 "/>
</bind>
</comp>

<comp id="779" class="1005" name="done1_seen_flag_0_reg_779">
<pin_list>
<pin id="780" dir="0" index="0" bw="1" slack="2147483647"/>
<pin id="781" dir="1" index="1" bw="1" slack="2147483647"/>
</pin_list>
<bind>
<opset="done1_seen_flag_0 (phireg) "/>
</bind>
</comp>

<comp id="782" class="1004" name="done1_seen_flag_0_phi_fu_782">
<pin_list>
<pin id="783" dir="0" index="0" bw="1" slack="0"/>
<pin id="784" dir="0" index="1" bw="0" slack="2147483647"/>
<pin id="785" dir="0" index="2" bw="1" slack="0"/>
<pin id="786" dir="0" index="3" bw="0" slack="2147483647"/>
<pin id="787" dir="0" index="4" bw="1" slack="0"/>
<pin id="788" dir="0" index="5" bw="0" slack="2147483647"/>
<pin id="789" dir="0" index="6" bw="1" slack="0"/>
<pin id="790" dir="0" index="7" bw="0" slack="2147483647"/>
<pin id="791" dir="0" index="8" bw="1" slack="0"/>
<pin id="792" dir="0" index="9" bw="0" slack="2147483647"/>
<pin id="793" dir="0" index="10" bw="1" slack="0"/>
<pin id="794" dir="0" index="11" bw="0" slack="2147483647"/>
<pin id="795" dir="0" index="12" bw="1" slack="0"/>
<pin id="796" dir="0" index="13" bw="0" slack="2147483647"/>
<pin id="797" dir="0" index="14" bw="1" slack="0"/>
<pin id="798" dir="0" index="15" bw="0" slack="2147483647"/>
<pin id="799" dir="0" index="16" bw="1" slack="0"/>
<pin id="800" dir="0" index="17" bw="0" slack="2147483647"/>
<pin id="801" dir="0" index="18" bw="1" slack="0"/>
<pin id="802" dir="0" index="19" bw="0" slack="2147483647"/>
<pin id="803" dir="0" index="20" bw="1" slack="0"/>
<pin id="804" dir="0" index="21" bw="0" slack="2147483647"/>
<pin id="805" dir="0" index="22" bw="1" slack="0"/>
<pin id="806" dir="0" index="23" bw="0" slack="2147483647"/>
<pin id="807" dir="0" index="24" bw="1" slack="0"/>
<pin id="808" dir="0" index="25" bw="0" slack="2147483647"/>
<pin id="809" dir="0" index="26" bw="1" slack="0"/>
<pin id="810" dir="0" index="27" bw="0" slack="2147483647"/>
<pin id="811" dir="0" index="28" bw="1" slack="0"/>
<pin id="812" dir="0" index="29" bw="0" slack="2147483647"/>
<pin id="813" dir="1" index="30" bw="1" slack="0"/>
</pin_list>
<bind>
<opcode="phi(47) " fcode="phi"/>
<opset="done1_seen_flag_0/1 "/>
</bind>
</comp>

<comp id="829" class="1005" name="empty_10_reg_829">
<pin_list>
<pin id="830" dir="0" index="0" bw="1" slack="2147483647"/>
<pin id="831" dir="1" index="1" bw="1" slack="2147483647"/>
</pin_list>
<bind>
<opset="empty_10 (phireg) "/>
</bind>
</comp>

<comp id="832" class="1004" name="empty_10_phi_fu_832">
<pin_list>
<pin id="833" dir="0" index="0" bw="1" slack="0"/>
<pin id="834" dir="0" index="1" bw="0" slack="2147483647"/>
<pin id="835" dir="0" index="2" bw="1" slack="0"/>
<pin id="836" dir="0" index="3" bw="0" slack="2147483647"/>
<pin id="837" dir="0" index="4" bw="1" slack="0"/>
<pin id="838" dir="0" index="5" bw="0" slack="2147483647"/>
<pin id="839" dir="0" index="6" bw="1" slack="0"/>
<pin id="840" dir="0" index="7" bw="0" slack="2147483647"/>
<pin id="841" dir="0" index="8" bw="1" slack="0"/>
<pin id="842" dir="0" index="9" bw="0" slack="2147483647"/>
<pin id="843" dir="0" index="10" bw="1" slack="0"/>
<pin id="844" dir="0" index="11" bw="0" slack="2147483647"/>
<pin id="845" dir="0" index="12" bw="1" slack="0"/>
<pin id="846" dir="0" index="13" bw="0" slack="2147483647"/>
<pin id="847" dir="0" index="14" bw="1" slack="0"/>
<pin id="848" dir="0" index="15" bw="0" slack="2147483647"/>
<pin id="849" dir="0" index="16" bw="1" slack="0"/>
<pin id="850" dir="0" index="17" bw="0" slack="2147483647"/>
<pin id="851" dir="0" index="18" bw="1" slack="0"/>
<pin id="852" dir="0" index="19" bw="0" slack="2147483647"/>
<pin id="853" dir="0" index="20" bw="1" slack="0"/>
<pin id="854" dir="0" index="21" bw="0" slack="2147483647"/>
<pin id="855" dir="0" index="22" bw="1" slack="0"/>
<pin id="856" dir="0" index="23" bw="0" slack="2147483647"/>
<pin id="857" dir="0" index="24" bw="1" slack="0"/>
<pin id="858" dir="0" index="25" bw="0" slack="2147483647"/>
<pin id="859" dir="0" index="26" bw="1" slack="0"/>
<pin id="860" dir="0" index="27" bw="0" slack="2147483647"/>
<pin id="861" dir="0" index="28" bw="1" slack="0"/>
<pin id="862" dir="0" index="29" bw="0" slack="2147483647"/>
<pin id="863" dir="1" index="30" bw="1" slack="0"/>
</pin_list>
<bind>
<opcode="phi(47) " fcode="phi"/>
<opset="empty_10/1 "/>
</bind>
</comp>

<comp id="867" class="1004" name="grp_fu_867">
<pin_list>
<pin id="868" dir="0" index="0" bw="1" slack="0"/>
<pin id="869" dir="0" index="1" bw="1" slack="0"/>
<pin id="870" dir="1" index="2" bw="1" slack="2147483647"/>
</pin_list>
<bind>
<opcode="and(23) " fcode="and"/>
<opset="and_ln150/1 and_ln134/1 "/>
</bind>
</comp>

<comp id="873" class="1004" name="grp_fu_873">
<pin_list>
<pin id="874" dir="0" index="0" bw="4" slack="0"/>
<pin id="875" dir="0" index="1" bw="1" slack="0"/>
<pin id="876" dir="1" index="2" bw="4" slack="0"/>
</pin_list>
<bind>
<opcode="add(8) " fcode="add"/>
<opset="add_ln840_1/1 add_ln840/1 "/>
</bind>
</comp>

<comp id="880" class="1004" name="grp_fu_880">
<pin_list>
<pin id="881" dir="0" index="0" bw="5" slack="0"/>
<pin id="882" dir="0" index="1" bw="5" slack="0"/>
<pin id="883" dir="1" index="2" bw="1" slack="0"/>
</pin_list>
<bind>
<opcode="icmp(45) " fcode="icmp"/>
<opset="icmp_ln1019_1/1 icmp_ln1019/1 "/>
</bind>
</comp>

<comp id="886" class="1004" name="buffer_ok_load_load_fu_886">
<pin_list>
<pin id="887" dir="0" index="0" bw="1" slack="0"/>
<pin id="888" dir="1" index="1" bw="1" slack="0"/>
</pin_list>
<bind>
<opcode="load(27) " fcode="load"/>
<opset="buffer_ok_load/1 "/>
</bind>
</comp>

<comp id="890" class="1004" name="xor_ln96_fu_890">
<pin_list>
<pin id="891" dir="0" index="0" bw="1" slack="0"/>
<pin id="892" dir="0" index="1" bw="1" slack="0"/>
<pin id="893" dir="1" index="2" bw="1" slack="0"/>
</pin_list>
<bind>
<opcode="xor(25) " fcode="xor"/>
<opset="xor_ln96/1 "/>
</bind>
</comp>

<comp id="898" class="1004" name="r_acc_valid_load_load_fu_898">
<pin_list>
<pin id="899" dir="0" index="0" bw="1" slack="0"/>
<pin id="900" dir="1" index="1" bw="1" slack="0"/>
</pin_list>
<bind>
<opcode="load(27) " fcode="load"/>
<opset="r_acc_valid_load/1 "/>
</bind>
</comp>

<comp id="915" class="1004" name="state_load_load_fu_915">
<pin_list>
<pin id="916" dir="0" index="0" bw="4" slack="0"/>
<pin id="917" dir="1" index="1" bw="4" slack="2147483647"/>
</pin_list>
<bind>
<opcode="load(27) " fcode="load"/>
<opset="state_load/1 "/>
</bind>
</comp>

<comp id="919" class="1004" name="b_count_V_load_load_fu_919">
<pin_list>
<pin id="920" dir="0" index="0" bw="4" slack="0"/>
<pin id="921" dir="1" index="1" bw="4" slack="0"/>
</pin_list>
<bind>
<opcode="load(27) " fcode="load"/>
<opset="b_count_V_load/1 "/>
</bind>
</comp>

<comp id="928" class="1004" name="r_cnt_V_load_load_fu_928">
<pin_list>
<pin id="929" dir="0" index="0" bw="14" slack="0"/>
<pin id="930" dir="1" index="1" bw="14" slack="0"/>
</pin_list>
<bind>
<opcode="load(27) " fcode="load"/>
<opset="r_cnt_V_load/1 "/>
</bind>
</comp>

<comp id="934" class="1004" name="trunc_ln212_fu_934">
<pin_list>
<pin id="935" dir="0" index="0" bw="14" slack="0"/>
<pin id="936" dir="1" index="1" bw="11" slack="0"/>
</pin_list>
<bind>
<opcode="trunc(33) " fcode="trunc"/>
<opset="trunc_ln212/1 "/>
</bind>
</comp>

<comp id="951" class="1004" name="i_load_load_fu_951">
<pin_list>
<pin id="952" dir="0" index="0" bw="32" slack="0"/>
<pin id="953" dir="1" index="1" bw="32" slack="0"/>
</pin_list>
<bind>
<opcode="load(27) " fcode="load"/>
<opset="i_load/1 "/>
</bind>
</comp>

<comp id="957" class="1004" name="done1_seen_load_load_fu_957">
<pin_list>
<pin id="958" dir="0" index="0" bw="1" slack="0"/>
<pin id="959" dir="1" index="1" bw="1" slack="0"/>
</pin_list>
<bind>
<opcode="load(27) " fcode="load"/>
<opset="done1_seen_load/1 "/>
</bind>
</comp>

<comp id="961" class="1004" name="done2_seen_load_load_fu_961">
<pin_list>
<pin id="962" dir="0" index="0" bw="1" slack="0"/>
<pin id="963" dir="1" index="1" bw="1" slack="0"/>
</pin_list>
<bind>
<opcode="load(27) " fcode="load"/>
<opset="done2_seen_load/1 "/>
</bind>
</comp>

<comp id="966" class="1004" name="zext_ln1027_fu_966">
<pin_list>
<pin id="967" dir="0" index="0" bw="11" slack="0"/>
<pin id="968" dir="1" index="1" bw="32" slack="0"/>
</pin_list>
<bind>
<opcode="zext(34) " fcode="zext"/>
<opset="zext_ln1027/1 "/>
</bind>
</comp>

<comp id="970" class="1004" name="zext_ln1027_1_fu_970">
<pin_list>
<pin id="971" dir="0" index="0" bw="11" slack="0"/>
<pin id="972" dir="1" index="1" bw="14" slack="0"/>
</pin_list>
<bind>
<opcode="zext(34) " fcode="zext"/>
<opset="zext_ln1027_1/1 "/>
</bind>
</comp>

<comp id="974" class="1004" name="icmp_ln1027_fu_974">
<pin_list>
<pin id="975" dir="0" index="0" bw="14" slack="0"/>
<pin id="976" dir="0" index="1" bw="14" slack="0"/>
<pin id="977" dir="1" index="2" bw="1" slack="2147483647"/>
</pin_list>
<bind>
<opcode="icmp(45) " fcode="icmp"/>
<opset="icmp_ln1027/1 "/>
</bind>
</comp>

<comp id="980" class="1004" name="store_result_ready_load_load_fu_980">
<pin_list>
<pin id="981" dir="0" index="0" bw="1" slack="0"/>
<pin id="982" dir="1" index="1" bw="1" slack="2147483647"/>
</pin_list>
<bind>
<opcode="load(27) " fcode="load"/>
<opset="store_result_ready_load/1 "/>
</bind>
</comp>

<comp id="984" class="1004" name="buffer_V_load_load_fu_984">
<pin_list>
<pin id="985" dir="0" index="0" bw="32" slack="0"/>
<pin id="986" dir="1" index="1" bw="32" slack="0"/>
</pin_list>
<bind>
<opcode="load(27) " fcode="load"/>
<opset="buffer_V_load/1 "/>
</bind>
</comp>

<comp id="988" class="1004" name="store_ln225_store_fu_988">
<pin_list>
<pin id="989" dir="0" index="0" bw="32" slack="0"/>
<pin id="990" dir="0" index="1" bw="32" slack="0"/>
<pin id="991" dir="1" index="2" bw="0" slack="2147483647"/>
</pin_list>
<bind>
<opcode="store(28) " fcode="store"/>
<opset="store_ln225/1 "/>
</bind>
</comp>

<comp id="994" class="1004" name="icmp_ln1027_1_fu_994">
<pin_list>
<pin id="995" dir="0" index="0" bw="14" slack="0"/>
<pin id="996" dir="0" index="1" bw="14" slack="0"/>
<pin id="997" dir="1" index="2" bw="1" slack="0"/>
</pin_list>
<bind>
<opcode="icmp(45) " fcode="icmp"/>
<opset="icmp_ln1027_1/1 "/>
</bind>
</comp>

<comp id="1001" class="1004" name="select_ln226_fu_1001">
<pin_list>
<pin id="1002" dir="0" index="0" bw="1" slack="0"/>
<pin id="1003" dir="0" index="1" bw="14" slack="0"/>
<pin id="1004" dir="0" index="2" bw="14" slack="0"/>
<pin id="1005" dir="1" index="3" bw="14" slack="0"/>
</pin_list>
<bind>
<opcode="select(49) " fcode="select"/>
<opset="select_ln226/1 "/>
</bind>
</comp>

<comp id="1010" class="1004" name="trunc_ln228_fu_1010">
<pin_list>
<pin id="1011" dir="0" index="0" bw="14" slack="0"/>
<pin id="1012" dir="1" index="1" bw="11" slack="0"/>
</pin_list>
<bind>
<opcode="trunc(33) " fcode="trunc"/>
<opset="trunc_ln228/1 "/>
</bind>
</comp>

<comp id="1016" class="1004" name="icmp_ln1031_fu_1016">
<pin_list>
<pin id="1017" dir="0" index="0" bw="14" slack="0"/>
<pin id="1018" dir="0" index="1" bw="14" slack="0"/>
<pin id="1019" dir="1" index="2" bw="1" slack="2147483647"/>
</pin_list>
<bind>
<opcode="icmp(45) " fcode="icmp"/>
<opset="icmp_ln1031/1 "/>
</bind>
</comp>

<comp id="1022" class="1004" name="store_ln230_store_fu_1022">
<pin_list>
<pin id="1023" dir="0" index="0" bw="1" slack="0"/>
<pin id="1024" dir="0" index="1" bw="1" slack="0"/>
<pin id="1025" dir="1" index="2" bw="0" slack="2147483647"/>
</pin_list>
<bind>
<opcode="store(28) " fcode="store"/>
<opset="store_ln230/1 "/>
</bind>
</comp>

<comp id="1028" class="1004" name="add_ln231_fu_1028">
<pin_list>
<pin id="1029" dir="0" index="0" bw="32" slack="0"/>
<pin id="1030" dir="0" index="1" bw="1" slack="0"/>
<pin id="1031" dir="1" index="2" bw="32" slack="0"/>
</pin_list>
<bind>
<opcode="add(8) " fcode="add"/>
<opset="add_ln231/1 "/>
</bind>
</comp>

<comp id="1035" class="1004" name="store_ln231_store_fu_1035">
<pin_list>
<pin id="1036" dir="0" index="0" bw="32" slack="0"/>
<pin id="1037" dir="0" index="1" bw="32" slack="0"/>
<pin id="1038" dir="1" index="2" bw="0" slack="2147483647"/>
</pin_list>
<bind>
<opcode="store(28) " fcode="store"/>
<opset="store_ln231/1 "/>
</bind>
</comp>

<comp id="1041" class="1004" name="store_ln234_store_fu_1041">
<pin_list>
<pin id="1042" dir="0" index="0" bw="1" slack="0"/>
<pin id="1043" dir="0" index="1" bw="1" slack="0"/>
<pin id="1044" dir="1" index="2" bw="0" slack="2147483647"/>
</pin_list>
<bind>
<opcode="store(28) " fcode="store"/>
<opset="store_ln234/1 "/>
</bind>
</comp>

<comp id="1047" class="1004" name="add_ln186_fu_1047">
<pin_list>
<pin id="1048" dir="0" index="0" bw="14" slack="0"/>
<pin id="1049" dir="0" index="1" bw="1" slack="0"/>
<pin id="1050" dir="1" index="2" bw="14" slack="0"/>
</pin_list>
<bind>
<opcode="add(8) " fcode="add"/>
<opset="add_ln186/1 "/>
</bind>
</comp>

<comp id="1054" class="1004" name="add_ln186_cast_fu_1054">
<pin_list>
<pin id="1055" dir="0" index="0" bw="11" slack="0"/>
<pin id="1056" dir="0" index="1" bw="1" slack="0"/>
<pin id="1057" dir="1" index="2" bw="11" slack="0"/>
</pin_list>
<bind>
<opcode="add(8) " fcode="add"/>
<opset="add_ln186_cast/1 "/>
</bind>
</comp>

<comp id="1061" class="1004" name="icmp_ln1019_2_fu_1061">
<pin_list>
<pin id="1062" dir="0" index="0" bw="32" slack="0"/>
<pin id="1063" dir="0" index="1" bw="32" slack="0"/>
<pin id="1064" dir="1" index="2" bw="1" slack="0"/>
</pin_list>
<bind>
<opcode="icmp(45) " fcode="icmp"/>
<opset="icmp_ln1019_2/1 "/>
</bind>
</comp>

<comp id="1067" class="1004" name="or_ln238_fu_1067">
<pin_list>
<pin id="1068" dir="0" index="0" bw="1" slack="0"/>
<pin id="1069" dir="0" index="1" bw="1" slack="0"/>
<pin id="1070" dir="1" index="2" bw="1" slack="0"/>
</pin_list>
<bind>
<opcode="or(24) " fcode="or"/>
<opset="or_ln238/1 "/>
</bind>
</comp>

<comp id="1074" class="1004" name="select_ln241_fu_1074">
<pin_list>
<pin id="1075" dir="0" index="0" bw="1" slack="0"/>
<pin id="1076" dir="0" index="1" bw="4" slack="0"/>
<pin id="1077" dir="0" index="2" bw="4" slack="0"/>
<pin id="1078" dir="1" index="3" bw="4" slack="0"/>
</pin_list>
<bind>
<opcode="select(49) " fcode="select"/>
<opset="select_ln241/1 "/>
</bind>
</comp>

<comp id="1083" class="1004" name="tmp_2_fu_1083">
<pin_list>
<pin id="1084" dir="0" index="0" bw="28" slack="0"/>
<pin id="1085" dir="0" index="1" bw="32" slack="0"/>
<pin id="1086" dir="0" index="2" bw="4" slack="0"/>
<pin id="1087" dir="0" index="3" bw="6" slack="0"/>
<pin id="1088" dir="1" index="4" bw="28" slack="0"/>
</pin_list>
<bind>
<opcode="partselect(1002) " fcode="partselect"/>
<opset="tmp_2/1 "/>
</bind>
</comp>

<comp id="1093" class="1004" name="icmp_ln212_fu_1093">
<pin_list>
<pin id="1094" dir="0" index="0" bw="28" slack="0"/>
<pin id="1095" dir="0" index="1" bw="28" slack="0"/>
<pin id="1096" dir="1" index="2" bw="1" slack="0"/>
</pin_list>
<bind>
<opcode="icmp(45) " fcode="icmp"/>
<opset="icmp_ln212/1 "/>
</bind>
</comp>

<comp id="1099" class="1004" name="and_ln212_fu_1099">
<pin_list>
<pin id="1100" dir="0" index="0" bw="1" slack="0"/>
<pin id="1101" dir="0" index="1" bw="1" slack="0"/>
<pin id="1102" dir="1" index="2" bw="1" slack="2147483647"/>
</pin_list>
<bind>
<opcode="and(23) " fcode="and"/>
<opset="and_ln212/1 "/>
</bind>
</comp>

<comp id="1105" class="1004" name="tmp_5_fu_1105">
<pin_list>
<pin id="1106" dir="0" index="0" bw="28" slack="0"/>
<pin id="1107" dir="0" index="1" bw="32" slack="0"/>
<pin id="1108" dir="0" index="2" bw="4" slack="0"/>
<pin id="1109" dir="0" index="3" bw="6" slack="0"/>
<pin id="1110" dir="1" index="4" bw="28" slack="0"/>
</pin_list>
<bind>
<opcode="partselect(1002) " fcode="partselect"/>
<opset="tmp_5/1 "/>
</bind>
</comp>

<comp id="1115" class="1004" name="icmp_ln216_fu_1115">
<pin_list>
<pin id="1116" dir="0" index="0" bw="28" slack="0"/>
<pin id="1117" dir="0" index="1" bw="28" slack="0"/>
<pin id="1118" dir="1" index="2" bw="1" slack="0"/>
</pin_list>
<bind>
<opcode="icmp(45) " fcode="icmp"/>
<opset="icmp_ln216/1 "/>
</bind>
</comp>

<comp id="1121" class="1004" name="and_ln216_fu_1121">
<pin_list>
<pin id="1122" dir="0" index="0" bw="1" slack="0"/>
<pin id="1123" dir="0" index="1" bw="1" slack="0"/>
<pin id="1124" dir="1" index="2" bw="1" slack="2147483647"/>
</pin_list>
<bind>
<opcode="and(23) " fcode="and"/>
<opset="and_ln216/1 "/>
</bind>
</comp>

<comp id="1127" class="1004" name="store_ln217_store_fu_1127">
<pin_list>
<pin id="1128" dir="0" index="0" bw="32" slack="0"/>
<pin id="1129" dir="0" index="1" bw="32" slack="0"/>
<pin id="1130" dir="1" index="2" bw="0" slack="2147483647"/>
</pin_list>
<bind>
<opcode="store(28) " fcode="store"/>
<opset="store_ln217/1 "/>
</bind>
</comp>

<comp id="1133" class="1004" name="store_ln213_store_fu_1133">
<pin_list>
<pin id="1134" dir="0" index="0" bw="32" slack="0"/>
<pin id="1135" dir="0" index="1" bw="32" slack="0"/>
<pin id="1136" dir="1" index="2" bw="0" slack="2147483647"/>
</pin_list>
<bind>
<opcode="store(28) " fcode="store"/>
<opset="store_ln213/1 "/>
</bind>
</comp>

<comp id="1139" class="1004" name="and_ln206_fu_1139">
<pin_list>
<pin id="1140" dir="0" index="0" bw="1" slack="0"/>
<pin id="1141" dir="0" index="1" bw="1" slack="0"/>
<pin id="1142" dir="1" index="2" bw="1" slack="0"/>
</pin_list>
<bind>
<opcode="and(23) " fcode="and"/>
<opset="and_ln206/1 "/>
</bind>
</comp>

<comp id="1146" class="1004" name="compute_launched2_load_load_fu_1146">
<pin_list>
<pin id="1147" dir="0" index="0" bw="1" slack="0"/>
<pin id="1148" dir="1" index="1" bw="1" slack="2147483647"/>
</pin_list>
<bind>
<opcode="load(27) " fcode="load"/>
<opset="compute_launched2_load/1 "/>
</bind>
</comp>

<comp id="1150" class="1004" name="store_ln194_store_fu_1150">
<pin_list>
<pin id="1151" dir="0" index="0" bw="1" slack="0"/>
<pin id="1152" dir="0" index="1" bw="1" slack="0"/>
<pin id="1153" dir="1" index="2" bw="0" slack="2147483647"/>
</pin_list>
<bind>
<opcode="store(28) " fcode="store"/>
<opset="store_ln194/1 "/>
</bind>
</comp>

<comp id="1156" class="1004" name="compute_launched_load_load_fu_1156">
<pin_list>
<pin id="1157" dir="0" index="0" bw="1" slack="0"/>
<pin id="1158" dir="1" index="1" bw="1" slack="2147483647"/>
</pin_list>
<bind>
<opcode="load(27) " fcode="load"/>
<opset="compute_launched_load/1 "/>
</bind>
</comp>

<comp id="1160" class="1004" name="store_ln181_store_fu_1160">
<pin_list>
<pin id="1161" dir="0" index="0" bw="1" slack="0"/>
<pin id="1162" dir="0" index="1" bw="1" slack="0"/>
<pin id="1163" dir="1" index="2" bw="0" slack="2147483647"/>
</pin_list>
<bind>
<opcode="store(28) " fcode="store"/>
<opset="store_ln181/1 "/>
</bind>
</comp>

<comp id="1166" class="1004" name="store_ln185_store_fu_1166">
<pin_list>
<pin id="1167" dir="0" index="0" bw="1" slack="0"/>
<pin id="1168" dir="0" index="1" bw="4" slack="0"/>
<pin id="1169" dir="1" index="2" bw="0" slack="2147483647"/>
</pin_list>
<bind>
<opcode="store(28) " fcode="store"/>
<opset="store_ln185/1 "/>
</bind>
</comp>

<comp id="1172" class="1004" name="store_ln186_store_fu_1172">
<pin_list>
<pin id="1173" dir="0" index="0" bw="1" slack="0"/>
<pin id="1174" dir="0" index="1" bw="1" slack="0"/>
<pin id="1175" dir="1" index="2" bw="0" slack="2147483647"/>
</pin_list>
<bind>
<opcode="store(28) " fcode="store"/>
<opset="store_ln186/1 "/>
</bind>
</comp>

<comp id="1178" class="1004" name="store_ln151_store_fu_1178">
<pin_list>
<pin id="1179" dir="0" index="0" bw="1" slack="0"/>
<pin id="1180" dir="0" index="1" bw="1" slack="0"/>
<pin id="1181" dir="1" index="2" bw="0" slack="2147483647"/>
</pin_list>
<bind>
<opcode="store(28) " fcode="store"/>
<opset="store_ln151/1 "/>
</bind>
</comp>

<comp id="1184" class="1004" name="tmp_4_fu_1184">
<pin_list>
<pin id="1185" dir="0" index="0" bw="1" slack="0"/>
<pin id="1186" dir="0" index="1" bw="4" slack="0"/>
<pin id="1187" dir="0" index="2" bw="3" slack="0"/>
<pin id="1188" dir="1" index="3" bw="1" slack="0"/>
</pin_list>
<bind>
<opcode="bitselect(1000) " fcode="bitselect"/>
<opset="tmp_4/1 "/>
</bind>
</comp>

<comp id="1192" class="1004" name="xor_ln1027_1_fu_1192">
<pin_list>
<pin id="1193" dir="0" index="0" bw="1" slack="0"/>
<pin id="1194" dir="0" index="1" bw="1" slack="0"/>
<pin id="1195" dir="1" index="2" bw="1" slack="0"/>
</pin_list>
<bind>
<opcode="xor(25) " fcode="xor"/>
<opset="xor_ln1027_1/1 "/>
</bind>
</comp>

<comp id="1198" class="1004" name="and_ln152_fu_1198">
<pin_list>
<pin id="1199" dir="0" index="0" bw="1" slack="0"/>
<pin id="1200" dir="0" index="1" bw="1" slack="0"/>
<pin id="1201" dir="1" index="2" bw="1" slack="2147483647"/>
</pin_list>
<bind>
<opcode="and(23) " fcode="and"/>
<opset="and_ln152/1 "/>
</bind>
</comp>

<comp id="1204" class="1004" name="p_Result_1_fu_1204">
<pin_list>
<pin id="1205" dir="0" index="0" bw="64" slack="0"/>
<pin id="1206" dir="0" index="1" bw="32" slack="0"/>
<pin id="1207" dir="0" index="2" bw="32" slack="0"/>
<pin id="1208" dir="1" index="3" bw="64" slack="0"/>
</pin_list>
<bind>
<opcode="bitconcatenate(1004) " fcode="bitconcatenate"/>
<opset="p_Result_1/1 "/>
</bind>
</comp>

<comp id="1213" class="1004" name="j_b_load_load_fu_1213">
<pin_list>
<pin id="1214" dir="0" index="0" bw="32" slack="0"/>
<pin id="1215" dir="1" index="1" bw="32" slack="0"/>
</pin_list>
<bind>
<opcode="load(27) " fcode="load"/>
<opset="j_b_load/1 "/>
</bind>
</comp>

<comp id="1217" class="1004" name="add_ln155_fu_1217">
<pin_list>
<pin id="1218" dir="0" index="0" bw="32" slack="0"/>
<pin id="1219" dir="0" index="1" bw="1" slack="0"/>
<pin id="1220" dir="1" index="2" bw="32" slack="0"/>
</pin_list>
<bind>
<opcode="add(8) " fcode="add"/>
<opset="add_ln155/1 "/>
</bind>
</comp>

<comp id="1223" class="1004" name="store_ln155_store_fu_1223">
<pin_list>
<pin id="1224" dir="0" index="0" bw="32" slack="0"/>
<pin id="1225" dir="0" index="1" bw="32" slack="0"/>
<pin id="1226" dir="1" index="2" bw="0" slack="2147483647"/>
</pin_list>
<bind>
<opcode="store(28) " fcode="store"/>
<opset="store_ln155/1 "/>
</bind>
</comp>

<comp id="1229" class="1004" name="zext_ln155_fu_1229">
<pin_list>
<pin id="1230" dir="0" index="0" bw="32" slack="0"/>
<pin id="1231" dir="1" index="1" bw="64" slack="0"/>
</pin_list>
<bind>
<opcode="zext(34) " fcode="zext"/>
<opset="zext_ln155/1 "/>
</bind>
</comp>

<comp id="1234" class="1004" name="store_ln840_store_fu_1234">
<pin_list>
<pin id="1235" dir="0" index="0" bw="4" slack="0"/>
<pin id="1236" dir="0" index="1" bw="4" slack="0"/>
<pin id="1237" dir="1" index="2" bw="0" slack="2147483647"/>
</pin_list>
<bind>
<opcode="store(28) " fcode="store"/>
<opset="store_ln840/1 "/>
</bind>
</comp>

<comp id="1240" class="1004" name="tmp_9_fu_1240">
<pin_list>
<pin id="1241" dir="0" index="0" bw="1" slack="0"/>
<pin id="1242" dir="0" index="1" bw="4" slack="0"/>
<pin id="1243" dir="0" index="2" bw="3" slack="0"/>
<pin id="1244" dir="1" index="3" bw="1" slack="0"/>
</pin_list>
<bind>
<opcode="bitselect(1000) " fcode="bitselect"/>
<opset="tmp_9/1 "/>
</bind>
</comp>

<comp id="1248" class="1004" name="and_ln159_fu_1248">
<pin_list>
<pin id="1249" dir="0" index="0" bw="1" slack="0"/>
<pin id="1250" dir="0" index="1" bw="1" slack="0"/>
<pin id="1251" dir="1" index="2" bw="1" slack="2147483647"/>
</pin_list>
<bind>
<opcode="and(23) " fcode="and"/>
<opset="and_ln159/1 "/>
</bind>
</comp>

<comp id="1254" class="1004" name="store_ln160_store_fu_1254">
<pin_list>
<pin id="1255" dir="0" index="0" bw="1" slack="0"/>
<pin id="1256" dir="0" index="1" bw="1" slack="0"/>
<pin id="1257" dir="1" index="2" bw="0" slack="2147483647"/>
</pin_list>
<bind>
<opcode="store(28) " fcode="store"/>
<opset="store_ln160/1 "/>
</bind>
</comp>

<comp id="1260" class="1004" name="store_ln135_store_fu_1260">
<pin_list>
<pin id="1261" dir="0" index="0" bw="1" slack="0"/>
<pin id="1262" dir="0" index="1" bw="1" slack="0"/>
<pin id="1263" dir="1" index="2" bw="0" slack="2147483647"/>
</pin_list>
<bind>
<opcode="store(28) " fcode="store"/>
<opset="store_ln135/1 "/>
</bind>
</comp>

<comp id="1266" class="1004" name="tmp_3_fu_1266">
<pin_list>
<pin id="1267" dir="0" index="0" bw="1" slack="0"/>
<pin id="1268" dir="0" index="1" bw="4" slack="0"/>
<pin id="1269" dir="0" index="2" bw="3" slack="0"/>
<pin id="1270" dir="1" index="3" bw="1" slack="0"/>
</pin_list>
<bind>
<opcode="bitselect(1000) " fcode="bitselect"/>
<opset="tmp_3/1 "/>
</bind>
</comp>

<comp id="1274" class="1004" name="xor_ln1027_fu_1274">
<pin_list>
<pin id="1275" dir="0" index="0" bw="1" slack="0"/>
<pin id="1276" dir="0" index="1" bw="1" slack="0"/>
<pin id="1277" dir="1" index="2" bw="1" slack="0"/>
</pin_list>
<bind>
<opcode="xor(25) " fcode="xor"/>
<opset="xor_ln1027/1 "/>
</bind>
</comp>

<comp id="1280" class="1004" name="and_ln136_fu_1280">
<pin_list>
<pin id="1281" dir="0" index="0" bw="1" slack="0"/>
<pin id="1282" dir="0" index="1" bw="1" slack="0"/>
<pin id="1283" dir="1" index="2" bw="1" slack="2147483647"/>
</pin_list>
<bind>
<opcode="and(23) " fcode="and"/>
<opset="and_ln136/1 "/>
</bind>
</comp>

<comp id="1286" class="1004" name="p_Result_s_fu_1286">
<pin_list>
<pin id="1287" dir="0" index="0" bw="64" slack="0"/>
<pin id="1288" dir="0" index="1" bw="32" slack="0"/>
<pin id="1289" dir="0" index="2" bw="32" slack="0"/>
<pin id="1290" dir="1" index="3" bw="64" slack="0"/>
</pin_list>
<bind>
<opcode="bitconcatenate(1004) " fcode="bitconcatenate"/>
<opset="p_Result_s/1 "/>
</bind>
</comp>

<comp id="1295" class="1004" name="j_a_load_load_fu_1295">
<pin_list>
<pin id="1296" dir="0" index="0" bw="32" slack="0"/>
<pin id="1297" dir="1" index="1" bw="32" slack="0"/>
</pin_list>
<bind>
<opcode="load(27) " fcode="load"/>
<opset="j_a_load/1 "/>
</bind>
</comp>

<comp id="1299" class="1004" name="add_ln139_fu_1299">
<pin_list>
<pin id="1300" dir="0" index="0" bw="32" slack="0"/>
<pin id="1301" dir="0" index="1" bw="1" slack="0"/>
<pin id="1302" dir="1" index="2" bw="32" slack="0"/>
</pin_list>
<bind>
<opcode="add(8) " fcode="add"/>
<opset="add_ln139/1 "/>
</bind>
</comp>

<comp id="1305" class="1004" name="store_ln139_store_fu_1305">
<pin_list>
<pin id="1306" dir="0" index="0" bw="32" slack="0"/>
<pin id="1307" dir="0" index="1" bw="32" slack="0"/>
<pin id="1308" dir="1" index="2" bw="0" slack="2147483647"/>
</pin_list>
<bind>
<opcode="store(28) " fcode="store"/>
<opset="store_ln139/1 "/>
</bind>
</comp>

<comp id="1311" class="1004" name="zext_ln139_fu_1311">
<pin_list>
<pin id="1312" dir="0" index="0" bw="32" slack="0"/>
<pin id="1313" dir="1" index="1" bw="64" slack="0"/>
</pin_list>
<bind>
<opcode="zext(34) " fcode="zext"/>
<opset="zext_ln139/1 "/>
</bind>
</comp>

<comp id="1316" class="1004" name="store_ln840_store_fu_1316">
<pin_list>
<pin id="1317" dir="0" index="0" bw="4" slack="0"/>
<pin id="1318" dir="0" index="1" bw="4" slack="0"/>
<pin id="1319" dir="1" index="2" bw="0" slack="2147483647"/>
</pin_list>
<bind>
<opcode="store(28) " fcode="store"/>
<opset="store_ln840/1 "/>
</bind>
</comp>

<comp id="1322" class="1004" name="tmp_7_fu_1322">
<pin_list>
<pin id="1323" dir="0" index="0" bw="1" slack="0"/>
<pin id="1324" dir="0" index="1" bw="4" slack="0"/>
<pin id="1325" dir="0" index="2" bw="3" slack="0"/>
<pin id="1326" dir="1" index="3" bw="1" slack="0"/>
</pin_list>
<bind>
<opcode="bitselect(1000) " fcode="bitselect"/>
<opset="tmp_7/1 "/>
</bind>
</comp>

<comp id="1330" class="1004" name="and_ln143_fu_1330">
<pin_list>
<pin id="1331" dir="0" index="0" bw="1" slack="0"/>
<pin id="1332" dir="0" index="1" bw="1" slack="0"/>
<pin id="1333" dir="1" index="2" bw="1" slack="2147483647"/>
</pin_list>
<bind>
<opcode="and(23) " fcode="and"/>
<opset="and_ln143/1 "/>
</bind>
</comp>

<comp id="1336" class="1004" name="store_ln144_store_fu_1336">
<pin_list>
<pin id="1337" dir="0" index="0" bw="1" slack="0"/>
<pin id="1338" dir="0" index="1" bw="1" slack="0"/>
<pin id="1339" dir="1" index="2" bw="0" slack="2147483647"/>
</pin_list>
<bind>
<opcode="store(28) " fcode="store"/>
<opset="store_ln144/1 "/>
</bind>
</comp>

<comp id="1342" class="1004" name="store_ln105_store_fu_1342">
<pin_list>
<pin id="1343" dir="0" index="0" bw="1" slack="0"/>
<pin id="1344" dir="0" index="1" bw="32" slack="0"/>
<pin id="1345" dir="1" index="2" bw="0" slack="2147483647"/>
</pin_list>
<bind>
<opcode="store(28) " fcode="store"/>
<opset="store_ln105/1 "/>
</bind>
</comp>

<comp id="1348" class="1004" name="store_ln106_store_fu_1348">
<pin_list>
<pin id="1349" dir="0" index="0" bw="1" slack="0"/>
<pin id="1350" dir="0" index="1" bw="32" slack="0"/>
<pin id="1351" dir="1" index="2" bw="0" slack="2147483647"/>
</pin_list>
<bind>
<opcode="store(28) " fcode="store"/>
<opset="store_ln106/1 "/>
</bind>
</comp>

<comp id="1354" class="1004" name="store_ln107_store_fu_1354">
<pin_list>
<pin id="1355" dir="0" index="0" bw="1" slack="0"/>
<pin id="1356" dir="0" index="1" bw="4" slack="0"/>
<pin id="1357" dir="1" index="2" bw="0" slack="2147483647"/>
</pin_list>
<bind>
<opcode="store(28) " fcode="store"/>
<opset="store_ln107/1 "/>
</bind>
</comp>

<comp id="1360" class="1004" name="store_ln108_store_fu_1360">
<pin_list>
<pin id="1361" dir="0" index="0" bw="1" slack="0"/>
<pin id="1362" dir="0" index="1" bw="1" slack="0"/>
<pin id="1363" dir="1" index="2" bw="0" slack="2147483647"/>
</pin_list>
<bind>
<opcode="store(28) " fcode="store"/>
<opset="store_ln108/1 "/>
</bind>
</comp>

<comp id="1366" class="1004" name="store_ln110_store_fu_1366">
<pin_list>
<pin id="1367" dir="0" index="0" bw="1" slack="0"/>
<pin id="1368" dir="0" index="1" bw="32" slack="0"/>
<pin id="1369" dir="1" index="2" bw="0" slack="2147483647"/>
</pin_list>
<bind>
<opcode="store(28) " fcode="store"/>
<opset="store_ln110/1 "/>
</bind>
</comp>

<comp id="1372" class="1004" name="store_ln111_store_fu_1372">
<pin_list>
<pin id="1373" dir="0" index="0" bw="1" slack="0"/>
<pin id="1374" dir="0" index="1" bw="1" slack="0"/>
<pin id="1375" dir="1" index="2" bw="0" slack="2147483647"/>
</pin_list>
<bind>
<opcode="store(28) " fcode="store"/>
<opset="store_ln111/1 "/>
</bind>
</comp>

<comp id="1378" class="1004" name="store_ln112_store_fu_1378">
<pin_list>
<pin id="1379" dir="0" index="0" bw="1" slack="0"/>
<pin id="1380" dir="0" index="1" bw="32" slack="0"/>
<pin id="1381" dir="1" index="2" bw="0" slack="2147483647"/>
</pin_list>
<bind>
<opcode="store(28) " fcode="store"/>
<opset="store_ln112/1 "/>
</bind>
</comp>

<comp id="1384" class="1004" name="store_ln113_store_fu_1384">
<pin_list>
<pin id="1385" dir="0" index="0" bw="1" slack="0"/>
<pin id="1386" dir="0" index="1" bw="1" slack="0"/>
<pin id="1387" dir="1" index="2" bw="0" slack="2147483647"/>
</pin_list>
<bind>
<opcode="store(28) " fcode="store"/>
<opset="store_ln113/1 "/>
</bind>
</comp>

<comp id="1390" class="1004" name="store_ln114_store_fu_1390">
<pin_list>
<pin id="1391" dir="0" index="0" bw="1" slack="0"/>
<pin id="1392" dir="0" index="1" bw="32" slack="0"/>
<pin id="1393" dir="1" index="2" bw="0" slack="2147483647"/>
</pin_list>
<bind>
<opcode="store(28) " fcode="store"/>
<opset="store_ln114/1 "/>
</bind>
</comp>

<comp id="1396" class="1004" name="store_ln116_store_fu_1396">
<pin_list>
<pin id="1397" dir="0" index="0" bw="1" slack="0"/>
<pin id="1398" dir="0" index="1" bw="1" slack="0"/>
<pin id="1399" dir="1" index="2" bw="0" slack="2147483647"/>
</pin_list>
<bind>
<opcode="store(28) " fcode="store"/>
<opset="store_ln116/1 "/>
</bind>
</comp>

<comp id="1402" class="1004" name="store_ln118_store_fu_1402">
<pin_list>
<pin id="1403" dir="0" index="0" bw="1" slack="0"/>
<pin id="1404" dir="0" index="1" bw="1" slack="0"/>
<pin id="1405" dir="1" index="2" bw="0" slack="2147483647"/>
</pin_list>
<bind>
<opcode="store(28) " fcode="store"/>
<opset="store_ln118/1 "/>
</bind>
</comp>

<comp id="1408" class="1004" name="store_ln109_store_fu_1408">
<pin_list>
<pin id="1409" dir="0" index="0" bw="14" slack="0"/>
<pin id="1410" dir="0" index="1" bw="14" slack="0"/>
<pin id="1411" dir="1" index="2" bw="0" slack="2147483647"/>
</pin_list>
<bind>
<opcode="store(28) " fcode="store"/>
<opset="store_ln109/1 "/>
</bind>
</comp>

<comp id="1414" class="1004" name="store_ln124_store_fu_1414">
<pin_list>
<pin id="1415" dir="0" index="0" bw="4" slack="0"/>
<pin id="1416" dir="0" index="1" bw="4" slack="0"/>
<pin id="1417" dir="1" index="2" bw="0" slack="2147483647"/>
</pin_list>
<bind>
<opcode="store(28) " fcode="store"/>
<opset="store_ln124/1 "/>
</bind>
</comp>

<comp id="1420" class="1004" name="or_ln244_fu_1420">
<pin_list>
<pin id="1421" dir="0" index="0" bw="1" slack="0"/>
<pin id="1422" dir="0" index="1" bw="1" slack="0"/>
<pin id="1423" dir="1" index="2" bw="1" slack="2147483647"/>
</pin_list>
<bind>
<opcode="or(24) " fcode="or"/>
<opset="or_ln244/1 "/>
</bind>
</comp>

<comp id="1426" class="1004" name="store_ln125_store_fu_1426">
<pin_list>
<pin id="1427" dir="0" index="0" bw="1" slack="0"/>
<pin id="1428" dir="0" index="1" bw="1" slack="0"/>
<pin id="1429" dir="1" index="2" bw="0" slack="2147483647"/>
</pin_list>
<bind>
<opcode="store(28) " fcode="store"/>
<opset="store_ln125/1 "/>
</bind>
</comp>

<comp id="1432" class="1004" name="or_ln245_fu_1432">
<pin_list>
<pin id="1433" dir="0" index="0" bw="1" slack="0"/>
<pin id="1434" dir="0" index="1" bw="1" slack="0"/>
<pin id="1435" dir="1" index="2" bw="1" slack="2147483647"/>
</pin_list>
<bind>
<opcode="or(24) " fcode="or"/>
<opset="or_ln245/1 "/>
</bind>
</comp>

<comp id="1438" class="1004" name="r_acc_V_load_load_fu_1438">
<pin_list>
<pin id="1439" dir="0" index="0" bw="32" slack="0"/>
<pin id="1440" dir="1" index="1" bw="32" slack="0"/>
</pin_list>
<bind>
<opcode="load(27) " fcode="load"/>
<opset="r_acc_V_load/1 "/>
</bind>
</comp>

<comp id="1443" class="1004" name="store_result_valid_load_load_fu_1443">
<pin_list>
<pin id="1444" dir="0" index="0" bw="1" slack="0"/>
<pin id="1445" dir="1" index="1" bw="1" slack="0"/>
</pin_list>
<bind>
<opcode="load(27) " fcode="load"/>
<opset="store_result_valid_load/1 "/>
</bind>
</comp>

<comp id="1447" class="1004" name="and_ln251_fu_1447">
<pin_list>
<pin id="1448" dir="0" index="0" bw="1" slack="0"/>
<pin id="1449" dir="0" index="1" bw="1" slack="0"/>
<pin id="1450" dir="1" index="2" bw="1" slack="0"/>
</pin_list>
<bind>
<opcode="and(23) " fcode="and"/>
<opset="and_ln251/1 "/>
</bind>
</comp>

<comp id="1453" class="1004" name="xor_ln251_fu_1453">
<pin_list>
<pin id="1454" dir="0" index="0" bw="1" slack="0"/>
<pin id="1455" dir="0" index="1" bw="1" slack="0"/>
<pin id="1456" dir="1" index="2" bw="1" slack="0"/>
</pin_list>
<bind>
<opcode="xor(25) " fcode="xor"/>
<opset="xor_ln251/1 "/>
</bind>
</comp>

<comp id="1459" class="1004" name="or_ln251_fu_1459">
<pin_list>
<pin id="1460" dir="0" index="0" bw="1" slack="0"/>
<pin id="1461" dir="0" index="1" bw="1" slack="0"/>
<pin id="1462" dir="1" index="2" bw="1" slack="0"/>
</pin_list>
<bind>
<opcode="or(24) " fcode="or"/>
<opset="or_ln251/1 "/>
</bind>
</comp>

<comp id="1465" class="1004" name="store_ln251_store_fu_1465">
<pin_list>
<pin id="1466" dir="0" index="0" bw="1" slack="0"/>
<pin id="1467" dir="0" index="1" bw="1" slack="0"/>
<pin id="1468" dir="1" index="2" bw="0" slack="2147483647"/>
</pin_list>
<bind>
<opcode="store(28) " fcode="store"/>
<opset="store_ln251/1 "/>
</bind>
</comp>

<comp id="1471" class="1004" name="and_ln254_fu_1471">
<pin_list>
<pin id="1472" dir="0" index="0" bw="1" slack="0"/>
<pin id="1473" dir="0" index="1" bw="1" slack="0"/>
<pin id="1474" dir="1" index="2" bw="1" slack="0"/>
</pin_list>
<bind>
<opcode="and(23) " fcode="and"/>
<opset="and_ln254/1 "/>
</bind>
</comp>

<comp id="1478" class="1004" name="store_ln126_store_fu_1478">
<pin_list>
<pin id="1479" dir="0" index="0" bw="1" slack="0"/>
<pin id="1480" dir="0" index="1" bw="1" slack="0"/>
<pin id="1481" dir="1" index="2" bw="0" slack="2147483647"/>
</pin_list>
<bind>
<opcode="store(28) " fcode="store"/>
<opset="store_ln126/1 "/>
</bind>
</comp>

</comp_list>

<net_list>
<net id="214"><net_src comp="118" pin="0"/><net_sink comp="210" pin=0"/></net>

<net id="215"><net_src comp="62" pin="0"/><net_sink comp="210" pin=1"/></net>

<net id="220"><net_src comp="118" pin="0"/><net_sink comp="216" pin=0"/></net>

<net id="221"><net_src comp="58" pin="0"/><net_sink comp="216" pin=1"/></net>

<net id="226"><net_src comp="120" pin="0"/><net_sink comp="222" pin=0"/></net>

<net id="227"><net_src comp="42" pin="0"/><net_sink comp="222" pin=1"/></net>

<net id="232"><net_src comp="122" pin="0"/><net_sink comp="228" pin=0"/></net>

<net id="233"><net_src comp="40" pin="0"/><net_sink comp="228" pin=1"/></net>

<net id="238"><net_src comp="124" pin="0"/><net_sink comp="234" pin=0"/></net>

<net id="239"><net_src comp="34" pin="0"/><net_sink comp="234" pin=1"/></net>

<net id="244"><net_src comp="124" pin="0"/><net_sink comp="240" pin=0"/></net>

<net id="245"><net_src comp="32" pin="0"/><net_sink comp="240" pin=1"/></net>

<net id="251"><net_src comp="138" pin="0"/><net_sink comp="246" pin=0"/></net>

<net id="252"><net_src comp="2" pin="0"/><net_sink comp="246" pin=1"/></net>

<net id="258"><net_src comp="138" pin="0"/><net_sink comp="253" pin=0"/></net>

<net id="259"><net_src comp="10" pin="0"/><net_sink comp="253" pin=1"/></net>

<net id="265"><net_src comp="138" pin="0"/><net_sink comp="260" pin=0"/></net>

<net id="266"><net_src comp="18" pin="0"/><net_sink comp="260" pin=1"/></net>

<net id="267"><net_src comp="136" pin="0"/><net_sink comp="260" pin=2"/></net>

<net id="272"><net_src comp="140" pin="0"/><net_sink comp="268" pin=0"/></net>

<net id="273"><net_src comp="26" pin="0"/><net_sink comp="268" pin=1"/></net>

<net id="278"><net_src comp="140" pin="0"/><net_sink comp="274" pin=0"/></net>

<net id="279"><net_src comp="0" pin="0"/><net_sink comp="274" pin=1"/></net>

<net id="284"><net_src comp="140" pin="0"/><net_sink comp="280" pin=0"/></net>

<net id="285"><net_src comp="8" pin="0"/><net_sink comp="280" pin=1"/></net>

<net id="290"><net_src comp="142" pin="0"/><net_sink comp="286" pin=0"/></net>

<net id="291"><net_src comp="4" pin="0"/><net_sink comp="286" pin=1"/></net>

<net id="296"><net_src comp="142" pin="0"/><net_sink comp="292" pin=0"/></net>

<net id="297"><net_src comp="12" pin="0"/><net_sink comp="292" pin=1"/></net>

<net id="303"><net_src comp="170" pin="0"/><net_sink comp="298" pin=0"/></net>

<net id="304"><net_src comp="48" pin="0"/><net_sink comp="298" pin=1"/></net>

<net id="305"><net_src comp="166" pin="0"/><net_sink comp="298" pin=2"/></net>

<net id="311"><net_src comp="170" pin="0"/><net_sink comp="306" pin=0"/></net>

<net id="312"><net_src comp="50" pin="0"/><net_sink comp="306" pin=1"/></net>

<net id="313"><net_src comp="166" pin="0"/><net_sink comp="306" pin=2"/></net>

<net id="318"><net_src comp="182" pin="0"/><net_sink comp="314" pin=0"/></net>

<net id="319"><net_src comp="50" pin="0"/><net_sink comp="314" pin=1"/></net>

<net id="324"><net_src comp="182" pin="0"/><net_sink comp="320" pin=0"/></net>

<net id="325"><net_src comp="48" pin="0"/><net_sink comp="320" pin=1"/></net>

<net id="331"><net_src comp="138" pin="0"/><net_sink comp="326" pin=0"/></net>

<net id="332"><net_src comp="60" pin="0"/><net_sink comp="326" pin=1"/></net>

<net id="333"><net_src comp="136" pin="0"/><net_sink comp="326" pin=2"/></net>

<net id="334"><net_src comp="164" pin="0"/><net_sink comp="326" pin=2"/></net>

<net id="340"><net_src comp="138" pin="0"/><net_sink comp="335" pin=0"/></net>

<net id="341"><net_src comp="56" pin="0"/><net_sink comp="335" pin=1"/></net>

<net id="342"><net_src comp="136" pin="0"/><net_sink comp="335" pin=2"/></net>

<net id="343"><net_src comp="164" pin="0"/><net_sink comp="335" pin=2"/></net>

<net id="349"><net_src comp="138" pin="0"/><net_sink comp="344" pin=0"/></net>

<net id="350"><net_src comp="64" pin="0"/><net_sink comp="344" pin=1"/></net>

<net id="351"><net_src comp="164" pin="0"/><net_sink comp="344" pin=2"/></net>

<net id="357"><net_src comp="138" pin="0"/><net_sink comp="352" pin=0"/></net>

<net id="358"><net_src comp="68" pin="0"/><net_sink comp="352" pin=1"/></net>

<net id="359"><net_src comp="164" pin="0"/><net_sink comp="352" pin=2"/></net>

<net id="365"><net_src comp="200" pin="0"/><net_sink comp="360" pin=0"/></net>

<net id="366"><net_src comp="28" pin="0"/><net_sink comp="360" pin=1"/></net>

<net id="372"><net_src comp="138" pin="0"/><net_sink comp="367" pin=0"/></net>

<net id="373"><net_src comp="24" pin="0"/><net_sink comp="367" pin=1"/></net>

<net id="379"><net_src comp="202" pin="0"/><net_sink comp="374" pin=0"/></net>

<net id="380"><net_src comp="30" pin="0"/><net_sink comp="374" pin=1"/></net>

<net id="381"><net_src comp="204" pin="0"/><net_sink comp="374" pin=2"/></net>

<net id="387"><net_src comp="206" pin="0"/><net_sink comp="382" pin=0"/></net>

<net id="388"><net_src comp="44" pin="0"/><net_sink comp="382" pin=1"/></net>

<net id="394"><net_src comp="208" pin="0"/><net_sink comp="389" pin=0"/></net>

<net id="395"><net_src comp="46" pin="0"/><net_sink comp="389" pin=1"/></net>

<net id="401"><net_src comp="54" pin="0"/><net_sink comp="396" pin=0"/></net>

<net id="402"><net_src comp="190" pin="0"/><net_sink comp="396" pin=1"/></net>

<net id="408"><net_src comp="396" pin="3"/><net_sink comp="403" pin=0"/></net>

<net id="414"><net_src comp="52" pin="0"/><net_sink comp="409" pin=0"/></net>

<net id="415"><net_src comp="190" pin="0"/><net_sink comp="409" pin=1"/></net>

<net id="421"><net_src comp="409" pin="3"/><net_sink comp="416" pin=0"/></net>

<net id="433"><net_src comp="164" pin="0"/><net_sink comp="425" pin=0"/></net>

<net id="434"><net_src comp="164" pin="0"/><net_sink comp="425" pin=2"/></net>

<net id="457"><net_src comp="136" pin="0"/><net_sink comp="449" pin=0"/></net>

<net id="458"><net_src comp="164" pin="0"/><net_sink comp="449" pin=2"/></net>

<net id="459"><net_src comp="164" pin="0"/><net_sink comp="449" pin=4"/></net>

<net id="471"><net_src comp="136" pin="0"/><net_sink comp="463" pin=0"/></net>

<net id="472"><net_src comp="425" pin="6"/><net_sink comp="463" pin=2"/></net>

<net id="473"><net_src comp="425" pin="6"/><net_sink comp="463" pin=4"/></net>

<net id="485"><net_src comp="162" pin="0"/><net_sink comp="477" pin=2"/></net>

<net id="486"><net_src comp="162" pin="0"/><net_sink comp="477" pin=4"/></net>

<net id="520"><net_src comp="164" pin="0"/><net_sink comp="512" pin=0"/></net>

<net id="521"><net_src comp="164" pin="0"/><net_sink comp="512" pin=2"/></net>

<net id="522"><net_src comp="136" pin="0"/><net_sink comp="512" pin=4"/></net>

<net id="580"><net_src comp="164" pin="0"/><net_sink comp="548" pin=0"/></net>

<net id="581"><net_src comp="136" pin="0"/><net_sink comp="548" pin=6"/></net>

<net id="582"><net_src comp="164" pin="0"/><net_sink comp="548" pin=8"/></net>

<net id="583"><net_src comp="136" pin="0"/><net_sink comp="548" pin=10"/></net>

<net id="584"><net_src comp="164" pin="0"/><net_sink comp="548" pin=12"/></net>

<net id="585"><net_src comp="136" pin="0"/><net_sink comp="548" pin=14"/></net>

<net id="586"><net_src comp="164" pin="0"/><net_sink comp="548" pin=16"/></net>

<net id="587"><net_src comp="136" pin="0"/><net_sink comp="548" pin=18"/></net>

<net id="588"><net_src comp="164" pin="0"/><net_sink comp="548" pin=20"/></net>

<net id="589"><net_src comp="136" pin="0"/><net_sink comp="548" pin=22"/></net>

<net id="590"><net_src comp="136" pin="0"/><net_sink comp="548" pin=24"/></net>

<net id="591"><net_src comp="164" pin="0"/><net_sink comp="548" pin=26"/></net>

<net id="627"><net_src comp="194" pin="0"/><net_sink comp="595" pin=0"/></net>

<net id="628"><net_src comp="154" pin="0"/><net_sink comp="595" pin=4"/></net>

<net id="629"><net_src comp="146" pin="0"/><net_sink comp="595" pin=6"/></net>

<net id="630"><net_src comp="194" pin="0"/><net_sink comp="595" pin=8"/></net>

<net id="631"><net_src comp="150" pin="0"/><net_sink comp="595" pin=10"/></net>

<net id="632"><net_src comp="150" pin="0"/><net_sink comp="595" pin=12"/></net>

<net id="633"><net_src comp="152" pin="0"/><net_sink comp="595" pin=14"/></net>

<net id="634"><net_src comp="152" pin="0"/><net_sink comp="595" pin=16"/></net>

<net id="635"><net_src comp="148" pin="0"/><net_sink comp="595" pin=18"/></net>

<net id="636"><net_src comp="148" pin="0"/><net_sink comp="595" pin=20"/></net>

<net id="637"><net_src comp="158" pin="0"/><net_sink comp="595" pin=22"/></net>

<net id="638"><net_src comp="158" pin="0"/><net_sink comp="595" pin=24"/></net>

<net id="639"><net_src comp="158" pin="0"/><net_sink comp="595" pin=26"/></net>

<net id="640"><net_src comp="156" pin="0"/><net_sink comp="595" pin=28"/></net>

<net id="676"><net_src comp="164" pin="0"/><net_sink comp="644" pin=0"/></net>

<net id="677"><net_src comp="463" pin="6"/><net_sink comp="644" pin=2"/></net>

<net id="678"><net_src comp="164" pin="0"/><net_sink comp="644" pin=4"/></net>

<net id="679"><net_src comp="136" pin="0"/><net_sink comp="644" pin=6"/></net>

<net id="680"><net_src comp="164" pin="0"/><net_sink comp="644" pin=8"/></net>

<net id="681"><net_src comp="164" pin="0"/><net_sink comp="644" pin=10"/></net>

<net id="682"><net_src comp="164" pin="0"/><net_sink comp="644" pin=12"/></net>

<net id="683"><net_src comp="164" pin="0"/><net_sink comp="644" pin=14"/></net>

<net id="684"><net_src comp="164" pin="0"/><net_sink comp="644" pin=16"/></net>

<net id="685"><net_src comp="164" pin="0"/><net_sink comp="644" pin=18"/></net>

<net id="686"><net_src comp="164" pin="0"/><net_sink comp="644" pin=20"/></net>

<net id="687"><net_src comp="164" pin="0"/><net_sink comp="644" pin=22"/></net>

<net id="688"><net_src comp="164" pin="0"/><net_sink comp="644" pin=24"/></net>

<net id="689"><net_src comp="164" pin="0"/><net_sink comp="644" pin=26"/></net>

<net id="690"><net_src comp="164" pin="0"/><net_sink comp="644" pin=28"/></net>

<net id="726"><net_src comp="196" pin="0"/><net_sink comp="694" pin=0"/></net>

<net id="727"><net_src comp="477" pin="6"/><net_sink comp="694" pin=2"/></net>

<net id="728"><net_src comp="196" pin="0"/><net_sink comp="694" pin=4"/></net>

<net id="729"><net_src comp="160" pin="0"/><net_sink comp="694" pin=6"/></net>

<net id="730"><net_src comp="196" pin="0"/><net_sink comp="694" pin=8"/></net>

<net id="731"><net_src comp="196" pin="0"/><net_sink comp="694" pin=10"/></net>

<net id="732"><net_src comp="196" pin="0"/><net_sink comp="694" pin=12"/></net>

<net id="733"><net_src comp="196" pin="0"/><net_sink comp="694" pin=14"/></net>

<net id="734"><net_src comp="196" pin="0"/><net_sink comp="694" pin=16"/></net>

<net id="735"><net_src comp="196" pin="0"/><net_sink comp="694" pin=18"/></net>

<net id="736"><net_src comp="196" pin="0"/><net_sink comp="694" pin=20"/></net>

<net id="737"><net_src comp="196" pin="0"/><net_sink comp="694" pin=22"/></net>

<net id="738"><net_src comp="196" pin="0"/><net_sink comp="694" pin=24"/></net>

<net id="739"><net_src comp="196" pin="0"/><net_sink comp="694" pin=26"/></net>

<net id="740"><net_src comp="196" pin="0"/><net_sink comp="694" pin=28"/></net>

<net id="776"><net_src comp="490" pin="6"/><net_sink comp="744" pin=2"/></net>

<net id="777"><net_src comp="198" pin="0"/><net_sink comp="744" pin=6"/></net>

<net id="778"><net_src comp="744" pin="30"/><net_sink comp="382" pin=2"/></net>

<net id="814"><net_src comp="164" pin="0"/><net_sink comp="782" pin=0"/></net>

<net id="815"><net_src comp="164" pin="0"/><net_sink comp="782" pin=2"/></net>

<net id="816"><net_src comp="164" pin="0"/><net_sink comp="782" pin=4"/></net>

<net id="817"><net_src comp="136" pin="0"/><net_sink comp="782" pin=6"/></net>

<net id="818"><net_src comp="164" pin="0"/><net_sink comp="782" pin=8"/></net>

<net id="819"><net_src comp="164" pin="0"/><net_sink comp="782" pin=10"/></net>

<net id="820"><net_src comp="164" pin="0"/><net_sink comp="782" pin=12"/></net>

<net id="821"><net_src comp="164" pin="0"/><net_sink comp="782" pin=14"/></net>

<net id="822"><net_src comp="164" pin="0"/><net_sink comp="782" pin=16"/></net>

<net id="823"><net_src comp="164" pin="0"/><net_sink comp="782" pin=18"/></net>

<net id="824"><net_src comp="164" pin="0"/><net_sink comp="782" pin=20"/></net>

<net id="825"><net_src comp="164" pin="0"/><net_sink comp="782" pin=22"/></net>

<net id="826"><net_src comp="164" pin="0"/><net_sink comp="782" pin=24"/></net>

<net id="827"><net_src comp="164" pin="0"/><net_sink comp="782" pin=26"/></net>

<net id="828"><net_src comp="164" pin="0"/><net_sink comp="782" pin=28"/></net>

<net id="864"><net_src comp="512" pin="6"/><net_sink comp="832" pin=2"/></net>

<net id="865"><net_src comp="164" pin="0"/><net_sink comp="832" pin=6"/></net>

<net id="866"><net_src comp="832" pin="30"/><net_sink comp="389" pin=2"/></net>

<net id="871"><net_src comp="274" pin="2"/><net_sink comp="867" pin=0"/></net>

<net id="872"><net_src comp="280" pin="2"/><net_sink comp="867" pin=1"/></net>

<net id="877"><net_src comp="146" pin="0"/><net_sink comp="873" pin=1"/></net>

<net id="878"><net_src comp="873" pin="2"/><net_sink comp="526" pin=2"/></net>

<net id="879"><net_src comp="873" pin="2"/><net_sink comp="537" pin=2"/></net>

<net id="884"><net_src comp="228" pin="2"/><net_sink comp="880" pin=0"/></net>

<net id="885"><net_src comp="192" pin="0"/><net_sink comp="880" pin=1"/></net>

<net id="889"><net_src comp="72" pin="0"/><net_sink comp="886" pin=0"/></net>

<net id="894"><net_src comp="886" pin="1"/><net_sink comp="890" pin=0"/></net>

<net id="895"><net_src comp="136" pin="0"/><net_sink comp="890" pin=1"/></net>

<net id="896"><net_src comp="890" pin="2"/><net_sink comp="246" pin=2"/></net>

<net id="897"><net_src comp="890" pin="2"/><net_sink comp="253" pin=2"/></net>

<net id="901"><net_src comp="74" pin="0"/><net_sink comp="898" pin=0"/></net>

<net id="902"><net_src comp="898" pin="1"/><net_sink comp="832" pin=0"/></net>

<net id="903"><net_src comp="898" pin="1"/><net_sink comp="832" pin=4"/></net>

<net id="904"><net_src comp="898" pin="1"/><net_sink comp="832" pin=8"/></net>

<net id="905"><net_src comp="898" pin="1"/><net_sink comp="832" pin=10"/></net>

<net id="906"><net_src comp="898" pin="1"/><net_sink comp="832" pin=12"/></net>

<net id="907"><net_src comp="898" pin="1"/><net_sink comp="832" pin=14"/></net>

<net id="908"><net_src comp="898" pin="1"/><net_sink comp="832" pin=16"/></net>

<net id="909"><net_src comp="898" pin="1"/><net_sink comp="832" pin=18"/></net>

<net id="910"><net_src comp="898" pin="1"/><net_sink comp="832" pin=20"/></net>

<net id="911"><net_src comp="898" pin="1"/><net_sink comp="832" pin=22"/></net>

<net id="912"><net_src comp="898" pin="1"/><net_sink comp="832" pin=24"/></net>

<net id="913"><net_src comp="898" pin="1"/><net_sink comp="832" pin=26"/></net>

<net id="914"><net_src comp="898" pin="1"/><net_sink comp="832" pin=28"/></net>

<net id="918"><net_src comp="76" pin="0"/><net_sink comp="915" pin=0"/></net>

<net id="922"><net_src comp="78" pin="0"/><net_sink comp="919" pin=0"/></net>

<net id="923"><net_src comp="919" pin="1"/><net_sink comp="873" pin=0"/></net>

<net id="924"><net_src comp="919" pin="1"/><net_sink comp="526" pin=0"/></net>

<net id="925"><net_src comp="919" pin="1"/><net_sink comp="526" pin=4"/></net>

<net id="926"><net_src comp="919" pin="1"/><net_sink comp="537" pin=0"/></net>

<net id="927"><net_src comp="919" pin="1"/><net_sink comp="537" pin=4"/></net>

<net id="931"><net_src comp="80" pin="0"/><net_sink comp="928" pin=0"/></net>

<net id="932"><net_src comp="928" pin="1"/><net_sink comp="438" pin=0"/></net>

<net id="933"><net_src comp="928" pin="1"/><net_sink comp="438" pin=2"/></net>

<net id="937"><net_src comp="928" pin="1"/><net_sink comp="934" pin=0"/></net>

<net id="938"><net_src comp="934" pin="1"/><net_sink comp="744" pin=0"/></net>

<net id="939"><net_src comp="934" pin="1"/><net_sink comp="744" pin=4"/></net>

<net id="940"><net_src comp="934" pin="1"/><net_sink comp="744" pin=8"/></net>

<net id="941"><net_src comp="934" pin="1"/><net_sink comp="744" pin=10"/></net>

<net id="942"><net_src comp="934" pin="1"/><net_sink comp="744" pin=12"/></net>

<net id="943"><net_src comp="934" pin="1"/><net_sink comp="744" pin=14"/></net>

<net id="944"><net_src comp="934" pin="1"/><net_sink comp="744" pin=16"/></net>

<net id="945"><net_src comp="934" pin="1"/><net_sink comp="744" pin=18"/></net>

<net id="946"><net_src comp="934" pin="1"/><net_sink comp="744" pin=20"/></net>

<net id="947"><net_src comp="934" pin="1"/><net_sink comp="744" pin=22"/></net>

<net id="948"><net_src comp="934" pin="1"/><net_sink comp="744" pin=24"/></net>

<net id="949"><net_src comp="934" pin="1"/><net_sink comp="744" pin=26"/></net>

<net id="950"><net_src comp="934" pin="1"/><net_sink comp="744" pin=28"/></net>

<net id="954"><net_src comp="82" pin="0"/><net_sink comp="951" pin=0"/></net>

<net id="955"><net_src comp="951" pin="1"/><net_sink comp="501" pin=0"/></net>

<net id="956"><net_src comp="951" pin="1"/><net_sink comp="501" pin=2"/></net>

<net id="960"><net_src comp="84" pin="0"/><net_sink comp="957" pin=0"/></net>

<net id="964"><net_src comp="86" pin="0"/><net_sink comp="961" pin=0"/></net>

<net id="965"><net_src comp="961" pin="1"/><net_sink comp="548" pin=4"/></net>

<net id="969"><net_src comp="222" pin="2"/><net_sink comp="966" pin=0"/></net>

<net id="973"><net_src comp="222" pin="2"/><net_sink comp="970" pin=0"/></net>

<net id="978"><net_src comp="928" pin="1"/><net_sink comp="974" pin=0"/></net>

<net id="979"><net_src comp="970" pin="1"/><net_sink comp="974" pin=1"/></net>

<net id="983"><net_src comp="102" pin="0"/><net_sink comp="980" pin=0"/></net>

<net id="987"><net_src comp="96" pin="0"/><net_sink comp="984" pin=0"/></net>

<net id="992"><net_src comp="984" pin="1"/><net_sink comp="988" pin=0"/></net>

<net id="993"><net_src comp="92" pin="0"/><net_sink comp="988" pin=1"/></net>

<net id="998"><net_src comp="928" pin="1"/><net_sink comp="994" pin=0"/></net>

<net id="999"><net_src comp="160" pin="0"/><net_sink comp="994" pin=1"/></net>

<net id="1000"><net_src comp="994" pin="2"/><net_sink comp="425" pin=4"/></net>

<net id="1006"><net_src comp="994" pin="2"/><net_sink comp="1001" pin=0"/></net>

<net id="1007"><net_src comp="162" pin="0"/><net_sink comp="1001" pin=1"/></net>

<net id="1008"><net_src comp="928" pin="1"/><net_sink comp="1001" pin=2"/></net>

<net id="1009"><net_src comp="1001" pin="3"/><net_sink comp="438" pin=4"/></net>

<net id="1013"><net_src comp="438" pin="6"/><net_sink comp="1010" pin=0"/></net>

<net id="1014"><net_src comp="1010" pin="1"/><net_sink comp="490" pin=2"/></net>

<net id="1015"><net_src comp="1010" pin="1"/><net_sink comp="490" pin=4"/></net>

<net id="1020"><net_src comp="438" pin="6"/><net_sink comp="1016" pin=0"/></net>

<net id="1021"><net_src comp="160" pin="0"/><net_sink comp="1016" pin=1"/></net>

<net id="1026"><net_src comp="136" pin="0"/><net_sink comp="1022" pin=0"/></net>

<net id="1027"><net_src comp="74" pin="0"/><net_sink comp="1022" pin=1"/></net>

<net id="1032"><net_src comp="951" pin="1"/><net_sink comp="1028" pin=0"/></net>

<net id="1033"><net_src comp="166" pin="0"/><net_sink comp="1028" pin=1"/></net>

<net id="1034"><net_src comp="1028" pin="2"/><net_sink comp="501" pin=4"/></net>

<net id="1039"><net_src comp="1028" pin="2"/><net_sink comp="1035" pin=0"/></net>

<net id="1040"><net_src comp="82" pin="0"/><net_sink comp="1035" pin=1"/></net>

<net id="1045"><net_src comp="164" pin="0"/><net_sink comp="1041" pin=0"/></net>

<net id="1046"><net_src comp="74" pin="0"/><net_sink comp="1041" pin=1"/></net>

<net id="1051"><net_src comp="438" pin="6"/><net_sink comp="1047" pin=0"/></net>

<net id="1052"><net_src comp="162" pin="0"/><net_sink comp="1047" pin=1"/></net>

<net id="1053"><net_src comp="1047" pin="2"/><net_sink comp="477" pin=0"/></net>

<net id="1058"><net_src comp="1010" pin="1"/><net_sink comp="1054" pin=0"/></net>

<net id="1059"><net_src comp="168" pin="0"/><net_sink comp="1054" pin=1"/></net>

<net id="1060"><net_src comp="1054" pin="2"/><net_sink comp="490" pin=0"/></net>

<net id="1065"><net_src comp="501" pin="6"/><net_sink comp="1061" pin=0"/></net>

<net id="1066"><net_src comp="966" pin="1"/><net_sink comp="1061" pin=1"/></net>

<net id="1071"><net_src comp="1061" pin="2"/><net_sink comp="1067" pin=0"/></net>

<net id="1072"><net_src comp="449" pin="6"/><net_sink comp="1067" pin=1"/></net>

<net id="1073"><net_src comp="1067" pin="2"/><net_sink comp="548" pin=2"/></net>

<net id="1079"><net_src comp="1061" pin="2"/><net_sink comp="1074" pin=0"/></net>

<net id="1080"><net_src comp="144" pin="0"/><net_sink comp="1074" pin=1"/></net>

<net id="1081"><net_src comp="156" pin="0"/><net_sink comp="1074" pin=2"/></net>

<net id="1082"><net_src comp="1074" pin="3"/><net_sink comp="595" pin=2"/></net>

<net id="1089"><net_src comp="172" pin="0"/><net_sink comp="1083" pin=0"/></net>

<net id="1090"><net_src comp="951" pin="1"/><net_sink comp="1083" pin=1"/></net>

<net id="1091"><net_src comp="174" pin="0"/><net_sink comp="1083" pin=2"/></net>

<net id="1092"><net_src comp="176" pin="0"/><net_sink comp="1083" pin=3"/></net>

<net id="1097"><net_src comp="1083" pin="4"/><net_sink comp="1093" pin=0"/></net>

<net id="1098"><net_src comp="178" pin="0"/><net_sink comp="1093" pin=1"/></net>

<net id="1103"><net_src comp="298" pin="3"/><net_sink comp="1099" pin=0"/></net>

<net id="1104"><net_src comp="1093" pin="2"/><net_sink comp="1099" pin=1"/></net>

<net id="1111"><net_src comp="172" pin="0"/><net_sink comp="1105" pin=0"/></net>

<net id="1112"><net_src comp="951" pin="1"/><net_sink comp="1105" pin=1"/></net>

<net id="1113"><net_src comp="174" pin="0"/><net_sink comp="1105" pin=2"/></net>

<net id="1114"><net_src comp="176" pin="0"/><net_sink comp="1105" pin=3"/></net>

<net id="1119"><net_src comp="1105" pin="4"/><net_sink comp="1115" pin=0"/></net>

<net id="1120"><net_src comp="180" pin="0"/><net_sink comp="1115" pin=1"/></net>

<net id="1125"><net_src comp="306" pin="3"/><net_sink comp="1121" pin=0"/></net>

<net id="1126"><net_src comp="1115" pin="2"/><net_sink comp="1121" pin=1"/></net>

<net id="1131"><net_src comp="314" pin="2"/><net_sink comp="1127" pin=0"/></net>

<net id="1132"><net_src comp="96" pin="0"/><net_sink comp="1127" pin=1"/></net>

<net id="1137"><net_src comp="320" pin="2"/><net_sink comp="1133" pin=0"/></net>

<net id="1138"><net_src comp="96" pin="0"/><net_sink comp="1133" pin=1"/></net>

<net id="1143"><net_src comp="957" pin="1"/><net_sink comp="1139" pin=0"/></net>

<net id="1144"><net_src comp="961" pin="1"/><net_sink comp="1139" pin=1"/></net>

<net id="1145"><net_src comp="1139" pin="2"/><net_sink comp="548" pin=28"/></net>

<net id="1149"><net_src comp="100" pin="0"/><net_sink comp="1146" pin=0"/></net>

<net id="1154"><net_src comp="136" pin="0"/><net_sink comp="1150" pin=0"/></net>

<net id="1155"><net_src comp="100" pin="0"/><net_sink comp="1150" pin=1"/></net>

<net id="1159"><net_src comp="98" pin="0"/><net_sink comp="1156" pin=0"/></net>

<net id="1164"><net_src comp="136" pin="0"/><net_sink comp="1160" pin=0"/></net>

<net id="1165"><net_src comp="98" pin="0"/><net_sink comp="1160" pin=1"/></net>

<net id="1170"><net_src comp="144" pin="0"/><net_sink comp="1166" pin=0"/></net>

<net id="1171"><net_src comp="78" pin="0"/><net_sink comp="1166" pin=1"/></net>

<net id="1176"><net_src comp="164" pin="0"/><net_sink comp="1172" pin=0"/></net>

<net id="1177"><net_src comp="72" pin="0"/><net_sink comp="1172" pin=1"/></net>

<net id="1182"><net_src comp="136" pin="0"/><net_sink comp="1178" pin=0"/></net>

<net id="1183"><net_src comp="94" pin="0"/><net_sink comp="1178" pin=1"/></net>

<net id="1189"><net_src comp="184" pin="0"/><net_sink comp="1184" pin=0"/></net>

<net id="1190"><net_src comp="919" pin="1"/><net_sink comp="1184" pin=1"/></net>

<net id="1191"><net_src comp="186" pin="0"/><net_sink comp="1184" pin=2"/></net>

<net id="1196"><net_src comp="1184" pin="3"/><net_sink comp="1192" pin=0"/></net>

<net id="1197"><net_src comp="136" pin="0"/><net_sink comp="1192" pin=1"/></net>

<net id="1202"><net_src comp="1192" pin="2"/><net_sink comp="1198" pin=0"/></net>

<net id="1203"><net_src comp="890" pin="2"/><net_sink comp="1198" pin=1"/></net>

<net id="1209"><net_src comp="188" pin="0"/><net_sink comp="1204" pin=0"/></net>

<net id="1210"><net_src comp="292" pin="2"/><net_sink comp="1204" pin=1"/></net>

<net id="1211"><net_src comp="286" pin="2"/><net_sink comp="1204" pin=2"/></net>

<net id="1212"><net_src comp="1204" pin="3"/><net_sink comp="403" pin=1"/></net>

<net id="1216"><net_src comp="90" pin="0"/><net_sink comp="1213" pin=0"/></net>

<net id="1221"><net_src comp="1213" pin="1"/><net_sink comp="1217" pin=0"/></net>

<net id="1222"><net_src comp="166" pin="0"/><net_sink comp="1217" pin=1"/></net>

<net id="1227"><net_src comp="1217" pin="2"/><net_sink comp="1223" pin=0"/></net>

<net id="1228"><net_src comp="90" pin="0"/><net_sink comp="1223" pin=1"/></net>

<net id="1232"><net_src comp="1213" pin="1"/><net_sink comp="1229" pin=0"/></net>

<net id="1233"><net_src comp="1229" pin="1"/><net_sink comp="396" pin=2"/></net>

<net id="1238"><net_src comp="873" pin="2"/><net_sink comp="1234" pin=0"/></net>

<net id="1239"><net_src comp="78" pin="0"/><net_sink comp="1234" pin=1"/></net>

<net id="1245"><net_src comp="184" pin="0"/><net_sink comp="1240" pin=0"/></net>

<net id="1246"><net_src comp="526" pin="6"/><net_sink comp="1240" pin=1"/></net>

<net id="1247"><net_src comp="186" pin="0"/><net_sink comp="1240" pin=2"/></net>

<net id="1252"><net_src comp="1240" pin="3"/><net_sink comp="1248" pin=0"/></net>

<net id="1253"><net_src comp="880" pin="2"/><net_sink comp="1248" pin=1"/></net>

<net id="1258"><net_src comp="136" pin="0"/><net_sink comp="1254" pin=0"/></net>

<net id="1259"><net_src comp="72" pin="0"/><net_sink comp="1254" pin=1"/></net>

<net id="1264"><net_src comp="136" pin="0"/><net_sink comp="1260" pin=0"/></net>

<net id="1265"><net_src comp="94" pin="0"/><net_sink comp="1260" pin=1"/></net>

<net id="1271"><net_src comp="184" pin="0"/><net_sink comp="1266" pin=0"/></net>

<net id="1272"><net_src comp="919" pin="1"/><net_sink comp="1266" pin=1"/></net>

<net id="1273"><net_src comp="186" pin="0"/><net_sink comp="1266" pin=2"/></net>

<net id="1278"><net_src comp="1266" pin="3"/><net_sink comp="1274" pin=0"/></net>

<net id="1279"><net_src comp="136" pin="0"/><net_sink comp="1274" pin=1"/></net>

<net id="1284"><net_src comp="1274" pin="2"/><net_sink comp="1280" pin=0"/></net>

<net id="1285"><net_src comp="890" pin="2"/><net_sink comp="1280" pin=1"/></net>

<net id="1291"><net_src comp="188" pin="0"/><net_sink comp="1286" pin=0"/></net>

<net id="1292"><net_src comp="292" pin="2"/><net_sink comp="1286" pin=1"/></net>

<net id="1293"><net_src comp="286" pin="2"/><net_sink comp="1286" pin=2"/></net>

<net id="1294"><net_src comp="1286" pin="3"/><net_sink comp="416" pin=1"/></net>

<net id="1298"><net_src comp="88" pin="0"/><net_sink comp="1295" pin=0"/></net>

<net id="1303"><net_src comp="1295" pin="1"/><net_sink comp="1299" pin=0"/></net>

<net id="1304"><net_src comp="166" pin="0"/><net_sink comp="1299" pin=1"/></net>

<net id="1309"><net_src comp="1299" pin="2"/><net_sink comp="1305" pin=0"/></net>

<net id="1310"><net_src comp="88" pin="0"/><net_sink comp="1305" pin=1"/></net>

<net id="1314"><net_src comp="1295" pin="1"/><net_sink comp="1311" pin=0"/></net>

<net id="1315"><net_src comp="1311" pin="1"/><net_sink comp="409" pin=2"/></net>

<net id="1320"><net_src comp="873" pin="2"/><net_sink comp="1316" pin=0"/></net>

<net id="1321"><net_src comp="78" pin="0"/><net_sink comp="1316" pin=1"/></net>

<net id="1327"><net_src comp="184" pin="0"/><net_sink comp="1322" pin=0"/></net>

<net id="1328"><net_src comp="537" pin="6"/><net_sink comp="1322" pin=1"/></net>

<net id="1329"><net_src comp="186" pin="0"/><net_sink comp="1322" pin=2"/></net>

<net id="1334"><net_src comp="1322" pin="3"/><net_sink comp="1330" pin=0"/></net>

<net id="1335"><net_src comp="880" pin="2"/><net_sink comp="1330" pin=1"/></net>

<net id="1340"><net_src comp="136" pin="0"/><net_sink comp="1336" pin=0"/></net>

<net id="1341"><net_src comp="72" pin="0"/><net_sink comp="1336" pin=1"/></net>

<net id="1346"><net_src comp="110" pin="0"/><net_sink comp="1342" pin=0"/></net>

<net id="1347"><net_src comp="88" pin="0"/><net_sink comp="1342" pin=1"/></net>

<net id="1352"><net_src comp="110" pin="0"/><net_sink comp="1348" pin=0"/></net>

<net id="1353"><net_src comp="90" pin="0"/><net_sink comp="1348" pin=1"/></net>

<net id="1358"><net_src comp="144" pin="0"/><net_sink comp="1354" pin=0"/></net>

<net id="1359"><net_src comp="78" pin="0"/><net_sink comp="1354" pin=1"/></net>

<net id="1364"><net_src comp="164" pin="0"/><net_sink comp="1360" pin=0"/></net>

<net id="1365"><net_src comp="72" pin="0"/><net_sink comp="1360" pin=1"/></net>

<net id="1370"><net_src comp="110" pin="0"/><net_sink comp="1366" pin=0"/></net>

<net id="1371"><net_src comp="92" pin="0"/><net_sink comp="1366" pin=1"/></net>

<net id="1376"><net_src comp="164" pin="0"/><net_sink comp="1372" pin=0"/></net>

<net id="1377"><net_src comp="74" pin="0"/><net_sink comp="1372" pin=1"/></net>

<net id="1382"><net_src comp="110" pin="0"/><net_sink comp="1378" pin=0"/></net>

<net id="1383"><net_src comp="82" pin="0"/><net_sink comp="1378" pin=1"/></net>

<net id="1388"><net_src comp="164" pin="0"/><net_sink comp="1384" pin=0"/></net>

<net id="1389"><net_src comp="94" pin="0"/><net_sink comp="1384" pin=1"/></net>

<net id="1394"><net_src comp="110" pin="0"/><net_sink comp="1390" pin=0"/></net>

<net id="1395"><net_src comp="96" pin="0"/><net_sink comp="1390" pin=1"/></net>

<net id="1400"><net_src comp="164" pin="0"/><net_sink comp="1396" pin=0"/></net>

<net id="1401"><net_src comp="98" pin="0"/><net_sink comp="1396" pin=1"/></net>

<net id="1406"><net_src comp="164" pin="0"/><net_sink comp="1402" pin=0"/></net>

<net id="1407"><net_src comp="100" pin="0"/><net_sink comp="1402" pin=1"/></net>

<net id="1412"><net_src comp="694" pin="30"/><net_sink comp="1408" pin=0"/></net>

<net id="1413"><net_src comp="80" pin="0"/><net_sink comp="1408" pin=1"/></net>

<net id="1418"><net_src comp="595" pin="30"/><net_sink comp="1414" pin=0"/></net>

<net id="1419"><net_src comp="76" pin="0"/><net_sink comp="1414" pin=1"/></net>

<net id="1424"><net_src comp="782" pin="30"/><net_sink comp="1420" pin=0"/></net>

<net id="1425"><net_src comp="216" pin="2"/><net_sink comp="1420" pin=1"/></net>

<net id="1430"><net_src comp="216" pin="2"/><net_sink comp="1426" pin=0"/></net>

<net id="1431"><net_src comp="84" pin="0"/><net_sink comp="1426" pin=1"/></net>

<net id="1436"><net_src comp="782" pin="30"/><net_sink comp="1432" pin=0"/></net>

<net id="1437"><net_src comp="210" pin="2"/><net_sink comp="1432" pin=1"/></net>

<net id="1441"><net_src comp="92" pin="0"/><net_sink comp="1438" pin=0"/></net>

<net id="1442"><net_src comp="1438" pin="1"/><net_sink comp="360" pin=2"/></net>

<net id="1446"><net_src comp="94" pin="0"/><net_sink comp="1443" pin=0"/></net>

<net id="1451"><net_src comp="898" pin="1"/><net_sink comp="1447" pin=0"/></net>

<net id="1452"><net_src comp="1443" pin="1"/><net_sink comp="1447" pin=1"/></net>

<net id="1457"><net_src comp="1447" pin="2"/><net_sink comp="1453" pin=0"/></net>

<net id="1458"><net_src comp="136" pin="0"/><net_sink comp="1453" pin=1"/></net>

<net id="1463"><net_src comp="268" pin="2"/><net_sink comp="1459" pin=0"/></net>

<net id="1464"><net_src comp="1453" pin="2"/><net_sink comp="1459" pin=1"/></net>

<net id="1469"><net_src comp="1459" pin="2"/><net_sink comp="1465" pin=0"/></net>

<net id="1470"><net_src comp="102" pin="0"/><net_sink comp="1465" pin=1"/></net>

<net id="1475"><net_src comp="832" pin="30"/><net_sink comp="1471" pin=0"/></net>

<net id="1476"><net_src comp="234" pin="2"/><net_sink comp="1471" pin=1"/></net>

<net id="1477"><net_src comp="1471" pin="2"/><net_sink comp="367" pin=2"/></net>

<net id="1482"><net_src comp="210" pin="2"/><net_sink comp="1478" pin=0"/></net>

<net id="1483"><net_src comp="86" pin="0"/><net_sink comp="1478" pin=1"/></net>

</net_list>

</model> 
---------------- Datapath Model END ------------------

* FSMD analyzer results:
  - Output states:
	Port: a_i_ready | {1 }
	Port: b_i_ready | {1 }
	Port: c_i_ready | {1 }
	Port: d_o_valid | {1 }
	Port: d_o_data | {1 }
	Port: d_o_strb | {1 }
	Port: f_cnt | {1 }
	Port: f_valid | {1 }
	Port: buffer_1_wr | {1 }
	Port: buffer_1_wr1 | {1 }
	Port: compute_start1 | {1 }
	Port: compute_start2 | {1 }
	Port: slave_start1 | {1 }
	Port: slave_start2 | {1 }
	Port: buffer_ok | {1 }
	Port: r_acc_valid | {1 }
	Port: state | {1 }
	Port: b_count_V | {1 }
	Port: r_cnt_V | {1 }
	Port: i | {1 }
	Port: done1_seen | {1 }
	Port: done2_seen | {1 }
	Port: j_a | {1 }
	Port: j_b | {1 }
	Port: r_acc_V | {1 }
	Port: store_result_valid | {1 }
	Port: buffer_V | {1 }
	Port: compute_launched | {1 }
	Port: compute_launched2 | {1 }
	Port: store_result_ready | {1 }
 - Input state : 
	Port: cont : a_i_valid | {1 }
	Port: cont : a_i_data | {1 }
	Port: cont : b_i_valid | {1 }
	Port: cont : b_i_data | {1 }
	Port: cont : d_o_ready | {1 }
	Port: cont : clear | {1 }
	Port: cont : enable | {1 }
	Port: cont : shift | {1 }
	Port: cont : len | {1 }
	Port: cont : buffer_1_rd | {1 }
	Port: cont : buffer_1_rd1 | {1 }
	Port: cont : compute_done1 | {1 }
	Port: cont : compute_done2 | {1 }
	Port: cont : buffer_ok | {1 }
	Port: cont : r_acc_valid | {1 }
	Port: cont : state | {1 }
	Port: cont : b_count_V | {1 }
	Port: cont : r_cnt_V | {1 }
	Port: cont : i | {1 }
	Port: cont : done1_seen | {1 }
	Port: cont : done2_seen | {1 }
	Port: cont : j_a | {1 }
	Port: cont : j_b | {1 }
	Port: cont : r_acc_V | {1 }
	Port: cont : store_result_valid | {1 }
	Port: cont : buffer_V | {1 }
	Port: cont : compute_launched | {1 }
	Port: cont : compute_launched2 | {1 }
	Port: cont : store_result_ready | {1 }
  - Chain level:
	State 1
		xor_ln96 : 1
		write_ln96 : 1
		write_ln97 : 1
		trunc_ln212 : 1
		switch_ln101 : 1
		icmp_ln1027 : 1
		br_ln224 : 2
		br_ln224 : 1
		store_ln225 : 1
		icmp_ln1027_1 : 1
		select_ln226 : 2
		r_cnt_V_flag_0 : 3
		r_cnt_V_loc_0 : 3
		trunc_ln228 : 4
		br_ln228 : 1
		icmp_ln1031 : 4
		br_ln229 : 5
		add_ln231 : 1
		store_ln231 : 2
		add_ln186 : 4
		add_ln186_cast : 5
		state_flag_7 : 6
		r_cnt_V_flag_1 : 6
		r_cnt_V_new_1 : 6
		r_cnt_V_loc_1 : 6
		i_op_assign : 6
		empty : 6
		icmp_ln1019_2 : 7
		or_ln238 : 8
		select_ln241 : 8
		tmp_2 : 1
		icmp_ln212 : 2
		and_ln212 : 3
		br_ln212 : 3
		tmp_5 : 1
		icmp_ln216 : 2
		and_ln216 : 3
		br_ln216 : 3
		and_ln206 : 1
		br_ln192 : 1
		br_ln179 : 1
		tmp_4 : 1
		xor_ln1027_1 : 2
		and_ln152 : 2
		br_ln152 : 2
		add_ln155 : 1
		store_ln155 : 2
		zext_ln155 : 1
		buffer_1_wr1_addr : 2
		store_ln155 : 3
		add_ln840_1 : 1
		store_ln840 : 2
		b_count_V_loc_3 : 3
		tmp_9 : 4
		and_ln159 : 5
		br_ln159 : 5
		tmp_3 : 1
		xor_ln1027 : 2
		and_ln136 : 2
		br_ln136 : 2
		add_ln139 : 1
		store_ln139 : 2
		zext_ln139 : 1
		buffer_1_wr_addr : 2
		store_ln139 : 3
		add_ln840 : 1
		store_ln840 : 2
		b_count_V_loc_1 : 3
		tmp_7 : 4
		and_ln143 : 5
		br_ln143 : 5
		state_flag_9 : 8
		state_new_9 : 9
		r_cnt_V_flag_2 : 6
		r_cnt_V_new_2 : 6
		phi_ln186 : 6
		done1_seen_flag_0 : 6
		empty_10 : 6
		br_ln1027 : 7
		store_ln109 : 7
		br_ln238 : 9
		store_ln124 : 10
		or_ln244 : 7
		br_ln244 : 7
		or_ln245 : 7
		and_ln251 : 1
		xor_ln251 : 1
		or_ln251 : 1
		store_ln251 : 1
		write_ln253 : 1
		and_ln254 : 7
		write_ln254 : 7
		write_ln257 : 7
		write_ln258 : 7
		br_ln245 : 7


============================================================
+ Verbose Summary: Datapath Resource usage 
============================================================

* Functional unit list:
|----------|--------------------------------|---------|---------|
| Operation|         Functional Unit        |    FF   |   LUT   |
|----------|--------------------------------|---------|---------|
|          |           grp_fu_873           |    0    |    12   |
|          |        add_ln231_fu_1028       |    0    |    39   |
|    add   |        add_ln186_fu_1047       |    0    |    21   |
|          |     add_ln186_cast_fu_1054     |    0    |    18   |
|          |        add_ln155_fu_1217       |    0    |    39   |
|          |        add_ln139_fu_1299       |    0    |    39   |
|----------|--------------------------------|---------|---------|
|          |           grp_fu_880           |    0    |    9    |
|          |       icmp_ln1027_fu_974       |    0    |    12   |
|          |      icmp_ln1027_1_fu_994      |    0    |    12   |
|   icmp   |       icmp_ln1031_fu_1016      |    0    |    12   |
|          |      icmp_ln1019_2_fu_1061     |    0    |    20   |
|          |       icmp_ln212_fu_1093       |    0    |    18   |
|          |       icmp_ln216_fu_1115       |    0    |    18   |
|----------|--------------------------------|---------|---------|
|          |           grp_fu_867           |    0    |    2    |
|          |        and_ln212_fu_1099       |    0    |    2    |
|          |        and_ln216_fu_1121       |    0    |    2    |
|          |        and_ln206_fu_1139       |    0    |    2    |
|    and   |        and_ln152_fu_1198       |    0    |    2    |
|          |        and_ln159_fu_1248       |    0    |    2    |
|          |        and_ln136_fu_1280       |    0    |    2    |
|          |        and_ln143_fu_1330       |    0    |    2    |
|          |        and_ln251_fu_1447       |    0    |    2    |
|          |        and_ln254_fu_1471       |    0    |    2    |
|----------|--------------------------------|---------|---------|
|  select  |      select_ln226_fu_1001      |    0    |    14   |
|          |      select_ln241_fu_1074      |    0    |    4    |
|----------|--------------------------------|---------|---------|
|          |         xor_ln96_fu_890        |    0    |    2    |
|    xor   |      xor_ln1027_1_fu_1192      |    0    |    2    |
|          |       xor_ln1027_fu_1274       |    0    |    2    |
|          |        xor_ln251_fu_1453       |    0    |    2    |
|----------|--------------------------------|---------|---------|
|          |        or_ln238_fu_1067        |    0    |    2    |
|    or    |        or_ln244_fu_1420        |    0    |    2    |
|          |        or_ln245_fu_1432        |    0    |    2    |
|          |        or_ln251_fu_1459        |    0    |    2    |
|----------|--------------------------------|---------|---------|
|          | compute_done2_read_read_fu_210 |    0    |    0    |
|          | compute_done1_read_read_fu_216 |    0    |    0    |
|          |      len_read_read_fu_222      |    0    |    0    |
|          |     shift_read_read_fu_228     |    0    |    0    |
|          |     enable_read_read_fu_234    |    0    |    0    |
|          |     clear_read_read_fu_240     |    0    |    0    |
|   read   |   d_o_ready_read_read_fu_268   |    0    |    0    |
|          |   a_i_valid_read_read_fu_274   |    0    |    0    |
|          |   b_i_valid_read_read_fu_280   |    0    |    0    |
|          |       tmp_a_V_read_fu_286      |    0    |    0    |
|          |       tmp_b_V_read_fu_292      |    0    |    0    |
|          |  buffer_1_rd1_read_read_fu_314 |    0    |    0    |
|          |  buffer_1_rd_read_read_fu_320  |    0    |    0    |
|----------|--------------------------------|---------|---------|
|          |     write_ln96_write_fu_246    |    0    |    0    |
|          |     write_ln97_write_fu_253    |    0    |    0    |
|          |     write_ln98_write_fu_260    |    0    |    0    |
|          |        grp_write_fu_326        |    0    |    0    |
|          |        grp_write_fu_335        |    0    |    0    |
|   write  |    write_ln121_write_fu_344    |    0    |    0    |
|          |    write_ln122_write_fu_352    |    0    |    0    |
|          |    write_ln253_write_fu_360    |    0    |    0    |
|          |    write_ln254_write_fu_367    |    0    |    0    |
|          |    write_ln255_write_fu_374    |    0    |    0    |
|          |    write_ln257_write_fu_382    |    0    |    0    |
|          |    write_ln258_write_fu_389    |    0    |    0    |
|----------|--------------------------------|---------|---------|
| nbreadreq|      tmp_nbreadreq_fu_298      |    0    |    0    |
|          |     tmp_1_nbreadreq_fu_306     |    0    |    0    |
|----------|--------------------------------|---------|---------|
|   trunc  |       trunc_ln212_fu_934       |    0    |    0    |
|          |       trunc_ln228_fu_1010      |    0    |    0    |
|----------|--------------------------------|---------|---------|
|          |       zext_ln1027_fu_966       |    0    |    0    |
|   zext   |      zext_ln1027_1_fu_970      |    0    |    0    |
|          |       zext_ln155_fu_1229       |    0    |    0    |
|          |       zext_ln139_fu_1311       |    0    |    0    |
|----------|--------------------------------|---------|---------|
|partselect|          tmp_2_fu_1083         |    0    |    0    |
|          |          tmp_5_fu_1105         |    0    |    0    |
|----------|--------------------------------|---------|---------|
|          |          tmp_4_fu_1184         |    0    |    0    |
| bitselect|          tmp_9_fu_1240         |    0    |    0    |
|          |          tmp_3_fu_1266         |    0    |    0    |
|          |          tmp_7_fu_1322         |    0    |    0    |
|----------|--------------------------------|---------|---------|
|bitconcatenate|       p_Result_1_fu_1204       |    0    |    0    |
|          |       p_Result_s_fu_1286       |    0    |    0    |
|----------|--------------------------------|---------|---------|
|   Total  |                                |    0    |   323   |
|----------|--------------------------------|---------|---------|

Memories:
N/A

* Register list:
+-------------------------+--------+
|                         |   FF   |
+-------------------------+--------+
| b_count_V_loc_1_reg_534 |    4   |
| b_count_V_loc_3_reg_523 |    4   |
|done1_seen_flag_0_reg_779|    1   |
|     empty_10_reg_829    |    1   |
|      empty_reg_509      |    1   |
|   i_op_assign_reg_498   |   32   |
|    phi_ln186_reg_741    |   11   |
|  r_cnt_V_flag_0_reg_422 |    1   |
|  r_cnt_V_flag_1_reg_460 |    1   |
|  r_cnt_V_flag_2_reg_641 |    1   |
|  r_cnt_V_loc_0_reg_435  |   14   |
|  r_cnt_V_loc_1_reg_487  |   11   |
|  r_cnt_V_new_1_reg_474  |   14   |
|  r_cnt_V_new_2_reg_691  |   14   |
|   state_flag_7_reg_446  |    1   |
|   state_flag_9_reg_545  |    1   |
|   state_new_9_reg_592   |    4   |
+-------------------------+--------+
|          Total          |   116  |
+-------------------------+--------+

* Multiplexer (MUX) list: 
|------------------|------|------|------|--------||---------|
|       Comp       |  Pin | Size |  BW  | S x BW ||  Delay  |
|------------------|------|------|------|--------||---------|
| grp_write_fu_326 |  p2  |   2  |   1  |    2   |
| grp_write_fu_335 |  p2  |   2  |   1  |    2   |
|------------------|------|------|------|--------||---------|
|       Total      |      |      |      |    4   ||  0.854  |
|------------------|------|------|------|--------||---------|



* Summary:
+-----------+--------+--------+--------+
|           |  Delay |   FF   |   LUT  |
+-----------+--------+--------+--------+
|  Function |    -   |    0   |   323  |
|   Memory  |    -   |    -   |    -   |
|Multiplexer|    0   |    -   |    -   |
|  Register |    -   |   116  |    -   |
+-----------+--------+--------+--------+
|   Total   |    0   |   116  |   323  |
+-----------+--------+--------+--------+
