

================================================================
== Vitis HLS Report for 'cont'
================================================================
* Date:           Mon Sep 14 14:04:02 2026

* Version:        2022.2 (Build 3670227 on Oct 13 2022)
* Project:        Control
* Solution:       solution1 (Vivado IP Flow Target)
* Product family: zynquplus
* Target device:  xczu7ev-ffvc1156-2-e


================================================================
== Performance Estimates
================================================================
+ Timing: 
    * Summary: 
    +--------+----------+----------+------------+
    |  Clock |  Target  | Estimated| Uncertainty|
    +--------+----------+----------+------------+
    |ap_clk  |  10.00 ns|  3.236 ns|     2.70 ns|
    +--------+----------+----------+------------+

+ Latency: 
    * Summary: 
    +---------+---------+----------+----------+-----+-----+---------+
    |  Latency (cycles) |  Latency (absolute) |  Interval | Pipeline|
    |   min   |   max   |    min   |    max   | min | max |   Type  |
    +---------+---------+----------+----------+-----+-----+---------+
    |        0|        0|      0 ns|      0 ns|    1|    1|       no|
    +---------+---------+----------+----------+-----+-----+---------+

    + Detail: 
        * Instance: 
        N/A

        * Loop: 
        N/A

============================================================
+ Verbose Summary: Synthesis Manager
============================================================
InlineROM: 1
ExposeGlobal: 0
============================================================
+ Verbose Summary: CDFG Model
============================================================
IsTopModel: 1
ResetActiveHigh: 1
IsCombinational: 0
IsDatapathOnly: 0
HasWiredReturn: 1
HasMFsm: 0
HasVarLatency: 0
IsPipeline: 0
IsRtlPipelined: 0
IsInstanceOverlapped: 0
IsDontTouch: 0
HasImplIP: 0
IsGatedGlobalClock: 0


============================================================
+ Verbose Summary: Schedule
============================================================
* Number of FSM states : 1
* Pipeline : 0
* Dataflow Pipeline: 0

* FSM state transitions: 
1 --> 

* FSM state operations: 

State 1 <SV = 0> <Delay = 3.23>
ST_1 : Operation 2 [1/1] (0.00ns)   --->   "%spectopmodule_ln24 = spectopmodule void @_ssdm_op_SpecTopModule, void @empty_4" [Control/control.cpp:24]   --->   Operation 2 'spectopmodule' 'spectopmodule_ln24' <Predicate = true> <Delay = 0.00>
ST_1 : Operation 3 [1/1] (0.00ns)   --->   "%specinterface_ln24 = specinterface void @_ssdm_op_SpecInterface, i32 0, void @empty_5, i32 0, i32 0, void @empty_0, i32 0, i32 0, void @empty_0, void @empty_0, void @empty_0, i32 0, i32 0, i32 0, i32 0, void @empty_0, void @empty_0, i32 4294967295, i32 0" [Control/control.cpp:24]   --->   Operation 3 'specinterface' 'specinterface_ln24' <Predicate = true> <Delay = 0.00>
ST_1 : Operation 4 [1/1] (0.00ns)   --->   "%slave_done2_read = read i1 @_ssdm_op_Read.ap_none.i1, i1 %slave_done2"   --->   Operation 4 'read' 'slave_done2_read' <Predicate = true> <Delay = 0.00>
ST_1 : Operation 5 [1/1] (0.00ns)   --->   "%slave_done1_read = read i1 @_ssdm_op_Read.ap_none.i1, i1 %slave_done1"   --->   Operation 5 'read' 'slave_done1_read' <Predicate = true> <Delay = 0.00>
ST_1 : Operation 6 [1/1] (0.00ns)   --->   "%compute_done2_read = read i1 @_ssdm_op_Read.ap_none.i1, i1 %compute_done2"   --->   Operation 6 'read' 'compute_done2_read' <Predicate = true> <Delay = 0.00>
ST_1 : Operation 7 [1/1] (0.00ns)   --->   "%compute_done1_read = read i1 @_ssdm_op_Read.ap_none.i1, i1 %compute_done1"   --->   Operation 7 'read' 'compute_done1_read' <Predicate = true> <Delay = 0.00>
ST_1 : Operation 8 [1/1] (0.00ns)   --->   "%len_read = read i11 @_ssdm_op_Read.ap_auto.i11, i11 %len"   --->   Operation 8 'read' 'len_read' <Predicate = true> <Delay = 0.00>
ST_1 : Operation 9 [1/1] (0.00ns)   --->   "%shift_read = read i5 @_ssdm_op_Read.ap_auto.i5, i5 %shift"   --->   Operation 9 'read' 'shift_read' <Predicate = true> <Delay = 0.00>
ST_1 : Operation 10 [1/1] (0.00ns)   --->   "%enable_read = read i1 @_ssdm_op_Read.ap_auto.i1, i1 %enable"   --->   Operation 10 'read' 'enable_read' <Predicate = true> <Delay = 0.00>
ST_1 : Operation 11 [1/1] (0.00ns)   --->   "%clear_read = read i1 @_ssdm_op_Read.ap_auto.i1, i1 %clear"   --->   Operation 11 'read' 'clear_read' <Predicate = true> <Delay = 0.00>
ST_1 : Operation 12 [1/1] (0.00ns)   --->   "%specbitsmap_ln0 = specbitsmap void @_ssdm_op_SpecBitsMap, i1 %a_i_valid"   --->   Operation 12 'specbitsmap' 'specbitsmap_ln0' <Predicate = true> <Delay = 0.00>
ST_1 : Operation 13 [1/1] (0.00ns)   --->   "%specinterface_ln0 = specinterface void @_ssdm_op_SpecInterface, i1 %a_i_valid, void @empty, i32 0, i32 0, void @empty_0, i32 0, i32 0, void @empty_0, void @empty_0, void @empty_0, i32 0, i32 0, i32 0, i32 0, void @empty_0, void @empty_0, i32 4294967295, i32 0"   --->   Operation 13 'specinterface' 'specinterface_ln0' <Predicate = true> <Delay = 0.00>
ST_1 : Operation 14 [1/1] (0.00ns)   --->   "%specbitsmap_ln0 = specbitsmap void @_ssdm_op_SpecBitsMap, i1 %a_i_ready"   --->   Operation 14 'specbitsmap' 'specbitsmap_ln0' <Predicate = true> <Delay = 0.00>
ST_1 : Operation 15 [1/1] (0.00ns)   --->   "%specinterface_ln0 = specinterface void @_ssdm_op_SpecInterface, i1 %a_i_ready, void @empty, i32 0, i32 0, void @empty_0, i32 0, i32 0, void @empty_0, void @empty_0, void @empty_0, i32 0, i32 0, i32 0, i32 0, void @empty_0, void @empty_0, i32 4294967295, i32 0"   --->   Operation 15 'specinterface' 'specinterface_ln0' <Predicate = true> <Delay = 0.00>
ST_1 : Operation 16 [1/1] (0.00ns)   --->   "%specbitsmap_ln0 = specbitsmap void @_ssdm_op_SpecBitsMap, i32 %a_i_data"   --->   Operation 16 'specbitsmap' 'specbitsmap_ln0' <Predicate = true> <Delay = 0.00>
ST_1 : Operation 17 [1/1] (0.00ns)   --->   "%specinterface_ln0 = specinterface void @_ssdm_op_SpecInterface, i32 %a_i_data, void @empty, i32 0, i32 0, void @empty_0, i32 0, i32 0, void @empty_0, void @empty_0, void @empty_0, i32 0, i32 0, i32 0, i32 0, void @empty_0, void @empty_0, i32 4294967295, i32 0"   --->   Operation 17 'specinterface' 'specinterface_ln0' <Predicate = true> <Delay = 0.00>
ST_1 : Operation 18 [1/1] (0.00ns)   --->   "%specbitsmap_ln0 = specbitsmap void @_ssdm_op_SpecBitsMap, i4 %a_i_strb"   --->   Operation 18 'specbitsmap' 'specbitsmap_ln0' <Predicate = true> <Delay = 0.00>
ST_1 : Operation 19 [1/1] (0.00ns)   --->   "%specinterface_ln0 = specinterface void @_ssdm_op_SpecInterface, i4 %a_i_strb, void @empty, i32 0, i32 0, void @empty_0, i32 0, i32 0, void @empty_0, void @empty_0, void @empty_0, i32 0, i32 0, i32 0, i32 0, void @empty_0, void @empty_0, i32 4294967295, i32 0"   --->   Operation 19 'specinterface' 'specinterface_ln0' <Predicate = true> <Delay = 0.00>
ST_1 : Operation 20 [1/1] (0.00ns)   --->   "%specbitsmap_ln0 = specbitsmap void @_ssdm_op_SpecBitsMap, i1 %b_i_valid"   --->   Operation 20 'specbitsmap' 'specbitsmap_ln0' <Predicate = true> <Delay = 0.00>
ST_1 : Operation 21 [1/1] (0.00ns)   --->   "%specinterface_ln0 = specinterface void @_ssdm_op_SpecInterface, i1 %b_i_valid, void @empty, i32 0, i32 0, void @empty_0, i32 0, i32 0, void @empty_0, void @empty_0, void @empty_0, i32 0, i32 0, i32 0, i32 0, void @empty_0, void @empty_0, i32 4294967295, i32 0"   --->   Operation 21 'specinterface' 'specinterface_ln0' <Predicate = true> <Delay = 0.00>
ST_1 : Operation 22 [1/1] (0.00ns)   --->   "%specbitsmap_ln0 = specbitsmap void @_ssdm_op_SpecBitsMap, i1 %b_i_ready"   --->   Operation 22 'specbitsmap' 'specbitsmap_ln0' <Predicate = true> <Delay = 0.00>
ST_1 : Operation 23 [1/1] (0.00ns)   --->   "%specinterface_ln0 = specinterface void @_ssdm_op_SpecInterface, i1 %b_i_ready, void @empty, i32 0, i32 0, void @empty_0, i32 0, i32 0, void @empty_0, void @empty_0, void @empty_0, i32 0, i32 0, i32 0, i32 0, void @empty_0, void @empty_0, i32 4294967295, i32 0"   --->   Operation 23 'specinterface' 'specinterface_ln0' <Predicate = true> <Delay = 0.00>
ST_1 : Operation 24 [1/1] (0.00ns)   --->   "%specbitsmap_ln0 = specbitsmap void @_ssdm_op_SpecBitsMap, i32 %b_i_data"   --->   Operation 24 'specbitsmap' 'specbitsmap_ln0' <Predicate = true> <Delay = 0.00>
ST_1 : Operation 25 [1/1] (0.00ns)   --->   "%specinterface_ln0 = specinterface void @_ssdm_op_SpecInterface, i32 %b_i_data, void @empty, i32 0, i32 0, void @empty_0, i32 0, i32 0, void @empty_0, void @empty_0, void @empty_0, i32 0, i32 0, i32 0, i32 0, void @empty_0, void @empty_0, i32 4294967295, i32 0"   --->   Operation 25 'specinterface' 'specinterface_ln0' <Predicate = true> <Delay = 0.00>
ST_1 : Operation 26 [1/1] (0.00ns)   --->   "%specbitsmap_ln0 = specbitsmap void @_ssdm_op_SpecBitsMap, i4 %b_i_strb"   --->   Operation 26 'specbitsmap' 'specbitsmap_ln0' <Predicate = true> <Delay = 0.00>
ST_1 : Operation 27 [1/1] (0.00ns)   --->   "%specinterface_ln0 = specinterface void @_ssdm_op_SpecInterface, i4 %b_i_strb, void @empty, i32 0, i32 0, void @empty_0, i32 0, i32 0, void @empty_0, void @empty_0, void @empty_0, i32 0, i32 0, i32 0, i32 0, void @empty_0, void @empty_0, i32 4294967295, i32 0"   --->   Operation 27 'specinterface' 'specinterface_ln0' <Predicate = true> <Delay = 0.00>
ST_1 : Operation 28 [1/1] (0.00ns)   --->   "%specbitsmap_ln0 = specbitsmap void @_ssdm_op_SpecBitsMap, i1 %c_i_valid"   --->   Operation 28 'specbitsmap' 'specbitsmap_ln0' <Predicate = true> <Delay = 0.00>
ST_1 : Operation 29 [1/1] (0.00ns)   --->   "%specinterface_ln0 = specinterface void @_ssdm_op_SpecInterface, i1 %c_i_valid, void @empty, i32 0, i32 0, void @empty_0, i32 0, i32 0, void @empty_0, void @empty_0, void @empty_0, i32 0, i32 0, i32 0, i32 0, void @empty_0, void @empty_0, i32 4294967295, i32 0"   --->   Operation 29 'specinterface' 'specinterface_ln0' <Predicate = true> <Delay = 0.00>
ST_1 : Operation 30 [1/1] (0.00ns)   --->   "%specbitsmap_ln0 = specbitsmap void @_ssdm_op_SpecBitsMap, i1 %c_i_ready"   --->   Operation 30 'specbitsmap' 'specbitsmap_ln0' <Predicate = true> <Delay = 0.00>
ST_1 : Operation 31 [1/1] (0.00ns)   --->   "%specinterface_ln0 = specinterface void @_ssdm_op_SpecInterface, i1 %c_i_ready, void @empty, i32 0, i32 0, void @empty_0, i32 0, i32 0, void @empty_0, void @empty_0, void @empty_0, i32 0, i32 0, i32 0, i32 0, void @empty_0, void @empty_0, i32 4294967295, i32 0"   --->   Operation 31 'specinterface' 'specinterface_ln0' <Predicate = true> <Delay = 0.00>
ST_1 : Operation 32 [1/1] (0.00ns)   --->   "%specbitsmap_ln0 = specbitsmap void @_ssdm_op_SpecBitsMap, i32 %c_i_data"   --->   Operation 32 'specbitsmap' 'specbitsmap_ln0' <Predicate = true> <Delay = 0.00>
ST_1 : Operation 33 [1/1] (0.00ns)   --->   "%specinterface_ln0 = specinterface void @_ssdm_op_SpecInterface, i32 %c_i_data, void @empty, i32 0, i32 0, void @empty_0, i32 0, i32 0, void @empty_0, void @empty_0, void @empty_0, i32 0, i32 0, i32 0, i32 0, void @empty_0, void @empty_0, i32 4294967295, i32 0"   --->   Operation 33 'specinterface' 'specinterface_ln0' <Predicate = true> <Delay = 0.00>
ST_1 : Operation 34 [1/1] (0.00ns)   --->   "%specbitsmap_ln0 = specbitsmap void @_ssdm_op_SpecBitsMap, i4 %c_i_strb"   --->   Operation 34 'specbitsmap' 'specbitsmap_ln0' <Predicate = true> <Delay = 0.00>
ST_1 : Operation 35 [1/1] (0.00ns)   --->   "%specinterface_ln0 = specinterface void @_ssdm_op_SpecInterface, i4 %c_i_strb, void @empty, i32 0, i32 0, void @empty_0, i32 0, i32 0, void @empty_0, void @empty_0, void @empty_0, i32 0, i32 0, i32 0, i32 0, void @empty_0, void @empty_0, i32 4294967295, i32 0"   --->   Operation 35 'specinterface' 'specinterface_ln0' <Predicate = true> <Delay = 0.00>
ST_1 : Operation 36 [1/1] (0.00ns)   --->   "%specbitsmap_ln0 = specbitsmap void @_ssdm_op_SpecBitsMap, i1 %d_o_valid"   --->   Operation 36 'specbitsmap' 'specbitsmap_ln0' <Predicate = true> <Delay = 0.00>
ST_1 : Operation 37 [1/1] (0.00ns)   --->   "%specinterface_ln0 = specinterface void @_ssdm_op_SpecInterface, i1 %d_o_valid, void @empty, i32 0, i32 0, void @empty_0, i32 0, i32 0, void @empty_0, void @empty_0, void @empty_0, i32 0, i32 0, i32 0, i32 0, void @empty_0, void @empty_0, i32 4294967295, i32 0"   --->   Operation 37 'specinterface' 'specinterface_ln0' <Predicate = true> <Delay = 0.00>
ST_1 : Operation 38 [1/1] (0.00ns)   --->   "%specbitsmap_ln0 = specbitsmap void @_ssdm_op_SpecBitsMap, i1 %d_o_ready"   --->   Operation 38 'specbitsmap' 'specbitsmap_ln0' <Predicate = true> <Delay = 0.00>
ST_1 : Operation 39 [1/1] (0.00ns)   --->   "%specinterface_ln0 = specinterface void @_ssdm_op_SpecInterface, i1 %d_o_ready, void @empty, i32 0, i32 0, void @empty_0, i32 0, i32 0, void @empty_0, void @empty_0, void @empty_0, i32 0, i32 0, i32 0, i32 0, void @empty_0, void @empty_0, i32 4294967295, i32 0"   --->   Operation 39 'specinterface' 'specinterface_ln0' <Predicate = true> <Delay = 0.00>
ST_1 : Operation 40 [1/1] (0.00ns)   --->   "%specbitsmap_ln0 = specbitsmap void @_ssdm_op_SpecBitsMap, i32 %d_o_data"   --->   Operation 40 'specbitsmap' 'specbitsmap_ln0' <Predicate = true> <Delay = 0.00>
ST_1 : Operation 41 [1/1] (0.00ns)   --->   "%specinterface_ln0 = specinterface void @_ssdm_op_SpecInterface, i32 %d_o_data, void @empty, i32 0, i32 0, void @empty_0, i32 0, i32 0, void @empty_0, void @empty_0, void @empty_0, i32 0, i32 0, i32 0, i32 0, void @empty_0, void @empty_0, i32 4294967295, i32 0"   --->   Operation 41 'specinterface' 'specinterface_ln0' <Predicate = true> <Delay = 0.00>
ST_1 : Operation 42 [1/1] (0.00ns)   --->   "%specbitsmap_ln0 = specbitsmap void @_ssdm_op_SpecBitsMap, i4 %d_o_strb"   --->   Operation 42 'specbitsmap' 'specbitsmap_ln0' <Predicate = true> <Delay = 0.00>
ST_1 : Operation 43 [1/1] (0.00ns)   --->   "%specinterface_ln0 = specinterface void @_ssdm_op_SpecInterface, i4 %d_o_strb, void @empty, i32 0, i32 0, void @empty_0, i32 0, i32 0, void @empty_0, void @empty_0, void @empty_0, i32 0, i32 0, i32 0, i32 0, void @empty_0, void @empty_0, i32 4294967295, i32 0"   --->   Operation 43 'specinterface' 'specinterface_ln0' <Predicate = true> <Delay = 0.00>
ST_1 : Operation 44 [1/1] (0.00ns)   --->   "%specbitsmap_ln0 = specbitsmap void @_ssdm_op_SpecBitsMap, i1 %clear"   --->   Operation 44 'specbitsmap' 'specbitsmap_ln0' <Predicate = true> <Delay = 0.00>
ST_1 : Operation 45 [1/1] (0.00ns)   --->   "%specinterface_ln0 = specinterface void @_ssdm_op_SpecInterface, i1 %clear, void @empty_1, i32 0, i32 0, void @empty_0, i32 0, i32 0, void @empty_0, void @empty_0, void @empty_0, i32 0, i32 0, i32 0, i32 0, void @empty_0, void @empty_0, i32 4294967295, i32 0"   --->   Operation 45 'specinterface' 'specinterface_ln0' <Predicate = true> <Delay = 0.00>
ST_1 : Operation 46 [1/1] (0.00ns)   --->   "%specbitsmap_ln0 = specbitsmap void @_ssdm_op_SpecBitsMap, i1 %enable"   --->   Operation 46 'specbitsmap' 'specbitsmap_ln0' <Predicate = true> <Delay = 0.00>
ST_1 : Operation 47 [1/1] (0.00ns)   --->   "%specinterface_ln0 = specinterface void @_ssdm_op_SpecInterface, i1 %enable, void @empty_1, i32 0, i32 0, void @empty_0, i32 0, i32 0, void @empty_0, void @empty_0, void @empty_0, i32 0, i32 0, i32 0, i32 0, void @empty_0, void @empty_0, i32 4294967295, i32 0"   --->   Operation 47 'specinterface' 'specinterface_ln0' <Predicate = true> <Delay = 0.00>
ST_1 : Operation 48 [1/1] (0.00ns)   --->   "%specbitsmap_ln0 = specbitsmap void @_ssdm_op_SpecBitsMap, i1 %function_r"   --->   Operation 48 'specbitsmap' 'specbitsmap_ln0' <Predicate = true> <Delay = 0.00>
ST_1 : Operation 49 [1/1] (0.00ns)   --->   "%specinterface_ln0 = specinterface void @_ssdm_op_SpecInterface, i1 %function_r, void @empty_1, i32 0, i32 0, void @empty_0, i32 0, i32 0, void @empty_0, void @empty_0, void @empty_0, i32 0, i32 0, i32 0, i32 0, void @empty_0, void @empty_0, i32 4294967295, i32 0"   --->   Operation 49 'specinterface' 'specinterface_ln0' <Predicate = true> <Delay = 0.00>
ST_1 : Operation 50 [1/1] (0.00ns)   --->   "%specbitsmap_ln0 = specbitsmap void @_ssdm_op_SpecBitsMap, i1 %start_r"   --->   Operation 50 'specbitsmap' 'specbitsmap_ln0' <Predicate = true> <Delay = 0.00>
ST_1 : Operation 51 [1/1] (0.00ns)   --->   "%specinterface_ln0 = specinterface void @_ssdm_op_SpecInterface, i1 %start_r, void @empty_1, i32 0, i32 0, void @empty_0, i32 0, i32 0, void @empty_0, void @empty_0, void @empty_0, i32 0, i32 0, i32 0, i32 0, void @empty_0, void @empty_0, i32 4294967295, i32 0"   --->   Operation 51 'specinterface' 'specinterface_ln0' <Predicate = true> <Delay = 0.00>
ST_1 : Operation 52 [1/1] (0.00ns)   --->   "%specbitsmap_ln0 = specbitsmap void @_ssdm_op_SpecBitsMap, i5 %shift"   --->   Operation 52 'specbitsmap' 'specbitsmap_ln0' <Predicate = true> <Delay = 0.00>
ST_1 : Operation 53 [1/1] (0.00ns)   --->   "%specinterface_ln0 = specinterface void @_ssdm_op_SpecInterface, i5 %shift, void @empty_1, i32 0, i32 0, void @empty_0, i32 0, i32 0, void @empty_0, void @empty_0, void @empty_0, i32 0, i32 0, i32 0, i32 0, void @empty_0, void @empty_0, i32 4294967295, i32 0"   --->   Operation 53 'specinterface' 'specinterface_ln0' <Predicate = true> <Delay = 0.00>
ST_1 : Operation 54 [1/1] (0.00ns)   --->   "%specbitsmap_ln0 = specbitsmap void @_ssdm_op_SpecBitsMap, i11 %len"   --->   Operation 54 'specbitsmap' 'specbitsmap_ln0' <Predicate = true> <Delay = 0.00>
ST_1 : Operation 55 [1/1] (0.00ns)   --->   "%specinterface_ln0 = specinterface void @_ssdm_op_SpecInterface, i11 %len, void @empty_1, i32 0, i32 0, void @empty_0, i32 0, i32 0, void @empty_0, void @empty_0, void @empty_0, i32 0, i32 0, i32 0, i32 0, void @empty_0, void @empty_0, i32 4294967295, i32 0"   --->   Operation 55 'specinterface' 'specinterface_ln0' <Predicate = true> <Delay = 0.00>
ST_1 : Operation 56 [1/1] (0.00ns)   --->   "%specbitsmap_ln0 = specbitsmap void @_ssdm_op_SpecBitsMap, i11 %f_cnt"   --->   Operation 56 'specbitsmap' 'specbitsmap_ln0' <Predicate = true> <Delay = 0.00>
ST_1 : Operation 57 [1/1] (0.00ns)   --->   "%specinterface_ln0 = specinterface void @_ssdm_op_SpecInterface, i11 %f_cnt, void @empty_1, i32 0, i32 0, void @empty_0, i32 0, i32 0, void @empty_0, void @empty_0, void @empty_0, i32 0, i32 0, i32 0, i32 0, void @empty_0, void @empty_0, i32 4294967295, i32 0"   --->   Operation 57 'specinterface' 'specinterface_ln0' <Predicate = true> <Delay = 0.00>
ST_1 : Operation 58 [1/1] (0.00ns)   --->   "%specbitsmap_ln0 = specbitsmap void @_ssdm_op_SpecBitsMap, i1 %f_valid"   --->   Operation 58 'specbitsmap' 'specbitsmap_ln0' <Predicate = true> <Delay = 0.00>
ST_1 : Operation 59 [1/1] (0.00ns)   --->   "%specinterface_ln0 = specinterface void @_ssdm_op_SpecInterface, i1 %f_valid, void @empty_1, i32 0, i32 0, void @empty_0, i32 0, i32 0, void @empty_0, void @empty_0, void @empty_0, i32 0, i32 0, i32 0, i32 0, void @empty_0, void @empty_0, i32 4294967295, i32 0"   --->   Operation 59 'specinterface' 'specinterface_ln0' <Predicate = true> <Delay = 0.00>
ST_1 : Operation 60 [1/1] (0.00ns)   --->   "%specinterface_ln0 = specinterface void @_ssdm_op_SpecInterface, i32 %buffer_1_rd, void @empty_2, i32 0, i32 0, void @empty_0, i32 0, i32 0, void @empty_0, void @empty_0, void @empty_0, i32 0, i32 0, i32 0, i32 0, void @empty_0, void @empty_0, i32 4294967295, i32 0"   --->   Operation 60 'specinterface' 'specinterface_ln0' <Predicate = true> <Delay = 0.00>
ST_1 : Operation 61 [1/1] (0.00ns)   --->   "%specbitsmap_ln0 = specbitsmap void @_ssdm_op_SpecBitsMap, i32 %buffer_1_rd"   --->   Operation 61 'specbitsmap' 'specbitsmap_ln0' <Predicate = true> <Delay = 0.00>
ST_1 : Operation 62 [1/1] (0.00ns)   --->   "%specinterface_ln0 = specinterface void @_ssdm_op_SpecInterface, i32 %buffer_1_rd1, void @empty_2, i32 0, i32 0, void @empty_0, i32 0, i32 0, void @empty_0, void @empty_0, void @empty_0, i32 0, i32 0, i32 0, i32 0, void @empty_0, void @empty_0, i32 4294967295, i32 0"   --->   Operation 62 'specinterface' 'specinterface_ln0' <Predicate = true> <Delay = 0.00>
ST_1 : Operation 63 [1/1] (0.00ns)   --->   "%specbitsmap_ln0 = specbitsmap void @_ssdm_op_SpecBitsMap, i32 %buffer_1_rd1"   --->   Operation 63 'specbitsmap' 'specbitsmap_ln0' <Predicate = true> <Delay = 0.00>
ST_1 : Operation 64 [1/1] (0.00ns)   --->   "%specinterface_ln0 = specinterface void @_ssdm_op_SpecInterface, i32 %buffer_1_rd2, void @empty_2, i32 0, i32 0, void @empty_0, i32 0, i32 0, void @empty_0, void @empty_0, void @empty_0, i32 0, i32 0, i32 0, i32 0, void @empty_0, void @empty_0, i32 4294967295, i32 0"   --->   Operation 64 'specinterface' 'specinterface_ln0' <Predicate = true> <Delay = 0.00>
ST_1 : Operation 65 [1/1] (0.00ns)   --->   "%specbitsmap_ln0 = specbitsmap void @_ssdm_op_SpecBitsMap, i32 %buffer_1_rd2"   --->   Operation 65 'specbitsmap' 'specbitsmap_ln0' <Predicate = true> <Delay = 0.00>
ST_1 : Operation 66 [1/1] (0.00ns)   --->   "%specinterface_ln0 = specinterface void @_ssdm_op_SpecInterface, i32 %buffer_1_rd3, void @empty_2, i32 0, i32 0, void @empty_0, i32 0, i32 0, void @empty_0, void @empty_0, void @empty_0, i32 0, i32 0, i32 0, i32 0, void @empty_0, void @empty_0, i32 4294967295, i32 0"   --->   Operation 66 'specinterface' 'specinterface_ln0' <Predicate = true> <Delay = 0.00>
ST_1 : Operation 67 [1/1] (0.00ns)   --->   "%specbitsmap_ln0 = specbitsmap void @_ssdm_op_SpecBitsMap, i32 %buffer_1_rd3"   --->   Operation 67 'specbitsmap' 'specbitsmap_ln0' <Predicate = true> <Delay = 0.00>
ST_1 : Operation 68 [1/1] (0.00ns)   --->   "%specinterface_ln0 = specinterface void @_ssdm_op_SpecInterface, i64 %buffer_1_wr, void @empty_3, i32 0, i32 0, void @empty_0, i32 4294967295, i32 0, void @empty_0, void @empty_0, void @empty_0, i32 0, i32 0, i32 0, i32 0, void @empty_0, void @empty_0, i32 4294967295, i32 0"   --->   Operation 68 'specinterface' 'specinterface_ln0' <Predicate = true> <Delay = 0.00>
ST_1 : Operation 69 [1/1] (0.00ns)   --->   "%specbitsmap_ln0 = specbitsmap void @_ssdm_op_SpecBitsMap, i64 %buffer_1_wr"   --->   Operation 69 'specbitsmap' 'specbitsmap_ln0' <Predicate = true> <Delay = 0.00>
ST_1 : Operation 70 [1/1] (0.00ns)   --->   "%specinterface_ln0 = specinterface void @_ssdm_op_SpecInterface, i64 %buffer_1_wr1, void @empty_3, i32 0, i32 0, void @empty_0, i32 4294967295, i32 0, void @empty_0, void @empty_0, void @empty_0, i32 0, i32 0, i32 0, i32 0, void @empty_0, void @empty_0, i32 4294967295, i32 0"   --->   Operation 70 'specinterface' 'specinterface_ln0' <Predicate = true> <Delay = 0.00>
ST_1 : Operation 71 [1/1] (0.00ns)   --->   "%specbitsmap_ln0 = specbitsmap void @_ssdm_op_SpecBitsMap, i64 %buffer_1_wr1"   --->   Operation 71 'specbitsmap' 'specbitsmap_ln0' <Predicate = true> <Delay = 0.00>
ST_1 : Operation 72 [1/1] (0.00ns)   --->   "%specinterface_ln0 = specinterface void @_ssdm_op_SpecInterface, i32 %buffer_1_wr2a, void @empty_3, i32 0, i32 0, void @empty_0, i32 4294967295, i32 0, void @empty_0, void @empty_0, void @empty_0, i32 0, i32 0, i32 0, i32 0, void @empty_0, void @empty_0, i32 4294967295, i32 0"   --->   Operation 72 'specinterface' 'specinterface_ln0' <Predicate = true> <Delay = 0.00>
ST_1 : Operation 73 [1/1] (0.00ns)   --->   "%specbitsmap_ln0 = specbitsmap void @_ssdm_op_SpecBitsMap, i32 %buffer_1_wr2a"   --->   Operation 73 'specbitsmap' 'specbitsmap_ln0' <Predicate = true> <Delay = 0.00>
ST_1 : Operation 74 [1/1] (0.00ns)   --->   "%specinterface_ln0 = specinterface void @_ssdm_op_SpecInterface, i32 %buffer_1_wr2b, void @empty_3, i32 0, i32 0, void @empty_0, i32 4294967295, i32 0, void @empty_0, void @empty_0, void @empty_0, i32 0, i32 0, i32 0, i32 0, void @empty_0, void @empty_0, i32 4294967295, i32 0"   --->   Operation 74 'specinterface' 'specinterface_ln0' <Predicate = true> <Delay = 0.00>
ST_1 : Operation 75 [1/1] (0.00ns)   --->   "%specbitsmap_ln0 = specbitsmap void @_ssdm_op_SpecBitsMap, i32 %buffer_1_wr2b"   --->   Operation 75 'specbitsmap' 'specbitsmap_ln0' <Predicate = true> <Delay = 0.00>
ST_1 : Operation 76 [1/1] (0.00ns)   --->   "%specinterface_ln0 = specinterface void @_ssdm_op_SpecInterface, i32 %buffer_1_wr3a, void @empty_3, i32 0, i32 0, void @empty_0, i32 4294967295, i32 0, void @empty_0, void @empty_0, void @empty_0, i32 0, i32 0, i32 0, i32 0, void @empty_0, void @empty_0, i32 4294967295, i32 0"   --->   Operation 76 'specinterface' 'specinterface_ln0' <Predicate = true> <Delay = 0.00>
ST_1 : Operation 77 [1/1] (0.00ns)   --->   "%specbitsmap_ln0 = specbitsmap void @_ssdm_op_SpecBitsMap, i32 %buffer_1_wr3a"   --->   Operation 77 'specbitsmap' 'specbitsmap_ln0' <Predicate = true> <Delay = 0.00>
ST_1 : Operation 78 [1/1] (0.00ns)   --->   "%specinterface_ln0 = specinterface void @_ssdm_op_SpecInterface, i32 %buffer_1_wr3b, void @empty_3, i32 0, i32 0, void @empty_0, i32 4294967295, i32 0, void @empty_0, void @empty_0, void @empty_0, i32 0, i32 0, i32 0, i32 0, void @empty_0, void @empty_0, i32 4294967295, i32 0"   --->   Operation 78 'specinterface' 'specinterface_ln0' <Predicate = true> <Delay = 0.00>
ST_1 : Operation 79 [1/1] (0.00ns)   --->   "%specbitsmap_ln0 = specbitsmap void @_ssdm_op_SpecBitsMap, i32 %buffer_1_wr3b"   --->   Operation 79 'specbitsmap' 'specbitsmap_ln0' <Predicate = true> <Delay = 0.00>
ST_1 : Operation 80 [1/1] (0.00ns)   --->   "%specbitsmap_ln0 = specbitsmap void @_ssdm_op_SpecBitsMap, i1 %compute_start1"   --->   Operation 80 'specbitsmap' 'specbitsmap_ln0' <Predicate = true> <Delay = 0.00>
ST_1 : Operation 81 [1/1] (0.00ns)   --->   "%specinterface_ln0 = specinterface void @_ssdm_op_SpecInterface, i1 %compute_start1, void @empty, i32 0, i32 0, void @empty_0, i32 0, i32 0, void @empty_0, void @empty_0, void @empty_0, i32 0, i32 0, i32 0, i32 0, void @empty_0, void @empty_0, i32 4294967295, i32 0"   --->   Operation 81 'specinterface' 'specinterface_ln0' <Predicate = true> <Delay = 0.00>
ST_1 : Operation 82 [1/1] (0.00ns)   --->   "%specbitsmap_ln0 = specbitsmap void @_ssdm_op_SpecBitsMap, i1 %compute_done1"   --->   Operation 82 'specbitsmap' 'specbitsmap_ln0' <Predicate = true> <Delay = 0.00>
ST_1 : Operation 83 [1/1] (0.00ns)   --->   "%specinterface_ln0 = specinterface void @_ssdm_op_SpecInterface, i1 %compute_done1, void @empty, i32 0, i32 0, void @empty_0, i32 0, i32 0, void @empty_0, void @empty_0, void @empty_0, i32 0, i32 0, i32 0, i32 0, void @empty_0, void @empty_0, i32 4294967295, i32 0"   --->   Operation 83 'specinterface' 'specinterface_ln0' <Predicate = true> <Delay = 0.00>
ST_1 : Operation 84 [1/1] (0.00ns)   --->   "%specbitsmap_ln0 = specbitsmap void @_ssdm_op_SpecBitsMap, i1 %compute_start2"   --->   Operation 84 'specbitsmap' 'specbitsmap_ln0' <Predicate = true> <Delay = 0.00>
ST_1 : Operation 85 [1/1] (0.00ns)   --->   "%specinterface_ln0 = specinterface void @_ssdm_op_SpecInterface, i1 %compute_start2, void @empty, i32 0, i32 0, void @empty_0, i32 0, i32 0, void @empty_0, void @empty_0, void @empty_0, i32 0, i32 0, i32 0, i32 0, void @empty_0, void @empty_0, i32 4294967295, i32 0"   --->   Operation 85 'specinterface' 'specinterface_ln0' <Predicate = true> <Delay = 0.00>
ST_1 : Operation 86 [1/1] (0.00ns)   --->   "%specbitsmap_ln0 = specbitsmap void @_ssdm_op_SpecBitsMap, i1 %compute_done2"   --->   Operation 86 'specbitsmap' 'specbitsmap_ln0' <Predicate = true> <Delay = 0.00>
ST_1 : Operation 87 [1/1] (0.00ns)   --->   "%specinterface_ln0 = specinterface void @_ssdm_op_SpecInterface, i1 %compute_done2, void @empty, i32 0, i32 0, void @empty_0, i32 0, i32 0, void @empty_0, void @empty_0, void @empty_0, i32 0, i32 0, i32 0, i32 0, void @empty_0, void @empty_0, i32 4294967295, i32 0"   --->   Operation 87 'specinterface' 'specinterface_ln0' <Predicate = true> <Delay = 0.00>
ST_1 : Operation 88 [1/1] (0.00ns)   --->   "%specbitsmap_ln0 = specbitsmap void @_ssdm_op_SpecBitsMap, i1 %slave_start1"   --->   Operation 88 'specbitsmap' 'specbitsmap_ln0' <Predicate = true> <Delay = 0.00>
ST_1 : Operation 89 [1/1] (0.00ns)   --->   "%specinterface_ln0 = specinterface void @_ssdm_op_SpecInterface, i1 %slave_start1, void @empty, i32 0, i32 0, void @empty_0, i32 0, i32 0, void @empty_0, void @empty_0, void @empty_0, i32 0, i32 0, i32 0, i32 0, void @empty_0, void @empty_0, i32 4294967295, i32 0"   --->   Operation 89 'specinterface' 'specinterface_ln0' <Predicate = true> <Delay = 0.00>
ST_1 : Operation 90 [1/1] (0.00ns)   --->   "%specbitsmap_ln0 = specbitsmap void @_ssdm_op_SpecBitsMap, i1 %slave_done1"   --->   Operation 90 'specbitsmap' 'specbitsmap_ln0' <Predicate = true> <Delay = 0.00>
ST_1 : Operation 91 [1/1] (0.00ns)   --->   "%specinterface_ln0 = specinterface void @_ssdm_op_SpecInterface, i1 %slave_done1, void @empty, i32 0, i32 0, void @empty_0, i32 0, i32 0, void @empty_0, void @empty_0, void @empty_0, i32 0, i32 0, i32 0, i32 0, void @empty_0, void @empty_0, i32 4294967295, i32 0"   --->   Operation 91 'specinterface' 'specinterface_ln0' <Predicate = true> <Delay = 0.00>
ST_1 : Operation 92 [1/1] (0.00ns)   --->   "%specbitsmap_ln0 = specbitsmap void @_ssdm_op_SpecBitsMap, i1 %slave_start2"   --->   Operation 92 'specbitsmap' 'specbitsmap_ln0' <Predicate = true> <Delay = 0.00>
ST_1 : Operation 93 [1/1] (0.00ns)   --->   "%specinterface_ln0 = specinterface void @_ssdm_op_SpecInterface, i1 %slave_start2, void @empty, i32 0, i32 0, void @empty_0, i32 0, i32 0, void @empty_0, void @empty_0, void @empty_0, i32 0, i32 0, i32 0, i32 0, void @empty_0, void @empty_0, i32 4294967295, i32 0"   --->   Operation 93 'specinterface' 'specinterface_ln0' <Predicate = true> <Delay = 0.00>
ST_1 : Operation 94 [1/1] (0.00ns)   --->   "%specbitsmap_ln0 = specbitsmap void @_ssdm_op_SpecBitsMap, i1 %slave_done2"   --->   Operation 94 'specbitsmap' 'specbitsmap_ln0' <Predicate = true> <Delay = 0.00>
ST_1 : Operation 95 [1/1] (0.00ns)   --->   "%specinterface_ln0 = specinterface void @_ssdm_op_SpecInterface, i1 %slave_done2, void @empty, i32 0, i32 0, void @empty_0, i32 0, i32 0, void @empty_0, void @empty_0, void @empty_0, i32 0, i32 0, i32 0, i32 0, void @empty_0, void @empty_0, i32 4294967295, i32 0"   --->   Operation 95 'specinterface' 'specinterface_ln0' <Predicate = true> <Delay = 0.00>
ST_1 : Operation 96 [1/1] (0.00ns)   --->   "%specbitsmap_ln0 = specbitsmap void @_ssdm_op_SpecBitsMap, i1 %phase1"   --->   Operation 96 'specbitsmap' 'specbitsmap_ln0' <Predicate = true> <Delay = 0.00>
ST_1 : Operation 97 [1/1] (0.00ns)   --->   "%specinterface_ln0 = specinterface void @_ssdm_op_SpecInterface, i1 %phase1, void @empty_1, i32 0, i32 0, void @empty_0, i32 0, i32 0, void @empty_0, void @empty_0, void @empty_0, i32 0, i32 0, i32 0, i32 0, void @empty_0, void @empty_0, i32 4294967295, i32 0"   --->   Operation 97 'specinterface' 'specinterface_ln0' <Predicate = true> <Delay = 0.00>
ST_1 : Operation 98 [1/1] (0.00ns)   --->   "%specbitsmap_ln0 = specbitsmap void @_ssdm_op_SpecBitsMap, i1 %phase2"   --->   Operation 98 'specbitsmap' 'specbitsmap_ln0' <Predicate = true> <Delay = 0.00>
ST_1 : Operation 99 [1/1] (0.00ns)   --->   "%specinterface_ln0 = specinterface void @_ssdm_op_SpecInterface, i1 %phase2, void @empty_1, i32 0, i32 0, void @empty_0, i32 0, i32 0, void @empty_0, void @empty_0, void @empty_0, i32 0, i32 0, i32 0, i32 0, void @empty_0, void @empty_0, i32 4294967295, i32 0"   --->   Operation 99 'specinterface' 'specinterface_ln0' <Predicate = true> <Delay = 0.00>
ST_1 : Operation 100 [1/1] (0.00ns)   --->   "%buffer_ok_load = load i1 %buffer_ok" [Control/control.cpp:109]   --->   Operation 100 'load' 'buffer_ok_load' <Predicate = true> <Delay = 0.00>
ST_1 : Operation 101 [1/1] (0.28ns)   --->   "%xor_ln109 = xor i1 %buffer_ok_load, i1 1" [Control/control.cpp:109]   --->   Operation 101 'xor' 'xor_ln109' <Predicate = true> <Delay = 0.28> <CoreInst = "LogicGate">   --->   Core 74 'LogicGate' <Latency = 0> <II = 1> <Delay = 0.28> <FuncUnit> <Opcode : 'and' 'or' 'xor'> <InPorts = 2> <OutPorts = 1>
ST_1 : Operation 102 [1/1] (0.00ns)   --->   "%write_ln109 = write void @_ssdm_op_Write.ap_none.i1P0A, i1 %a_i_ready, i1 %xor_ln109" [Control/control.cpp:109]   --->   Operation 102 'write' 'write_ln109' <Predicate = true> <Delay = 0.00>
ST_1 : Operation 103 [1/1] (0.00ns)   --->   "%write_ln110 = write void @_ssdm_op_Write.ap_none.i1P0A, i1 %b_i_ready, i1 %xor_ln109" [Control/control.cpp:110]   --->   Operation 103 'write' 'write_ln110' <Predicate = true> <Delay = 0.00>
ST_1 : Operation 104 [1/1] (0.00ns)   --->   "%write_ln111 = write void @_ssdm_op_Write.ap_none.i1P0A, i1 %c_i_ready, i1 1" [Control/control.cpp:111]   --->   Operation 104 'write' 'write_ln111' <Predicate = true> <Delay = 0.00>
ST_1 : Operation 105 [1/1] (0.00ns)   --->   "%d_o_ready_read = read i1 @_ssdm_op_Read.ap_none.i1P0A, i1 %d_o_ready" [Control/control.cpp:112]   --->   Operation 105 'read' 'd_o_ready_read' <Predicate = true> <Delay = 0.00>
ST_1 : Operation 106 [1/1] (0.00ns)   --->   "%r_acc_valid_load = load i1 %r_acc_valid" [Control/control.cpp:112]   --->   Operation 106 'load' 'r_acc_valid_load' <Predicate = true> <Delay = 0.00>
ST_1 : Operation 107 [1/1] (0.00ns)   --->   "%state_load = load i4 %state" [Control/control.cpp:114]   --->   Operation 107 'load' 'state_load' <Predicate = true> <Delay = 0.00>
ST_1 : Operation 108 [1/1] (0.00ns)   --->   "%b_count_V_load = load i4 %b_count_V"   --->   Operation 108 'load' 'b_count_V_load' <Predicate = true> <Delay = 0.00>
ST_1 : Operation 109 [1/1] (0.00ns)   --->   "%r_cnt_V_load = load i14 %r_cnt_V"   --->   Operation 109 'load' 'r_cnt_V_load' <Predicate = true> <Delay = 0.00>
ST_1 : Operation 110 [1/1] (0.00ns)   --->   "%trunc_ln222 = trunc i14 %r_cnt_V_load" [Control/control.cpp:222]   --->   Operation 110 'trunc' 'trunc_ln222' <Predicate = true> <Delay = 0.00>
ST_1 : Operation 111 [1/1] (0.00ns)   --->   "%done1_seen_load = load i1 %done1_seen" [Control/control.cpp:222]   --->   Operation 111 'load' 'done1_seen_load' <Predicate = true> <Delay = 0.00>
ST_1 : Operation 112 [1/1] (0.00ns)   --->   "%done2_seen_load = load i1 %done2_seen" [Control/control.cpp:222]   --->   Operation 112 'load' 'done2_seen_load' <Predicate = true> <Delay = 0.00>
ST_1 : Operation 113 [1/1] (0.00ns)   --->   "%slave_done1_seen_load = load i1 %slave_done1_seen" [Control/control.cpp:222]   --->   Operation 113 'load' 'slave_done1_seen_load' <Predicate = true> <Delay = 0.00>
ST_1 : Operation 114 [1/1] (0.00ns)   --->   "%slave_done2_seen_load = load i1 %slave_done2_seen" [Control/control.cpp:222]   --->   Operation 114 'load' 'slave_done2_seen_load' <Predicate = true> <Delay = 0.00>
ST_1 : Operation 115 [1/1] (0.00ns)   --->   "%i_phase1_load = load i1 %i_phase1" [Control/control.cpp:191]   --->   Operation 115 'load' 'i_phase1_load' <Predicate = true> <Delay = 0.00>
ST_1 : Operation 116 [1/1] (0.00ns)   --->   "%i_phase2_load = load i1 %i_phase2" [Control/control.cpp:207]   --->   Operation 116 'load' 'i_phase2_load' <Predicate = true> <Delay = 0.00>
ST_1 : Operation 117 [1/1] (0.00ns)   --->   "%a_i_valid_read = read i1 @_ssdm_op_Read.ap_none.i1P0A, i1 %a_i_valid" [Control/control.cpp:152]   --->   Operation 117 'read' 'a_i_valid_read' <Predicate = true> <Delay = 0.00>
ST_1 : Operation 118 [1/1] (0.00ns)   --->   "%b_i_valid_read = read i1 @_ssdm_op_Read.ap_none.i1P0A, i1 %b_i_valid" [Control/control.cpp:152]   --->   Operation 118 'read' 'b_i_valid_read' <Predicate = true> <Delay = 0.00>
ST_1 : Operation 119 [1/1] (0.00ns)   --->   "%tmp_a_V = read i32 @_ssdm_op_Read.ap_none.i32P0A, i32 %a_i_data" [Control/control.cpp:155]   --->   Operation 119 'read' 'tmp_a_V' <Predicate = true> <Delay = 0.00>
ST_1 : Operation 120 [1/1] (0.00ns)   --->   "%tmp_b_V = read i32 @_ssdm_op_Read.ap_none.i32P0A, i32 %b_i_data" [Control/control.cpp:156]   --->   Operation 120 'read' 'tmp_b_V' <Predicate = true> <Delay = 0.00>
ST_1 : Operation 121 [1/1] (0.47ns)   --->   "%switch_ln114 = switch i4 %state_load, void %sw.epilog, i4 0, void %sw.bb, i4 1, void %sw.bb24, i4 2, void %sw.bb48, i4 3, void %sw.bb83, i4 4, void %sw.bb89, i4 7, void %sw.bb95, i4 9, void %sw.bb111" [Control/control.cpp:114]   --->   Operation 121 'switch' 'switch_ln114' <Predicate = true> <Delay = 0.47>
ST_1 : Operation 122 [1/1] (0.00ns)   --->   "%tmp = nbreadreq i1 @_ssdm_op_NbReadReq.ap_fifo.i32P0A, i32 %buffer_1_rd, i32 1" [Control/control.cpp:254]   --->   Operation 122 'nbreadreq' 'tmp' <Predicate = (state_load == 9)> <Delay = 0.00> <CoreInst = "FIFO">   --->   Core 78 'FIFO' <Latency = 0> <II = 1> <Delay = 1.63> <Storage> <Opcode : 'read' 'write' 'nbread' 'nbwrite'> <Ports = 0> <Width = -1> <Depth = -1> <FIFO>
ST_1 : Operation 123 [1/1] (0.00ns)   --->   "%i_load = load i32 %i" [Control/control.cpp:254]   --->   Operation 123 'load' 'i_load' <Predicate = (state_load == 9)> <Delay = 0.00>
ST_1 : Operation 124 [1/1] (0.00ns)   --->   "%tmp_3 = partselect i28 @_ssdm_op_PartSelect.i28.i32.i32.i32, i32 %i_load, i32 4, i32 31" [Control/control.cpp:254]   --->   Operation 124 'partselect' 'tmp_3' <Predicate = (state_load == 9)> <Delay = 0.00>
ST_1 : Operation 125 [1/1] (1.01ns)   --->   "%icmp_ln254 = icmp_slt  i28 %tmp_3, i28 1" [Control/control.cpp:254]   --->   Operation 125 'icmp' 'icmp_ln254' <Predicate = (state_load == 9)> <Delay = 1.01> <CoreInst = "Cmp">   --->   Core 9 'Cmp' <Latency = 0> <II = 1> <Delay = 1.01> <FuncUnit> <Opcode : 'icmp'> <InPorts = 2> <OutPorts = 1>
ST_1 : Operation 126 [1/1] (0.28ns)   --->   "%and_ln254 = and i1 %tmp, i1 %icmp_ln254" [Control/control.cpp:254]   --->   Operation 126 'and' 'and_ln254' <Predicate = (state_load == 9)> <Delay = 0.28> <CoreInst = "LogicGate">   --->   Core 74 'LogicGate' <Latency = 0> <II = 1> <Delay = 0.28> <FuncUnit> <Opcode : 'and' 'or' 'xor'> <InPorts = 2> <OutPorts = 1>
ST_1 : Operation 127 [1/1] (0.00ns)   --->   "%br_ln254 = br i1 %and_ln254, void %if.else121, void %if.then116" [Control/control.cpp:254]   --->   Operation 127 'br' 'br_ln254' <Predicate = (state_load == 9)> <Delay = 0.00>
ST_1 : Operation 128 [1/1] (0.00ns)   --->   "%tmp_1 = nbreadreq i1 @_ssdm_op_NbReadReq.ap_fifo.i32P0A, i32 %buffer_1_rd1, i32 1" [Control/control.cpp:261]   --->   Operation 128 'nbreadreq' 'tmp_1' <Predicate = (state_load == 9 & !and_ln254)> <Delay = 0.00> <CoreInst = "FIFO">   --->   Core 78 'FIFO' <Latency = 0> <II = 1> <Delay = 1.63> <Storage> <Opcode : 'read' 'write' 'nbread' 'nbwrite'> <Ports = 0> <Width = -1> <Depth = -1> <FIFO>
ST_1 : Operation 129 [1/1] (0.00ns)   --->   "%tmp_7 = partselect i27 @_ssdm_op_PartSelect.i27.i32.i32.i32, i32 %i_load, i32 5, i32 31" [Control/control.cpp:261]   --->   Operation 129 'partselect' 'tmp_7' <Predicate = (state_load == 9 & !and_ln254)> <Delay = 0.00>
ST_1 : Operation 130 [1/1] (1.02ns)   --->   "%icmp_ln261 = icmp_slt  i27 %tmp_7, i27 1" [Control/control.cpp:261]   --->   Operation 130 'icmp' 'icmp_ln261' <Predicate = (state_load == 9 & !and_ln254)> <Delay = 1.02> <CoreInst = "Cmp">   --->   Core 9 'Cmp' <Latency = 0> <II = 1> <Delay = 1.02> <FuncUnit> <Opcode : 'icmp'> <InPorts = 2> <OutPorts = 1>
ST_1 : Operation 131 [1/1] (0.28ns)   --->   "%and_ln261 = and i1 %tmp_1, i1 %icmp_ln261" [Control/control.cpp:261]   --->   Operation 131 'and' 'and_ln261' <Predicate = (state_load == 9 & !and_ln254)> <Delay = 0.28> <CoreInst = "LogicGate">   --->   Core 74 'LogicGate' <Latency = 0> <II = 1> <Delay = 0.28> <FuncUnit> <Opcode : 'and' 'or' 'xor'> <InPorts = 2> <OutPorts = 1>
ST_1 : Operation 132 [1/1] (0.00ns)   --->   "%br_ln261 = br i1 %and_ln261, void %if.else130, void %if.then125" [Control/control.cpp:261]   --->   Operation 132 'br' 'br_ln261' <Predicate = (state_load == 9 & !and_ln254)> <Delay = 0.00>
ST_1 : Operation 133 [1/1] (0.00ns)   --->   "%tmp_2 = nbreadreq i1 @_ssdm_op_NbReadReq.ap_fifo.i32P0A, i32 %buffer_1_rd2, i32 1" [Control/control.cpp:268]   --->   Operation 133 'nbreadreq' 'tmp_2' <Predicate = (state_load == 9 & !and_ln254 & !and_ln261)> <Delay = 0.00> <CoreInst = "FIFO">   --->   Core 78 'FIFO' <Latency = 0> <II = 1> <Delay = 1.63> <Storage> <Opcode : 'read' 'write' 'nbread' 'nbwrite'> <Ports = 0> <Width = -1> <Depth = -1> <FIFO>
ST_1 : Operation 134 [1/1] (0.99ns)   --->   "%icmp_ln268 = icmp_slt  i32 %i_load, i32 48" [Control/control.cpp:268]   --->   Operation 134 'icmp' 'icmp_ln268' <Predicate = (state_load == 9 & !and_ln254 & !and_ln261)> <Delay = 0.99> <CoreInst = "Cmp">   --->   Core 9 'Cmp' <Latency = 0> <II = 1> <Delay = 0.99> <FuncUnit> <Opcode : 'icmp'> <InPorts = 2> <OutPorts = 1>
ST_1 : Operation 135 [1/1] (0.28ns)   --->   "%and_ln268 = and i1 %tmp_2, i1 %icmp_ln268" [Control/control.cpp:268]   --->   Operation 135 'and' 'and_ln268' <Predicate = (state_load == 9 & !and_ln254 & !and_ln261)> <Delay = 0.28> <CoreInst = "LogicGate">   --->   Core 74 'LogicGate' <Latency = 0> <II = 1> <Delay = 0.28> <FuncUnit> <Opcode : 'and' 'or' 'xor'> <InPorts = 2> <OutPorts = 1>
ST_1 : Operation 136 [1/1] (0.00ns)   --->   "%br_ln268 = br i1 %and_ln268, void %if.else139, void %if.then134" [Control/control.cpp:268]   --->   Operation 136 'br' 'br_ln268' <Predicate = (state_load == 9 & !and_ln254 & !and_ln261)> <Delay = 0.00>
ST_1 : Operation 137 [1/1] (1.63ns)   --->   "%buffer_1_rd3_read = read i32 @_ssdm_op_Read.ap_fifo.volatile.i32P0A, i32 %buffer_1_rd3" [Control/control.cpp:276]   --->   Operation 137 'read' 'buffer_1_rd3_read' <Predicate = (state_load == 9 & !and_ln254 & !and_ln261 & !and_ln268)> <Delay = 1.63> <CoreInst = "FIFO">   --->   Core 78 'FIFO' <Latency = 0> <II = 1> <Delay = 1.63> <Storage> <Opcode : 'read' 'write' 'nbread' 'nbwrite'> <Ports = 0> <Width = -1> <Depth = -1> <FIFO>
ST_1 : Operation 138 [1/1] (0.83ns)   --->   "%add_ln840_5 = add i14 %r_cnt_V_load, i14 1"   --->   Operation 138 'add' 'add_ln840_5' <Predicate = (state_load == 9 & !and_ln254 & !and_ln261 & !and_ln268)> <Delay = 0.83> <CoreInst = "Adder">   --->   Core 1 'Adder' <Latency = 0> <II = 1> <Delay = 0.83> <FuncUnit> <Opcode : 'add' 'sub'> <InPorts = 2> <OutPorts = 1>
ST_1 : Operation 139 [1/1] (0.57ns)   --->   "%store_ln840 = store i14 %add_ln840_5, i14 %r_cnt_V"   --->   Operation 139 'store' 'store_ln840' <Predicate = (state_load == 9 & !and_ln254 & !and_ln261 & !and_ln268)> <Delay = 0.57>
ST_1 : Operation 140 [1/1] (1.01ns)   --->   "%add_ln279 = add i32 %i_load, i32 1" [Control/control.cpp:279]   --->   Operation 140 'add' 'add_ln279' <Predicate = (state_load == 9 & !and_ln254 & !and_ln261 & !and_ln268)> <Delay = 1.01> <CoreInst = "Adder">   --->   Core 1 'Adder' <Latency = 0> <II = 1> <Delay = 1.01> <FuncUnit> <Opcode : 'add' 'sub'> <InPorts = 2> <OutPorts = 1>
ST_1 : Operation 141 [1/1] (0.57ns)   --->   "%store_ln279 = store i32 %add_ln279, i32 %i" [Control/control.cpp:279]   --->   Operation 141 'store' 'store_ln279' <Predicate = (state_load == 9 & !and_ln254 & !and_ln261 & !and_ln268)> <Delay = 0.57>
ST_1 : Operation 142 [1/1] (0.52ns)   --->   "%br_ln0 = br void %if.end146"   --->   Operation 142 'br' 'br_ln0' <Predicate = (state_load == 9 & !and_ln254 & !and_ln261 & !and_ln268)> <Delay = 0.52>
ST_1 : Operation 143 [1/1] (1.63ns)   --->   "%buffer_1_rd2_read = read i32 @_ssdm_op_Read.ap_fifo.volatile.i32P0A, i32 %buffer_1_rd2" [Control/control.cpp:269]   --->   Operation 143 'read' 'buffer_1_rd2_read' <Predicate = (state_load == 9 & !and_ln254 & !and_ln261 & and_ln268)> <Delay = 1.63> <CoreInst = "FIFO">   --->   Core 78 'FIFO' <Latency = 0> <II = 1> <Delay = 1.63> <Storage> <Opcode : 'read' 'write' 'nbread' 'nbwrite'> <Ports = 0> <Width = -1> <Depth = -1> <FIFO>
ST_1 : Operation 144 [1/1] (0.83ns)   --->   "%add_ln840_4 = add i14 %r_cnt_V_load, i14 1"   --->   Operation 144 'add' 'add_ln840_4' <Predicate = (state_load == 9 & !and_ln254 & !and_ln261 & and_ln268)> <Delay = 0.83> <CoreInst = "Adder">   --->   Core 1 'Adder' <Latency = 0> <II = 1> <Delay = 0.83> <FuncUnit> <Opcode : 'add' 'sub'> <InPorts = 2> <OutPorts = 1>
ST_1 : Operation 145 [1/1] (0.57ns)   --->   "%store_ln840 = store i14 %add_ln840_4, i14 %r_cnt_V"   --->   Operation 145 'store' 'store_ln840' <Predicate = (state_load == 9 & !and_ln254 & !and_ln261 & and_ln268)> <Delay = 0.57>
ST_1 : Operation 146 [1/1] (1.01ns)   --->   "%add_ln272 = add i32 %i_load, i32 1" [Control/control.cpp:272]   --->   Operation 146 'add' 'add_ln272' <Predicate = (state_load == 9 & !and_ln254 & !and_ln261 & and_ln268)> <Delay = 1.01> <CoreInst = "Adder">   --->   Core 1 'Adder' <Latency = 0> <II = 1> <Delay = 1.01> <FuncUnit> <Opcode : 'add' 'sub'> <InPorts = 2> <OutPorts = 1>
ST_1 : Operation 147 [1/1] (0.57ns)   --->   "%store_ln272 = store i32 %add_ln272, i32 %i" [Control/control.cpp:272]   --->   Operation 147 'store' 'store_ln272' <Predicate = (state_load == 9 & !and_ln254 & !and_ln261 & and_ln268)> <Delay = 0.57>
ST_1 : Operation 148 [1/1] (0.52ns)   --->   "%br_ln273 = br void %if.end146" [Control/control.cpp:273]   --->   Operation 148 'br' 'br_ln273' <Predicate = (state_load == 9 & !and_ln254 & !and_ln261 & and_ln268)> <Delay = 0.52>
ST_1 : Operation 149 [1/1] (1.63ns)   --->   "%buffer_1_rd1_read = read i32 @_ssdm_op_Read.ap_fifo.volatile.i32P0A, i32 %buffer_1_rd1" [Control/control.cpp:262]   --->   Operation 149 'read' 'buffer_1_rd1_read' <Predicate = (state_load == 9 & !and_ln254 & and_ln261)> <Delay = 1.63> <CoreInst = "FIFO">   --->   Core 78 'FIFO' <Latency = 0> <II = 1> <Delay = 1.63> <Storage> <Opcode : 'read' 'write' 'nbread' 'nbwrite'> <Ports = 0> <Width = -1> <Depth = -1> <FIFO>
ST_1 : Operation 150 [1/1] (0.83ns)   --->   "%add_ln840_1 = add i14 %r_cnt_V_load, i14 1"   --->   Operation 150 'add' 'add_ln840_1' <Predicate = (state_load == 9 & !and_ln254 & and_ln261)> <Delay = 0.83> <CoreInst = "Adder">   --->   Core 1 'Adder' <Latency = 0> <II = 1> <Delay = 0.83> <FuncUnit> <Opcode : 'add' 'sub'> <InPorts = 2> <OutPorts = 1>
ST_1 : Operation 151 [1/1] (0.57ns)   --->   "%store_ln840 = store i14 %add_ln840_1, i14 %r_cnt_V"   --->   Operation 151 'store' 'store_ln840' <Predicate = (state_load == 9 & !and_ln254 & and_ln261)> <Delay = 0.57>
ST_1 : Operation 152 [1/1] (1.01ns)   --->   "%add_ln265 = add i32 %i_load, i32 1" [Control/control.cpp:265]   --->   Operation 152 'add' 'add_ln265' <Predicate = (state_load == 9 & !and_ln254 & and_ln261)> <Delay = 1.01> <CoreInst = "Adder">   --->   Core 1 'Adder' <Latency = 0> <II = 1> <Delay = 1.01> <FuncUnit> <Opcode : 'add' 'sub'> <InPorts = 2> <OutPorts = 1>
ST_1 : Operation 153 [1/1] (0.57ns)   --->   "%store_ln265 = store i32 %add_ln265, i32 %i" [Control/control.cpp:265]   --->   Operation 153 'store' 'store_ln265' <Predicate = (state_load == 9 & !and_ln254 & and_ln261)> <Delay = 0.57>
ST_1 : Operation 154 [1/1] (0.52ns)   --->   "%br_ln266 = br void %if.end146" [Control/control.cpp:266]   --->   Operation 154 'br' 'br_ln266' <Predicate = (state_load == 9 & !and_ln254 & and_ln261)> <Delay = 0.52>
ST_1 : Operation 155 [1/1] (1.63ns)   --->   "%buffer_1_rd_read = read i32 @_ssdm_op_Read.ap_fifo.volatile.i32P0A, i32 %buffer_1_rd" [Control/control.cpp:255]   --->   Operation 155 'read' 'buffer_1_rd_read' <Predicate = (state_load == 9 & and_ln254)> <Delay = 1.63> <CoreInst = "FIFO">   --->   Core 78 'FIFO' <Latency = 0> <II = 1> <Delay = 1.63> <Storage> <Opcode : 'read' 'write' 'nbread' 'nbwrite'> <Ports = 0> <Width = -1> <Depth = -1> <FIFO>
ST_1 : Operation 156 [1/1] (0.83ns)   --->   "%add_ln840 = add i14 %r_cnt_V_load, i14 1"   --->   Operation 156 'add' 'add_ln840' <Predicate = (state_load == 9 & and_ln254)> <Delay = 0.83> <CoreInst = "Adder">   --->   Core 1 'Adder' <Latency = 0> <II = 1> <Delay = 0.83> <FuncUnit> <Opcode : 'add' 'sub'> <InPorts = 2> <OutPorts = 1>
ST_1 : Operation 157 [1/1] (0.57ns)   --->   "%store_ln840 = store i14 %add_ln840, i14 %r_cnt_V"   --->   Operation 157 'store' 'store_ln840' <Predicate = (state_load == 9 & and_ln254)> <Delay = 0.57>
ST_1 : Operation 158 [1/1] (1.01ns)   --->   "%add_ln258 = add i32 %i_load, i32 1" [Control/control.cpp:258]   --->   Operation 158 'add' 'add_ln258' <Predicate = (state_load == 9 & and_ln254)> <Delay = 1.01> <CoreInst = "Adder">   --->   Core 1 'Adder' <Latency = 0> <II = 1> <Delay = 1.01> <FuncUnit> <Opcode : 'add' 'sub'> <InPorts = 2> <OutPorts = 1>
ST_1 : Operation 159 [1/1] (0.57ns)   --->   "%store_ln258 = store i32 %add_ln258, i32 %i" [Control/control.cpp:258]   --->   Operation 159 'store' 'store_ln258' <Predicate = (state_load == 9 & and_ln254)> <Delay = 0.57>
ST_1 : Operation 160 [1/1] (0.52ns)   --->   "%br_ln259 = br void %if.end146" [Control/control.cpp:259]   --->   Operation 160 'br' 'br_ln259' <Predicate = (state_load == 9 & and_ln254)> <Delay = 0.52>
ST_1 : Operation 161 [1/1] (0.00ns)   --->   "%r_cnt_V_loc_0 = phi i14 %add_ln840, void %if.then116, i14 %add_ln840_1, void %if.then125, i14 %add_ln840_4, void %if.then134, i14 %add_ln840_5, void %if.else139"   --->   Operation 161 'phi' 'r_cnt_V_loc_0' <Predicate = (state_load == 9)> <Delay = 0.00>
ST_1 : Operation 162 [1/1] (0.00ns)   --->   "%i_op_assign = phi i32 %add_ln258, void %if.then116, i32 %add_ln265, void %if.then125, i32 %add_ln272, void %if.then134, i32 %add_ln279, void %if.else139" [Control/control.cpp:258]   --->   Operation 162 'phi' 'i_op_assign' <Predicate = (state_load == 9)> <Delay = 0.00>
ST_1 : Operation 163 [1/1] (0.00ns)   --->   "%tmp_5 = phi i32 %buffer_1_rd_read, void %if.then116, i32 %buffer_1_rd1_read, void %if.then125, i32 %buffer_1_rd2_read, void %if.then134, i32 %buffer_1_rd3_read, void %if.else139" [Control/control.cpp:255]   --->   Operation 163 'phi' 'tmp_5' <Predicate = (state_load == 9)> <Delay = 0.00>
ST_1 : Operation 164 [1/1] (0.00ns)   --->   "%trunc_ln269 = trunc i14 %r_cnt_V_loc_0" [Control/control.cpp:269]   --->   Operation 164 'trunc' 'trunc_ln269' <Predicate = (state_load == 9)> <Delay = 0.00>
ST_1 : Operation 165 [1/1] (0.00ns)   --->   "%zext_ln1027 = zext i11 %len_read"   --->   Operation 165 'zext' 'zext_ln1027' <Predicate = (state_load == 9)> <Delay = 0.00>
ST_1 : Operation 166 [1/1] (0.00ns)   --->   "%zext_ln1027_1 = zext i11 %len_read"   --->   Operation 166 'zext' 'zext_ln1027_1' <Predicate = (state_load == 9)> <Delay = 0.00>
ST_1 : Operation 167 [1/1] (1.03ns)   --->   "%icmp_ln1027 = icmp_ult  i14 %r_cnt_V_loc_0, i14 %zext_ln1027_1"   --->   Operation 167 'icmp' 'icmp_ln1027' <Predicate = (state_load == 9)> <Delay = 1.03> <CoreInst = "Cmp">   --->   Core 9 'Cmp' <Latency = 0> <II = 1> <Delay = 1.03> <FuncUnit> <Opcode : 'icmp'> <InPorts = 2> <OutPorts = 1>
ST_1 : Operation 168 [1/1] (0.00ns)   --->   "%br_ln282 = br i1 %icmp_ln1027, void %if.end150, void %land.lhs.true148" [Control/control.cpp:282]   --->   Operation 168 'br' 'br_ln282' <Predicate = (state_load == 9)> <Delay = 0.00>
ST_1 : Operation 169 [1/1] (0.00ns)   --->   "%store_result_ready_load = load i1 %store_result_ready" [Control/control.cpp:282]   --->   Operation 169 'load' 'store_result_ready_load' <Predicate = (state_load == 9 & icmp_ln1027)> <Delay = 0.00>
ST_1 : Operation 170 [1/1] (0.00ns)   --->   "%br_ln282 = br i1 %store_result_ready_load, void %if.end150, void %if.then149" [Control/control.cpp:282]   --->   Operation 170 'br' 'br_ln282' <Predicate = (state_load == 9 & icmp_ln1027)> <Delay = 0.00>
ST_1 : Operation 171 [1/1] (0.42ns)   --->   "%store_ln283 = store i32 %tmp_5, i32 %r_acc_V" [Control/control.cpp:283]   --->   Operation 171 'store' 'store_ln283' <Predicate = (state_load == 9 & icmp_ln1027 & store_result_ready_load)> <Delay = 0.42>
ST_1 : Operation 172 [1/1] (0.00ns)   --->   "%br_ln285 = br void %if.end150" [Control/control.cpp:285]   --->   Operation 172 'br' 'br_ln285' <Predicate = (state_load == 9 & icmp_ln1027 & store_result_ready_load)> <Delay = 0.00>
ST_1 : Operation 173 [1/1] (0.99ns)   --->   "%icmp_ln1019_2 = icmp_eq  i32 %i_op_assign, i32 %zext_ln1027"   --->   Operation 173 'icmp' 'icmp_ln1019_2' <Predicate = (state_load == 9)> <Delay = 0.99> <CoreInst = "Cmp">   --->   Core 9 'Cmp' <Latency = 0> <II = 1> <Delay = 0.99> <FuncUnit> <Opcode : 'icmp'> <InPorts = 2> <OutPorts = 1>
ST_1 : Operation 174 [1/1] (0.00ns)   --->   "%br_ln287 = br i1 %icmp_ln1019_2, void %if.end153, void %if.then152" [Control/control.cpp:287]   --->   Operation 174 'br' 'br_ln287' <Predicate = (state_load == 9)> <Delay = 0.00>
ST_1 : Operation 175 [1/1] (0.67ns)   --->   "%store_ln288 = store i4 0, i4 %state" [Control/control.cpp:288]   --->   Operation 175 'store' 'store_ln288' <Predicate = (state_load == 9 & icmp_ln1019_2)> <Delay = 0.67>
ST_1 : Operation 176 [1/1] (0.00ns)   --->   "%br_ln290 = br void %if.end153" [Control/control.cpp:290]   --->   Operation 176 'br' 'br_ln290' <Predicate = (state_load == 9 & icmp_ln1019_2)> <Delay = 0.00>
ST_1 : Operation 177 [1/1] (0.47ns)   --->   "%br_ln0 = br void %sw.epilog"   --->   Operation 177 'br' 'br_ln0' <Predicate = (state_load == 9)> <Delay = 0.47>
ST_1 : Operation 178 [1/1] (0.47ns)   --->   "%br_ln222 = br i1 %done1_seen_load, void %sw.epilog, void %land.lhs.true96" [Control/control.cpp:222]   --->   Operation 178 'br' 'br_ln222' <Predicate = (state_load == 7)> <Delay = 0.47>
ST_1 : Operation 179 [1/1] (0.47ns)   --->   "%br_ln222 = br i1 %done2_seen_load, void %sw.epilog, void %land.lhs.true97" [Control/control.cpp:222]   --->   Operation 179 'br' 'br_ln222' <Predicate = (state_load == 7 & done1_seen_load)> <Delay = 0.47>
ST_1 : Operation 180 [1/1] (0.47ns)   --->   "%br_ln222 = br i1 %slave_done1_seen_load, void %sw.epilog, void %land.lhs.true98" [Control/control.cpp:222]   --->   Operation 180 'br' 'br_ln222' <Predicate = (state_load == 7 & done1_seen_load & done2_seen_load)> <Delay = 0.47>
ST_1 : Operation 181 [1/1] (0.47ns)   --->   "%br_ln222 = br i1 %slave_done2_seen_load, void %sw.epilog, void %if.then99" [Control/control.cpp:222]   --->   Operation 181 'br' 'br_ln222' <Predicate = (state_load == 7 & done1_seen_load & done2_seen_load & slave_done1_seen_load)> <Delay = 0.47>
ST_1 : Operation 182 [1/1] (0.00ns)   --->   "%br_ln224 = br i1 %i_phase1_load, void %if.then102, void %if.else104" [Control/control.cpp:224]   --->   Operation 182 'br' 'br_ln224' <Predicate = (state_load == 7 & done1_seen_load & done2_seen_load & slave_done1_seen_load & slave_done2_seen_load)> <Delay = 0.00>
ST_1 : Operation 183 [1/1] (0.42ns)   --->   "%store_ln225 = store i1 1, i1 %i_phase1" [Control/control.cpp:225]   --->   Operation 183 'store' 'store_ln225' <Predicate = (state_load == 7 & done1_seen_load & done2_seen_load & slave_done1_seen_load & slave_done2_seen_load & !i_phase1_load)> <Delay = 0.42>
ST_1 : Operation 184 [1/1] (0.42ns)   --->   "%store_ln226 = store i1 1, i1 %i_phase2" [Control/control.cpp:226]   --->   Operation 184 'store' 'store_ln226' <Predicate = (state_load == 7 & done1_seen_load & done2_seen_load & slave_done1_seen_load & slave_done2_seen_load & !i_phase1_load)> <Delay = 0.42>
ST_1 : Operation 185 [1/1] (0.47ns)   --->   "%store_ln227 = store i4 0, i4 %b_count_V" [Control/control.cpp:227]   --->   Operation 185 'store' 'store_ln227' <Predicate = (state_load == 7 & done1_seen_load & done2_seen_load & slave_done1_seen_load & slave_done2_seen_load & !i_phase1_load)> <Delay = 0.47>
ST_1 : Operation 186 [1/1] (0.42ns)   --->   "%store_ln228 = store i1 0, i1 %buffer_ok" [Control/control.cpp:228]   --->   Operation 186 'store' 'store_ln228' <Predicate = (state_load == 7 & done1_seen_load & done2_seen_load & slave_done1_seen_load & slave_done2_seen_load & !i_phase1_load)> <Delay = 0.42>
ST_1 : Operation 187 [1/1] (0.42ns)   --->   "%store_ln229 = store i1 0, i1 %compute_launched" [Control/control.cpp:229]   --->   Operation 187 'store' 'store_ln229' <Predicate = (state_load == 7 & done1_seen_load & done2_seen_load & slave_done1_seen_load & slave_done2_seen_load & !i_phase1_load)> <Delay = 0.42>
ST_1 : Operation 188 [1/1] (0.42ns)   --->   "%store_ln230 = store i1 0, i1 %compute_launched2" [Control/control.cpp:230]   --->   Operation 188 'store' 'store_ln230' <Predicate = (state_load == 7 & done1_seen_load & done2_seen_load & slave_done1_seen_load & slave_done2_seen_load & !i_phase1_load)> <Delay = 0.42>
ST_1 : Operation 189 [1/1] (0.42ns)   --->   "%store_ln235 = store i32 0, i32 %j_a" [Control/control.cpp:235]   --->   Operation 189 'store' 'store_ln235' <Predicate = (state_load == 7 & done1_seen_load & done2_seen_load & slave_done1_seen_load & slave_done2_seen_load & !i_phase1_load)> <Delay = 0.42>
ST_1 : Operation 190 [1/1] (0.42ns)   --->   "%store_ln236 = store i32 0, i32 %j2a" [Control/control.cpp:236]   --->   Operation 190 'store' 'store_ln236' <Predicate = (state_load == 7 & done1_seen_load & done2_seen_load & slave_done1_seen_load & slave_done2_seen_load & !i_phase1_load)> <Delay = 0.42>
ST_1 : Operation 191 [1/1] (0.42ns)   --->   "%store_ln237 = store i32 0, i32 %j3b" [Control/control.cpp:237]   --->   Operation 191 'store' 'store_ln237' <Predicate = (state_load == 7 & done1_seen_load & done2_seen_load & slave_done1_seen_load & slave_done2_seen_load & !i_phase1_load)> <Delay = 0.42>
ST_1 : Operation 192 [1/1] (0.42ns)   --->   "%store_ln238 = store i32 0, i32 %j_b" [Control/control.cpp:238]   --->   Operation 192 'store' 'store_ln238' <Predicate = (state_load == 7 & done1_seen_load & done2_seen_load & slave_done1_seen_load & slave_done2_seen_load & !i_phase1_load)> <Delay = 0.42>
ST_1 : Operation 193 [1/1] (0.42ns)   --->   "%store_ln239 = store i32 0, i32 %j3a" [Control/control.cpp:239]   --->   Operation 193 'store' 'store_ln239' <Predicate = (state_load == 7 & done1_seen_load & done2_seen_load & slave_done1_seen_load & slave_done2_seen_load & !i_phase1_load)> <Delay = 0.42>
ST_1 : Operation 194 [1/1] (0.42ns)   --->   "%store_ln240 = store i32 0, i32 %j2b" [Control/control.cpp:240]   --->   Operation 194 'store' 'store_ln240' <Predicate = (state_load == 7 & done1_seen_load & done2_seen_load & slave_done1_seen_load & slave_done2_seen_load & !i_phase1_load)> <Delay = 0.42>
ST_1 : Operation 195 [1/1] (0.67ns)   --->   "%store_ln241 = store i4 1, i4 %state" [Control/control.cpp:241]   --->   Operation 195 'store' 'store_ln241' <Predicate = (state_load == 7 & done1_seen_load & done2_seen_load & slave_done1_seen_load & slave_done2_seen_load & !i_phase1_load)> <Delay = 0.67>
ST_1 : Operation 196 [1/1] (0.47ns)   --->   "%br_ln241 = br void %sw.epilog" [Control/control.cpp:241]   --->   Operation 196 'br' 'br_ln241' <Predicate = (state_load == 7 & done1_seen_load & done2_seen_load & slave_done1_seen_load & slave_done2_seen_load & !i_phase1_load)> <Delay = 0.47>
ST_1 : Operation 197 [1/1] (0.00ns)   --->   "%br_ln243 = br i1 %i_phase2_load, void %if.end108, void %if.then107" [Control/control.cpp:243]   --->   Operation 197 'br' 'br_ln243' <Predicate = (state_load == 7 & done1_seen_load & done2_seen_load & slave_done1_seen_load & slave_done2_seen_load & i_phase1_load)> <Delay = 0.00>
ST_1 : Operation 198 [1/1] (0.67ns)   --->   "%store_ln244 = store i4 9, i4 %state" [Control/control.cpp:244]   --->   Operation 198 'store' 'store_ln244' <Predicate = (state_load == 7 & done1_seen_load & done2_seen_load & slave_done1_seen_load & slave_done2_seen_load & i_phase1_load & i_phase2_load)> <Delay = 0.67>
ST_1 : Operation 199 [1/1] (0.00ns)   --->   "%br_ln245 = br void %if.end108" [Control/control.cpp:245]   --->   Operation 199 'br' 'br_ln245' <Predicate = (state_load == 7 & done1_seen_load & done2_seen_load & slave_done1_seen_load & slave_done2_seen_load & i_phase1_load & i_phase2_load)> <Delay = 0.00>
ST_1 : Operation 200 [1/1] (0.47ns)   --->   "%br_ln0 = br void %sw.epilog"   --->   Operation 200 'br' 'br_ln0' <Predicate = (state_load == 7 & done1_seen_load & done2_seen_load & slave_done1_seen_load & slave_done2_seen_load & i_phase1_load)> <Delay = 0.47>
ST_1 : Operation 201 [1/1] (0.00ns)   --->   "%compute_launched2_load = load i1 %compute_launched2" [Control/control.cpp:206]   --->   Operation 201 'load' 'compute_launched2_load' <Predicate = (state_load == 4)> <Delay = 0.00>
ST_1 : Operation 202 [1/1] (0.00ns)   --->   "%br_ln206 = br i1 %compute_launched2_load, void %if.then92, void %if.else93" [Control/control.cpp:206]   --->   Operation 202 'br' 'br_ln206' <Predicate = (state_load == 4)> <Delay = 0.00>
ST_1 : Operation 203 [1/1] (0.00ns)   --->   "%write_ln207 = write void @_ssdm_op_Write.ap_auto.i1P0A, i1 %phase2, i1 %i_phase2_load" [Control/control.cpp:207]   --->   Operation 203 'write' 'write_ln207' <Predicate = (state_load == 4 & !compute_launched2_load)> <Delay = 0.00>
ST_1 : Operation 204 [1/1] (0.00ns)   --->   "%write_ln208 = write void @_ssdm_op_Write.ap_none.i1P0A, i1 %compute_start2, i1 1" [Control/control.cpp:208]   --->   Operation 204 'write' 'write_ln208' <Predicate = (state_load == 4 & !compute_launched2_load)> <Delay = 0.00>
ST_1 : Operation 205 [1/1] (0.00ns)   --->   "%write_ln209 = write void @_ssdm_op_Write.ap_none.i1P0A, i1 %slave_start1, i1 1" [Control/control.cpp:209]   --->   Operation 205 'write' 'write_ln209' <Predicate = (state_load == 4 & !compute_launched2_load)> <Delay = 0.00>
ST_1 : Operation 206 [1/1] (0.00ns)   --->   "%write_ln210 = write void @_ssdm_op_Write.ap_none.i1P0A, i1 %slave_start2, i1 1" [Control/control.cpp:210]   --->   Operation 206 'write' 'write_ln210' <Predicate = (state_load == 4 & !compute_launched2_load)> <Delay = 0.00>
ST_1 : Operation 207 [1/1] (0.42ns)   --->   "%store_ln211 = store i1 1, i1 %compute_launched2" [Control/control.cpp:211]   --->   Operation 207 'store' 'store_ln211' <Predicate = (state_load == 4 & !compute_launched2_load)> <Delay = 0.42>
ST_1 : Operation 208 [1/1] (0.00ns)   --->   "%br_ln212 = br void %if.end94" [Control/control.cpp:212]   --->   Operation 208 'br' 'br_ln212' <Predicate = (state_load == 4 & !compute_launched2_load)> <Delay = 0.00>
ST_1 : Operation 209 [1/1] (0.00ns)   --->   "%write_ln213 = write void @_ssdm_op_Write.ap_none.i1P0A, i1 %compute_start2, i1 0" [Control/control.cpp:213]   --->   Operation 209 'write' 'write_ln213' <Predicate = (state_load == 4 & compute_launched2_load)> <Delay = 0.00>
ST_1 : Operation 210 [1/1] (0.00ns)   --->   "%write_ln214 = write void @_ssdm_op_Write.ap_none.i1P0A, i1 %slave_start1, i1 0" [Control/control.cpp:214]   --->   Operation 210 'write' 'write_ln214' <Predicate = (state_load == 4 & compute_launched2_load)> <Delay = 0.00>
ST_1 : Operation 211 [1/1] (0.00ns)   --->   "%write_ln215 = write void @_ssdm_op_Write.ap_none.i1P0A, i1 %slave_start2, i1 0" [Control/control.cpp:215]   --->   Operation 211 'write' 'write_ln215' <Predicate = (state_load == 4 & compute_launched2_load)> <Delay = 0.00>
ST_1 : Operation 212 [1/1] (0.67ns)   --->   "%store_ln217 = store i4 7, i4 %state" [Control/control.cpp:217]   --->   Operation 212 'store' 'store_ln217' <Predicate = (state_load == 4 & compute_launched2_load)> <Delay = 0.67>
ST_1 : Operation 213 [1/1] (0.00ns)   --->   "%br_ln0 = br void %if.end94"   --->   Operation 213 'br' 'br_ln0' <Predicate = (state_load == 4 & compute_launched2_load)> <Delay = 0.00>
ST_1 : Operation 214 [1/1] (0.47ns)   --->   "%br_ln218 = br void %sw.epilog" [Control/control.cpp:218]   --->   Operation 214 'br' 'br_ln218' <Predicate = (state_load == 4)> <Delay = 0.47>
ST_1 : Operation 215 [1/1] (0.00ns)   --->   "%compute_launched_load = load i1 %compute_launched" [Control/control.cpp:190]   --->   Operation 215 'load' 'compute_launched_load' <Predicate = (state_load == 3)> <Delay = 0.00>
ST_1 : Operation 216 [1/1] (0.00ns)   --->   "%br_ln190 = br i1 %compute_launched_load, void %if.then86, void %if.else" [Control/control.cpp:190]   --->   Operation 216 'br' 'br_ln190' <Predicate = (state_load == 3)> <Delay = 0.00>
ST_1 : Operation 217 [1/1] (0.00ns)   --->   "%write_ln191 = write void @_ssdm_op_Write.ap_auto.i1P0A, i1 %phase1, i1 %i_phase1_load" [Control/control.cpp:191]   --->   Operation 217 'write' 'write_ln191' <Predicate = (state_load == 3 & !compute_launched_load)> <Delay = 0.00>
ST_1 : Operation 218 [1/1] (0.00ns)   --->   "%write_ln192 = write void @_ssdm_op_Write.ap_none.i1P0A, i1 %compute_start1, i1 1" [Control/control.cpp:192]   --->   Operation 218 'write' 'write_ln192' <Predicate = (state_load == 3 & !compute_launched_load)> <Delay = 0.00>
ST_1 : Operation 219 [1/1] (0.42ns)   --->   "%store_ln193 = store i1 1, i1 %compute_launched" [Control/control.cpp:193]   --->   Operation 219 'store' 'store_ln193' <Predicate = (state_load == 3 & !compute_launched_load)> <Delay = 0.42>
ST_1 : Operation 220 [1/1] (0.00ns)   --->   "%br_ln194 = br void %if.end88" [Control/control.cpp:194]   --->   Operation 220 'br' 'br_ln194' <Predicate = (state_load == 3 & !compute_launched_load)> <Delay = 0.00>
ST_1 : Operation 221 [1/1] (0.00ns)   --->   "%write_ln195 = write void @_ssdm_op_Write.ap_none.i1P0A, i1 %compute_start1, i1 0" [Control/control.cpp:195]   --->   Operation 221 'write' 'write_ln195' <Predicate = (state_load == 3 & compute_launched_load)> <Delay = 0.00>
ST_1 : Operation 222 [1/1] (0.47ns)   --->   "%store_ln197 = store i4 0, i4 %b_count_V" [Control/control.cpp:197]   --->   Operation 222 'store' 'store_ln197' <Predicate = (state_load == 3 & compute_launched_load)> <Delay = 0.47>
ST_1 : Operation 223 [1/1] (0.67ns)   --->   "%store_ln198 = store i4 2, i4 %state" [Control/control.cpp:198]   --->   Operation 223 'store' 'store_ln198' <Predicate = (state_load == 3 & compute_launched_load)> <Delay = 0.67>
ST_1 : Operation 224 [1/1] (0.42ns)   --->   "%store_ln199 = store i1 0, i1 %buffer_ok" [Control/control.cpp:199]   --->   Operation 224 'store' 'store_ln199' <Predicate = (state_load == 3 & compute_launched_load)> <Delay = 0.42>
ST_1 : Operation 225 [1/1] (0.00ns)   --->   "%br_ln0 = br void %if.end88"   --->   Operation 225 'br' 'br_ln0' <Predicate = (state_load == 3 & compute_launched_load)> <Delay = 0.00>
ST_1 : Operation 226 [1/1] (0.47ns)   --->   "%br_ln202 = br void %sw.epilog" [Control/control.cpp:202]   --->   Operation 226 'br' 'br_ln202' <Predicate = (state_load == 3)> <Delay = 0.47>
ST_1 : Operation 227 [1/1] (0.28ns)   --->   "%and_ln170 = and i1 %a_i_valid_read, i1 %b_i_valid_read" [Control/control.cpp:170]   --->   Operation 227 'and' 'and_ln170' <Predicate = (state_load == 2)> <Delay = 0.28> <CoreInst = "LogicGate">   --->   Core 74 'LogicGate' <Latency = 0> <II = 1> <Delay = 0.28> <FuncUnit> <Opcode : 'and' 'or' 'xor'> <InPorts = 2> <OutPorts = 1>
ST_1 : Operation 228 [1/1] (0.42ns)   --->   "%br_ln170 = br i1 %and_ln170, void %if.end77, void %land.end56" [Control/control.cpp:170]   --->   Operation 228 'br' 'br_ln170' <Predicate = (state_load == 2)> <Delay = 0.42>
ST_1 : Operation 229 [1/1] (0.42ns)   --->   "%store_ln171 = store i1 1, i1 %store_result_valid" [Control/control.cpp:171]   --->   Operation 229 'store' 'store_ln171' <Predicate = (state_load == 2 & and_ln170)> <Delay = 0.42>
ST_1 : Operation 230 [1/1] (0.00ns) (grouped into LUT with out node and_ln172)   --->   "%tmp_6 = bitselect i1 @_ssdm_op_BitSelect.i1.i4.i32, i4 %b_count_V_load, i32 3"   --->   Operation 230 'bitselect' 'tmp_6' <Predicate = (state_load == 2 & and_ln170)> <Delay = 0.00>
ST_1 : Operation 231 [1/1] (0.00ns) (grouped into LUT with out node and_ln172)   --->   "%xor_ln1027_1 = xor i1 %tmp_6, i1 1"   --->   Operation 231 'xor' 'xor_ln1027_1' <Predicate = (state_load == 2 & and_ln170)> <Delay = 0.00> <CoreInst = "LogicGate">   --->   Core 74 'LogicGate' <Latency = 0> <II = 1> <Delay = 0.28> <FuncUnit> <Opcode : 'and' 'or' 'xor'> <InPorts = 2> <OutPorts = 1>
ST_1 : Operation 232 [1/1] (0.28ns) (out node of the LUT)   --->   "%and_ln172 = and i1 %xor_ln1027_1, i1 %xor_ln109" [Control/control.cpp:172]   --->   Operation 232 'and' 'and_ln172' <Predicate = (state_load == 2 & and_ln170)> <Delay = 0.28> <CoreInst = "LogicGate">   --->   Core 74 'LogicGate' <Latency = 0> <II = 1> <Delay = 0.28> <FuncUnit> <Opcode : 'and' 'or' 'xor'> <InPorts = 2> <OutPorts = 1>
ST_1 : Operation 233 [1/1] (0.42ns)   --->   "%br_ln172 = br i1 %and_ln172, void %if.end77, void %if.then61" [Control/control.cpp:172]   --->   Operation 233 'br' 'br_ln172' <Predicate = (state_load == 2 & and_ln170)> <Delay = 0.42>
ST_1 : Operation 234 [1/1] (0.00ns)   --->   "%p_Result_1 = bitconcatenate i64 @_ssdm_op_BitConcatenate.i64.i32.i32, i32 %tmp_b_V, i32 %tmp_a_V"   --->   Operation 234 'bitconcatenate' 'p_Result_1' <Predicate = (state_load == 2 & and_ln170 & and_ln172)> <Delay = 0.00>
ST_1 : Operation 235 [1/1] (0.00ns)   --->   "%j_b_load = load i32 %j_b" [Control/control.cpp:175]   --->   Operation 235 'load' 'j_b_load' <Predicate = (state_load == 2 & and_ln170 & and_ln172)> <Delay = 0.00>
ST_1 : Operation 236 [1/1] (1.01ns)   --->   "%add_ln175 = add i32 %j_b_load, i32 1" [Control/control.cpp:175]   --->   Operation 236 'add' 'add_ln175' <Predicate = (state_load == 2 & and_ln170 & and_ln172)> <Delay = 1.01> <CoreInst = "Adder">   --->   Core 1 'Adder' <Latency = 0> <II = 1> <Delay = 1.01> <FuncUnit> <Opcode : 'add' 'sub'> <InPorts = 2> <OutPorts = 1>
ST_1 : Operation 237 [1/1] (0.42ns)   --->   "%store_ln175 = store i32 %add_ln175, i32 %j_b" [Control/control.cpp:175]   --->   Operation 237 'store' 'store_ln175' <Predicate = (state_load == 2 & and_ln170 & and_ln172)> <Delay = 0.42>
ST_1 : Operation 238 [1/1] (0.00ns)   --->   "%zext_ln175 = zext i32 %j_b_load" [Control/control.cpp:175]   --->   Operation 238 'zext' 'zext_ln175' <Predicate = (state_load == 2 & and_ln170 & and_ln172)> <Delay = 0.00>
ST_1 : Operation 239 [1/1] (0.00ns)   --->   "%buffer_1_wr1_addr = getelementptr i64 %buffer_1_wr1, i64 0, i64 %zext_ln175" [Control/control.cpp:175]   --->   Operation 239 'getelementptr' 'buffer_1_wr1_addr' <Predicate = (state_load == 2 & and_ln170 & and_ln172)> <Delay = 0.00>
ST_1 : Operation 240 [1/1] (1.23ns)   --->   "%store_ln175 = store i64 %p_Result_1, i5 %buffer_1_wr1_addr" [Control/control.cpp:175]   --->   Operation 240 'store' 'store_ln175' <Predicate = (state_load == 2 & and_ln170 & and_ln172)> <Delay = 1.23> <CoreInst = "RAM">   --->   Core 83 'RAM' <Latency = 1> <II = 1> <Delay = 1.23> <Storage> <Opcode : 'load' 'store'> <Ports = 2> <Width = 64> <Depth = 20> <RAM>
ST_1 : Operation 241 [1/1] (0.00ns)   --->   "%j2b_load = load i32 %j2b" [Control/control.cpp:176]   --->   Operation 241 'load' 'j2b_load' <Predicate = (state_load == 2 & and_ln170 & and_ln172)> <Delay = 0.00>
ST_1 : Operation 242 [1/1] (1.01ns)   --->   "%add_ln176 = add i32 %j2b_load, i32 1" [Control/control.cpp:176]   --->   Operation 242 'add' 'add_ln176' <Predicate = (state_load == 2 & and_ln170 & and_ln172)> <Delay = 1.01> <CoreInst = "Adder">   --->   Core 1 'Adder' <Latency = 0> <II = 1> <Delay = 1.01> <FuncUnit> <Opcode : 'add' 'sub'> <InPorts = 2> <OutPorts = 1>
ST_1 : Operation 243 [1/1] (0.42ns)   --->   "%store_ln176 = store i32 %add_ln176, i32 %j2b" [Control/control.cpp:176]   --->   Operation 243 'store' 'store_ln176' <Predicate = (state_load == 2 & and_ln170 & and_ln172)> <Delay = 0.42>
ST_1 : Operation 244 [1/1] (0.00ns)   --->   "%zext_ln176 = zext i32 %j2b_load" [Control/control.cpp:176]   --->   Operation 244 'zext' 'zext_ln176' <Predicate = (state_load == 2 & and_ln170 & and_ln172)> <Delay = 0.00>
ST_1 : Operation 245 [1/1] (0.00ns)   --->   "%buffer_1_wr2b_addr = getelementptr i32 %buffer_1_wr2b, i64 0, i64 %zext_ln176" [Control/control.cpp:176]   --->   Operation 245 'getelementptr' 'buffer_1_wr2b_addr' <Predicate = (state_load == 2 & and_ln170 & and_ln172)> <Delay = 0.00>
ST_1 : Operation 246 [1/1] (0.67ns)   --->   "%store_ln176 = store i32 %tmp_b_V, i5 %buffer_1_wr2b_addr" [Control/control.cpp:176]   --->   Operation 246 'store' 'store_ln176' <Predicate = (state_load == 2 & and_ln170 & and_ln172)> <Delay = 0.67> <CoreInst = "RAM">   --->   Core 83 'RAM' <Latency = 1> <II = 1> <Delay = 0.67> <Storage> <Opcode : 'load' 'store'> <Ports = 2> <Width = 32> <Depth = 20> <RAM>
ST_1 : Operation 247 [1/1] (0.00ns)   --->   "%j3a_load = load i32 %j3a" [Control/control.cpp:177]   --->   Operation 247 'load' 'j3a_load' <Predicate = (state_load == 2 & and_ln170 & and_ln172)> <Delay = 0.00>
ST_1 : Operation 248 [1/1] (1.01ns)   --->   "%add_ln177 = add i32 %j3a_load, i32 1" [Control/control.cpp:177]   --->   Operation 248 'add' 'add_ln177' <Predicate = (state_load == 2 & and_ln170 & and_ln172)> <Delay = 1.01> <CoreInst = "Adder">   --->   Core 1 'Adder' <Latency = 0> <II = 1> <Delay = 1.01> <FuncUnit> <Opcode : 'add' 'sub'> <InPorts = 2> <OutPorts = 1>
ST_1 : Operation 249 [1/1] (0.42ns)   --->   "%store_ln177 = store i32 %add_ln177, i32 %j3a" [Control/control.cpp:177]   --->   Operation 249 'store' 'store_ln177' <Predicate = (state_load == 2 & and_ln170 & and_ln172)> <Delay = 0.42>
ST_1 : Operation 250 [1/1] (0.00ns)   --->   "%zext_ln177 = zext i32 %j3a_load" [Control/control.cpp:177]   --->   Operation 250 'zext' 'zext_ln177' <Predicate = (state_load == 2 & and_ln170 & and_ln172)> <Delay = 0.00>
ST_1 : Operation 251 [1/1] (0.00ns)   --->   "%buffer_1_wr3a_addr = getelementptr i32 %buffer_1_wr3a, i64 0, i64 %zext_ln177" [Control/control.cpp:177]   --->   Operation 251 'getelementptr' 'buffer_1_wr3a_addr' <Predicate = (state_load == 2 & and_ln170 & and_ln172)> <Delay = 0.00>
ST_1 : Operation 252 [1/1] (0.67ns)   --->   "%store_ln177 = store i32 %tmp_a_V, i5 %buffer_1_wr3a_addr" [Control/control.cpp:177]   --->   Operation 252 'store' 'store_ln177' <Predicate = (state_load == 2 & and_ln170 & and_ln172)> <Delay = 0.67> <CoreInst = "RAM">   --->   Core 83 'RAM' <Latency = 1> <II = 1> <Delay = 0.67> <Storage> <Opcode : 'load' 'store'> <Ports = 2> <Width = 32> <Depth = 20> <RAM>
ST_1 : Operation 253 [1/1] (0.79ns)   --->   "%add_ln840_3 = add i4 %b_count_V_load, i4 1"   --->   Operation 253 'add' 'add_ln840_3' <Predicate = (state_load == 2 & and_ln170 & and_ln172)> <Delay = 0.79> <CoreInst = "Adder">   --->   Core 1 'Adder' <Latency = 0> <II = 1> <Delay = 0.79> <FuncUnit> <Opcode : 'add' 'sub'> <InPorts = 2> <OutPorts = 1>
ST_1 : Operation 254 [1/1] (0.47ns)   --->   "%store_ln840 = store i4 %add_ln840_3, i4 %b_count_V"   --->   Operation 254 'store' 'store_ln840' <Predicate = (state_load == 2 & and_ln170 & and_ln172)> <Delay = 0.47>
ST_1 : Operation 255 [1/1] (0.42ns)   --->   "%br_ln179 = br void %if.end77" [Control/control.cpp:179]   --->   Operation 255 'br' 'br_ln179' <Predicate = (state_load == 2 & and_ln170 & and_ln172)> <Delay = 0.42>
ST_1 : Operation 256 [1/1] (0.00ns)   --->   "%b_count_V_loc_3 = phi i4 %b_count_V_load, void %sw.bb48, i4 %add_ln840_3, void %if.then61, i4 %b_count_V_load, void %land.end56"   --->   Operation 256 'phi' 'b_count_V_loc_3' <Predicate = (state_load == 2)> <Delay = 0.00>
ST_1 : Operation 257 [1/1] (0.00ns)   --->   "%tmp_11 = bitselect i1 @_ssdm_op_BitSelect.i1.i4.i32, i4 %b_count_V_loc_3, i32 3"   --->   Operation 257 'bitselect' 'tmp_11' <Predicate = (state_load == 2)> <Delay = 0.00>
ST_1 : Operation 258 [1/1] (0.75ns)   --->   "%icmp_ln1019_1 = icmp_eq  i5 %shift_read, i5 1"   --->   Operation 258 'icmp' 'icmp_ln1019_1' <Predicate = (state_load == 2)> <Delay = 0.75> <CoreInst = "Cmp">   --->   Core 9 'Cmp' <Latency = 0> <II = 1> <Delay = 0.75> <FuncUnit> <Opcode : 'icmp'> <InPorts = 2> <OutPorts = 1>
ST_1 : Operation 259 [1/1] (0.28ns)   --->   "%and_ln181 = and i1 %tmp_11, i1 %icmp_ln1019_1" [Control/control.cpp:181]   --->   Operation 259 'and' 'and_ln181' <Predicate = (state_load == 2)> <Delay = 0.28> <CoreInst = "LogicGate">   --->   Core 74 'LogicGate' <Latency = 0> <II = 1> <Delay = 0.28> <FuncUnit> <Opcode : 'and' 'or' 'xor'> <InPorts = 2> <OutPorts = 1>
ST_1 : Operation 260 [1/1] (0.00ns)   --->   "%br_ln181 = br i1 %and_ln181, void %if.end82, void %if.then81" [Control/control.cpp:181]   --->   Operation 260 'br' 'br_ln181' <Predicate = (state_load == 2)> <Delay = 0.00>
ST_1 : Operation 261 [1/1] (0.42ns)   --->   "%store_ln182 = store i1 1, i1 %buffer_ok" [Control/control.cpp:182]   --->   Operation 261 'store' 'store_ln182' <Predicate = (state_load == 2 & and_ln181)> <Delay = 0.42>
ST_1 : Operation 262 [1/1] (0.67ns)   --->   "%store_ln183 = store i4 4, i4 %state" [Control/control.cpp:183]   --->   Operation 262 'store' 'store_ln183' <Predicate = (state_load == 2 & and_ln181)> <Delay = 0.67>
ST_1 : Operation 263 [1/1] (0.00ns)   --->   "%br_ln184 = br void %if.end82" [Control/control.cpp:184]   --->   Operation 263 'br' 'br_ln184' <Predicate = (state_load == 2 & and_ln181)> <Delay = 0.00>
ST_1 : Operation 264 [1/1] (0.47ns)   --->   "%br_ln185 = br void %sw.epilog" [Control/control.cpp:185]   --->   Operation 264 'br' 'br_ln185' <Predicate = (state_load == 2)> <Delay = 0.47>
ST_1 : Operation 265 [1/1] (0.28ns)   --->   "%and_ln152 = and i1 %a_i_valid_read, i1 %b_i_valid_read" [Control/control.cpp:152]   --->   Operation 265 'and' 'and_ln152' <Predicate = (state_load == 1)> <Delay = 0.28> <CoreInst = "LogicGate">   --->   Core 74 'LogicGate' <Latency = 0> <II = 1> <Delay = 0.28> <FuncUnit> <Opcode : 'and' 'or' 'xor'> <InPorts = 2> <OutPorts = 1>
ST_1 : Operation 266 [1/1] (0.42ns)   --->   "%br_ln152 = br i1 %and_ln152, void %if.end42, void %land.end" [Control/control.cpp:152]   --->   Operation 266 'br' 'br_ln152' <Predicate = (state_load == 1)> <Delay = 0.42>
ST_1 : Operation 267 [1/1] (0.42ns)   --->   "%store_ln153 = store i1 1, i1 %store_result_valid" [Control/control.cpp:153]   --->   Operation 267 'store' 'store_ln153' <Predicate = (state_load == 1 & and_ln152)> <Delay = 0.42>
ST_1 : Operation 268 [1/1] (0.00ns) (grouped into LUT with out node and_ln154)   --->   "%tmp_4 = bitselect i1 @_ssdm_op_BitSelect.i1.i4.i32, i4 %b_count_V_load, i32 3"   --->   Operation 268 'bitselect' 'tmp_4' <Predicate = (state_load == 1 & and_ln152)> <Delay = 0.00>
ST_1 : Operation 269 [1/1] (0.00ns) (grouped into LUT with out node and_ln154)   --->   "%xor_ln1027 = xor i1 %tmp_4, i1 1"   --->   Operation 269 'xor' 'xor_ln1027' <Predicate = (state_load == 1 & and_ln152)> <Delay = 0.00> <CoreInst = "LogicGate">   --->   Core 74 'LogicGate' <Latency = 0> <II = 1> <Delay = 0.28> <FuncUnit> <Opcode : 'and' 'or' 'xor'> <InPorts = 2> <OutPorts = 1>
ST_1 : Operation 270 [1/1] (0.28ns) (out node of the LUT)   --->   "%and_ln154 = and i1 %xor_ln1027, i1 %xor_ln109" [Control/control.cpp:154]   --->   Operation 270 'and' 'and_ln154' <Predicate = (state_load == 1 & and_ln152)> <Delay = 0.28> <CoreInst = "LogicGate">   --->   Core 74 'LogicGate' <Latency = 0> <II = 1> <Delay = 0.28> <FuncUnit> <Opcode : 'and' 'or' 'xor'> <InPorts = 2> <OutPorts = 1>
ST_1 : Operation 271 [1/1] (0.42ns)   --->   "%br_ln154 = br i1 %and_ln154, void %if.end42, void %if.then31" [Control/control.cpp:154]   --->   Operation 271 'br' 'br_ln154' <Predicate = (state_load == 1 & and_ln152)> <Delay = 0.42>
ST_1 : Operation 272 [1/1] (0.00ns)   --->   "%p_Result_s = bitconcatenate i64 @_ssdm_op_BitConcatenate.i64.i32.i32, i32 %tmp_b_V, i32 %tmp_a_V"   --->   Operation 272 'bitconcatenate' 'p_Result_s' <Predicate = (state_load == 1 & and_ln152 & and_ln154)> <Delay = 0.00>
ST_1 : Operation 273 [1/1] (0.00ns)   --->   "%j_a_load = load i32 %j_a" [Control/control.cpp:157]   --->   Operation 273 'load' 'j_a_load' <Predicate = (state_load == 1 & and_ln152 & and_ln154)> <Delay = 0.00>
ST_1 : Operation 274 [1/1] (1.01ns)   --->   "%add_ln157 = add i32 %j_a_load, i32 1" [Control/control.cpp:157]   --->   Operation 274 'add' 'add_ln157' <Predicate = (state_load == 1 & and_ln152 & and_ln154)> <Delay = 1.01> <CoreInst = "Adder">   --->   Core 1 'Adder' <Latency = 0> <II = 1> <Delay = 1.01> <FuncUnit> <Opcode : 'add' 'sub'> <InPorts = 2> <OutPorts = 1>
ST_1 : Operation 275 [1/1] (0.42ns)   --->   "%store_ln157 = store i32 %add_ln157, i32 %j_a" [Control/control.cpp:157]   --->   Operation 275 'store' 'store_ln157' <Predicate = (state_load == 1 & and_ln152 & and_ln154)> <Delay = 0.42>
ST_1 : Operation 276 [1/1] (0.00ns)   --->   "%zext_ln157 = zext i32 %j_a_load" [Control/control.cpp:157]   --->   Operation 276 'zext' 'zext_ln157' <Predicate = (state_load == 1 & and_ln152 & and_ln154)> <Delay = 0.00>
ST_1 : Operation 277 [1/1] (0.00ns)   --->   "%buffer_1_wr_addr = getelementptr i64 %buffer_1_wr, i64 0, i64 %zext_ln157" [Control/control.cpp:157]   --->   Operation 277 'getelementptr' 'buffer_1_wr_addr' <Predicate = (state_load == 1 & and_ln152 & and_ln154)> <Delay = 0.00>
ST_1 : Operation 278 [1/1] (1.23ns)   --->   "%store_ln157 = store i64 %p_Result_s, i5 %buffer_1_wr_addr" [Control/control.cpp:157]   --->   Operation 278 'store' 'store_ln157' <Predicate = (state_load == 1 & and_ln152 & and_ln154)> <Delay = 1.23> <CoreInst = "RAM">   --->   Core 83 'RAM' <Latency = 1> <II = 1> <Delay = 1.23> <Storage> <Opcode : 'load' 'store'> <Ports = 2> <Width = 64> <Depth = 20> <RAM>
ST_1 : Operation 279 [1/1] (0.00ns)   --->   "%j2a_load = load i32 %j2a" [Control/control.cpp:158]   --->   Operation 279 'load' 'j2a_load' <Predicate = (state_load == 1 & and_ln152 & and_ln154)> <Delay = 0.00>
ST_1 : Operation 280 [1/1] (1.01ns)   --->   "%add_ln158 = add i32 %j2a_load, i32 1" [Control/control.cpp:158]   --->   Operation 280 'add' 'add_ln158' <Predicate = (state_load == 1 & and_ln152 & and_ln154)> <Delay = 1.01> <CoreInst = "Adder">   --->   Core 1 'Adder' <Latency = 0> <II = 1> <Delay = 1.01> <FuncUnit> <Opcode : 'add' 'sub'> <InPorts = 2> <OutPorts = 1>
ST_1 : Operation 281 [1/1] (0.42ns)   --->   "%store_ln158 = store i32 %add_ln158, i32 %j2a" [Control/control.cpp:158]   --->   Operation 281 'store' 'store_ln158' <Predicate = (state_load == 1 & and_ln152 & and_ln154)> <Delay = 0.42>
ST_1 : Operation 282 [1/1] (0.00ns)   --->   "%zext_ln158 = zext i32 %j2a_load" [Control/control.cpp:158]   --->   Operation 282 'zext' 'zext_ln158' <Predicate = (state_load == 1 & and_ln152 & and_ln154)> <Delay = 0.00>
ST_1 : Operation 283 [1/1] (0.00ns)   --->   "%buffer_1_wr2a_addr = getelementptr i32 %buffer_1_wr2a, i64 0, i64 %zext_ln158" [Control/control.cpp:158]   --->   Operation 283 'getelementptr' 'buffer_1_wr2a_addr' <Predicate = (state_load == 1 & and_ln152 & and_ln154)> <Delay = 0.00>
ST_1 : Operation 284 [1/1] (0.67ns)   --->   "%store_ln158 = store i32 %tmp_a_V, i5 %buffer_1_wr2a_addr" [Control/control.cpp:158]   --->   Operation 284 'store' 'store_ln158' <Predicate = (state_load == 1 & and_ln152 & and_ln154)> <Delay = 0.67> <CoreInst = "RAM">   --->   Core 83 'RAM' <Latency = 1> <II = 1> <Delay = 0.67> <Storage> <Opcode : 'load' 'store'> <Ports = 2> <Width = 32> <Depth = 20> <RAM>
ST_1 : Operation 285 [1/1] (0.00ns)   --->   "%j3b_load = load i32 %j3b" [Control/control.cpp:159]   --->   Operation 285 'load' 'j3b_load' <Predicate = (state_load == 1 & and_ln152 & and_ln154)> <Delay = 0.00>
ST_1 : Operation 286 [1/1] (1.01ns)   --->   "%add_ln159 = add i32 %j3b_load, i32 1" [Control/control.cpp:159]   --->   Operation 286 'add' 'add_ln159' <Predicate = (state_load == 1 & and_ln152 & and_ln154)> <Delay = 1.01> <CoreInst = "Adder">   --->   Core 1 'Adder' <Latency = 0> <II = 1> <Delay = 1.01> <FuncUnit> <Opcode : 'add' 'sub'> <InPorts = 2> <OutPorts = 1>
ST_1 : Operation 287 [1/1] (0.42ns)   --->   "%store_ln159 = store i32 %add_ln159, i32 %j3b" [Control/control.cpp:159]   --->   Operation 287 'store' 'store_ln159' <Predicate = (state_load == 1 & and_ln152 & and_ln154)> <Delay = 0.42>
ST_1 : Operation 288 [1/1] (0.00ns)   --->   "%zext_ln159 = zext i32 %j3b_load" [Control/control.cpp:159]   --->   Operation 288 'zext' 'zext_ln159' <Predicate = (state_load == 1 & and_ln152 & and_ln154)> <Delay = 0.00>
ST_1 : Operation 289 [1/1] (0.00ns)   --->   "%buffer_1_wr3b_addr = getelementptr i32 %buffer_1_wr3b, i64 0, i64 %zext_ln159" [Control/control.cpp:159]   --->   Operation 289 'getelementptr' 'buffer_1_wr3b_addr' <Predicate = (state_load == 1 & and_ln152 & and_ln154)> <Delay = 0.00>
ST_1 : Operation 290 [1/1] (0.67ns)   --->   "%store_ln159 = store i32 %tmp_b_V, i5 %buffer_1_wr3b_addr" [Control/control.cpp:159]   --->   Operation 290 'store' 'store_ln159' <Predicate = (state_load == 1 & and_ln152 & and_ln154)> <Delay = 0.67> <CoreInst = "RAM">   --->   Core 83 'RAM' <Latency = 1> <II = 1> <Delay = 0.67> <Storage> <Opcode : 'load' 'store'> <Ports = 2> <Width = 32> <Depth = 20> <RAM>
ST_1 : Operation 291 [1/1] (0.79ns)   --->   "%add_ln840_2 = add i4 %b_count_V_load, i4 1"   --->   Operation 291 'add' 'add_ln840_2' <Predicate = (state_load == 1 & and_ln152 & and_ln154)> <Delay = 0.79> <CoreInst = "Adder">   --->   Core 1 'Adder' <Latency = 0> <II = 1> <Delay = 0.79> <FuncUnit> <Opcode : 'add' 'sub'> <InPorts = 2> <OutPorts = 1>
ST_1 : Operation 292 [1/1] (0.47ns)   --->   "%store_ln840 = store i4 %add_ln840_2, i4 %b_count_V"   --->   Operation 292 'store' 'store_ln840' <Predicate = (state_load == 1 & and_ln152 & and_ln154)> <Delay = 0.47>
ST_1 : Operation 293 [1/1] (0.42ns)   --->   "%br_ln161 = br void %if.end42" [Control/control.cpp:161]   --->   Operation 293 'br' 'br_ln161' <Predicate = (state_load == 1 & and_ln152 & and_ln154)> <Delay = 0.42>
ST_1 : Operation 294 [1/1] (0.00ns)   --->   "%b_count_V_loc_1 = phi i4 %b_count_V_load, void %sw.bb24, i4 %add_ln840_2, void %if.then31, i4 %b_count_V_load, void %land.end"   --->   Operation 294 'phi' 'b_count_V_loc_1' <Predicate = (state_load == 1)> <Delay = 0.00>
ST_1 : Operation 295 [1/1] (0.00ns)   --->   "%tmp_9 = bitselect i1 @_ssdm_op_BitSelect.i1.i4.i32, i4 %b_count_V_loc_1, i32 3"   --->   Operation 295 'bitselect' 'tmp_9' <Predicate = (state_load == 1)> <Delay = 0.00>
ST_1 : Operation 296 [1/1] (0.75ns)   --->   "%icmp_ln1019 = icmp_eq  i5 %shift_read, i5 1"   --->   Operation 296 'icmp' 'icmp_ln1019' <Predicate = (state_load == 1)> <Delay = 0.75> <CoreInst = "Cmp">   --->   Core 9 'Cmp' <Latency = 0> <II = 1> <Delay = 0.75> <FuncUnit> <Opcode : 'icmp'> <InPorts = 2> <OutPorts = 1>
ST_1 : Operation 297 [1/1] (0.28ns)   --->   "%and_ln163 = and i1 %tmp_9, i1 %icmp_ln1019" [Control/control.cpp:163]   --->   Operation 297 'and' 'and_ln163' <Predicate = (state_load == 1)> <Delay = 0.28> <CoreInst = "LogicGate">   --->   Core 74 'LogicGate' <Latency = 0> <II = 1> <Delay = 0.28> <FuncUnit> <Opcode : 'and' 'or' 'xor'> <InPorts = 2> <OutPorts = 1>
ST_1 : Operation 298 [1/1] (0.00ns)   --->   "%br_ln163 = br i1 %and_ln163, void %if.end47, void %if.then46" [Control/control.cpp:163]   --->   Operation 298 'br' 'br_ln163' <Predicate = (state_load == 1)> <Delay = 0.00>
ST_1 : Operation 299 [1/1] (0.42ns)   --->   "%store_ln164 = store i1 1, i1 %buffer_ok" [Control/control.cpp:164]   --->   Operation 299 'store' 'store_ln164' <Predicate = (state_load == 1 & and_ln163)> <Delay = 0.42>
ST_1 : Operation 300 [1/1] (0.67ns)   --->   "%store_ln165 = store i4 3, i4 %state" [Control/control.cpp:165]   --->   Operation 300 'store' 'store_ln165' <Predicate = (state_load == 1 & and_ln163)> <Delay = 0.67>
ST_1 : Operation 301 [1/1] (0.00ns)   --->   "%br_ln166 = br void %if.end47" [Control/control.cpp:166]   --->   Operation 301 'br' 'br_ln166' <Predicate = (state_load == 1 & and_ln163)> <Delay = 0.00>
ST_1 : Operation 302 [1/1] (0.47ns)   --->   "%br_ln167 = br void %sw.epilog" [Control/control.cpp:167]   --->   Operation 302 'br' 'br_ln167' <Predicate = (state_load == 1)> <Delay = 0.47>
ST_1 : Operation 303 [1/1] (0.47ns)   --->   "%br_ln117 = br i1 %clear_read, void %sw.epilog, void %if.then" [Control/control.cpp:117]   --->   Operation 303 'br' 'br_ln117' <Predicate = (state_load == 0)> <Delay = 0.47>
ST_1 : Operation 304 [1/1] (0.42ns)   --->   "%store_ln118 = store i32 0, i32 %j_a" [Control/control.cpp:118]   --->   Operation 304 'store' 'store_ln118' <Predicate = (state_load == 0 & clear_read)> <Delay = 0.42>
ST_1 : Operation 305 [1/1] (0.42ns)   --->   "%store_ln119 = store i32 0, i32 %j_b" [Control/control.cpp:119]   --->   Operation 305 'store' 'store_ln119' <Predicate = (state_load == 0 & clear_read)> <Delay = 0.42>
ST_1 : Operation 306 [1/1] (0.42ns)   --->   "%store_ln120 = store i32 0, i32 %j2a" [Control/control.cpp:120]   --->   Operation 306 'store' 'store_ln120' <Predicate = (state_load == 0 & clear_read)> <Delay = 0.42>
ST_1 : Operation 307 [1/1] (0.42ns)   --->   "%store_ln121 = store i32 0, i32 %j2b" [Control/control.cpp:121]   --->   Operation 307 'store' 'store_ln121' <Predicate = (state_load == 0 & clear_read)> <Delay = 0.42>
ST_1 : Operation 308 [1/1] (0.42ns)   --->   "%store_ln122 = store i32 0, i32 %j3a" [Control/control.cpp:122]   --->   Operation 308 'store' 'store_ln122' <Predicate = (state_load == 0 & clear_read)> <Delay = 0.42>
ST_1 : Operation 309 [1/1] (0.42ns)   --->   "%store_ln123 = store i32 0, i32 %j3b" [Control/control.cpp:123]   --->   Operation 309 'store' 'store_ln123' <Predicate = (state_load == 0 & clear_read)> <Delay = 0.42>
ST_1 : Operation 310 [1/1] (0.47ns)   --->   "%store_ln124 = store i4 0, i4 %b_count_V" [Control/control.cpp:124]   --->   Operation 310 'store' 'store_ln124' <Predicate = (state_load == 0 & clear_read)> <Delay = 0.47>
ST_1 : Operation 311 [1/1] (0.42ns)   --->   "%store_ln125 = store i1 0, i1 %buffer_ok" [Control/control.cpp:125]   --->   Operation 311 'store' 'store_ln125' <Predicate = (state_load == 0 & clear_read)> <Delay = 0.42>
ST_1 : Operation 312 [1/1] (0.57ns)   --->   "%store_ln126 = store i14 0, i14 %r_cnt_V" [Control/control.cpp:126]   --->   Operation 312 'store' 'store_ln126' <Predicate = (state_load == 0 & clear_read)> <Delay = 0.57>
ST_1 : Operation 313 [1/1] (0.42ns)   --->   "%store_ln127 = store i32 0, i32 %r_acc_V" [Control/control.cpp:127]   --->   Operation 313 'store' 'store_ln127' <Predicate = (state_load == 0 & clear_read)> <Delay = 0.42>
ST_1 : Operation 314 [1/1] (0.57ns)   --->   "%store_ln129 = store i32 0, i32 %i" [Control/control.cpp:129]   --->   Operation 314 'store' 'store_ln129' <Predicate = (state_load == 0 & clear_read)> <Delay = 0.57>
ST_1 : Operation 315 [1/1] (0.42ns)   --->   "%store_ln130 = store i1 0, i1 %store_result_valid" [Control/control.cpp:130]   --->   Operation 315 'store' 'store_ln130' <Predicate = (state_load == 0 & clear_read)> <Delay = 0.42>
ST_1 : Operation 316 [1/1] (0.42ns)   --->   "%store_ln133 = store i1 0, i1 %compute_launched" [Control/control.cpp:133]   --->   Operation 316 'store' 'store_ln133' <Predicate = (state_load == 0 & clear_read)> <Delay = 0.42>
ST_1 : Operation 317 [1/1] (0.00ns)   --->   "%write_ln134 = write void @_ssdm_op_Write.ap_none.i1P0A, i1 %compute_start1, i1 0" [Control/control.cpp:134]   --->   Operation 317 'write' 'write_ln134' <Predicate = (state_load == 0 & clear_read)> <Delay = 0.00>
ST_1 : Operation 318 [1/1] (0.42ns)   --->   "%store_ln135 = store i1 0, i1 %compute_launched2" [Control/control.cpp:135]   --->   Operation 318 'store' 'store_ln135' <Predicate = (state_load == 0 & clear_read)> <Delay = 0.42>
ST_1 : Operation 319 [1/1] (0.00ns)   --->   "%write_ln136 = write void @_ssdm_op_Write.ap_none.i1P0A, i1 %compute_start2, i1 0" [Control/control.cpp:136]   --->   Operation 319 'write' 'write_ln136' <Predicate = (state_load == 0 & clear_read)> <Delay = 0.00>
ST_1 : Operation 320 [1/1] (0.00ns)   --->   "%write_ln138 = write void @_ssdm_op_Write.ap_none.i1P0A, i1 %slave_start1, i1 0" [Control/control.cpp:138]   --->   Operation 320 'write' 'write_ln138' <Predicate = (state_load == 0 & clear_read)> <Delay = 0.00>
ST_1 : Operation 321 [1/1] (0.00ns)   --->   "%write_ln139 = write void @_ssdm_op_Write.ap_none.i1P0A, i1 %slave_start2, i1 0" [Control/control.cpp:139]   --->   Operation 321 'write' 'write_ln139' <Predicate = (state_load == 0 & clear_read)> <Delay = 0.00>
ST_1 : Operation 322 [1/1] (0.67ns)   --->   "%store_ln141 = store i4 1, i4 %state" [Control/control.cpp:141]   --->   Operation 322 'store' 'store_ln141' <Predicate = (state_load == 0 & clear_read)> <Delay = 0.67>
ST_1 : Operation 323 [1/1] (0.42ns)   --->   "%store_ln146 = store i1 0, i1 %i_phase1" [Control/control.cpp:146]   --->   Operation 323 'store' 'store_ln146' <Predicate = (state_load == 0 & clear_read)> <Delay = 0.42>
ST_1 : Operation 324 [1/1] (0.42ns)   --->   "%store_ln147 = store i1 0, i1 %i_phase2" [Control/control.cpp:147]   --->   Operation 324 'store' 'store_ln147' <Predicate = (state_load == 0 & clear_read)> <Delay = 0.42>
ST_1 : Operation 325 [1/1] (0.47ns)   --->   "%br_ln148 = br void %sw.epilog" [Control/control.cpp:148]   --->   Operation 325 'br' 'br_ln148' <Predicate = (state_load == 0 & clear_read)> <Delay = 0.47>
ST_1 : Operation 326 [1/1] (0.00ns)   --->   "%r_acc_valid_flag_2 = phi i1 0, void %entry, i1 1, void %if.end153, i1 0, void %if.end94, i1 0, void %if.end88, i1 0, void %if.end82, i1 0, void %if.end47, i1 1, void %if.then, i1 0, void %sw.bb, i1 0, void %if.then102, i1 0, void %if.end108, i1 0, void %land.lhs.true98, i1 0, void %land.lhs.true97, i1 0, void %land.lhs.true96, i1 0, void %sw.bb95"   --->   Operation 326 'phi' 'r_acc_valid_flag_2' <Predicate = true> <Delay = 0.00>
ST_1 : Operation 327 [1/1] (0.00ns)   --->   "%phi_ln186 = phi i11 %trunc_ln222, void %entry, i11 %trunc_ln269, void %if.end153, i11 %trunc_ln222, void %if.end94, i11 %trunc_ln222, void %if.end88, i11 %trunc_ln222, void %if.end82, i11 %trunc_ln222, void %if.end47, i11 0, void %if.then, i11 %trunc_ln222, void %sw.bb, i11 %trunc_ln222, void %if.then102, i11 %trunc_ln222, void %if.end108, i11 %trunc_ln222, void %land.lhs.true98, i11 %trunc_ln222, void %land.lhs.true97, i11 %trunc_ln222, void %land.lhs.true96, i11 %trunc_ln222, void %sw.bb95"   --->   Operation 327 'phi' 'phi_ln186' <Predicate = true> <Delay = 0.00>
ST_1 : Operation 328 [1/1] (0.00ns)   --->   "%done1_seen_flag_2 = phi i1 0, void %entry, i1 0, void %if.end153, i1 0, void %if.end94, i1 0, void %if.end88, i1 0, void %if.end82, i1 0, void %if.end47, i1 1, void %if.then, i1 0, void %sw.bb, i1 1, void %if.then102, i1 0, void %if.end108, i1 0, void %land.lhs.true98, i1 0, void %land.lhs.true97, i1 0, void %land.lhs.true96, i1 0, void %sw.bb95"   --->   Operation 328 'phi' 'done1_seen_flag_2' <Predicate = true> <Delay = 0.00>
ST_1 : Operation 329 [1/1] (0.00ns)   --->   "%empty = phi i1 %r_acc_valid_load, void %entry, i1 1, void %if.end153, i1 %r_acc_valid_load, void %if.end94, i1 %r_acc_valid_load, void %if.end88, i1 %r_acc_valid_load, void %if.end82, i1 %r_acc_valid_load, void %if.end47, i1 0, void %if.then, i1 %r_acc_valid_load, void %sw.bb, i1 %r_acc_valid_load, void %if.then102, i1 %r_acc_valid_load, void %if.end108, i1 %r_acc_valid_load, void %land.lhs.true98, i1 %r_acc_valid_load, void %land.lhs.true97, i1 %r_acc_valid_load, void %land.lhs.true96, i1 %r_acc_valid_load, void %sw.bb95" [Control/control.cpp:112]   --->   Operation 329 'phi' 'empty' <Predicate = true> <Delay = 0.00>
ST_1 : Operation 330 [1/1] (0.00ns)   --->   "%br_ln0 = br i1 %r_acc_valid_flag_2, void %sw.epilog.new, void %mergeST"   --->   Operation 330 'br' 'br_ln0' <Predicate = true> <Delay = 0.00>
ST_1 : Operation 331 [1/1] (0.00ns)   --->   "%store_ln128 = store i1 %empty, i1 %r_acc_valid" [Control/control.cpp:128]   --->   Operation 331 'store' 'store_ln128' <Predicate = (r_acc_valid_flag_2)> <Delay = 0.00>
ST_1 : Operation 332 [1/1] (0.00ns)   --->   "%br_ln0 = br void %sw.epilog.new"   --->   Operation 332 'br' 'br_ln0' <Predicate = (r_acc_valid_flag_2)> <Delay = 0.00>
ST_1 : Operation 333 [1/1] (0.28ns)   --->   "%or_ln294 = or i1 %done1_seen_flag_2, i1 %compute_done1_read" [Control/control.cpp:294]   --->   Operation 333 'or' 'or_ln294' <Predicate = true> <Delay = 0.28> <CoreInst = "LogicGate">   --->   Core 74 'LogicGate' <Latency = 0> <II = 1> <Delay = 0.28> <FuncUnit> <Opcode : 'and' 'or' 'xor'> <InPorts = 2> <OutPorts = 1>
ST_1 : Operation 334 [1/1] (0.00ns)   --->   "%br_ln294 = br i1 %or_ln294, void %if.end155.new, void %mergeST1" [Control/control.cpp:294]   --->   Operation 334 'br' 'br_ln294' <Predicate = true> <Delay = 0.00>
ST_1 : Operation 335 [1/1] (0.00ns)   --->   "%store_ln142 = store i1 %compute_done1_read, i1 %done1_seen" [Control/control.cpp:142]   --->   Operation 335 'store' 'store_ln142' <Predicate = (or_ln294)> <Delay = 0.00>
ST_1 : Operation 336 [1/1] (0.00ns)   --->   "%br_ln0 = br void %if.end155.new"   --->   Operation 336 'br' 'br_ln0' <Predicate = (or_ln294)> <Delay = 0.00>
ST_1 : Operation 337 [1/1] (0.28ns)   --->   "%or_ln295 = or i1 %done1_seen_flag_2, i1 %compute_done2_read" [Control/control.cpp:295]   --->   Operation 337 'or' 'or_ln295' <Predicate = true> <Delay = 0.28> <CoreInst = "LogicGate">   --->   Core 74 'LogicGate' <Latency = 0> <II = 1> <Delay = 0.28> <FuncUnit> <Opcode : 'and' 'or' 'xor'> <InPorts = 2> <OutPorts = 1>
ST_1 : Operation 338 [1/1] (0.00ns)   --->   "%br_ln295 = br i1 %or_ln295, void %if.end157.new, void %mergeST2" [Control/control.cpp:295]   --->   Operation 338 'br' 'br_ln295' <Predicate = true> <Delay = 0.00>
ST_1 : Operation 339 [1/1] (0.00ns)   --->   "%store_ln143 = store i1 %compute_done2_read, i1 %done2_seen" [Control/control.cpp:143]   --->   Operation 339 'store' 'store_ln143' <Predicate = (or_ln295)> <Delay = 0.00>
ST_1 : Operation 340 [1/1] (0.00ns)   --->   "%br_ln0 = br void %if.end157.new"   --->   Operation 340 'br' 'br_ln0' <Predicate = (or_ln295)> <Delay = 0.00>
ST_1 : Operation 341 [1/1] (0.28ns)   --->   "%or_ln296 = or i1 %done1_seen_flag_2, i1 %slave_done1_read" [Control/control.cpp:296]   --->   Operation 341 'or' 'or_ln296' <Predicate = true> <Delay = 0.28> <CoreInst = "LogicGate">   --->   Core 74 'LogicGate' <Latency = 0> <II = 1> <Delay = 0.28> <FuncUnit> <Opcode : 'and' 'or' 'xor'> <InPorts = 2> <OutPorts = 1>
ST_1 : Operation 342 [1/1] (0.00ns)   --->   "%br_ln296 = br i1 %or_ln296, void %if.end159.new, void %mergeST3" [Control/control.cpp:296]   --->   Operation 342 'br' 'br_ln296' <Predicate = true> <Delay = 0.00>
ST_1 : Operation 343 [1/1] (0.00ns)   --->   "%store_ln144 = store i1 %slave_done1_read, i1 %slave_done1_seen" [Control/control.cpp:144]   --->   Operation 343 'store' 'store_ln144' <Predicate = (or_ln296)> <Delay = 0.00>
ST_1 : Operation 344 [1/1] (0.00ns)   --->   "%br_ln0 = br void %if.end159.new"   --->   Operation 344 'br' 'br_ln0' <Predicate = (or_ln296)> <Delay = 0.00>
ST_1 : Operation 345 [1/1] (0.28ns)   --->   "%or_ln297 = or i1 %done1_seen_flag_2, i1 %slave_done2_read" [Control/control.cpp:297]   --->   Operation 345 'or' 'or_ln297' <Predicate = true> <Delay = 0.28> <CoreInst = "LogicGate">   --->   Core 74 'LogicGate' <Latency = 0> <II = 1> <Delay = 0.28> <FuncUnit> <Opcode : 'and' 'or' 'xor'> <InPorts = 2> <OutPorts = 1>
ST_1 : Operation 346 [1/1] (0.00ns)   --->   "%store_result_valid_load = load i1 %store_result_valid" [Control/control.cpp:301]   --->   Operation 346 'load' 'store_result_valid_load' <Predicate = true> <Delay = 0.00>
ST_1 : Operation 347 [1/1] (0.00ns) (grouped into LUT with out node or_ln301)   --->   "%and_ln301 = and i1 %r_acc_valid_load, i1 %store_result_valid_load" [Control/control.cpp:301]   --->   Operation 347 'and' 'and_ln301' <Predicate = true> <Delay = 0.00> <CoreInst = "LogicGate">   --->   Core 74 'LogicGate' <Latency = 0> <II = 1> <Delay = 0.28> <FuncUnit> <Opcode : 'and' 'or' 'xor'> <InPorts = 2> <OutPorts = 1>
ST_1 : Operation 348 [1/1] (0.00ns) (grouped into LUT with out node or_ln301)   --->   "%xor_ln301 = xor i1 %and_ln301, i1 1" [Control/control.cpp:301]   --->   Operation 348 'xor' 'xor_ln301' <Predicate = true> <Delay = 0.00> <CoreInst = "LogicGate">   --->   Core 74 'LogicGate' <Latency = 0> <II = 1> <Delay = 0.28> <FuncUnit> <Opcode : 'and' 'or' 'xor'> <InPorts = 2> <OutPorts = 1>
ST_1 : Operation 349 [1/1] (0.28ns) (out node of the LUT)   --->   "%or_ln301 = or i1 %d_o_ready_read, i1 %xor_ln301" [Control/control.cpp:301]   --->   Operation 349 'or' 'or_ln301' <Predicate = true> <Delay = 0.28> <CoreInst = "LogicGate">   --->   Core 74 'LogicGate' <Latency = 0> <II = 1> <Delay = 0.28> <FuncUnit> <Opcode : 'and' 'or' 'xor'> <InPorts = 2> <OutPorts = 1>
ST_1 : Operation 350 [1/1] (0.00ns)   --->   "%store_ln301 = store i1 %or_ln301, i1 %store_result_ready" [Control/control.cpp:301]   --->   Operation 350 'store' 'store_ln301' <Predicate = true> <Delay = 0.00>
ST_1 : Operation 351 [1/1] (0.00ns)   --->   "%r_acc_V_load = load i32 %r_acc_V" [Control/control.cpp:303]   --->   Operation 351 'load' 'r_acc_V_load' <Predicate = true> <Delay = 0.00>
ST_1 : Operation 352 [1/1] (0.00ns)   --->   "%write_ln303 = write void @_ssdm_op_Write.ap_none.i32P0A, i32 %d_o_data, i32 %r_acc_V_load" [Control/control.cpp:303]   --->   Operation 352 'write' 'write_ln303' <Predicate = true> <Delay = 0.00>
ST_1 : Operation 353 [1/1] (0.28ns)   --->   "%and_ln304 = and i1 %empty, i1 %enable_read" [Control/control.cpp:304]   --->   Operation 353 'and' 'and_ln304' <Predicate = true> <Delay = 0.28> <CoreInst = "LogicGate">   --->   Core 74 'LogicGate' <Latency = 0> <II = 1> <Delay = 0.28> <FuncUnit> <Opcode : 'and' 'or' 'xor'> <InPorts = 2> <OutPorts = 1>
ST_1 : Operation 354 [1/1] (0.00ns)   --->   "%write_ln304 = write void @_ssdm_op_Write.ap_none.i1P0A, i1 %d_o_valid, i1 %and_ln304" [Control/control.cpp:304]   --->   Operation 354 'write' 'write_ln304' <Predicate = true> <Delay = 0.00>
ST_1 : Operation 355 [1/1] (0.00ns)   --->   "%write_ln305 = write void @_ssdm_op_Write.ap_none.i4P0A, i4 %d_o_strb, i4 15" [Control/control.cpp:305]   --->   Operation 355 'write' 'write_ln305' <Predicate = true> <Delay = 0.00>
ST_1 : Operation 356 [1/1] (0.00ns)   --->   "%write_ln307 = write void @_ssdm_op_Write.ap_auto.i11P0A, i11 %f_cnt, i11 %phi_ln186" [Control/control.cpp:307]   --->   Operation 356 'write' 'write_ln307' <Predicate = true> <Delay = 0.00>
ST_1 : Operation 357 [1/1] (0.00ns)   --->   "%write_ln308 = write void @_ssdm_op_Write.ap_auto.i1P0A, i1 %f_valid, i1 %empty" [Control/control.cpp:308]   --->   Operation 357 'write' 'write_ln308' <Predicate = true> <Delay = 0.00>
ST_1 : Operation 358 [1/1] (0.00ns)   --->   "%br_ln297 = br i1 %or_ln297, void %if.end161.new, void %mergeST4" [Control/control.cpp:297]   --->   Operation 358 'br' 'br_ln297' <Predicate = true> <Delay = 0.00>
ST_1 : Operation 359 [1/1] (0.00ns)   --->   "%store_ln145 = store i1 %slave_done2_read, i1 %slave_done2_seen" [Control/control.cpp:145]   --->   Operation 359 'store' 'store_ln145' <Predicate = (or_ln297)> <Delay = 0.00>
ST_1 : Operation 360 [1/1] (0.00ns)   --->   "%br_ln0 = br void %if.end161.new"   --->   Operation 360 'br' 'br_ln0' <Predicate = (or_ln297)> <Delay = 0.00>
ST_1 : Operation 361 [1/1] (0.00ns)   --->   "%ret_ln309 = ret" [Control/control.cpp:309]   --->   Operation 361 'ret' 'ret_ln309' <Predicate = true> <Delay = 0.00>


============================================================
+ Verbose Summary: Binding
============================================================
STG Binding: 
---------------- STG Properties BEGIN ----------------
- Is combinational: 0
- Is one-state seq: 1
- Is datapath-only: 0
- Is pipelined: 0
- Is top level: 1
Port [ Return ] is wired: 1; IO mode=ap_ctrl_none:ce=0
Port [ a_i_valid]:  wired=1; compound=0; hidden=0; nouse=0; global=0; static=0; extern=0; dir=0; type=0; pingpong=0; private_global=0; IO mode=ap_none:ce=0
Port [ a_i_ready]:  wired=1; compound=0; hidden=0; nouse=0; global=0; static=0; extern=0; dir=1; type=0; pingpong=0; private_global=0; IO mode=ap_none:ce=0
Port [ a_i_data]:  wired=1; compound=0; hidden=0; nouse=0; global=0; static=0; extern=0; dir=0; type=0; pingpong=0; private_global=0; IO mode=ap_none:ce=0
Port [ a_i_strb]:  wired=1; compound=0; hidden=0; nouse=1; global=0; static=0; extern=0; dir=0; type=0; pingpong=0; private_global=0; IO mode=ap_none:ce=0
Port [ b_i_valid]:  wired=1; compound=0; hidden=0; nouse=0; global=0; static=0; extern=0; dir=0; type=0; pingpong=0; private_global=0; IO mode=ap_none:ce=0
Port [ b_i_ready]:  wired=1; compound=0; hidden=0; nouse=0; global=0; static=0; extern=0; dir=1; type=0; pingpong=0; private_global=0; IO mode=ap_none:ce=0
Port [ b_i_data]:  wired=1; compound=0; hidden=0; nouse=0; global=0; static=0; extern=0; dir=0; type=0; pingpong=0; private_global=0; IO mode=ap_none:ce=0
Port [ b_i_strb]:  wired=1; compound=0; hidden=0; nouse=1; global=0; static=0; extern=0; dir=0; type=0; pingpong=0; private_global=0; IO mode=ap_none:ce=0
Port [ c_i_valid]:  wired=1; compound=0; hidden=0; nouse=1; global=0; static=0; extern=0; dir=0; type=0; pingpong=0; private_global=0; IO mode=ap_none:ce=0
Port [ c_i_ready]:  wired=1; compound=0; hidden=0; nouse=0; global=0; static=0; extern=0; dir=1; type=0; pingpong=0; private_global=0; IO mode=ap_none:ce=0
Port [ c_i_data]:  wired=1; compound=0; hidden=0; nouse=1; global=0; static=0; extern=0; dir=0; type=0; pingpong=0; private_global=0; IO mode=ap_none:ce=0
Port [ c_i_strb]:  wired=1; compound=0; hidden=0; nouse=1; global=0; static=0; extern=0; dir=0; type=0; pingpong=0; private_global=0; IO mode=ap_none:ce=0
Port [ d_o_valid]:  wired=1; compound=0; hidden=0; nouse=0; global=0; static=0; extern=0; dir=1; type=0; pingpong=0; private_global=0; IO mode=ap_none:ce=0
Port [ d_o_ready]:  wired=1; compound=0; hidden=0; nouse=0; global=0; static=0; extern=0; dir=0; type=0; pingpong=0; private_global=0; IO mode=ap_none:ce=0
Port [ d_o_data]:  wired=1; compound=0; hidden=0; nouse=0; global=0; static=0; extern=0; dir=1; type=0; pingpong=0; private_global=0; IO mode=ap_none:ce=0
Port [ d_o_strb]:  wired=1; compound=0; hidden=0; nouse=0; global=0; static=0; extern=0; dir=1; type=0; pingpong=0; private_global=0; IO mode=ap_none:ce=0
Port [ clear]:  wired=1; compound=0; hidden=0; nouse=0; global=0; static=0; extern=0; dir=0; type=0; pingpong=0; private_global=0; IO mode=ap_none:ce=0
Port [ enable]:  wired=1; compound=0; hidden=0; nouse=0; global=0; static=0; extern=0; dir=0; type=0; pingpong=0; private_global=0; IO mode=ap_none:ce=0
Port [ function_r]:  wired=1; compound=0; hidden=0; nouse=1; global=0; static=0; extern=0; dir=0; type=0; pingpong=0; private_global=0; IO mode=ap_none:ce=0
Port [ start_r]:  wired=1; compound=0; hidden=0; nouse=1; global=0; static=0; extern=0; dir=0; type=0; pingpong=0; private_global=0; IO mode=ap_none:ce=0
Port [ shift]:  wired=1; compound=0; hidden=0; nouse=0; global=0; static=0; extern=0; dir=0; type=0; pingpong=0; private_global=0; IO mode=ap_none:ce=0
Port [ len]:  wired=1; compound=0; hidden=0; nouse=0; global=0; static=0; extern=0; dir=0; type=0; pingpong=0; private_global=0; IO mode=ap_none:ce=0
Port [ f_cnt]:  wired=1; compound=0; hidden=0; nouse=0; global=0; static=0; extern=0; dir=1; type=0; pingpong=0; private_global=0; IO mode=ap_vld:ce=0
Port [ f_valid]:  wired=1; compound=0; hidden=0; nouse=0; global=0; static=0; extern=0; dir=1; type=0; pingpong=0; private_global=0; IO mode=ap_vld:ce=0
Port [ buffer_1_rd]:  wired=1; compound=1; hidden=0; nouse=0; global=0; static=0; extern=0; dir=0; type=3; pingpong=0; private_global=0; IO mode=ap_fifo:ce=0
Port [ buffer_1_rd1]:  wired=1; compound=1; hidden=0; nouse=0; global=0; static=0; extern=0; dir=0; type=3; pingpong=0; private_global=0; IO mode=ap_fifo:ce=0
Port [ buffer_1_rd2]:  wired=1; compound=1; hidden=0; nouse=0; global=0; static=0; extern=0; dir=0; type=3; pingpong=0; private_global=0; IO mode=ap_fifo:ce=0
Port [ buffer_1_rd3]:  wired=1; compound=1; hidden=0; nouse=0; global=0; static=0; extern=0; dir=0; type=3; pingpong=0; private_global=0; IO mode=ap_fifo:ce=0
Port [ buffer_1_wr]:  wired=1; compound=1; hidden=0; nouse=0; global=0; static=0; extern=0; dir=1; type=1; pingpong=0; private_global=0; MemPort=[03]; IO mode=ap_memory:ce=0
Port [ buffer_1_wr1]:  wired=1; compound=1; hidden=0; nouse=0; global=0; static=0; extern=0; dir=1; type=1; pingpong=0; private_global=0; MemPort=[03]; IO mode=ap_memory:ce=0
Port [ buffer_1_wr2a]:  wired=1; compound=1; hidden=0; nouse=0; global=0; static=0; extern=0; dir=1; type=1; pingpong=0; private_global=0; MemPort=[03]; IO mode=ap_memory:ce=0
Port [ buffer_1_wr2b]:  wired=1; compound=1; hidden=0; nouse=0; global=0; static=0; extern=0; dir=1; type=1; pingpong=0; private_global=0; MemPort=[03]; IO mode=ap_memory:ce=0
Port [ buffer_1_wr3a]:  wired=1; compound=1; hidden=0; nouse=0; global=0; static=0; extern=0; dir=1; type=1; pingpong=0; private_global=0; MemPort=[03]; IO mode=ap_memory:ce=0
Port [ buffer_1_wr3b]:  wired=1; compound=1; hidden=0; nouse=0; global=0; static=0; extern=0; dir=1; type=1; pingpong=0; private_global=0; MemPort=[03]; IO mode=ap_memory:ce=0
Port [ compute_start1]:  wired=1; compound=0; hidden=0; nouse=0; global=0; static=0; extern=0; dir=1; type=0; pingpong=0; private_global=0; IO mode=ap_none:ce=0
Port [ compute_done1]:  wired=1; compound=0; hidden=0; nouse=0; global=0; static=0; extern=0; dir=0; type=0; pingpong=0; private_global=0; IO mode=ap_none:ce=0
Port [ compute_start2]:  wired=1; compound=0; hidden=0; nouse=0; global=0; static=0; extern=0; dir=1; type=0; pingpong=0; private_global=0; IO mode=ap_none:ce=0
Port [ compute_done2]:  wired=1; compound=0; hidden=0; nouse=0; global=0; static=0; extern=0; dir=0; type=0; pingpong=0; private_global=0; IO mode=ap_none:ce=0
Port [ slave_start1]:  wired=1; compound=0; hidden=0; nouse=0; global=0; static=0; extern=0; dir=1; type=0; pingpong=0; private_global=0; IO mode=ap_none:ce=0
Port [ slave_done1]:  wired=1; compound=0; hidden=0; nouse=0; global=0; static=0; extern=0; dir=0; type=0; pingpong=0; private_global=0; IO mode=ap_none:ce=0
Port [ slave_start2]:  wired=1; compound=0; hidden=0; nouse=0; global=0; static=0; extern=0; dir=1; type=0; pingpong=0; private_global=0; IO mode=ap_none:ce=0
Port [ slave_done2]:  wired=1; compound=0; hidden=0; nouse=0; global=0; static=0; extern=0; dir=0; type=0; pingpong=0; private_global=0; IO mode=ap_none:ce=0
Port [ phase1]:  wired=1; compound=0; hidden=0; nouse=0; global=0; static=0; extern=0; dir=1; type=0; pingpong=0; private_global=0; IO mode=ap_vld:ce=0
Port [ phase2]:  wired=1; compound=0; hidden=0; nouse=0; global=0; static=0; extern=0; dir=1; type=0; pingpong=0; private_global=0; IO mode=ap_vld:ce=0
Port [ buffer_ok]:  wired=0; compound=0; hidden=1; nouse=0; global=1; static=1; extern=0; dir=2; type=0; pingpong=0; private_global=1; IO mode=ap_ovld:ce=0
Port [ r_acc_valid]:  wired=0; compound=0; hidden=1; nouse=0; global=1; static=1; extern=0; dir=2; type=0; pingpong=0; private_global=1; IO mode=ap_ovld:ce=0
Port [ state]:  wired=0; compound=0; hidden=1; nouse=0; global=1; static=1; extern=0; dir=2; type=0; pingpong=0; private_global=1; IO mode=ap_ovld:ce=0
Port [ b_count_V]:  wired=0; compound=0; hidden=1; nouse=0; global=1; static=1; extern=0; dir=2; type=0; pingpong=0; private_global=1; IO mode=ap_ovld:ce=0
Port [ r_cnt_V]:  wired=0; compound=0; hidden=1; nouse=0; global=1; static=1; extern=0; dir=2; type=0; pingpong=0; private_global=1; IO mode=ap_ovld:ce=0
Port [ done1_seen]:  wired=0; compound=0; hidden=1; nouse=0; global=1; static=1; extern=0; dir=2; type=0; pingpong=0; private_global=1; IO mode=ap_ovld:ce=0
Port [ done2_seen]:  wired=0; compound=0; hidden=1; nouse=0; global=1; static=1; extern=0; dir=2; type=0; pingpong=0; private_global=1; IO mode=ap_ovld:ce=0
Port [ slave_done1_seen]:  wired=0; compound=0; hidden=1; nouse=0; global=1; static=1; extern=0; dir=2; type=0; pingpong=0; private_global=1; IO mode=ap_ovld:ce=0
Port [ slave_done2_seen]:  wired=0; compound=0; hidden=1; nouse=0; global=1; static=1; extern=0; dir=2; type=0; pingpong=0; private_global=1; IO mode=ap_ovld:ce=0
Port [ i_phase1]:  wired=0; compound=0; hidden=1; nouse=0; global=1; static=1; extern=0; dir=2; type=0; pingpong=0; private_global=1; IO mode=ap_ovld:ce=0
Port [ i_phase2]:  wired=0; compound=0; hidden=1; nouse=0; global=1; static=1; extern=0; dir=2; type=0; pingpong=0; private_global=1; IO mode=ap_ovld:ce=0
Port [ j_a]:  wired=0; compound=0; hidden=1; nouse=0; global=1; static=1; extern=0; dir=2; type=0; pingpong=0; private_global=1; IO mode=ap_ovld:ce=0
Port [ j_b]:  wired=0; compound=0; hidden=1; nouse=0; global=1; static=1; extern=0; dir=2; type=0; pingpong=0; private_global=1; IO mode=ap_ovld:ce=0
Port [ j2a]:  wired=0; compound=0; hidden=1; nouse=0; global=1; static=1; extern=0; dir=2; type=0; pingpong=0; private_global=1; IO mode=ap_ovld:ce=0
Port [ j2b]:  wired=0; compound=0; hidden=1; nouse=0; global=1; static=1; extern=0; dir=2; type=0; pingpong=0; private_global=1; IO mode=ap_ovld:ce=0
Port [ j3a]:  wired=0; compound=0; hidden=1; nouse=0; global=1; static=1; extern=0; dir=2; type=0; pingpong=0; private_global=1; IO mode=ap_ovld:ce=0
Port [ j3b]:  wired=0; compound=0; hidden=1; nouse=0; global=1; static=1; extern=0; dir=2; type=0; pingpong=0; private_global=1; IO mode=ap_ovld:ce=0
Port [ r_acc_V]:  wired=0; compound=0; hidden=1; nouse=0; global=1; static=1; extern=0; dir=2; type=0; pingpong=0; private_global=1; IO mode=ap_ovld:ce=0
Port [ i]:  wired=0; compound=0; hidden=1; nouse=0; global=1; static=1; extern=0; dir=2; type=0; pingpong=0; private_global=1; IO mode=ap_ovld:ce=0
Port [ store_result_valid]:  wired=0; compound=0; hidden=1; nouse=0; global=1; static=1; extern=0; dir=2; type=0; pingpong=0; private_global=1; IO mode=ap_ovld:ce=0
Port [ compute_launched]:  wired=0; compound=0; hidden=1; nouse=0; global=1; static=1; extern=0; dir=2; type=0; pingpong=0; private_global=1; IO mode=ap_ovld:ce=0
Port [ compute_launched2]:  wired=0; compound=0; hidden=1; nouse=0; global=1; static=1; extern=0; dir=2; type=0; pingpong=0; private_global=1; IO mode=ap_ovld:ce=0
Port [ store_result_ready]:  wired=0; compound=0; hidden=1; nouse=0; global=1; static=1; extern=0; dir=2; type=0; pingpong=0; private_global=1; IO mode=ap_ovld:ce=0
---------------- STG Properties END ------------------

---------------- Datapath Model BEGIN ----------------

<LifeTime>
<method=bitvector/>
spectopmodule_ln24      (spectopmodule ) [ 00]
specinterface_ln24      (specinterface ) [ 00]
slave_done2_read        (read          ) [ 00]
slave_done1_read        (read          ) [ 00]
compute_done2_read      (read          ) [ 00]
compute_done1_read      (read          ) [ 00]
len_read                (read          ) [ 00]
shift_read              (read          ) [ 00]
enable_read             (read          ) [ 00]
clear_read              (read          ) [ 01]
specbitsmap_ln0         (specbitsmap   ) [ 00]
specinterface_ln0       (specinterface ) [ 00]
specbitsmap_ln0         (specbitsmap   ) [ 00]
specinterface_ln0       (specinterface ) [ 00]
specbitsmap_ln0         (specbitsmap   ) [ 00]
specinterface_ln0       (specinterface ) [ 00]
specbitsmap_ln0         (specbitsmap   ) [ 00]
specinterface_ln0       (specinterface ) [ 00]
specbitsmap_ln0         (specbitsmap   ) [ 00]
specinterface_ln0       (specinterface ) [ 00]
specbitsmap_ln0         (specbitsmap   ) [ 00]
specinterface_ln0       (specinterface ) [ 00]
specbitsmap_ln0         (specbitsmap   ) [ 00]
specinterface_ln0       (specinterface ) [ 00]
specbitsmap_ln0         (specbitsmap   ) [ 00]
specinterface_ln0       (specinterface ) [ 00]
specbitsmap_ln0         (specbitsmap   ) [ 00]
specinterface_ln0       (specinterface ) [ 00]
specbitsmap_ln0         (specbitsmap   ) [ 00]
specinterface_ln0       (specinterface ) [ 00]
specbitsmap_ln0         (specbitsmap   ) [ 00]
specinterface_ln0       (specinterface ) [ 00]
specbitsmap_ln0         (specbitsmap   ) [ 00]
specinterface_ln0       (specinterface ) [ 00]
specbitsmap_ln0         (specbitsmap   ) [ 00]
specinterface_ln0       (specinterface ) [ 00]
specbitsmap_ln0         (specbitsmap   ) [ 00]
specinterface_ln0       (specinterface ) [ 00]
specbitsmap_ln0         (specbitsmap   ) [ 00]
specinterface_ln0       (specinterface ) [ 00]
specbitsmap_ln0         (specbitsmap   ) [ 00]
specinterface_ln0       (specinterface ) [ 00]
specbitsmap_ln0         (specbitsmap   ) [ 00]
specinterface_ln0       (specinterface ) [ 00]
specbitsmap_ln0         (specbitsmap   ) [ 00]
specinterface_ln0       (specinterface ) [ 00]
specbitsmap_ln0         (specbitsmap   ) [ 00]
specinterface_ln0       (specinterface ) [ 00]
specbitsmap_ln0         (specbitsmap   ) [ 00]
specinterface_ln0       (specinterface ) [ 00]
specbitsmap_ln0         (specbitsmap   ) [ 00]
specinterface_ln0       (specinterface ) [ 00]
specbitsmap_ln0         (specbitsmap   ) [ 00]
specinterface_ln0       (specinterface ) [ 00]
specbitsmap_ln0         (specbitsmap   ) [ 00]
specinterface_ln0       (specinterface ) [ 00]
specbitsmap_ln0         (specbitsmap   ) [ 00]
specinterface_ln0       (specinterface ) [ 00]
specinterface_ln0       (specinterface ) [ 00]
specbitsmap_ln0         (specbitsmap   ) [ 00]
specinterface_ln0       (specinterface ) [ 00]
specbitsmap_ln0         (specbitsmap   ) [ 00]
specinterface_ln0       (specinterface ) [ 00]
specbitsmap_ln0         (specbitsmap   ) [ 00]
specinterface_ln0       (specinterface ) [ 00]
specbitsmap_ln0         (specbitsmap   ) [ 00]
specinterface_ln0       (specinterface ) [ 00]
specbitsmap_ln0         (specbitsmap   ) [ 00]
specinterface_ln0       (specinterface ) [ 00]
specbitsmap_ln0         (specbitsmap   ) [ 00]
specinterface_ln0       (specinterface ) [ 00]
specbitsmap_ln0         (specbitsmap   ) [ 00]
specinterface_ln0       (specinterface ) [ 00]
specbitsmap_ln0         (specbitsmap   ) [ 00]
specinterface_ln0       (specinterface ) [ 00]
specbitsmap_ln0         (specbitsmap   ) [ 00]
specinterface_ln0       (specinterface ) [ 00]
specbitsmap_ln0         (specbitsmap   ) [ 00]
specbitsmap_ln0         (specbitsmap   ) [ 00]
specinterface_ln0       (specinterface ) [ 00]
specbitsmap_ln0         (specbitsmap   ) [ 00]
specinterface_ln0       (specinterface ) [ 00]
specbitsmap_ln0         (specbitsmap   ) [ 00]
specinterface_ln0       (specinterface ) [ 00]
specbitsmap_ln0         (specbitsmap   ) [ 00]
specinterface_ln0       (specinterface ) [ 00]
specbitsmap_ln0         (specbitsmap   ) [ 00]
specinterface_ln0       (specinterface ) [ 00]
specbitsmap_ln0         (specbitsmap   ) [ 00]
specinterface_ln0       (specinterface ) [ 00]
specbitsmap_ln0         (specbitsmap   ) [ 00]
specinterface_ln0       (specinterface ) [ 00]
specbitsmap_ln0         (specbitsmap   ) [ 00]
specinterface_ln0       (specinterface ) [ 00]
specbitsmap_ln0         (specbitsmap   ) [ 00]
specinterface_ln0       (specinterface ) [ 00]
specbitsmap_ln0         (specbitsmap   ) [ 00]
specinterface_ln0       (specinterface ) [ 00]
buffer_ok_load          (load          ) [ 00]
xor_ln109               (xor           ) [ 00]
write_ln109             (write         ) [ 00]
write_ln110             (write         ) [ 00]
write_ln111             (write         ) [ 00]
d_o_ready_read          (read          ) [ 00]
r_acc_valid_load        (load          ) [ 00]
state_load              (load          ) [ 01]
b_count_V_load          (load          ) [ 00]
r_cnt_V_load            (load          ) [ 00]
trunc_ln222             (trunc         ) [ 00]
done1_seen_load         (load          ) [ 01]
done2_seen_load         (load          ) [ 01]
slave_done1_seen_load   (load          ) [ 01]
slave_done2_seen_load   (load          ) [ 01]
i_phase1_load           (load          ) [ 01]
i_phase2_load           (load          ) [ 01]
a_i_valid_read          (read          ) [ 00]
b_i_valid_read          (read          ) [ 00]
tmp_a_V                 (read          ) [ 00]
tmp_b_V                 (read          ) [ 00]
switch_ln114            (switch        ) [ 00]
tmp                     (nbreadreq     ) [ 00]
i_load                  (load          ) [ 00]
tmp_3                   (partselect    ) [ 00]
icmp_ln254              (icmp          ) [ 00]
and_ln254               (and           ) [ 01]
br_ln254                (br            ) [ 00]
tmp_1                   (nbreadreq     ) [ 00]
tmp_7                   (partselect    ) [ 00]
icmp_ln261              (icmp          ) [ 00]
and_ln261               (and           ) [ 01]
br_ln261                (br            ) [ 00]
tmp_2                   (nbreadreq     ) [ 00]
icmp_ln268              (icmp          ) [ 00]
and_ln268               (and           ) [ 01]
br_ln268                (br            ) [ 00]
buffer_1_rd3_read       (read          ) [ 00]
add_ln840_5             (add           ) [ 00]
store_ln840             (store         ) [ 00]
add_ln279               (add           ) [ 00]
store_ln279             (store         ) [ 00]
br_ln0                  (br            ) [ 00]
buffer_1_rd2_read       (read          ) [ 00]
add_ln840_4             (add           ) [ 00]
store_ln840             (store         ) [ 00]
add_ln272               (add           ) [ 00]
store_ln272             (store         ) [ 00]
br_ln273                (br            ) [ 00]
buffer_1_rd1_read       (read          ) [ 00]
add_ln840_1             (add           ) [ 00]
store_ln840             (store         ) [ 00]
add_ln265               (add           ) [ 00]
store_ln265             (store         ) [ 00]
br_ln266                (br            ) [ 00]
buffer_1_rd_read        (read          ) [ 00]
add_ln840               (add           ) [ 00]
store_ln840             (store         ) [ 00]
add_ln258               (add           ) [ 00]
store_ln258             (store         ) [ 00]
br_ln259                (br            ) [ 00]
r_cnt_V_loc_0           (phi           ) [ 00]
i_op_assign             (phi           ) [ 00]
tmp_5                   (phi           ) [ 00]
trunc_ln269             (trunc         ) [ 00]
zext_ln1027             (zext          ) [ 00]
zext_ln1027_1           (zext          ) [ 00]
icmp_ln1027             (icmp          ) [ 01]
br_ln282                (br            ) [ 00]
store_result_ready_load (load          ) [ 01]
br_ln282                (br            ) [ 00]
store_ln283             (store         ) [ 00]
br_ln285                (br            ) [ 00]
icmp_ln1019_2           (icmp          ) [ 01]
br_ln287                (br            ) [ 00]
store_ln288             (store         ) [ 00]
br_ln290                (br            ) [ 00]
br_ln0                  (br            ) [ 00]
br_ln222                (br            ) [ 00]
br_ln222                (br            ) [ 00]
br_ln222                (br            ) [ 00]
br_ln222                (br            ) [ 00]
br_ln224                (br            ) [ 00]
store_ln225             (store         ) [ 00]
store_ln226             (store         ) [ 00]
store_ln227             (store         ) [ 00]
store_ln228             (store         ) [ 00]
store_ln229             (store         ) [ 00]
store_ln230             (store         ) [ 00]
store_ln235             (store         ) [ 00]
store_ln236             (store         ) [ 00]
store_ln237             (store         ) [ 00]
store_ln238             (store         ) [ 00]
store_ln239             (store         ) [ 00]
store_ln240             (store         ) [ 00]
store_ln241             (store         ) [ 00]
br_ln241                (br            ) [ 00]
br_ln243                (br            ) [ 00]
store_ln244             (store         ) [ 00]
br_ln245                (br            ) [ 00]
br_ln0                  (br            ) [ 00]
compute_launched2_load  (load          ) [ 01]
br_ln206                (br            ) [ 00]
write_ln207             (write         ) [ 00]
write_ln208             (write         ) [ 00]
write_ln209             (write         ) [ 00]
write_ln210             (write         ) [ 00]
store_ln211             (store         ) [ 00]
br_ln212                (br            ) [ 00]
write_ln213             (write         ) [ 00]
write_ln214             (write         ) [ 00]
write_ln215             (write         ) [ 00]
store_ln217             (store         ) [ 00]
br_ln0                  (br            ) [ 00]
br_ln218                (br            ) [ 00]
compute_launched_load   (load          ) [ 01]
br_ln190                (br            ) [ 00]
write_ln191             (write         ) [ 00]
write_ln192             (write         ) [ 00]
store_ln193             (store         ) [ 00]
br_ln194                (br            ) [ 00]
write_ln195             (write         ) [ 00]
store_ln197             (store         ) [ 00]
store_ln198             (store         ) [ 00]
store_ln199             (store         ) [ 00]
br_ln0                  (br            ) [ 00]
br_ln202                (br            ) [ 00]
and_ln170               (and           ) [ 01]
br_ln170                (br            ) [ 00]
store_ln171             (store         ) [ 00]
tmp_6                   (bitselect     ) [ 00]
xor_ln1027_1            (xor           ) [ 00]
and_ln172               (and           ) [ 01]
br_ln172                (br            ) [ 00]
p_Result_1              (bitconcatenate) [ 00]
j_b_load                (load          ) [ 00]
add_ln175               (add           ) [ 00]
store_ln175             (store         ) [ 00]
zext_ln175              (zext          ) [ 00]
buffer_1_wr1_addr       (getelementptr ) [ 00]
store_ln175             (store         ) [ 00]
j2b_load                (load          ) [ 00]
add_ln176               (add           ) [ 00]
store_ln176             (store         ) [ 00]
zext_ln176              (zext          ) [ 00]
buffer_1_wr2b_addr      (getelementptr ) [ 00]
store_ln176             (store         ) [ 00]
j3a_load                (load          ) [ 00]
add_ln177               (add           ) [ 00]
store_ln177             (store         ) [ 00]
zext_ln177              (zext          ) [ 00]
buffer_1_wr3a_addr      (getelementptr ) [ 00]
store_ln177             (store         ) [ 00]
add_ln840_3             (add           ) [ 00]
store_ln840             (store         ) [ 00]
br_ln179                (br            ) [ 00]
b_count_V_loc_3         (phi           ) [ 00]
tmp_11                  (bitselect     ) [ 00]
icmp_ln1019_1           (icmp          ) [ 00]
and_ln181               (and           ) [ 01]
br_ln181                (br            ) [ 00]
store_ln182             (store         ) [ 00]
store_ln183             (store         ) [ 00]
br_ln184                (br            ) [ 00]
br_ln185                (br            ) [ 00]
and_ln152               (and           ) [ 01]
br_ln152                (br            ) [ 00]
store_ln153             (store         ) [ 00]
tmp_4                   (bitselect     ) [ 00]
xor_ln1027              (xor           ) [ 00]
and_ln154               (and           ) [ 01]
br_ln154                (br            ) [ 00]
p_Result_s              (bitconcatenate) [ 00]
j_a_load                (load          ) [ 00]
add_ln157               (add           ) [ 00]
store_ln157             (store         ) [ 00]
zext_ln157              (zext          ) [ 00]
buffer_1_wr_addr        (getelementptr ) [ 00]
store_ln157             (store         ) [ 00]
j2a_load                (load          ) [ 00]
add_ln158               (add           ) [ 00]
store_ln158             (store         ) [ 00]
zext_ln158              (zext          ) [ 00]
buffer_1_wr2a_addr      (getelementptr ) [ 00]
store_ln158             (store         ) [ 00]
j3b_load                (load          ) [ 00]
add_ln159               (add           ) [ 00]
store_ln159             (store         ) [ 00]
zext_ln159              (zext          ) [ 00]
buffer_1_wr3b_addr      (getelementptr ) [ 00]
store_ln159             (store         ) [ 00]
add_ln840_2             (add           ) [ 00]
store_ln840             (store         ) [ 00]
br_ln161                (br            ) [ 00]
b_count_V_loc_1         (phi           ) [ 00]
tmp_9                   (bitselect     ) [ 00]
icmp_ln1019             (icmp          ) [ 00]
and_ln163               (and           ) [ 01]
br_ln163                (br            ) [ 00]
store_ln164             (store         ) [ 00]
store_ln165             (store         ) [ 00]
br_ln166                (br            ) [ 00]
br_ln167                (br            ) [ 00]
br_ln117                (br            ) [ 00]
store_ln118             (store         ) [ 00]
store_ln119             (store         ) [ 00]
store_ln120             (store         ) [ 00]
store_ln121             (store         ) [ 00]
store_ln122             (store         ) [ 00]
store_ln123             (store         ) [ 00]
store_ln124             (store         ) [ 00]
store_ln125             (store         ) [ 00]
store_ln126             (store         ) [ 00]
store_ln127             (store         ) [ 00]
store_ln129             (store         ) [ 00]
store_ln130             (store         ) [ 00]
store_ln133             (store         ) [ 00]
write_ln134             (write         ) [ 00]
store_ln135             (store         ) [ 00]
write_ln136             (write         ) [ 00]
write_ln138             (write         ) [ 00]
write_ln139             (write         ) [ 00]
store_ln141             (store         ) [ 00]
store_ln146             (store         ) [ 00]
store_ln147             (store         ) [ 00]
br_ln148                (br            ) [ 00]
r_acc_valid_flag_2      (phi           ) [ 01]
phi_ln186               (phi           ) [ 00]
done1_seen_flag_2       (phi           ) [ 00]
empty                   (phi           ) [ 00]
br_ln0                  (br            ) [ 00]
store_ln128             (store         ) [ 00]
br_ln0                  (br            ) [ 00]
or_ln294                (or            ) [ 01]
br_ln294                (br            ) [ 00]
store_ln142             (store         ) [ 00]
br_ln0                  (br            ) [ 00]
or_ln295                (or            ) [ 01]
br_ln295                (br            ) [ 00]
store_ln143             (store         ) [ 00]
br_ln0                  (br            ) [ 00]
or_ln296                (or            ) [ 01]
br_ln296                (br            ) [ 00]
store_ln144             (store         ) [ 00]
br_ln0                  (br            ) [ 00]
or_ln297                (or            ) [ 01]
store_result_valid_load (load          ) [ 00]
and_ln301               (and           ) [ 00]
xor_ln301               (xor           ) [ 00]
or_ln301                (or            ) [ 00]
store_ln301             (store         ) [ 00]
r_acc_V_load            (load          ) [ 00]
write_ln303             (write         ) [ 00]
and_ln304               (and           ) [ 00]
write_ln304             (write         ) [ 00]
write_ln305             (write         ) [ 00]
write_ln307             (write         ) [ 00]
write_ln308             (write         ) [ 00]
br_ln297                (br            ) [ 00]
store_ln145             (store         ) [ 00]
br_ln0                  (br            ) [ 00]
ret_ln309               (ret           ) [ 00]
</LifeTime>

<model>

<comp_list>
<comp id="0" class="1000" name="a_i_valid">
<pin_list>
<pin id="1" dir="1" index="0" bw="1" slack="0"/>
</pin_list>
<bind>
<StgValue><ssdm name="a_i_valid"/></StgValue>
</bind>
</comp>

<comp id="2" class="1000" name="a_i_ready">
<pin_list>
<pin id="3" dir="1" index="0" bw="1" slack="0"/>
</pin_list>
<bind>
<StgValue><ssdm name="a_i_ready"/></StgValue>
</bind>
</comp>

<comp id="4" class="1000" name="a_i_data">
<pin_list>
<pin id="5" dir="1" index="0" bw="1" slack="0"/>
</pin_list>
<bind>
<StgValue><ssdm name="a_i_data"/></StgValue>
</bind>
</comp>

<comp id="6" class="1000" name="a_i_strb">
<pin_list>
<pin id="7" dir="1" index="0" bw="1" slack="2147483647"/>
</pin_list>
<bind>
<StgValue><ssdm name="a_i_strb"/></StgValue>
</bind>
</comp>

<comp id="8" class="1000" name="b_i_valid">
<pin_list>
<pin id="9" dir="1" index="0" bw="1" slack="0"/>
</pin_list>
<bind>
<StgValue><ssdm name="b_i_valid"/></StgValue>
</bind>
</comp>

<comp id="10" class="1000" name="b_i_ready">
<pin_list>
<pin id="11" dir="1" index="0" bw="1" slack="0"/>
</pin_list>
<bind>
<StgValue><ssdm name="b_i_ready"/></StgValue>
</bind>
</comp>

<comp id="12" class="1000" name="b_i_data">
<pin_list>
<pin id="13" dir="1" index="0" bw="1" slack="0"/>
</pin_list>
<bind>
<StgValue><ssdm name="b_i_data"/></StgValue>
</bind>
</comp>

<comp id="14" class="1000" name="b_i_strb">
<pin_list>
<pin id="15" dir="1" index="0" bw="1" slack="2147483647"/>
</pin_list>
<bind>
<StgValue><ssdm name="b_i_strb"/></StgValue>
</bind>
</comp>

<comp id="16" class="1000" name="c_i_valid">
<pin_list>
<pin id="17" dir="1" index="0" bw="1" slack="2147483647"/>
</pin_list>
<bind>
<StgValue><ssdm name="c_i_valid"/></StgValue>
</bind>
</comp>

<comp id="18" class="1000" name="c_i_ready">
<pin_list>
<pin id="19" dir="1" index="0" bw="1" slack="0"/>
</pin_list>
<bind>
<StgValue><ssdm name="c_i_ready"/></StgValue>
</bind>
</comp>

<comp id="20" class="1000" name="c_i_data">
<pin_list>
<pin id="21" dir="1" index="0" bw="1" slack="2147483647"/>
</pin_list>
<bind>
<StgValue><ssdm name="c_i_data"/></StgValue>
</bind>
</comp>

<comp id="22" class="1000" name="c_i_strb">
<pin_list>
<pin id="23" dir="1" index="0" bw="1" slack="2147483647"/>
</pin_list>
<bind>
<StgValue><ssdm name="c_i_strb"/></StgValue>
</bind>
</comp>

<comp id="24" class="1000" name="d_o_valid">
<pin_list>
<pin id="25" dir="1" index="0" bw="1" slack="0"/>
</pin_list>
<bind>
<StgValue><ssdm name="d_o_valid"/></StgValue>
</bind>
</comp>

<comp id="26" class="1000" name="d_o_ready">
<pin_list>
<pin id="27" dir="1" index="0" bw="1" slack="0"/>
</pin_list>
<bind>
<StgValue><ssdm name="d_o_ready"/></StgValue>
</bind>
</comp>

<comp id="28" class="1000" name="d_o_data">
<pin_list>
<pin id="29" dir="1" index="0" bw="1" slack="0"/>
</pin_list>
<bind>
<StgValue><ssdm name="d_o_data"/></StgValue>
</bind>
</comp>

<comp id="30" class="1000" name="d_o_strb">
<pin_list>
<pin id="31" dir="1" index="0" bw="1" slack="0"/>
</pin_list>
<bind>
<StgValue><ssdm name="d_o_strb"/></StgValue>
</bind>
</comp>

<comp id="32" class="1000" name="clear">
<pin_list>
<pin id="33" dir="1" index="0" bw="1" slack="0"/>
</pin_list>
<bind>
<StgValue><ssdm name="clear"/></StgValue>
</bind>
</comp>

<comp id="34" class="1000" name="enable">
<pin_list>
<pin id="35" dir="1" index="0" bw="1" slack="0"/>
</pin_list>
<bind>
<StgValue><ssdm name="enable"/></StgValue>
</bind>
</comp>

<comp id="36" class="1000" name="function_r">
<pin_list>
<pin id="37" dir="1" index="0" bw="1" slack="2147483647"/>
</pin_list>
<bind>
<StgValue><ssdm name="function_r"/></StgValue>
</bind>
</comp>

<comp id="38" class="1000" name="start_r">
<pin_list>
<pin id="39" dir="1" index="0" bw="1" slack="2147483647"/>
</pin_list>
<bind>
<StgValue><ssdm name="start_r"/></StgValue>
</bind>
</comp>

<comp id="40" class="1000" name="shift">
<pin_list>
<pin id="41" dir="1" index="0" bw="1" slack="0"/>
</pin_list>
<bind>
<StgValue><ssdm name="shift"/></StgValue>
</bind>
</comp>

<comp id="42" class="1000" name="len">
<pin_list>
<pin id="43" dir="1" index="0" bw="1" slack="0"/>
</pin_list>
<bind>
<StgValue><ssdm name="len"/></StgValue>
</bind>
</comp>

<comp id="44" class="1000" name="f_cnt">
<pin_list>
<pin id="45" dir="1" index="0" bw="1" slack="0"/>
</pin_list>
<bind>
<StgValue><ssdm name="f_cnt"/></StgValue>
</bind>
</comp>

<comp id="46" class="1000" name="f_valid">
<pin_list>
<pin id="47" dir="1" index="0" bw="1" slack="0"/>
</pin_list>
<bind>
<StgValue><ssdm name="f_valid"/></StgValue>
</bind>
</comp>

<comp id="48" class="1000" name="buffer_1_rd">
<pin_list>
<pin id="49" dir="1" index="0" bw="1" slack="0"/>
</pin_list>
<bind>
<StgValue><ssdm name="buffer_1_rd"/></StgValue>
</bind>
</comp>

<comp id="50" class="1000" name="buffer_1_rd1">
<pin_list>
<pin id="51" dir="1" index="0" bw="1" slack="0"/>
</pin_list>
<bind>
<StgValue><ssdm name="buffer_1_rd1"/></StgValue>
</bind>
</comp>

<comp id="52" class="1000" name="buffer_1_rd2">
<pin_list>
<pin id="53" dir="1" index="0" bw="1" slack="0"/>
</pin_list>
<bind>
<StgValue><ssdm name="buffer_1_rd2"/></StgValue>
</bind>
</comp>

<comp id="54" class="1000" name="buffer_1_rd3">
<pin_list>
<pin id="55" dir="1" index="0" bw="1" slack="0"/>
</pin_list>
<bind>
<StgValue><ssdm name="buffer_1_rd3"/></StgValue>
</bind>
</comp>

<comp id="56" class="1000" name="buffer_1_wr">
<pin_list>
<pin id="57" dir="1" index="0" bw="1" slack="0"/>
</pin_list>
<bind>
<StgValue><ssdm name="buffer_1_wr"/><MemPortTyVec>0 3 </MemPortTyVec>
</StgValue>
</bind>
</comp>

<comp id="58" class="1000" name="buffer_1_wr1">
<pin_list>
<pin id="59" dir="1" index="0" bw="1" slack="0"/>
</pin_list>
<bind>
<StgValue><ssdm name="buffer_1_wr1"/><MemPortTyVec>0 3 </MemPortTyVec>
</StgValue>
</bind>
</comp>

<comp id="60" class="1000" name="buffer_1_wr2a">
<pin_list>
<pin id="61" dir="1" index="0" bw="1" slack="0"/>
</pin_list>
<bind>
<StgValue><ssdm name="buffer_1_wr2a"/><MemPortTyVec>0 3 </MemPortTyVec>
</StgValue>
</bind>
</comp>

<comp id="62" class="1000" name="buffer_1_wr2b">
<pin_list>
<pin id="63" dir="1" index="0" bw="1" slack="0"/>
</pin_list>
<bind>
<StgValue><ssdm name="buffer_1_wr2b"/><MemPortTyVec>0 3 </MemPortTyVec>
</StgValue>
</bind>
</comp>

<comp id="64" class="1000" name="buffer_1_wr3a">
<pin_list>
<pin id="65" dir="1" index="0" bw="1" slack="0"/>
</pin_list>
<bind>
<StgValue><ssdm name="buffer_1_wr3a"/><MemPortTyVec>0 3 </MemPortTyVec>
</StgValue>
</bind>
</comp>

<comp id="66" class="1000" name="buffer_1_wr3b">
<pin_list>
<pin id="67" dir="1" index="0" bw="1" slack="0"/>
</pin_list>
<bind>
<StgValue><ssdm name="buffer_1_wr3b"/><MemPortTyVec>0 3 </MemPortTyVec>
</StgValue>
</bind>
</comp>

<comp id="68" class="1000" name="compute_start1">
<pin_list>
<pin id="69" dir="1" index="0" bw="1" slack="0"/>
</pin_list>
<bind>
<StgValue><ssdm name="compute_start1"/></StgValue>
</bind>
</comp>

<comp id="70" class="1000" name="compute_done1">
<pin_list>
<pin id="71" dir="1" index="0" bw="1" slack="0"/>
</pin_list>
<bind>
<StgValue><ssdm name="compute_done1"/></StgValue>
</bind>
</comp>

<comp id="72" class="1000" name="compute_start2">
<pin_list>
<pin id="73" dir="1" index="0" bw="1" slack="0"/>
</pin_list>
<bind>
<StgValue><ssdm name="compute_start2"/></StgValue>
</bind>
</comp>

<comp id="74" class="1000" name="compute_done2">
<pin_list>
<pin id="75" dir="1" index="0" bw="1" slack="0"/>
</pin_list>
<bind>
<StgValue><ssdm name="compute_done2"/></StgValue>
</bind>
</comp>

<comp id="76" class="1000" name="slave_start1">
<pin_list>
<pin id="77" dir="1" index="0" bw="1" slack="0"/>
</pin_list>
<bind>
<StgValue><ssdm name="slave_start1"/></StgValue>
</bind>
</comp>

<comp id="78" class="1000" name="slave_done1">
<pin_list>
<pin id="79" dir="1" index="0" bw="1" slack="0"/>
</pin_list>
<bind>
<StgValue><ssdm name="slave_done1"/></StgValue>
</bind>
</comp>

<comp id="80" class="1000" name="slave_start2">
<pin_list>
<pin id="81" dir="1" index="0" bw="1" slack="0"/>
</pin_list>
<bind>
<StgValue><ssdm name="slave_start2"/></StgValue>
</bind>
</comp>

<comp id="82" class="1000" name="slave_done2">
<pin_list>
<pin id="83" dir="1" index="0" bw="1" slack="0"/>
</pin_list>
<bind>
<StgValue><ssdm name="slave_done2"/></StgValue>
</bind>
</comp>

<comp id="84" class="1000" name="phase1">
<pin_list>
<pin id="85" dir="1" index="0" bw="1" slack="0"/>
</pin_list>
<bind>
<StgValue><ssdm name="phase1"/></StgValue>
</bind>
</comp>

<comp id="86" class="1000" name="phase2">
<pin_list>
<pin id="87" dir="1" index="0" bw="1" slack="0"/>
</pin_list>
<bind>
<StgValue><ssdm name="phase2"/></StgValue>
</bind>
</comp>

<comp id="88" class="1000" name="buffer_ok">
<pin_list>
<pin id="89" dir="1" index="0" bw="1" slack="0"/>
</pin_list>
<bind>
<StgValue><ssdm name="buffer_ok"/></StgValue>
</bind>
</comp>

<comp id="90" class="1000" name="r_acc_valid">
<pin_list>
<pin id="91" dir="1" index="0" bw="1" slack="0"/>
</pin_list>
<bind>
<StgValue><ssdm name="r_acc_valid"/></StgValue>
</bind>
</comp>

<comp id="92" class="1000" name="state">
<pin_list>
<pin id="93" dir="1" index="0" bw="1" slack="0"/>
</pin_list>
<bind>
<StgValue><ssdm name="state"/></StgValue>
</bind>
</comp>

<comp id="94" class="1000" name="b_count_V">
<pin_list>
<pin id="95" dir="1" index="0" bw="1" slack="0"/>
</pin_list>
<bind>
<StgValue><ssdm name="b_count_V"/></StgValue>
</bind>
</comp>

<comp id="96" class="1000" name="r_cnt_V">
<pin_list>
<pin id="97" dir="1" index="0" bw="1" slack="0"/>
</pin_list>
<bind>
<StgValue><ssdm name="r_cnt_V"/></StgValue>
</bind>
</comp>

<comp id="98" class="1000" name="done1_seen">
<pin_list>
<pin id="99" dir="1" index="0" bw="1" slack="0"/>
</pin_list>
<bind>
<StgValue><ssdm name="done1_seen"/></StgValue>
</bind>
</comp>

<comp id="100" class="1000" name="done2_seen">
<pin_list>
<pin id="101" dir="1" index="0" bw="1" slack="0"/>
</pin_list>
<bind>
<StgValue><ssdm name="done2_seen"/></StgValue>
</bind>
</comp>

<comp id="102" class="1000" name="slave_done1_seen">
<pin_list>
<pin id="103" dir="1" index="0" bw="1" slack="0"/>
</pin_list>
<bind>
<StgValue><ssdm name="slave_done1_seen"/></StgValue>
</bind>
</comp>

<comp id="104" class="1000" name="slave_done2_seen">
<pin_list>
<pin id="105" dir="1" index="0" bw="1" slack="0"/>
</pin_list>
<bind>
<StgValue><ssdm name="slave_done2_seen"/></StgValue>
</bind>
</comp>

<comp id="106" class="1000" name="i_phase1">
<pin_list>
<pin id="107" dir="1" index="0" bw="1" slack="0"/>
</pin_list>
<bind>
<StgValue><ssdm name="i_phase1"/></StgValue>
</bind>
</comp>

<comp id="108" class="1000" name="i_phase2">
<pin_list>
<pin id="109" dir="1" index="0" bw="1" slack="0"/>
</pin_list>
<bind>
<StgValue><ssdm name="i_phase2"/></StgValue>
</bind>
</comp>

<comp id="110" class="1000" name="j_a">
<pin_list>
<pin id="111" dir="1" index="0" bw="1" slack="0"/>
</pin_list>
<bind>
<StgValue><ssdm name="j_a"/></StgValue>
</bind>
</comp>

<comp id="112" class="1000" name="j_b">
<pin_list>
<pin id="113" dir="1" index="0" bw="1" slack="0"/>
</pin_list>
<bind>
<StgValue><ssdm name="j_b"/></StgValue>
</bind>
</comp>

<comp id="114" class="1000" name="j2a">
<pin_list>
<pin id="115" dir="1" index="0" bw="1" slack="0"/>
</pin_list>
<bind>
<StgValue><ssdm name="j2a"/></StgValue>
</bind>
</comp>

<comp id="116" class="1000" name="j2b">
<pin_list>
<pin id="117" dir="1" index="0" bw="1" slack="0"/>
</pin_list>
<bind>
<StgValue><ssdm name="j2b"/></StgValue>
</bind>
</comp>

<comp id="118" class="1000" name="j3a">
<pin_list>
<pin id="119" dir="1" index="0" bw="1" slack="0"/>
</pin_list>
<bind>
<StgValue><ssdm name="j3a"/></StgValue>
</bind>
</comp>

<comp id="120" class="1000" name="j3b">
<pin_list>
<pin id="121" dir="1" index="0" bw="1" slack="0"/>
</pin_list>
<bind>
<StgValue><ssdm name="j3b"/></StgValue>
</bind>
</comp>

<comp id="122" class="1000" name="r_acc_V">
<pin_list>
<pin id="123" dir="1" index="0" bw="1" slack="0"/>
</pin_list>
<bind>
<StgValue><ssdm name="r_acc_V"/></StgValue>
</bind>
</comp>

<comp id="124" class="1000" name="i">
<pin_list>
<pin id="125" dir="1" index="0" bw="1" slack="0"/>
</pin_list>
<bind>
<StgValue><ssdm name="i"/></StgValue>
</bind>
</comp>

<comp id="126" class="1000" name="store_result_valid">
<pin_list>
<pin id="127" dir="1" index="0" bw="1" slack="0"/>
</pin_list>
<bind>
<StgValue><ssdm name="store_result_valid"/></StgValue>
</bind>
</comp>

<comp id="128" class="1000" name="compute_launched">
<pin_list>
<pin id="129" dir="1" index="0" bw="1" slack="0"/>
</pin_list>
<bind>
<StgValue><ssdm name="compute_launched"/></StgValue>
</bind>
</comp>

<comp id="130" class="1000" name="compute_launched2">
<pin_list>
<pin id="131" dir="1" index="0" bw="1" slack="0"/>
</pin_list>
<bind>
<StgValue><ssdm name="compute_launched2"/></StgValue>
</bind>
</comp>

<comp id="132" class="1000" name="store_result_ready">
<pin_list>
<pin id="133" dir="1" index="0" bw="1" slack="0"/>
</pin_list>
<bind>
<StgValue><ssdm name="store_result_ready"/></StgValue>
</bind>
</comp>

<comp id="134" class="1001" name="const_134">
<pin_list>
<pin id="135" dir="1" index="0" bw="1" slack="2147483647"/>
</pin_list>
<bind>
<StgValue><ssdm name="_ssdm_op_SpecTopModule"/></StgValue>
</bind>
</comp>

<comp id="136" class="1001" name="const_136">
<pin_list>
<pin id="137" dir="1" index="0" bw="1" slack="2147483647"/>
</pin_list>
<bind>
<StgValue><ssdm name="empty_4"/></StgValue>
</bind>
</comp>

<comp id="138" class="1001" name="const_138">
<pin_list>
<pin id="139" dir="1" index="0" bw="1" slack="2147483647"/>
</pin_list>
<bind>
<StgValue><ssdm name="_ssdm_op_SpecInterface"/></StgValue>
</bind>
</comp>

<comp id="140" class="1001" name="const_140">
<pin_list>
<pin id="141" dir="1" index="0" bw="1" slack="0"/>
</pin_list>
<bind>
<StgValue><ssdm name=""/></StgValue>
</bind>
</comp>

<comp id="142" class="1001" name="const_142">
<pin_list>
<pin id="143" dir="1" index="0" bw="1" slack="2147483647"/>
</pin_list>
<bind>
<StgValue><ssdm name="empty_5"/></StgValue>
</bind>
</comp>

<comp id="144" class="1001" name="const_144">
<pin_list>
<pin id="145" dir="1" index="0" bw="1" slack="2147483647"/>
</pin_list>
<bind>
<StgValue><ssdm name="empty_0"/></StgValue>
</bind>
</comp>

<comp id="146" class="1001" name="const_146">
<pin_list>
<pin id="147" dir="1" index="0" bw="1" slack="2147483647"/>
</pin_list>
<bind>
<StgValue><ssdm name=""/></StgValue>
</bind>
</comp>

<comp id="148" class="1001" name="const_148">
<pin_list>
<pin id="149" dir="1" index="0" bw="1" slack="0"/>
</pin_list>
<bind>
<StgValue><ssdm name="_ssdm_op_Read.ap_none.i1"/></StgValue>
</bind>
</comp>

<comp id="150" class="1001" name="const_150">
<pin_list>
<pin id="151" dir="1" index="0" bw="1" slack="0"/>
</pin_list>
<bind>
<StgValue><ssdm name="_ssdm_op_Read.ap_auto.i11"/></StgValue>
</bind>
</comp>

<comp id="152" class="1001" name="const_152">
<pin_list>
<pin id="153" dir="1" index="0" bw="1" slack="0"/>
</pin_list>
<bind>
<StgValue><ssdm name="_ssdm_op_Read.ap_auto.i5"/></StgValue>
</bind>
</comp>

<comp id="154" class="1001" name="const_154">
<pin_list>
<pin id="155" dir="1" index="0" bw="1" slack="0"/>
</pin_list>
<bind>
<StgValue><ssdm name="_ssdm_op_Read.ap_auto.i1"/></StgValue>
</bind>
</comp>

<comp id="156" class="1001" name="const_156">
<pin_list>
<pin id="157" dir="1" index="0" bw="1" slack="2147483647"/>
</pin_list>
<bind>
<StgValue><ssdm name="_ssdm_op_SpecBitsMap"/></StgValue>
</bind>
</comp>

<comp id="158" class="1001" name="const_158">
<pin_list>
<pin id="159" dir="1" index="0" bw="1" slack="2147483647"/>
</pin_list>
<bind>
<StgValue><ssdm name="empty"/></StgValue>
</bind>
</comp>

<comp id="160" class="1001" name="const_160">
<pin_list>
<pin id="161" dir="1" index="0" bw="1" slack="2147483647"/>
</pin_list>
<bind>
<StgValue><ssdm name="empty_1"/></StgValue>
</bind>
</comp>

<comp id="162" class="1001" name="const_162">
<pin_list>
<pin id="163" dir="1" index="0" bw="1" slack="2147483647"/>
</pin_list>
<bind>
<StgValue><ssdm name="empty_2"/></StgValue>
</bind>
</comp>

<comp id="164" class="1001" name="const_164">
<pin_list>
<pin id="165" dir="1" index="0" bw="1" slack="2147483647"/>
</pin_list>
<bind>
<StgValue><ssdm name="empty_3"/></StgValue>
</bind>
</comp>

<comp id="166" class="1001" name="const_166">
<pin_list>
<pin id="167" dir="1" index="0" bw="1" slack="0"/>
</pin_list>
<bind>
<StgValue><ssdm name=""/></StgValue>
</bind>
</comp>

<comp id="168" class="1001" name="const_168">
<pin_list>
<pin id="169" dir="1" index="0" bw="1" slack="0"/>
</pin_list>
<bind>
<StgValue><ssdm name="_ssdm_op_Write.ap_none.i1P0A"/></StgValue>
</bind>
</comp>

<comp id="170" class="1001" name="const_170">
<pin_list>
<pin id="171" dir="1" index="0" bw="1" slack="0"/>
</pin_list>
<bind>
<StgValue><ssdm name="_ssdm_op_Read.ap_none.i1P0A"/></StgValue>
</bind>
</comp>

<comp id="172" class="1001" name="const_172">
<pin_list>
<pin id="173" dir="1" index="0" bw="1" slack="0"/>
</pin_list>
<bind>
<StgValue><ssdm name="_ssdm_op_Read.ap_none.i32P0A"/></StgValue>
</bind>
</comp>

<comp id="174" class="1001" name="const_174">
<pin_list>
<pin id="175" dir="1" index="0" bw="1" slack="0"/>
</pin_list>
<bind>
<StgValue><ssdm name=""/></StgValue>
</bind>
</comp>

<comp id="176" class="1001" name="const_176">
<pin_list>
<pin id="177" dir="1" index="0" bw="1" slack="0"/>
</pin_list>
<bind>
<StgValue><ssdm name=""/></StgValue>
</bind>
</comp>

<comp id="178" class="1001" name="const_178">
<pin_list>
<pin id="179" dir="1" index="0" bw="1" slack="0"/>
</pin_list>
<bind>
<StgValue><ssdm name=""/></StgValue>
</bind>
</comp>

<comp id="180" class="1001" name="const_180">
<pin_list>
<pin id="181" dir="1" index="0" bw="1" slack="0"/>
</pin_list>
<bind>
<StgValue><ssdm name=""/></StgValue>
</bind>
</comp>

<comp id="182" class="1001" name="const_182">
<pin_list>
<pin id="183" dir="1" index="0" bw="1" slack="0"/>
</pin_list>
<bind>
<StgValue><ssdm name=""/></StgValue>
</bind>
</comp>

<comp id="184" class="1001" name="const_184">
<pin_list>
<pin id="185" dir="1" index="0" bw="1" slack="0"/>
</pin_list>
<bind>
<StgValue><ssdm name=""/></StgValue>
</bind>
</comp>

<comp id="186" class="1001" name="const_186">
<pin_list>
<pin id="187" dir="1" index="0" bw="1" slack="0"/>
</pin_list>
<bind>
<StgValue><ssdm name=""/></StgValue>
</bind>
</comp>

<comp id="188" class="1001" name="const_188">
<pin_list>
<pin id="189" dir="1" index="0" bw="1" slack="0"/>
</pin_list>
<bind>
<StgValue><ssdm name="_ssdm_op_NbReadReq.ap_fifo.i32P0A"/></StgValue>
</bind>
</comp>

<comp id="190" class="1001" name="const_190">
<pin_list>
<pin id="191" dir="1" index="0" bw="1" slack="0"/>
</pin_list>
<bind>
<StgValue><ssdm name=""/></StgValue>
</bind>
</comp>

<comp id="192" class="1001" name="const_192">
<pin_list>
<pin id="193" dir="1" index="0" bw="1" slack="0"/>
</pin_list>
<bind>
<StgValue><ssdm name="_ssdm_op_PartSelect.i28.i32.i32.i32"/></StgValue>
</bind>
</comp>

<comp id="194" class="1001" name="const_194">
<pin_list>
<pin id="195" dir="1" index="0" bw="1" slack="0"/>
</pin_list>
<bind>
<StgValue><ssdm name=""/></StgValue>
</bind>
</comp>

<comp id="196" class="1001" name="const_196">
<pin_list>
<pin id="197" dir="1" index="0" bw="1" slack="0"/>
</pin_list>
<bind>
<StgValue><ssdm name=""/></StgValue>
</bind>
</comp>

<comp id="198" class="1001" name="const_198">
<pin_list>
<pin id="199" dir="1" index="0" bw="1" slack="0"/>
</pin_list>
<bind>
<StgValue><ssdm name=""/></StgValue>
</bind>
</comp>

<comp id="200" class="1001" name="const_200">
<pin_list>
<pin id="201" dir="1" index="0" bw="1" slack="0"/>
</pin_list>
<bind>
<StgValue><ssdm name="_ssdm_op_PartSelect.i27.i32.i32.i32"/></StgValue>
</bind>
</comp>

<comp id="202" class="1001" name="const_202">
<pin_list>
<pin id="203" dir="1" index="0" bw="1" slack="0"/>
</pin_list>
<bind>
<StgValue><ssdm name=""/></StgValue>
</bind>
</comp>

<comp id="204" class="1001" name="const_204">
<pin_list>
<pin id="205" dir="1" index="0" bw="1" slack="0"/>
</pin_list>
<bind>
<StgValue><ssdm name=""/></StgValue>
</bind>
</comp>

<comp id="206" class="1001" name="const_206">
<pin_list>
<pin id="207" dir="1" index="0" bw="1" slack="0"/>
</pin_list>
<bind>
<StgValue><ssdm name=""/></StgValue>
</bind>
</comp>

<comp id="208" class="1001" name="const_208">
<pin_list>
<pin id="209" dir="1" index="0" bw="1" slack="0"/>
</pin_list>
<bind>
<StgValue><ssdm name="_ssdm_op_Read.ap_fifo.volatile.i32P0A"/></StgValue>
</bind>
</comp>

<comp id="210" class="1001" name="const_210">
<pin_list>
<pin id="211" dir="1" index="0" bw="1" slack="0"/>
</pin_list>
<bind>
<StgValue><ssdm name=""/></StgValue>
</bind>
</comp>

<comp id="212" class="1001" name="const_212">
<pin_list>
<pin id="213" dir="1" index="0" bw="1" slack="0"/>
</pin_list>
<bind>
<StgValue><ssdm name=""/></StgValue>
</bind>
</comp>

<comp id="214" class="1001" name="const_214">
<pin_list>
<pin id="215" dir="1" index="0" bw="1" slack="0"/>
</pin_list>
<bind>
<StgValue><ssdm name="_ssdm_op_Write.ap_auto.i1P0A"/></StgValue>
</bind>
</comp>

<comp id="216" class="1001" name="const_216">
<pin_list>
<pin id="217" dir="1" index="0" bw="1" slack="0"/>
</pin_list>
<bind>
<StgValue><ssdm name="_ssdm_op_BitSelect.i1.i4.i32"/></StgValue>
</bind>
</comp>

<comp id="218" class="1001" name="const_218">
<pin_list>
<pin id="219" dir="1" index="0" bw="1" slack="0"/>
</pin_list>
<bind>
<StgValue><ssdm name=""/></StgValue>
</bind>
</comp>

<comp id="220" class="1001" name="const_220">
<pin_list>
<pin id="221" dir="1" index="0" bw="1" slack="0"/>
</pin_list>
<bind>
<StgValue><ssdm name="_ssdm_op_BitConcatenate.i64.i32.i32"/></StgValue>
</bind>
</comp>

<comp id="222" class="1001" name="const_222">
<pin_list>
<pin id="223" dir="1" index="0" bw="1" slack="0"/>
</pin_list>
<bind>
<StgValue><ssdm name=""/></StgValue>
</bind>
</comp>

<comp id="224" class="1001" name="const_224">
<pin_list>
<pin id="225" dir="1" index="0" bw="1" slack="0"/>
</pin_list>
<bind>
<StgValue><ssdm name=""/></StgValue>
</bind>
</comp>

<comp id="226" class="1001" name="const_226">
<pin_list>
<pin id="227" dir="1" index="0" bw="1" slack="0"/>
</pin_list>
<bind>
<StgValue><ssdm name=""/></StgValue>
</bind>
</comp>

<comp id="228" class="1001" name="const_228">
<pin_list>
<pin id="229" dir="1" index="0" bw="1" slack="0"/>
</pin_list>
<bind>
<StgValue><ssdm name=""/></StgValue>
</bind>
</comp>

<comp id="230" class="1001" name="const_230">
<pin_list>
<pin id="231" dir="1" index="0" bw="1" slack="0"/>
</pin_list>
<bind>
<StgValue><ssdm name="_ssdm_op_Write.ap_none.i32P0A"/></StgValue>
</bind>
</comp>

<comp id="232" class="1001" name="const_232">
<pin_list>
<pin id="233" dir="1" index="0" bw="1" slack="0"/>
</pin_list>
<bind>
<StgValue><ssdm name="_ssdm_op_Write.ap_none.i4P0A"/></StgValue>
</bind>
</comp>

<comp id="234" class="1001" name="const_234">
<pin_list>
<pin id="235" dir="1" index="0" bw="1" slack="0"/>
</pin_list>
<bind>
<StgValue><ssdm name=""/></StgValue>
</bind>
</comp>

<comp id="236" class="1001" name="const_236">
<pin_list>
<pin id="237" dir="1" index="0" bw="1" slack="0"/>
</pin_list>
<bind>
<StgValue><ssdm name="_ssdm_op_Write.ap_auto.i11P0A"/></StgValue>
</bind>
</comp>

<comp id="238" class="1004" name="slave_done2_read_read_fu_238">
<pin_list>
<pin id="239" dir="0" index="0" bw="1" slack="0"/>
<pin id="240" dir="0" index="1" bw="1" slack="0"/>
<pin id="241" dir="1" index="2" bw="1" slack="0"/>
</pin_list>
<bind>
<opcode="read(1150) " fcode="read"/>
<opset="slave_done2_read/1 "/>
</bind>
</comp>

<comp id="244" class="1004" name="slave_done1_read_read_fu_244">
<pin_list>
<pin id="245" dir="0" index="0" bw="1" slack="0"/>
<pin id="246" dir="0" index="1" bw="1" slack="0"/>
<pin id="247" dir="1" index="2" bw="1" slack="0"/>
</pin_list>
<bind>
<opcode="read(1150) " fcode="read"/>
<opset="slave_done1_read/1 "/>
</bind>
</comp>

<comp id="250" class="1004" name="compute_done2_read_read_fu_250">
<pin_list>
<pin id="251" dir="0" index="0" bw="1" slack="0"/>
<pin id="252" dir="0" index="1" bw="1" slack="0"/>
<pin id="253" dir="1" index="2" bw="1" slack="0"/>
</pin_list>
<bind>
<opcode="read(1150) " fcode="read"/>
<opset="compute_done2_read/1 "/>
</bind>
</comp>

<comp id="256" class="1004" name="compute_done1_read_read_fu_256">
<pin_list>
<pin id="257" dir="0" index="0" bw="1" slack="0"/>
<pin id="258" dir="0" index="1" bw="1" slack="0"/>
<pin id="259" dir="1" index="2" bw="1" slack="0"/>
</pin_list>
<bind>
<opcode="read(1150) " fcode="read"/>
<opset="compute_done1_read/1 "/>
</bind>
</comp>

<comp id="262" class="1004" name="len_read_read_fu_262">
<pin_list>
<pin id="263" dir="0" index="0" bw="11" slack="0"/>
<pin id="264" dir="0" index="1" bw="11" slack="0"/>
<pin id="265" dir="1" index="2" bw="11" slack="0"/>
</pin_list>
<bind>
<opcode="read(1150) " fcode="read"/>
<opset="len_read/1 "/>
</bind>
</comp>

<comp id="268" class="1004" name="shift_read_read_fu_268">
<pin_list>
<pin id="269" dir="0" index="0" bw="5" slack="0"/>
<pin id="270" dir="0" index="1" bw="5" slack="0"/>
<pin id="271" dir="1" index="2" bw="5" slack="0"/>
</pin_list>
<bind>
<opcode="read(1150) " fcode="read"/>
<opset="shift_read/1 "/>
</bind>
</comp>

<comp id="274" class="1004" name="enable_read_read_fu_274">
<pin_list>
<pin id="275" dir="0" index="0" bw="1" slack="0"/>
<pin id="276" dir="0" index="1" bw="1" slack="0"/>
<pin id="277" dir="1" index="2" bw="1" slack="0"/>
</pin_list>
<bind>
<opcode="read(1150) " fcode="read"/>
<opset="enable_read/1 "/>
</bind>
</comp>

<comp id="280" class="1004" name="clear_read_read_fu_280">
<pin_list>
<pin id="281" dir="0" index="0" bw="1" slack="0"/>
<pin id="282" dir="0" index="1" bw="1" slack="0"/>
<pin id="283" dir="1" index="2" bw="1" slack="2147483647"/>
</pin_list>
<bind>
<opcode="read(1150) " fcode="read"/>
<opset="clear_read/1 "/>
</bind>
</comp>

<comp id="286" class="1004" name="write_ln109_write_fu_286">
<pin_list>
<pin id="287" dir="0" index="0" bw="0" slack="0"/>
<pin id="288" dir="0" index="1" bw="1" slack="0"/>
<pin id="289" dir="0" index="2" bw="1" slack="0"/>
<pin id="290" dir="1" index="3" bw="0" slack="2147483647"/>
</pin_list>
<bind>
<opcode="write(1151) " fcode="write"/>
<opset="write_ln109/1 "/>
</bind>
</comp>

<comp id="293" class="1004" name="write_ln110_write_fu_293">
<pin_list>
<pin id="294" dir="0" index="0" bw="0" slack="0"/>
<pin id="295" dir="0" index="1" bw="1" slack="0"/>
<pin id="296" dir="0" index="2" bw="1" slack="0"/>
<pin id="297" dir="1" index="3" bw="0" slack="2147483647"/>
</pin_list>
<bind>
<opcode="write(1151) " fcode="write"/>
<opset="write_ln110/1 "/>
</bind>
</comp>

<comp id="300" class="1004" name="write_ln111_write_fu_300">
<pin_list>
<pin id="301" dir="0" index="0" bw="0" slack="0"/>
<pin id="302" dir="0" index="1" bw="1" slack="0"/>
<pin id="303" dir="0" index="2" bw="1" slack="0"/>
<pin id="304" dir="1" index="3" bw="0" slack="2147483647"/>
</pin_list>
<bind>
<opcode="write(1151) " fcode="write"/>
<opset="write_ln111/1 "/>
</bind>
</comp>

<comp id="308" class="1004" name="d_o_ready_read_read_fu_308">
<pin_list>
<pin id="309" dir="0" index="0" bw="1" slack="0"/>
<pin id="310" dir="0" index="1" bw="1" slack="0"/>
<pin id="311" dir="1" index="2" bw="1" slack="0"/>
</pin_list>
<bind>
<opcode="read(1150) " fcode="read"/>
<opset="d_o_ready_read/1 "/>
</bind>
</comp>

<comp id="314" class="1004" name="a_i_valid_read_read_fu_314">
<pin_list>
<pin id="315" dir="0" index="0" bw="1" slack="0"/>
<pin id="316" dir="0" index="1" bw="1" slack="0"/>
<pin id="317" dir="1" index="2" bw="1" slack="0"/>
</pin_list>
<bind>
<opcode="read(1150) " fcode="read"/>
<opset="a_i_valid_read/1 "/>
</bind>
</comp>

<comp id="320" class="1004" name="b_i_valid_read_read_fu_320">
<pin_list>
<pin id="321" dir="0" index="0" bw="1" slack="0"/>
<pin id="322" dir="0" index="1" bw="1" slack="0"/>
<pin id="323" dir="1" index="2" bw="1" slack="0"/>
</pin_list>
<bind>
<opcode="read(1150) " fcode="read"/>
<opset="b_i_valid_read/1 "/>
</bind>
</comp>

<comp id="326" class="1004" name="tmp_a_V_read_fu_326">
<pin_list>
<pin id="327" dir="0" index="0" bw="32" slack="0"/>
<pin id="328" dir="0" index="1" bw="32" slack="0"/>
<pin id="329" dir="1" index="2" bw="32" slack="0"/>
</pin_list>
<bind>
<opcode="read(1150) " fcode="read"/>
<opset="tmp_a_V/1 "/>
</bind>
</comp>

<comp id="332" class="1004" name="tmp_b_V_read_fu_332">
<pin_list>
<pin id="333" dir="0" index="0" bw="32" slack="0"/>
<pin id="334" dir="0" index="1" bw="32" slack="0"/>
<pin id="335" dir="1" index="2" bw="32" slack="0"/>
</pin_list>
<bind>
<opcode="read(1150) " fcode="read"/>
<opset="tmp_b_V/1 "/>
</bind>
</comp>

<comp id="338" class="1004" name="tmp_nbreadreq_fu_338">
<pin_list>
<pin id="339" dir="0" index="0" bw="1" slack="0"/>
<pin id="340" dir="0" index="1" bw="32" slack="0"/>
<pin id="341" dir="0" index="2" bw="1" slack="0"/>
<pin id="342" dir="1" index="3" bw="1" slack="0"/>
</pin_list>
<bind>
<opcode="nbreadreq(1156) " fcode="nbreadreq"/>
<opset="tmp/1 "/>
</bind>
</comp>

<comp id="346" class="1004" name="tmp_1_nbreadreq_fu_346">
<pin_list>
<pin id="347" dir="0" index="0" bw="1" slack="0"/>
<pin id="348" dir="0" index="1" bw="32" slack="0"/>
<pin id="349" dir="0" index="2" bw="1" slack="0"/>
<pin id="350" dir="1" index="3" bw="1" slack="0"/>
</pin_list>
<bind>
<opcode="nbreadreq(1156) " fcode="nbreadreq"/>
<opset="tmp_1/1 "/>
</bind>
</comp>

<comp id="354" class="1004" name="tmp_2_nbreadreq_fu_354">
<pin_list>
<pin id="355" dir="0" index="0" bw="1" slack="0"/>
<pin id="356" dir="0" index="1" bw="32" slack="0"/>
<pin id="357" dir="0" index="2" bw="1" slack="0"/>
<pin id="358" dir="1" index="3" bw="1" slack="0"/>
</pin_list>
<bind>
<opcode="nbreadreq(1156) " fcode="nbreadreq"/>
<opset="tmp_2/1 "/>
</bind>
</comp>

<comp id="362" class="1004" name="buffer_1_rd3_read_read_fu_362">
<pin_list>
<pin id="363" dir="0" index="0" bw="32" slack="0"/>
<pin id="364" dir="0" index="1" bw="32" slack="0"/>
<pin id="365" dir="1" index="2" bw="32" slack="0"/>
</pin_list>
<bind>
<opcode="read(1150) " fcode="read"/>
<opset="buffer_1_rd3_read/1 "/>
</bind>
</comp>

<comp id="368" class="1004" name="buffer_1_rd2_read_read_fu_368">
<pin_list>
<pin id="369" dir="0" index="0" bw="32" slack="0"/>
<pin id="370" dir="0" index="1" bw="32" slack="0"/>
<pin id="371" dir="1" index="2" bw="32" slack="0"/>
</pin_list>
<bind>
<opcode="read(1150) " fcode="read"/>
<opset="buffer_1_rd2_read/1 "/>
</bind>
</comp>

<comp id="374" class="1004" name="buffer_1_rd1_read_read_fu_374">
<pin_list>
<pin id="375" dir="0" index="0" bw="32" slack="0"/>
<pin id="376" dir="0" index="1" bw="32" slack="0"/>
<pin id="377" dir="1" index="2" bw="32" slack="0"/>
</pin_list>
<bind>
<opcode="read(1150) " fcode="read"/>
<opset="buffer_1_rd1_read/1 "/>
</bind>
</comp>

<comp id="380" class="1004" name="buffer_1_rd_read_read_fu_380">
<pin_list>
<pin id="381" dir="0" index="0" bw="32" slack="0"/>
<pin id="382" dir="0" index="1" bw="32" slack="0"/>
<pin id="383" dir="1" index="2" bw="32" slack="0"/>
</pin_list>
<bind>
<opcode="read(1150) " fcode="read"/>
<opset="buffer_1_rd_read/1 "/>
</bind>
</comp>

<comp id="386" class="1004" name="write_ln207_write_fu_386">
<pin_list>
<pin id="387" dir="0" index="0" bw="0" slack="0"/>
<pin id="388" dir="0" index="1" bw="1" slack="0"/>
<pin id="389" dir="0" index="2" bw="1" slack="0"/>
<pin id="390" dir="1" index="3" bw="0" slack="2147483647"/>
</pin_list>
<bind>
<opcode="write(1151) " fcode="write"/>
<opset="write_ln207/1 "/>
</bind>
</comp>

<comp id="393" class="1004" name="grp_write_fu_393">
<pin_list>
<pin id="394" dir="0" index="0" bw="0" slack="0"/>
<pin id="395" dir="0" index="1" bw="1" slack="0"/>
<pin id="396" dir="0" index="2" bw="1" slack="0"/>
<pin id="397" dir="1" index="3" bw="0" slack="2147483647"/>
</pin_list>
<bind>
<opcode="write(1151) " fcode="write"/>
<opset="write_ln208/1 write_ln213/1 write_ln136/1 "/>
</bind>
</comp>

<comp id="401" class="1004" name="grp_write_fu_401">
<pin_list>
<pin id="402" dir="0" index="0" bw="0" slack="0"/>
<pin id="403" dir="0" index="1" bw="1" slack="0"/>
<pin id="404" dir="0" index="2" bw="1" slack="0"/>
<pin id="405" dir="1" index="3" bw="0" slack="2147483647"/>
</pin_list>
<bind>
<opcode="write(1151) " fcode="write"/>
<opset="write_ln209/1 write_ln214/1 write_ln138/1 "/>
</bind>
</comp>

<comp id="409" class="1004" name="grp_write_fu_409">
<pin_list>
<pin id="410" dir="0" index="0" bw="0" slack="0"/>
<pin id="411" dir="0" index="1" bw="1" slack="0"/>
<pin id="412" dir="0" index="2" bw="1" slack="0"/>
<pin id="413" dir="1" index="3" bw="0" slack="2147483647"/>
</pin_list>
<bind>
<opcode="write(1151) " fcode="write"/>
<opset="write_ln210/1 write_ln215/1 write_ln139/1 "/>
</bind>
</comp>

<comp id="420" class="1004" name="write_ln191_write_fu_420">
<pin_list>
<pin id="421" dir="0" index="0" bw="0" slack="0"/>
<pin id="422" dir="0" index="1" bw="1" slack="0"/>
<pin id="423" dir="0" index="2" bw="1" slack="0"/>
<pin id="424" dir="1" index="3" bw="0" slack="2147483647"/>
</pin_list>
<bind>
<opcode="write(1151) " fcode="write"/>
<opset="write_ln191/1 "/>
</bind>
</comp>

<comp id="427" class="1004" name="grp_write_fu_427">
<pin_list>
<pin id="428" dir="0" index="0" bw="0" slack="0"/>
<pin id="429" dir="0" index="1" bw="1" slack="0"/>
<pin id="430" dir="0" index="2" bw="1" slack="0"/>
<pin id="431" dir="1" index="3" bw="0" slack="2147483647"/>
</pin_list>
<bind>
<opcode="write(1151) " fcode="write"/>
<opset="write_ln192/1 write_ln195/1 write_ln134/1 "/>
</bind>
</comp>

<comp id="436" class="1004" name="write_ln303_write_fu_436">
<pin_list>
<pin id="437" dir="0" index="0" bw="0" slack="0"/>
<pin id="438" dir="0" index="1" bw="32" slack="0"/>
<pin id="439" dir="0" index="2" bw="32" slack="0"/>
<pin id="440" dir="1" index="3" bw="0" slack="2147483647"/>
</pin_list>
<bind>
<opcode="write(1151) " fcode="write"/>
<opset="write_ln303/1 "/>
</bind>
</comp>

<comp id="443" class="1004" name="write_ln304_write_fu_443">
<pin_list>
<pin id="444" dir="0" index="0" bw="0" slack="0"/>
<pin id="445" dir="0" index="1" bw="1" slack="0"/>
<pin id="446" dir="0" index="2" bw="1" slack="0"/>
<pin id="447" dir="1" index="3" bw="0" slack="2147483647"/>
</pin_list>
<bind>
<opcode="write(1151) " fcode="write"/>
<opset="write_ln304/1 "/>
</bind>
</comp>

<comp id="450" class="1004" name="write_ln305_write_fu_450">
<pin_list>
<pin id="451" dir="0" index="0" bw="0" slack="0"/>
<pin id="452" dir="0" index="1" bw="4" slack="0"/>
<pin id="453" dir="0" index="2" bw="1" slack="0"/>
<pin id="454" dir="1" index="3" bw="0" slack="2147483647"/>
</pin_list>
<bind>
<opcode="write(1151) " fcode="write"/>
<opset="write_ln305/1 "/>
</bind>
</comp>

<comp id="458" class="1004" name="write_ln307_write_fu_458">
<pin_list>
<pin id="459" dir="0" index="0" bw="0" slack="0"/>
<pin id="460" dir="0" index="1" bw="11" slack="0"/>
<pin id="461" dir="0" index="2" bw="11" slack="0"/>
<pin id="462" dir="1" index="3" bw="0" slack="2147483647"/>
</pin_list>
<bind>
<opcode="write(1151) " fcode="write"/>
<opset="write_ln307/1 "/>
</bind>
</comp>

<comp id="465" class="1004" name="write_ln308_write_fu_465">
<pin_list>
<pin id="466" dir="0" index="0" bw="0" slack="0"/>
<pin id="467" dir="0" index="1" bw="1" slack="0"/>
<pin id="468" dir="0" index="2" bw="1" slack="0"/>
<pin id="469" dir="1" index="3" bw="0" slack="2147483647"/>
</pin_list>
<bind>
<opcode="write(1151) " fcode="write"/>
<opset="write_ln308/1 "/>
</bind>
</comp>

<comp id="472" class="1004" name="buffer_1_wr1_addr_gep_fu_472">
<pin_list>
<pin id="473" dir="0" index="0" bw="64" slack="0"/>
<pin id="474" dir="0" index="1" bw="1" slack="0"/>
<pin id="475" dir="0" index="2" bw="32" slack="0"/>
<pin id="476" dir="1" index="3" bw="5" slack="0"/>
</pin_list>
<bind>
<opcode="getelementptr(29) " fcode="getelementptr"/>
<opset="buffer_1_wr1_addr/1 "/>
</bind>
</comp>

<comp id="479" class="1004" name="store_ln175_access_fu_479">
<pin_list>
<pin id="480" dir="0" index="0" bw="5" slack="0"/>
<pin id="481" dir="0" index="1" bw="64" slack="0"/>
<pin id="482" dir="0" index="2" bw="0" slack="2147483647"/>
<pin id="483" dir="1" index="3" bw="64" slack="2147483647"/>
</pin_list>
<bind>
<opcode="store(28) " fcode="store"/>
<opset="store_ln175/1 "/>
</bind>
</comp>

<comp id="485" class="1004" name="buffer_1_wr2b_addr_gep_fu_485">
<pin_list>
<pin id="486" dir="0" index="0" bw="32" slack="0"/>
<pin id="487" dir="0" index="1" bw="1" slack="0"/>
<pin id="488" dir="0" index="2" bw="32" slack="0"/>
<pin id="489" dir="1" index="3" bw="5" slack="0"/>
</pin_list>
<bind>
<opcode="getelementptr(29) " fcode="getelementptr"/>
<opset="buffer_1_wr2b_addr/1 "/>
</bind>
</comp>

<comp id="492" class="1004" name="store_ln176_access_fu_492">
<pin_list>
<pin id="493" dir="0" index="0" bw="5" slack="0"/>
<pin id="494" dir="0" index="1" bw="32" slack="0"/>
<pin id="495" dir="0" index="2" bw="0" slack="2147483647"/>
<pin id="496" dir="1" index="3" bw="32" slack="2147483647"/>
</pin_list>
<bind>
<opcode="store(28) " fcode="store"/>
<opset="store_ln176/1 "/>
</bind>
</comp>

<comp id="499" class="1004" name="buffer_1_wr3a_addr_gep_fu_499">
<pin_list>
<pin id="500" dir="0" index="0" bw="32" slack="0"/>
<pin id="501" dir="0" index="1" bw="1" slack="0"/>
<pin id="502" dir="0" index="2" bw="32" slack="0"/>
<pin id="503" dir="1" index="3" bw="5" slack="0"/>
</pin_list>
<bind>
<opcode="getelementptr(29) " fcode="getelementptr"/>
<opset="buffer_1_wr3a_addr/1 "/>
</bind>
</comp>

<comp id="506" class="1004" name="store_ln177_access_fu_506">
<pin_list>
<pin id="507" dir="0" index="0" bw="5" slack="0"/>
<pin id="508" dir="0" index="1" bw="32" slack="0"/>
<pin id="509" dir="0" index="2" bw="0" slack="2147483647"/>
<pin id="510" dir="1" index="3" bw="32" slack="2147483647"/>
</pin_list>
<bind>
<opcode="store(28) " fcode="store"/>
<opset="store_ln177/1 "/>
</bind>
</comp>

<comp id="513" class="1004" name="buffer_1_wr_addr_gep_fu_513">
<pin_list>
<pin id="514" dir="0" index="0" bw="64" slack="0"/>
<pin id="515" dir="0" index="1" bw="1" slack="0"/>
<pin id="516" dir="0" index="2" bw="32" slack="0"/>
<pin id="517" dir="1" index="3" bw="5" slack="0"/>
</pin_list>
<bind>
<opcode="getelementptr(29) " fcode="getelementptr"/>
<opset="buffer_1_wr_addr/1 "/>
</bind>
</comp>

<comp id="520" class="1004" name="store_ln157_access_fu_520">
<pin_list>
<pin id="521" dir="0" index="0" bw="5" slack="0"/>
<pin id="522" dir="0" index="1" bw="64" slack="0"/>
<pin id="523" dir="0" index="2" bw="0" slack="2147483647"/>
<pin id="524" dir="1" index="3" bw="64" slack="2147483647"/>
</pin_list>
<bind>
<opcode="store(28) " fcode="store"/>
<opset="store_ln157/1 "/>
</bind>
</comp>

<comp id="526" class="1004" name="buffer_1_wr2a_addr_gep_fu_526">
<pin_list>
<pin id="527" dir="0" index="0" bw="32" slack="0"/>
<pin id="528" dir="0" index="1" bw="1" slack="0"/>
<pin id="529" dir="0" index="2" bw="32" slack="0"/>
<pin id="530" dir="1" index="3" bw="5" slack="0"/>
</pin_list>
<bind>
<opcode="getelementptr(29) " fcode="getelementptr"/>
<opset="buffer_1_wr2a_addr/1 "/>
</bind>
</comp>

<comp id="533" class="1004" name="store_ln158_access_fu_533">
<pin_list>
<pin id="534" dir="0" index="0" bw="5" slack="0"/>
<pin id="535" dir="0" index="1" bw="32" slack="0"/>
<pin id="536" dir="0" index="2" bw="0" slack="2147483647"/>
<pin id="537" dir="1" index="3" bw="32" slack="2147483647"/>
</pin_list>
<bind>
<opcode="store(28) " fcode="store"/>
<opset="store_ln158/1 "/>
</bind>
</comp>

<comp id="540" class="1004" name="buffer_1_wr3b_addr_gep_fu_540">
<pin_list>
<pin id="541" dir="0" index="0" bw="32" slack="0"/>
<pin id="542" dir="0" index="1" bw="1" slack="0"/>
<pin id="543" dir="0" index="2" bw="32" slack="0"/>
<pin id="544" dir="1" index="3" bw="5" slack="0"/>
</pin_list>
<bind>
<opcode="getelementptr(29) " fcode="getelementptr"/>
<opset="buffer_1_wr3b_addr/1 "/>
</bind>
</comp>

<comp id="547" class="1004" name="store_ln159_access_fu_547">
<pin_list>
<pin id="548" dir="0" index="0" bw="5" slack="0"/>
<pin id="549" dir="0" index="1" bw="32" slack="0"/>
<pin id="550" dir="0" index="2" bw="0" slack="2147483647"/>
<pin id="551" dir="1" index="3" bw="32" slack="2147483647"/>
</pin_list>
<bind>
<opcode="store(28) " fcode="store"/>
<opset="store_ln159/1 "/>
</bind>
</comp>

<comp id="554" class="1005" name="r_cnt_V_loc_0_reg_554">
<pin_list>
<pin id="555" dir="0" index="0" bw="14" slack="2147483647"/>
<pin id="556" dir="1" index="1" bw="14" slack="2147483647"/>
</pin_list>
<bind>
<opset="r_cnt_V_loc_0 (phireg) "/>
</bind>
</comp>

<comp id="557" class="1004" name="r_cnt_V_loc_0_phi_fu_557">
<pin_list>
<pin id="558" dir="0" index="0" bw="14" slack="0"/>
<pin id="559" dir="0" index="1" bw="0" slack="2147483647"/>
<pin id="560" dir="0" index="2" bw="14" slack="0"/>
<pin id="561" dir="0" index="3" bw="0" slack="2147483647"/>
<pin id="562" dir="0" index="4" bw="14" slack="0"/>
<pin id="563" dir="0" index="5" bw="0" slack="2147483647"/>
<pin id="564" dir="0" index="6" bw="14" slack="0"/>
<pin id="565" dir="0" index="7" bw="0" slack="2147483647"/>
<pin id="566" dir="1" index="8" bw="14" slack="0"/>
</pin_list>
<bind>
<opcode="phi(47) " fcode="phi"/>
<opset="r_cnt_V_loc_0/1 "/>
</bind>
</comp>

<comp id="567" class="1005" name="i_op_assign_reg_567">
<pin_list>
<pin id="568" dir="0" index="0" bw="32" slack="2147483647"/>
<pin id="569" dir="1" index="1" bw="32" slack="2147483647"/>
</pin_list>
<bind>
<opset="i_op_assign (phireg) "/>
</bind>
</comp>

<comp id="570" class="1004" name="i_op_assign_phi_fu_570">
<pin_list>
<pin id="571" dir="0" index="0" bw="32" slack="0"/>
<pin id="572" dir="0" index="1" bw="0" slack="2147483647"/>
<pin id="573" dir="0" index="2" bw="32" slack="0"/>
<pin id="574" dir="0" index="3" bw="0" slack="2147483647"/>
<pin id="575" dir="0" index="4" bw="32" slack="0"/>
<pin id="576" dir="0" index="5" bw="0" slack="2147483647"/>
<pin id="577" dir="0" index="6" bw="32" slack="0"/>
<pin id="578" dir="0" index="7" bw="0" slack="2147483647"/>
<pin id="579" dir="1" index="8" bw="32" slack="0"/>
</pin_list>
<bind>
<opcode="phi(47) " fcode="phi"/>
<opset="i_op_assign/1 "/>
</bind>
</comp>

<comp id="580" class="1005" name="tmp_5_reg_580">
<pin_list>
<pin id="581" dir="0" index="0" bw="32" slack="2147483647"/>
<pin id="582" dir="1" index="1" bw="32" slack="2147483647"/>
</pin_list>
<bind>
<opset="tmp_5 (phireg) "/>
</bind>
</comp>

<comp id="583" class="1004" name="tmp_5_phi_fu_583">
<pin_list>
<pin id="584" dir="0" index="0" bw="32" slack="0"/>
<pin id="585" dir="0" index="1" bw="0" slack="2147483647"/>
<pin id="586" dir="0" index="2" bw="32" slack="0"/>
<pin id="587" dir="0" index="3" bw="0" slack="2147483647"/>
<pin id="588" dir="0" index="4" bw="32" slack="0"/>
<pin id="589" dir="0" index="5" bw="0" slack="2147483647"/>
<pin id="590" dir="0" index="6" bw="32" slack="0"/>
<pin id="591" dir="0" index="7" bw="0" slack="2147483647"/>
<pin id="592" dir="1" index="8" bw="32" slack="0"/>
</pin_list>
<bind>
<opcode="phi(47) " fcode="phi"/>
<opset="tmp_5/1 "/>
</bind>
</comp>

<comp id="597" class="1005" name="b_count_V_loc_3_reg_597">
<pin_list>
<pin id="598" dir="0" index="0" bw="4" slack="2147483647"/>
<pin id="599" dir="1" index="1" bw="4" slack="2147483647"/>
</pin_list>
<bind>
<opset="b_count_V_loc_3 (phireg) "/>
</bind>
</comp>

<comp id="600" class="1004" name="b_count_V_loc_3_phi_fu_600">
<pin_list>
<pin id="601" dir="0" index="0" bw="4" slack="0"/>
<pin id="602" dir="0" index="1" bw="0" slack="2147483647"/>
<pin id="603" dir="0" index="2" bw="4" slack="0"/>
<pin id="604" dir="0" index="3" bw="0" slack="2147483647"/>
<pin id="605" dir="0" index="4" bw="4" slack="0"/>
<pin id="606" dir="0" index="5" bw="0" slack="2147483647"/>
<pin id="607" dir="1" index="6" bw="4" slack="0"/>
</pin_list>
<bind>
<opcode="phi(47) " fcode="phi"/>
<opset="b_count_V_loc_3/1 "/>
</bind>
</comp>

<comp id="608" class="1005" name="b_count_V_loc_1_reg_608">
<pin_list>
<pin id="609" dir="0" index="0" bw="4" slack="2147483647"/>
<pin id="610" dir="1" index="1" bw="4" slack="2147483647"/>
</pin_list>
<bind>
<opset="b_count_V_loc_1 (phireg) "/>
</bind>
</comp>

<comp id="611" class="1004" name="b_count_V_loc_1_phi_fu_611">
<pin_list>
<pin id="612" dir="0" index="0" bw="4" slack="0"/>
<pin id="613" dir="0" index="1" bw="0" slack="2147483647"/>
<pin id="614" dir="0" index="2" bw="4" slack="0"/>
<pin id="615" dir="0" index="3" bw="0" slack="2147483647"/>
<pin id="616" dir="0" index="4" bw="4" slack="0"/>
<pin id="617" dir="0" index="5" bw="0" slack="2147483647"/>
<pin id="618" dir="1" index="6" bw="4" slack="0"/>
</pin_list>
<bind>
<opcode="phi(47) " fcode="phi"/>
<opset="b_count_V_loc_1/1 "/>
</bind>
</comp>

<comp id="619" class="1005" name="r_acc_valid_flag_2_reg_619">
<pin_list>
<pin id="620" dir="0" index="0" bw="1" slack="2147483647"/>
<pin id="621" dir="1" index="1" bw="1" slack="2147483647"/>
</pin_list>
<bind>
<opset="r_acc_valid_flag_2 (phireg) "/>
</bind>
</comp>

<comp id="622" class="1004" name="r_acc_valid_flag_2_phi_fu_622">
<pin_list>
<pin id="623" dir="0" index="0" bw="1" slack="0"/>
<pin id="624" dir="0" index="1" bw="0" slack="2147483647"/>
<pin id="625" dir="0" index="2" bw="1" slack="0"/>
<pin id="626" dir="0" index="3" bw="0" slack="2147483647"/>
<pin id="627" dir="0" index="4" bw="1" slack="0"/>
<pin id="628" dir="0" index="5" bw="0" slack="2147483647"/>
<pin id="629" dir="0" index="6" bw="1" slack="0"/>
<pin id="630" dir="0" index="7" bw="0" slack="2147483647"/>
<pin id="631" dir="0" index="8" bw="1" slack="0"/>
<pin id="632" dir="0" index="9" bw="0" slack="2147483647"/>
<pin id="633" dir="0" index="10" bw="1" slack="0"/>
<pin id="634" dir="0" index="11" bw="0" slack="2147483647"/>
<pin id="635" dir="0" index="12" bw="1" slack="0"/>
<pin id="636" dir="0" index="13" bw="0" slack="2147483647"/>
<pin id="637" dir="0" index="14" bw="1" slack="0"/>
<pin id="638" dir="0" index="15" bw="0" slack="2147483647"/>
<pin id="639" dir="0" index="16" bw="1" slack="0"/>
<pin id="640" dir="0" index="17" bw="0" slack="2147483647"/>
<pin id="641" dir="0" index="18" bw="1" slack="0"/>
<pin id="642" dir="0" index="19" bw="0" slack="2147483647"/>
<pin id="643" dir="0" index="20" bw="1" slack="0"/>
<pin id="644" dir="0" index="21" bw="0" slack="2147483647"/>
<pin id="645" dir="0" index="22" bw="1" slack="0"/>
<pin id="646" dir="0" index="23" bw="0" slack="2147483647"/>
<pin id="647" dir="0" index="24" bw="1" slack="0"/>
<pin id="648" dir="0" index="25" bw="0" slack="2147483647"/>
<pin id="649" dir="0" index="26" bw="1" slack="0"/>
<pin id="650" dir="0" index="27" bw="0" slack="2147483647"/>
<pin id="651" dir="1" index="28" bw="1" slack="2147483647"/>
</pin_list>
<bind>
<opcode="phi(47) " fcode="phi"/>
<opset="r_acc_valid_flag_2/1 "/>
</bind>
</comp>

<comp id="666" class="1005" name="phi_ln186_reg_666">
<pin_list>
<pin id="667" dir="0" index="0" bw="11" slack="2147483647"/>
<pin id="668" dir="1" index="1" bw="11" slack="2147483647"/>
</pin_list>
<bind>
<opset="phi_ln186 (phireg) "/>
</bind>
</comp>

<comp id="669" class="1004" name="phi_ln186_phi_fu_669">
<pin_list>
<pin id="670" dir="0" index="0" bw="11" slack="0"/>
<pin id="671" dir="0" index="1" bw="0" slack="2147483647"/>
<pin id="672" dir="0" index="2" bw="11" slack="0"/>
<pin id="673" dir="0" index="3" bw="0" slack="2147483647"/>
<pin id="674" dir="0" index="4" bw="11" slack="0"/>
<pin id="675" dir="0" index="5" bw="0" slack="2147483647"/>
<pin id="676" dir="0" index="6" bw="11" slack="0"/>
<pin id="677" dir="0" index="7" bw="0" slack="2147483647"/>
<pin id="678" dir="0" index="8" bw="11" slack="0"/>
<pin id="679" dir="0" index="9" bw="0" slack="2147483647"/>
<pin id="680" dir="0" index="10" bw="11" slack="0"/>
<pin id="681" dir="0" index="11" bw="0" slack="2147483647"/>
<pin id="682" dir="0" index="12" bw="1" slack="0"/>
<pin id="683" dir="0" index="13" bw="0" slack="2147483647"/>
<pin id="684" dir="0" index="14" bw="11" slack="0"/>
<pin id="685" dir="0" index="15" bw="0" slack="2147483647"/>
<pin id="686" dir="0" index="16" bw="11" slack="0"/>
<pin id="687" dir="0" index="17" bw="0" slack="2147483647"/>
<pin id="688" dir="0" index="18" bw="11" slack="0"/>
<pin id="689" dir="0" index="19" bw="0" slack="2147483647"/>
<pin id="690" dir="0" index="20" bw="11" slack="0"/>
<pin id="691" dir="0" index="21" bw="0" slack="2147483647"/>
<pin id="692" dir="0" index="22" bw="11" slack="0"/>
<pin id="693" dir="0" index="23" bw="0" slack="2147483647"/>
<pin id="694" dir="0" index="24" bw="11" slack="0"/>
<pin id="695" dir="0" index="25" bw="0" slack="2147483647"/>
<pin id="696" dir="0" index="26" bw="11" slack="0"/>
<pin id="697" dir="0" index="27" bw="0" slack="2147483647"/>
<pin id="698" dir="1" index="28" bw="11" slack="0"/>
</pin_list>
<bind>
<opcode="phi(47) " fcode="phi"/>
<opset="phi_ln186/1 "/>
</bind>
</comp>

<comp id="701" class="1005" name="done1_seen_flag_2_reg_701">
<pin_list>
<pin id="702" dir="0" index="0" bw="1" slack="2147483647"/>
<pin id="703" dir="1" index="1" bw="1" slack="2147483647"/>
</pin_list>
<bind>
<opset="done1_seen_flag_2 (phireg) "/>
</bind>
</comp>

<comp id="704" class="1004" name="done1_seen_flag_2_phi_fu_704">
<pin_list>
<pin id="705" dir="0" index="0" bw="1" slack="0"/>
<pin id="706" dir="0" index="1" bw="0" slack="2147483647"/>
<pin id="707" dir="0" index="2" bw="1" slack="0"/>
<pin id="708" dir="0" index="3" bw="0" slack="2147483647"/>
<pin id="709" dir="0" index="4" bw="1" slack="0"/>
<pin id="710" dir="0" index="5" bw="0" slack="2147483647"/>
<pin id="711" dir="0" index="6" bw="1" slack="0"/>
<pin id="712" dir="0" index="7" bw="0" slack="2147483647"/>
<pin id="713" dir="0" index="8" bw="1" slack="0"/>
<pin id="714" dir="0" index="9" bw="0" slack="2147483647"/>
<pin id="715" dir="0" index="10" bw="1" slack="0"/>
<pin id="716" dir="0" index="11" bw="0" slack="2147483647"/>
<pin id="717" dir="0" index="12" bw="1" slack="0"/>
<pin id="718" dir="0" index="13" bw="0" slack="2147483647"/>
<pin id="719" dir="0" index="14" bw="1" slack="0"/>
<pin id="720" dir="0" index="15" bw="0" slack="2147483647"/>
<pin id="721" dir="0" index="16" bw="1" slack="0"/>
<pin id="722" dir="0" index="17" bw="0" slack="2147483647"/>
<pin id="723" dir="0" index="18" bw="1" slack="0"/>
<pin id="724" dir="0" index="19" bw="0" slack="2147483647"/>
<pin id="725" dir="0" index="20" bw="1" slack="0"/>
<pin id="726" dir="0" index="21" bw="0" slack="2147483647"/>
<pin id="727" dir="0" index="22" bw="1" slack="0"/>
<pin id="728" dir="0" index="23" bw="0" slack="2147483647"/>
<pin id="729" dir="0" index="24" bw="1" slack="0"/>
<pin id="730" dir="0" index="25" bw="0" slack="2147483647"/>
<pin id="731" dir="0" index="26" bw="1" slack="0"/>
<pin id="732" dir="0" index="27" bw="0" slack="2147483647"/>
<pin id="733" dir="1" index="28" bw="1" slack="0"/>
</pin_list>
<bind>
<opcode="phi(47) " fcode="phi"/>
<opset="done1_seen_flag_2/1 "/>
</bind>
</comp>

<comp id="748" class="1005" name="empty_reg_748">
<pin_list>
<pin id="749" dir="0" index="0" bw="1" slack="2147483647"/>
<pin id="750" dir="1" index="1" bw="1" slack="2147483647"/>
</pin_list>
<bind>
<opset="empty (phireg) "/>
</bind>
</comp>

<comp id="751" class="1004" name="empty_phi_fu_751">
<pin_list>
<pin id="752" dir="0" index="0" bw="1" slack="0"/>
<pin id="753" dir="0" index="1" bw="0" slack="2147483647"/>
<pin id="754" dir="0" index="2" bw="1" slack="0"/>
<pin id="755" dir="0" index="3" bw="0" slack="2147483647"/>
<pin id="756" dir="0" index="4" bw="1" slack="0"/>
<pin id="757" dir="0" index="5" bw="0" slack="2147483647"/>
<pin id="758" dir="0" index="6" bw="1" slack="0"/>
<pin id="759" dir="0" index="7" bw="0" slack="2147483647"/>
<pin id="760" dir="0" index="8" bw="1" slack="0"/>
<pin id="761" dir="0" index="9" bw="0" slack="2147483647"/>
<pin id="762" dir="0" index="10" bw="1" slack="0"/>
<pin id="763" dir="0" index="11" bw="0" slack="2147483647"/>
<pin id="764" dir="0" index="12" bw="1" slack="0"/>
<pin id="765" dir="0" index="13" bw="0" slack="2147483647"/>
<pin id="766" dir="0" index="14" bw="1" slack="0"/>
<pin id="767" dir="0" index="15" bw="0" slack="2147483647"/>
<pin id="768" dir="0" index="16" bw="1" slack="0"/>
<pin id="769" dir="0" index="17" bw="0" slack="2147483647"/>
<pin id="770" dir="0" index="18" bw="1" slack="0"/>
<pin id="771" dir="0" index="19" bw="0" slack="2147483647"/>
<pin id="772" dir="0" index="20" bw="1" slack="0"/>
<pin id="773" dir="0" index="21" bw="0" slack="2147483647"/>
<pin id="774" dir="0" index="22" bw="1" slack="0"/>
<pin id="775" dir="0" index="23" bw="0" slack="2147483647"/>
<pin id="776" dir="0" index="24" bw="1" slack="0"/>
<pin id="777" dir="0" index="25" bw="0" slack="2147483647"/>
<pin id="778" dir="0" index="26" bw="1" slack="0"/>
<pin id="779" dir="0" index="27" bw="0" slack="2147483647"/>
<pin id="780" dir="1" index="28" bw="1" slack="0"/>
</pin_list>
<bind>
<opcode="phi(47) " fcode="phi"/>
<opset="empty/1 "/>
</bind>
</comp>

<comp id="784" class="1004" name="grp_fu_784">
<pin_list>
<pin id="785" dir="0" index="0" bw="14" slack="0"/>
<pin id="786" dir="0" index="1" bw="1" slack="0"/>
<pin id="787" dir="1" index="2" bw="14" slack="0"/>
</pin_list>
<bind>
<opcode="add(8) " fcode="add"/>
<opset="add_ln840_5/1 add_ln840_4/1 add_ln840_1/1 add_ln840/1 "/>
</bind>
</comp>

<comp id="793" class="1004" name="grp_fu_793">
<pin_list>
<pin id="794" dir="0" index="0" bw="32" slack="0"/>
<pin id="795" dir="0" index="1" bw="1" slack="0"/>
<pin id="796" dir="1" index="2" bw="32" slack="0"/>
</pin_list>
<bind>
<opcode="add(8) " fcode="add"/>
<opset="add_ln279/1 add_ln272/1 add_ln265/1 add_ln258/1 "/>
</bind>
</comp>

<comp id="802" class="1004" name="grp_fu_802">
<pin_list>
<pin id="803" dir="0" index="0" bw="1" slack="0"/>
<pin id="804" dir="0" index="1" bw="1" slack="0"/>
<pin id="805" dir="1" index="2" bw="1" slack="2147483647"/>
</pin_list>
<bind>
<opcode="and(23) " fcode="and"/>
<opset="and_ln170/1 and_ln152/1 "/>
</bind>
</comp>

<comp id="808" class="1004" name="grp_fu_808">
<pin_list>
<pin id="809" dir="0" index="0" bw="4" slack="0"/>
<pin id="810" dir="0" index="1" bw="1" slack="0"/>
<pin id="811" dir="1" index="2" bw="4" slack="0"/>
</pin_list>
<bind>
<opcode="add(8) " fcode="add"/>
<opset="add_ln840_3/1 add_ln840_2/1 "/>
</bind>
</comp>

<comp id="815" class="1004" name="grp_fu_815">
<pin_list>
<pin id="816" dir="0" index="0" bw="5" slack="0"/>
<pin id="817" dir="0" index="1" bw="1" slack="0"/>
<pin id="818" dir="1" index="2" bw="1" slack="0"/>
</pin_list>
<bind>
<opcode="icmp(45) " fcode="icmp"/>
<opset="icmp_ln1019_1/1 icmp_ln1019/1 "/>
</bind>
</comp>

<comp id="821" class="1004" name="buffer_ok_load_load_fu_821">
<pin_list>
<pin id="822" dir="0" index="0" bw="1" slack="0"/>
<pin id="823" dir="1" index="1" bw="1" slack="0"/>
</pin_list>
<bind>
<opcode="load(27) " fcode="load"/>
<opset="buffer_ok_load/1 "/>
</bind>
</comp>

<comp id="825" class="1004" name="xor_ln109_fu_825">
<pin_list>
<pin id="826" dir="0" index="0" bw="1" slack="0"/>
<pin id="827" dir="0" index="1" bw="1" slack="0"/>
<pin id="828" dir="1" index="2" bw="1" slack="0"/>
</pin_list>
<bind>
<opcode="xor(25) " fcode="xor"/>
<opset="xor_ln109/1 "/>
</bind>
</comp>

<comp id="833" class="1004" name="r_acc_valid_load_load_fu_833">
<pin_list>
<pin id="834" dir="0" index="0" bw="1" slack="0"/>
<pin id="835" dir="1" index="1" bw="1" slack="0"/>
</pin_list>
<bind>
<opcode="load(27) " fcode="load"/>
<opset="r_acc_valid_load/1 "/>
</bind>
</comp>

<comp id="849" class="1004" name="state_load_load_fu_849">
<pin_list>
<pin id="850" dir="0" index="0" bw="4" slack="0"/>
<pin id="851" dir="1" index="1" bw="4" slack="2147483647"/>
</pin_list>
<bind>
<opcode="load(27) " fcode="load"/>
<opset="state_load/1 "/>
</bind>
</comp>

<comp id="853" class="1004" name="b_count_V_load_load_fu_853">
<pin_list>
<pin id="854" dir="0" index="0" bw="4" slack="0"/>
<pin id="855" dir="1" index="1" bw="4" slack="0"/>
</pin_list>
<bind>
<opcode="load(27) " fcode="load"/>
<opset="b_count_V_load/1 "/>
</bind>
</comp>

<comp id="862" class="1004" name="r_cnt_V_load_load_fu_862">
<pin_list>
<pin id="863" dir="0" index="0" bw="14" slack="0"/>
<pin id="864" dir="1" index="1" bw="14" slack="0"/>
</pin_list>
<bind>
<opcode="load(27) " fcode="load"/>
<opset="r_cnt_V_load/1 "/>
</bind>
</comp>

<comp id="867" class="1004" name="trunc_ln222_fu_867">
<pin_list>
<pin id="868" dir="0" index="0" bw="14" slack="0"/>
<pin id="869" dir="1" index="1" bw="11" slack="0"/>
</pin_list>
<bind>
<opcode="trunc(33) " fcode="trunc"/>
<opset="trunc_ln222/1 "/>
</bind>
</comp>

<comp id="883" class="1004" name="done1_seen_load_load_fu_883">
<pin_list>
<pin id="884" dir="0" index="0" bw="1" slack="0"/>
<pin id="885" dir="1" index="1" bw="1" slack="2147483647"/>
</pin_list>
<bind>
<opcode="load(27) " fcode="load"/>
<opset="done1_seen_load/1 "/>
</bind>
</comp>

<comp id="887" class="1004" name="done2_seen_load_load_fu_887">
<pin_list>
<pin id="888" dir="0" index="0" bw="1" slack="0"/>
<pin id="889" dir="1" index="1" bw="1" slack="2147483647"/>
</pin_list>
<bind>
<opcode="load(27) " fcode="load"/>
<opset="done2_seen_load/1 "/>
</bind>
</comp>

<comp id="891" class="1004" name="slave_done1_seen_load_load_fu_891">
<pin_list>
<pin id="892" dir="0" index="0" bw="1" slack="0"/>
<pin id="893" dir="1" index="1" bw="1" slack="2147483647"/>
</pin_list>
<bind>
<opcode="load(27) " fcode="load"/>
<opset="slave_done1_seen_load/1 "/>
</bind>
</comp>

<comp id="895" class="1004" name="slave_done2_seen_load_load_fu_895">
<pin_list>
<pin id="896" dir="0" index="0" bw="1" slack="0"/>
<pin id="897" dir="1" index="1" bw="1" slack="2147483647"/>
</pin_list>
<bind>
<opcode="load(27) " fcode="load"/>
<opset="slave_done2_seen_load/1 "/>
</bind>
</comp>

<comp id="899" class="1004" name="i_phase1_load_load_fu_899">
<pin_list>
<pin id="900" dir="0" index="0" bw="1" slack="0"/>
<pin id="901" dir="1" index="1" bw="1" slack="0"/>
</pin_list>
<bind>
<opcode="load(27) " fcode="load"/>
<opset="i_phase1_load/1 "/>
</bind>
</comp>

<comp id="904" class="1004" name="i_phase2_load_load_fu_904">
<pin_list>
<pin id="905" dir="0" index="0" bw="1" slack="0"/>
<pin id="906" dir="1" index="1" bw="1" slack="0"/>
</pin_list>
<bind>
<opcode="load(27) " fcode="load"/>
<opset="i_phase2_load/1 "/>
</bind>
</comp>

<comp id="909" class="1004" name="i_load_load_fu_909">
<pin_list>
<pin id="910" dir="0" index="0" bw="32" slack="0"/>
<pin id="911" dir="1" index="1" bw="32" slack="0"/>
</pin_list>
<bind>
<opcode="load(27) " fcode="load"/>
<opset="i_load/1 "/>
</bind>
</comp>

<comp id="914" class="1004" name="tmp_3_fu_914">
<pin_list>
<pin id="915" dir="0" index="0" bw="28" slack="0"/>
<pin id="916" dir="0" index="1" bw="32" slack="0"/>
<pin id="917" dir="0" index="2" bw="4" slack="0"/>
<pin id="918" dir="0" index="3" bw="6" slack="0"/>
<pin id="919" dir="1" index="4" bw="28" slack="0"/>
</pin_list>
<bind>
<opcode="partselect(1002) " fcode="partselect"/>
<opset="tmp_3/1 "/>
</bind>
</comp>

<comp id="924" class="1004" name="icmp_ln254_fu_924">
<pin_list>
<pin id="925" dir="0" index="0" bw="28" slack="0"/>
<pin id="926" dir="0" index="1" bw="1" slack="0"/>
<pin id="927" dir="1" index="2" bw="1" slack="0"/>
</pin_list>
<bind>
<opcode="icmp(45) " fcode="icmp"/>
<opset="icmp_ln254/1 "/>
</bind>
</comp>

<comp id="930" class="1004" name="and_ln254_fu_930">
<pin_list>
<pin id="931" dir="0" index="0" bw="1" slack="0"/>
<pin id="932" dir="0" index="1" bw="1" slack="0"/>
<pin id="933" dir="1" index="2" bw="1" slack="2147483647"/>
</pin_list>
<bind>
<opcode="and(23) " fcode="and"/>
<opset="and_ln254/1 "/>
</bind>
</comp>

<comp id="936" class="1004" name="tmp_7_fu_936">
<pin_list>
<pin id="937" dir="0" index="0" bw="27" slack="0"/>
<pin id="938" dir="0" index="1" bw="32" slack="0"/>
<pin id="939" dir="0" index="2" bw="4" slack="0"/>
<pin id="940" dir="0" index="3" bw="6" slack="0"/>
<pin id="941" dir="1" index="4" bw="27" slack="0"/>
</pin_list>
<bind>
<opcode="partselect(1002) " fcode="partselect"/>
<opset="tmp_7/1 "/>
</bind>
</comp>

<comp id="946" class="1004" name="icmp_ln261_fu_946">
<pin_list>
<pin id="947" dir="0" index="0" bw="27" slack="0"/>
<pin id="948" dir="0" index="1" bw="1" slack="0"/>
<pin id="949" dir="1" index="2" bw="1" slack="0"/>
</pin_list>
<bind>
<opcode="icmp(45) " fcode="icmp"/>
<opset="icmp_ln261/1 "/>
</bind>
</comp>

<comp id="952" class="1004" name="and_ln261_fu_952">
<pin_list>
<pin id="953" dir="0" index="0" bw="1" slack="0"/>
<pin id="954" dir="0" index="1" bw="1" slack="0"/>
<pin id="955" dir="1" index="2" bw="1" slack="2147483647"/>
</pin_list>
<bind>
<opcode="and(23) " fcode="and"/>
<opset="and_ln261/1 "/>
</bind>
</comp>

<comp id="958" class="1004" name="icmp_ln268_fu_958">
<pin_list>
<pin id="959" dir="0" index="0" bw="32" slack="0"/>
<pin id="960" dir="0" index="1" bw="7" slack="0"/>
<pin id="961" dir="1" index="2" bw="1" slack="0"/>
</pin_list>
<bind>
<opcode="icmp(45) " fcode="icmp"/>
<opset="icmp_ln268/1 "/>
</bind>
</comp>

<comp id="964" class="1004" name="and_ln268_fu_964">
<pin_list>
<pin id="965" dir="0" index="0" bw="1" slack="0"/>
<pin id="966" dir="0" index="1" bw="1" slack="0"/>
<pin id="967" dir="1" index="2" bw="1" slack="2147483647"/>
</pin_list>
<bind>
<opcode="and(23) " fcode="and"/>
<opset="and_ln268/1 "/>
</bind>
</comp>

<comp id="970" class="1004" name="store_ln840_store_fu_970">
<pin_list>
<pin id="971" dir="0" index="0" bw="14" slack="0"/>
<pin id="972" dir="0" index="1" bw="14" slack="0"/>
<pin id="973" dir="1" index="2" bw="0" slack="2147483647"/>
</pin_list>
<bind>
<opcode="store(28) " fcode="store"/>
<opset="store_ln840/1 "/>
</bind>
</comp>

<comp id="976" class="1004" name="store_ln279_store_fu_976">
<pin_list>
<pin id="977" dir="0" index="0" bw="32" slack="0"/>
<pin id="978" dir="0" index="1" bw="32" slack="0"/>
<pin id="979" dir="1" index="2" bw="0" slack="2147483647"/>
</pin_list>
<bind>
<opcode="store(28) " fcode="store"/>
<opset="store_ln279/1 "/>
</bind>
</comp>

<comp id="982" class="1004" name="store_ln840_store_fu_982">
<pin_list>
<pin id="983" dir="0" index="0" bw="14" slack="0"/>
<pin id="984" dir="0" index="1" bw="14" slack="0"/>
<pin id="985" dir="1" index="2" bw="0" slack="2147483647"/>
</pin_list>
<bind>
<opcode="store(28) " fcode="store"/>
<opset="store_ln840/1 "/>
</bind>
</comp>

<comp id="988" class="1004" name="store_ln272_store_fu_988">
<pin_list>
<pin id="989" dir="0" index="0" bw="32" slack="0"/>
<pin id="990" dir="0" index="1" bw="32" slack="0"/>
<pin id="991" dir="1" index="2" bw="0" slack="2147483647"/>
</pin_list>
<bind>
<opcode="store(28) " fcode="store"/>
<opset="store_ln272/1 "/>
</bind>
</comp>

<comp id="994" class="1004" name="store_ln840_store_fu_994">
<pin_list>
<pin id="995" dir="0" index="0" bw="14" slack="0"/>
<pin id="996" dir="0" index="1" bw="14" slack="0"/>
<pin id="997" dir="1" index="2" bw="0" slack="2147483647"/>
</pin_list>
<bind>
<opcode="store(28) " fcode="store"/>
<opset="store_ln840/1 "/>
</bind>
</comp>

<comp id="1000" class="1004" name="store_ln265_store_fu_1000">
<pin_list>
<pin id="1001" dir="0" index="0" bw="32" slack="0"/>
<pin id="1002" dir="0" index="1" bw="32" slack="0"/>
<pin id="1003" dir="1" index="2" bw="0" slack="2147483647"/>
</pin_list>
<bind>
<opcode="store(28) " fcode="store"/>
<opset="store_ln265/1 "/>
</bind>
</comp>

<comp id="1006" class="1004" name="store_ln840_store_fu_1006">
<pin_list>
<pin id="1007" dir="0" index="0" bw="14" slack="0"/>
<pin id="1008" dir="0" index="1" bw="14" slack="0"/>
<pin id="1009" dir="1" index="2" bw="0" slack="2147483647"/>
</pin_list>
<bind>
<opcode="store(28) " fcode="store"/>
<opset="store_ln840/1 "/>
</bind>
</comp>

<comp id="1012" class="1004" name="store_ln258_store_fu_1012">
<pin_list>
<pin id="1013" dir="0" index="0" bw="32" slack="0"/>
<pin id="1014" dir="0" index="1" bw="32" slack="0"/>
<pin id="1015" dir="1" index="2" bw="0" slack="2147483647"/>
</pin_list>
<bind>
<opcode="store(28) " fcode="store"/>
<opset="store_ln258/1 "/>
</bind>
</comp>

<comp id="1018" class="1004" name="trunc_ln269_fu_1018">
<pin_list>
<pin id="1019" dir="0" index="0" bw="14" slack="0"/>
<pin id="1020" dir="1" index="1" bw="11" slack="0"/>
</pin_list>
<bind>
<opcode="trunc(33) " fcode="trunc"/>
<opset="trunc_ln269/1 "/>
</bind>
</comp>

<comp id="1023" class="1004" name="zext_ln1027_fu_1023">
<pin_list>
<pin id="1024" dir="0" index="0" bw="11" slack="0"/>
<pin id="1025" dir="1" index="1" bw="32" slack="0"/>
</pin_list>
<bind>
<opcode="zext(34) " fcode="zext"/>
<opset="zext_ln1027/1 "/>
</bind>
</comp>

<comp id="1027" class="1004" name="zext_ln1027_1_fu_1027">
<pin_list>
<pin id="1028" dir="0" index="0" bw="11" slack="0"/>
<pin id="1029" dir="1" index="1" bw="14" slack="0"/>
</pin_list>
<bind>
<opcode="zext(34) " fcode="zext"/>
<opset="zext_ln1027_1/1 "/>
</bind>
</comp>

<comp id="1031" class="1004" name="icmp_ln1027_fu_1031">
<pin_list>
<pin id="1032" dir="0" index="0" bw="14" slack="0"/>
<pin id="1033" dir="0" index="1" bw="11" slack="0"/>
<pin id="1034" dir="1" index="2" bw="1" slack="2147483647"/>
</pin_list>
<bind>
<opcode="icmp(45) " fcode="icmp"/>
<opset="icmp_ln1027/1 "/>
</bind>
</comp>

<comp id="1037" class="1004" name="store_result_ready_load_load_fu_1037">
<pin_list>
<pin id="1038" dir="0" index="0" bw="1" slack="0"/>
<pin id="1039" dir="1" index="1" bw="1" slack="2147483647"/>
</pin_list>
<bind>
<opcode="load(27) " fcode="load"/>
<opset="store_result_ready_load/1 "/>
</bind>
</comp>

<comp id="1041" class="1004" name="store_ln283_store_fu_1041">
<pin_list>
<pin id="1042" dir="0" index="0" bw="32" slack="0"/>
<pin id="1043" dir="0" index="1" bw="32" slack="0"/>
<pin id="1044" dir="1" index="2" bw="0" slack="2147483647"/>
</pin_list>
<bind>
<opcode="store(28) " fcode="store"/>
<opset="store_ln283/1 "/>
</bind>
</comp>

<comp id="1047" class="1004" name="icmp_ln1019_2_fu_1047">
<pin_list>
<pin id="1048" dir="0" index="0" bw="32" slack="0"/>
<pin id="1049" dir="0" index="1" bw="11" slack="0"/>
<pin id="1050" dir="1" index="2" bw="1" slack="2147483647"/>
</pin_list>
<bind>
<opcode="icmp(45) " fcode="icmp"/>
<opset="icmp_ln1019_2/1 "/>
</bind>
</comp>

<comp id="1053" class="1004" name="store_ln288_store_fu_1053">
<pin_list>
<pin id="1054" dir="0" index="0" bw="1" slack="0"/>
<pin id="1055" dir="0" index="1" bw="4" slack="0"/>
<pin id="1056" dir="1" index="2" bw="0" slack="2147483647"/>
</pin_list>
<bind>
<opcode="store(28) " fcode="store"/>
<opset="store_ln288/1 "/>
</bind>
</comp>

<comp id="1059" class="1004" name="store_ln225_store_fu_1059">
<pin_list>
<pin id="1060" dir="0" index="0" bw="1" slack="0"/>
<pin id="1061" dir="0" index="1" bw="1" slack="0"/>
<pin id="1062" dir="1" index="2" bw="0" slack="2147483647"/>
</pin_list>
<bind>
<opcode="store(28) " fcode="store"/>
<opset="store_ln225/1 "/>
</bind>
</comp>

<comp id="1065" class="1004" name="store_ln226_store_fu_1065">
<pin_list>
<pin id="1066" dir="0" index="0" bw="1" slack="0"/>
<pin id="1067" dir="0" index="1" bw="1" slack="0"/>
<pin id="1068" dir="1" index="2" bw="0" slack="2147483647"/>
</pin_list>
<bind>
<opcode="store(28) " fcode="store"/>
<opset="store_ln226/1 "/>
</bind>
</comp>

<comp id="1071" class="1004" name="store_ln227_store_fu_1071">
<pin_list>
<pin id="1072" dir="0" index="0" bw="1" slack="0"/>
<pin id="1073" dir="0" index="1" bw="4" slack="0"/>
<pin id="1074" dir="1" index="2" bw="0" slack="2147483647"/>
</pin_list>
<bind>
<opcode="store(28) " fcode="store"/>
<opset="store_ln227/1 "/>
</bind>
</comp>

<comp id="1077" class="1004" name="store_ln228_store_fu_1077">
<pin_list>
<pin id="1078" dir="0" index="0" bw="1" slack="0"/>
<pin id="1079" dir="0" index="1" bw="1" slack="0"/>
<pin id="1080" dir="1" index="2" bw="0" slack="2147483647"/>
</pin_list>
<bind>
<opcode="store(28) " fcode="store"/>
<opset="store_ln228/1 "/>
</bind>
</comp>

<comp id="1083" class="1004" name="store_ln229_store_fu_1083">
<pin_list>
<pin id="1084" dir="0" index="0" bw="1" slack="0"/>
<pin id="1085" dir="0" index="1" bw="1" slack="0"/>
<pin id="1086" dir="1" index="2" bw="0" slack="2147483647"/>
</pin_list>
<bind>
<opcode="store(28) " fcode="store"/>
<opset="store_ln229/1 "/>
</bind>
</comp>

<comp id="1089" class="1004" name="store_ln230_store_fu_1089">
<pin_list>
<pin id="1090" dir="0" index="0" bw="1" slack="0"/>
<pin id="1091" dir="0" index="1" bw="1" slack="0"/>
<pin id="1092" dir="1" index="2" bw="0" slack="2147483647"/>
</pin_list>
<bind>
<opcode="store(28) " fcode="store"/>
<opset="store_ln230/1 "/>
</bind>
</comp>

<comp id="1095" class="1004" name="store_ln235_store_fu_1095">
<pin_list>
<pin id="1096" dir="0" index="0" bw="1" slack="0"/>
<pin id="1097" dir="0" index="1" bw="32" slack="0"/>
<pin id="1098" dir="1" index="2" bw="0" slack="2147483647"/>
</pin_list>
<bind>
<opcode="store(28) " fcode="store"/>
<opset="store_ln235/1 "/>
</bind>
</comp>

<comp id="1101" class="1004" name="store_ln236_store_fu_1101">
<pin_list>
<pin id="1102" dir="0" index="0" bw="1" slack="0"/>
<pin id="1103" dir="0" index="1" bw="32" slack="0"/>
<pin id="1104" dir="1" index="2" bw="0" slack="2147483647"/>
</pin_list>
<bind>
<opcode="store(28) " fcode="store"/>
<opset="store_ln236/1 "/>
</bind>
</comp>

<comp id="1107" class="1004" name="store_ln237_store_fu_1107">
<pin_list>
<pin id="1108" dir="0" index="0" bw="1" slack="0"/>
<pin id="1109" dir="0" index="1" bw="32" slack="0"/>
<pin id="1110" dir="1" index="2" bw="0" slack="2147483647"/>
</pin_list>
<bind>
<opcode="store(28) " fcode="store"/>
<opset="store_ln237/1 "/>
</bind>
</comp>

<comp id="1113" class="1004" name="store_ln238_store_fu_1113">
<pin_list>
<pin id="1114" dir="0" index="0" bw="1" slack="0"/>
<pin id="1115" dir="0" index="1" bw="32" slack="0"/>
<pin id="1116" dir="1" index="2" bw="0" slack="2147483647"/>
</pin_list>
<bind>
<opcode="store(28) " fcode="store"/>
<opset="store_ln238/1 "/>
</bind>
</comp>

<comp id="1119" class="1004" name="store_ln239_store_fu_1119">
<pin_list>
<pin id="1120" dir="0" index="0" bw="1" slack="0"/>
<pin id="1121" dir="0" index="1" bw="32" slack="0"/>
<pin id="1122" dir="1" index="2" bw="0" slack="2147483647"/>
</pin_list>
<bind>
<opcode="store(28) " fcode="store"/>
<opset="store_ln239/1 "/>
</bind>
</comp>

<comp id="1125" class="1004" name="store_ln240_store_fu_1125">
<pin_list>
<pin id="1126" dir="0" index="0" bw="1" slack="0"/>
<pin id="1127" dir="0" index="1" bw="32" slack="0"/>
<pin id="1128" dir="1" index="2" bw="0" slack="2147483647"/>
</pin_list>
<bind>
<opcode="store(28) " fcode="store"/>
<opset="store_ln240/1 "/>
</bind>
</comp>

<comp id="1131" class="1004" name="store_ln241_store_fu_1131">
<pin_list>
<pin id="1132" dir="0" index="0" bw="1" slack="0"/>
<pin id="1133" dir="0" index="1" bw="4" slack="0"/>
<pin id="1134" dir="1" index="2" bw="0" slack="2147483647"/>
</pin_list>
<bind>
<opcode="store(28) " fcode="store"/>
<opset="store_ln241/1 "/>
</bind>
</comp>

<comp id="1137" class="1004" name="store_ln244_store_fu_1137">
<pin_list>
<pin id="1138" dir="0" index="0" bw="4" slack="0"/>
<pin id="1139" dir="0" index="1" bw="4" slack="0"/>
<pin id="1140" dir="1" index="2" bw="0" slack="2147483647"/>
</pin_list>
<bind>
<opcode="store(28) " fcode="store"/>
<opset="store_ln244/1 "/>
</bind>
</comp>

<comp id="1143" class="1004" name="compute_launched2_load_load_fu_1143">
<pin_list>
<pin id="1144" dir="0" index="0" bw="1" slack="0"/>
<pin id="1145" dir="1" index="1" bw="1" slack="2147483647"/>
</pin_list>
<bind>
<opcode="load(27) " fcode="load"/>
<opset="compute_launched2_load/1 "/>
</bind>
</comp>

<comp id="1147" class="1004" name="store_ln211_store_fu_1147">
<pin_list>
<pin id="1148" dir="0" index="0" bw="1" slack="0"/>
<pin id="1149" dir="0" index="1" bw="1" slack="0"/>
<pin id="1150" dir="1" index="2" bw="0" slack="2147483647"/>
</pin_list>
<bind>
<opcode="store(28) " fcode="store"/>
<opset="store_ln211/1 "/>
</bind>
</comp>

<comp id="1153" class="1004" name="store_ln217_store_fu_1153">
<pin_list>
<pin id="1154" dir="0" index="0" bw="4" slack="0"/>
<pin id="1155" dir="0" index="1" bw="4" slack="0"/>
<pin id="1156" dir="1" index="2" bw="0" slack="2147483647"/>
</pin_list>
<bind>
<opcode="store(28) " fcode="store"/>
<opset="store_ln217/1 "/>
</bind>
</comp>

<comp id="1159" class="1004" name="compute_launched_load_load_fu_1159">
<pin_list>
<pin id="1160" dir="0" index="0" bw="1" slack="0"/>
<pin id="1161" dir="1" index="1" bw="1" slack="2147483647"/>
</pin_list>
<bind>
<opcode="load(27) " fcode="load"/>
<opset="compute_launched_load/1 "/>
</bind>
</comp>

<comp id="1163" class="1004" name="store_ln193_store_fu_1163">
<pin_list>
<pin id="1164" dir="0" index="0" bw="1" slack="0"/>
<pin id="1165" dir="0" index="1" bw="1" slack="0"/>
<pin id="1166" dir="1" index="2" bw="0" slack="2147483647"/>
</pin_list>
<bind>
<opcode="store(28) " fcode="store"/>
<opset="store_ln193/1 "/>
</bind>
</comp>

<comp id="1169" class="1004" name="store_ln197_store_fu_1169">
<pin_list>
<pin id="1170" dir="0" index="0" bw="1" slack="0"/>
<pin id="1171" dir="0" index="1" bw="4" slack="0"/>
<pin id="1172" dir="1" index="2" bw="0" slack="2147483647"/>
</pin_list>
<bind>
<opcode="store(28) " fcode="store"/>
<opset="store_ln197/1 "/>
</bind>
</comp>

<comp id="1175" class="1004" name="store_ln198_store_fu_1175">
<pin_list>
<pin id="1176" dir="0" index="0" bw="3" slack="0"/>
<pin id="1177" dir="0" index="1" bw="4" slack="0"/>
<pin id="1178" dir="1" index="2" bw="0" slack="2147483647"/>
</pin_list>
<bind>
<opcode="store(28) " fcode="store"/>
<opset="store_ln198/1 "/>
</bind>
</comp>

<comp id="1181" class="1004" name="store_ln199_store_fu_1181">
<pin_list>
<pin id="1182" dir="0" index="0" bw="1" slack="0"/>
<pin id="1183" dir="0" index="1" bw="1" slack="0"/>
<pin id="1184" dir="1" index="2" bw="0" slack="2147483647"/>
</pin_list>
<bind>
<opcode="store(28) " fcode="store"/>
<opset="store_ln199/1 "/>
</bind>
</comp>

<comp id="1187" class="1004" name="store_ln171_store_fu_1187">
<pin_list>
<pin id="1188" dir="0" index="0" bw="1" slack="0"/>
<pin id="1189" dir="0" index="1" bw="1" slack="0"/>
<pin id="1190" dir="1" index="2" bw="0" slack="2147483647"/>
</pin_list>
<bind>
<opcode="store(28) " fcode="store"/>
<opset="store_ln171/1 "/>
</bind>
</comp>

<comp id="1193" class="1004" name="tmp_6_fu_1193">
<pin_list>
<pin id="1194" dir="0" index="0" bw="1" slack="0"/>
<pin id="1195" dir="0" index="1" bw="4" slack="0"/>
<pin id="1196" dir="0" index="2" bw="3" slack="0"/>
<pin id="1197" dir="1" index="3" bw="1" slack="0"/>
</pin_list>
<bind>
<opcode="bitselect(1000) " fcode="bitselect"/>
<opset="tmp_6/1 "/>
</bind>
</comp>

<comp id="1201" class="1004" name="xor_ln1027_1_fu_1201">
<pin_list>
<pin id="1202" dir="0" index="0" bw="1" slack="0"/>
<pin id="1203" dir="0" index="1" bw="1" slack="0"/>
<pin id="1204" dir="1" index="2" bw="1" slack="0"/>
</pin_list>
<bind>
<opcode="xor(25) " fcode="xor"/>
<opset="xor_ln1027_1/1 "/>
</bind>
</comp>

<comp id="1207" class="1004" name="and_ln172_fu_1207">
<pin_list>
<pin id="1208" dir="0" index="0" bw="1" slack="0"/>
<pin id="1209" dir="0" index="1" bw="1" slack="0"/>
<pin id="1210" dir="1" index="2" bw="1" slack="2147483647"/>
</pin_list>
<bind>
<opcode="and(23) " fcode="and"/>
<opset="and_ln172/1 "/>
</bind>
</comp>

<comp id="1213" class="1004" name="p_Result_1_fu_1213">
<pin_list>
<pin id="1214" dir="0" index="0" bw="64" slack="0"/>
<pin id="1215" dir="0" index="1" bw="32" slack="0"/>
<pin id="1216" dir="0" index="2" bw="32" slack="0"/>
<pin id="1217" dir="1" index="3" bw="64" slack="0"/>
</pin_list>
<bind>
<opcode="bitconcatenate(1004) " fcode="bitconcatenate"/>
<opset="p_Result_1/1 "/>
</bind>
</comp>

<comp id="1222" class="1004" name="j_b_load_load_fu_1222">
<pin_list>
<pin id="1223" dir="0" index="0" bw="32" slack="0"/>
<pin id="1224" dir="1" index="1" bw="32" slack="0"/>
</pin_list>
<bind>
<opcode="load(27) " fcode="load"/>
<opset="j_b_load/1 "/>
</bind>
</comp>

<comp id="1226" class="1004" name="add_ln175_fu_1226">
<pin_list>
<pin id="1227" dir="0" index="0" bw="32" slack="0"/>
<pin id="1228" dir="0" index="1" bw="1" slack="0"/>
<pin id="1229" dir="1" index="2" bw="32" slack="0"/>
</pin_list>
<bind>
<opcode="add(8) " fcode="add"/>
<opset="add_ln175/1 "/>
</bind>
</comp>

<comp id="1232" class="1004" name="store_ln175_store_fu_1232">
<pin_list>
<pin id="1233" dir="0" index="0" bw="32" slack="0"/>
<pin id="1234" dir="0" index="1" bw="32" slack="0"/>
<pin id="1235" dir="1" index="2" bw="0" slack="2147483647"/>
</pin_list>
<bind>
<opcode="store(28) " fcode="store"/>
<opset="store_ln175/1 "/>
</bind>
</comp>

<comp id="1238" class="1004" name="zext_ln175_fu_1238">
<pin_list>
<pin id="1239" dir="0" index="0" bw="32" slack="0"/>
<pin id="1240" dir="1" index="1" bw="64" slack="0"/>
</pin_list>
<bind>
<opcode="zext(34) " fcode="zext"/>
<opset="zext_ln175/1 "/>
</bind>
</comp>

<comp id="1243" class="1004" name="j2b_load_load_fu_1243">
<pin_list>
<pin id="1244" dir="0" index="0" bw="32" slack="0"/>
<pin id="1245" dir="1" index="1" bw="32" slack="0"/>
</pin_list>
<bind>
<opcode="load(27) " fcode="load"/>
<opset="j2b_load/1 "/>
</bind>
</comp>

<comp id="1247" class="1004" name="add_ln176_fu_1247">
<pin_list>
<pin id="1248" dir="0" index="0" bw="32" slack="0"/>
<pin id="1249" dir="0" index="1" bw="1" slack="0"/>
<pin id="1250" dir="1" index="2" bw="32" slack="0"/>
</pin_list>
<bind>
<opcode="add(8) " fcode="add"/>
<opset="add_ln176/1 "/>
</bind>
</comp>

<comp id="1253" class="1004" name="store_ln176_store_fu_1253">
<pin_list>
<pin id="1254" dir="0" index="0" bw="32" slack="0"/>
<pin id="1255" dir="0" index="1" bw="32" slack="0"/>
<pin id="1256" dir="1" index="2" bw="0" slack="2147483647"/>
</pin_list>
<bind>
<opcode="store(28) " fcode="store"/>
<opset="store_ln176/1 "/>
</bind>
</comp>

<comp id="1259" class="1004" name="zext_ln176_fu_1259">
<pin_list>
<pin id="1260" dir="0" index="0" bw="32" slack="0"/>
<pin id="1261" dir="1" index="1" bw="64" slack="0"/>
</pin_list>
<bind>
<opcode="zext(34) " fcode="zext"/>
<opset="zext_ln176/1 "/>
</bind>
</comp>

<comp id="1264" class="1004" name="j3a_load_load_fu_1264">
<pin_list>
<pin id="1265" dir="0" index="0" bw="32" slack="0"/>
<pin id="1266" dir="1" index="1" bw="32" slack="0"/>
</pin_list>
<bind>
<opcode="load(27) " fcode="load"/>
<opset="j3a_load/1 "/>
</bind>
</comp>

<comp id="1268" class="1004" name="add_ln177_fu_1268">
<pin_list>
<pin id="1269" dir="0" index="0" bw="32" slack="0"/>
<pin id="1270" dir="0" index="1" bw="1" slack="0"/>
<pin id="1271" dir="1" index="2" bw="32" slack="0"/>
</pin_list>
<bind>
<opcode="add(8) " fcode="add"/>
<opset="add_ln177/1 "/>
</bind>
</comp>

<comp id="1274" class="1004" name="store_ln177_store_fu_1274">
<pin_list>
<pin id="1275" dir="0" index="0" bw="32" slack="0"/>
<pin id="1276" dir="0" index="1" bw="32" slack="0"/>
<pin id="1277" dir="1" index="2" bw="0" slack="2147483647"/>
</pin_list>
<bind>
<opcode="store(28) " fcode="store"/>
<opset="store_ln177/1 "/>
</bind>
</comp>

<comp id="1280" class="1004" name="zext_ln177_fu_1280">
<pin_list>
<pin id="1281" dir="0" index="0" bw="32" slack="0"/>
<pin id="1282" dir="1" index="1" bw="64" slack="0"/>
</pin_list>
<bind>
<opcode="zext(34) " fcode="zext"/>
<opset="zext_ln177/1 "/>
</bind>
</comp>

<comp id="1285" class="1004" name="store_ln840_store_fu_1285">
<pin_list>
<pin id="1286" dir="0" index="0" bw="4" slack="0"/>
<pin id="1287" dir="0" index="1" bw="4" slack="0"/>
<pin id="1288" dir="1" index="2" bw="0" slack="2147483647"/>
</pin_list>
<bind>
<opcode="store(28) " fcode="store"/>
<opset="store_ln840/1 "/>
</bind>
</comp>

<comp id="1291" class="1004" name="tmp_11_fu_1291">
<pin_list>
<pin id="1292" dir="0" index="0" bw="1" slack="0"/>
<pin id="1293" dir="0" index="1" bw="4" slack="0"/>
<pin id="1294" dir="0" index="2" bw="3" slack="0"/>
<pin id="1295" dir="1" index="3" bw="1" slack="0"/>
</pin_list>
<bind>
<opcode="bitselect(1000) " fcode="bitselect"/>
<opset="tmp_11/1 "/>
</bind>
</comp>

<comp id="1299" class="1004" name="and_ln181_fu_1299">
<pin_list>
<pin id="1300" dir="0" index="0" bw="1" slack="0"/>
<pin id="1301" dir="0" index="1" bw="1" slack="0"/>
<pin id="1302" dir="1" index="2" bw="1" slack="2147483647"/>
</pin_list>
<bind>
<opcode="and(23) " fcode="and"/>
<opset="and_ln181/1 "/>
</bind>
</comp>

<comp id="1305" class="1004" name="store_ln182_store_fu_1305">
<pin_list>
<pin id="1306" dir="0" index="0" bw="1" slack="0"/>
<pin id="1307" dir="0" index="1" bw="1" slack="0"/>
<pin id="1308" dir="1" index="2" bw="0" slack="2147483647"/>
</pin_list>
<bind>
<opcode="store(28) " fcode="store"/>
<opset="store_ln182/1 "/>
</bind>
</comp>

<comp id="1311" class="1004" name="store_ln183_store_fu_1311">
<pin_list>
<pin id="1312" dir="0" index="0" bw="4" slack="0"/>
<pin id="1313" dir="0" index="1" bw="4" slack="0"/>
<pin id="1314" dir="1" index="2" bw="0" slack="2147483647"/>
</pin_list>
<bind>
<opcode="store(28) " fcode="store"/>
<opset="store_ln183/1 "/>
</bind>
</comp>

<comp id="1317" class="1004" name="store_ln153_store_fu_1317">
<pin_list>
<pin id="1318" dir="0" index="0" bw="1" slack="0"/>
<pin id="1319" dir="0" index="1" bw="1" slack="0"/>
<pin id="1320" dir="1" index="2" bw="0" slack="2147483647"/>
</pin_list>
<bind>
<opcode="store(28) " fcode="store"/>
<opset="store_ln153/1 "/>
</bind>
</comp>

<comp id="1323" class="1004" name="tmp_4_fu_1323">
<pin_list>
<pin id="1324" dir="0" index="0" bw="1" slack="0"/>
<pin id="1325" dir="0" index="1" bw="4" slack="0"/>
<pin id="1326" dir="0" index="2" bw="3" slack="0"/>
<pin id="1327" dir="1" index="3" bw="1" slack="0"/>
</pin_list>
<bind>
<opcode="bitselect(1000) " fcode="bitselect"/>
<opset="tmp_4/1 "/>
</bind>
</comp>

<comp id="1331" class="1004" name="xor_ln1027_fu_1331">
<pin_list>
<pin id="1332" dir="0" index="0" bw="1" slack="0"/>
<pin id="1333" dir="0" index="1" bw="1" slack="0"/>
<pin id="1334" dir="1" index="2" bw="1" slack="0"/>
</pin_list>
<bind>
<opcode="xor(25) " fcode="xor"/>
<opset="xor_ln1027/1 "/>
</bind>
</comp>

<comp id="1337" class="1004" name="and_ln154_fu_1337">
<pin_list>
<pin id="1338" dir="0" index="0" bw="1" slack="0"/>
<pin id="1339" dir="0" index="1" bw="1" slack="0"/>
<pin id="1340" dir="1" index="2" bw="1" slack="2147483647"/>
</pin_list>
<bind>
<opcode="and(23) " fcode="and"/>
<opset="and_ln154/1 "/>
</bind>
</comp>

<comp id="1343" class="1004" name="p_Result_s_fu_1343">
<pin_list>
<pin id="1344" dir="0" index="0" bw="64" slack="0"/>
<pin id="1345" dir="0" index="1" bw="32" slack="0"/>
<pin id="1346" dir="0" index="2" bw="32" slack="0"/>
<pin id="1347" dir="1" index="3" bw="64" slack="0"/>
</pin_list>
<bind>
<opcode="bitconcatenate(1004) " fcode="bitconcatenate"/>
<opset="p_Result_s/1 "/>
</bind>
</comp>

<comp id="1352" class="1004" name="j_a_load_load_fu_1352">
<pin_list>
<pin id="1353" dir="0" index="0" bw="32" slack="0"/>
<pin id="1354" dir="1" index="1" bw="32" slack="0"/>
</pin_list>
<bind>
<opcode="load(27) " fcode="load"/>
<opset="j_a_load/1 "/>
</bind>
</comp>

<comp id="1356" class="1004" name="add_ln157_fu_1356">
<pin_list>
<pin id="1357" dir="0" index="0" bw="32" slack="0"/>
<pin id="1358" dir="0" index="1" bw="1" slack="0"/>
<pin id="1359" dir="1" index="2" bw="32" slack="0"/>
</pin_list>
<bind>
<opcode="add(8) " fcode="add"/>
<opset="add_ln157/1 "/>
</bind>
</comp>

<comp id="1362" class="1004" name="store_ln157_store_fu_1362">
<pin_list>
<pin id="1363" dir="0" index="0" bw="32" slack="0"/>
<pin id="1364" dir="0" index="1" bw="32" slack="0"/>
<pin id="1365" dir="1" index="2" bw="0" slack="2147483647"/>
</pin_list>
<bind>
<opcode="store(28) " fcode="store"/>
<opset="store_ln157/1 "/>
</bind>
</comp>

<comp id="1368" class="1004" name="zext_ln157_fu_1368">
<pin_list>
<pin id="1369" dir="0" index="0" bw="32" slack="0"/>
<pin id="1370" dir="1" index="1" bw="64" slack="0"/>
</pin_list>
<bind>
<opcode="zext(34) " fcode="zext"/>
<opset="zext_ln157/1 "/>
</bind>
</comp>

<comp id="1373" class="1004" name="j2a_load_load_fu_1373">
<pin_list>
<pin id="1374" dir="0" index="0" bw="32" slack="0"/>
<pin id="1375" dir="1" index="1" bw="32" slack="0"/>
</pin_list>
<bind>
<opcode="load(27) " fcode="load"/>
<opset="j2a_load/1 "/>
</bind>
</comp>

<comp id="1377" class="1004" name="add_ln158_fu_1377">
<pin_list>
<pin id="1378" dir="0" index="0" bw="32" slack="0"/>
<pin id="1379" dir="0" index="1" bw="1" slack="0"/>
<pin id="1380" dir="1" index="2" bw="32" slack="0"/>
</pin_list>
<bind>
<opcode="add(8) " fcode="add"/>
<opset="add_ln158/1 "/>
</bind>
</comp>

<comp id="1383" class="1004" name="store_ln158_store_fu_1383">
<pin_list>
<pin id="1384" dir="0" index="0" bw="32" slack="0"/>
<pin id="1385" dir="0" index="1" bw="32" slack="0"/>
<pin id="1386" dir="1" index="2" bw="0" slack="2147483647"/>
</pin_list>
<bind>
<opcode="store(28) " fcode="store"/>
<opset="store_ln158/1 "/>
</bind>
</comp>

<comp id="1389" class="1004" name="zext_ln158_fu_1389">
<pin_list>
<pin id="1390" dir="0" index="0" bw="32" slack="0"/>
<pin id="1391" dir="1" index="1" bw="64" slack="0"/>
</pin_list>
<bind>
<opcode="zext(34) " fcode="zext"/>
<opset="zext_ln158/1 "/>
</bind>
</comp>

<comp id="1394" class="1004" name="j3b_load_load_fu_1394">
<pin_list>
<pin id="1395" dir="0" index="0" bw="32" slack="0"/>
<pin id="1396" dir="1" index="1" bw="32" slack="0"/>
</pin_list>
<bind>
<opcode="load(27) " fcode="load"/>
<opset="j3b_load/1 "/>
</bind>
</comp>

<comp id="1398" class="1004" name="add_ln159_fu_1398">
<pin_list>
<pin id="1399" dir="0" index="0" bw="32" slack="0"/>
<pin id="1400" dir="0" index="1" bw="1" slack="0"/>
<pin id="1401" dir="1" index="2" bw="32" slack="0"/>
</pin_list>
<bind>
<opcode="add(8) " fcode="add"/>
<opset="add_ln159/1 "/>
</bind>
</comp>

<comp id="1404" class="1004" name="store_ln159_store_fu_1404">
<pin_list>
<pin id="1405" dir="0" index="0" bw="32" slack="0"/>
<pin id="1406" dir="0" index="1" bw="32" slack="0"/>
<pin id="1407" dir="1" index="2" bw="0" slack="2147483647"/>
</pin_list>
<bind>
<opcode="store(28) " fcode="store"/>
<opset="store_ln159/1 "/>
</bind>
</comp>

<comp id="1410" class="1004" name="zext_ln159_fu_1410">
<pin_list>
<pin id="1411" dir="0" index="0" bw="32" slack="0"/>
<pin id="1412" dir="1" index="1" bw="64" slack="0"/>
</pin_list>
<bind>
<opcode="zext(34) " fcode="zext"/>
<opset="zext_ln159/1 "/>
</bind>
</comp>

<comp id="1415" class="1004" name="store_ln840_store_fu_1415">
<pin_list>
<pin id="1416" dir="0" index="0" bw="4" slack="0"/>
<pin id="1417" dir="0" index="1" bw="4" slack="0"/>
<pin id="1418" dir="1" index="2" bw="0" slack="2147483647"/>
</pin_list>
<bind>
<opcode="store(28) " fcode="store"/>
<opset="store_ln840/1 "/>
</bind>
</comp>

<comp id="1421" class="1004" name="tmp_9_fu_1421">
<pin_list>
<pin id="1422" dir="0" index="0" bw="1" slack="0"/>
<pin id="1423" dir="0" index="1" bw="4" slack="0"/>
<pin id="1424" dir="0" index="2" bw="3" slack="0"/>
<pin id="1425" dir="1" index="3" bw="1" slack="0"/>
</pin_list>
<bind>
<opcode="bitselect(1000) " fcode="bitselect"/>
<opset="tmp_9/1 "/>
</bind>
</comp>

<comp id="1429" class="1004" name="and_ln163_fu_1429">
<pin_list>
<pin id="1430" dir="0" index="0" bw="1" slack="0"/>
<pin id="1431" dir="0" index="1" bw="1" slack="0"/>
<pin id="1432" dir="1" index="2" bw="1" slack="2147483647"/>
</pin_list>
<bind>
<opcode="and(23) " fcode="and"/>
<opset="and_ln163/1 "/>
</bind>
</comp>

<comp id="1435" class="1004" name="store_ln164_store_fu_1435">
<pin_list>
<pin id="1436" dir="0" index="0" bw="1" slack="0"/>
<pin id="1437" dir="0" index="1" bw="1" slack="0"/>
<pin id="1438" dir="1" index="2" bw="0" slack="2147483647"/>
</pin_list>
<bind>
<opcode="store(28) " fcode="store"/>
<opset="store_ln164/1 "/>
</bind>
</comp>

<comp id="1441" class="1004" name="store_ln165_store_fu_1441">
<pin_list>
<pin id="1442" dir="0" index="0" bw="3" slack="0"/>
<pin id="1443" dir="0" index="1" bw="4" slack="0"/>
<pin id="1444" dir="1" index="2" bw="0" slack="2147483647"/>
</pin_list>
<bind>
<opcode="store(28) " fcode="store"/>
<opset="store_ln165/1 "/>
</bind>
</comp>

<comp id="1447" class="1004" name="store_ln118_store_fu_1447">
<pin_list>
<pin id="1448" dir="0" index="0" bw="1" slack="0"/>
<pin id="1449" dir="0" index="1" bw="32" slack="0"/>
<pin id="1450" dir="1" index="2" bw="0" slack="2147483647"/>
</pin_list>
<bind>
<opcode="store(28) " fcode="store"/>
<opset="store_ln118/1 "/>
</bind>
</comp>

<comp id="1453" class="1004" name="store_ln119_store_fu_1453">
<pin_list>
<pin id="1454" dir="0" index="0" bw="1" slack="0"/>
<pin id="1455" dir="0" index="1" bw="32" slack="0"/>
<pin id="1456" dir="1" index="2" bw="0" slack="2147483647"/>
</pin_list>
<bind>
<opcode="store(28) " fcode="store"/>
<opset="store_ln119/1 "/>
</bind>
</comp>

<comp id="1459" class="1004" name="store_ln120_store_fu_1459">
<pin_list>
<pin id="1460" dir="0" index="0" bw="1" slack="0"/>
<pin id="1461" dir="0" index="1" bw="32" slack="0"/>
<pin id="1462" dir="1" index="2" bw="0" slack="2147483647"/>
</pin_list>
<bind>
<opcode="store(28) " fcode="store"/>
<opset="store_ln120/1 "/>
</bind>
</comp>

<comp id="1465" class="1004" name="store_ln121_store_fu_1465">
<pin_list>
<pin id="1466" dir="0" index="0" bw="1" slack="0"/>
<pin id="1467" dir="0" index="1" bw="32" slack="0"/>
<pin id="1468" dir="1" index="2" bw="0" slack="2147483647"/>
</pin_list>
<bind>
<opcode="store(28) " fcode="store"/>
<opset="store_ln121/1 "/>
</bind>
</comp>

<comp id="1471" class="1004" name="store_ln122_store_fu_1471">
<pin_list>
<pin id="1472" dir="0" index="0" bw="1" slack="0"/>
<pin id="1473" dir="0" index="1" bw="32" slack="0"/>
<pin id="1474" dir="1" index="2" bw="0" slack="2147483647"/>
</pin_list>
<bind>
<opcode="store(28) " fcode="store"/>
<opset="store_ln122/1 "/>
</bind>
</comp>

<comp id="1477" class="1004" name="store_ln123_store_fu_1477">
<pin_list>
<pin id="1478" dir="0" index="0" bw="1" slack="0"/>
<pin id="1479" dir="0" index="1" bw="32" slack="0"/>
<pin id="1480" dir="1" index="2" bw="0" slack="2147483647"/>
</pin_list>
<bind>
<opcode="store(28) " fcode="store"/>
<opset="store_ln123/1 "/>
</bind>
</comp>

<comp id="1483" class="1004" name="store_ln124_store_fu_1483">
<pin_list>
<pin id="1484" dir="0" index="0" bw="1" slack="0"/>
<pin id="1485" dir="0" index="1" bw="4" slack="0"/>
<pin id="1486" dir="1" index="2" bw="0" slack="2147483647"/>
</pin_list>
<bind>
<opcode="store(28) " fcode="store"/>
<opset="store_ln124/1 "/>
</bind>
</comp>

<comp id="1489" class="1004" name="store_ln125_store_fu_1489">
<pin_list>
<pin id="1490" dir="0" index="0" bw="1" slack="0"/>
<pin id="1491" dir="0" index="1" bw="1" slack="0"/>
<pin id="1492" dir="1" index="2" bw="0" slack="2147483647"/>
</pin_list>
<bind>
<opcode="store(28) " fcode="store"/>
<opset="store_ln125/1 "/>
</bind>
</comp>

<comp id="1495" class="1004" name="store_ln126_store_fu_1495">
<pin_list>
<pin id="1496" dir="0" index="0" bw="1" slack="0"/>
<pin id="1497" dir="0" index="1" bw="14" slack="0"/>
<pin id="1498" dir="1" index="2" bw="0" slack="2147483647"/>
</pin_list>
<bind>
<opcode="store(28) " fcode="store"/>
<opset="store_ln126/1 "/>
</bind>
</comp>

<comp id="1501" class="1004" name="store_ln127_store_fu_1501">
<pin_list>
<pin id="1502" dir="0" index="0" bw="1" slack="0"/>
<pin id="1503" dir="0" index="1" bw="32" slack="0"/>
<pin id="1504" dir="1" index="2" bw="0" slack="2147483647"/>
</pin_list>
<bind>
<opcode="store(28) " fcode="store"/>
<opset="store_ln127/1 "/>
</bind>
</comp>

<comp id="1507" class="1004" name="store_ln129_store_fu_1507">
<pin_list>
<pin id="1508" dir="0" index="0" bw="1" slack="0"/>
<pin id="1509" dir="0" index="1" bw="32" slack="0"/>
<pin id="1510" dir="1" index="2" bw="0" slack="2147483647"/>
</pin_list>
<bind>
<opcode="store(28) " fcode="store"/>
<opset="store_ln129/1 "/>
</bind>
</comp>

<comp id="1513" class="1004" name="store_ln130_store_fu_1513">
<pin_list>
<pin id="1514" dir="0" index="0" bw="1" slack="0"/>
<pin id="1515" dir="0" index="1" bw="1" slack="0"/>
<pin id="1516" dir="1" index="2" bw="0" slack="2147483647"/>
</pin_list>
<bind>
<opcode="store(28) " fcode="store"/>
<opset="store_ln130/1 "/>
</bind>
</comp>

<comp id="1519" class="1004" name="store_ln133_store_fu_1519">
<pin_list>
<pin id="1520" dir="0" index="0" bw="1" slack="0"/>
<pin id="1521" dir="0" index="1" bw="1" slack="0"/>
<pin id="1522" dir="1" index="2" bw="0" slack="2147483647"/>
</pin_list>
<bind>
<opcode="store(28) " fcode="store"/>
<opset="store_ln133/1 "/>
</bind>
</comp>

<comp id="1525" class="1004" name="store_ln135_store_fu_1525">
<pin_list>
<pin id="1526" dir="0" index="0" bw="1" slack="0"/>
<pin id="1527" dir="0" index="1" bw="1" slack="0"/>
<pin id="1528" dir="1" index="2" bw="0" slack="2147483647"/>
</pin_list>
<bind>
<opcode="store(28) " fcode="store"/>
<opset="store_ln135/1 "/>
</bind>
</comp>

<comp id="1531" class="1004" name="store_ln141_store_fu_1531">
<pin_list>
<pin id="1532" dir="0" index="0" bw="1" slack="0"/>
<pin id="1533" dir="0" index="1" bw="4" slack="0"/>
<pin id="1534" dir="1" index="2" bw="0" slack="2147483647"/>
</pin_list>
<bind>
<opcode="store(28) " fcode="store"/>
<opset="store_ln141/1 "/>
</bind>
</comp>

<comp id="1537" class="1004" name="store_ln146_store_fu_1537">
<pin_list>
<pin id="1538" dir="0" index="0" bw="1" slack="0"/>
<pin id="1539" dir="0" index="1" bw="1" slack="0"/>
<pin id="1540" dir="1" index="2" bw="0" slack="2147483647"/>
</pin_list>
<bind>
<opcode="store(28) " fcode="store"/>
<opset="store_ln146/1 "/>
</bind>
</comp>

<comp id="1543" class="1004" name="store_ln147_store_fu_1543">
<pin_list>
<pin id="1544" dir="0" index="0" bw="1" slack="0"/>
<pin id="1545" dir="0" index="1" bw="1" slack="0"/>
<pin id="1546" dir="1" index="2" bw="0" slack="2147483647"/>
</pin_list>
<bind>
<opcode="store(28) " fcode="store"/>
<opset="store_ln147/1 "/>
</bind>
</comp>

<comp id="1549" class="1004" name="store_ln128_store_fu_1549">
<pin_list>
<pin id="1550" dir="0" index="0" bw="1" slack="0"/>
<pin id="1551" dir="0" index="1" bw="1" slack="0"/>
<pin id="1552" dir="1" index="2" bw="0" slack="2147483647"/>
</pin_list>
<bind>
<opcode="store(28) " fcode="store"/>
<opset="store_ln128/1 "/>
</bind>
</comp>

<comp id="1555" class="1004" name="or_ln294_fu_1555">
<pin_list>
<pin id="1556" dir="0" index="0" bw="1" slack="0"/>
<pin id="1557" dir="0" index="1" bw="1" slack="0"/>
<pin id="1558" dir="1" index="2" bw="1" slack="2147483647"/>
</pin_list>
<bind>
<opcode="or(24) " fcode="or"/>
<opset="or_ln294/1 "/>
</bind>
</comp>

<comp id="1561" class="1004" name="store_ln142_store_fu_1561">
<pin_list>
<pin id="1562" dir="0" index="0" bw="1" slack="0"/>
<pin id="1563" dir="0" index="1" bw="1" slack="0"/>
<pin id="1564" dir="1" index="2" bw="0" slack="2147483647"/>
</pin_list>
<bind>
<opcode="store(28) " fcode="store"/>
<opset="store_ln142/1 "/>
</bind>
</comp>

<comp id="1567" class="1004" name="or_ln295_fu_1567">
<pin_list>
<pin id="1568" dir="0" index="0" bw="1" slack="0"/>
<pin id="1569" dir="0" index="1" bw="1" slack="0"/>
<pin id="1570" dir="1" index="2" bw="1" slack="2147483647"/>
</pin_list>
<bind>
<opcode="or(24) " fcode="or"/>
<opset="or_ln295/1 "/>
</bind>
</comp>

<comp id="1573" class="1004" name="store_ln143_store_fu_1573">
<pin_list>
<pin id="1574" dir="0" index="0" bw="1" slack="0"/>
<pin id="1575" dir="0" index="1" bw="1" slack="0"/>
<pin id="1576" dir="1" index="2" bw="0" slack="2147483647"/>
</pin_list>
<bind>
<opcode="store(28) " fcode="store"/>
<opset="store_ln143/1 "/>
</bind>
</comp>

<comp id="1579" class="1004" name="or_ln296_fu_1579">
<pin_list>
<pin id="1580" dir="0" index="0" bw="1" slack="0"/>
<pin id="1581" dir="0" index="1" bw="1" slack="0"/>
<pin id="1582" dir="1" index="2" bw="1" slack="2147483647"/>
</pin_list>
<bind>
<opcode="or(24) " fcode="or"/>
<opset="or_ln296/1 "/>
</bind>
</comp>

<comp id="1585" class="1004" name="store_ln144_store_fu_1585">
<pin_list>
<pin id="1586" dir="0" index="0" bw="1" slack="0"/>
<pin id="1587" dir="0" index="1" bw="1" slack="0"/>
<pin id="1588" dir="1" index="2" bw="0" slack="2147483647"/>
</pin_list>
<bind>
<opcode="store(28) " fcode="store"/>
<opset="store_ln144/1 "/>
</bind>
</comp>

<comp id="1591" class="1004" name="or_ln297_fu_1591">
<pin_list>
<pin id="1592" dir="0" index="0" bw="1" slack="0"/>
<pin id="1593" dir="0" index="1" bw="1" slack="0"/>
<pin id="1594" dir="1" index="2" bw="1" slack="2147483647"/>
</pin_list>
<bind>
<opcode="or(24) " fcode="or"/>
<opset="or_ln297/1 "/>
</bind>
</comp>

<comp id="1597" class="1004" name="store_result_valid_load_load_fu_1597">
<pin_list>
<pin id="1598" dir="0" index="0" bw="1" slack="0"/>
<pin id="1599" dir="1" index="1" bw="1" slack="0"/>
</pin_list>
<bind>
<opcode="load(27) " fcode="load"/>
<opset="store_result_valid_load/1 "/>
</bind>
</comp>

<comp id="1601" class="1004" name="and_ln301_fu_1601">
<pin_list>
<pin id="1602" dir="0" index="0" bw="1" slack="0"/>
<pin id="1603" dir="0" index="1" bw="1" slack="0"/>
<pin id="1604" dir="1" index="2" bw="1" slack="0"/>
</pin_list>
<bind>
<opcode="and(23) " fcode="and"/>
<opset="and_ln301/1 "/>
</bind>
</comp>

<comp id="1607" class="1004" name="xor_ln301_fu_1607">
<pin_list>
<pin id="1608" dir="0" index="0" bw="1" slack="0"/>
<pin id="1609" dir="0" index="1" bw="1" slack="0"/>
<pin id="1610" dir="1" index="2" bw="1" slack="0"/>
</pin_list>
<bind>
<opcode="xor(25) " fcode="xor"/>
<opset="xor_ln301/1 "/>
</bind>
</comp>

<comp id="1613" class="1004" name="or_ln301_fu_1613">
<pin_list>
<pin id="1614" dir="0" index="0" bw="1" slack="0"/>
<pin id="1615" dir="0" index="1" bw="1" slack="0"/>
<pin id="1616" dir="1" index="2" bw="1" slack="0"/>
</pin_list>
<bind>
<opcode="or(24) " fcode="or"/>
<opset="or_ln301/1 "/>
</bind>
</comp>

<comp id="1619" class="1004" name="store_ln301_store_fu_1619">
<pin_list>
<pin id="1620" dir="0" index="0" bw="1" slack="0"/>
<pin id="1621" dir="0" index="1" bw="1" slack="0"/>
<pin id="1622" dir="1" index="2" bw="0" slack="2147483647"/>
</pin_list>
<bind>
<opcode="store(28) " fcode="store"/>
<opset="store_ln301/1 "/>
</bind>
</comp>

<comp id="1625" class="1004" name="r_acc_V_load_load_fu_1625">
<pin_list>
<pin id="1626" dir="0" index="0" bw="32" slack="0"/>
<pin id="1627" dir="1" index="1" bw="32" slack="0"/>
</pin_list>
<bind>
<opcode="load(27) " fcode="load"/>
<opset="r_acc_V_load/1 "/>
</bind>
</comp>

<comp id="1630" class="1004" name="and_ln304_fu_1630">
<pin_list>
<pin id="1631" dir="0" index="0" bw="1" slack="0"/>
<pin id="1632" dir="0" index="1" bw="1" slack="0"/>
<pin id="1633" dir="1" index="2" bw="1" slack="0"/>
</pin_list>
<bind>
<opcode="and(23) " fcode="and"/>
<opset="and_ln304/1 "/>
</bind>
</comp>

<comp id="1637" class="1004" name="store_ln145_store_fu_1637">
<pin_list>
<pin id="1638" dir="0" index="0" bw="1" slack="0"/>
<pin id="1639" dir="0" index="1" bw="1" slack="0"/>
<pin id="1640" dir="1" index="2" bw="0" slack="2147483647"/>
</pin_list>
<bind>
<opcode="store(28) " fcode="store"/>
<opset="store_ln145/1 "/>
</bind>
</comp>

</comp_list>

<net_list>
<net id="242"><net_src comp="148" pin="0"/><net_sink comp="238" pin=0"/></net>

<net id="243"><net_src comp="82" pin="0"/><net_sink comp="238" pin=1"/></net>

<net id="248"><net_src comp="148" pin="0"/><net_sink comp="244" pin=0"/></net>

<net id="249"><net_src comp="78" pin="0"/><net_sink comp="244" pin=1"/></net>

<net id="254"><net_src comp="148" pin="0"/><net_sink comp="250" pin=0"/></net>

<net id="255"><net_src comp="74" pin="0"/><net_sink comp="250" pin=1"/></net>

<net id="260"><net_src comp="148" pin="0"/><net_sink comp="256" pin=0"/></net>

<net id="261"><net_src comp="70" pin="0"/><net_sink comp="256" pin=1"/></net>

<net id="266"><net_src comp="150" pin="0"/><net_sink comp="262" pin=0"/></net>

<net id="267"><net_src comp="42" pin="0"/><net_sink comp="262" pin=1"/></net>

<net id="272"><net_src comp="152" pin="0"/><net_sink comp="268" pin=0"/></net>

<net id="273"><net_src comp="40" pin="0"/><net_sink comp="268" pin=1"/></net>

<net id="278"><net_src comp="154" pin="0"/><net_sink comp="274" pin=0"/></net>

<net id="279"><net_src comp="34" pin="0"/><net_sink comp="274" pin=1"/></net>

<net id="284"><net_src comp="154" pin="0"/><net_sink comp="280" pin=0"/></net>

<net id="285"><net_src comp="32" pin="0"/><net_sink comp="280" pin=1"/></net>

<net id="291"><net_src comp="168" pin="0"/><net_sink comp="286" pin=0"/></net>

<net id="292"><net_src comp="2" pin="0"/><net_sink comp="286" pin=1"/></net>

<net id="298"><net_src comp="168" pin="0"/><net_sink comp="293" pin=0"/></net>

<net id="299"><net_src comp="10" pin="0"/><net_sink comp="293" pin=1"/></net>

<net id="305"><net_src comp="168" pin="0"/><net_sink comp="300" pin=0"/></net>

<net id="306"><net_src comp="18" pin="0"/><net_sink comp="300" pin=1"/></net>

<net id="307"><net_src comp="166" pin="0"/><net_sink comp="300" pin=2"/></net>

<net id="312"><net_src comp="170" pin="0"/><net_sink comp="308" pin=0"/></net>

<net id="313"><net_src comp="26" pin="0"/><net_sink comp="308" pin=1"/></net>

<net id="318"><net_src comp="170" pin="0"/><net_sink comp="314" pin=0"/></net>

<net id="319"><net_src comp="0" pin="0"/><net_sink comp="314" pin=1"/></net>

<net id="324"><net_src comp="170" pin="0"/><net_sink comp="320" pin=0"/></net>

<net id="325"><net_src comp="8" pin="0"/><net_sink comp="320" pin=1"/></net>

<net id="330"><net_src comp="172" pin="0"/><net_sink comp="326" pin=0"/></net>

<net id="331"><net_src comp="4" pin="0"/><net_sink comp="326" pin=1"/></net>

<net id="336"><net_src comp="172" pin="0"/><net_sink comp="332" pin=0"/></net>

<net id="337"><net_src comp="12" pin="0"/><net_sink comp="332" pin=1"/></net>

<net id="343"><net_src comp="188" pin="0"/><net_sink comp="338" pin=0"/></net>

<net id="344"><net_src comp="48" pin="0"/><net_sink comp="338" pin=1"/></net>

<net id="345"><net_src comp="190" pin="0"/><net_sink comp="338" pin=2"/></net>

<net id="351"><net_src comp="188" pin="0"/><net_sink comp="346" pin=0"/></net>

<net id="352"><net_src comp="50" pin="0"/><net_sink comp="346" pin=1"/></net>

<net id="353"><net_src comp="190" pin="0"/><net_sink comp="346" pin=2"/></net>

<net id="359"><net_src comp="188" pin="0"/><net_sink comp="354" pin=0"/></net>

<net id="360"><net_src comp="52" pin="0"/><net_sink comp="354" pin=1"/></net>

<net id="361"><net_src comp="190" pin="0"/><net_sink comp="354" pin=2"/></net>

<net id="366"><net_src comp="208" pin="0"/><net_sink comp="362" pin=0"/></net>

<net id="367"><net_src comp="54" pin="0"/><net_sink comp="362" pin=1"/></net>

<net id="372"><net_src comp="208" pin="0"/><net_sink comp="368" pin=0"/></net>

<net id="373"><net_src comp="52" pin="0"/><net_sink comp="368" pin=1"/></net>

<net id="378"><net_src comp="208" pin="0"/><net_sink comp="374" pin=0"/></net>

<net id="379"><net_src comp="50" pin="0"/><net_sink comp="374" pin=1"/></net>

<net id="384"><net_src comp="208" pin="0"/><net_sink comp="380" pin=0"/></net>

<net id="385"><net_src comp="48" pin="0"/><net_sink comp="380" pin=1"/></net>

<net id="391"><net_src comp="214" pin="0"/><net_sink comp="386" pin=0"/></net>

<net id="392"><net_src comp="86" pin="0"/><net_sink comp="386" pin=1"/></net>

<net id="398"><net_src comp="168" pin="0"/><net_sink comp="393" pin=0"/></net>

<net id="399"><net_src comp="72" pin="0"/><net_sink comp="393" pin=1"/></net>

<net id="400"><net_src comp="166" pin="0"/><net_sink comp="393" pin=2"/></net>

<net id="406"><net_src comp="168" pin="0"/><net_sink comp="401" pin=0"/></net>

<net id="407"><net_src comp="76" pin="0"/><net_sink comp="401" pin=1"/></net>

<net id="408"><net_src comp="166" pin="0"/><net_sink comp="401" pin=2"/></net>

<net id="414"><net_src comp="168" pin="0"/><net_sink comp="409" pin=0"/></net>

<net id="415"><net_src comp="80" pin="0"/><net_sink comp="409" pin=1"/></net>

<net id="416"><net_src comp="166" pin="0"/><net_sink comp="409" pin=2"/></net>

<net id="417"><net_src comp="212" pin="0"/><net_sink comp="393" pin=2"/></net>

<net id="418"><net_src comp="212" pin="0"/><net_sink comp="401" pin=2"/></net>

<net id="419"><net_src comp="212" pin="0"/><net_sink comp="409" pin=2"/></net>

<net id="425"><net_src comp="214" pin="0"/><net_sink comp="420" pin=0"/></net>

<net id="426"><net_src comp="84" pin="0"/><net_sink comp="420" pin=1"/></net>

<net id="432"><net_src comp="168" pin="0"/><net_sink comp="427" pin=0"/></net>

<net id="433"><net_src comp="68" pin="0"/><net_sink comp="427" pin=1"/></net>

<net id="434"><net_src comp="166" pin="0"/><net_sink comp="427" pin=2"/></net>

<net id="435"><net_src comp="212" pin="0"/><net_sink comp="427" pin=2"/></net>

<net id="441"><net_src comp="230" pin="0"/><net_sink comp="436" pin=0"/></net>

<net id="442"><net_src comp="28" pin="0"/><net_sink comp="436" pin=1"/></net>

<net id="448"><net_src comp="168" pin="0"/><net_sink comp="443" pin=0"/></net>

<net id="449"><net_src comp="24" pin="0"/><net_sink comp="443" pin=1"/></net>

<net id="455"><net_src comp="232" pin="0"/><net_sink comp="450" pin=0"/></net>

<net id="456"><net_src comp="30" pin="0"/><net_sink comp="450" pin=1"/></net>

<net id="457"><net_src comp="234" pin="0"/><net_sink comp="450" pin=2"/></net>

<net id="463"><net_src comp="236" pin="0"/><net_sink comp="458" pin=0"/></net>

<net id="464"><net_src comp="44" pin="0"/><net_sink comp="458" pin=1"/></net>

<net id="470"><net_src comp="214" pin="0"/><net_sink comp="465" pin=0"/></net>

<net id="471"><net_src comp="46" pin="0"/><net_sink comp="465" pin=1"/></net>

<net id="477"><net_src comp="58" pin="0"/><net_sink comp="472" pin=0"/></net>

<net id="478"><net_src comp="222" pin="0"/><net_sink comp="472" pin=1"/></net>

<net id="484"><net_src comp="472" pin="3"/><net_sink comp="479" pin=0"/></net>

<net id="490"><net_src comp="62" pin="0"/><net_sink comp="485" pin=0"/></net>

<net id="491"><net_src comp="222" pin="0"/><net_sink comp="485" pin=1"/></net>

<net id="497"><net_src comp="332" pin="2"/><net_sink comp="492" pin=1"/></net>

<net id="498"><net_src comp="485" pin="3"/><net_sink comp="492" pin=0"/></net>

<net id="504"><net_src comp="64" pin="0"/><net_sink comp="499" pin=0"/></net>

<net id="505"><net_src comp="222" pin="0"/><net_sink comp="499" pin=1"/></net>

<net id="511"><net_src comp="326" pin="2"/><net_sink comp="506" pin=1"/></net>

<net id="512"><net_src comp="499" pin="3"/><net_sink comp="506" pin=0"/></net>

<net id="518"><net_src comp="56" pin="0"/><net_sink comp="513" pin=0"/></net>

<net id="519"><net_src comp="222" pin="0"/><net_sink comp="513" pin=1"/></net>

<net id="525"><net_src comp="513" pin="3"/><net_sink comp="520" pin=0"/></net>

<net id="531"><net_src comp="60" pin="0"/><net_sink comp="526" pin=0"/></net>

<net id="532"><net_src comp="222" pin="0"/><net_sink comp="526" pin=1"/></net>

<net id="538"><net_src comp="326" pin="2"/><net_sink comp="533" pin=1"/></net>

<net id="539"><net_src comp="526" pin="3"/><net_sink comp="533" pin=0"/></net>

<net id="545"><net_src comp="66" pin="0"/><net_sink comp="540" pin=0"/></net>

<net id="546"><net_src comp="222" pin="0"/><net_sink comp="540" pin=1"/></net>

<net id="552"><net_src comp="332" pin="2"/><net_sink comp="547" pin=1"/></net>

<net id="553"><net_src comp="540" pin="3"/><net_sink comp="547" pin=0"/></net>

<net id="593"><net_src comp="380" pin="2"/><net_sink comp="583" pin=0"/></net>

<net id="594"><net_src comp="374" pin="2"/><net_sink comp="583" pin=2"/></net>

<net id="595"><net_src comp="368" pin="2"/><net_sink comp="583" pin=4"/></net>

<net id="596"><net_src comp="362" pin="2"/><net_sink comp="583" pin=6"/></net>

<net id="652"><net_src comp="212" pin="0"/><net_sink comp="622" pin=0"/></net>

<net id="653"><net_src comp="166" pin="0"/><net_sink comp="622" pin=2"/></net>

<net id="654"><net_src comp="212" pin="0"/><net_sink comp="622" pin=4"/></net>

<net id="655"><net_src comp="212" pin="0"/><net_sink comp="622" pin=6"/></net>

<net id="656"><net_src comp="212" pin="0"/><net_sink comp="622" pin=8"/></net>

<net id="657"><net_src comp="212" pin="0"/><net_sink comp="622" pin=10"/></net>

<net id="658"><net_src comp="166" pin="0"/><net_sink comp="622" pin=12"/></net>

<net id="659"><net_src comp="212" pin="0"/><net_sink comp="622" pin=14"/></net>

<net id="660"><net_src comp="212" pin="0"/><net_sink comp="622" pin=16"/></net>

<net id="661"><net_src comp="212" pin="0"/><net_sink comp="622" pin=18"/></net>

<net id="662"><net_src comp="212" pin="0"/><net_sink comp="622" pin=20"/></net>

<net id="663"><net_src comp="212" pin="0"/><net_sink comp="622" pin=22"/></net>

<net id="664"><net_src comp="212" pin="0"/><net_sink comp="622" pin=24"/></net>

<net id="665"><net_src comp="212" pin="0"/><net_sink comp="622" pin=26"/></net>

<net id="699"><net_src comp="228" pin="0"/><net_sink comp="669" pin=12"/></net>

<net id="700"><net_src comp="669" pin="28"/><net_sink comp="458" pin=2"/></net>

<net id="734"><net_src comp="212" pin="0"/><net_sink comp="704" pin=0"/></net>

<net id="735"><net_src comp="212" pin="0"/><net_sink comp="704" pin=2"/></net>

<net id="736"><net_src comp="212" pin="0"/><net_sink comp="704" pin=4"/></net>

<net id="737"><net_src comp="212" pin="0"/><net_sink comp="704" pin=6"/></net>

<net id="738"><net_src comp="212" pin="0"/><net_sink comp="704" pin=8"/></net>

<net id="739"><net_src comp="212" pin="0"/><net_sink comp="704" pin=10"/></net>

<net id="740"><net_src comp="166" pin="0"/><net_sink comp="704" pin=12"/></net>

<net id="741"><net_src comp="212" pin="0"/><net_sink comp="704" pin=14"/></net>

<net id="742"><net_src comp="166" pin="0"/><net_sink comp="704" pin=16"/></net>

<net id="743"><net_src comp="212" pin="0"/><net_sink comp="704" pin=18"/></net>

<net id="744"><net_src comp="212" pin="0"/><net_sink comp="704" pin=20"/></net>

<net id="745"><net_src comp="212" pin="0"/><net_sink comp="704" pin=22"/></net>

<net id="746"><net_src comp="212" pin="0"/><net_sink comp="704" pin=24"/></net>

<net id="747"><net_src comp="212" pin="0"/><net_sink comp="704" pin=26"/></net>

<net id="781"><net_src comp="166" pin="0"/><net_sink comp="751" pin=2"/></net>

<net id="782"><net_src comp="212" pin="0"/><net_sink comp="751" pin=12"/></net>

<net id="783"><net_src comp="751" pin="28"/><net_sink comp="465" pin=2"/></net>

<net id="788"><net_src comp="210" pin="0"/><net_sink comp="784" pin=1"/></net>

<net id="789"><net_src comp="784" pin="2"/><net_sink comp="557" pin=6"/></net>

<net id="790"><net_src comp="784" pin="2"/><net_sink comp="557" pin=4"/></net>

<net id="791"><net_src comp="784" pin="2"/><net_sink comp="557" pin=2"/></net>

<net id="792"><net_src comp="784" pin="2"/><net_sink comp="557" pin=0"/></net>

<net id="797"><net_src comp="190" pin="0"/><net_sink comp="793" pin=1"/></net>

<net id="798"><net_src comp="793" pin="2"/><net_sink comp="570" pin=6"/></net>

<net id="799"><net_src comp="793" pin="2"/><net_sink comp="570" pin=4"/></net>

<net id="800"><net_src comp="793" pin="2"/><net_sink comp="570" pin=2"/></net>

<net id="801"><net_src comp="793" pin="2"/><net_sink comp="570" pin=0"/></net>

<net id="806"><net_src comp="314" pin="2"/><net_sink comp="802" pin=0"/></net>

<net id="807"><net_src comp="320" pin="2"/><net_sink comp="802" pin=1"/></net>

<net id="812"><net_src comp="176" pin="0"/><net_sink comp="808" pin=1"/></net>

<net id="813"><net_src comp="808" pin="2"/><net_sink comp="600" pin=2"/></net>

<net id="814"><net_src comp="808" pin="2"/><net_sink comp="611" pin=2"/></net>

<net id="819"><net_src comp="268" pin="2"/><net_sink comp="815" pin=0"/></net>

<net id="820"><net_src comp="224" pin="0"/><net_sink comp="815" pin=1"/></net>

<net id="824"><net_src comp="88" pin="0"/><net_sink comp="821" pin=0"/></net>

<net id="829"><net_src comp="821" pin="1"/><net_sink comp="825" pin=0"/></net>

<net id="830"><net_src comp="166" pin="0"/><net_sink comp="825" pin=1"/></net>

<net id="831"><net_src comp="825" pin="2"/><net_sink comp="286" pin=2"/></net>

<net id="832"><net_src comp="825" pin="2"/><net_sink comp="293" pin=2"/></net>

<net id="836"><net_src comp="90" pin="0"/><net_sink comp="833" pin=0"/></net>

<net id="837"><net_src comp="833" pin="1"/><net_sink comp="751" pin=0"/></net>

<net id="838"><net_src comp="833" pin="1"/><net_sink comp="751" pin=4"/></net>

<net id="839"><net_src comp="833" pin="1"/><net_sink comp="751" pin=6"/></net>

<net id="840"><net_src comp="833" pin="1"/><net_sink comp="751" pin=8"/></net>

<net id="841"><net_src comp="833" pin="1"/><net_sink comp="751" pin=10"/></net>

<net id="842"><net_src comp="833" pin="1"/><net_sink comp="751" pin=14"/></net>

<net id="843"><net_src comp="833" pin="1"/><net_sink comp="751" pin=16"/></net>

<net id="844"><net_src comp="833" pin="1"/><net_sink comp="751" pin=18"/></net>

<net id="845"><net_src comp="833" pin="1"/><net_sink comp="751" pin=20"/></net>

<net id="846"><net_src comp="833" pin="1"/><net_sink comp="751" pin=22"/></net>

<net id="847"><net_src comp="833" pin="1"/><net_sink comp="751" pin=24"/></net>

<net id="848"><net_src comp="833" pin="1"/><net_sink comp="751" pin=26"/></net>

<net id="852"><net_src comp="92" pin="0"/><net_sink comp="849" pin=0"/></net>

<net id="856"><net_src comp="94" pin="0"/><net_sink comp="853" pin=0"/></net>

<net id="857"><net_src comp="853" pin="1"/><net_sink comp="808" pin=0"/></net>

<net id="858"><net_src comp="853" pin="1"/><net_sink comp="600" pin=0"/></net>

<net id="859"><net_src comp="853" pin="1"/><net_sink comp="600" pin=4"/></net>

<net id="860"><net_src comp="853" pin="1"/><net_sink comp="611" pin=0"/></net>

<net id="861"><net_src comp="853" pin="1"/><net_sink comp="611" pin=4"/></net>

<net id="865"><net_src comp="96" pin="0"/><net_sink comp="862" pin=0"/></net>

<net id="866"><net_src comp="862" pin="1"/><net_sink comp="784" pin=0"/></net>

<net id="870"><net_src comp="862" pin="1"/><net_sink comp="867" pin=0"/></net>

<net id="871"><net_src comp="867" pin="1"/><net_sink comp="669" pin=0"/></net>

<net id="872"><net_src comp="867" pin="1"/><net_sink comp="669" pin=4"/></net>

<net id="873"><net_src comp="867" pin="1"/><net_sink comp="669" pin=6"/></net>

<net id="874"><net_src comp="867" pin="1"/><net_sink comp="669" pin=8"/></net>

<net id="875"><net_src comp="867" pin="1"/><net_sink comp="669" pin=10"/></net>

<net id="876"><net_src comp="867" pin="1"/><net_sink comp="669" pin=14"/></net>

<net id="877"><net_src comp="867" pin="1"/><net_sink comp="669" pin=16"/></net>

<net id="878"><net_src comp="867" pin="1"/><net_sink comp="669" pin=18"/></net>

<net id="879"><net_src comp="867" pin="1"/><net_sink comp="669" pin=20"/></net>

<net id="880"><net_src comp="867" pin="1"/><net_sink comp="669" pin=22"/></net>

<net id="881"><net_src comp="867" pin="1"/><net_sink comp="669" pin=24"/></net>

<net id="882"><net_src comp="867" pin="1"/><net_sink comp="669" pin=26"/></net>

<net id="886"><net_src comp="98" pin="0"/><net_sink comp="883" pin=0"/></net>

<net id="890"><net_src comp="100" pin="0"/><net_sink comp="887" pin=0"/></net>

<net id="894"><net_src comp="102" pin="0"/><net_sink comp="891" pin=0"/></net>

<net id="898"><net_src comp="104" pin="0"/><net_sink comp="895" pin=0"/></net>

<net id="902"><net_src comp="106" pin="0"/><net_sink comp="899" pin=0"/></net>

<net id="903"><net_src comp="899" pin="1"/><net_sink comp="420" pin=2"/></net>

<net id="907"><net_src comp="108" pin="0"/><net_sink comp="904" pin=0"/></net>

<net id="908"><net_src comp="904" pin="1"/><net_sink comp="386" pin=2"/></net>

<net id="912"><net_src comp="124" pin="0"/><net_sink comp="909" pin=0"/></net>

<net id="913"><net_src comp="909" pin="1"/><net_sink comp="793" pin=0"/></net>

<net id="920"><net_src comp="192" pin="0"/><net_sink comp="914" pin=0"/></net>

<net id="921"><net_src comp="909" pin="1"/><net_sink comp="914" pin=1"/></net>

<net id="922"><net_src comp="194" pin="0"/><net_sink comp="914" pin=2"/></net>

<net id="923"><net_src comp="196" pin="0"/><net_sink comp="914" pin=3"/></net>

<net id="928"><net_src comp="914" pin="4"/><net_sink comp="924" pin=0"/></net>

<net id="929"><net_src comp="198" pin="0"/><net_sink comp="924" pin=1"/></net>

<net id="934"><net_src comp="338" pin="3"/><net_sink comp="930" pin=0"/></net>

<net id="935"><net_src comp="924" pin="2"/><net_sink comp="930" pin=1"/></net>

<net id="942"><net_src comp="200" pin="0"/><net_sink comp="936" pin=0"/></net>

<net id="943"><net_src comp="909" pin="1"/><net_sink comp="936" pin=1"/></net>

<net id="944"><net_src comp="202" pin="0"/><net_sink comp="936" pin=2"/></net>

<net id="945"><net_src comp="196" pin="0"/><net_sink comp="936" pin=3"/></net>

<net id="950"><net_src comp="936" pin="4"/><net_sink comp="946" pin=0"/></net>

<net id="951"><net_src comp="204" pin="0"/><net_sink comp="946" pin=1"/></net>

<net id="956"><net_src comp="346" pin="3"/><net_sink comp="952" pin=0"/></net>

<net id="957"><net_src comp="946" pin="2"/><net_sink comp="952" pin=1"/></net>

<net id="962"><net_src comp="909" pin="1"/><net_sink comp="958" pin=0"/></net>

<net id="963"><net_src comp="206" pin="0"/><net_sink comp="958" pin=1"/></net>

<net id="968"><net_src comp="354" pin="3"/><net_sink comp="964" pin=0"/></net>

<net id="969"><net_src comp="958" pin="2"/><net_sink comp="964" pin=1"/></net>

<net id="974"><net_src comp="784" pin="2"/><net_sink comp="970" pin=0"/></net>

<net id="975"><net_src comp="96" pin="0"/><net_sink comp="970" pin=1"/></net>

<net id="980"><net_src comp="793" pin="2"/><net_sink comp="976" pin=0"/></net>

<net id="981"><net_src comp="124" pin="0"/><net_sink comp="976" pin=1"/></net>

<net id="986"><net_src comp="784" pin="2"/><net_sink comp="982" pin=0"/></net>

<net id="987"><net_src comp="96" pin="0"/><net_sink comp="982" pin=1"/></net>

<net id="992"><net_src comp="793" pin="2"/><net_sink comp="988" pin=0"/></net>

<net id="993"><net_src comp="124" pin="0"/><net_sink comp="988" pin=1"/></net>

<net id="998"><net_src comp="784" pin="2"/><net_sink comp="994" pin=0"/></net>

<net id="999"><net_src comp="96" pin="0"/><net_sink comp="994" pin=1"/></net>

<net id="1004"><net_src comp="793" pin="2"/><net_sink comp="1000" pin=0"/></net>

<net id="1005"><net_src comp="124" pin="0"/><net_sink comp="1000" pin=1"/></net>

<net id="1010"><net_src comp="784" pin="2"/><net_sink comp="1006" pin=0"/></net>

<net id="1011"><net_src comp="96" pin="0"/><net_sink comp="1006" pin=1"/></net>

<net id="1016"><net_src comp="793" pin="2"/><net_sink comp="1012" pin=0"/></net>

<net id="1017"><net_src comp="124" pin="0"/><net_sink comp="1012" pin=1"/></net>

<net id="1021"><net_src comp="557" pin="8"/><net_sink comp="1018" pin=0"/></net>

<net id="1022"><net_src comp="1018" pin="1"/><net_sink comp="669" pin=2"/></net>

<net id="1026"><net_src comp="262" pin="2"/><net_sink comp="1023" pin=0"/></net>

<net id="1030"><net_src comp="262" pin="2"/><net_sink comp="1027" pin=0"/></net>

<net id="1035"><net_src comp="557" pin="8"/><net_sink comp="1031" pin=0"/></net>

<net id="1036"><net_src comp="1027" pin="1"/><net_sink comp="1031" pin=1"/></net>

<net id="1040"><net_src comp="132" pin="0"/><net_sink comp="1037" pin=0"/></net>

<net id="1045"><net_src comp="583" pin="8"/><net_sink comp="1041" pin=0"/></net>

<net id="1046"><net_src comp="122" pin="0"/><net_sink comp="1041" pin=1"/></net>

<net id="1051"><net_src comp="570" pin="8"/><net_sink comp="1047" pin=0"/></net>

<net id="1052"><net_src comp="1023" pin="1"/><net_sink comp="1047" pin=1"/></net>

<net id="1057"><net_src comp="174" pin="0"/><net_sink comp="1053" pin=0"/></net>

<net id="1058"><net_src comp="92" pin="0"/><net_sink comp="1053" pin=1"/></net>

<net id="1063"><net_src comp="166" pin="0"/><net_sink comp="1059" pin=0"/></net>

<net id="1064"><net_src comp="106" pin="0"/><net_sink comp="1059" pin=1"/></net>

<net id="1069"><net_src comp="166" pin="0"/><net_sink comp="1065" pin=0"/></net>

<net id="1070"><net_src comp="108" pin="0"/><net_sink comp="1065" pin=1"/></net>

<net id="1075"><net_src comp="174" pin="0"/><net_sink comp="1071" pin=0"/></net>

<net id="1076"><net_src comp="94" pin="0"/><net_sink comp="1071" pin=1"/></net>

<net id="1081"><net_src comp="212" pin="0"/><net_sink comp="1077" pin=0"/></net>

<net id="1082"><net_src comp="88" pin="0"/><net_sink comp="1077" pin=1"/></net>

<net id="1087"><net_src comp="212" pin="0"/><net_sink comp="1083" pin=0"/></net>

<net id="1088"><net_src comp="128" pin="0"/><net_sink comp="1083" pin=1"/></net>

<net id="1093"><net_src comp="212" pin="0"/><net_sink comp="1089" pin=0"/></net>

<net id="1094"><net_src comp="130" pin="0"/><net_sink comp="1089" pin=1"/></net>

<net id="1099"><net_src comp="140" pin="0"/><net_sink comp="1095" pin=0"/></net>

<net id="1100"><net_src comp="110" pin="0"/><net_sink comp="1095" pin=1"/></net>

<net id="1105"><net_src comp="140" pin="0"/><net_sink comp="1101" pin=0"/></net>

<net id="1106"><net_src comp="114" pin="0"/><net_sink comp="1101" pin=1"/></net>

<net id="1111"><net_src comp="140" pin="0"/><net_sink comp="1107" pin=0"/></net>

<net id="1112"><net_src comp="120" pin="0"/><net_sink comp="1107" pin=1"/></net>

<net id="1117"><net_src comp="140" pin="0"/><net_sink comp="1113" pin=0"/></net>

<net id="1118"><net_src comp="112" pin="0"/><net_sink comp="1113" pin=1"/></net>

<net id="1123"><net_src comp="140" pin="0"/><net_sink comp="1119" pin=0"/></net>

<net id="1124"><net_src comp="118" pin="0"/><net_sink comp="1119" pin=1"/></net>

<net id="1129"><net_src comp="140" pin="0"/><net_sink comp="1125" pin=0"/></net>

<net id="1130"><net_src comp="116" pin="0"/><net_sink comp="1125" pin=1"/></net>

<net id="1135"><net_src comp="176" pin="0"/><net_sink comp="1131" pin=0"/></net>

<net id="1136"><net_src comp="92" pin="0"/><net_sink comp="1131" pin=1"/></net>

<net id="1141"><net_src comp="186" pin="0"/><net_sink comp="1137" pin=0"/></net>

<net id="1142"><net_src comp="92" pin="0"/><net_sink comp="1137" pin=1"/></net>

<net id="1146"><net_src comp="130" pin="0"/><net_sink comp="1143" pin=0"/></net>

<net id="1151"><net_src comp="166" pin="0"/><net_sink comp="1147" pin=0"/></net>

<net id="1152"><net_src comp="130" pin="0"/><net_sink comp="1147" pin=1"/></net>

<net id="1157"><net_src comp="184" pin="0"/><net_sink comp="1153" pin=0"/></net>

<net id="1158"><net_src comp="92" pin="0"/><net_sink comp="1153" pin=1"/></net>

<net id="1162"><net_src comp="128" pin="0"/><net_sink comp="1159" pin=0"/></net>

<net id="1167"><net_src comp="166" pin="0"/><net_sink comp="1163" pin=0"/></net>

<net id="1168"><net_src comp="128" pin="0"/><net_sink comp="1163" pin=1"/></net>

<net id="1173"><net_src comp="174" pin="0"/><net_sink comp="1169" pin=0"/></net>

<net id="1174"><net_src comp="94" pin="0"/><net_sink comp="1169" pin=1"/></net>

<net id="1179"><net_src comp="178" pin="0"/><net_sink comp="1175" pin=0"/></net>

<net id="1180"><net_src comp="92" pin="0"/><net_sink comp="1175" pin=1"/></net>

<net id="1185"><net_src comp="212" pin="0"/><net_sink comp="1181" pin=0"/></net>

<net id="1186"><net_src comp="88" pin="0"/><net_sink comp="1181" pin=1"/></net>

<net id="1191"><net_src comp="166" pin="0"/><net_sink comp="1187" pin=0"/></net>

<net id="1192"><net_src comp="126" pin="0"/><net_sink comp="1187" pin=1"/></net>

<net id="1198"><net_src comp="216" pin="0"/><net_sink comp="1193" pin=0"/></net>

<net id="1199"><net_src comp="853" pin="1"/><net_sink comp="1193" pin=1"/></net>

<net id="1200"><net_src comp="218" pin="0"/><net_sink comp="1193" pin=2"/></net>

<net id="1205"><net_src comp="1193" pin="3"/><net_sink comp="1201" pin=0"/></net>

<net id="1206"><net_src comp="166" pin="0"/><net_sink comp="1201" pin=1"/></net>

<net id="1211"><net_src comp="1201" pin="2"/><net_sink comp="1207" pin=0"/></net>

<net id="1212"><net_src comp="825" pin="2"/><net_sink comp="1207" pin=1"/></net>

<net id="1218"><net_src comp="220" pin="0"/><net_sink comp="1213" pin=0"/></net>

<net id="1219"><net_src comp="332" pin="2"/><net_sink comp="1213" pin=1"/></net>

<net id="1220"><net_src comp="326" pin="2"/><net_sink comp="1213" pin=2"/></net>

<net id="1221"><net_src comp="1213" pin="3"/><net_sink comp="479" pin=1"/></net>

<net id="1225"><net_src comp="112" pin="0"/><net_sink comp="1222" pin=0"/></net>

<net id="1230"><net_src comp="1222" pin="1"/><net_sink comp="1226" pin=0"/></net>

<net id="1231"><net_src comp="190" pin="0"/><net_sink comp="1226" pin=1"/></net>

<net id="1236"><net_src comp="1226" pin="2"/><net_sink comp="1232" pin=0"/></net>

<net id="1237"><net_src comp="112" pin="0"/><net_sink comp="1232" pin=1"/></net>

<net id="1241"><net_src comp="1222" pin="1"/><net_sink comp="1238" pin=0"/></net>

<net id="1242"><net_src comp="1238" pin="1"/><net_sink comp="472" pin=2"/></net>

<net id="1246"><net_src comp="116" pin="0"/><net_sink comp="1243" pin=0"/></net>

<net id="1251"><net_src comp="1243" pin="1"/><net_sink comp="1247" pin=0"/></net>

<net id="1252"><net_src comp="190" pin="0"/><net_sink comp="1247" pin=1"/></net>

<net id="1257"><net_src comp="1247" pin="2"/><net_sink comp="1253" pin=0"/></net>

<net id="1258"><net_src comp="116" pin="0"/><net_sink comp="1253" pin=1"/></net>

<net id="1262"><net_src comp="1243" pin="1"/><net_sink comp="1259" pin=0"/></net>

<net id="1263"><net_src comp="1259" pin="1"/><net_sink comp="485" pin=2"/></net>

<net id="1267"><net_src comp="118" pin="0"/><net_sink comp="1264" pin=0"/></net>

<net id="1272"><net_src comp="1264" pin="1"/><net_sink comp="1268" pin=0"/></net>

<net id="1273"><net_src comp="190" pin="0"/><net_sink comp="1268" pin=1"/></net>

<net id="1278"><net_src comp="1268" pin="2"/><net_sink comp="1274" pin=0"/></net>

<net id="1279"><net_src comp="118" pin="0"/><net_sink comp="1274" pin=1"/></net>

<net id="1283"><net_src comp="1264" pin="1"/><net_sink comp="1280" pin=0"/></net>

<net id="1284"><net_src comp="1280" pin="1"/><net_sink comp="499" pin=2"/></net>

<net id="1289"><net_src comp="808" pin="2"/><net_sink comp="1285" pin=0"/></net>

<net id="1290"><net_src comp="94" pin="0"/><net_sink comp="1285" pin=1"/></net>

<net id="1296"><net_src comp="216" pin="0"/><net_sink comp="1291" pin=0"/></net>

<net id="1297"><net_src comp="600" pin="6"/><net_sink comp="1291" pin=1"/></net>

<net id="1298"><net_src comp="218" pin="0"/><net_sink comp="1291" pin=2"/></net>

<net id="1303"><net_src comp="1291" pin="3"/><net_sink comp="1299" pin=0"/></net>

<net id="1304"><net_src comp="815" pin="2"/><net_sink comp="1299" pin=1"/></net>

<net id="1309"><net_src comp="166" pin="0"/><net_sink comp="1305" pin=0"/></net>

<net id="1310"><net_src comp="88" pin="0"/><net_sink comp="1305" pin=1"/></net>

<net id="1315"><net_src comp="182" pin="0"/><net_sink comp="1311" pin=0"/></net>

<net id="1316"><net_src comp="92" pin="0"/><net_sink comp="1311" pin=1"/></net>

<net id="1321"><net_src comp="166" pin="0"/><net_sink comp="1317" pin=0"/></net>

<net id="1322"><net_src comp="126" pin="0"/><net_sink comp="1317" pin=1"/></net>

<net id="1328"><net_src comp="216" pin="0"/><net_sink comp="1323" pin=0"/></net>

<net id="1329"><net_src comp="853" pin="1"/><net_sink comp="1323" pin=1"/></net>

<net id="1330"><net_src comp="218" pin="0"/><net_sink comp="1323" pin=2"/></net>

<net id="1335"><net_src comp="1323" pin="3"/><net_sink comp="1331" pin=0"/></net>

<net id="1336"><net_src comp="166" pin="0"/><net_sink comp="1331" pin=1"/></net>

<net id="1341"><net_src comp="1331" pin="2"/><net_sink comp="1337" pin=0"/></net>

<net id="1342"><net_src comp="825" pin="2"/><net_sink comp="1337" pin=1"/></net>

<net id="1348"><net_src comp="220" pin="0"/><net_sink comp="1343" pin=0"/></net>

<net id="1349"><net_src comp="332" pin="2"/><net_sink comp="1343" pin=1"/></net>

<net id="1350"><net_src comp="326" pin="2"/><net_sink comp="1343" pin=2"/></net>

<net id="1351"><net_src comp="1343" pin="3"/><net_sink comp="520" pin=1"/></net>

<net id="1355"><net_src comp="110" pin="0"/><net_sink comp="1352" pin=0"/></net>

<net id="1360"><net_src comp="1352" pin="1"/><net_sink comp="1356" pin=0"/></net>

<net id="1361"><net_src comp="190" pin="0"/><net_sink comp="1356" pin=1"/></net>

<net id="1366"><net_src comp="1356" pin="2"/><net_sink comp="1362" pin=0"/></net>

<net id="1367"><net_src comp="110" pin="0"/><net_sink comp="1362" pin=1"/></net>

<net id="1371"><net_src comp="1352" pin="1"/><net_sink comp="1368" pin=0"/></net>

<net id="1372"><net_src comp="1368" pin="1"/><net_sink comp="513" pin=2"/></net>

<net id="1376"><net_src comp="114" pin="0"/><net_sink comp="1373" pin=0"/></net>

<net id="1381"><net_src comp="1373" pin="1"/><net_sink comp="1377" pin=0"/></net>

<net id="1382"><net_src comp="190" pin="0"/><net_sink comp="1377" pin=1"/></net>

<net id="1387"><net_src comp="1377" pin="2"/><net_sink comp="1383" pin=0"/></net>

<net id="1388"><net_src comp="114" pin="0"/><net_sink comp="1383" pin=1"/></net>

<net id="1392"><net_src comp="1373" pin="1"/><net_sink comp="1389" pin=0"/></net>

<net id="1393"><net_src comp="1389" pin="1"/><net_sink comp="526" pin=2"/></net>

<net id="1397"><net_src comp="120" pin="0"/><net_sink comp="1394" pin=0"/></net>

<net id="1402"><net_src comp="1394" pin="1"/><net_sink comp="1398" pin=0"/></net>

<net id="1403"><net_src comp="190" pin="0"/><net_sink comp="1398" pin=1"/></net>

<net id="1408"><net_src comp="1398" pin="2"/><net_sink comp="1404" pin=0"/></net>

<net id="1409"><net_src comp="120" pin="0"/><net_sink comp="1404" pin=1"/></net>

<net id="1413"><net_src comp="1394" pin="1"/><net_sink comp="1410" pin=0"/></net>

<net id="1414"><net_src comp="1410" pin="1"/><net_sink comp="540" pin=2"/></net>

<net id="1419"><net_src comp="808" pin="2"/><net_sink comp="1415" pin=0"/></net>

<net id="1420"><net_src comp="94" pin="0"/><net_sink comp="1415" pin=1"/></net>

<net id="1426"><net_src comp="216" pin="0"/><net_sink comp="1421" pin=0"/></net>

<net id="1427"><net_src comp="611" pin="6"/><net_sink comp="1421" pin=1"/></net>

<net id="1428"><net_src comp="218" pin="0"/><net_sink comp="1421" pin=2"/></net>

<net id="1433"><net_src comp="1421" pin="3"/><net_sink comp="1429" pin=0"/></net>

<net id="1434"><net_src comp="815" pin="2"/><net_sink comp="1429" pin=1"/></net>

<net id="1439"><net_src comp="166" pin="0"/><net_sink comp="1435" pin=0"/></net>

<net id="1440"><net_src comp="88" pin="0"/><net_sink comp="1435" pin=1"/></net>

<net id="1445"><net_src comp="180" pin="0"/><net_sink comp="1441" pin=0"/></net>

<net id="1446"><net_src comp="92" pin="0"/><net_sink comp="1441" pin=1"/></net>

<net id="1451"><net_src comp="140" pin="0"/><net_sink comp="1447" pin=0"/></net>

<net id="1452"><net_src comp="110" pin="0"/><net_sink comp="1447" pin=1"/></net>

<net id="1457"><net_src comp="140" pin="0"/><net_sink comp="1453" pin=0"/></net>

<net id="1458"><net_src comp="112" pin="0"/><net_sink comp="1453" pin=1"/></net>

<net id="1463"><net_src comp="140" pin="0"/><net_sink comp="1459" pin=0"/></net>

<net id="1464"><net_src comp="114" pin="0"/><net_sink comp="1459" pin=1"/></net>

<net id="1469"><net_src comp="140" pin="0"/><net_sink comp="1465" pin=0"/></net>

<net id="1470"><net_src comp="116" pin="0"/><net_sink comp="1465" pin=1"/></net>

<net id="1475"><net_src comp="140" pin="0"/><net_sink comp="1471" pin=0"/></net>

<net id="1476"><net_src comp="118" pin="0"/><net_sink comp="1471" pin=1"/></net>

<net id="1481"><net_src comp="140" pin="0"/><net_sink comp="1477" pin=0"/></net>

<net id="1482"><net_src comp="120" pin="0"/><net_sink comp="1477" pin=1"/></net>

<net id="1487"><net_src comp="174" pin="0"/><net_sink comp="1483" pin=0"/></net>

<net id="1488"><net_src comp="94" pin="0"/><net_sink comp="1483" pin=1"/></net>

<net id="1493"><net_src comp="212" pin="0"/><net_sink comp="1489" pin=0"/></net>

<net id="1494"><net_src comp="88" pin="0"/><net_sink comp="1489" pin=1"/></net>

<net id="1499"><net_src comp="226" pin="0"/><net_sink comp="1495" pin=0"/></net>

<net id="1500"><net_src comp="96" pin="0"/><net_sink comp="1495" pin=1"/></net>

<net id="1505"><net_src comp="140" pin="0"/><net_sink comp="1501" pin=0"/></net>

<net id="1506"><net_src comp="122" pin="0"/><net_sink comp="1501" pin=1"/></net>

<net id="1511"><net_src comp="140" pin="0"/><net_sink comp="1507" pin=0"/></net>

<net id="1512"><net_src comp="124" pin="0"/><net_sink comp="1507" pin=1"/></net>

<net id="1517"><net_src comp="212" pin="0"/><net_sink comp="1513" pin=0"/></net>

<net id="1518"><net_src comp="126" pin="0"/><net_sink comp="1513" pin=1"/></net>

<net id="1523"><net_src comp="212" pin="0"/><net_sink comp="1519" pin=0"/></net>

<net id="1524"><net_src comp="128" pin="0"/><net_sink comp="1519" pin=1"/></net>

<net id="1529"><net_src comp="212" pin="0"/><net_sink comp="1525" pin=0"/></net>

<net id="1530"><net_src comp="130" pin="0"/><net_sink comp="1525" pin=1"/></net>

<net id="1535"><net_src comp="176" pin="0"/><net_sink comp="1531" pin=0"/></net>

<net id="1536"><net_src comp="92" pin="0"/><net_sink comp="1531" pin=1"/></net>

<net id="1541"><net_src comp="212" pin="0"/><net_sink comp="1537" pin=0"/></net>

<net id="1542"><net_src comp="106" pin="0"/><net_sink comp="1537" pin=1"/></net>

<net id="1547"><net_src comp="212" pin="0"/><net_sink comp="1543" pin=0"/></net>

<net id="1548"><net_src comp="108" pin="0"/><net_sink comp="1543" pin=1"/></net>

<net id="1553"><net_src comp="751" pin="28"/><net_sink comp="1549" pin=0"/></net>

<net id="1554"><net_src comp="90" pin="0"/><net_sink comp="1549" pin=1"/></net>

<net id="1559"><net_src comp="704" pin="28"/><net_sink comp="1555" pin=0"/></net>

<net id="1560"><net_src comp="256" pin="2"/><net_sink comp="1555" pin=1"/></net>

<net id="1565"><net_src comp="256" pin="2"/><net_sink comp="1561" pin=0"/></net>

<net id="1566"><net_src comp="98" pin="0"/><net_sink comp="1561" pin=1"/></net>

<net id="1571"><net_src comp="704" pin="28"/><net_sink comp="1567" pin=0"/></net>

<net id="1572"><net_src comp="250" pin="2"/><net_sink comp="1567" pin=1"/></net>

<net id="1577"><net_src comp="250" pin="2"/><net_sink comp="1573" pin=0"/></net>

<net id="1578"><net_src comp="100" pin="0"/><net_sink comp="1573" pin=1"/></net>

<net id="1583"><net_src comp="704" pin="28"/><net_sink comp="1579" pin=0"/></net>

<net id="1584"><net_src comp="244" pin="2"/><net_sink comp="1579" pin=1"/></net>

<net id="1589"><net_src comp="244" pin="2"/><net_sink comp="1585" pin=0"/></net>

<net id="1590"><net_src comp="102" pin="0"/><net_sink comp="1585" pin=1"/></net>

<net id="1595"><net_src comp="704" pin="28"/><net_sink comp="1591" pin=0"/></net>

<net id="1596"><net_src comp="238" pin="2"/><net_sink comp="1591" pin=1"/></net>

<net id="1600"><net_src comp="126" pin="0"/><net_sink comp="1597" pin=0"/></net>

<net id="1605"><net_src comp="833" pin="1"/><net_sink comp="1601" pin=0"/></net>

<net id="1606"><net_src comp="1597" pin="1"/><net_sink comp="1601" pin=1"/></net>

<net id="1611"><net_src comp="1601" pin="2"/><net_sink comp="1607" pin=0"/></net>

<net id="1612"><net_src comp="166" pin="0"/><net_sink comp="1607" pin=1"/></net>

<net id="1617"><net_src comp="308" pin="2"/><net_sink comp="1613" pin=0"/></net>

<net id="1618"><net_src comp="1607" pin="2"/><net_sink comp="1613" pin=1"/></net>

<net id="1623"><net_src comp="1613" pin="2"/><net_sink comp="1619" pin=0"/></net>

<net id="1624"><net_src comp="132" pin="0"/><net_sink comp="1619" pin=1"/></net>

<net id="1628"><net_src comp="122" pin="0"/><net_sink comp="1625" pin=0"/></net>

<net id="1629"><net_src comp="1625" pin="1"/><net_sink comp="436" pin=2"/></net>

<net id="1634"><net_src comp="751" pin="28"/><net_sink comp="1630" pin=0"/></net>

<net id="1635"><net_src comp="274" pin="2"/><net_sink comp="1630" pin=1"/></net>

<net id="1636"><net_src comp="1630" pin="2"/><net_sink comp="443" pin=2"/></net>

<net id="1641"><net_src comp="238" pin="2"/><net_sink comp="1637" pin=0"/></net>

<net id="1642"><net_src comp="104" pin="0"/><net_sink comp="1637" pin=1"/></net>

</net_list>

</model> 
---------------- Datapath Model END ------------------

* FSMD analyzer results:
  - Output states:
	Port: a_i_ready | {1 }
	Port: b_i_ready | {1 }
	Port: c_i_ready | {1 }
	Port: d_o_valid | {1 }
	Port: d_o_data | {1 }
	Port: d_o_strb | {1 }
	Port: f_cnt | {1 }
	Port: f_valid | {1 }
	Port: buffer_1_wr | {1 }
	Port: buffer_1_wr1 | {1 }
	Port: buffer_1_wr2a | {1 }
	Port: buffer_1_wr2b | {1 }
	Port: buffer_1_wr3a | {1 }
	Port: buffer_1_wr3b | {1 }
	Port: compute_start1 | {1 }
	Port: compute_start2 | {1 }
	Port: slave_start1 | {1 }
	Port: slave_start2 | {1 }
	Port: phase1 | {1 }
	Port: phase2 | {1 }
	Port: buffer_ok | {1 }
	Port: r_acc_valid | {1 }
	Port: state | {1 }
	Port: b_count_V | {1 }
	Port: r_cnt_V | {1 }
	Port: done1_seen | {1 }
	Port: done2_seen | {1 }
	Port: slave_done1_seen | {1 }
	Port: slave_done2_seen | {1 }
	Port: i_phase1 | {1 }
	Port: i_phase2 | {1 }
	Port: j_a | {1 }
	Port: j_b | {1 }
	Port: j2a | {1 }
	Port: j2b | {1 }
	Port: j3a | {1 }
	Port: j3b | {1 }
	Port: r_acc_V | {1 }
	Port: i | {1 }
	Port: store_result_valid | {1 }
	Port: compute_launched | {1 }
	Port: compute_launched2 | {1 }
	Port: store_result_ready | {1 }
 - Input state : 
	Port: cont : a_i_valid | {1 }
	Port: cont : a_i_data | {1 }
	Port: cont : b_i_valid | {1 }
	Port: cont : b_i_data | {1 }
	Port: cont : d_o_ready | {1 }
	Port: cont : clear | {1 }
	Port: cont : enable | {1 }
	Port: cont : shift | {1 }
	Port: cont : len | {1 }
	Port: cont : buffer_1_rd | {1 }
	Port: cont : buffer_1_rd1 | {1 }
	Port: cont : buffer_1_rd2 | {1 }
	Port: cont : buffer_1_rd3 | {1 }
	Port: cont : compute_done1 | {1 }
	Port: cont : compute_done2 | {1 }
	Port: cont : slave_done1 | {1 }
	Port: cont : slave_done2 | {1 }
	Port: cont : buffer_ok | {1 }
	Port: cont : r_acc_valid | {1 }
	Port: cont : state | {1 }
	Port: cont : b_count_V | {1 }
	Port: cont : r_cnt_V | {1 }
	Port: cont : done1_seen | {1 }
	Port: cont : done2_seen | {1 }
	Port: cont : slave_done1_seen | {1 }
	Port: cont : slave_done2_seen | {1 }
	Port: cont : i_phase1 | {1 }
	Port: cont : i_phase2 | {1 }
	Port: cont : j_a | {1 }
	Port: cont : j_b | {1 }
	Port: cont : j2a | {1 }
	Port: cont : j2b | {1 }
	Port: cont : j3a | {1 }
	Port: cont : j3b | {1 }
	Port: cont : r_acc_V | {1 }
	Port: cont : i | {1 }
	Port: cont : store_result_valid | {1 }
	Port: cont : compute_launched | {1 }
	Port: cont : compute_launched2 | {1 }
	Port: cont : store_result_ready | {1 }
  - Chain level:
	State 1
		xor_ln109 : 1
		write_ln109 : 1
		write_ln110 : 1
		trunc_ln222 : 1
		switch_ln114 : 1
		tmp_3 : 1
		icmp_ln254 : 2
		and_ln254 : 3
		br_ln254 : 3
		tmp_7 : 1
		icmp_ln261 : 2
		and_ln261 : 3
		br_ln261 : 3
		icmp_ln268 : 1
		and_ln268 : 2
		br_ln268 : 2
		add_ln840_5 : 1
		store_ln840 : 2
		add_ln279 : 1
		store_ln279 : 2
		add_ln840_4 : 1
		store_ln840 : 2
		add_ln272 : 1
		store_ln272 : 2
		add_ln840_1 : 1
		store_ln840 : 2
		add_ln265 : 1
		store_ln265 : 2
		add_ln840 : 1
		store_ln840 : 2
		add_ln258 : 1
		store_ln258 : 2
		r_cnt_V_loc_0 : 2
		i_op_assign : 2
		tmp_5 : 1
		trunc_ln269 : 3
		icmp_ln1027 : 3
		br_ln282 : 4
		br_ln282 : 1
		store_ln283 : 2
		icmp_ln1019_2 : 3
		br_ln287 : 4
		br_ln222 : 1
		br_ln222 : 1
		br_ln222 : 1
		br_ln222 : 1
		br_ln224 : 1
		br_ln243 : 1
		br_ln206 : 1
		write_ln207 : 1
		br_ln190 : 1
		write_ln191 : 1
		tmp_6 : 1
		xor_ln1027_1 : 2
		and_ln172 : 2
		br_ln172 : 2
		add_ln175 : 1
		store_ln175 : 2
		zext_ln175 : 1
		buffer_1_wr1_addr : 2
		store_ln175 : 3
		add_ln176 : 1
		store_ln176 : 2
		zext_ln176 : 1
		buffer_1_wr2b_addr : 2
		store_ln176 : 3
		add_ln177 : 1
		store_ln177 : 2
		zext_ln177 : 1
		buffer_1_wr3a_addr : 2
		store_ln177 : 3
		add_ln840_3 : 1
		store_ln840 : 2
		b_count_V_loc_3 : 3
		tmp_11 : 4
		and_ln181 : 5
		br_ln181 : 5
		tmp_4 : 1
		xor_ln1027 : 2
		and_ln154 : 2
		br_ln154 : 2
		add_ln157 : 1
		store_ln157 : 2
		zext_ln157 : 1
		buffer_1_wr_addr : 2
		store_ln157 : 3
		add_ln158 : 1
		store_ln158 : 2
		zext_ln158 : 1
		buffer_1_wr2a_addr : 2
		store_ln158 : 3
		add_ln159 : 1
		store_ln159 : 2
		zext_ln159 : 1
		buffer_1_wr3b_addr : 2
		store_ln159 : 3
		add_ln840_2 : 1
		store_ln840 : 2
		b_count_V_loc_1 : 3
		tmp_9 : 4
		and_ln163 : 5
		br_ln163 : 5
		r_acc_valid_flag_2 : 2
		phi_ln186 : 4
		done1_seen_flag_2 : 2
		empty : 2
		br_ln0 : 3
		store_ln128 : 3
		or_ln294 : 3
		br_ln294 : 3
		or_ln295 : 3
		br_ln295 : 3
		or_ln296 : 3
		br_ln296 : 3
		or_ln297 : 3
		and_ln301 : 1
		xor_ln301 : 1
		or_ln301 : 1
		store_ln301 : 1
		write_ln303 : 1
		and_ln304 : 3
		write_ln304 : 3
		write_ln307 : 5
		write_ln308 : 3
		br_ln297 : 3


============================================================
+ Verbose Summary: Datapath Resource usage 
============================================================

* Functional unit list:
|----------|--------------------------------|---------|---------|
| Operation|         Functional Unit        |    FF   |   LUT   |
|----------|--------------------------------|---------|---------|
|          |           grp_fu_784           |    0    |    21   |
|          |           grp_fu_793           |    0    |    39   |
|          |           grp_fu_808           |    0    |    12   |
|          |        add_ln175_fu_1226       |    0    |    39   |
|    add   |        add_ln176_fu_1247       |    0    |    39   |
|          |        add_ln177_fu_1268       |    0    |    39   |
|          |        add_ln157_fu_1356       |    0    |    39   |
|          |        add_ln158_fu_1377       |    0    |    39   |
|          |        add_ln159_fu_1398       |    0    |    39   |
|----------|--------------------------------|---------|---------|
|          |           grp_fu_815           |    0    |    9    |
|          |        icmp_ln254_fu_924       |    0    |    18   |
|   icmp   |        icmp_ln261_fu_946       |    0    |    17   |
|          |        icmp_ln268_fu_958       |    0    |    20   |
|          |       icmp_ln1027_fu_1031      |    0    |    12   |
|          |      icmp_ln1019_2_fu_1047     |    0    |    20   |
|----------|--------------------------------|---------|---------|
|          |           grp_fu_802           |    0    |    2    |
|          |        and_ln254_fu_930        |    0    |    2    |
|          |        and_ln261_fu_952        |    0    |    2    |
|          |        and_ln268_fu_964        |    0    |    2    |
|    and   |        and_ln172_fu_1207       |    0    |    2    |
|          |        and_ln181_fu_1299       |    0    |    2    |
|          |        and_ln154_fu_1337       |    0    |    2    |
|          |        and_ln163_fu_1429       |    0    |    2    |
|          |        and_ln301_fu_1601       |    0    |    2    |
|          |        and_ln304_fu_1630       |    0    |    2    |
|----------|--------------------------------|---------|---------|
|          |        or_ln294_fu_1555        |    0    |    2    |
|          |        or_ln295_fu_1567        |    0    |    2    |
|    or    |        or_ln296_fu_1579        |    0    |    2    |
|          |        or_ln297_fu_1591        |    0    |    2    |
|          |        or_ln301_fu_1613        |    0    |    2    |
|----------|--------------------------------|---------|---------|
|          |        xor_ln109_fu_825        |    0    |    2    |
|    xor   |      xor_ln1027_1_fu_1201      |    0    |    2    |
|          |       xor_ln1027_fu_1331       |    0    |    2    |
|          |        xor_ln301_fu_1607       |    0    |    2    |
|----------|--------------------------------|---------|---------|
|          |  slave_done2_read_read_fu_238  |    0    |    0    |
|          |  slave_done1_read_read_fu_244  |    0    |    0    |
|          | compute_done2_read_read_fu_250 |    0    |    0    |
|          | compute_done1_read_read_fu_256 |    0    |    0    |
|          |      len_read_read_fu_262      |    0    |    0    |
|          |     shift_read_read_fu_268     |    0    |    0    |
|          |     enable_read_read_fu_274    |    0    |    0    |
|          |     clear_read_read_fu_280     |    0    |    0    |
|   read   |   d_o_ready_read_read_fu_308   |    0    |    0    |
|          |   a_i_valid_read_read_fu_314   |    0    |    0    |
|          |   b_i_valid_read_read_fu_320   |    0    |    0    |
|          |       tmp_a_V_read_fu_326      |    0    |    0    |
|          |       tmp_b_V_read_fu_332      |    0    |    0    |
|          |  buffer_1_rd3_read_read_fu_362 |    0    |    0    |
|          |  buffer_1_rd2_read_read_fu_368 |    0    |    0    |
|          |  buffer_1_rd1_read_read_fu_374 |    0    |    0    |
|          |  buffer_1_rd_read_read_fu_380  |    0    |    0    |
|----------|--------------------------------|---------|---------|
|          |    write_ln109_write_fu_286    |    0    |    0    |
|          |    write_ln110_write_fu_293    |    0    |    0    |
|          |    write_ln111_write_fu_300    |    0    |    0    |
|          |    write_ln207_write_fu_386    |    0    |    0    |
|          |        grp_write_fu_393        |    0    |    0    |
|          |        grp_write_fu_401        |    0    |    0    |
|   write  |        grp_write_fu_409        |    0    |    0    |
|          |    write_ln191_write_fu_420    |    0    |    0    |
|          |        grp_write_fu_427        |    0    |    0    |
|          |    write_ln303_write_fu_436    |    0    |    0    |
|          |    write_ln304_write_fu_443    |    0    |    0    |
|          |    write_ln305_write_fu_450    |    0    |    0    |
|          |    write_ln307_write_fu_458    |    0    |    0    |
|          |    write_ln308_write_fu_465    |    0    |    0    |
|----------|--------------------------------|---------|---------|
|          |      tmp_nbreadreq_fu_338      |    0    |    0    |
| nbreadreq|     tmp_1_nbreadreq_fu_346     |    0    |    0    |
|          |     tmp_2_nbreadreq_fu_354     |    0    |    0    |
|----------|--------------------------------|---------|---------|
|   trunc  |       trunc_ln222_fu_867       |    0    |    0    |
|          |       trunc_ln269_fu_1018      |    0    |    0    |
|----------|--------------------------------|---------|---------|
|partselect|          tmp_3_fu_914          |    0    |    0    |
|          |          tmp_7_fu_936          |    0    |    0    |
|----------|--------------------------------|---------|---------|
|          |       zext_ln1027_fu_1023      |    0    |    0    |
|          |      zext_ln1027_1_fu_1027     |    0    |    0    |
|          |       zext_ln175_fu_1238       |    0    |    0    |
|   zext   |       zext_ln176_fu_1259       |    0    |    0    |
|          |       zext_ln177_fu_1280       |    0    |    0    |
|          |       zext_ln157_fu_1368       |    0    |    0    |
|          |       zext_ln158_fu_1389       |    0    |    0    |
|          |       zext_ln159_fu_1410       |    0    |    0    |
|----------|--------------------------------|---------|---------|
|          |          tmp_6_fu_1193         |    0    |    0    |
| bitselect|         tmp_11_fu_1291         |    0    |    0    |
|          |          tmp_4_fu_1323         |    0    |    0    |
|          |          tmp_9_fu_1421         |    0    |    0    |
|----------|--------------------------------|---------|---------|
|bitconcatenate|       p_Result_1_fu_1213       |    0    |    0    |
|          |       p_Result_s_fu_1343       |    0    |    0    |
|----------|--------------------------------|---------|---------|
|   Total  |                                |    0    |   440   |
|----------|--------------------------------|---------|---------|

Memories:
N/A

* Register list:
+--------------------------+--------+
|                          |   FF   |
+--------------------------+--------+
|  b_count_V_loc_1_reg_608 |    4   |
|  b_count_V_loc_3_reg_597 |    4   |
| done1_seen_flag_2_reg_701|    1   |
|       empty_reg_748      |    1   |
|    i_op_assign_reg_567   |   32   |
|     phi_ln186_reg_666    |   11   |
|r_acc_valid_flag_2_reg_619|    1   |
|   r_cnt_V_loc_0_reg_554  |   14   |
|       tmp_5_reg_580      |   32   |
+--------------------------+--------+
|           Total          |   100  |
+--------------------------+--------+

* Multiplexer (MUX) list: 
|------------------|------|------|------|--------||---------|
|       Comp       |  Pin | Size |  BW  | S x BW ||  Delay  |
|------------------|------|------|------|--------||---------|
| grp_write_fu_393 |  p2  |   2  |   1  |    2   |
| grp_write_fu_401 |  p2  |   2  |   1  |    2   |
| grp_write_fu_409 |  p2  |   2  |   1  |    2   |
| grp_write_fu_427 |  p2  |   2  |   1  |    2   |
|------------------|------|------|------|--------||---------|
|       Total      |      |      |      |    8   ||  1.708  |
|------------------|------|------|------|--------||---------|



* Summary:
+-----------+--------+--------+--------+
|           |  Delay |   FF   |   LUT  |
+-----------+--------+--------+--------+
|  Function |    -   |    0   |   440  |
|   Memory  |    -   |    -   |    -   |
|Multiplexer|    1   |    -   |    -   |
|  Register |    -   |   100  |    -   |
+-----------+--------+--------+--------+
|   Total   |    1   |   100  |   440  |
+-----------+--------+--------+--------+
