

================================================================
== Vitis HLS Report for 'cont'
================================================================
* Date:           Mon Sep 14 14:04:02 2026

* Version:        2022.2 (Build 3670227 on Oct 13 2022)
* Project:        Control
* Solution:       solution1 (Vivado IP Flow Target)
* Product family: zynquplus
* Target device:  xczu7ev-ffvc1156-2-e


================================================================
== Performance Estimates
================================================================
+ Timing: 
    * Summary: 
    +--------+----------+----------+------------+
    |  Clock |  Target  | Estimated| Uncertainty|
    +--------+----------+----------+------------+
    |ap_clk  |  10.00 ns|  3.236 ns|     2.70 ns|
    +--------+----------+----------+------------+

+ Latency: 
    * Summary: 
    +---------+---------+----------+----------+-----+-----+---------+
    |  Latency (cycles) |  Latency (absolute) |  Interval | Pipeline|
    |   min   |   max   |    min   |    max   | min | max |   Type  |
    +---------+---------+----------+----------+-----+-----+---------+
    |        0|        0|      0 ns|      0 ns|    1|    1|       no|
    +---------+---------+----------+----------+-----+-----+---------+

    + Detail: 
        * Instance: 
        N/A

        * Loop: 
        N/A

============================================================
+ Verbose Summary: Synthesis Manager
============================================================
InlineROM: 1
ExposeGlobal: 0
============================================================
+ Verbose Summary: CDFG Model
============================================================
IsTopModel: 1
ResetActiveHigh: 1
IsCombinational: 0
IsDatapathOnly: 0
HasWiredReturn: 1
HasMFsm: 0
HasVarLatency: 0
IsPipeline: 0
IsRtlPipelined: 0
IsInstanceOverlapped: 0
IsDontTouch: 0
HasImplIP: 0
IsGatedGlobalClock: 0


============================================================
+ Verbose Summary: Schedule
============================================================
* Number of FSM states : 1
* Pipeline : 0
* Dataflow Pipeline: 0

* FSM state transitions: 
1 --> 

* FSM state operations: 

State 1 <SV = 0> <Delay = 3.23>
ST_1 : Operation 2 [1/1] (0.00ns)   --->   "%spectopmodule_ln24 = spectopmodule void @_ssdm_op_SpecTopModule, void @empty_4" [Control/control.cpp:24]   --->   Operation 2 'spectopmodule' 'spectopmodule_ln24' <Predicate = true> <Delay = 0.00>
ST_1 : Operation 3 [1/1] (0.00ns)   --->   "%specinterface_ln24 = specinterface void @_ssdm_op_SpecInterface, i32 0, void @empty_5, i32 0, i32 0, void @empty_0, i32 0, i32 0, void @empty_0, void @empty_0, void @empty_0, i32 0, i32 0, i32 0, i32 0, void @empty_0, void @empty_0, i32 4294967295, i32 0" [Control/control.cpp:24]   --->   Operation 3 'specinterface' 'specinterface_ln24' <Predicate = true> <Delay = 0.00>
ST_1 : Operation 4 [1/1] (0.00ns)   --->   "%slave_done2_read = read i1 @_ssdm_op_Read.ap_none.i1, i1 %slave_done2"   --->   Operation 4 'read' 'slave_done2_read' <Predicate = true> <Delay = 0.00>
ST_1 : Operation 5 [1/1] (0.00ns)   --->   "%slave_done1_read = read i1 @_ssdm_op_Read.ap_none.i1, i1 %slave_done1"   --->   Operation 5 'read' 'slave_done1_read' <Predicate = true> <Delay = 0.00>
ST_1 : Operation 6 [1/1] (0.00ns)   --->   "%compute_done2_read = read i1 @_ssdm_op_Read.ap_none.i1, i1 %compute_done2"   --->   Operation 6 'read' 'compute_done2_read' <Predicate = true> <Delay = 0.00>
ST_1 : Operation 7 [1/1] (0.00ns)   --->   "%compute_done1_read = read i1 @_ssdm_op_Read.ap_none.i1, i1 %compute_done1"   --->   Operation 7 'read' 'compute_done1_read' <Predicate = true> <Delay = 0.00>
ST_1 : Operation 8 [1/1] (0.00ns)   --->   "%len_read = read i11 @_ssdm_op_Read.ap_auto.i11, i11 %len"   --->   Operation 8 'read' 'len_read' <Predicate = true> <Delay = 0.00>
ST_1 : Operation 9 [1/1] (0.00ns)   --->   "%shift_read = read i5 @_ssdm_op_Read.ap_auto.i5, i5 %shift"   --->   Operation 9 'read' 'shift_read' <Predicate = true> <Delay = 0.00>
ST_1 : Operation 10 [1/1] (0.00ns)   --->   "%enable_read = read i1 @_ssdm_op_Read.ap_auto.i1, i1 %enable"   --->   Operation 10 'read' 'enable_read' <Predicate = true> <Delay = 0.00>
ST_1 : Operation 11 [1/1] (0.00ns)   --->   "%clear_read = read i1 @_ssdm_op_Read.ap_auto.i1, i1 %clear"   --->   Operation 11 'read' 'clear_read' <Predicate = true> <Delay = 0.00>
ST_1 : Operation 12 [1/1] (0.00ns)   --->   "%specbitsmap_ln0 = specbitsmap void @_ssdm_op_SpecBitsMap, i1 %a_i_valid"   --->   Operation 12 'specbitsmap' 'specbitsmap_ln0' <Predicate = true> <Delay = 0.00>
ST_1 : Operation 13 [1/1] (0.00ns)   --->   "%specinterface_ln0 = specinterface void @_ssdm_op_SpecInterface, i1 %a_i_valid, void @empty, i32 0, i32 0, void @empty_0, i32 0, i32 0, void @empty_0, void @empty_0, void @empty_0, i32 0, i32 0, i32 0, i32 0, void @empty_0, void @empty_0, i32 4294967295, i32 0"   --->   Operation 13 'specinterface' 'specinterface_ln0' <Predicate = true> <Delay = 0.00>
ST_1 : Operation 14 [1/1] (0.00ns)   --->   "%specbitsmap_ln0 = specbitsmap void @_ssdm_op_SpecBitsMap, i1 %a_i_ready"   --->   Operation 14 'specbitsmap' 'specbitsmap_ln0' <Predicate = true> <Delay = 0.00>
ST_1 : Operation 15 [1/1] (0.00ns)   --->   "%specinterface_ln0 = specinterface void @_ssdm_op_SpecInterface, i1 %a_i_ready, void @empty, i32 0, i32 0, void @empty_0, i32 0, i32 0, void @empty_0, void @empty_0, void @empty_0, i32 0, i32 0, i32 0, i32 0, void @empty_0, void @empty_0, i32 4294967295, i32 0"   --->   Operation 15 'specinterface' 'specinterface_ln0' <Predicate = true> <Delay = 0.00>
ST_1 : Operation 16 [1/1] (0.00ns)   --->   "%specbitsmap_ln0 = specbitsmap void @_ssdm_op_SpecBitsMap, i32 %a_i_data"   --->   Operation 16 'specbitsmap' 'specbitsmap_ln0' <Predicate = true> <Delay = 0.00>
ST_1 : Operation 17 [1/1] (0.00ns)   --->   "%specinterface_ln0 = specinterface void @_ssdm_op_SpecInterface, i32 %a_i_data, void @empty, i32 0, i32 0, void @empty_0, i32 0, i32 0, void @empty_0, void @empty_0, void @empty_0, i32 0, i32 0, i32 0, i32 0, void @empty_0, void @empty_0, i32 4294967295, i32 0"   --->   Operation 17 'specinterface' 'specinterface_ln0' <Predicate = true> <Delay = 0.00>
ST_1 : Operation 18 [1/1] (0.00ns)   --->   "%specbitsmap_ln0 = specbitsmap void @_ssdm_op_SpecBitsMap, i4 %a_i_strb"   --->   Operation 18 'specbitsmap' 'specbitsmap_ln0' <Predicate = true> <Delay = 0.00>
ST_1 : Operation 19 [1/1] (0.00ns)   --->   "%specinterface_ln0 = specinterface void @_ssdm_op_SpecInterface, i4 %a_i_strb, void @empty, i32 0, i32 0, void @empty_0, i32 0, i32 0, void @empty_0, void @empty_0, void @empty_0, i32 0, i32 0, i32 0, i32 0, void @empty_0, void @empty_0, i32 4294967295, i32 0"   --->   Operation 19 'specinterface' 'specinterface_ln0' <Predicate = true> <Delay = 0.00>
ST_1 : Operation 20 [1/1] (0.00ns)   --->   "%specbitsmap_ln0 = specbitsmap void @_ssdm_op_SpecBitsMap, i1 %b_i_valid"   --->   Operation 20 'specbitsmap' 'specbitsmap_ln0' <Predicate = true> <Delay = 0.00>
ST_1 : Operation 21 [1/1] (0.00ns)   --->   "%specinterface_ln0 = specinterface void @_ssdm_op_SpecInterface, i1 %b_i_valid, void @empty, i32 0, i32 0, void @empty_0, i32 0, i32 0, void @empty_0, void @empty_0, void @empty_0, i32 0, i32 0, i32 0, i32 0, void @empty_0, void @empty_0, i32 4294967295, i32 0"   --->   Operation 21 'specinterface' 'specinterface_ln0' <Predicate = true> <Delay = 0.00>
ST_1 : Operation 22 [1/1] (0.00ns)   --->   "%specbitsmap_ln0 = specbitsmap void @_ssdm_op_SpecBitsMap, i1 %b_i_ready"   --->   Operation 22 'specbitsmap' 'specbitsmap_ln0' <Predicate = true> <Delay = 0.00>
ST_1 : Operation 23 [1/1] (0.00ns)   --->   "%specinterface_ln0 = specinterface void @_ssdm_op_SpecInterface, i1 %b_i_ready, void @empty, i32 0, i32 0, void @empty_0, i32 0, i32 0, void @empty_0, void @empty_0, void @empty_0, i32 0, i32 0, i32 0, i32 0, void @empty_0, void @empty_0, i32 4294967295, i32 0"   --->   Operation 23 'specinterface' 'specinterface_ln0' <Predicate = true> <Delay = 0.00>
ST_1 : Operation 24 [1/1] (0.00ns)   --->   "%specbitsmap_ln0 = specbitsmap void @_ssdm_op_SpecBitsMap, i32 %b_i_data"   --->   Operation 24 'specbitsmap' 'specbitsmap_ln0' <Predicate = true> <Delay = 0.00>
ST_1 : Operation 25 [1/1] (0.00ns)   --->   "%specinterface_ln0 = specinterface void @_ssdm_op_SpecInterface, i32 %b_i_data, void @empty, i32 0, i32 0, void @empty_0, i32 0, i32 0, void @empty_0, void @empty_0, void @empty_0, i32 0, i32 0, i32 0, i32 0, void @empty_0, void @empty_0, i32 4294967295, i32 0"   --->   Operation 25 'specinterface' 'specinterface_ln0' <Predicate = true> <Delay = 0.00>
ST_1 : Operation 26 [1/1] (0.00ns)   --->   "%specbitsmap_ln0 = specbitsmap void @_ssdm_op_SpecBitsMap, i4 %b_i_strb"   --->   Operation 26 'specbitsmap' 'specbitsmap_ln0' <Predicate = true> <Delay = 0.00>
ST_1 : Operation 27 [1/1] (0.00ns)   --->   "%specinterface_ln0 = specinterface void @_ssdm_op_SpecInterface, i4 %b_i_strb, void @empty, i32 0, i32 0, void @empty_0, i32 0, i32 0, void @empty_0, void @empty_0, void @empty_0, i32 0, i32 0, i32 0, i32 0, void @empty_0, void @empty_0, i32 4294967295, i32 0"   --->   Operation 27 'specinterface' 'specinterface_ln0' <Predicate = true> <Delay = 0.00>
ST_1 : Operation 28 [1/1] (0.00ns)   --->   "%specbitsmap_ln0 = specbitsmap void @_ssdm_op_SpecBitsMap, i1 %c_i_valid"   --->   Operation 28 'specbitsmap' 'specbitsmap_ln0' <Predicate = true> <Delay = 0.00>
ST_1 : Operation 29 [1/1] (0.00ns)   --->   "%specinterface_ln0 = specinterface void @_ssdm_op_SpecInterface, i1 %c_i_valid, void @empty, i32 0, i32 0, void @empty_0, i32 0, i32 0, void @empty_0, void @empty_0, void @empty_0, i32 0, i32 0, i32 0, i32 0, void @empty_0, void @empty_0, i32 4294967295, i32 0"   --->   Operation 29 'specinterface' 'specinterface_ln0' <Predicate = true> <Delay = 0.00>
ST_1 : Operation 30 [1/1] (0.00ns)   --->   "%specbitsmap_ln0 = specbitsmap void @_ssdm_op_SpecBitsMap, i1 %c_i_ready"   --->   Operation 30 'specbitsmap' 'specbitsmap_ln0' <Predicate = true> <Delay = 0.00>
ST_1 : Operation 31 [1/1] (0.00ns)   --->   "%specinterface_ln0 = specinterface void @_ssdm_op_SpecInterface, i1 %c_i_ready, void @empty, i32 0, i32 0, void @empty_0, i32 0, i32 0, void @empty_0, void @empty_0, void @empty_0, i32 0, i32 0, i32 0, i32 0, void @empty_0, void @empty_0, i32 4294967295, i32 0"   --->   Operation 31 'specinterface' 'specinterface_ln0' <Predicate = true> <Delay = 0.00>
ST_1 : Operation 32 [1/1] (0.00ns)   --->   "%specbitsmap_ln0 = specbitsmap void @_ssdm_op_SpecBitsMap, i32 %c_i_data"   --->   Operation 32 'specbitsmap' 'specbitsmap_ln0' <Predicate = true> <Delay = 0.00>
ST_1 : Operation 33 [1/1] (0.00ns)   --->   "%specinterface_ln0 = specinterface void @_ssdm_op_SpecInterface, i32 %c_i_data, void @empty, i32 0, i32 0, void @empty_0, i32 0, i32 0, void @empty_0, void @empty_0, void @empty_0, i32 0, i32 0, i32 0, i32 0, void @empty_0, void @empty_0, i32 4294967295, i32 0"   --->   Operation 33 'specinterface' 'specinterface_ln0' <Predicate = true> <Delay = 0.00>
ST_1 : Operation 34 [1/1] (0.00ns)   --->   "%specbitsmap_ln0 = specbitsmap void @_ssdm_op_SpecBitsMap, i4 %c_i_strb"   --->   Operation 34 'specbitsmap' 'specbitsmap_ln0' <Predicate = true> <Delay = 0.00>
ST_1 : Operation 35 [1/1] (0.00ns)   --->   "%specinterface_ln0 = specinterface void @_ssdm_op_SpecInterface, i4 %c_i_strb, void @empty, i32 0, i32 0, void @empty_0, i32 0, i32 0, void @empty_0, void @empty_0, void @empty_0, i32 0, i32 0, i32 0, i32 0, void @empty_0, void @empty_0, i32 4294967295, i32 0"   --->   Operation 35 'specinterface' 'specinterface_ln0' <Predicate = true> <Delay = 0.00>
ST_1 : Operation 36 [1/1] (0.00ns)   --->   "%specbitsmap_ln0 = specbitsmap void @_ssdm_op_SpecBitsMap, i1 %d_o_valid"   --->   Operation 36 'specbitsmap' 'specbitsmap_ln0' <Predicate = true> <Delay = 0.00>
ST_1 : Operation 37 [1/1] (0.00ns)   --->   "%specinterface_ln0 = specinterface void @_ssdm_op_SpecInterface, i1 %d_o_valid, void @empty, i32 0, i32 0, void @empty_0, i32 0, i32 0, void @empty_0, void @empty_0, void @empty_0, i32 0, i32 0, i32 0, i32 0, void @empty_0, void @empty_0, i32 4294967295, i32 0"   --->   Operation 37 'specinterface' 'specinterface_ln0' <Predicate = true> <Delay = 0.00>
ST_1 : Operation 38 [1/1] (0.00ns)   --->   "%specbitsmap_ln0 = specbitsmap void @_ssdm_op_SpecBitsMap, i1 %d_o_ready"   --->   Operation 38 'specbitsmap' 'specbitsmap_ln0' <Predicate = true> <Delay = 0.00>
ST_1 : Operation 39 [1/1] (0.00ns)   --->   "%specinterface_ln0 = specinterface void @_ssdm_op_SpecInterface, i1 %d_o_ready, void @empty, i32 0, i32 0, void @empty_0, i32 0, i32 0, void @empty_0, void @empty_0, void @empty_0, i32 0, i32 0, i32 0, i32 0, void @empty_0, void @empty_0, i32 4294967295, i32 0"   --->   Operation 39 'specinterface' 'specinterface_ln0' <Predicate = true> <Delay = 0.00>
ST_1 : Operation 40 [1/1] (0.00ns)   --->   "%specbitsmap_ln0 = specbitsmap void @_ssdm_op_SpecBitsMap, i32 %d_o_data"   --->   Operation 40 'specbitsmap' 'specbitsmap_ln0' <Predicate = true> <Delay = 0.00>
ST_1 : Operation 41 [1/1] (0.00ns)   --->   "%specinterface_ln0 = specinterface void @_ssdm_op_SpecInterface, i32 %d_o_data, void @empty, i32 0, i32 0, void @empty_0, i32 0, i32 0, void @empty_0, void @empty_0, void @empty_0, i32 0, i32 0, i32 0, i32 0, void @empty_0, void @empty_0, i32 4294967295, i32 0"   --->   Operation 41 'specinterface' 'specinterface_ln0' <Predicate = true> <Delay = 0.00>
ST_1 : Operation 42 [1/1] (0.00ns)   --->   "%specbitsmap_ln0 = specbitsmap void @_ssdm_op_SpecBitsMap, i4 %d_o_strb"   --->   Operation 42 'specbitsmap' 'specbitsmap_ln0' <Predicate = true> <Delay = 0.00>
ST_1 : Operation 43 [1/1] (0.00ns)   --->   "%specinterface_ln0 = specinterface void @_ssdm_op_SpecInterface, i4 %d_o_strb, void @empty, i32 0, i32 0, void @empty_0, i32 0, i32 0, void @empty_0, void @empty_0, void @empty_0, i32 0, i32 0, i32 0, i32 0, void @empty_0, void @empty_0, i32 4294967295, i32 0"   --->   Operation 43 'specinterface' 'specinterface_ln0' <Predicate = true> <Delay = 0.00>
ST_1 : Operation 44 [1/1] (0.00ns)   --->   "%specbitsmap_ln0 = specbitsmap void @_ssdm_op_SpecBitsMap, i1 %clear"   --->   Operation 44 'specbitsmap' 'specbitsmap_ln0' <Predicate = true> <Delay = 0.00>
ST_1 : Operation 45 [1/1] (0.00ns)   --->   "%specinterface_ln0 = specinterface void @_ssdm_op_SpecInterface, i1 %clear, void @empty_1, i32 0, i32 0, void @empty_0, i32 0, i32 0, void @empty_0, void @empty_0, void @empty_0, i32 0, i32 0, i32 0, i32 0, void @empty_0, void @empty_0, i32 4294967295, i32 0"   --->   Operation 45 'specinterface' 'specinterface_ln0' <Predicate = true> <Delay = 0.00>
ST_1 : Operation 46 [1/1] (0.00ns)   --->   "%specbitsmap_ln0 = specbitsmap void @_ssdm_op_SpecBitsMap, i1 %enable"   --->   Operation 46 'specbitsmap' 'specbitsmap_ln0' <Predicate = true> <Delay = 0.00>
ST_1 : Operation 47 [1/1] (0.00ns)   --->   "%specinterface_ln0 = specinterface void @_ssdm_op_SpecInterface, i1 %enable, void @empty_1, i32 0, i32 0, void @empty_0, i32 0, i32 0, void @empty_0, void @empty_0, void @empty_0, i32 0, i32 0, i32 0, i32 0, void @empty_0, void @empty_0, i32 4294967295, i32 0"   --->   Operation 47 'specinterface' 'specinterface_ln0' <Predicate = true> <Delay = 0.00>
ST_1 : Operation 48 [1/1] (0.00ns)   --->   "%specbitsmap_ln0 = specbitsmap void @_ssdm_op_SpecBitsMap, i1 %function_r"   --->   Operation 48 'specbitsmap' 'specbitsmap_ln0' <Predicate = true> <Delay = 0.00>
ST_1 : Operation 49 [1/1] (0.00ns)   --->   "%specinterface_ln0 = specinterface void @_ssdm_op_SpecInterface, i1 %function_r, void @empty_1, i32 0, i32 0, void @empty_0, i32 0, i32 0, void @empty_0, void @empty_0, void @empty_0, i32 0, i32 0, i32 0, i32 0, void @empty_0, void @empty_0, i32 4294967295, i32 0"   --->   Operation 49 'specinterface' 'specinterface_ln0' <Predicate = true> <Delay = 0.00>
ST_1 : Operation 50 [1/1] (0.00ns)   --->   "%specbitsmap_ln0 = specbitsmap void @_ssdm_op_SpecBitsMap, i1 %start_r"   --->   Operation 50 'specbitsmap' 'specbitsmap_ln0' <Predicate = true> <Delay = 0.00>
ST_1 : Operation 51 [1/1] (0.00ns)   --->   "%specinterface_ln0 = specinterface void @_ssdm_op_SpecInterface, i1 %start_r, void @empty_1, i32 0, i32 0, void @empty_0, i32 0, i32 0, void @empty_0, void @empty_0, void @empty_0, i32 0, i32 0, i32 0, i32 0, void @empty_0, void @empty_0, i32 4294967295, i32 0"   --->   Operation 51 'specinterface' 'specinterface_ln0' <Predicate = true> <Delay = 0.00>
ST_1 : Operation 52 [1/1] (0.00ns)   --->   "%specbitsmap_ln0 = specbitsmap void @_ssdm_op_SpecBitsMap, i5 %shift"   --->   Operation 52 'specbitsmap' 'specbitsmap_ln0' <Predicate = true> <Delay = 0.00>
ST_1 : Operation 53 [1/1] (0.00ns)   --->   "%specinterface_ln0 = specinterface void @_ssdm_op_SpecInterface, i5 %shift, void @empty_1, i32 0, i32 0, void @empty_0, i32 0, i32 0, void @empty_0, void @empty_0, void @empty_0, i32 0, i32 0, i32 0, i32 0, void @empty_0, void @empty_0, i32 4294967295, i32 0"   --->   Operation 53 'specinterface' 'specinterface_ln0' <Predicate = true> <Delay = 0.00>
ST_1 : Operation 54 [1/1] (0.00ns)   --->   "%specbitsmap_ln0 = specbitsmap void @_ssdm_op_SpecBitsMap, i11 %len"   --->   Operation 54 'specbitsmap' 'specbitsmap_ln0' <Predicate = true> <Delay = 0.00>
ST_1 : Operation 55 [1/1] (0.00ns)   --->   "%specinterface_ln0 = specinterface void @_ssdm_op_SpecInterface, i11 %len, void @empty_1, i32 0, i32 0, void @empty_0, i32 0, i32 0, void @empty_0, void @empty_0, void @empty_0, i32 0, i32 0, i32 0, i32 0, void @empty_0, void @empty_0, i32 4294967295, i32 0"   --->   Operation 55 'specinterface' 'specinterface_ln0' <Predicate = true> <Delay = 0.00>
ST_1 : Operation 56 [1/1] (0.00ns)   --->   "%specbitsmap_ln0 = specbitsmap void @_ssdm_op_SpecBitsMap, i11 %f_cnt"   --->   Operation 56 'specbitsmap' 'specbitsmap_ln0' <Predicate = true> <Delay = 0.00>
ST_1 : Operation 57 [1/1] (0.00ns)   --->   "%specinterface_ln0 = specinterface void @_ssdm_op_SpecInterface, i11 %f_cnt, void @empty_1, i32 0, i32 0, void @empty_0, i32 0, i32 0, void @empty_0, void @empty_0, void @empty_0, i32 0, i32 0, i32 0, i32 0, void @empty_0, void @empty_0, i32 4294967295, i32 0"   --->   Operation 57 'specinterface' 'specinterface_ln0' <Predicate = true> <Delay = 0.00>
ST_1 : Operation 58 [1/1] (0.00ns)   --->   "%specbitsmap_ln0 = specbitsmap void @_ssdm_op_SpecBitsMap, i1 %f_valid"   --->   Operation 58 'specbitsmap' 'specbitsmap_ln0' <Predicate = true> <Delay = 0.00>
ST_1 : Operation 59 [1/1] (0.00ns)   --->   "%specinterface_ln0 = specinterface void @_ssdm_op_SpecInterface, i1 %f_valid, void @empty_1, i32 0, i32 0, void @empty_0, i32 0, i32 0, void @empty_0, void @empty_0, void @empty_0, i32 0, i32 0, i32 0, i32 0, void @empty_0, void @empty_0, i32 4294967295, i32 0"   --->   Operation 59 'specinterface' 'specinterface_ln0' <Predicate = true> <Delay = 0.00>
ST_1 : Operation 60 [1/1] (0.00ns)   --->   "%specinterface_ln0 = specinterface void @_ssdm_op_SpecInterface, i32 %buffer_1_rd, void @empty_2, i32 0, i32 0, void @empty_0, i32 0, i32 0, void @empty_0, void @empty_0, void @empty_0, i32 0, i32 0, i32 0, i32 0, void @empty_0, void @empty_0, i32 4294967295, i32 0"   --->   Operation 60 'specinterface' 'specinterface_ln0' <Predicate = true> <Delay = 0.00>
ST_1 : Operation 61 [1/1] (0.00ns)   --->   "%specbitsmap_ln0 = specbitsmap void @_ssdm_op_SpecBitsMap, i32 %buffer_1_rd"   --->   Operation 61 'specbitsmap' 'specbitsmap_ln0' <Predicate = true> <Delay = 0.00>
ST_1 : Operation 62 [1/1] (0.00ns)   --->   "%specinterface_ln0 = specinterface void @_ssdm_op_SpecInterface, i32 %buffer_1_rd1, void @empty_2, i32 0, i32 0, void @empty_0, i32 0, i32 0, void @empty_0, void @empty_0, void @empty_0, i32 0, i32 0, i32 0, i32 0, void @empty_0, void @empty_0, i32 4294967295, i32 0"   --->   Operation 62 'specinterface' 'specinterface_ln0' <Predicate = true> <Delay = 0.00>
ST_1 : Operation 63 [1/1] (0.00ns)   --->   "%specbitsmap_ln0 = specbitsmap void @_ssdm_op_SpecBitsMap, i32 %buffer_1_rd1"   --->   Operation 63 'specbitsmap' 'specbitsmap_ln0' <Predicate = true> <Delay = 0.00>
ST_1 : Operation 64 [1/1] (0.00ns)   --->   "%specinterface_ln0 = specinterface void @_ssdm_op_SpecInterface, i32 %buffer_1_rd2, void @empty_2, i32 0, i32 0, void @empty_0, i32 0, i32 0, void @empty_0, void @empty_0, void @empty_0, i32 0, i32 0, i32 0, i32 0, void @empty_0, void @empty_0, i32 4294967295, i32 0"   --->   Operation 64 'specinterface' 'specinterface_ln0' <Predicate = true> <Delay = 0.00>
ST_1 : Operation 65 [1/1] (0.00ns)   --->   "%specbitsmap_ln0 = specbitsmap void @_ssdm_op_SpecBitsMap, i32 %buffer_1_rd2"   --->   Operation 65 'specbitsmap' 'specbitsmap_ln0' <Predicate = true> <Delay = 0.00>
ST_1 : Operation 66 [1/1] (0.00ns)   --->   "%specinterface_ln0 = specinterface void @_ssdm_op_SpecInterface, i32 %buffer_1_rd3, void @empty_2, i32 0, i32 0, void @empty_0, i32 0, i32 0, void @empty_0, void @empty_0, void @empty_0, i32 0, i32 0, i32 0, i32 0, void @empty_0, void @empty_0, i32 4294967295, i32 0"   --->   Operation 66 'specinterface' 'specinterface_ln0' <Predicate = true> <Delay = 0.00>
ST_1 : Operation 67 [1/1] (0.00ns)   --->   "%specbitsmap_ln0 = specbitsmap void @_ssdm_op_SpecBitsMap, i32 %buffer_1_rd3"   --->   Operation 67 'specbitsmap' 'specbitsmap_ln0' <Predicate = true> <Delay = 0.00>
ST_1 : Operation 68 [1/1] (0.00ns)   --->   "%specinterface_ln0 = specinterface void @_ssdm_op_SpecInterface, i64 %buffer_1_wr, void @empty_3, i32 0, i32 0, void @empty_0, i32 4294967295, i32 0, void @empty_0, void @empty_0, void @empty_0, i32 0, i32 0, i32 0, i32 0, void @empty_0, void @empty_0, i32 4294967295, i32 0"   --->   Operation 68 'specinterface' 'specinterface_ln0' <Predicate = true> <Delay = 0.00>
ST_1 : Operation 69 [1/1] (0.00ns)   --->   "%specbitsmap_ln0 = specbitsmap void @_ssdm_op_SpecBitsMap, i64 %buffer_1_wr"   --->   Operation 69 'specbitsmap' 'specbitsmap_ln0' <Predicate = true> <Delay = 0.00>
ST_1 : Operation 70 [1/1] (0.00ns)   --->   "%specinterface_ln0 = specinterface void @_ssdm_op_SpecInterface, i64 %buffer_1_wr1, void @empty_3, i32 0, i32 0, void @empty_0, i32 4294967295, i32 0, void @empty_0, void @empty_0, void @empty_0, i32 0, i32 0, i32 0, i32 0, void @empty_0, void @empty_0, i32 4294967295, i32 0"   --->   Operation 70 'specinterface' 'specinterface_ln0' <Predicate = true> <Delay = 0.00>
ST_1 : Operation 71 [1/1] (0.00ns)   --->   "%specbitsmap_ln0 = specbitsmap void @_ssdm_op_SpecBitsMap, i64 %buffer_1_wr1"   --->   Operation 71 'specbitsmap' 'specbitsmap_ln0' <Predicate = true> <Delay = 0.00>
ST_1 : Operation 72 [1/1] (0.00ns)   --->   "%specinterface_ln0 = specinterface void @_ssdm_op_SpecInterface, i32 %buffer_1_wr2a, void @empty_3, i32 0, i32 0, void @empty_0, i32 4294967295, i32 0, void @empty_0, void @empty_0, void @empty_0, i32 0, i32 0, i32 0, i32 0, void @empty_0, void @empty_0, i32 4294967295, i32 0"   --->   Operation 72 'specinterface' 'specinterface_ln0' <Predicate = true> <Delay = 0.00>
ST_1 : Operation 73 [1/1] (0.00ns)   --->   "%specbitsmap_ln0 = specbitsmap void @_ssdm_op_SpecBitsMap, i32 %buffer_1_wr2a"   --->   Operation 73 'specbitsmap' 'specbitsmap_ln0' <Predicate = true> <Delay = 0.00>
ST_1 : Operation 74 [1/1] (0.00ns)   --->   "%specinterface_ln0 = specinterface void @_ssdm_op_SpecInterface, i32 %buffer_1_wr2b, void @empty_3, i32 0, i32 0, void @empty_0, i32 4294967295, i32 0, void @empty_0, void @empty_0, void @empty_0, i32 0, i32 0, i32 0, i32 0, void @empty_0, void @empty_0, i32 4294967295, i32 0"   --->   Operation 74 'specinterface' 'specinterface_ln0' <Predicate = true> <Delay = 0.00>
ST_1 : Operation 75 [1/1] (0.00ns)   --->   "%specbitsmap_ln0 = specbitsmap void @_ssdm_op_SpecBitsMap, i32 %buffer_1_wr2b"   --->   Operation 75 'specbitsmap' 'specbitsmap_ln0' <Predicate = true> <Delay = 0.00>
ST_1 : Operation 76 [1/1] (0.00ns)   --->   "%specinterface_ln0 = specinterface void @_ssdm_op_SpecInterface, i32 %buffer_1_wr3a, void @empty_3, i32 0, i32 0, void @empty_0, i32 4294967295, i32 0, void @empty_0, void @empty_0, void @empty_0, i32 0, i32 0, i32 0, i32 0, void @empty_0, void @empty_0, i32 4294967295, i32 0"   --->   Operation 76 'specinterface' 'specinterface_ln0' <Predicate = true> <Delay = 0.00>
ST_1 : Operation 77 [1/1] (0.00ns)   --->   "%specbitsmap_ln0 = specbitsmap void @_ssdm_op_SpecBitsMap, i32 %buffer_1_wr3a"   --->   Operation 77 'specbitsmap' 'specbitsmap_ln0' <Predicate = true> <Delay = 0.00>
ST_1 : Operation 78 [1/1] (0.00ns)   --->   "%specinterface_ln0 = specinterface void @_ssdm_op_SpecInterface, i32 %buffer_1_wr3b, void @empty_3, i32 0, i32 0, void @empty_0, i32 4294967295, i32 0, void @empty_0, void @empty_0, void @empty_0, i32 0, i32 0, i32 0, i32 0, void @empty_0, void @empty_0, i32 4294967295, i32 0"   --->   Operation 78 'specinterface' 'specinterface_ln0' <Predicate = true> <Delay = 0.00>
ST_1 : Operation 79 [1/1] (0.00ns)   --->   "%specbitsmap_ln0 = specbitsmap void @_ssdm_op_SpecBitsMap, i32 %buffer_1_wr3b"   --->   Operation 79 'specbitsmap' 'specbitsmap_ln0' <Predicate = true> <Delay = 0.00>
ST_1 : Operation 80 [1/1] (0.00ns)   --->   "%specbitsmap_ln0 = specbitsmap void @_ssdm_op_SpecBitsMap, i1 %compute_start1"   --->   Operation 80 'specbitsmap' 'specbitsmap_ln0' <Predicate = true> <Delay = 0.00>
ST_1 : Operation 81 [1/1] (0.00ns)   --->   "%specinterface_ln0 = specinterface void @_ssdm_op_SpecInterface, i1 %compute_start1, void @empty, i32 0, i32 0, void @empty_0, i32 0, i32 0, void @empty_0, void @empty_0, void @empty_0, i32 0, i32 0, i32 0, i32 0, void @empty_0, void @empty_0, i32 4294967295, i32 0"   --->   Operation 81 'specinterface' 'specinterface_ln0' <Predicate = true> <Delay = 0.00>
ST_1 : Operation 82 [1/1] (0.00ns)   --->   "%specbitsmap_ln0 = specbitsmap void @_ssdm_op_SpecBitsMap, i1 %compute_done1"   --->   Operation 82 'specbitsmap' 'specbitsmap_ln0' <Predicate = true> <Delay = 0.00>
ST_1 : Operation 83 [1/1] (0.00ns)   --->   "%specinterface_ln0 = specinterface void @_ssdm_op_SpecInterface, i1 %compute_done1, void @empty, i32 0, i32 0, void @empty_0, i32 0, i32 0, void @empty_0, void @empty_0, void @empty_0, i32 0, i32 0, i32 0, i32 0, void @empty_0, void @empty_0, i32 4294967295, i32 0"   --->   Operation 83 'specinterface' 'specinterface_ln0' <Predicate = true> <Delay = 0.00>
ST_1 : Operation 84 [1/1] (0.00ns)   --->   "%specbitsmap_ln0 = specbitsmap void @_ssdm_op_SpecBitsMap, i1 %compute_start2"   --->   Operation 84 'specbitsmap' 'specbitsmap_ln0' <Predicate = true> <Delay = 0.00>
ST_1 : Operation 85 [1/1] (0.00ns)   --->   "%specinterface_ln0 = specinterface void @_ssdm_op_SpecInterface, i1 %compute_start2, void @empty, i32 0, i32 0, void @empty_0, i32 0, i32 0, void @empty_0, void @empty_0, void @empty_0, i32 0, i32 0, i32 0, i32 0, void @empty_0, void @empty_0, i32 4294967295, i32 0"   --->   Operation 85 'specinterface' 'specinterface_ln0' <Predicate = true> <Delay = 0.00>
ST_1 : Operation 86 [1/1] (0.00ns)   --->   "%specbitsmap_ln0 = specbitsmap void @_ssdm_op_SpecBitsMap, i1 %compute_done2"   --->   Operation 86 'specbitsmap' 'specbitsmap_ln0' <Predicate = true> <Delay = 0.00>
ST_1 : Operation 87 [1/1] (0.00ns)   --->   "%specinterface_ln0 = specinterface void @_ssdm_op_SpecInterface, i1 %compute_done2, void @empty, i32 0, i32 0, void @empty_0, i32 0, i32 0, void @empty_0, void @empty_0, void @empty_0, i32 0, i32 0, i32 0, i32 0, void @empty_0, void @empty_0, i32 4294967295, i32 0"   --->   Operation 87 'specinterface' 'specinterface_ln0' <Predicate = true> <Delay = 0.00>
ST_1 : Operation 88 [1/1] (0.00ns)   --->   "%specbitsmap_ln0 = specbitsmap void @_ssdm_op_SpecBitsMap, i1 %slave_start1"   --->   Operation 88 'specbitsmap' 'specbitsmap_ln0' <Predicate = true> <Delay = 0.00>
ST_1 : Operation 89 [1/1] (0.00ns)   --->   "%specinterface_ln0 = specinterface void @_ssdm_op_SpecInterface, i1 %slave_start1, void @empty, i32 0, i32 0, void @empty_0, i32 0, i32 0, void @empty_0, void @empty_0, void @empty_0, i32 0, i32 0, i32 0, i32 0, void @empty_0, void @empty_0, i32 4294967295, i32 0"   --->   Operation 89 'specinterface' 'specinterface_ln0' <Predicate = true> <Delay = 0.00>
ST_1 : Operation 90 [1/1] (0.00ns)   --->   "%specbitsmap_ln0 = specbitsmap void @_ssdm_op_SpecBitsMap, i1 %slave_done1"   --->   Operation 90 'specbitsmap' 'specbitsmap_ln0' <Predicate = true> <Delay = 0.00>
ST_1 : Operation 91 [1/1] (0.00ns)   --->   "%specinterface_ln0 = specinterface void @_ssdm_op_SpecInterface, i1 %slave_done1, void @empty, i32 0, i32 0, void @empty_0, i32 0, i32 0, void @empty_0, void @empty_0, void @empty_0, i32 0, i32 0, i32 0, i32 0, void @empty_0, void @empty_0, i32 4294967295, i32 0"   --->   Operation 91 'specinterface' 'specinterface_ln0' <Predicate = true> <Delay = 0.00>
ST_1 : Operation 92 [1/1] (0.00ns)   --->   "%specbitsmap_ln0 = specbitsmap void @_ssdm_op_SpecBitsMap, i1 %slave_start2"   --->   Operation 92 'specbitsmap' 'specbitsmap_ln0' <Predicate = true> <Delay = 0.00>
ST_1 : Operation 93 [1/1] (0.00ns)   --->   "%specinterface_ln0 = specinterface void @_ssdm_op_SpecInterface, i1 %slave_start2, void @empty, i32 0, i32 0, void @empty_0, i32 0, i32 0, void @empty_0, void @empty_0, void @empty_0, i32 0, i32 0, i32 0, i32 0, void @empty_0, void @empty_0, i32 4294967295, i32 0"   --->   Operation 93 'specinterface' 'specinterface_ln0' <Predicate = true> <Delay = 0.00>
ST_1 : Operation 94 [1/1] (0.00ns)   --->   "%specbitsmap_ln0 = specbitsmap void @_ssdm_op_SpecBitsMap, i1 %slave_done2"   --->   Operation 94 'specbitsmap' 'specbitsmap_ln0' <Predicate = true> <Delay = 0.00>
ST_1 : Operation 95 [1/1] (0.00ns)   --->   "%specinterface_ln0 = specinterface void @_ssdm_op_SpecInterface, i1 %slave_done2, void @empty, i32 0, i32 0, void @empty_0, i32 0, i32 0, void @empty_0, void @empty_0, void @empty_0, i32 0, i32 0, i32 0, i32 0, void @empty_0, void @empty_0, i32 4294967295, i32 0"   --->   Operation 95 'specinterface' 'specinterface_ln0' <Predicate = true> <Delay = 0.00>
ST_1 : Operation 96 [1/1] (0.00ns)   --->   "%specbitsmap_ln0 = specbitsmap void @_ssdm_op_SpecBitsMap, i1 %phase1"   --->   Operation 96 'specbitsmap' 'specbitsmap_ln0' <Predicate = true> <Delay = 0.00>
ST_1 : Operation 97 [1/1] (0.00ns)   --->   "%specinterface_ln0 = specinterface void @_ssdm_op_SpecInterface, i1 %phase1, void @empty_1, i32 0, i32 0, void @empty_0, i32 0, i32 0, void @empty_0, void @empty_0, void @empty_0, i32 0, i32 0, i32 0, i32 0, void @empty_0, void @empty_0, i32 4294967295, i32 0"   --->   Operation 97 'specinterface' 'specinterface_ln0' <Predicate = true> <Delay = 0.00>
ST_1 : Operation 98 [1/1] (0.00ns)   --->   "%specbitsmap_ln0 = specbitsmap void @_ssdm_op_SpecBitsMap, i1 %phase2"   --->   Operation 98 'specbitsmap' 'specbitsmap_ln0' <Predicate = true> <Delay = 0.00>
ST_1 : Operation 99 [1/1] (0.00ns)   --->   "%specinterface_ln0 = specinterface void @_ssdm_op_SpecInterface, i1 %phase2, void @empty_1, i32 0, i32 0, void @empty_0, i32 0, i32 0, void @empty_0, void @empty_0, void @empty_0, i32 0, i32 0, i32 0, i32 0, void @empty_0, void @empty_0, i32 4294967295, i32 0"   --->   Operation 99 'specinterface' 'specinterface_ln0' <Predicate = true> <Delay = 0.00>
ST_1 : Operation 100 [1/1] (0.00ns)   --->   "%buffer_ok_load = load i1 %buffer_ok" [Control/control.cpp:109]   --->   Operation 100 'load' 'buffer_ok_load' <Predicate = true> <Delay = 0.00>
ST_1 : Operation 101 [1/1] (0.28ns)   --->   "%xor_ln109 = xor i1 %buffer_ok_load, i1 1" [Control/control.cpp:109]   --->   Operation 101 'xor' 'xor_ln109' <Predicate = true> <Delay = 0.28> <CoreInst = "LogicGate">   --->   Core 74 'LogicGate' <Latency = 0> <II = 1> <Delay = 0.28> <FuncUnit> <Opcode : 'and' 'or' 'xor'> <InPorts = 2> <OutPorts = 1>
ST_1 : Operation 102 [1/1] (0.00ns)   --->   "%write_ln109 = write void @_ssdm_op_Write.ap_none.i1P0A, i1 %a_i_ready, i1 %xor_ln109" [Control/control.cpp:109]   --->   Operation 102 'write' 'write_ln109' <Predicate = true> <Delay = 0.00>
ST_1 : Operation 103 [1/1] (0.00ns)   --->   "%write_ln110 = write void @_ssdm_op_Write.ap_none.i1P0A, i1 %b_i_ready, i1 %xor_ln109" [Control/control.cpp:110]   --->   Operation 103 'write' 'write_ln110' <Predicate = true> <Delay = 0.00>
ST_1 : Operation 104 [1/1] (0.00ns)   --->   "%write_ln111 = write void @_ssdm_op_Write.ap_none.i1P0A, i1 %c_i_ready, i1 1" [Control/control.cpp:111]   --->   Operation 104 'write' 'write_ln111' <Predicate = true> <Delay = 0.00>
ST_1 : Operation 105 [1/1] (0.00ns)   --->   "%d_o_ready_read = read i1 @_ssdm_op_Read.ap_none.i1P0A, i1 %d_o_ready" [Control/control.cpp:112]   --->   Operation 105 'read' 'd_o_ready_read' <Predicate = true> <Delay = 0.00>
ST_1 : Operation 106 [1/1] (0.00ns)   --->   "%r_acc_valid_load = load i1 %r_acc_valid" [Control/control.cpp:112]   --->   Operation 106 'load' 'r_acc_valid_load' <Predicate = true> <Delay = 0.00>
ST_1 : Operation 107 [1/1] (0.00ns)   --->   "%state_load = load i4 %state" [Control/control.cpp:114]   --->   Operation 107 'load' 'state_load' <Predicate = true> <Delay = 0.00>
ST_1 : Operation 108 [1/1] (0.00ns)   --->   "%b_count_V_load = load i4 %b_count_V"   --->   Operation 108 'load' 'b_count_V_load' <Predicate = true> <Delay = 0.00>
ST_1 : Operation 109 [1/1] (0.00ns)   --->   "%r_cnt_V_load = load i14 %r_cnt_V"   --->   Operation 109 'load' 'r_cnt_V_load' <Predicate = true> <Delay = 0.00>
ST_1 : Operation 110 [1/1] (0.00ns)   --->   "%trunc_ln222 = trunc i14 %r_cnt_V_load" [Control/control.cpp:222]   --->   Operation 110 'trunc' 'trunc_ln222' <Predicate = true> <Delay = 0.00>
ST_1 : Operation 111 [1/1] (0.00ns)   --->   "%done1_seen_load = load i1 %done1_seen" [Control/control.cpp:222]   --->   Operation 111 'load' 'done1_seen_load' <Predicate = true> <Delay = 0.00>
ST_1 : Operation 112 [1/1] (0.00ns)   --->   "%done2_seen_load = load i1 %done2_seen" [Control/control.cpp:222]   --->   Operation 112 'load' 'done2_seen_load' <Predicate = true> <Delay = 0.00>
ST_1 : Operation 113 [1/1] (0.00ns)   --->   "%slave_done1_seen_load = load i1 %slave_done1_seen" [Control/control.cpp:222]   --->   Operation 113 'load' 'slave_done1_seen_load' <Predicate = true> <Delay = 0.00>
ST_1 : Operation 114 [1/1] (0.00ns)   --->   "%slave_done2_seen_load = load i1 %slave_done2_seen" [Control/control.cpp:222]   --->   Operation 114 'load' 'slave_done2_seen_load' <Predicate = true> <Delay = 0.00>
ST_1 : Operation 115 [1/1] (0.00ns)   --->   "%i_phase1_load = load i1 %i_phase1" [Control/control.cpp:191]   --->   Operation 115 'load' 'i_phase1_load' <Predicate = true> <Delay = 0.00>
ST_1 : Operation 116 [1/1] (0.00ns)   --->   "%i_phase2_load = load i1 %i_phase2" [Control/control.cpp:207]   --->   Operation 116 'load' 'i_phase2_load' <Predicate = true> <Delay = 0.00>
ST_1 : Operation 117 [1/1] (0.00ns)   --->   "%a_i_valid_read = read i1 @_ssdm_op_Read.ap_none.i1P0A, i1 %a_i_valid" [Control/control.cpp:152]   --->   Operation 117 'read' 'a_i_valid_read' <Predicate = true> <Delay = 0.00>
ST_1 : Operation 118 [1/1] (0.00ns)   --->   "%b_i_valid_read = read i1 @_ssdm_op_Read.ap_none.i1P0A, i1 %b_i_valid" [Control/control.cpp:152]   --->   Operation 118 'read' 'b_i_valid_read' <Predicate = true> <Delay = 0.00>
ST_1 : Operation 119 [1/1] (0.00ns)   --->   "%tmp_a_V = read i32 @_ssdm_op_Read.ap_none.i32P0A, i32 %a_i_data" [Control/control.cpp:155]   --->   Operation 119 'read' 'tmp_a_V' <Predicate = true> <Delay = 0.00>
ST_1 : Operation 120 [1/1] (0.00ns)   --->   "%tmp_b_V = read i32 @_ssdm_op_Read.ap_none.i32P0A, i32 %b_i_data" [Control/control.cpp:156]   --->   Operation 120 'read' 'tmp_b_V' <Predicate = true> <Delay = 0.00>
ST_1 : Operation 121 [1/1] (0.47ns)   --->   "%switch_ln114 = switch i4 %state_load, void %sw.epilog, i4 0, void %sw.bb, i4 1, void %sw.bb24, i4 2, void %sw.bb48, i4 3, void %sw.bb83, i4 4, void %sw.bb89, i4 7, void %sw.bb95, i4 9, void %sw.bb111" [Control/control.cpp:114]   --->   Operation 121 'switch' 'switch_ln114' <Predicate = true> <Delay = 0.47>
ST_1 : Operation 122 [1/1] (0.00ns)   --->   "%tmp = nbreadreq i1 @_ssdm_op_NbReadReq.ap_fifo.i32P0A, i32 %buffer_1_rd, i32 1" [Control/control.cpp:254]   --->   Operation 122 'nbreadreq' 'tmp' <Predicate = (state_load == 9)> <Delay = 0.00> <CoreInst = "FIFO">   --->   Core 78 'FIFO' <Latency = 0> <II = 1> <Delay = 1.63> <Storage> <Opcode : 'read' 'write' 'nbread' 'nbwrite'> <Ports = 0> <Width = -1> <Depth = -1> <FIFO>
ST_1 : Operation 123 [1/1] (0.00ns)   --->   "%i_load = load i32 %i" [Control/control.cpp:254]   --->   Operation 123 'load' 'i_load' <Predicate = (state_load == 9)> <Delay = 0.00>
ST_1 : Operation 124 [1/1] (0.00ns)   --->   "%tmp_3 = partselect i28 @_ssdm_op_PartSelect.i28.i32.i32.i32, i32 %i_load, i32 4, i32 31" [Control/control.cpp:254]   --->   Operation 124 'partselect' 'tmp_3' <Predicate = (state_load == 9)> <Delay = 0.00>
ST_1 : Operation 125 [1/1] (1.01ns)   --->   "%icmp_ln254 = icmp_slt  i28 %tmp_3, i28 1" [Control/control.cpp:254]   --->   Operation 125 'icmp' 'icmp_ln254' <Predicate = (state_load == 9)> <Delay = 1.01> <CoreInst = "Cmp">   --->   Core 9 'Cmp' <Latency = 0> <II = 1> <Delay = 1.01> <FuncUnit> <Opcode : 'icmp'> <InPorts = 2> <OutPorts = 1>
ST_1 : Operation 126 [1/1] (0.28ns)   --->   "%and_ln254 = and i1 %tmp, i1 %icmp_ln254" [Control/control.cpp:254]   --->   Operation 126 'and' 'and_ln254' <Predicate = (state_load == 9)> <Delay = 0.28> <CoreInst = "LogicGate">   --->   Core 74 'LogicGate' <Latency = 0> <II = 1> <Delay = 0.28> <FuncUnit> <Opcode : 'and' 'or' 'xor'> <InPorts = 2> <OutPorts = 1>
ST_1 : Operation 127 [1/1] (0.00ns)   --->   "%br_ln254 = br i1 %and_ln254, void %if.else121, void %if.then116" [Control/control.cpp:254]   --->   Operation 127 'br' 'br_ln254' <Predicate = (state_load == 9)> <Delay = 0.00>
ST_1 : Operation 128 [1/1] (0.00ns)   --->   "%tmp_1 = nbreadreq i1 @_ssdm_op_NbReadReq.ap_fifo.i32P0A, i32 %buffer_1_rd1, i32 1" [Control/control.cpp:261]   --->   Operation 128 'nbreadreq' 'tmp_1' <Predicate = (state_load == 9 & !and_ln254)> <Delay = 0.00> <CoreInst = "FIFO">   --->   Core 78 'FIFO' <Latency = 0> <II = 1> <Delay = 1.63> <Storage> <Opcode : 'read' 'write' 'nbread' 'nbwrite'> <Ports = 0> <Width = -1> <Depth = -1> <FIFO>
ST_1 : Operation 129 [1/1] (0.00ns)   --->   "%tmp_7 = partselect i27 @_ssdm_op_PartSelect.i27.i32.i32.i32, i32 %i_load, i32 5, i32 31" [Control/control.cpp:261]   --->   Operation 129 'partselect' 'tmp_7' <Predicate = (state_load == 9 & !and_ln254)> <Delay = 0.00>
ST_1 : Operation 130 [1/1] (1.02ns)   --->   "%icmp_ln261 = icmp_slt  i27 %tmp_7, i27 1" [Control/control.cpp:261]   --->   Operation 130 'icmp' 'icmp_ln261' <Predicate = (state_load == 9 & !and_ln254)> <Delay = 1.02> <CoreInst = "Cmp">   --->   Core 9 'Cmp' <Latency = 0> <II = 1> <Delay = 1.02> <FuncUnit> <Opcode : 'icmp'> <InPorts = 2> <OutPorts = 1>
ST_1 : Operation 131 [1/1] (0.28ns)   --->   "%and_ln261 = and i1 %tmp_1, i1 %icmp_ln261" [Control/control.cpp:261]   --->   Operation 131 'and' 'and_ln261' <Predicate = (state_load == 9 & !and_ln254)> <Delay = 0.28> <CoreInst = "LogicGate">   --->   Core 74 'LogicGate' <Latency = 0> <II = 1> <Delay = 0.28> <FuncUnit> <Opcode : 'and' 'or' 'xor'> <InPorts = 2> <OutPorts = 1>
ST_1 : Operation 132 [1/1] (0.00ns)   --->   "%br_ln261 = br i1 %and_ln261, void %if.else130, void %if.then125" [Control/control.cpp:261]   --->   Operation 132 'br' 'br_ln261' <Predicate = (state_load == 9 & !and_ln254)> <Delay = 0.00>
ST_1 : Operation 133 [1/1] (0.00ns)   --->   "%tmp_2 = nbreadreq i1 @_ssdm_op_NbReadReq.ap_fifo.i32P0A, i32 %buffer_1_rd2, i32 1" [Control/control.cpp:268]   --->   Operation 133 'nbreadreq' 'tmp_2' <Predicate = (state_load == 9 & !and_ln254 & !and_ln261)> <Delay = 0.00> <CoreInst = "FIFO">   --->   Core 78 'FIFO' <Latency = 0> <II = 1> <Delay = 1.63> <Storage> <Opcode : 'read' 'write' 'nbread' 'nbwrite'> <Ports = 0> <Width = -1> <Depth = -1> <FIFO>
ST_1 : Operation 134 [1/1] (0.99ns)   --->   "%icmp_ln268 = icmp_slt  i32 %i_load, i32 48" [Control/control.cpp:268]   --->   Operation 134 'icmp' 'icmp_ln268' <Predicate = (state_load == 9 & !and_ln254 & !and_ln261)> <Delay = 0.99> <CoreInst = "Cmp">   --->   Core 9 'Cmp' <Latency = 0> <II = 1> <Delay = 0.99> <FuncUnit> <Opcode : 'icmp'> <InPorts = 2> <OutPorts = 1>
ST_1 : Operation 135 [1/1] (0.28ns)   --->   "%and_ln268 = and i1 %tmp_2, i1 %icmp_ln268" [Control/control.cpp:268]   --->   Operation 135 'and' 'and_ln268' <Predicate = (state_load == 9 & !and_ln254 & !and_ln261)> <Delay = 0.28> <CoreInst = "LogicGate">   --->   Core 74 'LogicGate' <Latency = 0> <II = 1> <Delay = 0.28> <FuncUnit> <Opcode : 'and' 'or' 'xor'> <InPorts = 2> <OutPorts = 1>
ST_1 : Operation 136 [1/1] (0.00ns)   --->   "%br_ln268 = br i1 %and_ln268, void %if.else139, void %if.then134" [Control/control.cpp:268]   --->   Operation 136 'br' 'br_ln268' <Predicate = (state_load == 9 & !and_ln254 & !and_ln261)> <Delay = 0.00>
ST_1 : Operation 137 [1/1] (1.63ns)   --->   "%buffer_1_rd3_read = read i32 @_ssdm_op_Read.ap_fifo.volatile.i32P0A, i32 %buffer_1_rd3" [Control/control.cpp:276]   --->   Operation 137 'read' 'buffer_1_rd3_read' <Predicate = (state_load == 9 & !and_ln254 & !and_ln261 & !and_ln268)> <Delay = 1.63> <CoreInst = "FIFO">   --->   Core 78 'FIFO' <Latency = 0> <II = 1> <Delay = 1.63> <Storage> <Opcode : 'read' 'write' 'nbread' 'nbwrite'> <Ports = 0> <Width = -1> <Depth = -1> <FIFO>
ST_1 : Operation 138 [1/1] (0.83ns)   --->   "%add_ln840_5 = add i14 %r_cnt_V_load, i14 1"   --->   Operation 138 'add' 'add_ln840_5' <Predicate = (state_load == 9 & !and_ln254 & !and_ln261 & !and_ln268)> <Delay = 0.83> <CoreInst = "Adder">   --->   Core 1 'Adder' <Latency = 0> <II = 1> <Delay = 0.83> <FuncUnit> <Opcode : 'add' 'sub'> <InPorts = 2> <OutPorts = 1>
ST_1 : Operation 139 [1/1] (0.57ns)   --->   "%store_ln840 = store i14 %add_ln840_5, i14 %r_cnt_V"   --->   Operation 139 'store' 'store_ln840' <Predicate = (state_load == 9 & !and_ln254 & !and_ln261 & !and_ln268)> <Delay = 0.57>
ST_1 : Operation 140 [1/1] (1.01ns)   --->   "%add_ln279 = add i32 %i_load, i32 1" [Control/control.cpp:279]   --->   Operation 140 'add' 'add_ln279' <Predicate = (state_load == 9 & !and_ln254 & !and_ln261 & !and_ln268)> <Delay = 1.01> <CoreInst = "Adder">   --->   Core 1 'Adder' <Latency = 0> <II = 1> <Delay = 1.01> <FuncUnit> <Opcode : 'add' 'sub'> <InPorts = 2> <OutPorts = 1>
ST_1 : Operation 141 [1/1] (0.57ns)   --->   "%store_ln279 = store i32 %add_ln279, i32 %i" [Control/control.cpp:279]   --->   Operation 141 'store' 'store_ln279' <Predicate = (state_load == 9 & !and_ln254 & !and_ln261 & !and_ln268)> <Delay = 0.57>
ST_1 : Operation 142 [1/1] (0.52ns)   --->   "%br_ln0 = br void %if.end146"   --->   Operation 142 'br' 'br_ln0' <Predicate = (state_load == 9 & !and_ln254 & !and_ln261 & !and_ln268)> <Delay = 0.52>
ST_1 : Operation 143 [1/1] (1.63ns)   --->   "%buffer_1_rd2_read = read i32 @_ssdm_op_Read.ap_fifo.volatile.i32P0A, i32 %buffer_1_rd2" [Control/control.cpp:269]   --->   Operation 143 'read' 'buffer_1_rd2_read' <Predicate = (state_load == 9 & !and_ln254 & !and_ln261 & and_ln268)> <Delay = 1.63> <CoreInst = "FIFO">   --->   Core 78 'FIFO' <Latency = 0> <II = 1> <Delay = 1.63> <Storage> <Opcode : 'read' 'write' 'nbread' 'nbwrite'> <Ports = 0> <Width = -1> <Depth = -1> <FIFO>
ST_1 : Operation 144 [1/1] (0.83ns)   --->   "%add_ln840_4 = add i14 %r_cnt_V_load, i14 1"   --->   Operation 144 'add' 'add_ln840_4' <Predicate = (state_load == 9 & !and_ln254 & !and_ln261 & and_ln268)> <Delay = 0.83> <CoreInst = "Adder">   --->   Core 1 'Adder' <Latency = 0> <II = 1> <Delay = 0.83> <FuncUnit> <Opcode : 'add' 'sub'> <InPorts = 2> <OutPorts = 1>
ST_1 : Operation 145 [1/1] (0.57ns)   --->   "%store_ln840 = store i14 %add_ln840_4, i14 %r_cnt_V"   --->   Operation 145 'store' 'store_ln840' <Predicate = (state_load == 9 & !and_ln254 & !and_ln261 & and_ln268)> <Delay = 0.57>
ST_1 : Operation 146 [1/1] (1.01ns)   --->   "%add_ln272 = add i32 %i_load, i32 1" [Control/control.cpp:272]   --->   Operation 146 'add' 'add_ln272' <Predicate = (state_load == 9 & !and_ln254 & !and_ln261 & and_ln268)> <Delay = 1.01> <CoreInst = "Adder">   --->   Core 1 'Adder' <Latency = 0> <II = 1> <Delay = 1.01> <FuncUnit> <Opcode : 'add' 'sub'> <InPorts = 2> <OutPorts = 1>
ST_1 : Operation 147 [1/1] (0.57ns)   --->   "%store_ln272 = store i32 %add_ln272, i32 %i" [Control/control.cpp:272]   --->   Operation 147 'store' 'store_ln272' <Predicate = (state_load == 9 & !and_ln254 & !and_ln261 & and_ln268)> <Delay = 0.57>
ST_1 : Operation 148 [1/1] (0.52ns)   --->   "%br_ln273 = br void %if.end146" [Control/control.cpp:273]   --->   Operation 148 'br' 'br_ln273' <Predicate = (state_load == 9 & !and_ln254 & !and_ln261 & and_ln268)> <Delay = 0.52>
ST_1 : Operation 149 [1/1] (1.63ns)   --->   "%buffer_1_rd1_read = read i32 @_ssdm_op_Read.ap_fifo.volatile.i32P0A, i32 %buffer_1_rd1" [Control/control.cpp:262]   --->   Operation 149 'read' 'buffer_1_rd1_read' <Predicate = (state_load == 9 & !and_ln254 & and_ln261)> <Delay = 1.63> <CoreInst = "FIFO">   --->   Core 78 'FIFO' <Latency = 0> <II = 1> <Delay = 1.63> <Storage> <Opcode : 'read' 'write' 'nbread' 'nbwrite'> <Ports = 0> <Width = -1> <Depth = -1> <FIFO>
ST_1 : Operation 150 [1/1] (0.83ns)   --->   "%add_ln840_1 = add i14 %r_cnt_V_load, i14 1"   --->   Operation 150 'add' 'add_ln840_1' <Predicate = (state_load == 9 & !and_ln254 & and_ln261)> <Delay = 0.83> <CoreInst = "Adder">   --->   Core 1 'Adder' <Latency = 0> <II = 1> <Delay = 0.83> <FuncUnit> <Opcode : 'add' 'sub'> <InPorts = 2> <OutPorts = 1>
ST_1 : Operation 151 [1/1] (0.57ns)   --->   "%store_ln840 = store i14 %add_ln840_1, i14 %r_cnt_V"   --->   Operation 151 'store' 'store_ln840' <Predicate = (state_load == 9 & !and_ln254 & and_ln261)> <Delay = 0.57>
ST_1 : Operation 152 [1/1] (1.01ns)   --->   "%add_ln265 = add i32 %i_load, i32 1" [Control/control.cpp:265]   --->   Operation 152 'add' 'add_ln265' <Predicate = (state_load == 9 & !and_ln254 & and_ln261)> <Delay = 1.01> <CoreInst = "Adder">   --->   Core 1 'Adder' <Latency = 0> <II = 1> <Delay = 1.01> <FuncUnit> <Opcode : 'add' 'sub'> <InPorts = 2> <OutPorts = 1>
ST_1 : Operation 153 [1/1] (0.57ns)   --->   "%store_ln265 = store i32 %add_ln265, i32 %i" [Control/control.cpp:265]   --->   Operation 153 'store' 'store_ln265' <Predicate = (state_load == 9 & !and_ln254 & and_ln261)> <Delay = 0.57>
ST_1 : Operation 154 [1/1] (0.52ns)   --->   "%br_ln266 = br void %if.end146" [Control/control.cpp:266]   --->   Operation 154 'br' 'br_ln266' <Predicate = (state_load == 9 & !and_ln254 & and_ln261)> <Delay = 0.52>
ST_1 : Operation 155 [1/1] (1.63ns)   --->   "%buffer_1_rd_read = read i32 @_ssdm_op_Read.ap_fifo.volatile.i32P0A, i32 %buffer_1_rd" [Control/control.cpp:255]   --->   Operation 155 'read' 'buffer_1_rd_read' <Predicate = (state_load == 9 & and_ln254)> <Delay = 1.63> <CoreInst = "FIFO">   --->   Core 78 'FIFO' <Latency = 0> <II = 1> <Delay = 1.63> <Storage> <Opcode : 'read' 'write' 'nbread' 'nbwrite'> <Ports = 0> <Width = -1> <Depth = -1> <FIFO>
ST_1 : Operation 156 [1/1] (0.83ns)   --->   "%add_ln840 = add i14 %r_cnt_V_load, i14 1"   --->   Operation 156 'add' 'add_ln840' <Predicate = (state_load == 9 & and_ln254)> <Delay = 0.83> <CoreInst = "Adder">   --->   Core 1 'Adder' <Latency = 0> <II = 1> <Delay = 0.83> <FuncUnit> <Opcode : 'add' 'sub'> <InPorts = 2> <OutPorts = 1>
ST_1 : Operation 157 [1/1] (0.57ns)   --->   "%store_ln840 = store i14 %add_ln840, i14 %r_cnt_V"   --->   Operation 157 'store' 'store_ln840' <Predicate = (state_load == 9 & and_ln254)> <Delay = 0.57>
ST_1 : Operation 158 [1/1] (1.01ns)   --->   "%add_ln258 = add i32 %i_load, i32 1" [Control/control.cpp:258]   --->   Operation 158 'add' 'add_ln258' <Predicate = (state_load == 9 & and_ln254)> <Delay = 1.01> <CoreInst = "Adder">   --->   Core 1 'Adder' <Latency = 0> <II = 1> <Delay = 1.01> <FuncUnit> <Opcode : 'add' 'sub'> <InPorts = 2> <OutPorts = 1>
ST_1 : Operation 159 [1/1] (0.57ns)   --->   "%store_ln258 = store i32 %add_ln258, i32 %i" [Control/control.cpp:258]   --->   Operation 159 'store' 'store_ln258' <Predicate = (state_load == 9 & and_ln254)> <Delay = 0.57>
ST_1 : Operation 160 [1/1] (0.52ns)   --->   "%br_ln259 = br void %if.end146" [Control/control.cpp:259]   --->   Operation 160 'br' 'br_ln259' <Predicate = (state_load == 9 & and_ln254)> <Delay = 0.52>
ST_1 : Operation 161 [1/1] (0.00ns)   --->   "%r_cnt_V_loc_0 = phi i14 %add_ln840, void %if.then116, i14 %add_ln840_1, void %if.then125, i14 %add_ln840_4, void %if.then134, i14 %add_ln840_5, void %if.else139"   --->   Operation 161 'phi' 'r_cnt_V_loc_0' <Predicate = (state_load == 9)> <Delay = 0.00>
ST_1 : Operation 162 [1/1] (0.00ns)   --->   "%i_op_assign = phi i32 %add_ln258, void %if.then116, i32 %add_ln265, void %if.then125, i32 %add_ln272, void %if.then134, i32 %add_ln279, void %if.else139" [Control/control.cpp:258]   --->   Operation 162 'phi' 'i_op_assign' <Predicate = (state_load == 9)> <Delay = 0.00>
ST_1 : Operation 163 [1/1] (0.00ns)   --->   "%tmp_5 = phi i32 %buffer_1_rd_read, void %if.then116, i32 %buffer_1_rd1_read, void %if.then125, i32 %buffer_1_rd2_read, void %if.then134, i32 %buffer_1_rd3_read, void %if.else139" [Control/control.cpp:255]   --->   Operation 163 'phi' 'tmp_5' <Predicate = (state_load == 9)> <Delay = 0.00>
ST_1 : Operation 164 [1/1] (0.00ns)   --->   "%trunc_ln269 = trunc i14 %r_cnt_V_loc_0" [Control/control.cpp:269]   --->   Operation 164 'trunc' 'trunc_ln269' <Predicate = (state_load == 9)> <Delay = 0.00>
ST_1 : Operation 165 [1/1] (0.00ns)   --->   "%zext_ln1027 = zext i11 %len_read"   --->   Operation 165 'zext' 'zext_ln1027' <Predicate = (state_load == 9)> <Delay = 0.00>
ST_1 : Operation 166 [1/1] (0.00ns)   --->   "%zext_ln1027_1 = zext i11 %len_read"   --->   Operation 166 'zext' 'zext_ln1027_1' <Predicate = (state_load == 9)> <Delay = 0.00>
ST_1 : Operation 167 [1/1] (1.03ns)   --->   "%icmp_ln1027 = icmp_ult  i14 %r_cnt_V_loc_0, i14 %zext_ln1027_1"   --->   Operation 167 'icmp' 'icmp_ln1027' <Predicate = (state_load == 9)> <Delay = 1.03> <CoreInst = "Cmp">   --->   Core 9 'Cmp' <Latency = 0> <II = 1> <Delay = 1.03> <FuncUnit> <Opcode : 'icmp'> <InPorts = 2> <OutPorts = 1>
ST_1 : Operation 168 [1/1] (0.00ns)   --->   "%br_ln282 = br i1 %icmp_ln1027, void %if.end150, void %land.lhs.true148" [Control/control.cpp:282]   --->   Operation 168 'br' 'br_ln282' <Predicate = (state_load == 9)> <Delay = 0.00>
ST_1 : Operation 169 [1/1] (0.00ns)   --->   "%store_result_ready_load = load i1 %store_result_ready" [Control/control.cpp:282]   --->   Operation 169 'load' 'store_result_ready_load' <Predicate = (state_load == 9 & icmp_ln1027)> <Delay = 0.00>
ST_1 : Operation 170 [1/1] (0.00ns)   --->   "%br_ln282 = br i1 %store_result_ready_load, void %if.end150, void %if.then149" [Control/control.cpp:282]   --->   Operation 170 'br' 'br_ln282' <Predicate = (state_load == 9 & icmp_ln1027)> <Delay = 0.00>
ST_1 : Operation 171 [1/1] (0.42ns)   --->   "%store_ln283 = store i32 %tmp_5, i32 %r_acc_V" [Control/control.cpp:283]   --->   Operation 171 'store' 'store_ln283' <Predicate = (state_load == 9 & icmp_ln1027 & store_result_ready_load)> <Delay = 0.42>
ST_1 : Operation 172 [1/1] (0.00ns)   --->   "%br_ln285 = br void %if.end150" [Control/control.cpp:285]   --->   Operation 172 'br' 'br_ln285' <Predicate = (state_load == 9 & icmp_ln1027 & store_result_ready_load)> <Delay = 0.00>
ST_1 : Operation 173 [1/1] (0.99ns)   --->   "%icmp_ln1019_2 = icmp_eq  i32 %i_op_assign, i32 %zext_ln1027"   --->   Operation 173 'icmp' 'icmp_ln1019_2' <Predicate = (state_load == 9)> <Delay = 0.99> <CoreInst = "Cmp">   --->   Core 9 'Cmp' <Latency = 0> <II = 1> <Delay = 0.99> <FuncUnit> <Opcode : 'icmp'> <InPorts = 2> <OutPorts = 1>
ST_1 : Operation 174 [1/1] (0.00ns)   --->   "%br_ln287 = br i1 %icmp_ln1019_2, void %if.end153, void %if.then152" [Control/control.cpp:287]   --->   Operation 174 'br' 'br_ln287' <Predicate = (state_load == 9)> <Delay = 0.00>
ST_1 : Operation 175 [1/1] (0.67ns)   --->   "%store_ln288 = store i4 0, i4 %state" [Control/control.cpp:288]   --->   Operation 175 'store' 'store_ln288' <Predicate = (state_load == 9 & icmp_ln1019_2)> <Delay = 0.67>
ST_1 : Operation 176 [1/1] (0.00ns)   --->   "%br_ln290 = br void %if.end153" [Control/control.cpp:290]   --->   Operation 176 'br' 'br_ln290' <Predicate = (state_load == 9 & icmp_ln1019_2)> <Delay = 0.00>
ST_1 : Operation 177 [1/1] (0.47ns)   --->   "%br_ln0 = br void %sw.epilog"   --->   Operation 177 'br' 'br_ln0' <Predicate = (state_load == 9)> <Delay = 0.47>
ST_1 : Operation 178 [1/1] (0.47ns)   --->   "%br_ln222 = br i1 %done1_seen_load, void %sw.epilog, void %land.lhs.true96" [Control/control.cpp:222]   --->   Operation 178 'br' 'br_ln222' <Predicate = (state_load == 7)> <Delay = 0.47>
ST_1 : Operation 179 [1/1] (0.47ns)   --->   "%br_ln222 = br i1 %done2_seen_load, void %sw.epilog, void %land.lhs.true97" [Control/control.cpp:222]   --->   Operation 179 'br' 'br_ln222' <Predicate = (state_load == 7 & done1_seen_load)> <Delay = 0.47>
ST_1 : Operation 180 [1/1] (0.47ns)   --->   "%br_ln222 = br i1 %slave_done1_seen_load, void %sw.epilog, void %land.lhs.true98" [Control/control.cpp:222]   --->   Operation 180 'br' 'br_ln222' <Predicate = (state_load == 7 & done1_seen_load & done2_seen_load)> <Delay = 0.47>
ST_1 : Operation 181 [1/1] (0.47ns)   --->   "%br_ln222 = br i1 %slave_done2_seen_load, void %sw.epilog, void %if.then99" [Control/control.cpp:222]   --->   Operation 181 'br' 'br_ln222' <Predicate = (state_load == 7 & done1_seen_load & done2_seen_load & slave_done1_seen_load)> <Delay = 0.47>
ST_1 : Operation 182 [1/1] (0.00ns)   --->   "%br_ln224 = br i1 %i_phase1_load, void %if.then102, void %if.else104" [Control/control.cpp:224]   --->   Operation 182 'br' 'br_ln224' <Predicate = (state_load == 7 & done1_seen_load & done2_seen_load & slave_done1_seen_load & slave_done2_seen_load)> <Delay = 0.00>
ST_1 : Operation 183 [1/1] (0.42ns)   --->   "%store_ln225 = store i1 1, i1 %i_phase1" [Control/control.cpp:225]   --->   Operation 183 'store' 'store_ln225' <Predicate = (state_load == 7 & done1_seen_load & done2_seen_load & slave_done1_seen_load & slave_done2_seen_load & !i_phase1_load)> <Delay = 0.42>
ST_1 : Operation 184 [1/1] (0.42ns)   --->   "%store_ln226 = store i1 1, i1 %i_phase2" [Control/control.cpp:226]   --->   Operation 184 'store' 'store_ln226' <Predicate = (state_load == 7 & done1_seen_load & done2_seen_load & slave_done1_seen_load & slave_done2_seen_load & !i_phase1_load)> <Delay = 0.42>
ST_1 : Operation 185 [1/1] (0.47ns)   --->   "%store_ln227 = store i4 0, i4 %b_count_V" [Control/control.cpp:227]   --->   Operation 185 'store' 'store_ln227' <Predicate = (state_load == 7 & done1_seen_load & done2_seen_load & slave_done1_seen_load & slave_done2_seen_load & !i_phase1_load)> <Delay = 0.47>
ST_1 : Operation 186 [1/1] (0.42ns)   --->   "%store_ln228 = store i1 0, i1 %buffer_ok" [Control/control.cpp:228]   --->   Operation 186 'store' 'store_ln228' <Predicate = (state_load == 7 & done1_seen_load & done2_seen_load & slave_done1_seen_load & slave_done2_seen_load & !i_phase1_load)> <Delay = 0.42>
ST_1 : Operation 187 [1/1] (0.42ns)   --->   "%store_ln229 = store i1 0, i1 %compute_launched" [Control/control.cpp:229]   --->   Operation 187 'store' 'store_ln229' <Predicate = (state_load == 7 & done1_seen_load & done2_seen_load & slave_done1_seen_load & slave_done2_seen_load & !i_phase1_load)> <Delay = 0.42>
ST_1 : Operation 188 [1/1] (0.42ns)   --->   "%store_ln230 = store i1 0, i1 %compute_launched2" [Control/control.cpp:230]   --->   Operation 188 'store' 'store_ln230' <Predicate = (state_load == 7 & done1_seen_load & done2_seen_load & slave_done1_seen_load & slave_done2_seen_load & !i_phase1_load)> <Delay = 0.42>
ST_1 : Operation 189 [1/1] (0.42ns)   --->   "%store_ln235 = store i32 0, i32 %j_a" [Control/control.cpp:235]   --->   Operation 189 'store' 'store_ln235' <Predicate = (state_load == 7 & done1_seen_load & done2_seen_load & slave_done1_seen_load & slave_done2_seen_load & !i_phase1_load)> <Delay = 0.42>
ST_1 : Operation 190 [1/1] (0.42ns)   --->   "%store_ln236 = store i32 0, i32 %j2a" [Control/control.cpp:236]   --->   Operation 190 'store' 'store_ln236' <Predicate = (state_load == 7 & done1_seen_load & done2_seen_load & slave_done1_seen_load & slave_done2_seen_load & !i_phase1_load)> <Delay = 0.42>
ST_1 : Operation 191 [1/1] (0.42ns)   --->   "%store_ln237 = store i32 0, i32 %j3b" [Control/control.cpp:237]   --->   Operation 191 'store' 'store_ln237' <Predicate = (state_load == 7 & done1_seen_load & done2_seen_load & slave_done1_seen_load & slave_done2_seen_load & !i_phase1_load)> <Delay = 0.42>
ST_1 : Operation 192 [1/1] (0.42ns)   --->   "%store_ln238 = store i32 0, i32 %j_b" [Control/control.cpp:238]   --->   Operation 192 'store' 'store_ln238' <Predicate = (state_load == 7 & done1_seen_load & done2_seen_load & slave_done1_seen_load & slave_done2_seen_load & !i_phase1_load)> <Delay = 0.42>
ST_1 : Operation 193 [1/1] (0.42ns)   --->   "%store_ln239 = store i32 0, i32 %j3a" [Control/control.cpp:239]   --->   Operation 193 'store' 'store_ln239' <Predicate = (state_load == 7 & done1_seen_load & done2_seen_load & slave_done1_seen_load & slave_done2_seen_load & !i_phase1_load)> <Delay = 0.42>
ST_1 : Operation 194 [1/1] (0.42ns)   --->   "%store_ln240 = store i32 0, i32 %j2b" [Control/control.cpp:240]   --->   Operation 194 'store' 'store_ln240' <Predicate = (state_load == 7 & done1_seen_load & done2_seen_load & slave_done1_seen_load & slave_done2_seen_load & !i_phase1_load)> <Delay = 0.42>
ST_1 : Operation 195 [1/1] (0.67ns)   --->   "%store_ln241 = store i4 1, i4 %state" [Control/control.cpp:241]   --->   Operation 195 'store' 'store_ln241' <Predicate = (state_load == 7 & done1_seen_load & done2_seen_load & slave_done1_seen_load & slave_done2_seen_load & !i_phase1_load)> <Delay = 0.67>
ST_1 : Operation 196 [1/1] (0.47ns)   --->   "%br_ln241 = br void %sw.epilog" [Control/control.cpp:241]   --->   Operation 196 'br' 'br_ln241' <Predicate = (state_load == 7 & done1_seen_load & done2_seen_load & slave_done1_seen_load & slave_done2_seen_load & !i_phase1_load)> <Delay = 0.47>
ST_1 : Operation 197 [1/1] (0.00ns)   --->   "%br_ln243 = br i1 %i_phase2_load, void %if.end108, void %if.then107" [Control/control.cpp:243]   --->   Operation 197 'br' 'br_ln243' <Predicate = (state_load == 7 & done1_seen_load & done2_seen_load & slave_done1_seen_load & slave_done2_seen_load & i_phase1_load)> <Delay = 0.00>
ST_1 : Operation 198 [1/1] (0.67ns)   --->   "%store_ln244 = store i4 9, i4 %state" [Control/control.cpp:244]   --->   Operation 198 'store' 'store_ln244' <Predicate = (state_load == 7 & done1_seen_load & done2_seen_load & slave_done1_seen_load & slave_done2_seen_load & i_phase1_load & i_phase2_load)> <Delay = 0.67>
ST_1 : Operation 199 [1/1] (0.00ns)   --->   "%br_ln245 = br void %if.end108" [Control/control.cpp:245]   --->   Operation 199 'br' 'br_ln245' <Predicate = (state_load == 7 & done1_seen_load & done2_seen_load & slave_done1_seen_load & slave_done2_seen_load & i_phase1_load & i_phase2_load)> <Delay = 0.00>
ST_1 : Operation 200 [1/1] (0.47ns)   --->   "%br_ln0 = br void %sw.epilog"   --->   Operation 200 'br' 'br_ln0' <Predicate = (state_load == 7 & done1_seen_load & done2_seen_load & slave_done1_seen_load & slave_done2_seen_load & i_phase1_load)> <Delay = 0.47>
ST_1 : Operation 201 [1/1] (0.00ns)   --->   "%compute_launched2_load = load i1 %compute_launched2" [Control/control.cpp:206]   --->   Operation 201 'load' 'compute_launched2_load' <Predicate = (state_load == 4)> <Delay = 0.00>
ST_1 : Operation 202 [1/1] (0.00ns)   --->   "%br_ln206 = br i1 %compute_launched2_load, void %if.then92, void %if.else93" [Control/control.cpp:206]   --->   Operation 202 'br' 'br_ln206' <Predicate = (state_load == 4)> <Delay = 0.00>
ST_1 : Operation 203 [1/1] (0.00ns)   --->   "%write_ln207 = write void @_ssdm_op_Write.ap_auto.i1P0A, i1 %phase2, i1 %i_phase2_load" [Control/control.cpp:207]   --->   Operation 203 'write' 'write_ln207' <Predicate = (state_load == 4 & !compute_launched2_load)> <Delay = 0.00>
ST_1 : Operation 204 [1/1] (0.00ns)   --->   "%write_ln208 = write void @_ssdm_op_Write.ap_none.i1P0A, i1 %compute_start2, i1 1" [Control/control.cpp:208]   --->   Operation 204 'write' 'write_ln208' <Predicate = (state_load == 4 & !compute_launched2_load)> <Delay = 0.00>
ST_1 : Operation 205 [1/1] (0.00ns)   --->   "%write_ln209 = write void @_ssdm_op_Write.ap_none.i1P0A, i1 %slave_start1, i1 1" [Control/control.cpp:209]   --->   Operation 205 'write' 'write_ln209' <Predicate = (state_load == 4 & !compute_launched2_load)> <Delay = 0.00>
ST_1 : Operation 206 [1/1] (0.00ns)   --->   "%write_ln210 = write void @_ssdm_op_Write.ap_none.i1P0A, i1 %slave_start2, i1 1" [Control/control.cpp:210]   --->   Operation 206 'write' 'write_ln210' <Predicate = (state_load == 4 & !compute_launched2_load)> <Delay = 0.00>
ST_1 : Operation 207 [1/1] (0.42ns)   --->   "%store_ln211 = store i1 1, i1 %compute_launched2" [Control/control.cpp:211]   --->   Operation 207 'store' 'store_ln211' <Predicate = (state_load == 4 & !compute_launched2_load)> <Delay = 0.42>
ST_1 : Operation 208 [1/1] (0.00ns)   --->   "%br_ln212 = br void %if.end94" [Control/control.cpp:212]   --->   Operation 208 'br' 'br_ln212' <Predicate = (state_load == 4 & !compute_launched2_load)> <Delay = 0.00>
ST_1 : Operation 209 [1/1] (0.00ns)   --->   "%write_ln213 = write void @_ssdm_op_Write.ap_none.i1P0A, i1 %compute_start2, i1 0" [Control/control.cpp:213]   --->   Operation 209 'write' 'write_ln213' <Predicate = (state_load == 4 & compute_launched2_load)> <Delay = 0.00>
ST_1 : Operation 210 [1/1] (0.00ns)   --->   "%write_ln214 = write void @_ssdm_op_Write.ap_none.i1P0A, i1 %slave_start1, i1 0" [Control/control.cpp:214]   --->   Operation 210 'write' 'write_ln214' <Predicate = (state_load == 4 & compute_launched2_load)> <Delay = 0.00>
ST_1 : Operation 211 [1/1] (0.00ns)   --->   "%write_ln215 = write void @_ssdm_op_Write.ap_none.i1P0A, i1 %slave_start2, i1 0" [Control/control.cpp:215]   --->   Operation 211 'write' 'write_ln215' <Predicate = (state_load == 4 & compute_launched2_load)> <Delay = 0.00>
ST_1 : Operation 212 [1/1] (0.67ns)   --->   "%store_ln217 = store i4 7, i4 %state" [Control/control.cpp:217]   --->   Operation 212 'store' 'store_ln217' <Predicate = (state_load == 4 & compute_launched2_load)> <Delay = 0.67>
ST_1 : Operation 213 [1/1] (0.00ns)   --->   "%br_ln0 = br void %if.end94"   --->   Operation 213 'br' 'br_ln0' <Predicate = (state_load == 4 & compute_launched2_load)> <Delay = 0.00>
ST_1 : Operation 214 [1/1] (0.47ns)   --->   "%br_ln218 = br void %sw.epilog" [Control/control.cpp:218]   --->   Operation 214 'br' 'br_ln218' <Predicate = (state_load == 4)> <Delay = 0.47>
ST_1 : Operation 215 [1/1] (0.00ns)   --->   "%compute_launched_load = load i1 %compute_launched" [Control/control.cpp:190]   --->   Operation 215 'load' 'compute_launched_load' <Predicate = (state_load == 3)> <Delay = 0.00>
ST_1 : Operation 216 [1/1] (0.00ns)   --->   "%br_ln190 = br i1 %compute_launched_load, void %if.then86, void %if.else" [Control/control.cpp:190]   --->   Operation 216 'br' 'br_ln190' <Predicate = (state_load == 3)> <Delay = 0.00>
ST_1 : Operation 217 [1/1] (0.00ns)   --->   "%write_ln191 = write void @_ssdm_op_Write.ap_auto.i1P0A, i1 %phase1, i1 %i_phase1_load" [Control/control.cpp:191]   --->   Operation 217 'write' 'write_ln191' <Predicate = (state_load == 3 & !compute_launched_load)> <Delay = 0.00>
ST_1 : Operation 218 [1/1] (0.00ns)   --->   "%write_ln192 = write void @_ssdm_op_Write.ap_none.i1P0A, i1 %compute_start1, i1 1" [Control/control.cpp:192]   --->   Operation 218 'write' 'write_ln192' <Predicate = (state_load == 3 & !compute_launched_load)> <Delay = 0.00>
ST_1 : Operation 219 [1/1] (0.42ns)   --->   "%store_ln193 = store i1 1, i1 %compute_launched" [Control/control.cpp:193]   --->   Operation 219 'store' 'store_ln193' <Predicate = (state_load == 3 & !compute_launched_load)> <Delay = 0.42>
ST_1 : Operation 220 [1/1] (0.00ns)   --->   "%br_ln194 = br void %if.end88" [Control/control.cpp:194]   --->   Operation 220 'br' 'br_ln194' <Predicate = (state_load == 3 & !compute_launched_load)> <Delay = 0.00>
ST_1 : Operation 221 [1/1] (0.00ns)   --->   "%write_ln195 = write void @_ssdm_op_Write.ap_none.i1P0A, i1 %compute_start1, i1 0" [Control/control.cpp:195]   --->   Operation 221 'write' 'write_ln195' <Predicate = (state_load == 3 & compute_launched_load)> <Delay = 0.00>
ST_1 : Operation 222 [1/1] (0.47ns)   --->   "%store_ln197 = store i4 0, i4 %b_count_V" [Control/control.cpp:197]   --->   Operation 222 'store' 'store_ln197' <Predicate = (state_load == 3 & compute_launched_load)> <Delay = 0.47>
ST_1 : Operation 223 [1/1] (0.67ns)   --->   "%store_ln198 = store i4 2, i4 %state" [Control/control.cpp:198]   --->   Operation 223 'store' 'store_ln198' <Predicate = (state_load == 3 & compute_launched_load)> <Delay = 0.67>
ST_1 : Operation 224 [1/1] (0.42ns)   --->   "%store_ln199 = store i1 0, i1 %buffer_ok" [Control/control.cpp:199]   --->   Operation 224 'store' 'store_ln199' <Predicate = (state_load == 3 & compute_launched_load)> <Delay = 0.42>
ST_1 : Operation 225 [1/1] (0.00ns)   --->   "%br_ln0 = br void %if.end88"   --->   Operation 225 'br' 'br_ln0' <Predicate = (state_load == 3 & compute_launched_load)> <Delay = 0.00>
ST_1 : Operation 226 [1/1] (0.47ns)   --->   "%br_ln202 = br void %sw.epilog" [Control/control.cpp:202]   --->   Operation 226 'br' 'br_ln202' <Predicate = (state_load == 3)> <Delay = 0.47>
ST_1 : Operation 227 [1/1] (0.28ns)   --->   "%and_ln170 = and i1 %a_i_valid_read, i1 %b_i_valid_read" [Control/control.cpp:170]   --->   Operation 227 'and' 'and_ln170' <Predicate = (state_load == 2)> <Delay = 0.28> <CoreInst = "LogicGate">   --->   Core 74 'LogicGate' <Latency = 0> <II = 1> <Delay = 0.28> <FuncUnit> <Opcode : 'and' 'or' 'xor'> <InPorts = 2> <OutPorts = 1>
ST_1 : Operation 228 [1/1] (0.42ns)   --->   "%br_ln170 = br i1 %and_ln170, void %if.end77, void %land.end56" [Control/control.cpp:170]   --->   Operation 228 'br' 'br_ln170' <Predicate = (state_load == 2)> <Delay = 0.42>
ST_1 : Operation 229 [1/1] (0.42ns)   --->   "%store_ln171 = store i1 1, i1 %store_result_valid" [Control/control.cpp:171]   --->   Operation 229 'store' 'store_ln171' <Predicate = (state_load == 2 & and_ln170)> <Delay = 0.42>
ST_1 : Operation 230 [1/1] (0.00ns) (grouped into LUT with out node and_ln172)   --->   "%tmp_6 = bitselect i1 @_ssdm_op_BitSelect.i1.i4.i32, i4 %b_count_V_load, i32 3"   --->   Operation 230 'bitselect' 'tmp_6' <Predicate = (state_load == 2 & and_ln170)> <Delay = 0.00>
ST_1 : Operation 231 [1/1] (0.00ns) (grouped into LUT with out node and_ln172)   --->   "%xor_ln1027_1 = xor i1 %tmp_6, i1 1"   --->   Operation 231 'xor' 'xor_ln1027_1' <Predicate = (state_load == 2 & and_ln170)> <Delay = 0.00> <CoreInst = "LogicGate">   --->   Core 74 'LogicGate' <Latency = 0> <II = 1> <Delay = 0.28> <FuncUnit> <Opcode : 'and' 'or' 'xor'> <InPorts = 2> <OutPorts = 1>
ST_1 : Operation 232 [1/1] (0.28ns) (out node of the LUT)   --->   "%and_ln172 = and i1 %xor_ln1027_1, i1 %xor_ln109" [Control/control.cpp:172]   --->   Operation 232 'and' 'and_ln172' <Predicate = (state_load == 2 & and_ln170)> <Delay = 0.28> <CoreInst = "LogicGate">   --->   Core 74 'LogicGate' <Latency = 0> <II = 1> <Delay = 0.28> <FuncUnit> <Opcode : 'and' 'or' 'xor'> <InPorts = 2> <OutPorts = 1>
ST_1 : Operation 233 [1/1] (0.42ns)   --->   "%br_ln172 = br i1 %and_ln172, void %if.end77, void %if.then61" [Control/control.cpp:172]   --->   Operation 233 'br' 'br_ln172' <Predicate = (state_load == 2 & and_ln170)> <Delay = 0.42>
ST_1 : Operation 234 [1/1] (0.00ns)   --->   "%p_Result_1 = bitconcatenate i64 @_ssdm_op_BitConcatenate.i64.i32.i32, i32 %tmp_b_V, i32 %tmp_a_V"   --->   Operation 234 'bitconcatenate' 'p_Result_1' <Predicate = (state_load == 2 & and_ln170 & and_ln172)> <Delay = 0.00>
ST_1 : Operation 235 [1/1] (0.00ns)   --->   "%j_b_load = load i32 %j_b" [Control/control.cpp:175]   --->   Operation 235 'load' 'j_b_load' <Predicate = (state_load == 2 & and_ln170 & and_ln172)> <Delay = 0.00>
ST_1 : Operation 236 [1/1] (1.01ns)   --->   "%add_ln175 = add i32 %j_b_load, i32 1" [Control/control.cpp:175]   --->   Operation 236 'add' 'add_ln175' <Predicate = (state_load == 2 & and_ln170 & and_ln172)> <Delay = 1.01> <CoreInst = "Adder">   --->   Core 1 'Adder' <Latency = 0> <II = 1> <Delay = 1.01> <FuncUnit> <Opcode : 'add' 'sub'> <InPorts = 2> <OutPorts = 1>
ST_1 : Operation 237 [1/1] (0.42ns)   --->   "%store_ln175 = store i32 %add_ln175, i32 %j_b" [Control/control.cpp:175]   --->   Operation 237 'store' 'store_ln175' <Predicate = (state_load == 2 & and_ln170 & and_ln172)> <Delay = 0.42>
ST_1 : Operation 238 [1/1] (0.00ns)   --->   "%zext_ln175 = zext i32 %j_b_load" [Control/control.cpp:175]   --->   Operation 238 'zext' 'zext_ln175' <Predicate = (state_load == 2 & and_ln170 & and_ln172)> <Delay = 0.00>
ST_1 : Operation 239 [1/1] (0.00ns)   --->   "%buffer_1_wr1_addr = getelementptr i64 %buffer_1_wr1, i64 0, i64 %zext_ln175" [Control/control.cpp:175]   --->   Operation 239 'getelementptr' 'buffer_1_wr1_addr' <Predicate = (state_load == 2 & and_ln170 & and_ln172)> <Delay = 0.00>
ST_1 : Operation 240 [1/1] (1.23ns)   --->   "%store_ln175 = store i64 %p_Result_1, i5 %buffer_1_wr1_addr" [Control/control.cpp:175]   --->   Operation 240 'store' 'store_ln175' <Predicate = (state_load == 2 & and_ln170 & and_ln172)> <Delay = 1.23> <CoreInst = "RAM">   --->   Core 83 'RAM' <Latency = 1> <II = 1> <Delay = 1.23> <Storage> <Opcode : 'load' 'store'> <Ports = 2> <Width = 64> <Depth = 20> <RAM>
ST_1 : Operation 241 [1/1] (0.00ns)   --->   "%j2b_load = load i32 %j2b" [Control/control.cpp:176]   --->   Operation 241 'load' 'j2b_load' <Predicate = (state_load == 2 & and_ln170 & and_ln172)> <Delay = 0.00>
ST_1 : Operation 242 [1/1] (1.01ns)   --->   "%add_ln176 = add i32 %j2b_load, i32 1" [Control/control.cpp:176]   --->   Operation 242 'add' 'add_ln176' <Predicate = (state_load == 2 & and_ln170 & and_ln172)> <Delay = 1.01> <CoreInst = "Adder">   --->   Core 1 'Adder' <Latency = 0> <II = 1> <Delay = 1.01> <FuncUnit> <Opcode : 'add' 'sub'> <InPorts = 2> <OutPorts = 1>
ST_1 : Operation 243 [1/1] (0.42ns)   --->   "%store_ln176 = store i32 %add_ln176, i32 %j2b" [Control/control.cpp:176]   --->   Operation 243 'store' 'store_ln176' <Predicate = (state_load == 2 & and_ln170 & and_ln172)> <Delay = 0.42>
ST_1 : Operation 244 [1/1] (0.00ns)   --->   "%zext_ln176 = zext i32 %j2b_load" [Control/control.cpp:176]   --->   Operation 244 'zext' 'zext_ln176' <Predicate = (state_load == 2 & and_ln170 & and_ln172)> <Delay = 0.00>
ST_1 : Operation 245 [1/1] (0.00ns)   --->   "%buffer_1_wr2b_addr = getelementptr i32 %buffer_1_wr2b, i64 0, i64 %zext_ln176" [Control/control.cpp:176]   --->   Operation 245 'getelementptr' 'buffer_1_wr2b_addr' <Predicate = (state_load == 2 & and_ln170 & and_ln172)> <Delay = 0.00>
ST_1 : Operation 246 [1/1] (0.67ns)   --->   "%store_ln176 = store i32 %tmp_b_V, i5 %buffer_1_wr2b_addr" [Control/control.cpp:176]   --->   Operation 246 'store' 'store_ln176' <Predicate = (state_load == 2 & and_ln170 & and_ln172)> <Delay = 0.67> <CoreInst = "RAM">   --->   Core 83 'RAM' <Latency = 1> <II = 1> <Delay = 0.67> <Storage> <Opcode : 'load' 'store'> <Ports = 2> <Width = 32> <Depth = 20> <RAM>
ST_1 : Operation 247 [1/1] (0.00ns)   --->   "%j3a_load = load i32 %j3a" [Control/control.cpp:177]   --->   Operation 247 'load' 'j3a_load' <Predicate = (state_load == 2 & and_ln170 & and_ln172)> <Delay = 0.00>
ST_1 : Operation 248 [1/1] (1.01ns)   --->   "%add_ln177 = add i32 %j3a_load, i32 1" [Control/control.cpp:177]   --->   Operation 248 'add' 'add_ln177' <Predicate = (state_load == 2 & and_ln170 & and_ln172)> <Delay = 1.01> <CoreInst = "Adder">   --->   Core 1 'Adder' <Latency = 0> <II = 1> <Delay = 1.01> <FuncUnit> <Opcode : 'add' 'sub'> <InPorts = 2> <OutPorts = 1>
ST_1 : Operation 249 [1/1] (0.42ns)   --->   "%store_ln177 = store i32 %add_ln177, i32 %j3a" [Control/control.cpp:177]   --->   Operation 249 'store' 'store_ln177' <Predicate = (state_load == 2 & and_ln170 & and_ln172)> <Delay = 0.42>
ST_1 : Operation 250 [1/1] (0.00ns)   --->   "%zext_ln177 = zext i32 %j3a_load" [Control/control.cpp:177]   --->   Operation 250 'zext' 'zext_ln177' <Predicate = (state_load == 2 & and_ln170 & and_ln172)> <Delay = 0.00>
ST_1 : Operation 251 [1/1] (0.00ns)   --->   "%buffer_1_wr3a_addr = getelementptr i32 %buffer_1_wr3a, i64 0, i64 %zext_ln177" [Control/control.cpp:177]   --->   Operation 251 'getelementptr' 'buffer_1_wr3a_addr' <Predicate = (state_load == 2 & and_ln170 & and_ln172)> <Delay = 0.00>
ST_1 : Operation 252 [1/1] (0.67ns)   --->   "%store_ln177 = store i32 %tmp_a_V, i5 %buffer_1_wr3a_addr" [Control/control.cpp:177]   --->   Operation 252 'store' 'store_ln177' <Predicate = (state_load == 2 & and_ln170 & and_ln172)> <Delay = 0.67> <CoreInst = "RAM">   --->   Core 83 'RAM' <Latency = 1> <II = 1> <Delay = 0.67> <Storage> <Opcode : 'load' 'store'> <Ports = 2> <Width = 32> <Depth = 20> <RAM>
ST_1 : Operation 253 [1/1] (0.79ns)   --->   "%add_ln840_3 = add i4 %b_count_V_load, i4 1"   --->   Operation 253 'add' 'add_ln840_3' <Predicate = (state_load == 2 & and_ln170 & and_ln172)> <Delay = 0.79> <CoreInst = "Adder">   --->   Core 1 'Adder' <Latency = 0> <II = 1> <Delay = 0.79> <FuncUnit> <Opcode : 'add' 'sub'> <InPorts = 2> <OutPorts = 1>
ST_1 : Operation 254 [1/1] (0.47ns)   --->   "%store_ln840 = store i4 %add_ln840_3, i4 %b_count_V"   --->   Operation 254 'store' 'store_ln840' <Predicate = (state_load == 2 & and_ln170 & and_ln172)> <Delay = 0.47>
ST_1 : Operation 255 [1/1] (0.42ns)   --->   "%br_ln179 = br void %if.end77" [Control/control.cpp:179]   --->   Operation 255 'br' 'br_ln179' <Predicate = (state_load == 2 & and_ln170 & and_ln172)> <Delay = 0.42>
ST_1 : Operation 256 [1/1] (0.00ns)   --->   "%b_count_V_loc_3 = phi i4 %b_count_V_load, void %sw.bb48, i4 %add_ln840_3, void %if.then61, i4 %b_count_V_load, void %land.end56"   --->   Operation 256 'phi' 'b_count_V_loc_3' <Predicate = (state_load == 2)> <Delay = 0.00>
ST_1 : Operation 257 [1/1] (0.00ns)   --->   "%tmp_11 = bitselect i1 @_ssdm_op_BitSelect.i1.i4.i32, i4 %b_count_V_loc_3, i32 3"   --->   Operation 257 'bitselect' 'tmp_11' <Predicate = (state_load == 2)> <Delay = 0.00>
ST_1 : Operation 258 [1/1] (0.75ns)   --->   "%icmp_ln1019_1 = icmp_eq  i5 %shift_read, i5 1"   --->   Operation 258 'icmp' 'icmp_ln1019_1' <Predicate = (state_load == 2)> <Delay = 0.75> <CoreInst = "Cmp">   --->   Core 9 'Cmp' <Latency = 0> <II = 1> <Delay = 0.75> <FuncUnit> <Opcode : 'icmp'> <InPorts = 2> <OutPorts = 1>
ST_1 : Operation 259 [1/1] (0.28ns)   --->   "%and_ln181 = and i1 %tmp_11, i1 %icmp_ln1019_1" [Control/control.cpp:181]   --->   Operation 259 'and' 'and_ln181' <Predicate = (state_load == 2)> <Delay = 0.28> <CoreInst = "LogicGate">   --->   Core 74 'LogicGate' <Latency = 0> <II = 1> <Delay = 0.28> <FuncUnit> <Opcode : 'and' 'or' 'xor'> <InPorts = 2> <OutPorts = 1>
ST_1 : Operation 260 [1/1] (0.00ns)   --->   "%br_ln181 = br i1 %and_ln181, void %if.end82, void %if.then81" [Control/control.cpp:181]   --->   Operation 260 'br' 'br_ln181' <Predicate = (state_load == 2)> <Delay = 0.00>
ST_1 : Operation 261 [1/1] (0.42ns)   --->   "%store_ln182 = store i1 1, i1 %buffer_ok" [Control/control.cpp:182]   --->   Operation 261 'store' 'store_ln182' <Predicate = (state_load == 2 & and_ln181)> <Delay = 0.42>
ST_1 : Operation 262 [1/1] (0.67ns)   --->   "%store_ln183 = store i4 4, i4 %state" [Control/control.cpp:183]   --->   Operation 262 'store' 'store_ln183' <Predicate = (state_load == 2 & and_ln181)> <Delay = 0.67>
ST_1 : Operation 263 [1/1] (0.00ns)   --->   "%br_ln184 = br void %if.end82" [Control/control.cpp:184]   --->   Operation 263 'br' 'br_ln184' <Predicate = (state_load == 2 & and_ln181)> <Delay = 0.00>
ST_1 : Operation 264 [1/1] (0.47ns)   --->   "%br_ln185 = br void %sw.epilog" [Control/control.cpp:185]   --->   Operation 264 'br' 'br_ln185' <Predicate = (state_load == 2)> <Delay = 0.47>
ST_1 : Operation 265 [1/1] (0.28ns)   --->   "%and_ln152 = and i1 %a_i_valid_read, i1 %b_i_valid_read" [Control/control.cpp:152]   --->   Operation 265 'and' 'and_ln152' <Predicate = (state_load == 1)> <Delay = 0.28> <CoreInst = "LogicGate">   --->   Core 74 'LogicGate' <Latency = 0> <II = 1> <Delay = 0.28> <FuncUnit> <Opcode : 'and' 'or' 'xor'> <InPorts = 2> <OutPorts = 1>
ST_1 : Operation 266 [1/1] (0.42ns)   --->   "%br_ln152 = br i1 %and_ln152, void %if.end42, void %land.end" [Control/control.cpp:152]   --->   Operation 266 'br' 'br_ln152' <Predicate = (state_load == 1)> <Delay = 0.42>
ST_1 : Operation 267 [1/1] (0.42ns)   --->   "%store_ln153 = store i1 1, i1 %store_result_valid" [Control/control.cpp:153]   --->   Operation 267 'store' 'store_ln153' <Predicate = (state_load == 1 & and_ln152)> <Delay = 0.42>
ST_1 : Operation 268 [1/1] (0.00ns) (grouped into LUT with out node and_ln154)   --->   "%tmp_4 = bitselect i1 @_ssdm_op_BitSelect.i1.i4.i32, i4 %b_count_V_load, i32 3"   --->   Operation 268 'bitselect' 'tmp_4' <Predicate = (state_load == 1 & and_ln152)> <Delay = 0.00>
ST_1 : Operation 269 [1/1] (0.00ns) (grouped into LUT with out node and_ln154)   --->   "%xor_ln1027 = xor i1 %tmp_4, i1 1"   --->   Operation 269 'xor' 'xor_ln1027' <Predicate = (state_load == 1 & and_ln152)> <Delay = 0.00> <CoreInst = "LogicGate">   --->   Core 74 'LogicGate' <Latency = 0> <II = 1> <Delay = 0.28> <FuncUnit> <Opcode : 'and' 'or' 'xor'> <InPorts = 2> <OutPorts = 1>
ST_1 : Operation 270 [1/1] (0.28ns) (out node of the LUT)   --->   "%and_ln154 = and i1 %xor_ln1027, i1 %xor_ln109" [Control/control.cpp:154]   --->   Operation 270 'and' 'and_ln154' <Predicate = (state_load == 1 & and_ln152)> <Delay = 0.28> <CoreInst = "LogicGate">   --->   Core 74 'LogicGate' <Latency = 0> <II = 1> <Delay = 0.28> <FuncUnit> <Opcode : 'and' 'or' 'xor'> <InPorts = 2> <OutPorts = 1>
ST_1 : Operation 271 [1/1] (0.42ns)   --->   "%br_ln154 = br i1 %and_ln154, void %if.end42, void %if.then31" [Control/control.cpp:154]   --->   Operation 271 'br' 'br_ln154' <Predicate = (state_load == 1 & and_ln152)> <Delay = 0.42>
ST_1 : Operation 272 [1/1] (0.00ns)   --->   "%p_Result_s = bitconcatenate i64 @_ssdm_op_BitConcatenate.i64.i32.i32, i32 %tmp_b_V, i32 %tmp_a_V"   --->   Operation 272 'bitconcatenate' 'p_Result_s' <Predicate = (state_load == 1 & and_ln152 & and_ln154)> <Delay = 0.00>
ST_1 : Operation 273 [1/1] (0.00ns)   --->   "%j_a_load = load i32 %j_a" [Control/control.cpp:157]   --->   Operation 273 'load' 'j_a_load' <Predicate = (state_load == 1 & and_ln152 & and_ln154)> <Delay = 0.00>
ST_1 : Operation 274 [1/1] (1.01ns)   --->   "%add_ln157 = add i32 %j_a_load, i32 1" [Control/control.cpp:157]   --->   Operation 274 'add' 'add_ln157' <Predicate = (state_load == 1 & and_ln152 & and_ln154)> <Delay = 1.01> <CoreInst = "Adder">   --->   Core 1 'Adder' <Latency = 0> <II = 1> <Delay = 1.01> <FuncUnit> <Opcode : 'add' 'sub'> <InPorts = 2> <OutPorts = 1>
ST_1 : Operation 275 [1/1] (0.42ns)   --->   "%store_ln157 = store i32 %add_ln157, i32 %j_a" [Control/control.cpp:157]   --->   Operation 275 'store' 'store_ln157' <Predicate = (state_load == 1 & and_ln152 & and_ln154)> <Delay = 0.42>
ST_1 : Operation 276 [1/1] (0.00ns)   --->   "%zext_ln157 = zext i32 %j_a_load" [Control/control.cpp:157]   --->   Operation 276 'zext' 'zext_ln157' <Predicate = (state_load == 1 & and_ln152 & and_ln154)> <Delay = 0.00>
ST_1 : Operation 277 [1/1] (0.00ns)   --->   "%buffer_1_wr_addr = getelementptr i64 %buffer_1_wr, i64 0, i64 %zext_ln157" [Control/control.cpp:157]   --->   Operation 277 'getelementptr' 'buffer_1_wr_addr' <Predicate = (state_load == 1 & and_ln152 & and_ln154)> <Delay = 0.00>
ST_1 : Operation 278 [1/1] (1.23ns)   --->   "%store_ln157 = store i64 %p_Result_s, i5 %buffer_1_wr_addr" [Control/control.cpp:157]   --->   Operation 278 'store' 'store_ln157' <Predicate = (state_load == 1 & and_ln152 & and_ln154)> <Delay = 1.23> <CoreInst = "RAM">   --->   Core 83 'RAM' <Latency = 1> <II = 1> <Delay = 1.23> <Storage> <Opcode : 'load' 'store'> <Ports = 2> <Width = 64> <Depth = 20> <RAM>
ST_1 : Operation 279 [1/1] (0.00ns)   --->   "%j2a_load = load i32 %j2a" [Control/control.cpp:158]   --->   Operation 279 'load' 'j2a_load' <Predicate = (state_load == 1 & and_ln152 & and_ln154)> <Delay = 0.00>
ST_1 : Operation 280 [1/1] (1.01ns)   --->   "%add_ln158 = add i32 %j2a_load, i32 1" [Control/control.cpp:158]   --->   Operation 280 'add' 'add_ln158' <Predicate = (state_load == 1 & and_ln152 & and_ln154)> <Delay = 1.01> <CoreInst = "Adder">   --->   Core 1 'Adder' <Latency = 0> <II = 1> <Delay = 1.01> <FuncUnit> <Opcode : 'add' 'sub'> <InPorts = 2> <OutPorts = 1>
ST_1 : Operation 281 [1/1] (0.42ns)   --->   "%store_ln158 = store i32 %add_ln158, i32 %j2a" [Control/control.cpp:158]   --->   Operation 281 'store' 'store_ln158' <Predicate = (state_load == 1 & and_ln152 & and_ln154)> <Delay = 0.42>
ST_1 : Operation 282 [1/1] (0.00ns)   --->   "%zext_ln158 = zext i32 %j2a_load" [Control/control.cpp:158]   --->   Operation 282 'zext' 'zext_ln158' <Predicate = (state_load == 1 & and_ln152 & and_ln154)> <Delay = 0.00>
ST_1 : Operation 283 [1/1] (0.00ns)   --->   "%buffer_1_wr2a_addr = getelementptr i32 %buffer_1_wr2a, i64 0, i64 %zext_ln158" [Control/control.cpp:158]   --->   Operation 283 'getelementptr' 'buffer_1_wr2a_addr' <Predicate = (state_load == 1 & and_ln152 & and_ln154)> <Delay = 0.00>
ST_1 : Operation 284 [1/1] (0.67ns)   --->   "%store_ln158 = store i32 %tmp_a_V, i5 %buffer_1_wr2a_addr" [Control/control.cpp:158]   --->   Operation 284 'store' 'store_ln158' <Predicate = (state_load == 1 & and_ln152 & and_ln154)> <Delay = 0.67> <CoreInst = "RAM">   --->   Core 83 'RAM' <Latency = 1> <II = 1> <Delay = 0.67> <Storage> <Opcode : 'load' 'store'> <Ports = 2> <Width = 32> <Depth = 20> <RAM>
ST_1 : Operation 285 [1/1] (0.00ns)   --->   "%j3b_load = load i32 %j3b" [Control/control.cpp:159]   --->   Operation 285 'load' 'j3b_load' <Predicate = (state_load == 1 & and_ln152 & and_ln154)> <Delay = 0.00>
ST_1 : Operation 286 [1/1] (1.01ns)   --->   "%add_ln159 = add i32 %j3b_load, i32 1" [Control/control.cpp:159]   --->   Operation 286 'add' 'add_ln159' <Predicate = (state_load == 1 & and_ln152 & and_ln154)> <Delay = 1.01> <CoreInst = "Adder">   --->   Core 1 'Adder' <Latency = 0> <II = 1> <Delay = 1.01> <FuncUnit> <Opcode : 'add' 'sub'> <InPorts = 2> <OutPorts = 1>
ST_1 : Operation 287 [1/1] (0.42ns)   --->   "%store_ln159 = store i32 %add_ln159, i32 %j3b" [Control/control.cpp:159]   --->   Operation 287 'store' 'store_ln159' <Predicate = (state_load == 1 & and_ln152 & and_ln154)> <Delay = 0.42>
ST_1 : Operation 288 [1/1] (0.00ns)   --->   "%zext_ln159 = zext i32 %j3b_load" [Control/control.cpp:159]   --->   Operation 288 'zext' 'zext_ln159' <Predicate = (state_load == 1 & and_ln152 & and_ln154)> <Delay = 0.00>
ST_1 : Operation 289 [1/1] (0.00ns)   --->   "%buffer_1_wr3b_addr = getelementptr i32 %buffer_1_wr3b, i64 0, i64 %zext_ln159" [Control/control.cpp:159]   --->   Operation 289 'getelementptr' 'buffer_1_wr3b_addr' <Predicate = (state_load == 1 & and_ln152 & and_ln154)> <Delay = 0.00>
ST_1 : Operation 290 [1/1] (0.67ns)   --->   "%store_ln159 = store i32 %tmp_b_V, i5 %buffer_1_wr3b_addr" [Control/control.cpp:159]   --->   Operation 290 'store' 'store_ln159' <Predicate = (state_load == 1 & and_ln152 & and_ln154)> <Delay = 0.67> <CoreInst = "RAM">   --->   Core 83 'RAM' <Latency = 1> <II = 1> <Delay = 0.67> <Storage> <Opcode : 'load' 'store'> <Ports = 2> <Width = 32> <Depth = 20> <RAM>
ST_1 : Operation 291 [1/1] (0.79ns)   --->   "%add_ln840_2 = add i4 %b_count_V_load, i4 1"   --->   Operation 291 'add' 'add_ln840_2' <Predicate = (state_load == 1 & and_ln152 & and_ln154)> <Delay = 0.79> <CoreInst = "Adder">   --->   Core 1 'Adder' <Latency = 0> <II = 1> <Delay = 0.79> <FuncUnit> <Opcode : 'add' 'sub'> <InPorts = 2> <OutPorts = 1>
ST_1 : Operation 292 [1/1] (0.47ns)   --->   "%store_ln840 = store i4 %add_ln840_2, i4 %b_count_V"   --->   Operation 292 'store' 'store_ln840' <Predicate = (state_load == 1 & and_ln152 & and_ln154)> <Delay = 0.47>
ST_1 : Operation 293 [1/1] (0.42ns)   --->   "%br_ln161 = br void %if.end42" [Control/control.cpp:161]   --->   Operation 293 'br' 'br_ln161' <Predicate = (state_load == 1 & and_ln152 & and_ln154)> <Delay = 0.42>
ST_1 : Operation 294 [1/1] (0.00ns)   --->   "%b_count_V_loc_1 = phi i4 %b_count_V_load, void %sw.bb24, i4 %add_ln840_2, void %if.then31, i4 %b_count_V_load, void %land.end"   --->   Operation 294 'phi' 'b_count_V_loc_1' <Predicate = (state_load == 1)> <Delay = 0.00>
ST_1 : Operation 295 [1/1] (0.00ns)   --->   "%tmp_9 = bitselect i1 @_ssdm_op_BitSelect.i1.i4.i32, i4 %b_count_V_loc_1, i32 3"   --->   Operation 295 'bitselect' 'tmp_9' <Predicate = (state_load == 1)> <Delay = 0.00>
ST_1 : Operation 296 [1/1] (0.75ns)   --->   "%icmp_ln1019 = icmp_eq  i5 %shift_read, i5 1"   --->   Operation 296 'icmp' 'icmp_ln1019' <Predicate = (state_load == 1)> <Delay = 0.75> <CoreInst = "Cmp">   --->   Core 9 'Cmp' <Latency = 0> <II = 1> <Delay = 0.75> <FuncUnit> <Opcode : 'icmp'> <InPorts = 2> <OutPorts = 1>
ST_1 : Operation 297 [1/1] (0.28ns)   --->   "%and_ln163 = and i1 %tmp_9, i1 %icmp_ln1019" [Control/control.cpp:163]   --->   Operation 297 'and' 'and_ln163' <Predicate = (state_load == 1)> <Delay = 0.28> <CoreInst = "LogicGate">   --->   Core 74 'LogicGate' <Latency = 0> <II = 1> <Delay = 0.28> <FuncUnit> <Opcode : 'and' 'or' 'xor'> <InPorts = 2> <OutPorts = 1>
ST_1 : Operation 298 [1/1] (0.00ns)   --->   "%br_ln163 = br i1 %and_ln163, void %if.end47, void %if.then46" [Control/control.cpp:163]   --->   Operation 298 'br' 'br_ln163' <Predicate = (state_load == 1)> <Delay = 0.00>
ST_1 : Operation 299 [1/1] (0.42ns)   --->   "%store_ln164 = store i1 1, i1 %buffer_ok" [Control/control.cpp:164]   --->   Operation 299 'store' 'store_ln164' <Predicate = (state_load == 1 & and_ln163)> <Delay = 0.42>
ST_1 : Operation 300 [1/1] (0.67ns)   --->   "%store_ln165 = store i4 3, i4 %state" [Control/control.cpp:165]   --->   Operation 300 'store' 'store_ln165' <Predicate = (state_load == 1 & and_ln163)> <Delay = 0.67>
ST_1 : Operation 301 [1/1] (0.00ns)   --->   "%br_ln166 = br void %if.end47" [Control/control.cpp:166]   --->   Operation 301 'br' 'br_ln166' <Predicate = (state_load == 1 & and_ln163)> <Delay = 0.00>
ST_1 : Operation 302 [1/1] (0.47ns)   --->   "%br_ln167 = br void %sw.epilog" [Control/control.cpp:167]   --->   Operation 302 'br' 'br_ln167' <Predicate = (state_load == 1)> <Delay = 0.47>
ST_1 : Operation 303 [1/1] (0.47ns)   --->   "%br_ln117 = br i1 %clear_read, void %sw.epilog, void %if.then" [Control/control.cpp:117]   --->   Operation 303 'br' 'br_ln117' <Predicate = (state_load == 0)> <Delay = 0.47>
ST_1 : Operation 304 [1/1] (0.42ns)   --->   "%store_ln118 = store i32 0, i32 %j_a" [Control/control.cpp:118]   --->   Operation 304 'store' 'store_ln118' <Predicate = (state_load == 0 & clear_read)> <Delay = 0.42>
ST_1 : Operation 305 [1/1] (0.42ns)   --->   "%store_ln119 = store i32 0, i32 %j_b" [Control/control.cpp:119]   --->   Operation 305 'store' 'store_ln119' <Predicate = (state_load == 0 & clear_read)> <Delay = 0.42>
ST_1 : Operation 306 [1/1] (0.42ns)   --->   "%store_ln120 = store i32 0, i32 %j2a" [Control/control.cpp:120]   --->   Operation 306 'store' 'store_ln120' <Predicate = (state_load == 0 & clear_read)> <Delay = 0.42>
ST_1 : Operation 307 [1/1] (0.42ns)   --->   "%store_ln121 = store i32 0, i32 %j2b" [Control/control.cpp:121]   --->   Operation 307 'store' 'store_ln121' <Predicate = (state_load == 0 & clear_read)> <Delay = 0.42>
ST_1 : Operation 308 [1/1] (0.42ns)   --->   "%store_ln122 = store i32 0, i32 %j3a" [Control/control.cpp:122]   --->   Operation 308 'store' 'store_ln122' <Predicate = (state_load == 0 & clear_read)> <Delay = 0.42>
ST_1 : Operation 309 [1/1] (0.42ns)   --->   "%store_ln123 = store i32 0, i32 %j3b" [Control/control.cpp:123]   --->   Operation 309 'store' 'store_ln123' <Predicate = (state_load == 0 & clear_read)> <Delay = 0.42>
ST_1 : Operation 310 [1/1] (0.47ns)   --->   "%store_ln124 = store i4 0, i4 %b_count_V" [Control/control.cpp:124]   --->   Operation 310 'store' 'store_ln124' <Predicate = (state_load == 0 & clear_read)> <Delay = 0.47>
ST_1 : Operation 311 [1/1] (0.42ns)   --->   "%store_ln125 = store i1 0, i1 %buffer_ok" [Control/control.cpp:125]   --->   Operation 311 'store' 'store_ln125' <Predicate = (state_load == 0 & clear_read)> <Delay = 0.42>
ST_1 : Operation 312 [1/1] (0.57ns)   --->   "%store_ln126 = store i14 0, i14 %r_cnt_V" [Control/control.cpp:126]   --->   Operation 312 'store' 'store_ln126' <Predicate = (state_load == 0 & clear_read)> <Delay = 0.57>
ST_1 : Operation 313 [1/1] (0.42ns)   --->   "%store_ln127 = store i32 0, i32 %r_acc_V" [Control/control.cpp:127]   --->   Operation 313 'store' 'store_ln127' <Predicate = (state_load == 0 & clear_read)> <Delay = 0.42>
ST_1 : Operation 314 [1/1] (0.57ns)   --->   "%store_ln129 = store i32 0, i32 %i" [Control/control.cpp:129]   --->   Operation 314 'store' 'store_ln129' <Predicate = (state_load == 0 & clear_read)> <Delay = 0.57>
ST_1 : Operation 315 [1/1] (0.42ns)   --->   "%store_ln130 = store i1 0, i1 %store_result_valid" [Control/control.cpp:130]   --->   Operation 315 'store' 'store_ln130' <Predicate = (state_load == 0 & clear_read)> <Delay = 0.42>
ST_1 : Operation 316 [1/1] (0.42ns)   --->   "%store_ln133 = store i1 0, i1 %compute_launched" [Control/control.cpp:133]   --->   Operation 316 'store' 'store_ln133' <Predicate = (state_load == 0 & clear_read)> <Delay = 0.42>
ST_1 : Operation 317 [1/1] (0.00ns)   --->   "%write_ln134 = write void @_ssdm_op_Write.ap_none.i1P0A, i1 %compute_start1, i1 0" [Control/control.cpp:134]   --->   Operation 317 'write' 'write_ln134' <Predicate = (state_load == 0 & clear_read)> <Delay = 0.00>
ST_1 : Operation 318 [1/1] (0.42ns)   --->   "%store_ln135 = store i1 0, i1 %compute_launched2" [Control/control.cpp:135]   --->   Operation 318 'store' 'store_ln135' <Predicate = (state_load == 0 & clear_read)> <Delay = 0.42>
ST_1 : Operation 319 [1/1] (0.00ns)   --->   "%write_ln136 = write void @_ssdm_op_Write.ap_none.i1P0A, i1 %compute_start2, i1 0" [Control/control.cpp:136]   --->   Operation 319 'write' 'write_ln136' <Predicate = (state_load == 0 & clear_read)> <Delay = 0.00>
ST_1 : Operation 320 [1/1] (0.00ns)   --->   "%write_ln138 = write void @_ssdm_op_Write.ap_none.i1P0A, i1 %slave_start1, i1 0" [Control/control.cpp:138]   --->   Operation 320 'write' 'write_ln138' <Predicate = (state_load == 0 & clear_read)> <Delay = 0.00>
ST_1 : Operation 321 [1/1] (0.00ns)   --->   "%write_ln139 = write void @_ssdm_op_Write.ap_none.i1P0A, i1 %slave_start2, i1 0" [Control/control.cpp:139]   --->   Operation 321 'write' 'write_ln139' <Predicate = (state_load == 0 & clear_read)> <Delay = 0.00>
ST_1 : Operation 322 [1/1] (0.67ns)   --->   "%store_ln141 = store i4 1, i4 %state" [Control/control.cpp:141]   --->   Operation 322 'store' 'store_ln141' <Predicate = (state_load == 0 & clear_read)> <Delay = 0.67>
ST_1 : Operation 323 [1/1] (0.42ns)   --->   "%store_ln146 = store i1 0, i1 %i_phase1" [Control/control.cpp:146]   --->   Operation 323 'store' 'store_ln146' <Predicate = (state_load == 0 & clear_read)> <Delay = 0.42>
ST_1 : Operation 324 [1/1] (0.42ns)   --->   "%store_ln147 = store i1 0, i1 %i_phase2" [Control/control.cpp:147]   --->   Operation 324 'store' 'store_ln147' <Predicate = (state_load == 0 & clear_read)> <Delay = 0.42>
ST_1 : Operation 325 [1/1] (0.47ns)   --->   "%br_ln148 = br void %sw.epilog" [Control/control.cpp:148]   --->   Operation 325 'br' 'br_ln148' <Predicate = (state_load == 0 & clear_read)> <Delay = 0.47>
ST_1 : Operation 326 [1/1] (0.00ns)   --->   "%r_acc_valid_flag_2 = phi i1 0, void %entry, i1 1, void %if.end153, i1 0, void %if.end94, i1 0, void %if.end88, i1 0, void %if.end82, i1 0, void %if.end47, i1 1, void %if.then, i1 0, void %sw.bb, i1 0, void %if.then102, i1 0, void %if.end108, i1 0, void %land.lhs.true98, i1 0, void %land.lhs.true97, i1 0, void %land.lhs.true96, i1 0, void %sw.bb95"   --->   Operation 326 'phi' 'r_acc_valid_flag_2' <Predicate = true> <Delay = 0.00>
ST_1 : Operation 327 [1/1] (0.00ns)   --->   "%phi_ln186 = phi i11 %trunc_ln222, void %entry, i11 %trunc_ln269, void %if.end153, i11 %trunc_ln222, void %if.end94, i11 %trunc_ln222, void %if.end88, i11 %trunc_ln222, void %if.end82, i11 %trunc_ln222, void %if.end47, i11 0, void %if.then, i11 %trunc_ln222, void %sw.bb, i11 %trunc_ln222, void %if.then102, i11 %trunc_ln222, void %if.end108, i11 %trunc_ln222, void %land.lhs.true98, i11 %trunc_ln222, void %land.lhs.true97, i11 %trunc_ln222, void %land.lhs.true96, i11 %trunc_ln222, void %sw.bb95"   --->   Operation 327 'phi' 'phi_ln186' <Predicate = true> <Delay = 0.00>
ST_1 : Operation 328 [1/1] (0.00ns)   --->   "%done1_seen_flag_2 = phi i1 0, void %entry, i1 0, void %if.end153, i1 0, void %if.end94, i1 0, void %if.end88, i1 0, void %if.end82, i1 0, void %if.end47, i1 1, void %if.then, i1 0, void %sw.bb, i1 1, void %if.then102, i1 0, void %if.end108, i1 0, void %land.lhs.true98, i1 0, void %land.lhs.true97, i1 0, void %land.lhs.true96, i1 0, void %sw.bb95"   --->   Operation 328 'phi' 'done1_seen_flag_2' <Predicate = true> <Delay = 0.00>
ST_1 : Operation 329 [1/1] (0.00ns)   --->   "%empty = phi i1 %r_acc_valid_load, void %entry, i1 1, void %if.end153, i1 %r_acc_valid_load, void %if.end94, i1 %r_acc_valid_load, void %if.end88, i1 %r_acc_valid_load, void %if.end82, i1 %r_acc_valid_load, void %if.end47, i1 0, void %if.then, i1 %r_acc_valid_load, void %sw.bb, i1 %r_acc_valid_load, void %if.then102, i1 %r_acc_valid_load, void %if.end108, i1 %r_acc_valid_load, void %land.lhs.true98, i1 %r_acc_valid_load, void %land.lhs.true97, i1 %r_acc_valid_load, void %land.lhs.true96, i1 %r_acc_valid_load, void %sw.bb95" [Control/control.cpp:112]   --->   Operation 329 'phi' 'empty' <Predicate = true> <Delay = 0.00>
ST_1 : Operation 330 [1/1] (0.00ns)   --->   "%br_ln0 = br i1 %r_acc_valid_flag_2, void %sw.epilog.new, void %mergeST"   --->   Operation 330 'br' 'br_ln0' <Predicate = true> <Delay = 0.00>
ST_1 : Operation 331 [1/1] (0.00ns)   --->   "%store_ln128 = store i1 %empty, i1 %r_acc_valid" [Control/control.cpp:128]   --->   Operation 331 'store' 'store_ln128' <Predicate = (r_acc_valid_flag_2)> <Delay = 0.00>
ST_1 : Operation 332 [1/1] (0.00ns)   --->   "%br_ln0 = br void %sw.epilog.new"   --->   Operation 332 'br' 'br_ln0' <Predicate = (r_acc_valid_flag_2)> <Delay = 0.00>
ST_1 : Operation 333 [1/1] (0.28ns)   --->   "%or_ln294 = or i1 %done1_seen_flag_2, i1 %compute_done1_read" [Control/control.cpp:294]   --->   Operation 333 'or' 'or_ln294' <Predicate = true> <Delay = 0.28> <CoreInst = "LogicGate">   --->   Core 74 'LogicGate' <Latency = 0> <II = 1> <Delay = 0.28> <FuncUnit> <Opcode : 'and' 'or' 'xor'> <InPorts = 2> <OutPorts = 1>
ST_1 : Operation 334 [1/1] (0.00ns)   --->   "%br_ln294 = br i1 %or_ln294, void %if.end155.new, void %mergeST1" [Control/control.cpp:294]   --->   Operation 334 'br' 'br_ln294' <Predicate = true> <Delay = 0.00>
ST_1 : Operation 335 [1/1] (0.00ns)   --->   "%store_ln142 = store i1 %compute_done1_read, i1 %done1_seen" [Control/control.cpp:142]   --->   Operation 335 'store' 'store_ln142' <Predicate = (or_ln294)> <Delay = 0.00>
ST_1 : Operation 336 [1/1] (0.00ns)   --->   "%br_ln0 = br void %if.end155.new"   --->   Operation 336 'br' 'br_ln0' <Predicate = (or_ln294)> <Delay = 0.00>
ST_1 : Operation 337 [1/1] (0.28ns)   --->   "%or_ln295 = or i1 %done1_seen_flag_2, i1 %compute_done2_read" [Control/control.cpp:295]   --->   Operation 337 'or' 'or_ln295' <Predicate = true> <Delay = 0.28> <CoreInst = "LogicGate">   --->   Core 74 'LogicGate' <Latency = 0> <II = 1> <Delay = 0.28> <FuncUnit> <Opcode : 'and' 'or' 'xor'> <InPorts = 2> <OutPorts = 1>
ST_1 : Operation 338 [1/1] (0.00ns)   --->   "%br_ln295 = br i1 %or_ln295, void %if.end157.new, void %mergeST2" [Control/control.cpp:295]   --->   Operation 338 'br' 'br_ln295' <Predicate = true> <Delay = 0.00>
ST_1 : Operation 339 [1/1] (0.00ns)   --->   "%store_ln143 = store i1 %compute_done2_read, i1 %done2_seen" [Control/control.cpp:143]   --->   Operation 339 'store' 'store_ln143' <Predicate = (or_ln295)> <Delay = 0.00>
ST_1 : Operation 340 [1/1] (0.00ns)   --->   "%br_ln0 = br void %if.end157.new"   --->   Operation 340 'br' 'br_ln0' <Predicate = (or_ln295)> <Delay = 0.00>
ST_1 : Operation 341 [1/1] (0.28ns)   --->   "%or_ln296 = or i1 %done1_seen_flag_2, i1 %slave_done1_read" [Control/control.cpp:296]   --->   Operation 341 'or' 'or_ln296' <Predicate = true> <Delay = 0.28> <CoreInst = "LogicGate">   --->   Core 74 'LogicGate' <Latency = 0> <II = 1> <Delay = 0.28> <FuncUnit> <Opcode : 'and' 'or' 'xor'> <InPorts = 2> <OutPorts = 1>
ST_1 : Operation 342 [1/1] (0.00ns)   --->   "%br_ln296 = br i1 %or_ln296, void %if.end159.new, void %mergeST3" [Control/control.cpp:296]   --->   Operation 342 'br' 'br_ln296' <Predicate = true> <Delay = 0.00>
ST_1 : Operation 343 [1/1] (0.00ns)   --->   "%store_ln144 = store i1 %slave_done1_read, i1 %slave_done1_seen" [Control/control.cpp:144]   --->   Operation 343 'store' 'store_ln144' <Predicate = (or_ln296)> <Delay = 0.00>
ST_1 : Operation 344 [1/1] (0.00ns)   --->   "%br_ln0 = br void %if.end159.new"   --->   Operation 344 'br' 'br_ln0' <Predicate = (or_ln296)> <Delay = 0.00>
ST_1 : Operation 345 [1/1] (0.28ns)   --->   "%or_ln297 = or i1 %done1_seen_flag_2, i1 %slave_done2_read" [Control/control.cpp:297]   --->   Operation 345 'or' 'or_ln297' <Predicate = true> <Delay = 0.28> <CoreInst = "LogicGate">   --->   Core 74 'LogicGate' <Latency = 0> <II = 1> <Delay = 0.28> <FuncUnit> <Opcode : 'and' 'or' 'xor'> <InPorts = 2> <OutPorts = 1>
ST_1 : Operation 346 [1/1] (0.00ns)   --->   "%store_result_valid_load = load i1 %store_result_valid" [Control/control.cpp:301]   --->   Operation 346 'load' 'store_result_valid_load' <Predicate = true> <Delay = 0.00>
ST_1 : Operation 347 [1/1] (0.00ns) (grouped into LUT with out node or_ln301)   --->   "%and_ln301 = and i1 %r_acc_valid_load, i1 %store_result_valid_load" [Control/control.cpp:301]   --->   Operation 347 'and' 'and_ln301' <Predicate = true> <Delay = 0.00> <CoreInst = "LogicGate">   --->   Core 74 'LogicGate' <Latency = 0> <II = 1> <Delay = 0.28> <FuncUnit> <Opcode : 'and' 'or' 'xor'> <InPorts = 2> <OutPorts = 1>
ST_1 : Operation 348 [1/1] (0.00ns) (grouped into LUT with out node or_ln301)   --->   "%xor_ln301 = xor i1 %and_ln301, i1 1" [Control/control.cpp:301]   --->   Operation 348 'xor' 'xor_ln301' <Predicate = true> <Delay = 0.00> <CoreInst = "LogicGate">   --->   Core 74 'LogicGate' <Latency = 0> <II = 1> <Delay = 0.28> <FuncUnit> <Opcode : 'and' 'or' 'xor'> <InPorts = 2> <OutPorts = 1>
ST_1 : Operation 349 [1/1] (0.28ns) (out node of the LUT)   --->   "%or_ln301 = or i1 %d_o_ready_read, i1 %xor_ln301" [Control/control.cpp:301]   --->   Operation 349 'or' 'or_ln301' <Predicate = true> <Delay = 0.28> <CoreInst = "LogicGate">   --->   Core 74 'LogicGate' <Latency = 0> <II = 1> <Delay = 0.28> <FuncUnit> <Opcode : 'and' 'or' 'xor'> <InPorts = 2> <OutPorts = 1>
ST_1 : Operation 350 [1/1] (0.00ns)   --->   "%store_ln301 = store i1 %or_ln301, i1 %store_result_ready" [Control/control.cpp:301]   --->   Operation 350 'store' 'store_ln301' <Predicate = true> <Delay = 0.00>
ST_1 : Operation 351 [1/1] (0.00ns)   --->   "%r_acc_V_load = load i32 %r_acc_V" [Control/control.cpp:303]   --->   Operation 351 'load' 'r_acc_V_load' <Predicate = true> <Delay = 0.00>
ST_1 : Operation 352 [1/1] (0.00ns)   --->   "%write_ln303 = write void @_ssdm_op_Write.ap_none.i32P0A, i32 %d_o_data, i32 %r_acc_V_load" [Control/control.cpp:303]   --->   Operation 352 'write' 'write_ln303' <Predicate = true> <Delay = 0.00>
ST_1 : Operation 353 [1/1] (0.28ns)   --->   "%and_ln304 = and i1 %empty, i1 %enable_read" [Control/control.cpp:304]   --->   Operation 353 'and' 'and_ln304' <Predicate = true> <Delay = 0.28> <CoreInst = "LogicGate">   --->   Core 74 'LogicGate' <Latency = 0> <II = 1> <Delay = 0.28> <FuncUnit> <Opcode : 'and' 'or' 'xor'> <InPorts = 2> <OutPorts = 1>
ST_1 : Operation 354 [1/1] (0.00ns)   --->   "%write_ln304 = write void @_ssdm_op_Write.ap_none.i1P0A, i1 %d_o_valid, i1 %and_ln304" [Control/control.cpp:304]   --->   Operation 354 'write' 'write_ln304' <Predicate = true> <Delay = 0.00>
ST_1 : Operation 355 [1/1] (0.00ns)   --->   "%write_ln305 = write void @_ssdm_op_Write.ap_none.i4P0A, i4 %d_o_strb, i4 15" [Control/control.cpp:305]   --->   Operation 355 'write' 'write_ln305' <Predicate = true> <Delay = 0.00>
ST_1 : Operation 356 [1/1] (0.00ns)   --->   "%write_ln307 = write void @_ssdm_op_Write.ap_auto.i11P0A, i11 %f_cnt, i11 %phi_ln186" [Control/control.cpp:307]   --->   Operation 356 'write' 'write_ln307' <Predicate = true> <Delay = 0.00>
ST_1 : Operation 357 [1/1] (0.00ns)   --->   "%write_ln308 = write void @_ssdm_op_Write.ap_auto.i1P0A, i1 %f_valid, i1 %empty" [Control/control.cpp:308]   --->   Operation 357 'write' 'write_ln308' <Predicate = true> <Delay = 0.00>
ST_1 : Operation 358 [1/1] (0.00ns)   --->   "%br_ln297 = br i1 %or_ln297, void %if.end161.new, void %mergeST4" [Control/control.cpp:297]   --->   Operation 358 'br' 'br_ln297' <Predicate = true> <Delay = 0.00>
ST_1 : Operation 359 [1/1] (0.00ns)   --->   "%store_ln145 = store i1 %slave_done2_read, i1 %slave_done2_seen" [Control/control.cpp:145]   --->   Operation 359 'store' 'store_ln145' <Predicate = (or_ln297)> <Delay = 0.00>
ST_1 : Operation 360 [1/1] (0.00ns)   --->   "%br_ln0 = br void %if.end161.new"   --->   Operation 360 'br' 'br_ln0' <Predicate = (or_ln297)> <Delay = 0.00>
ST_1 : Operation 361 [1/1] (0.00ns)   --->   "%ret_ln309 = ret" [Control/control.cpp:309]   --->   Operation 361 'ret' 'ret_ln309' <Predicate = true> <Delay = 0.00>


============================================================
+ Verbose Summary: Timing violations
============================================================
Target clock period: 10ns, clock uncertainty: 2.7ns.

 <State 1>: 3.24ns
The critical path consists of the following:
	fifo read operation ('buffer_1_rd3_read', Control/control.cpp:276) on port 'buffer_1_rd3' (Control/control.cpp:276) [207]  (1.64 ns)
	multiplexor before 'phi' operation ('tmp', Control/control.cpp:255) with incoming values : ('buffer_1_rd3_read', Control/control.cpp:276) ('buffer_1_rd2_read', Control/control.cpp:269) ('buffer_1_rd1_read', Control/control.cpp:262) ('buffer_1_rd_read', Control/control.cpp:255) [237]  (0.525 ns)
	'phi' operation ('tmp', Control/control.cpp:255) with incoming values : ('buffer_1_rd3_read', Control/control.cpp:276) ('buffer_1_rd2_read', Control/control.cpp:269) ('buffer_1_rd1_read', Control/control.cpp:262) ('buffer_1_rd_read', Control/control.cpp:255) [237]  (0 ns)
	'store' operation ('store_ln283', Control/control.cpp:283) of variable 'tmp', Control/control.cpp:255 on static variable 'r_acc_V' [247]  (0.427 ns)
	blocking operation 0.648 ns on control path)


============================================================
+ Verbose Summary: Binding
============================================================
N/A
* FSMD analyzer results:
  - Output states:
 - Input state : 
  - Chain level:
	State 1


============================================================
+ Verbose Summary: Datapath Resource usage 
============================================================
N/A
